timestamp,algorithm,kHops,p2pRqsRadius,taxiCount,clientCount,taxiSeatCount,p2pStrategy,p2pOverlayMinNeighbors,p2pOverlayMaxNeighbors,p2pOverlayShortcuts,idleRoamingEnabled,idleRoamingStrategy,idleRoamingMode,spawnScenario,runIndex,worldSeed,metric,min,max,avg,sum,count,spread
2026-05-26T11:25:43.395189300Z,TaxiAlgorithmP2PCollector,0,1000,60,800,1,nearest,1,4,0,false,none,none,BASELINE,1,116264426,Taxi Travel Distance [km],10.94,173.94,66.58,3994.63,60,163.0
2026-05-26T11:25:43.395189300Z,TaxiAlgorithmP2PCollector,0,1000,60,800,1,nearest,1,4,0,false,none,none,BASELINE,1,116264426,Client Waiting Time [min],0.07,117.03,9.98,7335.65,735,116.96000000000001
2026-05-26T11:25:43.395189300Z,TaxiAlgorithmP2PCollector,0,1000,60,800,1,nearest,1,4,0,false,none,none,BASELINE,1,116264426,Client Travel Time [min],29.0,7125.0,973.56,778845.0,800,7096.0
2026-05-26T11:25:43.395189300Z,TaxiAlgorithmP2PCollector,0,1000,60,800,1,nearest,1,4,0,false,none,none,BASELINE,1,116264426,Calculation Time [millis],0.0,12.0,0.21,9966.0,46494,12.0
2026-05-26T11:25:43.395189300Z,TaxiAlgorithmP2PCollector,0,1000,60,800,1,nearest,1,4,0,false,none,none,BASELINE,1,116264426,Custom Time [micros],0.0,0.0,0.0,0.0,46494,0.0
2026-05-26T11:25:53.206295600Z,TaxiAlgorithmP2PCollector,0,1000,60,800,1,nearest,1,4,0,false,none,none,RUSH_HOUR,1,116264426,Taxi Travel Distance [km],14.94,145.41,73.29,4397.32,60,130.47
2026-05-26T11:25:53.206295600Z,TaxiAlgorithmP2PCollector,0,1000,60,800,1,nearest,1,4,0,false,none,none,RUSH_HOUR,1,116264426,Client Waiting Time [min],0.05,97.12,6.6,5166.13,783,97.07000000000001
2026-05-26T11:25:53.206295600Z,TaxiAlgorithmP2PCollector,0,1000,60,800,1,nearest,1,4,0,false,none,none,RUSH_HOUR,1,116264426,Client Travel Time [min],36.0,5890.0,641.97,513572.0,800,5854.0
2026-05-26T11:25:53.206295600Z,TaxiAlgorithmP2PCollector,0,1000,60,800,1,nearest,1,4,0,false,none,none,RUSH_HOUR,1,116264426,Calculation Time [millis],0.0,4.0,0.22,9038.0,41546,4.0
2026-05-26T11:25:53.206295600Z,TaxiAlgorithmP2PCollector,0,1000,60,800,1,nearest,1,4,0,false,none,none,RUSH_HOUR,1,116264426,Custom Time [micros],0.0,0.0,0.0,0.0,41546,0.0
2026-05-26T11:26:03.118222400Z,TaxiAlgorithmP2PCollector,0,1000,60,800,1,nearest,1,4,0,false,none,none,SPATIAL_IMBALANCE,1,116264426,Taxi Travel Distance [km],0.0,119.77,34.57,2074.1,60,119.77
2026-05-26T11:26:03.118222400Z,TaxiAlgorithmP2PCollector,0,1000,60,800,1,nearest,1,4,0,false,none,none,SPATIAL_IMBALANCE,1,116264426,Client Waiting Time [min],0.07,123.17,31.0,16773.22,541,123.10000000000001
2026-05-26T11:26:03.118222400Z,TaxiAlgorithmP2PCollector,0,1000,60,800,1,nearest,1,4,0,false,none,none,SPATIAL_IMBALANCE,1,116264426,Client Travel Time [min],29.0,7413.0,2262.32,1809859.0,800,7384.0
2026-05-26T11:26:03.118222400Z,TaxiAlgorithmP2PCollector,0,1000,60,800,1,nearest,1,4,0,false,none,none,SPATIAL_IMBALANCE,1,116264426,Calculation Time [millis],0.0,3.0,0.2,9275.0,45436,3.0
2026-05-26T11:26:03.118222400Z,TaxiAlgorithmP2PCollector,0,1000,60,800,1,nearest,1,4,0,false,none,none,SPATIAL_IMBALANCE,1,116264426,Custom Time [micros],0.0,0.0,0.0,0.0,45436,0.0
2026-05-26T11:26:15.318294Z,TaxiAlgorithmP2PCollector,0,1000,60,800,1,nearest,1,4,0,false,none,none,SPATIAL_ISLANDS,1,116264426,Taxi Travel Distance [km],0.0,102.78,27.33,1639.98,60,102.78
2026-05-26T11:26:15.318294Z,TaxiAlgorithmP2PCollector,0,1000,60,800,1,nearest,1,4,0,false,none,none,SPATIAL_ISLANDS,1,116264426,Client Waiting Time [min],0.12,122.12,38.72,16377.8,423,122.0
2026-05-26T11:26:15.318294Z,TaxiAlgorithmP2PCollector,0,1000,60,800,1,nearest,1,4,0,false,none,none,SPATIAL_ISLANDS,1,116264426,Client Travel Time [min],41.0,8872.0,3155.72,2524579.0,800,8831.0
2026-05-26T11:26:15.318294Z,TaxiAlgorithmP2PCollector,0,1000,60,800,1,nearest,1,4,0,false,none,none,SPATIAL_ISLANDS,1,116264426,Calculation Time [millis],0.0,3.0,0.24,11431.0,47169,3.0
2026-05-26T11:26:15.318294Z,TaxiAlgorithmP2PCollector,0,1000,60,800,1,nearest,1,4,0,false,none,none,SPATIAL_ISLANDS,1,116264426,Custom Time [micros],0.0,0.0,0.0,0.0,47169,0.0
2026-05-26T11:26:32.139099300Z,TaxiAlgorithmP2PCollector,0,1000,60,800,1,nearest,1,4,0,true,return-to-hq,return-to-hq,BASELINE,1,116264426,Taxi Travel Distance [km],292.09,397.82,332.79,19967.57,60,105.73000000000002
2026-05-26T11:26:32.139099300Z,TaxiAlgorithmP2PCollector,0,1000,60,800,1,nearest,1,4,0,true,return-to-hq,return-to-hq,BASELINE,1,116264426,Client Waiting Time [min],0.05,10.38,1.0,803.58,800,10.33
2026-05-26T11:26:32.139099300Z,TaxiAlgorithmP2PCollector,0,1000,60,800,1,nearest,1,4,0,true,return-to-hq,return-to-hq,BASELINE,1,116264426,Client Travel Time [min],30.0,984.0,291.58,233261.0,800,954.0
2026-05-26T11:26:32.139099300Z,TaxiAlgorithmP2PCollector,0,1000,60,800,1,nearest,1,4,0,true,return-to-hq,return-to-hq,BASELINE,1,116264426,Calculation Time [millis],0.0,5.0,0.4,16205.0,40371,5.0
2026-05-26T11:26:32.139099300Z,TaxiAlgorithmP2PCollector,0,1000,60,800,1,nearest,1,4,0,true,return-to-hq,return-to-hq,BASELINE,1,116264426,Custom Time [micros],0.0,0.0,0.0,0.0,40371,0.0
2026-05-26T11:26:44.095903500Z,TaxiAlgorithmP2PCollector,0,1000,60,800,1,nearest,1,4,0,true,return-to-hq,return-to-hq,RUSH_HOUR,1,116264426,Taxi Travel Distance [km],0.5,477.74,68.56,4113.4,60,477.24
2026-05-26T11:26:44.095903500Z,TaxiAlgorithmP2PCollector,0,1000,60,800,1,nearest,1,4,0,true,return-to-hq,return-to-hq,RUSH_HOUR,1,116264426,Client Waiting Time [min],0.13,125.9,21.78,15355.82,705,125.77000000000001
2026-05-26T11:26:44.095903500Z,TaxiAlgorithmP2PCollector,0,1000,60,800,1,nearest,1,4,0,true,return-to-hq,return-to-hq,RUSH_HOUR,1,116264426,Client Travel Time [min],52.0,7568.0,1631.73,1305386.0,800,7516.0
2026-05-26T11:26:44.095903500Z,TaxiAlgorithmP2PCollector,0,1000,60,800,1,nearest,1,4,0,true,return-to-hq,return-to-hq,RUSH_HOUR,1,116264426,Calculation Time [millis],0.0,6.0,0.25,11209.0,45211,6.0
2026-05-26T11:26:44.095903500Z,TaxiAlgorithmP2PCollector,0,1000,60,800,1,nearest,1,4,0,true,return-to-hq,return-to-hq,RUSH_HOUR,1,116264426,Custom Time [micros],0.0,0.0,0.0,0.0,45211,0.0
2026-05-26T11:26:54.853415300Z,TaxiAlgorithmP2PCollector,0,1000,60,800,1,nearest,1,4,0,true,return-to-hq,return-to-hq,SPATIAL_IMBALANCE,1,116264426,Taxi Travel Distance [km],1.57,595.79,88.59,5315.65,60,594.2199999999999
2026-05-26T11:26:54.853415300Z,TaxiAlgorithmP2PCollector,0,1000,60,800,1,nearest,1,4,0,true,return-to-hq,return-to-hq,SPATIAL_IMBALANCE,1,116264426,Client Waiting Time [min],0.05,86.22,8.97,6892.03,768,86.17
2026-05-26T11:26:54.853415300Z,TaxiAlgorithmP2PCollector,0,1000,60,800,1,nearest,1,4,0,true,return-to-hq,return-to-hq,SPATIAL_IMBALANCE,1,116264426,Client Travel Time [min],30.0,5346.0,765.6,612480.0,800,5316.0
2026-05-26T11:26:54.853415300Z,TaxiAlgorithmP2PCollector,0,1000,60,800,1,nearest,1,4,0,true,return-to-hq,return-to-hq,SPATIAL_IMBALANCE,1,116264426,Calculation Time [millis],0.0,3.0,0.23,10100.0,44692,3.0
2026-05-26T11:26:54.853415300Z,TaxiAlgorithmP2PCollector,0,1000,60,800,1,nearest,1,4,0,true,return-to-hq,return-to-hq,SPATIAL_IMBALANCE,1,116264426,Custom Time [micros],0.0,0.0,0.0,0.0,44692,0.0
2026-05-26T11:27:06.454036100Z,TaxiAlgorithmP2PCollector,0,1000,60,800,1,nearest,1,4,0,true,return-to-hq,return-to-hq,SPATIAL_ISLANDS,1,116264426,Taxi Travel Distance [km],0.35,521.48,101.89,6113.26,60,521.13
2026-05-26T11:27:06.454036100Z,TaxiAlgorithmP2PCollector,0,1000,60,800,1,nearest,1,4,0,true,return-to-hq,return-to-hq,SPATIAL_ISLANDS,1,116264426,Client Waiting Time [min],0.03,106.32,3.31,2575.67,777,106.28999999999999
2026-05-26T11:27:06.454036100Z,TaxiAlgorithmP2PCollector,0,1000,60,800,1,nearest,1,4,0,true,return-to-hq,return-to-hq,SPATIAL_ISLANDS,1,116264426,Client Travel Time [min],34.0,6421.0,474.15,379318.0,800,6387.0
2026-05-26T11:27:06.454036100Z,TaxiAlgorithmP2PCollector,0,1000,60,800,1,nearest,1,4,0,true,return-to-hq,return-to-hq,SPATIAL_ISLANDS,1,116264426,Calculation Time [millis],0.0,4.0,0.24,10916.0,45150,4.0
2026-05-26T11:27:06.454036100Z,TaxiAlgorithmP2PCollector,0,1000,60,800,1,nearest,1,4,0,true,return-to-hq,return-to-hq,SPATIAL_ISLANDS,1,116264426,Custom Time [micros],0.0,0.0,0.0,0.0,45150,0.0
2026-05-26T11:27:14.957456Z,TaxiAlgorithmP2PCollector,0,1000,60,800,1,nearest,1,4,0,true,past-avg,past-avg,BASELINE,1,116264426,Taxi Travel Distance [km],25.95,292.88,153.13,9187.63,60,266.93
2026-05-26T11:27:14.957456Z,TaxiAlgorithmP2PCollector,0,1000,60,800,1,nearest,1,4,0,true,past-avg,past-avg,BASELINE,1,116264426,Client Waiting Time [min],0.05,19.92,1.24,993.97,800,19.87
2026-05-26T11:27:14.957456Z,TaxiAlgorithmP2PCollector,0,1000,60,800,1,nearest,1,4,0,true,past-avg,past-avg,BASELINE,1,116264426,Client Travel Time [min],28.0,1422.0,305.07,244059.0,800,1394.0
2026-05-26T11:27:14.957456Z,TaxiAlgorithmP2PCollector,0,1000,60,800,1,nearest,1,4,0,true,past-avg,past-avg,BASELINE,1,116264426,Calculation Time [millis],0.0,5.0,0.2,7968.0,40558,5.0
2026-05-26T11:27:14.957456Z,TaxiAlgorithmP2PCollector,0,1000,60,800,1,nearest,1,4,0,true,past-avg,past-avg,BASELINE,1,116264426,Custom Time [micros],0.0,0.0,0.0,0.0,40558,0.0
2026-05-26T11:27:26.397664Z,TaxiAlgorithmP2PCollector,0,1000,60,800,1,nearest,1,4,0,true,past-avg,past-avg,RUSH_HOUR,1,116264426,Taxi Travel Distance [km],18.03,271.3,144.54,8672.41,60,253.27
2026-05-26T11:27:26.397664Z,TaxiAlgorithmP2PCollector,0,1000,60,800,1,nearest,1,4,0,true,past-avg,past-avg,RUSH_HOUR,1,116264426,Client Waiting Time [min],0.05,61.68,2.8,2232.12,797,61.63
2026-05-26T11:27:26.397664Z,TaxiAlgorithmP2PCollector,0,1000,60,800,1,nearest,1,4,0,true,past-avg,past-avg,RUSH_HOUR,1,116264426,Client Travel Time [min],45.0,3866.0,400.63,320501.0,800,3821.0
2026-05-26T11:27:26.397664Z,TaxiAlgorithmP2PCollector,0,1000,60,800,1,nearest,1,4,0,true,past-avg,past-avg,RUSH_HOUR,1,116264426,Calculation Time [millis],0.0,8.0,0.27,10858.0,40489,8.0
2026-05-26T11:27:26.397664Z,TaxiAlgorithmP2PCollector,0,1000,60,800,1,nearest,1,4,0,true,past-avg,past-avg,RUSH_HOUR,1,116264426,Custom Time [micros],0.0,0.0,0.0,0.0,40489,0.0
2026-05-26T11:27:35.154944100Z,TaxiAlgorithmP2PCollector,0,1000,60,800,1,nearest,1,4,0,true,past-avg,past-avg,SPATIAL_IMBALANCE,1,116264426,Taxi Travel Distance [km],25.62,376.91,151.6,9096.07,60,351.29
2026-05-26T11:27:35.154944100Z,TaxiAlgorithmP2PCollector,0,1000,60,800,1,nearest,1,4,0,true,past-avg,past-avg,SPATIAL_IMBALANCE,1,116264426,Client Waiting Time [min],0.05,25.48,1.03,818.55,798,25.43
2026-05-26T11:27:35.154944100Z,TaxiAlgorithmP2PCollector,0,1000,60,800,1,nearest,1,4,0,true,past-avg,past-avg,SPATIAL_IMBALANCE,1,116264426,Client Travel Time [min],29.0,1885.0,263.35,210678.0,800,1856.0
2026-05-26T11:27:35.154944100Z,TaxiAlgorithmP2PCollector,0,1000,60,800,1,nearest,1,4,0,true,past-avg,past-avg,SPATIAL_IMBALANCE,1,116264426,Calculation Time [millis],0.0,7.0,0.2,8142.0,40996,7.0
2026-05-26T11:27:35.154944100Z,TaxiAlgorithmP2PCollector,0,1000,60,800,1,nearest,1,4,0,true,past-avg,past-avg,SPATIAL_IMBALANCE,1,116264426,Custom Time [micros],0.0,0.0,0.0,0.0,40996,0.0
2026-05-26T11:27:42.292168500Z,TaxiAlgorithmP2PCollector,0,1000,60,800,1,nearest,1,4,0,true,past-avg,past-avg,SPATIAL_ISLANDS,1,116264426,Taxi Travel Distance [km],12.52,425.74,140.73,8443.69,60,413.22
2026-05-26T11:27:42.292168500Z,TaxiAlgorithmP2PCollector,0,1000,60,800,1,nearest,1,4,0,true,past-avg,past-avg,SPATIAL_ISLANDS,1,116264426,Client Waiting Time [min],0.07,48.85,1.09,871.0,798,48.78
2026-05-26T11:27:42.292168500Z,TaxiAlgorithmP2PCollector,0,1000,60,800,1,nearest,1,4,0,true,past-avg,past-avg,SPATIAL_ISLANDS,1,116264426,Client Travel Time [min],15.0,3124.0,291.3,233036.0,800,3109.0
2026-05-26T11:27:42.292168500Z,TaxiAlgorithmP2PCollector,0,1000,60,800,1,nearest,1,4,0,true,past-avg,past-avg,SPATIAL_ISLANDS,1,116264426,Calculation Time [millis],0.0,4.0,0.16,6636.0,40337,4.0
2026-05-26T11:27:42.292168500Z,TaxiAlgorithmP2PCollector,0,1000,60,800,1,nearest,1,4,0,true,past-avg,past-avg,SPATIAL_ISLANDS,1,116264426,Custom Time [micros],0.0,0.0,0.0,0.0,40337,0.0
2026-05-26T11:27:58.801698200Z,TaxiAlgorithmP2PCollector,0,1000,60,800,1,nearest,1,4,1,false,none,none,BASELINE,1,116264426,Taxi Travel Distance [km],10.94,173.94,66.57,3994.38,60,163.0
2026-05-26T11:27:58.801698200Z,TaxiAlgorithmP2PCollector,0,1000,60,800,1,nearest,1,4,1,false,none,none,BASELINE,1,116264426,Client Waiting Time [min],0.07,117.03,9.98,7335.4,735,116.96000000000001
2026-05-26T11:27:58.801698200Z,TaxiAlgorithmP2PCollector,0,1000,60,800,1,nearest,1,4,1,false,none,none,BASELINE,1,116264426,Client Travel Time [min],29.0,7125.0,973.54,778830.0,800,7096.0
2026-05-26T11:27:58.801698200Z,TaxiAlgorithmP2PCollector,0,1000,60,800,1,nearest,1,4,1,false,none,none,BASELINE,1,116264426,Calculation Time [millis],0.0,6.0,0.34,15766.0,46494,6.0
2026-05-26T11:27:58.801698200Z,TaxiAlgorithmP2PCollector,0,1000,60,800,1,nearest,1,4,1,false,none,none,BASELINE,1,116264426,Custom Time [micros],0.0,0.0,0.0,0.0,46494,0.0
2026-05-26T11:28:13.519592500Z,TaxiAlgorithmP2PCollector,0,1000,60,800,1,nearest,1,4,1,false,none,none,RUSH_HOUR,1,116264426,Taxi Travel Distance [km],14.94,145.41,73.29,4397.32,60,130.47
2026-05-26T11:28:13.519592500Z,TaxiAlgorithmP2PCollector,0,1000,60,800,1,nearest,1,4,1,false,none,none,RUSH_HOUR,1,116264426,Client Waiting Time [min],0.05,97.12,6.6,5166.13,783,97.07000000000001
2026-05-26T11:28:13.519592500Z,TaxiAlgorithmP2PCollector,0,1000,60,800,1,nearest,1,4,1,false,none,none,RUSH_HOUR,1,116264426,Client Travel Time [min],36.0,5890.0,641.97,513572.0,800,5854.0
2026-05-26T11:28:13.519592500Z,TaxiAlgorithmP2PCollector,0,1000,60,800,1,nearest,1,4,1,false,none,none,RUSH_HOUR,1,116264426,Calculation Time [millis],0.0,4.0,0.34,14123.0,41546,4.0
2026-05-26T11:28:13.519592500Z,TaxiAlgorithmP2PCollector,0,1000,60,800,1,nearest,1,4,1,false,none,none,RUSH_HOUR,1,116264426,Custom Time [micros],0.0,0.0,0.0,0.0,41546,0.0
2026-05-26T11:28:30.238386700Z,TaxiAlgorithmP2PCollector,0,1000,60,800,1,nearest,1,4,1,false,none,none,SPATIAL_IMBALANCE,1,116264426,Taxi Travel Distance [km],0.0,119.77,34.57,2074.1,60,119.77
2026-05-26T11:28:30.238386700Z,TaxiAlgorithmP2PCollector,0,1000,60,800,1,nearest,1,4,1,false,none,none,SPATIAL_IMBALANCE,1,116264426,Client Waiting Time [min],0.07,123.17,31.0,16773.22,541,123.10000000000001
2026-05-26T11:28:30.238386700Z,TaxiAlgorithmP2PCollector,0,1000,60,800,1,nearest,1,4,1,false,none,none,SPATIAL_IMBALANCE,1,116264426,Client Travel Time [min],29.0,7413.0,2262.32,1809859.0,800,7384.0
2026-05-26T11:28:30.238386700Z,TaxiAlgorithmP2PCollector,0,1000,60,800,1,nearest,1,4,1,false,none,none,SPATIAL_IMBALANCE,1,116264426,Calculation Time [millis],0.0,5.0,0.35,15872.0,45436,5.0
2026-05-26T11:28:30.238386700Z,TaxiAlgorithmP2PCollector,0,1000,60,800,1,nearest,1,4,1,false,none,none,SPATIAL_IMBALANCE,1,116264426,Custom Time [micros],0.0,0.0,0.0,0.0,45436,0.0
2026-05-26T11:28:51.237387Z,TaxiAlgorithmP2PCollector,0,1000,60,800,1,nearest,1,4,1,false,none,none,SPATIAL_ISLANDS,1,116264426,Taxi Travel Distance [km],0.0,84.55,26.74,1604.68,60,84.55
2026-05-26T11:28:51.237387Z,TaxiAlgorithmP2PCollector,0,1000,60,800,1,nearest,1,4,1,false,none,none,SPATIAL_ISLANDS,1,116264426,Client Waiting Time [min],0.03,128.77,39.67,16541.02,417,128.74
2026-05-26T11:28:51.237387Z,TaxiAlgorithmP2PCollector,0,1000,60,800,1,nearest,1,4,1,false,none,none,SPATIAL_ISLANDS,1,116264426,Client Travel Time [min],38.0,8872.0,3186.05,2548839.0,800,8834.0
2026-05-26T11:28:51.237387Z,TaxiAlgorithmP2PCollector,0,1000,60,800,1,nearest,1,4,1,false,none,none,SPATIAL_ISLANDS,1,116264426,Calculation Time [millis],0.0,228.0,0.42,19858.0,47169,228.0
2026-05-26T11:28:51.237387Z,TaxiAlgorithmP2PCollector,0,1000,60,800,1,nearest,1,4,1,false,none,none,SPATIAL_ISLANDS,1,116264426,Custom Time [micros],0.0,0.0,0.0,0.0,47169,0.0
2026-05-26T11:29:19.489296700Z,TaxiAlgorithmP2PCollector,0,1000,60,800,1,nearest,1,4,1,true,return-to-hq,return-to-hq,BASELINE,1,116264426,Taxi Travel Distance [km],281.06,384.34,320.54,19232.11,60,103.27999999999997
2026-05-26T11:29:19.489296700Z,TaxiAlgorithmP2PCollector,0,1000,60,800,1,nearest,1,4,1,true,return-to-hq,return-to-hq,BASELINE,1,116264426,Client Waiting Time [min],0.03,11.9,0.96,768.17,800,11.870000000000001
2026-05-26T11:29:19.489296700Z,TaxiAlgorithmP2PCollector,0,1000,60,800,1,nearest,1,4,1,true,return-to-hq,return-to-hq,BASELINE,1,116264426,Client Travel Time [min],26.0,969.0,289.03,231224.0,800,943.0
2026-05-26T11:29:19.489296700Z,TaxiAlgorithmP2PCollector,0,1000,60,800,1,nearest,1,4,1,true,return-to-hq,return-to-hq,BASELINE,1,116264426,Calculation Time [millis],0.0,11.0,0.68,27639.0,40378,11.0
2026-05-26T11:29:19.489296700Z,TaxiAlgorithmP2PCollector,0,1000,60,800,1,nearest,1,4,1,true,return-to-hq,return-to-hq,BASELINE,1,116264426,Custom Time [micros],0.0,0.0,0.0,0.0,40378,0.0
2026-05-26T11:29:35.901942300Z,TaxiAlgorithmP2PCollector,0,1000,60,800,1,nearest,1,4,1,true,return-to-hq,return-to-hq,RUSH_HOUR,1,116264426,Taxi Travel Distance [km],0.5,477.96,68.57,4114.02,60,477.46
2026-05-26T11:29:35.901942300Z,TaxiAlgorithmP2PCollector,0,1000,60,800,1,nearest,1,4,1,true,return-to-hq,return-to-hq,RUSH_HOUR,1,116264426,Client Waiting Time [min],0.13,112.85,21.77,15346.53,705,112.72
2026-05-26T11:29:35.901942300Z,TaxiAlgorithmP2PCollector,0,1000,60,800,1,nearest,1,4,1,true,return-to-hq,return-to-hq,RUSH_HOUR,1,116264426,Client Travel Time [min],52.0,7100.0,1631.11,1304887.0,800,7048.0
2026-05-26T11:29:35.901942300Z,TaxiAlgorithmP2PCollector,0,1000,60,800,1,nearest,1,4,1,true,return-to-hq,return-to-hq,RUSH_HOUR,1,116264426,Calculation Time [millis],0.0,8.0,0.35,15776.0,45211,8.0
2026-05-26T11:29:35.901942300Z,TaxiAlgorithmP2PCollector,0,1000,60,800,1,nearest,1,4,1,true,return-to-hq,return-to-hq,RUSH_HOUR,1,116264426,Custom Time [micros],0.0,0.0,0.0,0.0,45211,0.0
2026-05-26T11:29:52.849337300Z,TaxiAlgorithmP2PCollector,0,1000,60,800,1,nearest,1,4,1,true,return-to-hq,return-to-hq,SPATIAL_IMBALANCE,1,116264426,Taxi Travel Distance [km],1.57,625.33,88.52,5311.21,60,623.76
2026-05-26T11:29:52.849337300Z,TaxiAlgorithmP2PCollector,0,1000,60,800,1,nearest,1,4,1,true,return-to-hq,return-to-hq,SPATIAL_IMBALANCE,1,116264426,Client Waiting Time [min],0.05,86.22,9.01,6922.43,768,86.17
2026-05-26T11:29:52.849337300Z,TaxiAlgorithmP2PCollector,0,1000,60,800,1,nearest,1,4,1,true,return-to-hq,return-to-hq,SPATIAL_IMBALANCE,1,116264426,Client Travel Time [min],30.0,5346.0,767.76,614209.0,800,5316.0
2026-05-26T11:29:52.849337300Z,TaxiAlgorithmP2PCollector,0,1000,60,800,1,nearest,1,4,1,true,return-to-hq,return-to-hq,SPATIAL_IMBALANCE,1,116264426,Calculation Time [millis],0.0,6.0,0.36,16298.0,44692,6.0
2026-05-26T11:29:52.849337300Z,TaxiAlgorithmP2PCollector,0,1000,60,800,1,nearest,1,4,1,true,return-to-hq,return-to-hq,SPATIAL_IMBALANCE,1,116264426,Custom Time [micros],0.0,0.0,0.0,0.0,44692,0.0
2026-05-26T11:30:09.977842900Z,TaxiAlgorithmP2PCollector,0,1000,60,800,1,nearest,1,4,1,true,return-to-hq,return-to-hq,SPATIAL_ISLANDS,1,116264426,Taxi Travel Distance [km],0.35,504.79,102.04,6122.55,60,504.44
2026-05-26T11:30:09.977842900Z,TaxiAlgorithmP2PCollector,0,1000,60,800,1,nearest,1,4,1,true,return-to-hq,return-to-hq,SPATIAL_ISLANDS,1,116264426,Client Waiting Time [min],0.03,105.17,3.24,2517.62,777,105.14
2026-05-26T11:30:09.977842900Z,TaxiAlgorithmP2PCollector,0,1000,60,800,1,nearest,1,4,1,true,return-to-hq,return-to-hq,SPATIAL_ISLANDS,1,116264426,Client Travel Time [min],34.0,6355.0,470.02,376014.0,800,6321.0
2026-05-26T11:30:09.977842900Z,TaxiAlgorithmP2PCollector,0,1000,60,800,1,nearest,1,4,1,true,return-to-hq,return-to-hq,SPATIAL_ISLANDS,1,116264426,Calculation Time [millis],0.0,5.0,0.37,16514.0,45150,5.0
2026-05-26T11:30:09.977842900Z,TaxiAlgorithmP2PCollector,0,1000,60,800,1,nearest,1,4,1,true,return-to-hq,return-to-hq,SPATIAL_ISLANDS,1,116264426,Custom Time [micros],0.0,0.0,0.0,0.0,45150,0.0
2026-05-26T11:30:29.125834100Z,TaxiAlgorithmP2PCollector,0,1000,60,800,1,nearest,1,4,1,true,past-avg,past-avg,BASELINE,1,116264426,Taxi Travel Distance [km],15.92,298.76,165.46,9927.38,60,282.84
2026-05-26T11:30:29.125834100Z,TaxiAlgorithmP2PCollector,0,1000,60,800,1,nearest,1,4,1,true,past-avg,past-avg,BASELINE,1,116264426,Client Waiting Time [min],0.03,26.67,1.61,1289.18,799,26.64
2026-05-26T11:30:29.125834100Z,TaxiAlgorithmP2PCollector,0,1000,60,800,1,nearest,1,4,1,true,past-avg,past-avg,BASELINE,1,116264426,Client Travel Time [min],33.0,1826.0,326.95,261559.0,800,1793.0
2026-05-26T11:30:29.125834100Z,TaxiAlgorithmP2PCollector,0,1000,60,800,1,nearest,1,4,1,true,past-avg,past-avg,BASELINE,1,116264426,Calculation Time [millis],0.0,7.0,0.46,18556.0,40520,7.0
2026-05-26T11:30:29.125834100Z,TaxiAlgorithmP2PCollector,0,1000,60,800,1,nearest,1,4,1,true,past-avg,past-avg,BASELINE,1,116264426,Custom Time [micros],0.0,0.0,0.0,0.0,40520,0.0
2026-05-26T11:30:47.660182Z,TaxiAlgorithmP2PCollector,0,1000,60,800,1,nearest,1,4,1,true,past-avg,past-avg,RUSH_HOUR,1,116264426,Taxi Travel Distance [km],19.82,327.42,151.55,9093.13,60,307.6
2026-05-26T11:30:47.660182Z,TaxiAlgorithmP2PCollector,0,1000,60,800,1,nearest,1,4,1,true,past-avg,past-avg,RUSH_HOUR,1,116264426,Client Waiting Time [min],0.03,40.63,2.31,1848.73,800,40.6
2026-05-26T11:30:47.660182Z,TaxiAlgorithmP2PCollector,0,1000,60,800,1,nearest,1,4,1,true,past-avg,past-avg,RUSH_HOUR,1,116264426,Client Travel Time [min],31.0,2663.0,368.96,295169.0,800,2632.0
2026-05-26T11:30:47.660182Z,TaxiAlgorithmP2PCollector,0,1000,60,800,1,nearest,1,4,1,true,past-avg,past-avg,RUSH_HOUR,1,116264426,Calculation Time [millis],0.0,7.0,0.45,17973.0,40058,7.0
2026-05-26T11:30:47.660182Z,TaxiAlgorithmP2PCollector,0,1000,60,800,1,nearest,1,4,1,true,past-avg,past-avg,RUSH_HOUR,1,116264426,Custom Time [micros],0.0,0.0,0.0,0.0,40058,0.0
2026-05-26T11:31:00.900787300Z,TaxiAlgorithmP2PCollector,0,1000,60,800,1,nearest,1,4,1,true,past-avg,past-avg,SPATIAL_IMBALANCE,1,116264426,Taxi Travel Distance [km],34.09,360.82,145.08,8704.76,60,326.73
2026-05-26T11:31:00.900787300Z,TaxiAlgorithmP2PCollector,0,1000,60,800,1,nearest,1,4,1,true,past-avg,past-avg,SPATIAL_IMBALANCE,1,116264426,Client Waiting Time [min],0.03,55.87,1.01,807.75,798,55.839999999999996
2026-05-26T11:31:00.900787300Z,TaxiAlgorithmP2PCollector,0,1000,60,800,1,nearest,1,4,1,true,past-avg,past-avg,SPATIAL_IMBALANCE,1,116264426,Client Travel Time [min],28.0,3399.0,262.81,210247.0,800,3371.0
2026-05-26T11:31:00.900787300Z,TaxiAlgorithmP2PCollector,0,1000,60,800,1,nearest,1,4,1,true,past-avg,past-avg,SPATIAL_IMBALANCE,1,116264426,Calculation Time [millis],0.0,9.0,0.31,12662.0,41123,9.0
2026-05-26T11:31:00.900787300Z,TaxiAlgorithmP2PCollector,0,1000,60,800,1,nearest,1,4,1,true,past-avg,past-avg,SPATIAL_IMBALANCE,1,116264426,Custom Time [micros],0.0,0.0,0.0,0.0,41123,0.0
2026-05-26T11:31:15.966228700Z,TaxiAlgorithmP2PCollector,0,1000,60,800,1,nearest,1,4,1,true,past-avg,past-avg,SPATIAL_ISLANDS,1,116264426,Taxi Travel Distance [km],15.24,421.69,151.64,9098.33,60,406.45
2026-05-26T11:31:15.966228700Z,TaxiAlgorithmP2PCollector,0,1000,60,800,1,nearest,1,4,1,true,past-avg,past-avg,SPATIAL_ISLANDS,1,116264426,Client Waiting Time [min],0.05,25.88,0.85,679.28,797,25.83
2026-05-26T11:31:15.966228700Z,TaxiAlgorithmP2PCollector,0,1000,60,800,1,nearest,1,4,1,true,past-avg,past-avg,SPATIAL_ISLANDS,1,116264426,Client Travel Time [min],26.0,1785.0,277.82,222256.0,800,1759.0
2026-05-26T11:31:15.966228700Z,TaxiAlgorithmP2PCollector,0,1000,60,800,1,nearest,1,4,1,true,past-avg,past-avg,SPATIAL_ISLANDS,1,116264426,Calculation Time [millis],0.0,30.0,0.36,14327.0,40285,30.0
2026-05-26T11:31:15.966228700Z,TaxiAlgorithmP2PCollector,0,1000,60,800,1,nearest,1,4,1,true,past-avg,past-avg,SPATIAL_ISLANDS,1,116264426,Custom Time [micros],0.0,0.0,0.0,0.0,40285,0.0
2026-05-26T11:31:21.299939400Z,TaxiAlgorithmP2PCollector,0,2000,60,800,1,nearest,1,4,0,false,none,none,BASELINE,1,116264426,Taxi Travel Distance [km],0.0,322.17,86.03,5161.78,60,322.17
2026-05-26T11:31:21.299939400Z,TaxiAlgorithmP2PCollector,0,2000,60,800,1,nearest,1,4,0,false,none,none,BASELINE,1,116264426,Client Waiting Time [min],0.05,61.32,1.86,1487.3,799,61.27
2026-05-26T11:31:21.299939400Z,TaxiAlgorithmP2PCollector,0,2000,60,800,1,nearest,1,4,0,false,none,none,BASELINE,1,116264426,Client Travel Time [min],35.0,3783.0,342.88,274303.0,800,3748.0
2026-05-26T11:31:21.299939400Z,TaxiAlgorithmP2PCollector,0,2000,60,800,1,nearest,1,4,0,false,none,none,BASELINE,1,116264426,Calculation Time [millis],0.0,6.0,0.12,4800.0,40411,6.0
2026-05-26T11:31:21.299939400Z,TaxiAlgorithmP2PCollector,0,2000,60,800,1,nearest,1,4,0,false,none,none,BASELINE,1,116264426,Custom Time [micros],0.0,0.0,0.0,0.0,40411,0.0
2026-05-26T11:31:26.837986200Z,TaxiAlgorithmP2PCollector,0,2000,60,800,1,nearest,1,4,0,false,none,none,RUSH_HOUR,1,116264426,Taxi Travel Distance [km],2.7,241.89,86.61,5196.42,60,239.19
2026-05-26T11:31:26.837986200Z,TaxiAlgorithmP2PCollector,0,2000,60,800,1,nearest,1,4,0,false,none,none,RUSH_HOUR,1,116264426,Client Waiting Time [min],0.08,51.47,1.67,1336.35,799,51.39
2026-05-26T11:31:26.837986200Z,TaxiAlgorithmP2PCollector,0,2000,60,800,1,nearest,1,4,0,false,none,none,RUSH_HOUR,1,116264426,Client Travel Time [min],36.0,3363.0,334.34,267468.0,800,3327.0
2026-05-26T11:31:26.837986200Z,TaxiAlgorithmP2PCollector,0,2000,60,800,1,nearest,1,4,0,false,none,none,RUSH_HOUR,1,116264426,Calculation Time [millis],0.0,3.0,0.13,5052.0,40118,3.0
2026-05-26T11:31:26.837986200Z,TaxiAlgorithmP2PCollector,0,2000,60,800,1,nearest,1,4,0,false,none,none,RUSH_HOUR,1,116264426,Custom Time [micros],0.0,0.0,0.0,0.0,40118,0.0
2026-05-26T11:31:37.276382400Z,TaxiAlgorithmP2PCollector,0,2000,60,800,1,nearest,1,4,0,false,none,none,SPATIAL_IMBALANCE,1,116264426,Taxi Travel Distance [km],0.0,283.59,63.6,3815.97,60,283.59
2026-05-26T11:31:37.276382400Z,TaxiAlgorithmP2PCollector,0,2000,60,800,1,nearest,1,4,0,false,none,none,SPATIAL_IMBALANCE,1,116264426,Client Waiting Time [min],0.08,83.27,15.87,11565.65,729,83.19
2026-05-26T11:31:37.276382400Z,TaxiAlgorithmP2PCollector,0,2000,60,800,1,nearest,1,4,0,false,none,none,SPATIAL_IMBALANCE,1,116264426,Client Travel Time [min],29.0,4997.0,1184.92,947935.0,800,4968.0
2026-05-26T11:31:37.276382400Z,TaxiAlgorithmP2PCollector,0,2000,60,800,1,nearest,1,4,0,false,none,none,SPATIAL_IMBALANCE,1,116264426,Calculation Time [millis],0.0,8.0,0.22,9778.0,44115,8.0
2026-05-26T11:31:37.276382400Z,TaxiAlgorithmP2PCollector,0,2000,60,800,1,nearest,1,4,0,false,none,none,SPATIAL_IMBALANCE,1,116264426,Custom Time [micros],0.0,0.0,0.0,0.0,44115,0.0
2026-05-26T11:31:49.882569100Z,TaxiAlgorithmP2PCollector,0,2000,60,800,1,nearest,1,4,0,false,none,none,SPATIAL_ISLANDS,1,116264426,Taxi Travel Distance [km],0.0,268.34,52.17,3130.47,60,268.34
2026-05-26T11:31:49.882569100Z,TaxiAlgorithmP2PCollector,0,2000,60,800,1,nearest,1,4,0,false,none,none,SPATIAL_ISLANDS,1,116264426,Client Waiting Time [min],0.27,119.4,25.08,14597.97,582,119.13000000000001
2026-05-26T11:31:49.882569100Z,TaxiAlgorithmP2PCollector,0,2000,60,800,1,nearest,1,4,0,false,none,none,SPATIAL_ISLANDS,1,116264426,Client Travel Time [min],59.0,8048.0,2185.49,1748394.0,800,7989.0
2026-05-26T11:31:49.882569100Z,TaxiAlgorithmP2PCollector,0,2000,60,800,1,nearest,1,4,0,false,none,none,SPATIAL_ISLANDS,1,116264426,Calculation Time [millis],0.0,15.0,0.26,11800.0,46261,15.0
2026-05-26T11:31:49.882569100Z,TaxiAlgorithmP2PCollector,0,2000,60,800,1,nearest,1,4,0,false,none,none,SPATIAL_ISLANDS,1,116264426,Custom Time [micros],0.0,0.0,0.0,0.0,46261,0.0
2026-05-26T11:31:54.571845600Z,TaxiAlgorithmP2PCollector,0,2000,60,800,1,nearest,1,4,0,true,return-to-hq,return-to-hq,BASELINE,1,116264426,Taxi Travel Distance [km],83.37,363.73,150.62,9036.93,60,280.36
2026-05-26T11:31:54.571845600Z,TaxiAlgorithmP2PCollector,0,2000,60,800,1,nearest,1,4,0,true,return-to-hq,return-to-hq,BASELINE,1,116264426,Client Waiting Time [min],0.07,10.87,1.07,855.15,800,10.799999999999999
2026-05-26T11:31:54.571845600Z,TaxiAlgorithmP2PCollector,0,2000,60,800,1,nearest,1,4,0,true,return-to-hq,return-to-hq,BASELINE,1,116264426,Client Travel Time [min],35.0,1038.0,296.51,237209.0,800,1003.0
2026-05-26T11:31:54.571845600Z,TaxiAlgorithmP2PCollector,0,2000,60,800,1,nearest,1,4,0,true,return-to-hq,return-to-hq,BASELINE,1,116264426,Calculation Time [millis],0.0,6.0,0.1,4188.0,40375,6.0
2026-05-26T11:31:54.571845600Z,TaxiAlgorithmP2PCollector,0,2000,60,800,1,nearest,1,4,0,true,return-to-hq,return-to-hq,BASELINE,1,116264426,Custom Time [micros],0.0,0.0,0.0,0.0,40375,0.0
2026-05-26T11:32:05.068596900Z,TaxiAlgorithmP2PCollector,0,2000,60,800,1,nearest,1,4,0,true,return-to-hq,return-to-hq,RUSH_HOUR,1,116264426,Taxi Travel Distance [km],1.57,555.24,91.99,5519.63,60,553.67
2026-05-26T11:32:05.068596900Z,TaxiAlgorithmP2PCollector,0,2000,60,800,1,nearest,1,4,0,true,return-to-hq,return-to-hq,RUSH_HOUR,1,116264426,Client Waiting Time [min],0.23,102.35,9.33,7220.12,774,102.11999999999999
2026-05-26T11:32:05.068596900Z,TaxiAlgorithmP2PCollector,0,2000,60,800,1,nearest,1,4,0,true,return-to-hq,return-to-hq,RUSH_HOUR,1,116264426,Client Travel Time [min],52.0,7100.0,822.93,658341.0,800,7048.0
2026-05-26T11:32:05.068596900Z,TaxiAlgorithmP2PCollector,0,2000,60,800,1,nearest,1,4,0,true,return-to-hq,return-to-hq,RUSH_HOUR,1,116264426,Calculation Time [millis],0.0,3.0,0.22,9897.0,44473,3.0
2026-05-26T11:32:05.068596900Z,TaxiAlgorithmP2PCollector,0,2000,60,800,1,nearest,1,4,0,true,return-to-hq,return-to-hq,RUSH_HOUR,1,116264426,Custom Time [micros],0.0,0.0,0.0,0.0,44473,0.0
2026-05-26T11:32:18.663365300Z,TaxiAlgorithmP2PCollector,0,2000,60,800,1,nearest,1,4,0,true,return-to-hq,return-to-hq,SPATIAL_IMBALANCE,1,116264426,Taxi Travel Distance [km],2.33,555.95,107.01,6420.77,60,553.62
2026-05-26T11:32:18.663365300Z,TaxiAlgorithmP2PCollector,0,2000,60,800,1,nearest,1,4,0,true,return-to-hq,return-to-hq,SPATIAL_IMBALANCE,1,116264426,Client Waiting Time [min],0.07,42.95,2.93,2335.15,796,42.88
2026-05-26T11:32:18.663365300Z,TaxiAlgorithmP2PCollector,0,2000,60,800,1,nearest,1,4,0,true,return-to-hq,return-to-hq,SPATIAL_IMBALANCE,1,116264426,Client Travel Time [min],31.0,2761.0,374.35,299481.0,800,2730.0
2026-05-26T11:32:18.663365300Z,TaxiAlgorithmP2PCollector,0,2000,60,800,1,nearest,1,4,0,true,return-to-hq,return-to-hq,SPATIAL_IMBALANCE,1,116264426,Calculation Time [millis],0.0,72.0,0.31,12361.0,40357,72.0
2026-05-26T11:32:18.663365300Z,TaxiAlgorithmP2PCollector,0,2000,60,800,1,nearest,1,4,0,true,return-to-hq,return-to-hq,SPATIAL_IMBALANCE,1,116264426,Custom Time [micros],0.0,0.0,0.0,0.0,40357,0.0
2026-05-26T11:32:23.910020300Z,TaxiAlgorithmP2PCollector,0,2000,60,800,1,nearest,1,4,0,true,return-to-hq,return-to-hq,SPATIAL_ISLANDS,1,116264426,Taxi Travel Distance [km],0.43,402.94,109.67,6580.46,60,402.51
2026-05-26T11:32:23.910020300Z,TaxiAlgorithmP2PCollector,0,2000,60,800,1,nearest,1,4,0,true,return-to-hq,return-to-hq,SPATIAL_ISLANDS,1,116264426,Client Waiting Time [min],0.05,24.63,1.17,931.65,798,24.58
2026-05-26T11:32:23.910020300Z,TaxiAlgorithmP2PCollector,0,2000,60,800,1,nearest,1,4,0,true,return-to-hq,return-to-hq,SPATIAL_ISLANDS,1,116264426,Client Travel Time [min],34.0,1843.0,296.17,236932.0,800,1809.0
2026-05-26T11:32:23.910020300Z,TaxiAlgorithmP2PCollector,0,2000,60,800,1,nearest,1,4,0,true,return-to-hq,return-to-hq,SPATIAL_ISLANDS,1,116264426,Calculation Time [millis],0.0,45.0,0.12,4681.0,40305,45.0
2026-05-26T11:32:23.910020300Z,TaxiAlgorithmP2PCollector,0,2000,60,800,1,nearest,1,4,0,true,return-to-hq,return-to-hq,SPATIAL_ISLANDS,1,116264426,Custom Time [micros],0.0,0.0,0.0,0.0,40305,0.0
2026-05-26T11:32:26.938419700Z,TaxiAlgorithmP2PCollector,0,2000,60,800,1,nearest,1,4,0,true,past-avg,past-avg,BASELINE,1,116264426,Taxi Travel Distance [km],13.75,322.69,120.75,7245.28,60,308.94
2026-05-26T11:32:26.938419700Z,TaxiAlgorithmP2PCollector,0,2000,60,800,1,nearest,1,4,0,true,past-avg,past-avg,BASELINE,1,116264426,Client Waiting Time [min],0.07,8.95,1.06,847.3,800,8.879999999999999
2026-05-26T11:32:26.938419700Z,TaxiAlgorithmP2PCollector,0,2000,60,800,1,nearest,1,4,0,true,past-avg,past-avg,BASELINE,1,116264426,Client Travel Time [min],36.0,680.0,295.95,236762.0,800,644.0
2026-05-26T11:32:26.938419700Z,TaxiAlgorithmP2PCollector,0,2000,60,800,1,nearest,1,4,0,true,past-avg,past-avg,BASELINE,1,116264426,Calculation Time [millis],0.0,8.0,0.06,2479.0,40411,8.0
2026-05-26T11:32:26.938419700Z,TaxiAlgorithmP2PCollector,0,2000,60,800,1,nearest,1,4,0,true,past-avg,past-avg,BASELINE,1,116264426,Custom Time [micros],0.0,0.0,0.0,0.0,40411,0.0
2026-05-26T11:32:34.262194200Z,TaxiAlgorithmP2PCollector,0,2000,60,800,1,nearest,1,4,0,true,past-avg,past-avg,RUSH_HOUR,1,116264426,Taxi Travel Distance [km],11.74,262.15,127.16,7629.63,60,250.40999999999997
2026-05-26T11:32:34.262194200Z,TaxiAlgorithmP2PCollector,0,2000,60,800,1,nearest,1,4,0,true,past-avg,past-avg,RUSH_HOUR,1,116264426,Client Waiting Time [min],0.07,24.1,1.2,956.38,800,24.03
2026-05-26T11:32:34.262194200Z,TaxiAlgorithmP2PCollector,0,2000,60,800,1,nearest,1,4,0,true,past-avg,past-avg,RUSH_HOUR,1,116264426,Client Travel Time [min],36.0,1641.0,307.06,245649.0,800,1605.0
2026-05-26T11:32:34.262194200Z,TaxiAlgorithmP2PCollector,0,2000,60,800,1,nearest,1,4,0,true,past-avg,past-avg,RUSH_HOUR,1,116264426,Calculation Time [millis],0.0,177.0,0.16,6431.0,40101,177.0
2026-05-26T11:32:34.262194200Z,TaxiAlgorithmP2PCollector,0,2000,60,800,1,nearest,1,4,0,true,past-avg,past-avg,RUSH_HOUR,1,116264426,Custom Time [micros],0.0,0.0,0.0,0.0,40101,0.0
2026-05-26T11:32:36.522370600Z,TaxiAlgorithmP2PCollector,0,2000,60,800,1,nearest,1,4,0,true,past-avg,past-avg,SPATIAL_IMBALANCE,1,116264426,Taxi Travel Distance [km],8.31,285.49,113.03,6781.55,60,277.18
2026-05-26T11:32:36.522370600Z,TaxiAlgorithmP2PCollector,0,2000,60,800,1,nearest,1,4,0,true,past-avg,past-avg,SPATIAL_IMBALANCE,1,116264426,Client Waiting Time [min],0.07,12.5,0.99,793.7,800,12.43
2026-05-26T11:32:36.522370600Z,TaxiAlgorithmP2PCollector,0,2000,60,800,1,nearest,1,4,0,true,past-avg,past-avg,SPATIAL_IMBALANCE,1,116264426,Client Travel Time [min],26.0,1114.0,260.55,208437.0,800,1088.0
2026-05-26T11:32:36.522370600Z,TaxiAlgorithmP2PCollector,0,2000,60,800,1,nearest,1,4,0,true,past-avg,past-avg,SPATIAL_IMBALANCE,1,116264426,Calculation Time [millis],0.0,4.0,0.04,1783.0,40329,4.0
2026-05-26T11:32:36.522370600Z,TaxiAlgorithmP2PCollector,0,2000,60,800,1,nearest,1,4,0,true,past-avg,past-avg,SPATIAL_IMBALANCE,1,116264426,Custom Time [micros],0.0,0.0,0.0,0.0,40329,0.0
2026-05-26T11:32:38.713911200Z,TaxiAlgorithmP2PCollector,0,2000,60,800,1,nearest,1,4,0,true,past-avg,past-avg,SPATIAL_ISLANDS,1,116264426,Taxi Travel Distance [km],16.99,285.62,125.59,7535.46,60,268.63
2026-05-26T11:32:38.713911200Z,TaxiAlgorithmP2PCollector,0,2000,60,800,1,nearest,1,4,0,true,past-avg,past-avg,SPATIAL_ISLANDS,1,116264426,Client Waiting Time [min],0.1,7.0,1.01,811.78,800,6.9
2026-05-26T11:32:38.713911200Z,TaxiAlgorithmP2PCollector,0,2000,60,800,1,nearest,1,4,0,true,past-avg,past-avg,SPATIAL_ISLANDS,1,116264426,Client Travel Time [min],30.0,649.0,287.22,229778.0,800,619.0
2026-05-26T11:32:38.713911200Z,TaxiAlgorithmP2PCollector,0,2000,60,800,1,nearest,1,4,0,true,past-avg,past-avg,SPATIAL_ISLANDS,1,116264426,Calculation Time [millis],0.0,3.0,0.04,1679.0,40343,3.0
2026-05-26T11:32:38.713911200Z,TaxiAlgorithmP2PCollector,0,2000,60,800,1,nearest,1,4,0,true,past-avg,past-avg,SPATIAL_ISLANDS,1,116264426,Custom Time [micros],0.0,0.0,0.0,0.0,40343,0.0
2026-05-26T11:32:47.126404100Z,TaxiAlgorithmP2PCollector,0,2000,60,800,1,nearest,1,4,1,false,none,none,BASELINE,1,116264426,Taxi Travel Distance [km],0.0,318.81,85.84,5150.48,60,318.81
2026-05-26T11:32:47.126404100Z,TaxiAlgorithmP2PCollector,0,2000,60,800,1,nearest,1,4,1,false,none,none,BASELINE,1,116264426,Client Waiting Time [min],0.05,61.32,1.82,1454.48,799,61.27
2026-05-26T11:32:47.126404100Z,TaxiAlgorithmP2PCollector,0,2000,60,800,1,nearest,1,4,1,false,none,none,BASELINE,1,116264426,Client Travel Time [min],35.0,3783.0,340.5,272399.0,800,3748.0
2026-05-26T11:32:47.126404100Z,TaxiAlgorithmP2PCollector,0,2000,60,800,1,nearest,1,4,1,false,none,none,BASELINE,1,116264426,Calculation Time [millis],0.0,5.0,0.19,7870.0,40411,5.0
2026-05-26T11:32:47.126404100Z,TaxiAlgorithmP2PCollector,0,2000,60,800,1,nearest,1,4,1,false,none,none,BASELINE,1,116264426,Custom Time [micros],0.0,0.0,0.0,0.0,40411,0.0
2026-05-26T11:32:59.025003500Z,TaxiAlgorithmP2PCollector,0,2000,60,800,1,nearest,1,4,1,false,none,none,RUSH_HOUR,1,116264426,Taxi Travel Distance [km],2.7,241.89,86.56,5193.79,60,239.19
2026-05-26T11:32:59.025003500Z,TaxiAlgorithmP2PCollector,0,2000,60,800,1,nearest,1,4,1,false,none,none,RUSH_HOUR,1,116264426,Client Waiting Time [min],0.08,51.47,1.65,1319.78,799,51.39
2026-05-26T11:32:59.025003500Z,TaxiAlgorithmP2PCollector,0,2000,60,800,1,nearest,1,4,1,false,none,none,RUSH_HOUR,1,116264426,Client Travel Time [min],36.0,3363.0,333.16,266527.0,800,3327.0
2026-05-26T11:32:59.025003500Z,TaxiAlgorithmP2PCollector,0,2000,60,800,1,nearest,1,4,1,false,none,none,RUSH_HOUR,1,116264426,Calculation Time [millis],0.0,115.0,0.28,11077.0,40096,115.0
2026-05-26T11:32:59.025003500Z,TaxiAlgorithmP2PCollector,0,2000,60,800,1,nearest,1,4,1,false,none,none,RUSH_HOUR,1,116264426,Custom Time [micros],0.0,0.0,0.0,0.0,40096,0.0
2026-05-26T11:33:16.648791400Z,TaxiAlgorithmP2PCollector,0,2000,60,800,1,nearest,1,4,1,false,none,none,SPATIAL_IMBALANCE,1,116264426,Taxi Travel Distance [km],0.0,283.59,63.62,3817.47,60,283.59
2026-05-26T11:33:16.648791400Z,TaxiAlgorithmP2PCollector,0,2000,60,800,1,nearest,1,4,1,false,none,none,SPATIAL_IMBALANCE,1,116264426,Client Waiting Time [min],0.08,83.27,15.87,11565.57,729,83.19
2026-05-26T11:33:16.648791400Z,TaxiAlgorithmP2PCollector,0,2000,60,800,1,nearest,1,4,1,false,none,none,SPATIAL_IMBALANCE,1,116264426,Client Travel Time [min],29.0,4997.0,1184.92,947934.0,800,4968.0
2026-05-26T11:33:16.648791400Z,TaxiAlgorithmP2PCollector,0,2000,60,800,1,nearest,1,4,1,false,none,none,SPATIAL_IMBALANCE,1,116264426,Calculation Time [millis],0.0,74.0,0.38,16670.0,44115,74.0
2026-05-26T11:33:16.648791400Z,TaxiAlgorithmP2PCollector,0,2000,60,800,1,nearest,1,4,1,false,none,none,SPATIAL_IMBALANCE,1,116264426,Custom Time [micros],0.0,0.0,0.0,0.0,44115,0.0
2026-05-26T11:33:36.182786200Z,TaxiAlgorithmP2PCollector,0,2000,60,800,1,nearest,1,4,1,false,none,none,SPATIAL_ISLANDS,1,116264426,Taxi Travel Distance [km],0.0,253.09,53.81,3228.88,60,253.09
2026-05-26T11:33:36.182786200Z,TaxiAlgorithmP2PCollector,0,2000,60,800,1,nearest,1,4,1,false,none,none,SPATIAL_ISLANDS,1,116264426,Client Waiting Time [min],0.12,119.4,24.15,14367.05,595,119.28
2026-05-26T11:33:36.182786200Z,TaxiAlgorithmP2PCollector,0,2000,60,800,1,nearest,1,4,1,false,none,none,SPATIAL_ISLANDS,1,116264426,Client Travel Time [min],56.0,8872.0,2115.77,1692617.0,800,8816.0
2026-05-26T11:33:36.182786200Z,TaxiAlgorithmP2PCollector,0,2000,60,800,1,nearest,1,4,1,false,none,none,SPATIAL_ISLANDS,1,116264426,Calculation Time [millis],0.0,271.0,0.39,18230.0,46261,271.0
2026-05-26T11:33:36.182786200Z,TaxiAlgorithmP2PCollector,0,2000,60,800,1,nearest,1,4,1,false,none,none,SPATIAL_ISLANDS,1,116264426,Custom Time [micros],0.0,0.0,0.0,0.0,46261,0.0
2026-05-26T11:33:43.278896100Z,TaxiAlgorithmP2PCollector,0,2000,60,800,1,nearest,1,4,1,true,return-to-hq,return-to-hq,BASELINE,1,116264426,Taxi Travel Distance [km],71.1,305.77,146.63,8797.58,60,234.67
2026-05-26T11:33:43.278896100Z,TaxiAlgorithmP2PCollector,0,2000,60,800,1,nearest,1,4,1,true,return-to-hq,return-to-hq,BASELINE,1,116264426,Client Waiting Time [min],0.03,6.0,1.05,841.52,800,5.97
2026-05-26T11:33:43.278896100Z,TaxiAlgorithmP2PCollector,0,2000,60,800,1,nearest,1,4,1,true,return-to-hq,return-to-hq,BASELINE,1,116264426,Client Travel Time [min],8.0,778.0,295.48,236384.0,800,770.0
2026-05-26T11:33:43.278896100Z,TaxiAlgorithmP2PCollector,0,2000,60,800,1,nearest,1,4,1,true,return-to-hq,return-to-hq,BASELINE,1,116264426,Calculation Time [millis],0.0,8.0,0.16,6625.0,40393,8.0
2026-05-26T11:33:43.278896100Z,TaxiAlgorithmP2PCollector,0,2000,60,800,1,nearest,1,4,1,true,return-to-hq,return-to-hq,BASELINE,1,116264426,Custom Time [micros],0.0,0.0,0.0,0.0,40393,0.0
2026-05-26T11:34:00.715811700Z,TaxiAlgorithmP2PCollector,0,2000,60,800,1,nearest,1,4,1,true,return-to-hq,return-to-hq,RUSH_HOUR,1,116264426,Taxi Travel Distance [km],1.57,606.12,91.69,5501.66,60,604.55
2026-05-26T11:34:00.715811700Z,TaxiAlgorithmP2PCollector,0,2000,60,800,1,nearest,1,4,1,true,return-to-hq,return-to-hq,RUSH_HOUR,1,116264426,Client Waiting Time [min],0.17,102.35,9.32,7203.78,773,102.17999999999999
2026-05-26T11:34:00.715811700Z,TaxiAlgorithmP2PCollector,0,2000,60,800,1,nearest,1,4,1,true,return-to-hq,return-to-hq,RUSH_HOUR,1,116264426,Client Travel Time [min],52.0,7100.0,823.62,658894.0,800,7048.0
2026-05-26T11:34:00.715811700Z,TaxiAlgorithmP2PCollector,0,2000,60,800,1,nearest,1,4,1,true,return-to-hq,return-to-hq,RUSH_HOUR,1,116264426,Calculation Time [millis],0.0,29.0,0.38,16717.0,44473,29.0
2026-05-26T11:34:00.715811700Z,TaxiAlgorithmP2PCollector,0,2000,60,800,1,nearest,1,4,1,true,return-to-hq,return-to-hq,RUSH_HOUR,1,116264426,Custom Time [micros],0.0,0.0,0.0,0.0,44473,0.0
2026-05-26T11:34:20.100792900Z,TaxiAlgorithmP2PCollector,0,2000,60,800,1,nearest,1,4,1,true,return-to-hq,return-to-hq,SPATIAL_IMBALANCE,1,116264426,Taxi Travel Distance [km],2.33,594.7,107.07,6423.93,60,592.37
2026-05-26T11:34:20.100792900Z,TaxiAlgorithmP2PCollector,0,2000,60,800,1,nearest,1,4,1,true,return-to-hq,return-to-hq,SPATIAL_IMBALANCE,1,116264426,Client Waiting Time [min],0.08,42.95,2.99,2382.78,796,42.870000000000005
2026-05-26T11:34:20.100792900Z,TaxiAlgorithmP2PCollector,0,2000,60,800,1,nearest,1,4,1,true,return-to-hq,return-to-hq,SPATIAL_IMBALANCE,1,116264426,Client Travel Time [min],42.0,2761.0,377.76,302210.0,800,2719.0
2026-05-26T11:34:20.100792900Z,TaxiAlgorithmP2PCollector,0,2000,60,800,1,nearest,1,4,1,true,return-to-hq,return-to-hq,SPATIAL_IMBALANCE,1,116264426,Calculation Time [millis],0.0,87.0,0.45,18233.0,40354,87.0
2026-05-26T11:34:20.100792900Z,TaxiAlgorithmP2PCollector,0,2000,60,800,1,nearest,1,4,1,true,return-to-hq,return-to-hq,SPATIAL_IMBALANCE,1,116264426,Custom Time [micros],0.0,0.0,0.0,0.0,40354,0.0
2026-05-26T11:34:26.200543100Z,TaxiAlgorithmP2PCollector,0,2000,60,800,1,nearest,1,4,1,true,return-to-hq,return-to-hq,SPATIAL_ISLANDS,1,116264426,Taxi Travel Distance [km],0.43,347.19,109.05,6542.96,60,346.76
2026-05-26T11:34:26.200543100Z,TaxiAlgorithmP2PCollector,0,2000,60,800,1,nearest,1,4,1,true,return-to-hq,return-to-hq,SPATIAL_ISLANDS,1,116264426,Client Waiting Time [min],0.05,24.63,1.15,915.48,799,24.58
2026-05-26T11:34:26.200543100Z,TaxiAlgorithmP2PCollector,0,2000,60,800,1,nearest,1,4,1,true,return-to-hq,return-to-hq,SPATIAL_ISLANDS,1,116264426,Client Travel Time [min],36.0,1843.0,294.41,235530.0,800,1807.0
2026-05-26T11:34:26.200543100Z,TaxiAlgorithmP2PCollector,0,2000,60,800,1,nearest,1,4,1,true,return-to-hq,return-to-hq,SPATIAL_ISLANDS,1,116264426,Calculation Time [millis],0.0,5.0,0.14,5639.0,40291,5.0
2026-05-26T11:34:26.200543100Z,TaxiAlgorithmP2PCollector,0,2000,60,800,1,nearest,1,4,1,true,return-to-hq,return-to-hq,SPATIAL_ISLANDS,1,116264426,Custom Time [micros],0.0,0.0,0.0,0.0,40291,0.0
2026-05-26T11:34:30.157936500Z,TaxiAlgorithmP2PCollector,0,2000,60,800,1,nearest,1,4,1,true,past-avg,past-avg,BASELINE,1,116264426,Taxi Travel Distance [km],15.29,319.56,126.75,7605.28,60,304.27
2026-05-26T11:34:30.157936500Z,TaxiAlgorithmP2PCollector,0,2000,60,800,1,nearest,1,4,1,true,past-avg,past-avg,BASELINE,1,116264426,Client Waiting Time [min],0.07,6.67,1.07,857.75,800,6.6
2026-05-26T11:34:30.157936500Z,TaxiAlgorithmP2PCollector,0,2000,60,800,1,nearest,1,4,1,true,past-avg,past-avg,BASELINE,1,116264426,Client Travel Time [min],35.0,695.0,296.73,237383.0,800,660.0
2026-05-26T11:34:30.157936500Z,TaxiAlgorithmP2PCollector,0,2000,60,800,1,nearest,1,4,1,true,past-avg,past-avg,BASELINE,1,116264426,Calculation Time [millis],0.0,5.0,0.09,3510.0,40346,5.0
2026-05-26T11:34:30.157936500Z,TaxiAlgorithmP2PCollector,0,2000,60,800,1,nearest,1,4,1,true,past-avg,past-avg,BASELINE,1,116264426,Custom Time [micros],0.0,0.0,0.0,0.0,40346,0.0
2026-05-26T11:34:43.415391500Z,TaxiAlgorithmP2PCollector,0,2000,60,800,1,nearest,1,4,1,true,past-avg,past-avg,RUSH_HOUR,1,116264426,Taxi Travel Distance [km],14.64,268.94,125.72,7543.06,60,254.3
2026-05-26T11:34:43.415391500Z,TaxiAlgorithmP2PCollector,0,2000,60,800,1,nearest,1,4,1,true,past-avg,past-avg,RUSH_HOUR,1,116264426,Client Waiting Time [min],0.08,44.22,1.38,1104.0,799,44.14
2026-05-26T11:34:43.415391500Z,TaxiAlgorithmP2PCollector,0,2000,60,800,1,nearest,1,4,1,true,past-avg,past-avg,RUSH_HOUR,1,116264426,Client Travel Time [min],38.0,2870.0,318.41,254726.0,800,2832.0
2026-05-26T11:34:43.415391500Z,TaxiAlgorithmP2PCollector,0,2000,60,800,1,nearest,1,4,1,true,past-avg,past-avg,RUSH_HOUR,1,116264426,Calculation Time [millis],0.0,94.0,0.29,11654.0,40075,94.0
2026-05-26T11:34:43.415391500Z,TaxiAlgorithmP2PCollector,0,2000,60,800,1,nearest,1,4,1,true,past-avg,past-avg,RUSH_HOUR,1,116264426,Custom Time [micros],0.0,0.0,0.0,0.0,40075,0.0
2026-05-26T11:34:47.171484400Z,TaxiAlgorithmP2PCollector,0,2000,60,800,1,nearest,1,4,1,true,past-avg,past-avg,SPATIAL_IMBALANCE,1,116264426,Taxi Travel Distance [km],31.94,290.4,113.34,6800.53,60,258.46
2026-05-26T11:34:47.171484400Z,TaxiAlgorithmP2PCollector,0,2000,60,800,1,nearest,1,4,1,true,past-avg,past-avg,SPATIAL_IMBALANCE,1,116264426,Client Waiting Time [min],0.08,10.43,1.02,815.25,800,10.35
2026-05-26T11:34:47.171484400Z,TaxiAlgorithmP2PCollector,0,2000,60,800,1,nearest,1,4,1,true,past-avg,past-avg,SPATIAL_IMBALANCE,1,116264426,Client Travel Time [min],29.0,802.0,262.11,209691.0,800,773.0
2026-05-26T11:34:47.171484400Z,TaxiAlgorithmP2PCollector,0,2000,60,800,1,nearest,1,4,1,true,past-avg,past-avg,SPATIAL_IMBALANCE,1,116264426,Calculation Time [millis],0.0,13.0,0.08,3129.0,40365,13.0
2026-05-26T11:34:47.171484400Z,TaxiAlgorithmP2PCollector,0,2000,60,800,1,nearest,1,4,1,true,past-avg,past-avg,SPATIAL_IMBALANCE,1,116264426,Custom Time [micros],0.0,0.0,0.0,0.0,40365,0.0
2026-05-26T11:34:50.150953700Z,TaxiAlgorithmP2PCollector,0,2000,60,800,1,nearest,1,4,1,true,past-avg,past-avg,SPATIAL_ISLANDS,1,116264426,Taxi Travel Distance [km],25.9,296.59,129.01,7740.54,60,270.69
2026-05-26T11:34:50.150953700Z,TaxiAlgorithmP2PCollector,0,2000,60,800,1,nearest,1,4,1,true,past-avg,past-avg,SPATIAL_ISLANDS,1,116264426,Client Waiting Time [min],0.03,6.88,0.98,784.72,800,6.85
2026-05-26T11:34:50.150953700Z,TaxiAlgorithmP2PCollector,0,2000,60,800,1,nearest,1,4,1,true,past-avg,past-avg,SPATIAL_ISLANDS,1,116264426,Client Travel Time [min],29.0,631.0,285.23,228180.0,800,602.0
2026-05-26T11:34:50.150953700Z,TaxiAlgorithmP2PCollector,0,2000,60,800,1,nearest,1,4,1,true,past-avg,past-avg,SPATIAL_ISLANDS,1,116264426,Calculation Time [millis],0.0,6.0,0.06,2507.0,40325,6.0
2026-05-26T11:34:50.150953700Z,TaxiAlgorithmP2PCollector,0,2000,60,800,1,nearest,1,4,1,true,past-avg,past-avg,SPATIAL_ISLANDS,1,116264426,Custom Time [micros],0.0,0.0,0.0,0.0,40325,0.0
2026-05-26T11:35:01.524690Z,TaxiAlgorithmP2PCollector,1,1000,60,800,1,nearest,1,4,0,false,none,none,BASELINE,1,116264426,Taxi Travel Distance [km],0.99,172.32,67.64,4058.36,60,171.32999999999998
2026-05-26T11:35:01.524690Z,TaxiAlgorithmP2PCollector,1,1000,60,800,1,nearest,1,4,0,false,none,none,BASELINE,1,116264426,Client Waiting Time [min],0.05,125.93,10.11,7479.45,740,125.88000000000001
2026-05-26T11:35:01.524690Z,TaxiAlgorithmP2PCollector,1,1000,60,800,1,nearest,1,4,0,false,none,none,BASELINE,1,116264426,Client Travel Time [min],29.0,7616.0,960.62,768497.0,800,7587.0
2026-05-26T11:35:01.524690Z,TaxiAlgorithmP2PCollector,1,1000,60,800,1,nearest,1,4,0,false,none,none,BASELINE,1,116264426,Calculation Time [millis],0.0,6.0,0.24,10642.0,45260,6.0
2026-05-26T11:35:01.524690Z,TaxiAlgorithmP2PCollector,1,1000,60,800,1,nearest,1,4,0,false,none,none,BASELINE,1,116264426,Custom Time [micros],0.0,0.0,0.0,0.0,45260,0.0
2026-05-26T11:35:10.410193Z,TaxiAlgorithmP2PCollector,1,1000,60,800,1,nearest,1,4,0,false,none,none,RUSH_HOUR,1,116264426,Taxi Travel Distance [km],21.58,148.98,74.92,4495.37,60,127.39999999999999
2026-05-26T11:35:10.410193Z,TaxiAlgorithmP2PCollector,1,1000,60,800,1,nearest,1,4,0,false,none,none,RUSH_HOUR,1,116264426,Client Waiting Time [min],0.05,99.27,5.71,4485.12,786,99.22
2026-05-26T11:35:10.410193Z,TaxiAlgorithmP2PCollector,1,1000,60,800,1,nearest,1,4,0,false,none,none,RUSH_HOUR,1,116264426,Client Travel Time [min],36.0,6013.0,592.37,473897.0,800,5977.0
2026-05-26T11:35:10.410193Z,TaxiAlgorithmP2PCollector,1,1000,60,800,1,nearest,1,4,0,false,none,none,RUSH_HOUR,1,116264426,Calculation Time [millis],0.0,3.0,0.2,8362.0,41555,3.0
2026-05-26T11:35:10.410193Z,TaxiAlgorithmP2PCollector,1,1000,60,800,1,nearest,1,4,0,false,none,none,RUSH_HOUR,1,116264426,Custom Time [micros],0.0,0.0,0.0,0.0,41555,0.0
2026-05-26T11:35:21.347748Z,TaxiAlgorithmP2PCollector,1,1000,60,800,1,nearest,1,4,0,false,none,none,SPATIAL_IMBALANCE,1,116264426,Taxi Travel Distance [km],0.0,109.5,35.26,2115.56,60,109.5
2026-05-26T11:35:21.347748Z,TaxiAlgorithmP2PCollector,1,1000,60,800,1,nearest,1,4,0,false,none,none,SPATIAL_IMBALANCE,1,116264426,Client Waiting Time [min],0.05,123.17,30.63,16632.05,543,123.12
2026-05-26T11:35:21.347748Z,TaxiAlgorithmP2PCollector,1,1000,60,800,1,nearest,1,4,0,false,none,none,SPATIAL_IMBALANCE,1,116264426,Client Travel Time [min],29.0,7413.0,2253.87,1803094.0,800,7384.0
2026-05-26T11:35:21.347748Z,TaxiAlgorithmP2PCollector,1,1000,60,800,1,nearest,1,4,0,false,none,none,SPATIAL_IMBALANCE,1,116264426,Calculation Time [millis],0.0,3.0,0.23,10279.0,45436,3.0
2026-05-26T11:35:21.347748Z,TaxiAlgorithmP2PCollector,1,1000,60,800,1,nearest,1,4,0,false,none,none,SPATIAL_IMBALANCE,1,116264426,Custom Time [micros],0.0,0.0,0.0,0.0,45436,0.0
2026-05-26T11:35:33.140580100Z,TaxiAlgorithmP2PCollector,1,1000,60,800,1,nearest,1,4,0,false,none,none,SPATIAL_ISLANDS,1,116264426,Taxi Travel Distance [km],0.0,90.72,28.34,1700.33,60,90.72
2026-05-26T11:35:33.140580100Z,TaxiAlgorithmP2PCollector,1,1000,60,800,1,nearest,1,4,0,false,none,none,SPATIAL_ISLANDS,1,116264426,Client Waiting Time [min],0.03,138.48,40.25,17388.5,432,138.45
2026-05-26T11:35:33.140580100Z,TaxiAlgorithmP2PCollector,1,1000,60,800,1,nearest,1,4,0,false,none,none,SPATIAL_ISLANDS,1,116264426,Client Travel Time [min],31.0,8339.0,3155.82,2524656.0,800,8308.0
2026-05-26T11:35:33.140580100Z,TaxiAlgorithmP2PCollector,1,1000,60,800,1,nearest,1,4,0,false,none,none,SPATIAL_ISLANDS,1,116264426,Calculation Time [millis],0.0,3.0,0.24,11113.0,46875,3.0
2026-05-26T11:35:33.140580100Z,TaxiAlgorithmP2PCollector,1,1000,60,800,1,nearest,1,4,0,false,none,none,SPATIAL_ISLANDS,1,116264426,Custom Time [micros],0.0,0.0,0.0,0.0,46875,0.0
2026-05-26T11:35:52.520641700Z,TaxiAlgorithmP2PCollector,1,1000,60,800,1,nearest,1,4,0,true,return-to-hq,return-to-hq,BASELINE,1,116264426,Taxi Travel Distance [km],322.16,394.46,356.87,21412.22,60,72.29999999999995
2026-05-26T11:35:52.520641700Z,TaxiAlgorithmP2PCollector,1,1000,60,800,1,nearest,1,4,0,true,return-to-hq,return-to-hq,BASELINE,1,116264426,Client Waiting Time [min],0.03,13.22,1.07,852.85,800,13.190000000000001
2026-05-26T11:35:52.520641700Z,TaxiAlgorithmP2PCollector,1,1000,60,800,1,nearest,1,4,0,true,return-to-hq,return-to-hq,BASELINE,1,116264426,Client Travel Time [min],32.0,1170.0,295.21,236168.0,800,1138.0
2026-05-26T11:35:52.520641700Z,TaxiAlgorithmP2PCollector,1,1000,60,800,1,nearest,1,4,0,true,return-to-hq,return-to-hq,BASELINE,1,116264426,Calculation Time [millis],0.0,5.0,0.46,18759.0,40376,5.0
2026-05-26T11:35:52.520641700Z,TaxiAlgorithmP2PCollector,1,1000,60,800,1,nearest,1,4,0,true,return-to-hq,return-to-hq,BASELINE,1,116264426,Custom Time [micros],0.0,0.0,0.0,0.0,40376,0.0
2026-05-26T11:36:03.992686200Z,TaxiAlgorithmP2PCollector,1,1000,60,800,1,nearest,1,4,0,true,return-to-hq,return-to-hq,RUSH_HOUR,1,116264426,Taxi Travel Distance [km],0.5,434.48,73.42,4404.93,60,433.98
2026-05-26T11:36:03.992686200Z,TaxiAlgorithmP2PCollector,1,1000,60,800,1,nearest,1,4,0,true,return-to-hq,return-to-hq,RUSH_HOUR,1,116264426,Client Waiting Time [min],0.12,112.85,19.48,13832.45,710,112.72999999999999
2026-05-26T11:36:03.992686200Z,TaxiAlgorithmP2PCollector,1,1000,60,800,1,nearest,1,4,0,true,return-to-hq,return-to-hq,RUSH_HOUR,1,116264426,Client Travel Time [min],52.0,7100.0,1505.81,1204647.0,800,7048.0
2026-05-26T11:36:03.992686200Z,TaxiAlgorithmP2PCollector,1,1000,60,800,1,nearest,1,4,0,true,return-to-hq,return-to-hq,RUSH_HOUR,1,116264426,Calculation Time [millis],0.0,4.0,0.24,10850.0,45211,4.0
2026-05-26T11:36:03.992686200Z,TaxiAlgorithmP2PCollector,1,1000,60,800,1,nearest,1,4,0,true,return-to-hq,return-to-hq,RUSH_HOUR,1,116264426,Custom Time [micros],0.0,0.0,0.0,0.0,45211,0.0
2026-05-26T11:36:14.825146500Z,TaxiAlgorithmP2PCollector,1,1000,60,800,1,nearest,1,4,0,true,return-to-hq,return-to-hq,SPATIAL_IMBALANCE,1,116264426,Taxi Travel Distance [km],1.57,612.27,90.69,5441.29,60,610.6999999999999
2026-05-26T11:36:14.825146500Z,TaxiAlgorithmP2PCollector,1,1000,60,800,1,nearest,1,4,0,true,return-to-hq,return-to-hq,SPATIAL_IMBALANCE,1,116264426,Client Waiting Time [min],0.05,87.05,8.85,6824.75,771,87.0
2026-05-26T11:36:14.825146500Z,TaxiAlgorithmP2PCollector,1,1000,60,800,1,nearest,1,4,0,true,return-to-hq,return-to-hq,SPATIAL_IMBALANCE,1,116264426,Client Travel Time [min],30.0,5343.0,751.49,601193.0,800,5313.0
2026-05-26T11:36:14.825146500Z,TaxiAlgorithmP2PCollector,1,1000,60,800,1,nearest,1,4,0,true,return-to-hq,return-to-hq,SPATIAL_IMBALANCE,1,116264426,Calculation Time [millis],0.0,3.0,0.23,10227.0,44692,3.0
2026-05-26T11:36:14.825146500Z,TaxiAlgorithmP2PCollector,1,1000,60,800,1,nearest,1,4,0,true,return-to-hq,return-to-hq,SPATIAL_IMBALANCE,1,116264426,Custom Time [micros],0.0,0.0,0.0,0.0,44692,0.0
2026-05-26T11:36:25.577071Z,TaxiAlgorithmP2PCollector,1,1000,60,800,1,nearest,1,4,0,true,return-to-hq,return-to-hq,SPATIAL_ISLANDS,1,116264426,Taxi Travel Distance [km],1.12,484.67,102.85,6170.77,60,483.55
2026-05-26T11:36:25.577071Z,TaxiAlgorithmP2PCollector,1,1000,60,800,1,nearest,1,4,0,true,return-to-hq,return-to-hq,SPATIAL_ISLANDS,1,116264426,Client Waiting Time [min],0.03,106.45,3.2,2479.27,776,106.42
2026-05-26T11:36:25.577071Z,TaxiAlgorithmP2PCollector,1,1000,60,800,1,nearest,1,4,0,true,return-to-hq,return-to-hq,SPATIAL_ISLANDS,1,116264426,Client Travel Time [min],36.0,6429.0,469.45,375558.0,800,6393.0
2026-05-26T11:36:25.577071Z,TaxiAlgorithmP2PCollector,1,1000,60,800,1,nearest,1,4,0,true,return-to-hq,return-to-hq,SPATIAL_ISLANDS,1,116264426,Calculation Time [millis],0.0,12.0,0.23,10162.0,45150,12.0
2026-05-26T11:36:25.577071Z,TaxiAlgorithmP2PCollector,1,1000,60,800,1,nearest,1,4,0,true,return-to-hq,return-to-hq,SPATIAL_ISLANDS,1,116264426,Custom Time [micros],0.0,0.0,0.0,0.0,45150,0.0
2026-05-26T11:36:39.985856200Z,TaxiAlgorithmP2PCollector,1,1000,60,800,1,nearest,1,4,0,true,past-avg,past-avg,BASELINE,1,116264426,Taxi Travel Distance [km],39.42,435.49,171.25,10275.01,60,396.07
2026-05-26T11:36:39.985856200Z,TaxiAlgorithmP2PCollector,1,1000,60,800,1,nearest,1,4,0,true,past-avg,past-avg,BASELINE,1,116264426,Client Waiting Time [min],0.03,49.63,1.9,1515.57,799,49.6
2026-05-26T11:36:39.985856200Z,TaxiAlgorithmP2PCollector,1,1000,60,800,1,nearest,1,4,0,true,past-avg,past-avg,BASELINE,1,116264426,Client Travel Time [min],36.0,3235.0,343.15,274516.0,800,3199.0
2026-05-26T11:36:39.985856200Z,TaxiAlgorithmP2PCollector,1,1000,60,800,1,nearest,1,4,0,true,past-avg,past-avg,BASELINE,1,116264426,Calculation Time [millis],0.0,89.0,0.33,13474.0,40803,89.0
2026-05-26T11:36:39.985856200Z,TaxiAlgorithmP2PCollector,1,1000,60,800,1,nearest,1,4,0,true,past-avg,past-avg,BASELINE,1,116264426,Custom Time [micros],0.0,0.0,0.0,0.0,40803,0.0
2026-05-26T11:36:50.928743600Z,TaxiAlgorithmP2PCollector,1,1000,60,800,1,nearest,1,4,0,true,past-avg,past-avg,RUSH_HOUR,1,116264426,Taxi Travel Distance [km],41.1,299.6,144.41,8664.84,60,258.5
2026-05-26T11:36:50.928743600Z,TaxiAlgorithmP2PCollector,1,1000,60,800,1,nearest,1,4,0,true,past-avg,past-avg,RUSH_HOUR,1,116264426,Client Waiting Time [min],0.07,53.78,2.59,2067.57,797,53.71
2026-05-26T11:36:50.928743600Z,TaxiAlgorithmP2PCollector,1,1000,60,800,1,nearest,1,4,0,true,past-avg,past-avg,RUSH_HOUR,1,116264426,Client Travel Time [min],17.0,3336.0,387.64,310112.0,800,3319.0
2026-05-26T11:36:50.928743600Z,TaxiAlgorithmP2PCollector,1,1000,60,800,1,nearest,1,4,0,true,past-avg,past-avg,RUSH_HOUR,1,116264426,Calculation Time [millis],0.0,6.0,0.26,10405.0,40075,6.0
2026-05-26T11:36:50.928743600Z,TaxiAlgorithmP2PCollector,1,1000,60,800,1,nearest,1,4,0,true,past-avg,past-avg,RUSH_HOUR,1,116264426,Custom Time [micros],0.0,0.0,0.0,0.0,40075,0.0
2026-05-26T11:37:00.578912Z,TaxiAlgorithmP2PCollector,1,1000,60,800,1,nearest,1,4,0,true,past-avg,past-avg,SPATIAL_IMBALANCE,1,116264426,Taxi Travel Distance [km],20.01,390.11,145.19,8711.62,60,370.1
2026-05-26T11:37:00.578912Z,TaxiAlgorithmP2PCollector,1,1000,60,800,1,nearest,1,4,0,true,past-avg,past-avg,SPATIAL_IMBALANCE,1,116264426,Client Waiting Time [min],0.07,36.93,1.37,1090.98,797,36.86
2026-05-26T11:37:00.578912Z,TaxiAlgorithmP2PCollector,1,1000,60,800,1,nearest,1,4,0,true,past-avg,past-avg,SPATIAL_IMBALANCE,1,116264426,Client Travel Time [min],29.0,2453.0,283.55,226838.0,800,2424.0
2026-05-26T11:37:00.578912Z,TaxiAlgorithmP2PCollector,1,1000,60,800,1,nearest,1,4,0,true,past-avg,past-avg,SPATIAL_IMBALANCE,1,116264426,Calculation Time [millis],0.0,4.0,0.22,9110.0,41073,4.0
2026-05-26T11:37:00.578912Z,TaxiAlgorithmP2PCollector,1,1000,60,800,1,nearest,1,4,0,true,past-avg,past-avg,SPATIAL_IMBALANCE,1,116264426,Custom Time [micros],0.0,0.0,0.0,0.0,41073,0.0
2026-05-26T11:37:07.900449300Z,TaxiAlgorithmP2PCollector,1,1000,60,800,1,nearest,1,4,0,true,past-avg,past-avg,SPATIAL_ISLANDS,1,116264426,Taxi Travel Distance [km],29.97,375.32,146.54,8792.47,60,345.35
2026-05-26T11:37:07.900449300Z,TaxiAlgorithmP2PCollector,1,1000,60,800,1,nearest,1,4,0,true,past-avg,past-avg,SPATIAL_ISLANDS,1,116264426,Client Waiting Time [min],0.05,35.25,1.08,861.9,798,35.2
2026-05-26T11:37:07.900449300Z,TaxiAlgorithmP2PCollector,1,1000,60,800,1,nearest,1,4,0,true,past-avg,past-avg,SPATIAL_ISLANDS,1,116264426,Client Travel Time [min],19.0,2347.0,291.51,233210.0,800,2328.0
2026-05-26T11:37:07.900449300Z,TaxiAlgorithmP2PCollector,1,1000,60,800,1,nearest,1,4,0,true,past-avg,past-avg,SPATIAL_ISLANDS,1,116264426,Calculation Time [millis],0.0,4.0,0.17,6810.0,40501,4.0
2026-05-26T11:37:07.900449300Z,TaxiAlgorithmP2PCollector,1,1000,60,800,1,nearest,1,4,0,true,past-avg,past-avg,SPATIAL_ISLANDS,1,116264426,Custom Time [micros],0.0,0.0,0.0,0.0,40501,0.0
2026-05-26T11:37:23.740142500Z,TaxiAlgorithmP2PCollector,1,1000,60,800,1,nearest,1,4,1,false,none,none,BASELINE,1,116264426,Taxi Travel Distance [km],0.0,196.24,68.77,4126.1,60,196.24
2026-05-26T11:37:23.740142500Z,TaxiAlgorithmP2PCollector,1,1000,60,800,1,nearest,1,4,1,false,none,none,BASELINE,1,116264426,Client Waiting Time [min],0.07,119.57,9.88,7407.42,750,119.5
2026-05-26T11:37:23.740142500Z,TaxiAlgorithmP2PCollector,1,1000,60,800,1,nearest,1,4,1,false,none,none,BASELINE,1,116264426,Client Travel Time [min],29.0,7256.0,926.04,740834.0,800,7227.0
2026-05-26T11:37:23.740142500Z,TaxiAlgorithmP2PCollector,1,1000,60,800,1,nearest,1,4,1,false,none,none,BASELINE,1,116264426,Calculation Time [millis],0.0,4.0,0.34,15207.0,45260,4.0
2026-05-26T11:37:23.740142500Z,TaxiAlgorithmP2PCollector,1,1000,60,800,1,nearest,1,4,1,false,none,none,BASELINE,1,116264426,Custom Time [micros],0.0,0.0,0.0,0.0,45260,0.0
2026-05-26T11:37:38.602490600Z,TaxiAlgorithmP2PCollector,1,1000,60,800,1,nearest,1,4,1,false,none,none,RUSH_HOUR,1,116264426,Taxi Travel Distance [km],22.29,163.44,75.6,4535.95,60,141.15
2026-05-26T11:37:38.602490600Z,TaxiAlgorithmP2PCollector,1,1000,60,800,1,nearest,1,4,1,false,none,none,RUSH_HOUR,1,116264426,Client Waiting Time [min],0.05,83.28,5.55,4352.12,784,83.23
2026-05-26T11:37:38.602490600Z,TaxiAlgorithmP2PCollector,1,1000,60,800,1,nearest,1,4,1,false,none,none,RUSH_HOUR,1,116264426,Client Travel Time [min],36.0,6958.0,591.41,473124.0,800,6922.0
2026-05-26T11:37:38.602490600Z,TaxiAlgorithmP2PCollector,1,1000,60,800,1,nearest,1,4,1,false,none,none,RUSH_HOUR,1,116264426,Calculation Time [millis],0.0,5.0,0.35,14284.0,41073,5.0
2026-05-26T11:37:38.602490600Z,TaxiAlgorithmP2PCollector,1,1000,60,800,1,nearest,1,4,1,false,none,none,RUSH_HOUR,1,116264426,Custom Time [micros],0.0,0.0,0.0,0.0,41073,0.0
2026-05-26T11:37:54.110780200Z,TaxiAlgorithmP2PCollector,1,1000,60,800,1,nearest,1,4,1,false,none,none,SPATIAL_IMBALANCE,1,116264426,Taxi Travel Distance [km],0.0,119.77,34.98,2098.6,60,119.77
2026-05-26T11:37:54.110780200Z,TaxiAlgorithmP2PCollector,1,1000,60,800,1,nearest,1,4,1,false,none,none,SPATIAL_IMBALANCE,1,116264426,Client Waiting Time [min],0.07,123.17,30.94,16646.07,538,123.10000000000001
2026-05-26T11:37:54.110780200Z,TaxiAlgorithmP2PCollector,1,1000,60,800,1,nearest,1,4,1,false,none,none,SPATIAL_IMBALANCE,1,116264426,Client Travel Time [min],29.0,7413.0,2270.01,1816007.0,800,7384.0
2026-05-26T11:37:54.110780200Z,TaxiAlgorithmP2PCollector,1,1000,60,800,1,nearest,1,4,1,false,none,none,SPATIAL_IMBALANCE,1,116264426,Calculation Time [millis],0.0,8.0,0.33,14802.0,45436,8.0
2026-05-26T11:37:54.110780200Z,TaxiAlgorithmP2PCollector,1,1000,60,800,1,nearest,1,4,1,false,none,none,SPATIAL_IMBALANCE,1,116264426,Custom Time [micros],0.0,0.0,0.0,0.0,45436,0.0
2026-05-26T11:38:15.083722600Z,TaxiAlgorithmP2PCollector,1,1000,60,800,1,nearest,1,4,1,false,none,none,SPATIAL_ISLANDS,1,116264426,Taxi Travel Distance [km],1.47,89.75,28.02,1681.05,60,88.28
2026-05-26T11:38:15.083722600Z,TaxiAlgorithmP2PCollector,1,1000,60,800,1,nearest,1,4,1,false,none,none,SPATIAL_ISLANDS,1,116264426,Client Waiting Time [min],0.03,138.48,40.07,17472.4,436,138.45
2026-05-26T11:38:15.083722600Z,TaxiAlgorithmP2PCollector,1,1000,60,800,1,nearest,1,4,1,false,none,none,SPATIAL_ISLANDS,1,116264426,Client Travel Time [min],38.0,8339.0,3147.31,2517844.0,800,8301.0
2026-05-26T11:38:15.083722600Z,TaxiAlgorithmP2PCollector,1,1000,60,800,1,nearest,1,4,1,false,none,none,SPATIAL_ISLANDS,1,116264426,Calculation Time [millis],0.0,713.0,0.41,18999.0,46875,713.0
2026-05-26T11:38:15.083722600Z,TaxiAlgorithmP2PCollector,1,1000,60,800,1,nearest,1,4,1,false,none,none,SPATIAL_ISLANDS,1,116264426,Custom Time [micros],0.0,0.0,0.0,0.0,46875,0.0
2026-05-26T11:38:43.553061700Z,TaxiAlgorithmP2PCollector,1,1000,60,800,1,nearest,1,4,1,true,return-to-hq,return-to-hq,BASELINE,1,116264426,Taxi Travel Distance [km],269.05,348.85,303.84,18230.48,60,79.80000000000001
2026-05-26T11:38:43.553061700Z,TaxiAlgorithmP2PCollector,1,1000,60,800,1,nearest,1,4,1,true,return-to-hq,return-to-hq,BASELINE,1,116264426,Client Waiting Time [min],0.03,9.62,1.05,837.08,800,9.59
2026-05-26T11:38:43.553061700Z,TaxiAlgorithmP2PCollector,1,1000,60,800,1,nearest,1,4,1,true,return-to-hq,return-to-hq,BASELINE,1,116264426,Client Travel Time [min],37.0,906.0,294.29,235432.0,800,869.0
2026-05-26T11:38:43.553061700Z,TaxiAlgorithmP2PCollector,1,1000,60,800,1,nearest,1,4,1,true,return-to-hq,return-to-hq,BASELINE,1,116264426,Calculation Time [millis],0.0,28.0,0.69,27770.0,40361,28.0
2026-05-26T11:38:43.553061700Z,TaxiAlgorithmP2PCollector,1,1000,60,800,1,nearest,1,4,1,true,return-to-hq,return-to-hq,BASELINE,1,116264426,Custom Time [micros],0.0,0.0,0.0,0.0,40361,0.0
2026-05-26T11:39:01.902751600Z,TaxiAlgorithmP2PCollector,1,1000,60,800,1,nearest,1,4,1,true,return-to-hq,return-to-hq,RUSH_HOUR,1,116264426,Taxi Travel Distance [km],0.5,448.39,73.06,4383.4,60,447.89
2026-05-26T11:39:01.902751600Z,TaxiAlgorithmP2PCollector,1,1000,60,800,1,nearest,1,4,1,true,return-to-hq,return-to-hq,RUSH_HOUR,1,116264426,Client Waiting Time [min],0.13,125.9,19.59,13851.65,707,125.77000000000001
2026-05-26T11:39:01.902751600Z,TaxiAlgorithmP2PCollector,1,1000,60,800,1,nearest,1,4,1,true,return-to-hq,return-to-hq,RUSH_HOUR,1,116264426,Client Travel Time [min],52.0,7568.0,1517.27,1213815.0,800,7516.0
2026-05-26T11:39:01.902751600Z,TaxiAlgorithmP2PCollector,1,1000,60,800,1,nearest,1,4,1,true,return-to-hq,return-to-hq,RUSH_HOUR,1,116264426,Calculation Time [millis],0.0,10.0,0.39,17601.0,45211,10.0
2026-05-26T11:39:01.902751600Z,TaxiAlgorithmP2PCollector,1,1000,60,800,1,nearest,1,4,1,true,return-to-hq,return-to-hq,RUSH_HOUR,1,116264426,Custom Time [micros],0.0,0.0,0.0,0.0,45211,0.0
2026-05-26T11:39:21.298455Z,TaxiAlgorithmP2PCollector,1,1000,60,800,1,nearest,1,4,1,true,return-to-hq,return-to-hq,SPATIAL_IMBALANCE,1,116264426,Taxi Travel Distance [km],1.57,644.14,90.68,5440.52,60,642.5699999999999
2026-05-26T11:39:21.298455Z,TaxiAlgorithmP2PCollector,1,1000,60,800,1,nearest,1,4,1,true,return-to-hq,return-to-hq,SPATIAL_IMBALANCE,1,116264426,Client Waiting Time [min],0.05,87.68,8.87,6841.47,771,87.63000000000001
2026-05-26T11:39:21.298455Z,TaxiAlgorithmP2PCollector,1,1000,60,800,1,nearest,1,4,1,true,return-to-hq,return-to-hq,SPATIAL_IMBALANCE,1,116264426,Client Travel Time [min],30.0,5434.0,752.57,602054.0,800,5404.0
2026-05-26T11:39:21.298455Z,TaxiAlgorithmP2PCollector,1,1000,60,800,1,nearest,1,4,1,true,return-to-hq,return-to-hq,SPATIAL_IMBALANCE,1,116264426,Calculation Time [millis],0.0,10.0,0.42,18631.0,44692,10.0
2026-05-26T11:39:21.298455Z,TaxiAlgorithmP2PCollector,1,1000,60,800,1,nearest,1,4,1,true,return-to-hq,return-to-hq,SPATIAL_IMBALANCE,1,116264426,Custom Time [micros],0.0,0.0,0.0,0.0,44692,0.0
2026-05-26T11:39:39.765782200Z,TaxiAlgorithmP2PCollector,1,1000,60,800,1,nearest,1,4,1,true,return-to-hq,return-to-hq,SPATIAL_ISLANDS,1,116264426,Taxi Travel Distance [km],0.35,510.03,103.54,6212.59,60,509.67999999999995
2026-05-26T11:39:39.765782200Z,TaxiAlgorithmP2PCollector,1,1000,60,800,1,nearest,1,4,1,true,return-to-hq,return-to-hq,SPATIAL_ISLANDS,1,116264426,Client Waiting Time [min],0.03,106.32,3.11,2413.1,776,106.28999999999999
2026-05-26T11:39:39.765782200Z,TaxiAlgorithmP2PCollector,1,1000,60,800,1,nearest,1,4,1,true,return-to-hq,return-to-hq,SPATIAL_ISLANDS,1,116264426,Client Travel Time [min],34.0,6421.0,463.63,370903.0,800,6387.0
2026-05-26T11:39:39.765782200Z,TaxiAlgorithmP2PCollector,1,1000,60,800,1,nearest,1,4,1,true,return-to-hq,return-to-hq,SPATIAL_ISLANDS,1,116264426,Calculation Time [millis],0.0,10.0,0.39,17787.0,45150,10.0
2026-05-26T11:39:39.765782200Z,TaxiAlgorithmP2PCollector,1,1000,60,800,1,nearest,1,4,1,true,return-to-hq,return-to-hq,SPATIAL_ISLANDS,1,116264426,Custom Time [micros],0.0,0.0,0.0,0.0,45150,0.0
2026-05-26T11:39:57.172790500Z,TaxiAlgorithmP2PCollector,1,1000,60,800,1,nearest,1,4,1,true,past-avg,past-avg,BASELINE,1,116264426,Taxi Travel Distance [km],25.73,292.62,158.96,9537.52,60,266.89
2026-05-26T11:39:57.172790500Z,TaxiAlgorithmP2PCollector,1,1000,60,800,1,nearest,1,4,1,true,past-avg,past-avg,BASELINE,1,116264426,Client Waiting Time [min],0.05,43.25,1.69,1353.2,800,43.2
2026-05-26T11:39:57.172790500Z,TaxiAlgorithmP2PCollector,1,1000,60,800,1,nearest,1,4,1,true,past-avg,past-avg,BASELINE,1,116264426,Client Travel Time [min],36.0,2757.0,330.82,264653.0,800,2721.0
2026-05-26T11:39:57.172790500Z,TaxiAlgorithmP2PCollector,1,1000,60,800,1,nearest,1,4,1,true,past-avg,past-avg,BASELINE,1,116264426,Calculation Time [millis],0.0,9.0,0.41,16832.0,40657,9.0
2026-05-26T11:39:57.172790500Z,TaxiAlgorithmP2PCollector,1,1000,60,800,1,nearest,1,4,1,true,past-avg,past-avg,BASELINE,1,116264426,Custom Time [micros],0.0,0.0,0.0,0.0,40657,0.0
2026-05-26T11:40:16.718912900Z,TaxiAlgorithmP2PCollector,1,1000,60,800,1,nearest,1,4,1,true,past-avg,past-avg,RUSH_HOUR,1,116264426,Taxi Travel Distance [km],50.28,309.06,155.88,9353.09,60,258.78
2026-05-26T11:40:16.718912900Z,TaxiAlgorithmP2PCollector,1,1000,60,800,1,nearest,1,4,1,true,past-avg,past-avg,RUSH_HOUR,1,116264426,Client Waiting Time [min],0.03,32.88,2.03,1617.1,797,32.85
2026-05-26T11:40:16.718912900Z,TaxiAlgorithmP2PCollector,1,1000,60,800,1,nearest,1,4,1,true,past-avg,past-avg,RUSH_HOUR,1,116264426,Client Travel Time [min],36.0,2006.0,354.96,283970.0,800,1970.0
2026-05-26T11:40:16.718912900Z,TaxiAlgorithmP2PCollector,1,1000,60,800,1,nearest,1,4,1,true,past-avg,past-avg,RUSH_HOUR,1,116264426,Calculation Time [millis],0.0,7.0,0.47,18963.0,40058,7.0
2026-05-26T11:40:16.718912900Z,TaxiAlgorithmP2PCollector,1,1000,60,800,1,nearest,1,4,1,true,past-avg,past-avg,RUSH_HOUR,1,116264426,Custom Time [micros],0.0,0.0,0.0,0.0,40058,0.0
2026-05-26T11:40:32.050832500Z,TaxiAlgorithmP2PCollector,1,1000,60,800,1,nearest,1,4,1,true,past-avg,past-avg,SPATIAL_IMBALANCE,1,116264426,Taxi Travel Distance [km],24.48,383.0,146.35,8780.76,60,358.52
2026-05-26T11:40:32.050832500Z,TaxiAlgorithmP2PCollector,1,1000,60,800,1,nearest,1,4,1,true,past-avg,past-avg,SPATIAL_IMBALANCE,1,116264426,Client Waiting Time [min],0.05,45.57,1.26,1008.73,798,45.52
2026-05-26T11:40:32.050832500Z,TaxiAlgorithmP2PCollector,1,1000,60,800,1,nearest,1,4,1,true,past-avg,past-avg,SPATIAL_IMBALANCE,1,116264426,Client Travel Time [min],32.0,2811.0,276.75,221402.0,800,2779.0
2026-05-26T11:40:32.050832500Z,TaxiAlgorithmP2PCollector,1,1000,60,800,1,nearest,1,4,1,true,past-avg,past-avg,SPATIAL_IMBALANCE,1,116264426,Calculation Time [millis],0.0,6.0,0.36,14782.0,41053,6.0
2026-05-26T11:40:32.050832500Z,TaxiAlgorithmP2PCollector,1,1000,60,800,1,nearest,1,4,1,true,past-avg,past-avg,SPATIAL_IMBALANCE,1,116264426,Custom Time [micros],0.0,0.0,0.0,0.0,41053,0.0
2026-05-26T11:40:45.145940800Z,TaxiAlgorithmP2PCollector,1,1000,60,800,1,nearest,1,4,1,true,past-avg,past-avg,SPATIAL_ISLANDS,1,116264426,Taxi Travel Distance [km],26.96,380.99,154.22,9253.34,60,354.03000000000003
2026-05-26T11:40:45.145940800Z,TaxiAlgorithmP2PCollector,1,1000,60,800,1,nearest,1,4,1,true,past-avg,past-avg,SPATIAL_ISLANDS,1,116264426,Client Waiting Time [min],0.05,37.47,1.12,892.83,798,37.42
2026-05-26T11:40:45.145940800Z,TaxiAlgorithmP2PCollector,1,1000,60,800,1,nearest,1,4,1,true,past-avg,past-avg,SPATIAL_ISLANDS,1,116264426,Client Travel Time [min],23.0,2473.0,293.8,235041.0,800,2450.0
2026-05-26T11:40:45.145940800Z,TaxiAlgorithmP2PCollector,1,1000,60,800,1,nearest,1,4,1,true,past-avg,past-avg,SPATIAL_ISLANDS,1,116264426,Calculation Time [millis],0.0,7.0,0.31,12584.0,40345,7.0
2026-05-26T11:40:45.145940800Z,TaxiAlgorithmP2PCollector,1,1000,60,800,1,nearest,1,4,1,true,past-avg,past-avg,SPATIAL_ISLANDS,1,116264426,Custom Time [micros],0.0,0.0,0.0,0.0,40345,0.0
2026-05-26T11:40:49.580880300Z,TaxiAlgorithmP2PCollector,1,2000,60,800,1,nearest,1,4,0,false,none,none,BASELINE,1,116264426,Taxi Travel Distance [km],4.86,295.07,89.48,5368.95,60,290.21
2026-05-26T11:40:49.580880300Z,TaxiAlgorithmP2PCollector,1,2000,60,800,1,nearest,1,4,0,false,none,none,BASELINE,1,116264426,Client Waiting Time [min],0.1,22.98,1.66,1324.63,800,22.88
2026-05-26T11:40:49.580880300Z,TaxiAlgorithmP2PCollector,1,2000,60,800,1,nearest,1,4,0,false,none,none,BASELINE,1,116264426,Client Travel Time [min],40.0,1729.0,330.59,264474.0,800,1689.0
2026-05-26T11:40:49.580880300Z,TaxiAlgorithmP2PCollector,1,2000,60,800,1,nearest,1,4,0,false,none,none,BASELINE,1,116264426,Calculation Time [millis],0.0,3.0,0.1,3999.0,40410,3.0
2026-05-26T11:40:49.580880300Z,TaxiAlgorithmP2PCollector,1,2000,60,800,1,nearest,1,4,0,false,none,none,BASELINE,1,116264426,Custom Time [micros],0.0,0.0,0.0,0.0,40410,0.0
2026-05-26T11:40:54.535914300Z,TaxiAlgorithmP2PCollector,1,2000,60,800,1,nearest,1,4,0,false,none,none,RUSH_HOUR,1,116264426,Taxi Travel Distance [km],3.82,219.44,89.56,5373.33,60,215.62
2026-05-26T11:40:54.535914300Z,TaxiAlgorithmP2PCollector,1,2000,60,800,1,nearest,1,4,0,false,none,none,RUSH_HOUR,1,116264426,Client Waiting Time [min],0.08,51.47,1.76,1408.15,799,51.39
2026-05-26T11:40:54.535914300Z,TaxiAlgorithmP2PCollector,1,2000,60,800,1,nearest,1,4,0,false,none,none,RUSH_HOUR,1,116264426,Client Travel Time [min],71.0,3363.0,339.97,271978.0,800,3292.0
2026-05-26T11:40:54.535914300Z,TaxiAlgorithmP2PCollector,1,2000,60,800,1,nearest,1,4,0,false,none,none,RUSH_HOUR,1,116264426,Calculation Time [millis],0.0,3.0,0.11,4505.0,40100,3.0
2026-05-26T11:40:54.535914300Z,TaxiAlgorithmP2PCollector,1,2000,60,800,1,nearest,1,4,0,false,none,none,RUSH_HOUR,1,116264426,Custom Time [micros],0.0,0.0,0.0,0.0,40100,0.0
2026-05-26T11:41:03.811189300Z,TaxiAlgorithmP2PCollector,1,2000,60,800,1,nearest,1,4,0,false,none,none,SPATIAL_IMBALANCE,1,116264426,Taxi Travel Distance [km],0.0,230.67,67.17,4030.08,60,230.67
2026-05-26T11:41:03.811189300Z,TaxiAlgorithmP2PCollector,1,2000,60,800,1,nearest,1,4,0,false,none,none,SPATIAL_IMBALANCE,1,116264426,Client Waiting Time [min],0.15,80.37,14.65,10739.27,733,80.22
2026-05-26T11:41:03.811189300Z,TaxiAlgorithmP2PCollector,1,2000,60,800,1,nearest,1,4,0,false,none,none,SPATIAL_IMBALANCE,1,116264426,Client Travel Time [min],64.0,6339.0,1108.15,886521.0,800,6275.0
2026-05-26T11:41:03.811189300Z,TaxiAlgorithmP2PCollector,1,2000,60,800,1,nearest,1,4,0,false,none,none,SPATIAL_IMBALANCE,1,116264426,Calculation Time [millis],0.0,3.0,0.2,8728.0,43994,3.0
2026-05-26T11:41:03.811189300Z,TaxiAlgorithmP2PCollector,1,2000,60,800,1,nearest,1,4,0,false,none,none,SPATIAL_IMBALANCE,1,116264426,Custom Time [micros],0.0,0.0,0.0,0.0,43994,0.0
2026-05-26T11:41:14.081783600Z,TaxiAlgorithmP2PCollector,1,2000,60,800,1,nearest,1,4,0,false,none,none,SPATIAL_ISLANDS,1,116264426,Taxi Travel Distance [km],0.0,218.11,62.14,3728.66,60,218.11
2026-05-26T11:41:14.081783600Z,TaxiAlgorithmP2PCollector,1,2000,60,800,1,nearest,1,4,0,false,none,none,SPATIAL_ISLANDS,1,116264426,Client Waiting Time [min],0.12,118.75,22.08,14349.53,650,118.63
2026-05-26T11:41:14.081783600Z,TaxiAlgorithmP2PCollector,1,2000,60,800,1,nearest,1,4,0,false,none,none,SPATIAL_ISLANDS,1,116264426,Client Travel Time [min],74.0,8048.0,1806.25,1444996.0,800,7974.0
2026-05-26T11:41:14.081783600Z,TaxiAlgorithmP2PCollector,1,2000,60,800,1,nearest,1,4,0,false,none,none,SPATIAL_ISLANDS,1,116264426,Calculation Time [millis],0.0,3.0,0.21,9686.0,46261,3.0
2026-05-26T11:41:14.081783600Z,TaxiAlgorithmP2PCollector,1,2000,60,800,1,nearest,1,4,0,false,none,none,SPATIAL_ISLANDS,1,116264426,Custom Time [micros],0.0,0.0,0.0,0.0,46261,0.0
2026-05-26T11:41:18.263489100Z,TaxiAlgorithmP2PCollector,1,2000,60,800,1,nearest,1,4,0,true,return-to-hq,return-to-hq,BASELINE,1,116264426,Taxi Travel Distance [km],84.17,307.69,149.24,8954.22,60,223.51999999999998
2026-05-26T11:41:18.263489100Z,TaxiAlgorithmP2PCollector,1,2000,60,800,1,nearest,1,4,0,true,return-to-hq,return-to-hq,BASELINE,1,116264426,Client Waiting Time [min],0.08,9.9,1.38,1104.42,800,9.82
2026-05-26T11:41:18.263489100Z,TaxiAlgorithmP2PCollector,1,2000,60,800,1,nearest,1,4,0,true,return-to-hq,return-to-hq,BASELINE,1,116264426,Client Travel Time [min],31.0,982.0,315.21,252164.0,800,951.0
2026-05-26T11:41:18.263489100Z,TaxiAlgorithmP2PCollector,1,2000,60,800,1,nearest,1,4,0,true,return-to-hq,return-to-hq,BASELINE,1,116264426,Calculation Time [millis],0.0,3.0,0.09,3732.0,40353,3.0
2026-05-26T11:41:18.263489100Z,TaxiAlgorithmP2PCollector,1,2000,60,800,1,nearest,1,4,0,true,return-to-hq,return-to-hq,BASELINE,1,116264426,Custom Time [micros],0.0,0.0,0.0,0.0,40353,0.0
2026-05-26T11:41:28.788784200Z,TaxiAlgorithmP2PCollector,1,2000,60,800,1,nearest,1,4,0,true,return-to-hq,return-to-hq,RUSH_HOUR,1,116264426,Taxi Travel Distance [km],1.66,480.87,97.94,5876.32,60,479.21
2026-05-26T11:41:28.788784200Z,TaxiAlgorithmP2PCollector,1,2000,60,800,1,nearest,1,4,0,true,return-to-hq,return-to-hq,RUSH_HOUR,1,116264426,Client Waiting Time [min],0.1,102.35,8.43,6548.2,777,102.25
2026-05-26T11:41:28.788784200Z,TaxiAlgorithmP2PCollector,1,2000,60,800,1,nearest,1,4,0,true,return-to-hq,return-to-hq,RUSH_HOUR,1,116264426,Client Travel Time [min],52.0,7100.0,759.02,607213.0,800,7048.0
2026-05-26T11:41:28.788784200Z,TaxiAlgorithmP2PCollector,1,2000,60,800,1,nearest,1,4,0,true,return-to-hq,return-to-hq,RUSH_HOUR,1,116264426,Calculation Time [millis],0.0,3.0,0.22,9951.0,44473,3.0
2026-05-26T11:41:28.788784200Z,TaxiAlgorithmP2PCollector,1,2000,60,800,1,nearest,1,4,0,true,return-to-hq,return-to-hq,RUSH_HOUR,1,116264426,Custom Time [micros],0.0,0.0,0.0,0.0,44473,0.0
2026-05-26T11:41:39.842485700Z,TaxiAlgorithmP2PCollector,1,2000,60,800,1,nearest,1,4,0,true,return-to-hq,return-to-hq,SPATIAL_IMBALANCE,1,116264426,Taxi Travel Distance [km],1.42,580.14,108.43,6505.85,60,578.72
2026-05-26T11:41:39.842485700Z,TaxiAlgorithmP2PCollector,1,2000,60,800,1,nearest,1,4,0,true,return-to-hq,return-to-hq,SPATIAL_IMBALANCE,1,116264426,Client Waiting Time [min],0.1,42.95,2.91,2315.55,797,42.85
2026-05-26T11:41:39.842485700Z,TaxiAlgorithmP2PCollector,1,2000,60,800,1,nearest,1,4,0,true,return-to-hq,return-to-hq,SPATIAL_IMBALANCE,1,116264426,Client Travel Time [min],55.0,2761.0,371.97,297577.0,800,2706.0
2026-05-26T11:41:39.842485700Z,TaxiAlgorithmP2PCollector,1,2000,60,800,1,nearest,1,4,0,true,return-to-hq,return-to-hq,SPATIAL_IMBALANCE,1,116264426,Calculation Time [millis],0.0,147.0,0.26,10327.0,40358,147.0
2026-05-26T11:41:39.842485700Z,TaxiAlgorithmP2PCollector,1,2000,60,800,1,nearest,1,4,0,true,return-to-hq,return-to-hq,SPATIAL_IMBALANCE,1,116264426,Custom Time [micros],0.0,0.0,0.0,0.0,40358,0.0
2026-05-26T11:41:43.362731500Z,TaxiAlgorithmP2PCollector,1,2000,60,800,1,nearest,1,4,0,true,return-to-hq,return-to-hq,SPATIAL_ISLANDS,1,116264426,Taxi Travel Distance [km],0.79,358.59,112.14,6728.27,60,357.79999999999995
2026-05-26T11:41:43.362731500Z,TaxiAlgorithmP2PCollector,1,2000,60,800,1,nearest,1,4,0,true,return-to-hq,return-to-hq,SPATIAL_ISLANDS,1,116264426,Client Waiting Time [min],0.05,19.38,1.29,1031.37,800,19.33
2026-05-26T11:41:43.362731500Z,TaxiAlgorithmP2PCollector,1,2000,60,800,1,nearest,1,4,0,true,return-to-hq,return-to-hq,SPATIAL_ISLANDS,1,116264426,Client Travel Time [min],54.0,1239.0,303.3,242643.0,800,1185.0
2026-05-26T11:41:43.362731500Z,TaxiAlgorithmP2PCollector,1,2000,60,800,1,nearest,1,4,0,true,return-to-hq,return-to-hq,SPATIAL_ISLANDS,1,116264426,Calculation Time [millis],0.0,3.0,0.08,3078.0,40318,3.0
2026-05-26T11:41:43.362731500Z,TaxiAlgorithmP2PCollector,1,2000,60,800,1,nearest,1,4,0,true,return-to-hq,return-to-hq,SPATIAL_ISLANDS,1,116264426,Custom Time [micros],0.0,0.0,0.0,0.0,40318,0.0
2026-05-26T11:41:45.215765Z,TaxiAlgorithmP2PCollector,1,2000,60,800,1,nearest,1,4,0,true,past-avg,past-avg,BASELINE,1,116264426,Taxi Travel Distance [km],20.23,306.79,123.38,7403.0,60,286.56
2026-05-26T11:41:45.215765Z,TaxiAlgorithmP2PCollector,1,2000,60,800,1,nearest,1,4,0,true,past-avg,past-avg,BASELINE,1,116264426,Client Waiting Time [min],0.05,5.93,1.36,1088.13,800,5.88
2026-05-26T11:41:45.215765Z,TaxiAlgorithmP2PCollector,1,2000,60,800,1,nearest,1,4,0,true,past-avg,past-avg,BASELINE,1,116264426,Client Travel Time [min],35.0,767.0,314.1,251278.0,800,732.0
2026-05-26T11:41:45.215765Z,TaxiAlgorithmP2PCollector,1,2000,60,800,1,nearest,1,4,0,true,past-avg,past-avg,BASELINE,1,116264426,Calculation Time [millis],0.0,3.0,0.04,1439.0,40388,3.0
2026-05-26T11:41:45.215765Z,TaxiAlgorithmP2PCollector,1,2000,60,800,1,nearest,1,4,0,true,past-avg,past-avg,BASELINE,1,116264426,Custom Time [micros],0.0,0.0,0.0,0.0,40388,0.0
2026-05-26T11:41:50.527073800Z,TaxiAlgorithmP2PCollector,1,2000,60,800,1,nearest,1,4,0,true,past-avg,past-avg,RUSH_HOUR,1,116264426,Taxi Travel Distance [km],32.34,256.28,128.89,7733.5,60,223.93999999999997
2026-05-26T11:41:50.527073800Z,TaxiAlgorithmP2PCollector,1,2000,60,800,1,nearest,1,4,0,true,past-avg,past-avg,RUSH_HOUR,1,116264426,Client Waiting Time [min],0.03,21.62,1.51,1210.08,800,21.59
2026-05-26T11:41:50.527073800Z,TaxiAlgorithmP2PCollector,1,2000,60,800,1,nearest,1,4,0,true,past-avg,past-avg,RUSH_HOUR,1,116264426,Client Travel Time [min],36.0,1541.0,325.76,260608.0,800,1505.0
2026-05-26T11:41:50.527073800Z,TaxiAlgorithmP2PCollector,1,2000,60,800,1,nearest,1,4,0,true,past-avg,past-avg,RUSH_HOUR,1,116264426,Calculation Time [millis],0.0,4.0,0.12,4857.0,40081,4.0
2026-05-26T11:41:50.527073800Z,TaxiAlgorithmP2PCollector,1,2000,60,800,1,nearest,1,4,0,true,past-avg,past-avg,RUSH_HOUR,1,116264426,Custom Time [micros],0.0,0.0,0.0,0.0,40081,0.0
2026-05-26T11:41:53.569110900Z,TaxiAlgorithmP2PCollector,1,2000,60,800,1,nearest,1,4,0,true,past-avg,past-avg,SPATIAL_IMBALANCE,1,116264426,Taxi Travel Distance [km],12.06,315.21,116.44,6986.21,60,303.15
2026-05-26T11:41:53.569110900Z,TaxiAlgorithmP2PCollector,1,2000,60,800,1,nearest,1,4,0,true,past-avg,past-avg,SPATIAL_IMBALANCE,1,116264426,Client Waiting Time [min],0.07,31.38,1.32,1052.13,800,31.31
2026-05-26T11:41:53.569110900Z,TaxiAlgorithmP2PCollector,1,2000,60,800,1,nearest,1,4,0,true,past-avg,past-avg,SPATIAL_IMBALANCE,1,116264426,Client Travel Time [min],40.0,2022.0,279.72,223772.0,800,1982.0
2026-05-26T11:41:53.569110900Z,TaxiAlgorithmP2PCollector,1,2000,60,800,1,nearest,1,4,0,true,past-avg,past-avg,SPATIAL_IMBALANCE,1,116264426,Calculation Time [millis],0.0,3.0,0.07,2623.0,40353,3.0
2026-05-26T11:41:53.569110900Z,TaxiAlgorithmP2PCollector,1,2000,60,800,1,nearest,1,4,0,true,past-avg,past-avg,SPATIAL_IMBALANCE,1,116264426,Custom Time [micros],0.0,0.0,0.0,0.0,40353,0.0
2026-05-26T11:41:55.901473500Z,TaxiAlgorithmP2PCollector,1,2000,60,800,1,nearest,1,4,0,true,past-avg,past-avg,SPATIAL_ISLANDS,1,116264426,Taxi Travel Distance [km],14.89,270.46,127.55,7652.73,60,255.57
2026-05-26T11:41:55.901473500Z,TaxiAlgorithmP2PCollector,1,2000,60,800,1,nearest,1,4,0,true,past-avg,past-avg,SPATIAL_ISLANDS,1,116264426,Client Waiting Time [min],0.1,15.77,1.37,1094.65,800,15.67
2026-05-26T11:41:55.901473500Z,TaxiAlgorithmP2PCollector,1,2000,60,800,1,nearest,1,4,0,true,past-avg,past-avg,SPATIAL_ISLANDS,1,116264426,Client Travel Time [min],35.0,1123.0,308.41,246727.0,800,1088.0
2026-05-26T11:41:55.901473500Z,TaxiAlgorithmP2PCollector,1,2000,60,800,1,nearest,1,4,0,true,past-avg,past-avg,SPATIAL_ISLANDS,1,116264426,Calculation Time [millis],0.0,4.0,0.05,1885.0,40378,4.0
2026-05-26T11:41:55.901473500Z,TaxiAlgorithmP2PCollector,1,2000,60,800,1,nearest,1,4,0,true,past-avg,past-avg,SPATIAL_ISLANDS,1,116264426,Custom Time [micros],0.0,0.0,0.0,0.0,40378,0.0
2026-05-26T11:42:01.808556200Z,TaxiAlgorithmP2PCollector,1,2000,60,800,1,nearest,1,4,1,false,none,none,BASELINE,1,116264426,Taxi Travel Distance [km],12.27,301.15,90.12,5407.2,60,288.88
2026-05-26T11:42:01.808556200Z,TaxiAlgorithmP2PCollector,1,2000,60,800,1,nearest,1,4,1,false,none,none,BASELINE,1,116264426,Client Waiting Time [min],0.08,22.98,1.61,1287.92,800,22.900000000000002
2026-05-26T11:42:01.808556200Z,TaxiAlgorithmP2PCollector,1,2000,60,800,1,nearest,1,4,1,false,none,none,BASELINE,1,116264426,Client Travel Time [min],31.0,1729.0,328.06,262446.0,800,1698.0
2026-05-26T11:42:01.808556200Z,TaxiAlgorithmP2PCollector,1,2000,60,800,1,nearest,1,4,1,false,none,none,BASELINE,1,116264426,Calculation Time [millis],0.0,3.0,0.14,5476.0,40389,3.0
2026-05-26T11:42:01.808556200Z,TaxiAlgorithmP2PCollector,1,2000,60,800,1,nearest,1,4,1,false,none,none,BASELINE,1,116264426,Custom Time [micros],0.0,0.0,0.0,0.0,40389,0.0
2026-05-26T11:42:10.045515400Z,TaxiAlgorithmP2PCollector,1,2000,60,800,1,nearest,1,4,1,false,none,none,RUSH_HOUR,1,116264426,Taxi Travel Distance [km],8.67,231.32,90.31,5418.31,60,222.65
2026-05-26T11:42:10.045515400Z,TaxiAlgorithmP2PCollector,1,2000,60,800,1,nearest,1,4,1,false,none,none,RUSH_HOUR,1,116264426,Client Waiting Time [min],0.08,51.47,1.77,1414.35,798,51.39
2026-05-26T11:42:10.045515400Z,TaxiAlgorithmP2PCollector,1,2000,60,800,1,nearest,1,4,1,false,none,none,RUSH_HOUR,1,116264426,Client Travel Time [min],55.0,3363.0,341.43,273146.0,800,3308.0
2026-05-26T11:42:10.045515400Z,TaxiAlgorithmP2PCollector,1,2000,60,800,1,nearest,1,4,1,false,none,none,RUSH_HOUR,1,116264426,Calculation Time [millis],0.0,4.0,0.19,7751.0,40075,4.0
2026-05-26T11:42:10.045515400Z,TaxiAlgorithmP2PCollector,1,2000,60,800,1,nearest,1,4,1,false,none,none,RUSH_HOUR,1,116264426,Custom Time [micros],0.0,0.0,0.0,0.0,40075,0.0
2026-05-26T11:42:24.716282100Z,TaxiAlgorithmP2PCollector,1,2000,60,800,1,nearest,1,4,1,false,none,none,SPATIAL_IMBALANCE,1,116264426,Taxi Travel Distance [km],0.0,300.19,67.36,4041.63,60,300.19
2026-05-26T11:42:24.716282100Z,TaxiAlgorithmP2PCollector,1,2000,60,800,1,nearest,1,4,1,false,none,none,SPATIAL_IMBALANCE,1,116264426,Client Waiting Time [min],0.15,105.23,14.74,10846.32,736,105.08
2026-05-26T11:42:24.716282100Z,TaxiAlgorithmP2PCollector,1,2000,60,800,1,nearest,1,4,1,false,none,none,SPATIAL_IMBALANCE,1,116264426,Client Travel Time [min],66.0,6320.0,1104.44,883550.0,800,6254.0
2026-05-26T11:42:24.716282100Z,TaxiAlgorithmP2PCollector,1,2000,60,800,1,nearest,1,4,1,false,none,none,SPATIAL_IMBALANCE,1,116264426,Calculation Time [millis],0.0,4.0,0.32,14102.0,43579,4.0
2026-05-26T11:42:24.716282100Z,TaxiAlgorithmP2PCollector,1,2000,60,800,1,nearest,1,4,1,false,none,none,SPATIAL_IMBALANCE,1,116264426,Custom Time [micros],0.0,0.0,0.0,0.0,43579,0.0
2026-05-26T11:42:39.644921Z,TaxiAlgorithmP2PCollector,1,2000,60,800,1,nearest,1,4,1,false,none,none,SPATIAL_ISLANDS,1,116264426,Taxi Travel Distance [km],0.0,280.49,67.02,4021.47,60,280.49
2026-05-26T11:42:39.644921Z,TaxiAlgorithmP2PCollector,1,2000,60,800,1,nearest,1,4,1,false,none,none,SPATIAL_ISLANDS,1,116264426,Client Waiting Time [min],0.17,98.93,20.32,13719.02,675,98.76
2026-05-26T11:42:39.644921Z,TaxiAlgorithmP2PCollector,1,2000,60,800,1,nearest,1,4,1,false,none,none,SPATIAL_ISLANDS,1,116264426,Client Travel Time [min],66.0,7842.0,1653.81,1323045.0,800,7776.0
2026-05-26T11:42:39.644921Z,TaxiAlgorithmP2PCollector,1,2000,60,800,1,nearest,1,4,1,false,none,none,SPATIAL_ISLANDS,1,116264426,Calculation Time [millis],0.0,4.0,0.32,14345.0,44535,4.0
2026-05-26T11:42:39.644921Z,TaxiAlgorithmP2PCollector,1,2000,60,800,1,nearest,1,4,1,false,none,none,SPATIAL_ISLANDS,1,116264426,Custom Time [micros],0.0,0.0,0.0,0.0,44535,0.0
2026-05-26T11:42:45.224714100Z,TaxiAlgorithmP2PCollector,1,2000,60,800,1,nearest,1,4,1,true,return-to-hq,return-to-hq,BASELINE,1,116264426,Taxi Travel Distance [km],67.92,296.6,139.31,8358.57,60,228.68
2026-05-26T11:42:45.224714100Z,TaxiAlgorithmP2PCollector,1,2000,60,800,1,nearest,1,4,1,true,return-to-hq,return-to-hq,BASELINE,1,116264426,Client Waiting Time [min],0.07,11.25,1.5,1200.2,800,11.18
2026-05-26T11:42:45.224714100Z,TaxiAlgorithmP2PCollector,1,2000,60,800,1,nearest,1,4,1,true,return-to-hq,return-to-hq,BASELINE,1,116264426,Client Travel Time [min],31.0,934.0,322.45,257956.0,800,903.0
2026-05-26T11:42:45.224714100Z,TaxiAlgorithmP2PCollector,1,2000,60,800,1,nearest,1,4,1,true,return-to-hq,return-to-hq,BASELINE,1,116264426,Calculation Time [millis],0.0,8.0,0.13,5127.0,40390,8.0
2026-05-26T11:42:45.224714100Z,TaxiAlgorithmP2PCollector,1,2000,60,800,1,nearest,1,4,1,true,return-to-hq,return-to-hq,BASELINE,1,116264426,Custom Time [micros],0.0,0.0,0.0,0.0,40390,0.0
2026-05-26T11:43:02.225805700Z,TaxiAlgorithmP2PCollector,1,2000,60,800,1,nearest,1,4,1,true,return-to-hq,return-to-hq,RUSH_HOUR,1,116264426,Taxi Travel Distance [km],1.57,610.64,97.17,5830.01,60,609.0699999999999
2026-05-26T11:43:02.225805700Z,TaxiAlgorithmP2PCollector,1,2000,60,800,1,nearest,1,4,1,true,return-to-hq,return-to-hq,RUSH_HOUR,1,116264426,Client Waiting Time [min],0.12,99.58,8.78,6834.27,778,99.46
2026-05-26T11:43:02.225805700Z,TaxiAlgorithmP2PCollector,1,2000,60,800,1,nearest,1,4,1,true,return-to-hq,return-to-hq,RUSH_HOUR,1,116264426,Client Travel Time [min],52.0,7100.0,774.97,619977.0,800,7048.0
2026-05-26T11:43:02.225805700Z,TaxiAlgorithmP2PCollector,1,2000,60,800,1,nearest,1,4,1,true,return-to-hq,return-to-hq,RUSH_HOUR,1,116264426,Calculation Time [millis],0.0,5.0,0.37,16389.0,44473,5.0
2026-05-26T11:43:02.225805700Z,TaxiAlgorithmP2PCollector,1,2000,60,800,1,nearest,1,4,1,true,return-to-hq,return-to-hq,RUSH_HOUR,1,116264426,Custom Time [micros],0.0,0.0,0.0,0.0,44473,0.0
2026-05-26T11:43:18.458732500Z,TaxiAlgorithmP2PCollector,1,2000,60,800,1,nearest,1,4,1,true,return-to-hq,return-to-hq,SPATIAL_IMBALANCE,1,116264426,Taxi Travel Distance [km],1.42,617.53,109.66,6579.82,60,616.11
2026-05-26T11:43:18.458732500Z,TaxiAlgorithmP2PCollector,1,2000,60,800,1,nearest,1,4,1,true,return-to-hq,return-to-hq,SPATIAL_IMBALANCE,1,116264426,Client Waiting Time [min],0.08,37.47,3.05,2430.25,797,37.39
2026-05-26T11:43:18.458732500Z,TaxiAlgorithmP2PCollector,1,2000,60,800,1,nearest,1,4,1,true,return-to-hq,return-to-hq,SPATIAL_IMBALANCE,1,116264426,Client Travel Time [min],43.0,2374.0,380.07,304052.0,800,2331.0
2026-05-26T11:43:18.458732500Z,TaxiAlgorithmP2PCollector,1,2000,60,800,1,nearest,1,4,1,true,return-to-hq,return-to-hq,SPATIAL_IMBALANCE,1,116264426,Calculation Time [millis],0.0,6.0,0.39,15696.0,40356,6.0
2026-05-26T11:43:18.458732500Z,TaxiAlgorithmP2PCollector,1,2000,60,800,1,nearest,1,4,1,true,return-to-hq,return-to-hq,SPATIAL_IMBALANCE,1,116264426,Custom Time [micros],0.0,0.0,0.0,0.0,40356,0.0
2026-05-26T11:43:24.313280700Z,TaxiAlgorithmP2PCollector,1,2000,60,800,1,nearest,1,4,1,true,return-to-hq,return-to-hq,SPATIAL_ISLANDS,1,116264426,Taxi Travel Distance [km],1.27,329.15,112.26,6735.76,60,327.88
2026-05-26T11:43:24.313280700Z,TaxiAlgorithmP2PCollector,1,2000,60,800,1,nearest,1,4,1,true,return-to-hq,return-to-hq,SPATIAL_ISLANDS,1,116264426,Client Waiting Time [min],0.07,18.62,1.43,1144.2,798,18.55
2026-05-26T11:43:24.313280700Z,TaxiAlgorithmP2PCollector,1,2000,60,800,1,nearest,1,4,1,true,return-to-hq,return-to-hq,SPATIAL_ISLANDS,1,116264426,Client Travel Time [min],36.0,1195.0,312.55,250039.0,800,1159.0
2026-05-26T11:43:24.313280700Z,TaxiAlgorithmP2PCollector,1,2000,60,800,1,nearest,1,4,1,true,return-to-hq,return-to-hq,SPATIAL_ISLANDS,1,116264426,Calculation Time [millis],0.0,7.0,0.13,5394.0,40389,7.0
2026-05-26T11:43:24.313280700Z,TaxiAlgorithmP2PCollector,1,2000,60,800,1,nearest,1,4,1,true,return-to-hq,return-to-hq,SPATIAL_ISLANDS,1,116264426,Custom Time [micros],0.0,0.0,0.0,0.0,40389,0.0
2026-05-26T11:43:29.468849800Z,TaxiAlgorithmP2PCollector,1,2000,60,800,1,nearest,1,4,1,true,past-avg,past-avg,BASELINE,1,116264426,Taxi Travel Distance [km],24.75,309.42,128.22,7693.14,60,284.67
2026-05-26T11:43:29.468849800Z,TaxiAlgorithmP2PCollector,1,2000,60,800,1,nearest,1,4,1,true,past-avg,past-avg,BASELINE,1,116264426,Client Waiting Time [min],0.1,17.1,1.44,1155.38,800,17.0
2026-05-26T11:43:29.468849800Z,TaxiAlgorithmP2PCollector,1,2000,60,800,1,nearest,1,4,1,true,past-avg,past-avg,BASELINE,1,116264426,Client Travel Time [min],28.0,1203.0,318.87,255092.0,800,1175.0
2026-05-26T11:43:29.468849800Z,TaxiAlgorithmP2PCollector,1,2000,60,800,1,nearest,1,4,1,true,past-avg,past-avg,BASELINE,1,116264426,Calculation Time [millis],0.0,6.0,0.11,4699.0,40947,6.0
2026-05-26T11:43:29.468849800Z,TaxiAlgorithmP2PCollector,1,2000,60,800,1,nearest,1,4,1,true,past-avg,past-avg,BASELINE,1,116264426,Custom Time [micros],0.0,0.0,0.0,0.0,40947,0.0
2026-05-26T11:43:39.765497600Z,TaxiAlgorithmP2PCollector,1,2000,60,800,1,nearest,1,4,1,true,past-avg,past-avg,RUSH_HOUR,1,116264426,Taxi Travel Distance [km],36.85,247.06,131.5,7890.26,60,210.21
2026-05-26T11:43:39.765497600Z,TaxiAlgorithmP2PCollector,1,2000,60,800,1,nearest,1,4,1,true,past-avg,past-avg,RUSH_HOUR,1,116264426,Client Waiting Time [min],0.07,41.75,1.72,1374.17,800,41.68
2026-05-26T11:43:39.765497600Z,TaxiAlgorithmP2PCollector,1,2000,60,800,1,nearest,1,4,1,true,past-avg,past-avg,RUSH_HOUR,1,116264426,Client Travel Time [min],36.0,2728.0,337.57,270056.0,800,2692.0
2026-05-26T11:43:39.765497600Z,TaxiAlgorithmP2PCollector,1,2000,60,800,1,nearest,1,4,1,true,past-avg,past-avg,RUSH_HOUR,1,116264426,Calculation Time [millis],0.0,6.0,0.24,9805.0,40126,6.0
2026-05-26T11:43:39.765497600Z,TaxiAlgorithmP2PCollector,1,2000,60,800,1,nearest,1,4,1,true,past-avg,past-avg,RUSH_HOUR,1,116264426,Custom Time [micros],0.0,0.0,0.0,0.0,40126,0.0
2026-05-26T11:43:47.732163100Z,TaxiAlgorithmP2PCollector,1,2000,60,800,1,nearest,1,4,1,true,past-avg,past-avg,SPATIAL_IMBALANCE,1,116264426,Taxi Travel Distance [km],15.54,304.04,117.08,7025.01,60,288.5
2026-05-26T11:43:47.732163100Z,TaxiAlgorithmP2PCollector,1,2000,60,800,1,nearest,1,4,1,true,past-avg,past-avg,SPATIAL_IMBALANCE,1,116264426,Client Waiting Time [min],0.07,22.98,1.38,1103.12,800,22.91
2026-05-26T11:43:47.732163100Z,TaxiAlgorithmP2PCollector,1,2000,60,800,1,nearest,1,4,1,true,past-avg,past-avg,SPATIAL_IMBALANCE,1,116264426,Client Travel Time [min],18.0,1752.0,283.45,226763.0,800,1734.0
2026-05-26T11:43:47.732163100Z,TaxiAlgorithmP2PCollector,1,2000,60,800,1,nearest,1,4,1,true,past-avg,past-avg,SPATIAL_IMBALANCE,1,116264426,Calculation Time [millis],0.0,177.0,0.18,7099.0,40472,177.0
2026-05-26T11:43:47.732163100Z,TaxiAlgorithmP2PCollector,1,2000,60,800,1,nearest,1,4,1,true,past-avg,past-avg,SPATIAL_IMBALANCE,1,116264426,Custom Time [micros],0.0,0.0,0.0,0.0,40472,0.0
2026-05-26T11:43:50.974207500Z,TaxiAlgorithmP2PCollector,1,2000,60,800,1,nearest,1,4,1,true,past-avg,past-avg,SPATIAL_ISLANDS,1,116264426,Taxi Travel Distance [km],31.83,258.37,125.6,7536.2,60,226.54000000000002
2026-05-26T11:43:50.974207500Z,TaxiAlgorithmP2PCollector,1,2000,60,800,1,nearest,1,4,1,true,past-avg,past-avg,SPATIAL_ISLANDS,1,116264426,Client Waiting Time [min],0.1,8.07,1.48,1183.2,800,7.970000000000001
2026-05-26T11:43:50.974207500Z,TaxiAlgorithmP2PCollector,1,2000,60,800,1,nearest,1,4,1,true,past-avg,past-avg,SPATIAL_ISLANDS,1,116264426,Client Travel Time [min],32.0,908.0,315.1,252081.0,800,876.0
2026-05-26T11:43:50.974207500Z,TaxiAlgorithmP2PCollector,1,2000,60,800,1,nearest,1,4,1,true,past-avg,past-avg,SPATIAL_ISLANDS,1,116264426,Calculation Time [millis],0.0,5.0,0.07,2814.0,40428,5.0
2026-05-26T11:43:50.974207500Z,TaxiAlgorithmP2PCollector,1,2000,60,800,1,nearest,1,4,1,true,past-avg,past-avg,SPATIAL_ISLANDS,1,116264426,Custom Time [micros],0.0,0.0,0.0,0.0,40428,0.0
2026-05-26T11:43:51.516207700Z,TaxiAlgorithmSinglePassenger,0,-1,60,800,1,n/a,-1,-1,-1,false,n/a,n/a,BASELINE,1,116264426,Taxi Travel Distance [km],10.23,219.51,83.36,5001.53,60,209.28
2026-05-26T11:43:51.516207700Z,TaxiAlgorithmSinglePassenger,0,-1,60,800,1,n/a,-1,-1,-1,false,n/a,n/a,BASELINE,1,116264426,Client Waiting Time [min],0.05,3.45,0.83,666.52,800,3.4000000000000004
2026-05-26T11:43:51.516207700Z,TaxiAlgorithmSinglePassenger,0,-1,60,800,1,n/a,-1,-1,-1,false,n/a,n/a,BASELINE,1,116264426,Client Travel Time [min],28.0,646.0,282.62,226099.0,800,618.0
2026-05-26T11:43:51.516207700Z,TaxiAlgorithmSinglePassenger,0,-1,60,800,1,n/a,-1,-1,-1,false,n/a,n/a,BASELINE,1,116264426,Calculation Time [millis],0.0,1.0,0.0,109.0,40411,1.0
2026-05-26T11:43:51.516207700Z,TaxiAlgorithmSinglePassenger,0,-1,60,800,1,n/a,-1,-1,-1,false,n/a,n/a,BASELINE,1,116264426,Custom Time [micros],0.0,0.0,0.0,0.0,40411,0.0
2026-05-26T11:43:52.007334100Z,TaxiAlgorithmSinglePassenger,0,-1,60,800,1,n/a,-1,-1,-1,false,n/a,n/a,RUSH_HOUR,1,116264426,Taxi Travel Distance [km],22.9,140.74,83.15,4988.95,60,117.84
2026-05-26T11:43:52.007334100Z,TaxiAlgorithmSinglePassenger,0,-1,60,800,1,n/a,-1,-1,-1,false,n/a,n/a,RUSH_HOUR,1,116264426,Client Waiting Time [min],0.05,4.35,0.77,614.55,800,4.3
2026-05-26T11:43:52.007334100Z,TaxiAlgorithmSinglePassenger,0,-1,60,800,1,n/a,-1,-1,-1,false,n/a,n/a,RUSH_HOUR,1,116264426,Client Travel Time [min],36.0,706.0,282.01,225604.0,800,670.0
2026-05-26T11:43:52.007334100Z,TaxiAlgorithmSinglePassenger,0,-1,60,800,1,n/a,-1,-1,-1,false,n/a,n/a,RUSH_HOUR,1,116264426,Calculation Time [millis],0.0,0.0,0.0,98.0,40067,0.0
2026-05-26T11:43:52.007334100Z,TaxiAlgorithmSinglePassenger,0,-1,60,800,1,n/a,-1,-1,-1,false,n/a,n/a,RUSH_HOUR,1,116264426,Custom Time [micros],0.0,0.0,0.0,0.0,40067,0.0
2026-05-26T11:43:52.502334900Z,TaxiAlgorithmSinglePassenger,0,-1,60,800,1,n/a,-1,-1,-1,false,n/a,n/a,SPATIAL_IMBALANCE,1,116264426,Taxi Travel Distance [km],0.0,233.84,86.75,5204.87,60,233.84
2026-05-26T11:43:52.502334900Z,TaxiAlgorithmSinglePassenger,0,-1,60,800,1,n/a,-1,-1,-1,false,n/a,n/a,SPATIAL_IMBALANCE,1,116264426,Client Waiting Time [min],0.07,3.48,1.55,1241.43,800,3.41
2026-05-26T11:43:52.502334900Z,TaxiAlgorithmSinglePassenger,0,-1,60,800,1,n/a,-1,-1,-1,false,n/a,n/a,SPATIAL_IMBALANCE,1,116264426,Client Travel Time [min],34.0,604.0,294.33,235464.0,800,570.0
2026-05-26T11:43:52.502334900Z,TaxiAlgorithmSinglePassenger,0,-1,60,800,1,n/a,-1,-1,-1,false,n/a,n/a,SPATIAL_IMBALANCE,1,116264426,Calculation Time [millis],0.0,0.0,0.0,101.0,40309,0.0
2026-05-26T11:43:52.502334900Z,TaxiAlgorithmSinglePassenger,0,-1,60,800,1,n/a,-1,-1,-1,false,n/a,n/a,SPATIAL_IMBALANCE,1,116264426,Custom Time [micros],0.0,0.0,0.0,0.0,40309,0.0
2026-05-26T11:43:53.214393Z,TaxiAlgorithmSinglePassenger,0,-1,60,800,1,n/a,-1,-1,-1,false,n/a,n/a,SPATIAL_ISLANDS,1,116264426,Taxi Travel Distance [km],1.13,297.14,100.3,6018.27,60,296.01
2026-05-26T11:43:53.214393Z,TaxiAlgorithmSinglePassenger,0,-1,60,800,1,n/a,-1,-1,-1,false,n/a,n/a,SPATIAL_ISLANDS,1,116264426,Client Waiting Time [min],0.05,4.95,1.89,1511.42,800,4.9
2026-05-26T11:43:53.214393Z,TaxiAlgorithmSinglePassenger,0,-1,60,800,1,n/a,-1,-1,-1,false,n/a,n/a,SPATIAL_ISLANDS,1,116264426,Client Travel Time [min],24.0,740.0,339.88,271902.0,800,716.0
2026-05-26T11:43:53.214393Z,TaxiAlgorithmSinglePassenger,0,-1,60,800,1,n/a,-1,-1,-1,false,n/a,n/a,SPATIAL_ISLANDS,1,116264426,Calculation Time [millis],0.0,0.0,0.0,126.0,40367,0.0
2026-05-26T11:43:53.214393Z,TaxiAlgorithmSinglePassenger,0,-1,60,800,1,n/a,-1,-1,-1,false,n/a,n/a,SPATIAL_ISLANDS,1,116264426,Custom Time [micros],0.0,0.0,0.0,0.0,40367,0.0
2026-05-26T11:44:25.360098400Z,TaxiAlgorithmVehicleRouting,0,-1,60,800,1,n/a,-1,-1,-1,false,n/a,n/a,BASELINE,1,116264426,Taxi Travel Distance [km],10.23,201.62,84.46,5067.65,60,191.39000000000001
2026-05-26T11:44:25.360098400Z,TaxiAlgorithmVehicleRouting,0,-1,60,800,1,n/a,-1,-1,-1,false,n/a,n/a,BASELINE,1,116264426,Client Waiting Time [min],0.05,14.57,3.06,13901.5,4542,14.52
2026-05-26T11:44:25.360098400Z,TaxiAlgorithmVehicleRouting,0,-1,60,800,1,n/a,-1,-1,-1,false,n/a,n/a,BASELINE,1,116264426,Client Travel Time [min],28.0,882.0,300.53,240421.0,800,854.0
2026-05-26T11:44:25.360098400Z,TaxiAlgorithmVehicleRouting,0,-1,60,800,1,n/a,-1,-1,-1,false,n/a,n/a,BASELINE,1,116264426,Calculation Time [millis],0.0,103.0,0.78,31491.0,40411,103.0
2026-05-26T11:44:25.360098400Z,TaxiAlgorithmVehicleRouting,0,-1,60,800,1,n/a,-1,-1,-1,false,n/a,n/a,BASELINE,1,116264426,Custom Time [micros],0.0,0.0,0.0,0.0,40411,0.0
2026-05-26T11:45:57.924432600Z,TaxiAlgorithmVehicleRouting,0,-1,60,800,1,n/a,-1,-1,-1,false,n/a,n/a,RUSH_HOUR,1,116264426,Taxi Travel Distance [km],24.65,147.08,83.45,5007.06,60,122.43
2026-05-26T11:45:57.924432600Z,TaxiAlgorithmVehicleRouting,0,-1,60,800,1,n/a,-1,-1,-1,false,n/a,n/a,RUSH_HOUR,1,116264426,Client Waiting Time [min],0.05,18.52,3.49,32300.07,9258,18.47
2026-05-26T11:45:57.924432600Z,TaxiAlgorithmVehicleRouting,0,-1,60,800,1,n/a,-1,-1,-1,false,n/a,n/a,RUSH_HOUR,1,116264426,Client Travel Time [min],41.0,1122.0,317.99,254393.0,800,1081.0
2026-05-26T11:45:57.924432600Z,TaxiAlgorithmVehicleRouting,0,-1,60,800,1,n/a,-1,-1,-1,false,n/a,n/a,RUSH_HOUR,1,116264426,Calculation Time [millis],0.0,603.0,2.3,92113.0,40067,603.0
2026-05-26T11:45:57.924432600Z,TaxiAlgorithmVehicleRouting,0,-1,60,800,1,n/a,-1,-1,-1,false,n/a,n/a,RUSH_HOUR,1,116264426,Custom Time [micros],0.0,0.0,0.0,0.0,40067,0.0
2026-05-26T11:46:41.199121900Z,TaxiAlgorithmVehicleRouting,0,-1,60,800,1,n/a,-1,-1,-1,false,n/a,n/a,SPATIAL_IMBALANCE,1,116264426,Taxi Travel Distance [km],0.0,262.91,90.29,5417.37,60,262.91
2026-05-26T11:46:41.199121900Z,TaxiAlgorithmVehicleRouting,0,-1,60,800,1,n/a,-1,-1,-1,false,n/a,n/a,SPATIAL_IMBALANCE,1,116264426,Client Waiting Time [min],0.05,14.25,3.53,14186.27,4023,14.2
2026-05-26T11:46:41.199121900Z,TaxiAlgorithmVehicleRouting,0,-1,60,800,1,n/a,-1,-1,-1,false,n/a,n/a,SPATIAL_IMBALANCE,1,116264426,Client Travel Time [min],29.0,873.0,337.48,269986.0,800,844.0
2026-05-26T11:46:41.199121900Z,TaxiAlgorithmVehicleRouting,0,-1,60,800,1,n/a,-1,-1,-1,false,n/a,n/a,SPATIAL_IMBALANCE,1,116264426,Calculation Time [millis],0.0,217.0,1.06,42867.0,40326,217.0
2026-05-26T11:46:41.199121900Z,TaxiAlgorithmVehicleRouting,0,-1,60,800,1,n/a,-1,-1,-1,false,n/a,n/a,SPATIAL_IMBALANCE,1,116264426,Custom Time [micros],0.0,0.0,0.0,0.0,40326,0.0
2026-05-26T11:47:42.119203100Z,TaxiAlgorithmVehicleRouting,0,-1,60,800,1,n/a,-1,-1,-1,false,n/a,n/a,SPATIAL_ISLANDS,1,116264426,Taxi Travel Distance [km],1.54,313.64,104.08,6244.59,60,312.09999999999997
2026-05-26T11:47:42.119203100Z,TaxiAlgorithmVehicleRouting,0,-1,60,800,1,n/a,-1,-1,-1,false,n/a,n/a,SPATIAL_ISLANDS,1,116264426,Client Waiting Time [min],0.07,29.95,4.59,20740.22,4520,29.88
2026-05-26T11:47:42.119203100Z,TaxiAlgorithmVehicleRouting,0,-1,60,800,1,n/a,-1,-1,-1,false,n/a,n/a,SPATIAL_ISLANDS,1,116264426,Client Travel Time [min],24.0,1823.0,415.65,332520.0,800,1799.0
2026-05-26T11:47:42.119203100Z,TaxiAlgorithmVehicleRouting,0,-1,60,800,1,n/a,-1,-1,-1,false,n/a,n/a,SPATIAL_ISLANDS,1,116264426,Calculation Time [millis],0.0,338.0,1.5,60478.0,40331,338.0
2026-05-26T11:47:42.119203100Z,TaxiAlgorithmVehicleRouting,0,-1,60,800,1,n/a,-1,-1,-1,false,n/a,n/a,SPATIAL_ISLANDS,1,116264426,Custom Time [micros],0.0,0.0,0.0,0.0,40331,0.0
