timestamp,algorithm,kHops,p2pRqsRadius,taxiCount,clientCount,taxiSeatCount,p2pStrategy,p2pOverlayMinNeighbors,p2pOverlayMaxNeighbors,p2pOverlayShortcuts,spawnScenario,runIndex,worldSeed,metric,min,max,avg,sum,count,spread
2026-05-08T17:05:22.252220300Z,TaxiAlgorithmP2PCollector,0,1000,5,25,1,nearest,1,4,1,BASELINE,1,116264426,Taxi Travel Distance [km],15.14,48.59,26.54,132.68,5,33.45
2026-05-08T17:05:22.252220300Z,TaxiAlgorithmP2PCollector,0,1000,5,25,1,nearest,1,4,1,BASELINE,1,116264426,Client Waiting Time [min],21.63,21.63,21.63,21.63,1,0.0
2026-05-08T17:05:22.252220300Z,TaxiAlgorithmP2PCollector,0,1000,5,25,1,nearest,1,4,1,BASELINE,1,116264426,Client Travel Time [min],773.0,17798.0,8711.8,217795.0,25,17025.0
2026-05-08T17:05:22.252220300Z,TaxiAlgorithmP2PCollector,0,1000,5,25,1,nearest,1,4,1,BASELINE,1,116264426,Calculation Time [millis],0.0,30.0,0.08,1793.0,21268,30.0
2026-05-08T17:05:22.252220300Z,TaxiAlgorithmP2PCollector,0,1000,5,25,1,nearest,1,4,1,BASELINE,1,116264426,Custom Time [micros],0.0,0.0,0.0,0.0,21268,0.0
2026-05-08T17:05:23.308225500Z,TaxiAlgorithmP2PCollector,0,1000,5,25,1,nearest,1,4,1,BASELINE,2,116264427,Taxi Travel Distance [km],2.72,76.9,43.67,218.33,5,74.18
2026-05-08T17:05:23.308225500Z,TaxiAlgorithmP2PCollector,0,1000,5,25,1,nearest,1,4,1,BASELINE,2,116264427,Client Waiting Time [min],0.62,51.38,20.73,124.35,6,50.760000000000005
2026-05-08T17:05:23.308225500Z,TaxiAlgorithmP2PCollector,0,1000,5,25,1,nearest,1,4,1,BASELINE,2,116264427,Client Travel Time [min],540.0,16642.0,7758.04,193951.0,25,16102.0
2026-05-08T17:05:23.308225500Z,TaxiAlgorithmP2PCollector,0,1000,5,25,1,nearest,1,4,1,BASELINE,2,116264427,Calculation Time [millis],0.0,32.0,0.04,892.0,20197,32.0
2026-05-08T17:05:23.308225500Z,TaxiAlgorithmP2PCollector,0,1000,5,25,1,nearest,1,4,1,BASELINE,2,116264427,Custom Time [micros],0.0,0.0,0.0,0.0,20197,0.0
2026-05-08T17:05:24.194220900Z,TaxiAlgorithmP2PCollector,0,1000,5,25,1,nearest,1,4,1,BASELINE,3,116264428,Taxi Travel Distance [km],7.64,51.77,26.34,131.7,5,44.13
2026-05-08T17:05:24.194220900Z,TaxiAlgorithmP2PCollector,0,1000,5,25,1,nearest,1,4,1,BASELINE,3,116264428,Client Waiting Time [min],3.17,14.83,7.32,21.97,3,11.66
2026-05-08T17:05:24.194220900Z,TaxiAlgorithmP2PCollector,0,1000,5,25,1,nearest,1,4,1,BASELINE,3,116264428,Client Travel Time [min],462.0,15182.0,8877.68,221942.0,25,14720.0
2026-05-08T17:05:24.194220900Z,TaxiAlgorithmP2PCollector,0,1000,5,25,1,nearest,1,4,1,BASELINE,3,116264428,Calculation Time [millis],0.0,25.0,0.04,730.0,19385,25.0
2026-05-08T17:05:24.194220900Z,TaxiAlgorithmP2PCollector,0,1000,5,25,1,nearest,1,4,1,BASELINE,3,116264428,Custom Time [micros],0.0,0.0,0.0,0.0,19385,0.0
2026-05-08T17:05:25.143498800Z,TaxiAlgorithmP2PCollector,0,1000,5,25,1,nearest,1,4,1,BASELINE,4,116264429,Taxi Travel Distance [km],4.84,79.41,25.83,129.14,5,74.57
2026-05-08T17:05:25.143498800Z,TaxiAlgorithmP2PCollector,0,1000,5,25,1,nearest,1,4,1,BASELINE,4,116264429,Client Waiting Time [min],278.23,278.23,278.23,278.23,1,0.0
2026-05-08T17:05:25.143498800Z,TaxiAlgorithmP2PCollector,0,1000,5,25,1,nearest,1,4,1,BASELINE,4,116264429,Client Travel Time [min],1524.0,16778.0,9188.24,229706.0,25,15254.0
2026-05-08T17:05:25.143498800Z,TaxiAlgorithmP2PCollector,0,1000,5,25,1,nearest,1,4,1,BASELINE,4,116264429,Calculation Time [millis],0.0,31.0,0.04,791.0,18560,31.0
2026-05-08T17:05:25.143498800Z,TaxiAlgorithmP2PCollector,0,1000,5,25,1,nearest,1,4,1,BASELINE,4,116264429,Custom Time [micros],0.0,0.0,0.0,0.0,18560,0.0
2026-05-08T17:05:25.934545400Z,TaxiAlgorithmP2PCollector,0,1000,5,25,1,nearest,1,4,1,BASELINE,5,116264430,Taxi Travel Distance [km],3.46,69.06,25.1,125.5,5,65.60000000000001
2026-05-08T17:05:25.934545400Z,TaxiAlgorithmP2PCollector,0,1000,5,25,1,nearest,1,4,1,BASELINE,5,116264430,Client Waiting Time [min],5.4,11.37,8.38,16.77,2,5.969999999999999
2026-05-08T17:05:25.934545400Z,TaxiAlgorithmP2PCollector,0,1000,5,25,1,nearest,1,4,1,BASELINE,5,116264430,Client Travel Time [min],778.0,14554.0,9163.16,229079.0,25,13776.0
2026-05-08T17:05:25.934545400Z,TaxiAlgorithmP2PCollector,0,1000,5,25,1,nearest,1,4,1,BASELINE,5,116264430,Calculation Time [millis],0.0,20.0,0.03,648.0,18871,20.0
2026-05-08T17:05:25.934545400Z,TaxiAlgorithmP2PCollector,0,1000,5,25,1,nearest,1,4,1,BASELINE,5,116264430,Custom Time [micros],0.0,0.0,0.0,0.0,18871,0.0
2026-05-08T17:05:26.980544500Z,TaxiAlgorithmP2PCollector,0,1000,5,25,1,nearest,1,4,1,BASELINE,6,116264431,Taxi Travel Distance [km],7.4,92.25,46.36,231.79,5,84.85
2026-05-08T17:05:26.980544500Z,TaxiAlgorithmP2PCollector,0,1000,5,25,1,nearest,1,4,1,BASELINE,6,116264431,Client Waiting Time [min],0.5,41.87,16.35,114.45,7,41.37
2026-05-08T17:05:26.980544500Z,TaxiAlgorithmP2PCollector,0,1000,5,25,1,nearest,1,4,1,BASELINE,6,116264431,Client Travel Time [min],199.0,18900.0,7994.88,199872.0,25,18701.0
2026-05-08T17:05:26.980544500Z,TaxiAlgorithmP2PCollector,0,1000,5,25,1,nearest,1,4,1,BASELINE,6,116264431,Calculation Time [millis],0.0,39.0,0.04,871.0,23285,39.0
2026-05-08T17:05:26.980544500Z,TaxiAlgorithmP2PCollector,0,1000,5,25,1,nearest,1,4,1,BASELINE,6,116264431,Custom Time [micros],0.0,0.0,0.0,0.0,23285,0.0
2026-05-08T17:05:27.788543500Z,TaxiAlgorithmP2PCollector,0,1000,5,25,1,nearest,1,4,1,BASELINE,7,116264432,Taxi Travel Distance [km],10.07,113.39,44.51,222.53,5,103.32
2026-05-08T17:05:27.788543500Z,TaxiAlgorithmP2PCollector,0,1000,5,25,1,nearest,1,4,1,BASELINE,7,116264432,Client Waiting Time [min],0.52,23.93,8.3,58.08,7,23.41
2026-05-08T17:05:27.788543500Z,TaxiAlgorithmP2PCollector,0,1000,5,25,1,nearest,1,4,1,BASELINE,7,116264432,Client Travel Time [min],160.0,14879.0,7499.0,187475.0,25,14719.0
2026-05-08T17:05:27.788543500Z,TaxiAlgorithmP2PCollector,0,1000,5,25,1,nearest,1,4,1,BASELINE,7,116264432,Calculation Time [millis],0.0,20.0,0.04,684.0,19379,20.0
2026-05-08T17:05:27.788543500Z,TaxiAlgorithmP2PCollector,0,1000,5,25,1,nearest,1,4,1,BASELINE,7,116264432,Custom Time [micros],0.0,0.0,0.0,0.0,19379,0.0
2026-05-08T17:05:28.876583300Z,TaxiAlgorithmP2PCollector,0,1000,5,25,1,nearest,1,4,1,BASELINE,8,116264433,Taxi Travel Distance [km],41.67,126.21,75.4,377.02,5,84.53999999999999
2026-05-08T17:05:28.876583300Z,TaxiAlgorithmP2PCollector,0,1000,5,25,1,nearest,1,4,1,BASELINE,8,116264433,Client Waiting Time [min],1.17,40.15,23.11,208.02,9,38.98
2026-05-08T17:05:28.876583300Z,TaxiAlgorithmP2PCollector,0,1000,5,25,1,nearest,1,4,1,BASELINE,8,116264433,Client Travel Time [min],387.0,17832.0,7228.6,180715.0,25,17445.0
2026-05-08T17:05:28.876583300Z,TaxiAlgorithmP2PCollector,0,1000,5,25,1,nearest,1,4,1,BASELINE,8,116264433,Calculation Time [millis],0.0,10.0,0.04,869.0,22368,10.0
2026-05-08T17:05:28.876583300Z,TaxiAlgorithmP2PCollector,0,1000,5,25,1,nearest,1,4,1,BASELINE,8,116264433,Custom Time [micros],0.0,0.0,0.0,0.0,22368,0.0
2026-05-08T17:05:29.728525500Z,TaxiAlgorithmP2PCollector,0,1000,5,25,1,nearest,1,4,1,BASELINE,9,116264434,Taxi Travel Distance [km],9.44,74.4,28.8,143.99,5,64.96000000000001
2026-05-08T17:05:29.728525500Z,TaxiAlgorithmP2PCollector,0,1000,5,25,1,nearest,1,4,1,BASELINE,9,116264434,Client Waiting Time [min],0.18,263.95,69.82,279.27,4,263.77
2026-05-08T17:05:29.728525500Z,TaxiAlgorithmP2PCollector,0,1000,5,25,1,nearest,1,4,1,BASELINE,9,116264434,Client Travel Time [min],197.0,17584.0,7370.0,184250.0,25,17387.0
2026-05-08T17:05:29.728525500Z,TaxiAlgorithmP2PCollector,0,1000,5,25,1,nearest,1,4,1,BASELINE,9,116264434,Calculation Time [millis],0.0,35.0,0.04,719.0,20177,35.0
2026-05-08T17:05:29.728525500Z,TaxiAlgorithmP2PCollector,0,1000,5,25,1,nearest,1,4,1,BASELINE,9,116264434,Custom Time [micros],0.0,0.0,0.0,0.0,20177,0.0
2026-05-08T17:05:30.491523Z,TaxiAlgorithmP2PCollector,0,1000,5,25,1,nearest,1,4,1,BASELINE,10,116264435,Taxi Travel Distance [km],8.05,72.39,41.69,208.44,5,64.34
2026-05-08T17:05:30.491523Z,TaxiAlgorithmP2PCollector,0,1000,5,25,1,nearest,1,4,1,BASELINE,10,116264435,Client Waiting Time [min],0.6,15.3,6.88,20.65,3,14.700000000000001
2026-05-08T17:05:30.491523Z,TaxiAlgorithmP2PCollector,0,1000,5,25,1,nearest,1,4,1,BASELINE,10,116264435,Client Travel Time [min],397.0,12341.0,6328.44,158211.0,25,11944.0
2026-05-08T17:05:30.491523Z,TaxiAlgorithmP2PCollector,0,1000,5,25,1,nearest,1,4,1,BASELINE,10,116264435,Calculation Time [millis],0.0,29.0,0.04,613.0,16742,29.0
2026-05-08T17:05:30.491523Z,TaxiAlgorithmP2PCollector,0,1000,5,25,1,nearest,1,4,1,BASELINE,10,116264435,Custom Time [micros],0.0,0.0,0.0,0.0,16742,0.0
2026-05-08T17:05:33.009574200Z,TaxiAlgorithmP2PCollector,0,1000,10,25,1,nearest,1,4,1,BASELINE,1,116264426,Taxi Travel Distance [km],2.49,193.19,62.01,620.11,10,190.7
2026-05-08T17:05:33.009574200Z,TaxiAlgorithmP2PCollector,0,1000,10,25,1,nearest,1,4,1,BASELINE,1,116264426,Client Waiting Time [min],1.65,99.43,25.48,458.72,18,97.78
2026-05-08T17:05:33.009574200Z,TaxiAlgorithmP2PCollector,0,1000,10,25,1,nearest,1,4,1,BASELINE,1,116264426,Client Travel Time [min],258.0,17798.0,3304.88,82622.0,25,17540.0
2026-05-08T17:05:33.009574200Z,TaxiAlgorithmP2PCollector,0,1000,10,25,1,nearest,1,4,1,BASELINE,1,116264426,Calculation Time [millis],0.0,64.0,0.11,2387.0,21268,64.0
2026-05-08T17:05:33.009574200Z,TaxiAlgorithmP2PCollector,0,1000,10,25,1,nearest,1,4,1,BASELINE,1,116264426,Custom Time [micros],0.0,0.0,0.0,0.0,21268,0.0
2026-05-08T17:05:35.382572400Z,TaxiAlgorithmP2PCollector,0,1000,10,25,1,nearest,1,4,1,BASELINE,2,116264427,Taxi Travel Distance [km],2.72,127.13,38.2,382.0,10,124.41
2026-05-08T17:05:35.382572400Z,TaxiAlgorithmP2PCollector,0,1000,10,25,1,nearest,1,4,1,BASELINE,2,116264427,Client Waiting Time [min],0.68,153.62,29.05,203.35,7,152.94
2026-05-08T17:05:35.382572400Z,TaxiAlgorithmP2PCollector,0,1000,10,25,1,nearest,1,4,1,BASELINE,2,116264427,Client Travel Time [min],533.0,16642.0,7870.08,196752.0,25,16109.0
2026-05-08T17:05:35.382572400Z,TaxiAlgorithmP2PCollector,0,1000,10,25,1,nearest,1,4,1,BASELINE,2,116264427,Calculation Time [millis],0.0,54.0,0.11,2177.0,20197,54.0
2026-05-08T17:05:35.382572400Z,TaxiAlgorithmP2PCollector,0,1000,10,25,1,nearest,1,4,1,BASELINE,2,116264427,Custom Time [micros],0.0,0.0,0.0,0.0,20197,0.0
2026-05-08T17:05:37.263580500Z,TaxiAlgorithmP2PCollector,0,1000,10,25,1,nearest,1,4,1,BASELINE,3,116264428,Taxi Travel Distance [km],9.67,178.98,63.86,638.55,10,169.31
2026-05-08T17:05:37.263580500Z,TaxiAlgorithmP2PCollector,0,1000,10,25,1,nearest,1,4,1,BASELINE,3,116264428,Client Waiting Time [min],0.33,105.32,24.15,410.47,17,104.99
2026-05-08T17:05:37.263580500Z,TaxiAlgorithmP2PCollector,0,1000,10,25,1,nearest,1,4,1,BASELINE,3,116264428,Client Travel Time [min],500.0,15112.0,3796.44,94911.0,25,14612.0
2026-05-08T17:05:37.263580500Z,TaxiAlgorithmP2PCollector,0,1000,10,25,1,nearest,1,4,1,BASELINE,3,116264428,Calculation Time [millis],0.0,36.0,0.1,1727.0,16975,36.0
2026-05-08T17:05:37.263580500Z,TaxiAlgorithmP2PCollector,0,1000,10,25,1,nearest,1,4,1,BASELINE,3,116264428,Custom Time [micros],0.0,0.0,0.0,0.0,16975,0.0
2026-05-08T17:05:39.237580200Z,TaxiAlgorithmP2PCollector,0,1000,10,25,1,nearest,1,4,1,BASELINE,4,116264429,Taxi Travel Distance [km],3.1,48.32,16.58,165.83,10,45.22
2026-05-08T17:05:39.237580200Z,TaxiAlgorithmP2PCollector,0,1000,10,25,1,nearest,1,4,1,BASELINE,4,116264429,Client Waiting Time [min],0.83,25.0,9.53,28.6,3,24.17
2026-05-08T17:05:39.237580200Z,TaxiAlgorithmP2PCollector,0,1000,10,25,1,nearest,1,4,1,BASELINE,4,116264429,Client Travel Time [min],244.0,15578.0,8183.16,204579.0,25,15334.0
2026-05-08T17:05:39.237580200Z,TaxiAlgorithmP2PCollector,0,1000,10,25,1,nearest,1,4,1,BASELINE,4,116264429,Calculation Time [millis],0.0,34.0,0.11,1801.0,16243,34.0
2026-05-08T17:05:39.237580200Z,TaxiAlgorithmP2PCollector,0,1000,10,25,1,nearest,1,4,1,BASELINE,4,116264429,Custom Time [micros],0.0,0.0,0.0,0.0,16243,0.0
2026-05-08T17:05:41.291424600Z,TaxiAlgorithmP2PCollector,0,1000,10,25,1,nearest,1,4,1,BASELINE,5,116264430,Taxi Travel Distance [km],1.21,91.08,29.55,295.47,10,89.87
2026-05-08T17:05:41.291424600Z,TaxiAlgorithmP2PCollector,0,1000,10,25,1,nearest,1,4,1,BASELINE,5,116264430,Client Waiting Time [min],0.3,63.1,23.18,185.45,8,62.800000000000004
2026-05-08T17:05:41.291424600Z,TaxiAlgorithmP2PCollector,0,1000,10,25,1,nearest,1,4,1,BASELINE,5,116264430,Client Travel Time [min],459.0,14554.0,6796.84,169921.0,25,14095.0
2026-05-08T17:05:41.291424600Z,TaxiAlgorithmP2PCollector,0,1000,10,25,1,nearest,1,4,1,BASELINE,5,116264430,Calculation Time [millis],0.0,36.0,0.1,1874.0,18871,36.0
2026-05-08T17:05:41.291424600Z,TaxiAlgorithmP2PCollector,0,1000,10,25,1,nearest,1,4,1,BASELINE,5,116264430,Custom Time [micros],0.0,0.0,0.0,0.0,18871,0.0
2026-05-08T17:05:43.819998400Z,TaxiAlgorithmP2PCollector,0,1000,10,25,1,nearest,1,4,1,BASELINE,6,116264431,Taxi Travel Distance [km],0.72,194.42,40.32,403.16,10,193.7
2026-05-08T17:05:43.819998400Z,TaxiAlgorithmP2PCollector,0,1000,10,25,1,nearest,1,4,1,BASELINE,6,116264431,Client Waiting Time [min],0.58,234.65,53.32,639.78,12,234.07
2026-05-08T17:05:43.819998400Z,TaxiAlgorithmP2PCollector,0,1000,10,25,1,nearest,1,4,1,BASELINE,6,116264431,Client Travel Time [min],504.0,18260.0,6337.28,158432.0,25,17756.0
2026-05-08T17:05:43.819998400Z,TaxiAlgorithmP2PCollector,0,1000,10,25,1,nearest,1,4,1,BASELINE,6,116264431,Calculation Time [millis],0.0,59.0,0.1,2337.0,22309,59.0
2026-05-08T17:05:43.819998400Z,TaxiAlgorithmP2PCollector,0,1000,10,25,1,nearest,1,4,1,BASELINE,6,116264431,Custom Time [micros],0.0,0.0,0.0,0.0,22309,0.0
2026-05-08T17:05:46.060031100Z,TaxiAlgorithmP2PCollector,0,1000,10,25,1,nearest,1,4,1,BASELINE,7,116264432,Taxi Travel Distance [km],6.56,80.21,27.88,278.8,10,73.64999999999999
2026-05-08T17:05:46.060031100Z,TaxiAlgorithmP2PCollector,0,1000,10,25,1,nearest,1,4,1,BASELINE,7,116264432,Client Waiting Time [min],0.52,186.45,41.53,207.67,5,185.92999999999998
2026-05-08T17:05:46.060031100Z,TaxiAlgorithmP2PCollector,0,1000,10,25,1,nearest,1,4,1,BASELINE,7,116264432,Client Travel Time [min],160.0,14879.0,8357.8,208945.0,25,14719.0
2026-05-08T17:05:46.060031100Z,TaxiAlgorithmP2PCollector,0,1000,10,25,1,nearest,1,4,1,BASELINE,7,116264432,Calculation Time [millis],0.0,44.0,0.11,2056.0,19379,44.0
2026-05-08T17:05:46.060031100Z,TaxiAlgorithmP2PCollector,0,1000,10,25,1,nearest,1,4,1,BASELINE,7,116264432,Custom Time [micros],0.0,0.0,0.0,0.0,19379,0.0
2026-05-08T17:05:48.252618500Z,TaxiAlgorithmP2PCollector,0,1000,10,25,1,nearest,1,4,1,BASELINE,8,116264433,Taxi Travel Distance [km],1.37,153.84,56.79,567.92,10,152.47
2026-05-08T17:05:48.252618500Z,TaxiAlgorithmP2PCollector,0,1000,10,25,1,nearest,1,4,1,BASELINE,8,116264433,Client Waiting Time [min],0.38,92.02,30.28,484.55,16,91.64
2026-05-08T17:05:48.252618500Z,TaxiAlgorithmP2PCollector,0,1000,10,25,1,nearest,1,4,1,BASELINE,8,116264433,Client Travel Time [min],262.0,15958.0,5479.2,136980.0,25,15696.0
2026-05-08T17:05:48.252618500Z,TaxiAlgorithmP2PCollector,0,1000,10,25,1,nearest,1,4,1,BASELINE,8,116264433,Calculation Time [millis],0.0,37.0,0.1,2013.0,20195,37.0
2026-05-08T17:05:48.252618500Z,TaxiAlgorithmP2PCollector,0,1000,10,25,1,nearest,1,4,1,BASELINE,8,116264433,Custom Time [micros],0.0,0.0,0.0,0.0,20195,0.0
2026-05-08T17:05:50.484518100Z,TaxiAlgorithmP2PCollector,0,1000,10,25,1,nearest,1,4,1,BASELINE,9,116264434,Taxi Travel Distance [km],1.48,125.82,43.58,435.79,10,124.33999999999999
2026-05-08T17:05:50.484518100Z,TaxiAlgorithmP2PCollector,0,1000,10,25,1,nearest,1,4,1,BASELINE,9,116264434,Client Waiting Time [min],0.18,37.08,14.88,223.17,15,36.9
2026-05-08T17:05:50.484518100Z,TaxiAlgorithmP2PCollector,0,1000,10,25,1,nearest,1,4,1,BASELINE,9,116264434,Client Travel Time [min],116.0,14593.0,3808.92,95223.0,25,14477.0
2026-05-08T17:05:50.484518100Z,TaxiAlgorithmP2PCollector,0,1000,10,25,1,nearest,1,4,1,BASELINE,9,116264434,Calculation Time [millis],0.0,56.0,0.1,1987.0,19420,56.0
2026-05-08T17:05:50.484518100Z,TaxiAlgorithmP2PCollector,0,1000,10,25,1,nearest,1,4,1,BASELINE,9,116264434,Custom Time [micros],0.0,0.0,0.0,0.0,19420,0.0
2026-05-08T17:05:52.178529700Z,TaxiAlgorithmP2PCollector,0,1000,10,25,1,nearest,1,4,1,BASELINE,10,116264435,Taxi Travel Distance [km],3.16,109.3,37.81,378.14,10,106.14
2026-05-08T17:05:52.178529700Z,TaxiAlgorithmP2PCollector,0,1000,10,25,1,nearest,1,4,1,BASELINE,10,116264435,Client Waiting Time [min],0.57,27.27,15.38,123.0,8,26.7
2026-05-08T17:05:52.178529700Z,TaxiAlgorithmP2PCollector,0,1000,10,25,1,nearest,1,4,1,BASELINE,10,116264435,Client Travel Time [min],226.0,13208.0,5057.64,126441.0,25,12982.0
2026-05-08T17:05:52.178529700Z,TaxiAlgorithmP2PCollector,0,1000,10,25,1,nearest,1,4,1,BASELINE,10,116264435,Calculation Time [millis],0.0,22.0,0.1,1549.0,15274,22.0
2026-05-08T17:05:52.178529700Z,TaxiAlgorithmP2PCollector,0,1000,10,25,1,nearest,1,4,1,BASELINE,10,116264435,Custom Time [micros],0.0,0.0,0.0,0.0,15274,0.0
2026-05-08T17:05:56.823711700Z,TaxiAlgorithmP2PCollector,0,1000,10,50,1,nearest,1,4,1,BASELINE,1,116264426,Taxi Travel Distance [km],6.62,401.76,97.54,975.42,10,395.14
2026-05-08T17:05:56.823711700Z,TaxiAlgorithmP2PCollector,0,1000,10,50,1,nearest,1,4,1,BASELINE,1,116264426,Client Waiting Time [min],3.42,276.72,84.63,1523.32,18,273.3
2026-05-08T17:05:56.823711700Z,TaxiAlgorithmP2PCollector,0,1000,10,50,1,nearest,1,4,1,BASELINE,1,116264426,Client Travel Time [min],1118.0,36881.0,12367.08,618354.0,50,35763.0
2026-05-08T17:05:56.823711700Z,TaxiAlgorithmP2PCollector,0,1000,10,50,1,nearest,1,4,1,BASELINE,1,116264426,Calculation Time [millis],0.0,97.0,0.11,4398.0,39255,97.0
2026-05-08T17:05:56.823711700Z,TaxiAlgorithmP2PCollector,0,1000,10,50,1,nearest,1,4,1,BASELINE,1,116264426,Custom Time [micros],0.0,0.0,0.0,0.0,39255,0.0
2026-05-08T17:06:01.649476800Z,TaxiAlgorithmP2PCollector,0,1000,10,50,1,nearest,1,4,1,BASELINE,2,116264427,Taxi Travel Distance [km],4.97,302.39,126.47,1264.72,10,297.41999999999996
2026-05-08T17:06:01.649476800Z,TaxiAlgorithmP2PCollector,0,1000,10,50,1,nearest,1,4,1,BASELINE,2,116264427,Client Waiting Time [min],0.35,122.58,52.38,1257.12,24,122.23
2026-05-08T17:06:01.649476800Z,TaxiAlgorithmP2PCollector,0,1000,10,50,1,nearest,1,4,1,BASELINE,2,116264427,Client Travel Time [min],519.0,38862.0,11262.88,563144.0,50,38343.0
2026-05-08T17:06:01.649476800Z,TaxiAlgorithmP2PCollector,0,1000,10,50,1,nearest,1,4,1,BASELINE,2,116264427,Calculation Time [millis],0.0,100.0,0.11,4533.0,39634,100.0
2026-05-08T17:06:01.649476800Z,TaxiAlgorithmP2PCollector,0,1000,10,50,1,nearest,1,4,1,BASELINE,2,116264427,Custom Time [micros],0.0,0.0,0.0,0.0,39634,0.0
2026-05-08T17:06:05.608669900Z,TaxiAlgorithmP2PCollector,0,1000,10,50,1,nearest,1,4,1,BASELINE,3,116264428,Taxi Travel Distance [km],13.21,265.96,111.38,1113.83,10,252.74999999999997
2026-05-08T17:06:05.608669900Z,TaxiAlgorithmP2PCollector,0,1000,10,50,1,nearest,1,4,1,BASELINE,3,116264428,Client Waiting Time [min],6.43,269.83,87.33,1222.62,14,263.4
2026-05-08T17:06:05.608669900Z,TaxiAlgorithmP2PCollector,0,1000,10,50,1,nearest,1,4,1,BASELINE,3,116264428,Client Travel Time [min],1337.0,30627.0,12647.04,632352.0,50,29290.0
2026-05-08T17:06:05.608669900Z,TaxiAlgorithmP2PCollector,0,1000,10,50,1,nearest,1,4,1,BASELINE,3,116264428,Calculation Time [millis],0.0,93.0,0.11,3631.0,32415,93.0
2026-05-08T17:06:05.608669900Z,TaxiAlgorithmP2PCollector,0,1000,10,50,1,nearest,1,4,1,BASELINE,3,116264428,Custom Time [micros],0.0,0.0,0.0,0.0,32415,0.0
2026-05-08T17:06:10.255901300Z,TaxiAlgorithmP2PCollector,0,1000,10,50,1,nearest,1,4,1,BASELINE,4,116264429,Taxi Travel Distance [km],5.68,264.68,76.31,763.11,10,259.0
2026-05-08T17:06:10.255901300Z,TaxiAlgorithmP2PCollector,0,1000,10,50,1,nearest,1,4,1,BASELINE,4,116264429,Client Waiting Time [min],2.67,168.53,57.09,513.77,9,165.86
2026-05-08T17:06:10.255901300Z,TaxiAlgorithmP2PCollector,0,1000,10,50,1,nearest,1,4,1,BASELINE,4,116264429,Client Travel Time [min],836.0,34336.0,15002.06,750103.0,50,33500.0
2026-05-08T17:06:10.255901300Z,TaxiAlgorithmP2PCollector,0,1000,10,50,1,nearest,1,4,1,BASELINE,4,116264429,Calculation Time [millis],0.0,82.0,0.11,4445.0,38943,82.0
2026-05-08T17:06:10.255901300Z,TaxiAlgorithmP2PCollector,0,1000,10,50,1,nearest,1,4,1,BASELINE,4,116264429,Custom Time [micros],0.0,0.0,0.0,0.0,38943,0.0
2026-05-08T17:06:14.963040400Z,TaxiAlgorithmP2PCollector,0,1000,10,50,1,nearest,1,4,1,BASELINE,5,116264430,Taxi Travel Distance [km],3.58,365.03,102.99,1029.9,10,361.45
2026-05-08T17:06:14.963040400Z,TaxiAlgorithmP2PCollector,0,1000,10,50,1,nearest,1,4,1,BASELINE,5,116264430,Client Waiting Time [min],0.3,202.43,57.47,862.03,15,202.13
2026-05-08T17:06:14.963040400Z,TaxiAlgorithmP2PCollector,0,1000,10,50,1,nearest,1,4,1,BASELINE,5,116264430,Client Travel Time [min],1025.0,35252.0,14770.24,738512.0,50,34227.0
2026-05-08T17:06:14.963040400Z,TaxiAlgorithmP2PCollector,0,1000,10,50,1,nearest,1,4,1,BASELINE,5,116264430,Calculation Time [millis],0.0,97.0,0.11,4368.0,38871,97.0
2026-05-08T17:06:14.963040400Z,TaxiAlgorithmP2PCollector,0,1000,10,50,1,nearest,1,4,1,BASELINE,5,116264430,Custom Time [micros],0.0,0.0,0.0,0.0,38871,0.0
2026-05-08T17:06:19.932874700Z,TaxiAlgorithmP2PCollector,0,1000,10,50,1,nearest,1,4,1,BASELINE,6,116264431,Taxi Travel Distance [km],18.66,514.99,186.08,1860.77,10,496.33
2026-05-08T17:06:19.932874700Z,TaxiAlgorithmP2PCollector,0,1000,10,50,1,nearest,1,4,1,BASELINE,6,116264431,Client Waiting Time [min],0.72,387.97,83.45,2002.85,24,387.25
2026-05-08T17:06:19.932874700Z,TaxiAlgorithmP2PCollector,0,1000,10,50,1,nearest,1,4,1,BASELINE,6,116264431,Client Travel Time [min],258.0,38260.0,13214.24,660712.0,50,38002.0
2026-05-08T17:06:19.932874700Z,TaxiAlgorithmP2PCollector,0,1000,10,50,1,nearest,1,4,1,BASELINE,6,116264431,Calculation Time [millis],0.0,109.0,0.11,4689.0,42309,109.0
2026-05-08T17:06:19.932874700Z,TaxiAlgorithmP2PCollector,0,1000,10,50,1,nearest,1,4,1,BASELINE,6,116264431,Custom Time [micros],0.0,0.0,0.0,0.0,42309,0.0
2026-05-08T17:06:25.048069400Z,TaxiAlgorithmP2PCollector,0,1000,10,50,1,nearest,1,4,1,BASELINE,7,116264432,Taxi Travel Distance [km],7.0,633.44,130.57,1305.71,10,626.44
2026-05-08T17:06:25.048069400Z,TaxiAlgorithmP2PCollector,0,1000,10,50,1,nearest,1,4,1,BASELINE,7,116264432,Client Waiting Time [min],0.52,229.32,52.13,1094.65,21,228.79999999999998
2026-05-08T17:06:25.048069400Z,TaxiAlgorithmP2PCollector,0,1000,10,50,1,nearest,1,4,1,BASELINE,7,116264432,Client Travel Time [min],160.0,37845.0,11885.68,594284.0,50,37685.0
2026-05-08T17:06:25.048069400Z,TaxiAlgorithmP2PCollector,0,1000,10,50,1,nearest,1,4,1,BASELINE,7,116264432,Calculation Time [millis],0.0,114.0,0.11,4816.0,42702,114.0
2026-05-08T17:06:25.048069400Z,TaxiAlgorithmP2PCollector,0,1000,10,50,1,nearest,1,4,1,BASELINE,7,116264432,Custom Time [micros],0.0,0.0,0.0,0.0,42702,0.0
2026-05-08T17:06:30.096229700Z,TaxiAlgorithmP2PCollector,0,1000,10,50,1,nearest,1,4,1,BASELINE,8,116264433,Taxi Travel Distance [km],1.32,294.94,115.27,1152.67,10,293.62
2026-05-08T17:06:30.096229700Z,TaxiAlgorithmP2PCollector,0,1000,10,50,1,nearest,1,4,1,BASELINE,8,116264433,Client Waiting Time [min],3.4,176.37,48.64,778.3,16,172.97
2026-05-08T17:06:30.096229700Z,TaxiAlgorithmP2PCollector,0,1000,10,50,1,nearest,1,4,1,BASELINE,8,116264433,Client Travel Time [min],1278.0,38685.0,13210.98,660549.0,50,37407.0
2026-05-08T17:06:30.096229700Z,TaxiAlgorithmP2PCollector,0,1000,10,50,1,nearest,1,4,1,BASELINE,8,116264433,Calculation Time [millis],0.0,122.0,0.11,4769.0,42368,122.0
2026-05-08T17:06:30.096229700Z,TaxiAlgorithmP2PCollector,0,1000,10,50,1,nearest,1,4,1,BASELINE,8,116264433,Custom Time [micros],0.0,0.0,0.0,0.0,42368,0.0
2026-05-08T17:06:34.920600200Z,TaxiAlgorithmP2PCollector,0,1000,10,50,1,nearest,1,4,1,BASELINE,9,116264434,Taxi Travel Distance [km],9.15,220.3,112.97,1129.7,10,211.15
2026-05-08T17:06:34.920600200Z,TaxiAlgorithmP2PCollector,0,1000,10,50,1,nearest,1,4,1,BASELINE,9,116264434,Client Waiting Time [min],0.82,145.53,37.29,596.63,16,144.71
2026-05-08T17:06:34.920600200Z,TaxiAlgorithmP2PCollector,0,1000,10,50,1,nearest,1,4,1,BASELINE,9,116264434,Client Travel Time [min],364.0,37442.0,13420.4,671020.0,50,37078.0
2026-05-08T17:06:34.920600200Z,TaxiAlgorithmP2PCollector,0,1000,10,50,1,nearest,1,4,1,BASELINE,9,116264434,Calculation Time [millis],0.0,91.0,0.11,4580.0,41166,91.0
2026-05-08T17:06:34.920600200Z,TaxiAlgorithmP2PCollector,0,1000,10,50,1,nearest,1,4,1,BASELINE,9,116264434,Custom Time [micros],0.0,0.0,0.0,0.0,41166,0.0
2026-05-08T17:06:39.307100700Z,TaxiAlgorithmP2PCollector,0,1000,10,50,1,nearest,1,4,1,BASELINE,10,116264435,Taxi Travel Distance [km],1.97,363.21,83.51,835.13,10,361.23999999999995
2026-05-08T17:06:39.307100700Z,TaxiAlgorithmP2PCollector,0,1000,10,50,1,nearest,1,4,1,BASELINE,10,116264435,Client Waiting Time [min],0.7,225.22,48.31,579.77,12,224.52
2026-05-08T17:06:39.307100700Z,TaxiAlgorithmP2PCollector,0,1000,10,50,1,nearest,1,4,1,BASELINE,10,116264435,Client Travel Time [min],803.0,32341.0,15064.08,753204.0,50,31538.0
2026-05-08T17:06:39.307100700Z,TaxiAlgorithmP2PCollector,0,1000,10,50,1,nearest,1,4,1,BASELINE,10,116264435,Calculation Time [millis],0.0,78.0,0.11,4106.0,36742,78.0
2026-05-08T17:06:39.307100700Z,TaxiAlgorithmP2PCollector,0,1000,10,50,1,nearest,1,4,1,BASELINE,10,116264435,Custom Time [micros],0.0,0.0,0.0,0.0,36742,0.0
2026-05-08T17:06:56.009395900Z,TaxiAlgorithmP2PCollector,0,1000,20,50,1,nearest,1,4,1,BASELINE,1,116264426,Taxi Travel Distance [km],8.72,586.87,144.18,2883.51,20,578.15
2026-05-08T17:06:56.009395900Z,TaxiAlgorithmP2PCollector,0,1000,20,50,1,nearest,1,4,1,BASELINE,1,116264426,Client Waiting Time [min],0.58,469.08,53.77,1720.55,32,468.5
2026-05-08T17:06:56.009395900Z,TaxiAlgorithmP2PCollector,0,1000,20,50,1,nearest,1,4,1,BASELINE,1,116264426,Client Travel Time [min],394.0,35203.0,7480.86,374043.0,50,34809.0
2026-05-08T17:06:56.009395900Z,TaxiAlgorithmP2PCollector,0,1000,20,50,1,nearest,1,4,1,BASELINE,1,116264426,Calculation Time [millis],0.0,178.0,0.42,16177.0,38373,178.0
2026-05-08T17:06:56.009395900Z,TaxiAlgorithmP2PCollector,0,1000,20,50,1,nearest,1,4,1,BASELINE,1,116264426,Custom Time [micros],0.0,0.0,0.0,0.0,38373,0.0
2026-05-08T17:07:13.446896Z,TaxiAlgorithmP2PCollector,0,1000,20,50,1,nearest,1,4,1,BASELINE,2,116264427,Taxi Travel Distance [km],17.32,267.14,104.15,2083.02,20,249.82
2026-05-08T17:07:13.446896Z,TaxiAlgorithmP2PCollector,0,1000,20,50,1,nearest,1,4,1,BASELINE,2,116264427,Client Waiting Time [min],0.48,512.38,85.38,1963.82,23,511.9
2026-05-08T17:07:13.446896Z,TaxiAlgorithmP2PCollector,0,1000,20,50,1,nearest,1,4,1,BASELINE,2,116264427,Client Travel Time [min],305.0,38862.0,12090.62,604531.0,50,38557.0
2026-05-08T17:07:13.446896Z,TaxiAlgorithmP2PCollector,0,1000,20,50,1,nearest,1,4,1,BASELINE,2,116264427,Calculation Time [millis],0.0,170.0,0.43,17046.0,39634,170.0
2026-05-08T17:07:13.446896Z,TaxiAlgorithmP2PCollector,0,1000,20,50,1,nearest,1,4,1,BASELINE,2,116264427,Custom Time [micros],0.0,0.0,0.0,0.0,39634,0.0
2026-05-08T17:07:27.989093500Z,TaxiAlgorithmP2PCollector,0,1000,20,50,1,nearest,1,4,1,BASELINE,3,116264428,Taxi Travel Distance [km],10.95,324.46,123.54,2470.81,20,313.51
2026-05-08T17:07:27.989093500Z,TaxiAlgorithmP2PCollector,0,1000,20,50,1,nearest,1,4,1,BASELINE,3,116264428,Client Waiting Time [min],2.32,270.65,50.86,1830.93,36,268.33
2026-05-08T17:07:27.989093500Z,TaxiAlgorithmP2PCollector,0,1000,20,50,1,nearest,1,4,1,BASELINE,3,116264428,Client Travel Time [min],589.0,30089.0,7235.18,361759.0,50,29500.0
2026-05-08T17:07:27.989093500Z,TaxiAlgorithmP2PCollector,0,1000,20,50,1,nearest,1,4,1,BASELINE,3,116264428,Calculation Time [millis],0.0,164.0,0.44,14093.0,32149,164.0
2026-05-08T17:07:27.989093500Z,TaxiAlgorithmP2PCollector,0,1000,20,50,1,nearest,1,4,1,BASELINE,3,116264428,Custom Time [micros],0.0,0.0,0.0,0.0,32149,0.0
2026-05-08T17:07:42.666201400Z,TaxiAlgorithmP2PCollector,0,1000,20,50,1,nearest,1,4,1,BASELINE,4,116264429,Taxi Travel Distance [km],4.01,534.91,106.66,2133.21,20,530.9
2026-05-08T17:07:42.666201400Z,TaxiAlgorithmP2PCollector,0,1000,20,50,1,nearest,1,4,1,BASELINE,4,116264429,Client Waiting Time [min],0.5,498.4,70.71,2121.18,30,497.9
2026-05-08T17:07:42.666201400Z,TaxiAlgorithmP2PCollector,0,1000,20,50,1,nearest,1,4,1,BASELINE,4,116264429,Client Travel Time [min],441.0,29932.0,9070.9,453545.0,50,29491.0
2026-05-08T17:07:42.666201400Z,TaxiAlgorithmP2PCollector,0,1000,20,50,1,nearest,1,4,1,BASELINE,4,116264429,Calculation Time [millis],0.0,178.0,0.43,14264.0,33550,178.0
2026-05-08T17:07:42.666201400Z,TaxiAlgorithmP2PCollector,0,1000,20,50,1,nearest,1,4,1,BASELINE,4,116264429,Custom Time [micros],0.0,0.0,0.0,0.0,33550,0.0
2026-05-08T17:07:59.716776700Z,TaxiAlgorithmP2PCollector,0,1000,20,50,1,nearest,1,4,1,BASELINE,5,116264430,Taxi Travel Distance [km],13.42,417.19,111.34,2226.87,20,403.77
2026-05-08T17:07:59.716776700Z,TaxiAlgorithmP2PCollector,0,1000,20,50,1,nearest,1,4,1,BASELINE,5,116264430,Client Waiting Time [min],0.68,265.4,60.48,1814.42,30,264.71999999999997
2026-05-08T17:07:59.716776700Z,TaxiAlgorithmP2PCollector,0,1000,20,50,1,nearest,1,4,1,BASELINE,5,116264430,Client Travel Time [min],502.0,34554.0,10003.34,500167.0,50,34052.0
2026-05-08T17:07:59.716776700Z,TaxiAlgorithmP2PCollector,0,1000,20,50,1,nearest,1,4,1,BASELINE,5,116264430,Calculation Time [millis],0.0,193.0,0.43,16643.0,38871,193.0
2026-05-08T17:07:59.716776700Z,TaxiAlgorithmP2PCollector,0,1000,20,50,1,nearest,1,4,1,BASELINE,5,116264430,Custom Time [micros],0.0,0.0,0.0,0.0,38871,0.0
2026-05-08T17:08:18.001981Z,TaxiAlgorithmP2PCollector,0,1000,20,50,1,nearest,1,4,1,BASELINE,6,116264431,Taxi Travel Distance [km],6.98,342.99,140.04,2800.82,20,336.01
2026-05-08T17:08:18.001981Z,TaxiAlgorithmP2PCollector,0,1000,20,50,1,nearest,1,4,1,BASELINE,6,116264431,Client Waiting Time [min],1.55,196.15,54.34,2065.05,38,194.6
2026-05-08T17:08:18.001981Z,TaxiAlgorithmP2PCollector,0,1000,20,50,1,nearest,1,4,1,BASELINE,6,116264431,Client Travel Time [min],590.0,38260.0,7834.26,391713.0,50,37670.0
2026-05-08T17:08:18.001981Z,TaxiAlgorithmP2PCollector,0,1000,20,50,1,nearest,1,4,1,BASELINE,6,116264431,Calculation Time [millis],0.0,184.0,0.42,17937.0,42309,184.0
2026-05-08T17:08:18.001981Z,TaxiAlgorithmP2PCollector,0,1000,20,50,1,nearest,1,4,1,BASELINE,6,116264431,Custom Time [micros],0.0,0.0,0.0,0.0,42309,0.0
2026-05-08T17:08:34.707338600Z,TaxiAlgorithmP2PCollector,0,1000,20,50,1,nearest,1,4,1,BASELINE,7,116264432,Taxi Travel Distance [km],3.94,256.06,89.33,1786.55,20,252.12
2026-05-08T17:08:34.707338600Z,TaxiAlgorithmP2PCollector,0,1000,20,50,1,nearest,1,4,1,BASELINE,7,116264432,Client Waiting Time [min],0.45,102.32,31.98,927.53,29,101.86999999999999
2026-05-08T17:08:34.707338600Z,TaxiAlgorithmP2PCollector,0,1000,20,50,1,nearest,1,4,1,BASELINE,7,116264432,Client Travel Time [min],160.0,33475.0,8304.1,415205.0,50,33315.0
2026-05-08T17:08:34.707338600Z,TaxiAlgorithmP2PCollector,0,1000,20,50,1,nearest,1,4,1,BASELINE,7,116264432,Calculation Time [millis],0.0,154.0,0.43,16266.0,37413,154.0
2026-05-08T17:08:34.707338600Z,TaxiAlgorithmP2PCollector,0,1000,20,50,1,nearest,1,4,1,BASELINE,7,116264432,Custom Time [micros],0.0,0.0,0.0,0.0,37413,0.0
2026-05-08T17:08:52.871488900Z,TaxiAlgorithmP2PCollector,0,1000,20,50,1,nearest,1,4,1,BASELINE,8,116264433,Taxi Travel Distance [km],4.13,385.49,105.93,2118.59,20,381.36
2026-05-08T17:08:52.871488900Z,TaxiAlgorithmP2PCollector,0,1000,20,50,1,nearest,1,4,1,BASELINE,8,116264433,Client Waiting Time [min],0.28,479.65,102.58,3077.45,30,479.37
2026-05-08T17:08:52.871488900Z,TaxiAlgorithmP2PCollector,0,1000,20,50,1,nearest,1,4,1,BASELINE,8,116264433,Client Travel Time [min],573.0,38685.0,10545.12,527256.0,50,38112.0
2026-05-08T17:08:52.871488900Z,TaxiAlgorithmP2PCollector,0,1000,20,50,1,nearest,1,4,1,BASELINE,8,116264433,Calculation Time [millis],0.0,184.0,0.42,17717.0,41830,184.0
2026-05-08T17:08:52.871488900Z,TaxiAlgorithmP2PCollector,0,1000,20,50,1,nearest,1,4,1,BASELINE,8,116264433,Custom Time [micros],0.0,0.0,0.0,0.0,41830,0.0
2026-05-08T17:09:10.248690500Z,TaxiAlgorithmP2PCollector,0,1000,20,50,1,nearest,1,4,1,BASELINE,9,116264434,Taxi Travel Distance [km],0.89,655.05,137.6,2752.02,20,654.16
2026-05-08T17:09:10.248690500Z,TaxiAlgorithmP2PCollector,0,1000,20,50,1,nearest,1,4,1,BASELINE,9,116264434,Client Waiting Time [min],0.7,418.4,106.04,3499.3,33,417.7
2026-05-08T17:09:10.248690500Z,TaxiAlgorithmP2PCollector,0,1000,20,50,1,nearest,1,4,1,BASELINE,9,116264434,Client Travel Time [min],172.0,35052.0,9143.06,457153.0,50,34880.0
2026-05-08T17:09:10.248690500Z,TaxiAlgorithmP2PCollector,0,1000,20,50,1,nearest,1,4,1,BASELINE,9,116264434,Calculation Time [millis],0.0,182.0,0.44,16877.0,38462,182.0
2026-05-08T17:09:10.248690500Z,TaxiAlgorithmP2PCollector,0,1000,20,50,1,nearest,1,4,1,BASELINE,9,116264434,Custom Time [micros],0.0,0.0,0.0,0.0,38462,0.0
2026-05-08T17:09:25.518089100Z,TaxiAlgorithmP2PCollector,0,1000,20,50,1,nearest,1,4,1,BASELINE,10,116264435,Taxi Travel Distance [km],6.26,354.47,120.36,2407.3,20,348.21000000000004
2026-05-08T17:09:25.518089100Z,TaxiAlgorithmP2PCollector,0,1000,20,50,1,nearest,1,4,1,BASELINE,10,116264435,Client Waiting Time [min],1.65,362.57,51.74,1759.17,34,360.92
2026-05-08T17:09:25.518089100Z,TaxiAlgorithmP2PCollector,0,1000,20,50,1,nearest,1,4,1,BASELINE,10,116264435,Client Travel Time [min],607.0,31126.0,8248.26,412413.0,50,30519.0
2026-05-08T17:09:25.518089100Z,TaxiAlgorithmP2PCollector,0,1000,20,50,1,nearest,1,4,1,BASELINE,10,116264435,Calculation Time [millis],0.0,187.0,0.42,14863.0,35274,187.0
2026-05-08T17:09:25.518089100Z,TaxiAlgorithmP2PCollector,0,1000,20,50,1,nearest,1,4,1,BASELINE,10,116264435,Custom Time [micros],0.0,0.0,0.0,0.0,35274,0.0
2026-05-08T17:09:59.038887800Z,TaxiAlgorithmP2PCollector,0,1000,20,100,1,nearest,1,4,1,BASELINE,1,116264426,Taxi Travel Distance [km],24.32,920.57,343.14,6862.8,20,896.25
2026-05-08T17:09:59.038887800Z,TaxiAlgorithmP2PCollector,0,1000,20,100,1,nearest,1,4,1,BASELINE,1,116264426,Client Waiting Time [min],0.27,598.77,166.77,10172.92,61,598.5
2026-05-08T17:09:59.038887800Z,TaxiAlgorithmP2PCollector,0,1000,20,100,1,nearest,1,4,1,BASELINE,1,116264426,Client Travel Time [min],1403.0,71041.0,20097.29,2009729.0,100,69638.0
2026-05-08T17:09:59.038887800Z,TaxiAlgorithmP2PCollector,0,1000,20,100,1,nearest,1,4,1,BASELINE,1,116264426,Calculation Time [millis],0.0,187.0,0.45,32911.0,72568,187.0
2026-05-08T17:09:59.038887800Z,TaxiAlgorithmP2PCollector,0,1000,20,100,1,nearest,1,4,1,BASELINE,1,116264426,Custom Time [micros],0.0,0.0,0.0,0.0,72568,0.0
2026-05-08T17:10:29.282950100Z,TaxiAlgorithmP2PCollector,0,1000,20,100,1,nearest,1,4,1,BASELINE,2,116264427,Taxi Travel Distance [km],9.68,1445.54,437.62,8752.32,20,1435.86
2026-05-08T17:10:29.282950100Z,TaxiAlgorithmP2PCollector,0,1000,20,100,1,nearest,1,4,1,BASELINE,2,116264427,Client Waiting Time [min],0.32,720.18,171.2,12668.45,74,719.8599999999999
2026-05-08T17:10:29.282950100Z,TaxiAlgorithmP2PCollector,0,1000,20,100,1,nearest,1,4,1,BASELINE,2,116264427,Client Travel Time [min],370.0,61857.0,18390.97,1839097.0,100,61487.0
2026-05-08T17:10:29.282950100Z,TaxiAlgorithmP2PCollector,0,1000,20,100,1,nearest,1,4,1,BASELINE,2,116264427,Calculation Time [millis],0.0,174.0,0.45,29591.0,65630,174.0
2026-05-08T17:10:29.282950100Z,TaxiAlgorithmP2PCollector,0,1000,20,100,1,nearest,1,4,1,BASELINE,2,116264427,Custom Time [micros],0.0,0.0,0.0,0.0,65630,0.0
2026-05-08T17:11:02.436830Z,TaxiAlgorithmP2PCollector,0,1000,20,100,1,nearest,1,4,1,BASELINE,3,116264428,Taxi Travel Distance [km],7.14,1005.35,258.47,5169.4,20,998.21
2026-05-08T17:11:02.436830Z,TaxiAlgorithmP2PCollector,0,1000,20,100,1,nearest,1,4,1,BASELINE,3,116264428,Client Waiting Time [min],0.48,647.08,174.7,8385.38,48,646.6
2026-05-08T17:11:02.436830Z,TaxiAlgorithmP2PCollector,0,1000,20,100,1,nearest,1,4,1,BASELINE,3,116264428,Client Travel Time [min],989.0,69921.0,23064.01,2306401.0,100,68932.0
2026-05-08T17:11:02.436830Z,TaxiAlgorithmP2PCollector,0,1000,20,100,1,nearest,1,4,1,BASELINE,3,116264428,Calculation Time [millis],0.0,183.0,0.46,32421.0,70730,183.0
2026-05-08T17:11:02.436830Z,TaxiAlgorithmP2PCollector,0,1000,20,100,1,nearest,1,4,1,BASELINE,3,116264428,Custom Time [micros],0.0,0.0,0.0,0.0,70730,0.0
2026-05-08T17:11:39.299520500Z,TaxiAlgorithmP2PCollector,0,1000,20,100,1,nearest,1,4,1,BASELINE,4,116264429,Taxi Travel Distance [km],4.59,884.52,258.21,5164.18,20,879.93
2026-05-08T17:11:39.299520500Z,TaxiAlgorithmP2PCollector,0,1000,20,100,1,nearest,1,4,1,BASELINE,4,116264429,Client Waiting Time [min],4.37,575.12,163.33,6533.03,40,570.75
2026-05-08T17:11:39.299520500Z,TaxiAlgorithmP2PCollector,0,1000,20,100,1,nearest,1,4,1,BASELINE,4,116264429,Client Travel Time [min],1574.0,73814.0,26697.42,2669742.0,100,72240.0
2026-05-08T17:11:39.299520500Z,TaxiAlgorithmP2PCollector,0,1000,20,100,1,nearest,1,4,1,BASELINE,4,116264429,Calculation Time [millis],0.0,178.0,0.46,36046.0,78525,178.0
2026-05-08T17:11:39.299520500Z,TaxiAlgorithmP2PCollector,0,1000,20,100,1,nearest,1,4,1,BASELINE,4,116264429,Custom Time [micros],0.0,0.0,0.0,0.0,78525,0.0
2026-05-08T17:12:14.977290800Z,TaxiAlgorithmP2PCollector,0,1000,20,100,1,nearest,1,4,1,BASELINE,5,116264430,Taxi Travel Distance [km],7.8,1415.99,356.76,7135.26,20,1408.19
2026-05-08T17:12:14.977290800Z,TaxiAlgorithmP2PCollector,0,1000,20,100,1,nearest,1,4,1,BASELINE,5,116264430,Client Waiting Time [min],2.13,772.53,183.3,9898.45,54,770.4
2026-05-08T17:12:14.977290800Z,TaxiAlgorithmP2PCollector,0,1000,20,100,1,nearest,1,4,1,BASELINE,5,116264430,Client Travel Time [min],1074.0,74319.0,22508.39,2250839.0,100,73245.0
2026-05-08T17:12:14.977290800Z,TaxiAlgorithmP2PCollector,0,1000,20,100,1,nearest,1,4,1,BASELINE,5,116264430,Calculation Time [millis],0.0,184.0,0.46,34861.0,75937,184.0
2026-05-08T17:12:14.977290800Z,TaxiAlgorithmP2PCollector,0,1000,20,100,1,nearest,1,4,1,BASELINE,5,116264430,Custom Time [micros],0.0,0.0,0.0,0.0,75937,0.0
2026-05-08T17:12:53.420207400Z,TaxiAlgorithmP2PCollector,0,1000,20,100,1,nearest,1,4,1,BASELINE,6,116264431,Taxi Travel Distance [km],17.33,1011.66,333.94,6678.77,20,994.3299999999999
2026-05-08T17:12:53.420207400Z,TaxiAlgorithmP2PCollector,0,1000,20,100,1,nearest,1,4,1,BASELINE,6,116264431,Client Waiting Time [min],4.33,1140.5,145.54,7131.55,49,1136.17
2026-05-08T17:12:53.420207400Z,TaxiAlgorithmP2PCollector,0,1000,20,100,1,nearest,1,4,1,BASELINE,6,116264431,Client Travel Time [min],1135.0,78900.0,22493.62,2249362.0,100,77765.0
2026-05-08T17:12:53.420207400Z,TaxiAlgorithmP2PCollector,0,1000,20,100,1,nearest,1,4,1,BASELINE,6,116264431,Calculation Time [millis],0.0,184.0,0.45,37642.0,83285,184.0
2026-05-08T17:12:53.420207400Z,TaxiAlgorithmP2PCollector,0,1000,20,100,1,nearest,1,4,1,BASELINE,6,116264431,Custom Time [micros],0.0,0.0,0.0,0.0,83285,0.0
2026-05-08T17:13:29.097387800Z,TaxiAlgorithmP2PCollector,0,1000,20,100,1,nearest,1,4,1,BASELINE,7,116264432,Taxi Travel Distance [km],12.24,571.56,223.55,4470.92,20,559.3199999999999
2026-05-08T17:13:29.097387800Z,TaxiAlgorithmP2PCollector,0,1000,20,100,1,nearest,1,4,1,BASELINE,7,116264432,Client Waiting Time [min],1.27,292.88,96.87,3681.23,38,291.61
2026-05-08T17:13:29.097387800Z,TaxiAlgorithmP2PCollector,0,1000,20,100,1,nearest,1,4,1,BASELINE,7,116264432,Client Travel Time [min],746.0,74836.0,24768.42,2476842.0,100,74090.0
2026-05-08T17:13:29.097387800Z,TaxiAlgorithmP2PCollector,0,1000,20,100,1,nearest,1,4,1,BASELINE,7,116264432,Calculation Time [millis],0.0,192.0,0.46,34746.0,75393,192.0
2026-05-08T17:13:29.097387800Z,TaxiAlgorithmP2PCollector,0,1000,20,100,1,nearest,1,4,1,BASELINE,7,116264432,Custom Time [micros],0.0,0.0,0.0,0.0,75393,0.0
2026-05-08T17:14:08.038681Z,TaxiAlgorithmP2PCollector,0,1000,20,100,1,nearest,1,4,1,BASELINE,8,116264433,Taxi Travel Distance [km],10.7,701.33,249.04,4980.75,20,690.63
2026-05-08T17:14:08.038681Z,TaxiAlgorithmP2PCollector,0,1000,20,100,1,nearest,1,4,1,BASELINE,8,116264433,Client Waiting Time [min],0.72,498.77,106.84,4701.1,44,498.04999999999995
2026-05-08T17:14:08.038681Z,TaxiAlgorithmP2PCollector,0,1000,20,100,1,nearest,1,4,1,BASELINE,8,116264433,Client Travel Time [min],1947.0,77832.0,25934.42,2593442.0,100,75885.0
2026-05-08T17:14:08.038681Z,TaxiAlgorithmP2PCollector,0,1000,20,100,1,nearest,1,4,1,BASELINE,8,116264433,Calculation Time [millis],0.0,187.0,0.46,37934.0,82368,187.0
2026-05-08T17:14:08.038681Z,TaxiAlgorithmP2PCollector,0,1000,20,100,1,nearest,1,4,1,BASELINE,8,116264433,Custom Time [micros],0.0,0.0,0.0,0.0,82368,0.0
2026-05-08T17:14:44.711906100Z,TaxiAlgorithmP2PCollector,0,1000,20,100,1,nearest,1,4,1,BASELINE,9,116264434,Taxi Travel Distance [km],9.81,1233.42,343.68,6873.69,20,1223.6100000000001
2026-05-08T17:14:44.711906100Z,TaxiAlgorithmP2PCollector,0,1000,20,100,1,nearest,1,4,1,BASELINE,9,116264434,Client Waiting Time [min],0.32,708.37,168.65,9107.17,54,708.05
2026-05-08T17:14:44.711906100Z,TaxiAlgorithmP2PCollector,0,1000,20,100,1,nearest,1,4,1,BASELINE,9,116264434,Client Travel Time [min],84.0,75052.0,21408.26,2140826.0,100,74968.0
2026-05-08T17:14:44.711906100Z,TaxiAlgorithmP2PCollector,0,1000,20,100,1,nearest,1,4,1,BASELINE,9,116264434,Calculation Time [millis],0.0,202.0,0.46,35922.0,78462,202.0
2026-05-08T17:14:44.711906100Z,TaxiAlgorithmP2PCollector,0,1000,20,100,1,nearest,1,4,1,BASELINE,9,116264434,Custom Time [micros],0.0,0.0,0.0,0.0,78462,0.0
2026-05-08T17:15:20.808549100Z,TaxiAlgorithmP2PCollector,0,1000,20,100,1,nearest,1,4,1,BASELINE,10,116264435,Taxi Travel Distance [km],7.98,881.37,335.65,6713.02,20,873.39
2026-05-08T17:15:20.808549100Z,TaxiAlgorithmP2PCollector,0,1000,20,100,1,nearest,1,4,1,BASELINE,10,116264435,Client Waiting Time [min],0.57,490.8,148.35,8752.4,59,490.23
2026-05-08T17:15:20.808549100Z,TaxiAlgorithmP2PCollector,0,1000,20,100,1,nearest,1,4,1,BASELINE,10,116264435,Client Travel Time [min],607.0,77763.0,19567.6,1956760.0,100,77156.0
2026-05-08T17:15:20.808549100Z,TaxiAlgorithmP2PCollector,0,1000,20,100,1,nearest,1,4,1,BASELINE,10,116264435,Calculation Time [millis],0.0,185.0,0.45,35175.0,78099,185.0
2026-05-08T17:15:20.808549100Z,TaxiAlgorithmP2PCollector,0,1000,20,100,1,nearest,1,4,1,BASELINE,10,116264435,Custom Time [micros],0.0,0.0,0.0,0.0,78099,0.0
2026-05-08T17:15:22.036943Z,TaxiAlgorithmP2PCollector,0,5000,5,25,1,nearest,1,4,1,BASELINE,1,116264426,Taxi Travel Distance [km],4.58,112.94,73.94,369.71,5,108.36
2026-05-08T17:15:22.036943Z,TaxiAlgorithmP2PCollector,0,5000,5,25,1,nearest,1,4,1,BASELINE,1,116264426,Client Waiting Time [min],1.37,207.65,29.39,499.55,17,206.28
2026-05-08T17:15:22.036943Z,TaxiAlgorithmP2PCollector,0,5000,5,25,1,nearest,1,4,1,BASELINE,1,116264426,Client Travel Time [min],124.0,17798.0,4184.04,104601.0,25,17674.0
2026-05-08T17:15:22.036943Z,TaxiAlgorithmP2PCollector,0,5000,5,25,1,nearest,1,4,1,BASELINE,1,116264426,Calculation Time [millis],0.0,56.0,0.04,770.0,21268,56.0
2026-05-08T17:15:22.036943Z,TaxiAlgorithmP2PCollector,0,5000,5,25,1,nearest,1,4,1,BASELINE,1,116264426,Custom Time [micros],0.0,0.0,0.0,0.0,21268,0.0
2026-05-08T17:15:22.312942300Z,TaxiAlgorithmP2PCollector,0,5000,5,25,1,nearest,1,4,1,BASELINE,2,116264427,Taxi Travel Distance [km],33.3,158.54,116.91,584.55,5,125.24
2026-05-08T17:15:22.312942300Z,TaxiAlgorithmP2PCollector,0,5000,5,25,1,nearest,1,4,1,BASELINE,2,116264427,Client Waiting Time [min],0.55,97.58,23.31,582.65,25,97.03
2026-05-08T17:15:22.312942300Z,TaxiAlgorithmP2PCollector,0,5000,5,25,1,nearest,1,4,1,BASELINE,2,116264427,Client Travel Time [min],369.0,5989.0,1843.0,46075.0,25,5620.0
2026-05-08T17:15:22.312942300Z,TaxiAlgorithmP2PCollector,0,5000,5,25,1,nearest,1,4,1,BASELINE,2,116264427,Calculation Time [millis],0.0,0.0,0.03,198.0,7743,0.0
2026-05-08T17:15:22.312942300Z,TaxiAlgorithmP2PCollector,0,5000,5,25,1,nearest,1,4,1,BASELINE,2,116264427,Custom Time [micros],0.0,0.0,0.0,0.0,7743,0.0
2026-05-08T17:15:22.885942200Z,TaxiAlgorithmP2PCollector,0,5000,5,25,1,nearest,1,4,1,BASELINE,3,116264428,Taxi Travel Distance [km],2.72,147.14,85.7,428.52,5,144.42
2026-05-08T17:15:22.885942200Z,TaxiAlgorithmP2PCollector,0,5000,5,25,1,nearest,1,4,1,BASELINE,3,116264428,Client Waiting Time [min],2.12,34.38,11.32,248.95,22,32.260000000000005
2026-05-08T17:15:22.885942200Z,TaxiAlgorithmP2PCollector,0,5000,5,25,1,nearest,1,4,1,BASELINE,3,116264428,Client Travel Time [min],454.0,15112.0,2253.0,56325.0,25,14658.0
2026-05-08T17:15:22.885942200Z,TaxiAlgorithmP2PCollector,0,5000,5,25,1,nearest,1,4,1,BASELINE,3,116264428,Calculation Time [millis],0.0,0.0,0.03,485.0,16975,0.0
2026-05-08T17:15:22.885942200Z,TaxiAlgorithmP2PCollector,0,5000,5,25,1,nearest,1,4,1,BASELINE,3,116264428,Custom Time [micros],0.0,0.0,0.0,0.0,16975,0.0
2026-05-08T17:15:23.494942400Z,TaxiAlgorithmP2PCollector,0,5000,5,25,1,nearest,1,4,1,BASELINE,4,116264429,Taxi Travel Distance [km],21.12,129.93,74.43,372.16,5,108.81
2026-05-08T17:15:23.494942400Z,TaxiAlgorithmP2PCollector,0,5000,5,25,1,nearest,1,4,1,BASELINE,4,116264429,Client Waiting Time [min],1.55,96.33,20.26,405.13,20,94.78
2026-05-08T17:15:23.494942400Z,TaxiAlgorithmP2PCollector,0,5000,5,25,1,nearest,1,4,1,BASELINE,4,116264429,Client Travel Time [min],267.0,11465.0,2594.24,64856.0,25,11198.0
2026-05-08T17:15:23.494942400Z,TaxiAlgorithmP2PCollector,0,5000,5,25,1,nearest,1,4,1,BASELINE,4,116264429,Calculation Time [millis],0.0,33.0,0.03,502.0,15439,33.0
2026-05-08T17:15:23.494942400Z,TaxiAlgorithmP2PCollector,0,5000,5,25,1,nearest,1,4,1,BASELINE,4,116264429,Custom Time [micros],0.0,0.0,0.0,0.0,15439,0.0
2026-05-08T17:15:23.914457Z,TaxiAlgorithmP2PCollector,0,5000,5,25,1,nearest,1,4,1,BASELINE,5,116264430,Taxi Travel Distance [km],11.93,148.87,76.22,381.12,5,136.94
2026-05-08T17:15:23.914457Z,TaxiAlgorithmP2PCollector,0,5000,5,25,1,nearest,1,4,1,BASELINE,5,116264430,Client Waiting Time [min],2.28,160.05,41.13,904.9,22,157.77
2026-05-08T17:15:23.914457Z,TaxiAlgorithmP2PCollector,0,5000,5,25,1,nearest,1,4,1,BASELINE,5,116264430,Client Travel Time [min],355.0,9659.0,3505.96,87649.0,25,9304.0
2026-05-08T17:15:23.914457Z,TaxiAlgorithmP2PCollector,0,5000,5,25,1,nearest,1,4,1,BASELINE,5,116264430,Calculation Time [millis],0.0,0.0,0.03,342.0,12201,0.0
2026-05-08T17:15:23.914457Z,TaxiAlgorithmP2PCollector,0,5000,5,25,1,nearest,1,4,1,BASELINE,5,116264430,Custom Time [micros],0.0,0.0,0.0,0.0,12201,0.0
2026-05-08T17:15:24.164457500Z,TaxiAlgorithmP2PCollector,0,5000,5,25,1,nearest,1,4,1,BASELINE,6,116264431,Taxi Travel Distance [km],50.01,139.12,106.84,534.18,5,89.11000000000001
2026-05-08T17:15:24.164457500Z,TaxiAlgorithmP2PCollector,0,5000,5,25,1,nearest,1,4,1,BASELINE,6,116264431,Client Waiting Time [min],1.07,39.7,10.07,251.67,25,38.63
2026-05-08T17:15:24.164457500Z,TaxiAlgorithmP2PCollector,0,5000,5,25,1,nearest,1,4,1,BASELINE,6,116264431,Client Travel Time [min],279.0,2705.0,1065.48,26637.0,25,2426.0
2026-05-08T17:15:24.164457500Z,TaxiAlgorithmP2PCollector,0,5000,5,25,1,nearest,1,4,1,BASELINE,6,116264431,Calculation Time [millis],0.0,0.0,0.02,169.0,7032,0.0
2026-05-08T17:15:24.164457500Z,TaxiAlgorithmP2PCollector,0,5000,5,25,1,nearest,1,4,1,BASELINE,6,116264431,Custom Time [micros],0.0,0.0,0.0,0.0,7032,0.0
2026-05-08T17:15:24.585467100Z,TaxiAlgorithmP2PCollector,0,5000,5,25,1,nearest,1,4,1,BASELINE,7,116264432,Taxi Travel Distance [km],16.26,145.67,83.19,415.95,5,129.41
2026-05-08T17:15:24.585467100Z,TaxiAlgorithmP2PCollector,0,5000,5,25,1,nearest,1,4,1,BASELINE,7,116264432,Client Waiting Time [min],0.52,111.72,16.1,370.23,23,111.2
2026-05-08T17:15:24.585467100Z,TaxiAlgorithmP2PCollector,0,5000,5,25,1,nearest,1,4,1,BASELINE,7,116264432,Client Travel Time [min],160.0,7207.0,1641.16,41029.0,25,7047.0
2026-05-08T17:15:24.585467100Z,TaxiAlgorithmP2PCollector,0,5000,5,25,1,nearest,1,4,1,BASELINE,7,116264432,Calculation Time [millis],0.0,0.0,0.03,323.0,11731,0.0
2026-05-08T17:15:24.585467100Z,TaxiAlgorithmP2PCollector,0,5000,5,25,1,nearest,1,4,1,BASELINE,7,116264432,Custom Time [micros],0.0,0.0,0.0,0.0,11731,0.0
2026-05-08T17:15:24.817469700Z,TaxiAlgorithmP2PCollector,0,5000,5,25,1,nearest,1,4,1,BASELINE,8,116264433,Taxi Travel Distance [km],51.08,124.61,96.96,484.78,5,73.53
2026-05-08T17:15:24.817469700Z,TaxiAlgorithmP2PCollector,0,5000,5,25,1,nearest,1,4,1,BASELINE,8,116264433,Client Waiting Time [min],0.45,56.42,13.41,335.28,25,55.97
2026-05-08T17:15:24.817469700Z,TaxiAlgorithmP2PCollector,0,5000,5,25,1,nearest,1,4,1,BASELINE,8,116264433,Client Travel Time [min],255.0,3689.0,1309.76,32744.0,25,3434.0
2026-05-08T17:15:24.817469700Z,TaxiAlgorithmP2PCollector,0,5000,5,25,1,nearest,1,4,1,BASELINE,8,116264433,Calculation Time [millis],0.0,0.0,0.02,147.0,6602,0.0
2026-05-08T17:15:24.817469700Z,TaxiAlgorithmP2PCollector,0,5000,5,25,1,nearest,1,4,1,BASELINE,8,116264433,Custom Time [micros],0.0,0.0,0.0,0.0,6602,0.0
2026-05-08T17:15:25.082467700Z,TaxiAlgorithmP2PCollector,0,5000,5,25,1,nearest,1,4,1,BASELINE,9,116264434,Taxi Travel Distance [km],39.88,126.98,84.67,423.37,5,87.1
2026-05-08T17:15:25.082467700Z,TaxiAlgorithmP2PCollector,0,5000,5,25,1,nearest,1,4,1,BASELINE,9,116264434,Client Waiting Time [min],0.18,65.42,17.39,417.33,24,65.24
2026-05-08T17:15:25.082467700Z,TaxiAlgorithmP2PCollector,0,5000,5,25,1,nearest,1,4,1,BASELINE,9,116264434,Client Travel Time [min],197.0,4271.0,1528.48,38212.0,25,4074.0
2026-05-08T17:15:25.082467700Z,TaxiAlgorithmP2PCollector,0,5000,5,25,1,nearest,1,4,1,BASELINE,9,116264434,Calculation Time [millis],0.0,0.0,0.03,182.0,6774,0.0
2026-05-08T17:15:25.082467700Z,TaxiAlgorithmP2PCollector,0,5000,5,25,1,nearest,1,4,1,BASELINE,9,116264434,Custom Time [micros],0.0,0.0,0.0,0.0,6774,0.0
2026-05-08T17:15:25.534467400Z,TaxiAlgorithmP2PCollector,0,5000,5,25,1,nearest,1,4,1,BASELINE,10,116264435,Taxi Travel Distance [km],18.89,216.39,68.81,344.03,5,197.5
2026-05-08T17:15:25.534467400Z,TaxiAlgorithmP2PCollector,0,5000,5,25,1,nearest,1,4,1,BASELINE,10,116264435,Client Waiting Time [min],2.9,90.98,34.99,769.8,22,88.08
2026-05-08T17:15:25.534467400Z,TaxiAlgorithmP2PCollector,0,5000,5,25,1,nearest,1,4,1,BASELINE,10,116264435,Client Travel Time [min],395.0,7405.0,2775.36,69384.0,25,7010.0
2026-05-08T17:15:25.534467400Z,TaxiAlgorithmP2PCollector,0,5000,5,25,1,nearest,1,4,1,BASELINE,10,116264435,Calculation Time [millis],0.0,30.0,0.03,360.0,10489,30.0
2026-05-08T17:15:25.534467400Z,TaxiAlgorithmP2PCollector,0,5000,5,25,1,nearest,1,4,1,BASELINE,10,116264435,Custom Time [micros],0.0,0.0,0.0,0.0,10489,0.0
2026-05-08T17:15:26.143466800Z,TaxiAlgorithmP2PCollector,0,5000,10,25,1,nearest,1,4,1,BASELINE,1,116264426,Taxi Travel Distance [km],12.74,101.69,70.86,708.55,10,88.95
2026-05-08T17:15:26.143466800Z,TaxiAlgorithmP2PCollector,0,5000,10,25,1,nearest,1,4,1,BASELINE,1,116264426,Client Waiting Time [min],0.38,21.82,5.26,126.13,24,21.44
2026-05-08T17:15:26.143466800Z,TaxiAlgorithmP2PCollector,0,5000,10,25,1,nearest,1,4,1,BASELINE,1,116264426,Client Travel Time [min],65.0,2830.0,855.12,21378.0,25,2765.0
2026-05-08T17:15:26.143466800Z,TaxiAlgorithmP2PCollector,0,5000,10,25,1,nearest,1,4,1,BASELINE,1,116264426,Calculation Time [millis],0.0,1.0,0.07,534.0,7789,1.0
2026-05-08T17:15:26.143466800Z,TaxiAlgorithmP2PCollector,0,5000,10,25,1,nearest,1,4,1,BASELINE,1,116264426,Custom Time [micros],0.0,0.0,0.0,0.0,7789,0.0
2026-05-08T17:15:26.486467Z,TaxiAlgorithmP2PCollector,0,5000,10,25,1,nearest,1,4,1,BASELINE,2,116264427,Taxi Travel Distance [km],18.88,90.42,64.47,644.73,10,71.54
2026-05-08T17:15:26.486467Z,TaxiAlgorithmP2PCollector,0,5000,10,25,1,nearest,1,4,1,BASELINE,2,116264427,Client Waiting Time [min],1.27,19.03,4.7,117.5,25,17.76
2026-05-08T17:15:26.486467Z,TaxiAlgorithmP2PCollector,0,5000,10,25,1,nearest,1,4,1,BASELINE,2,116264427,Client Travel Time [min],408.0,1847.0,798.32,19958.0,25,1439.0
2026-05-08T17:15:26.486467Z,TaxiAlgorithmP2PCollector,0,5000,10,25,1,nearest,1,4,1,BASELINE,2,116264427,Calculation Time [millis],0.0,0.0,0.05,235.0,4820,0.0
2026-05-08T17:15:26.486467Z,TaxiAlgorithmP2PCollector,0,5000,10,25,1,nearest,1,4,1,BASELINE,2,116264427,Custom Time [micros],0.0,0.0,0.0,0.0,4820,0.0
2026-05-08T17:15:26.795467400Z,TaxiAlgorithmP2PCollector,0,5000,10,25,1,nearest,1,4,1,BASELINE,3,116264428,Taxi Travel Distance [km],20.02,87.44,61.42,614.2,10,67.42
2026-05-08T17:15:26.795467400Z,TaxiAlgorithmP2PCollector,0,5000,10,25,1,nearest,1,4,1,BASELINE,3,116264428,Client Waiting Time [min],1.58,11.38,4.33,108.22,25,9.8
2026-05-08T17:15:26.795467400Z,TaxiAlgorithmP2PCollector,0,5000,10,25,1,nearest,1,4,1,BASELINE,3,116264428,Client Travel Time [min],323.0,1395.0,760.08,19002.0,25,1072.0
2026-05-08T17:15:26.795467400Z,TaxiAlgorithmP2PCollector,0,5000,10,25,1,nearest,1,4,1,BASELINE,3,116264428,Calculation Time [millis],0.0,0.0,0.04,208.0,5744,0.0
2026-05-08T17:15:26.795467400Z,TaxiAlgorithmP2PCollector,0,5000,10,25,1,nearest,1,4,1,BASELINE,3,116264428,Custom Time [micros],0.0,0.0,0.0,0.0,5744,0.0
2026-05-08T17:15:27.419476300Z,TaxiAlgorithmP2PCollector,0,5000,10,25,1,nearest,1,4,1,BASELINE,4,116264429,Taxi Travel Distance [km],27.0,132.35,74.99,749.85,10,105.35
2026-05-08T17:15:27.419476300Z,TaxiAlgorithmP2PCollector,0,5000,10,25,1,nearest,1,4,1,BASELINE,4,116264429,Client Waiting Time [min],0.58,69.03,9.05,226.32,25,68.45
2026-05-08T17:15:27.419476300Z,TaxiAlgorithmP2PCollector,0,5000,10,25,1,nearest,1,4,1,BASELINE,4,116264429,Client Travel Time [min],168.0,4640.0,997.32,24933.0,25,4472.0
2026-05-08T17:15:27.419476300Z,TaxiAlgorithmP2PCollector,0,5000,10,25,1,nearest,1,4,1,BASELINE,4,116264429,Calculation Time [millis],0.0,33.0,0.08,523.0,6652,33.0
2026-05-08T17:15:27.419476300Z,TaxiAlgorithmP2PCollector,0,5000,10,25,1,nearest,1,4,1,BASELINE,4,116264429,Custom Time [micros],0.0,0.0,0.0,0.0,6652,0.0
2026-05-08T17:15:27.933059700Z,TaxiAlgorithmP2PCollector,0,5000,10,25,1,nearest,1,4,1,BASELINE,5,116264430,Taxi Travel Distance [km],47.25,137.08,80.76,807.63,10,89.83000000000001
2026-05-08T17:15:27.933059700Z,TaxiAlgorithmP2PCollector,0,5000,10,25,1,nearest,1,4,1,BASELINE,5,116264430,Client Waiting Time [min],1.8,58.98,7.32,182.92,25,57.18
2026-05-08T17:15:27.933059700Z,TaxiAlgorithmP2PCollector,0,5000,10,25,1,nearest,1,4,1,BASELINE,5,116264430,Client Travel Time [min],353.0,4173.0,887.76,22194.0,25,3820.0
2026-05-08T17:15:27.933059700Z,TaxiAlgorithmP2PCollector,0,5000,10,25,1,nearest,1,4,1,BASELINE,5,116264430,Calculation Time [millis],0.0,0.0,0.05,432.0,8490,0.0
2026-05-08T17:15:27.933059700Z,TaxiAlgorithmP2PCollector,0,5000,10,25,1,nearest,1,4,1,BASELINE,5,116264430,Custom Time [micros],0.0,0.0,0.0,0.0,8490,0.0
2026-05-08T17:15:28.291059700Z,TaxiAlgorithmP2PCollector,0,5000,10,25,1,nearest,1,4,1,BASELINE,6,116264431,Taxi Travel Distance [km],63.62,86.52,78.03,780.34,10,22.9
2026-05-08T17:15:28.291059700Z,TaxiAlgorithmP2PCollector,0,5000,10,25,1,nearest,1,4,1,BASELINE,6,116264431,Client Waiting Time [min],0.62,11.77,5.0,124.98,25,11.15
2026-05-08T17:15:28.291059700Z,TaxiAlgorithmP2PCollector,0,5000,10,25,1,nearest,1,4,1,BASELINE,6,116264431,Client Travel Time [min],321.0,1368.0,797.68,19942.0,25,1047.0
2026-05-08T17:15:28.291059700Z,TaxiAlgorithmP2PCollector,0,5000,10,25,1,nearest,1,4,1,BASELINE,6,116264431,Calculation Time [millis],0.0,0.0,0.05,250.0,5511,0.0
2026-05-08T17:15:28.291059700Z,TaxiAlgorithmP2PCollector,0,5000,10,25,1,nearest,1,4,1,BASELINE,6,116264431,Custom Time [micros],0.0,0.0,0.0,0.0,5511,0.0
2026-05-08T17:15:28.807074800Z,TaxiAlgorithmP2PCollector,0,5000,10,25,1,nearest,1,4,1,BASELINE,7,116264432,Taxi Travel Distance [km],7.11,113.01,65.57,655.72,10,105.9
2026-05-08T17:15:28.807074800Z,TaxiAlgorithmP2PCollector,0,5000,10,25,1,nearest,1,4,1,BASELINE,7,116264432,Client Waiting Time [min],0.45,36.52,5.62,140.53,25,36.07
2026-05-08T17:15:28.807074800Z,TaxiAlgorithmP2PCollector,0,5000,10,25,1,nearest,1,4,1,BASELINE,7,116264432,Client Travel Time [min],160.0,2607.0,791.84,19796.0,25,2447.0
2026-05-08T17:15:28.807074800Z,TaxiAlgorithmP2PCollector,0,5000,10,25,1,nearest,1,4,1,BASELINE,7,116264432,Calculation Time [millis],0.0,0.0,0.07,420.0,5895,0.0
2026-05-08T17:15:28.807074800Z,TaxiAlgorithmP2PCollector,0,5000,10,25,1,nearest,1,4,1,BASELINE,7,116264432,Custom Time [micros],0.0,0.0,0.0,0.0,5895,0.0
2026-05-08T17:15:29.383592Z,TaxiAlgorithmP2PCollector,0,5000,10,25,1,nearest,1,4,1,BASELINE,8,116264433,Taxi Travel Distance [km],25.31,112.35,66.22,662.16,10,87.03999999999999
2026-05-08T17:15:29.383592Z,TaxiAlgorithmP2PCollector,0,5000,10,25,1,nearest,1,4,1,BASELINE,8,116264433,Client Waiting Time [min],0.72,25.98,7.37,184.25,25,25.26
2026-05-08T17:15:29.383592Z,TaxiAlgorithmP2PCollector,0,5000,10,25,1,nearest,1,4,1,BASELINE,8,116264433,Client Travel Time [min],247.0,2262.0,971.8,24295.0,25,2015.0
2026-05-08T17:15:29.383592Z,TaxiAlgorithmP2PCollector,0,5000,10,25,1,nearest,1,4,1,BASELINE,8,116264433,Calculation Time [millis],0.0,29.0,0.08,477.0,6260,29.0
2026-05-08T17:15:29.383592Z,TaxiAlgorithmP2PCollector,0,5000,10,25,1,nearest,1,4,1,BASELINE,8,116264433,Custom Time [micros],0.0,0.0,0.0,0.0,6260,0.0
2026-05-08T17:15:29.865427100Z,TaxiAlgorithmP2PCollector,0,5000,10,25,1,nearest,1,4,1,BASELINE,9,116264434,Taxi Travel Distance [km],10.02,113.1,76.38,763.77,10,103.08
2026-05-08T17:15:29.865427100Z,TaxiAlgorithmP2PCollector,0,5000,10,25,1,nearest,1,4,1,BASELINE,9,116264434,Client Waiting Time [min],0.18,20.27,5.76,143.92,25,20.09
2026-05-08T17:15:29.865427100Z,TaxiAlgorithmP2PCollector,0,5000,10,25,1,nearest,1,4,1,BASELINE,9,116264434,Client Travel Time [min],197.0,1852.0,722.36,18059.0,25,1655.0
2026-05-08T17:15:29.865427100Z,TaxiAlgorithmP2PCollector,0,5000,10,25,1,nearest,1,4,1,BASELINE,9,116264434,Calculation Time [millis],0.0,0.0,0.07,390.0,5561,0.0
2026-05-08T17:15:29.865427100Z,TaxiAlgorithmP2PCollector,0,5000,10,25,1,nearest,1,4,1,BASELINE,9,116264434,Custom Time [micros],0.0,0.0,0.0,0.0,5561,0.0
2026-05-08T17:15:30.366985600Z,TaxiAlgorithmP2PCollector,0,5000,10,25,1,nearest,1,4,1,BASELINE,10,116264435,Taxi Travel Distance [km],3.67,109.31,63.65,636.51,10,105.64
2026-05-08T17:15:30.366985600Z,TaxiAlgorithmP2PCollector,0,5000,10,25,1,nearest,1,4,1,BASELINE,10,116264435,Client Waiting Time [min],0.58,48.28,7.11,177.87,25,47.7
2026-05-08T17:15:30.366985600Z,TaxiAlgorithmP2PCollector,0,5000,10,25,1,nearest,1,4,1,BASELINE,10,116264435,Client Travel Time [min],246.0,3037.0,759.68,18992.0,25,2791.0
2026-05-08T17:15:30.366985600Z,TaxiAlgorithmP2PCollector,0,5000,10,25,1,nearest,1,4,1,BASELINE,10,116264435,Calculation Time [millis],0.0,0.0,0.07,410.0,5888,0.0
2026-05-08T17:15:30.366985600Z,TaxiAlgorithmP2PCollector,0,5000,10,25,1,nearest,1,4,1,BASELINE,10,116264435,Custom Time [micros],0.0,0.0,0.0,0.0,5888,0.0
2026-05-08T17:15:32.408986700Z,TaxiAlgorithmP2PCollector,0,5000,10,50,1,nearest,1,4,1,BASELINE,1,116264426,Taxi Travel Distance [km],62.7,414.19,217.55,2175.53,10,351.49
2026-05-08T17:15:32.408986700Z,TaxiAlgorithmP2PCollector,0,5000,10,50,1,nearest,1,4,1,BASELINE,1,116264426,Client Waiting Time [min],0.47,153.75,37.11,1706.87,46,153.28
2026-05-08T17:15:32.408986700Z,TaxiAlgorithmP2PCollector,0,5000,10,50,1,nearest,1,4,1,BASELINE,1,116264426,Client Travel Time [min],366.0,17374.0,3422.58,171129.0,50,17008.0
2026-05-08T17:15:32.408986700Z,TaxiAlgorithmP2PCollector,0,5000,10,50,1,nearest,1,4,1,BASELINE,1,116264426,Calculation Time [millis],0.0,38.0,0.1,1912.0,19063,38.0
2026-05-08T17:15:32.408986700Z,TaxiAlgorithmP2PCollector,0,5000,10,50,1,nearest,1,4,1,BASELINE,1,116264426,Custom Time [micros],0.0,0.0,0.0,0.0,19063,0.0
2026-05-08T17:15:36.921917900Z,TaxiAlgorithmP2PCollector,0,5000,10,50,1,nearest,1,4,1,BASELINE,2,116264427,Taxi Travel Distance [km],6.87,395.23,191.5,1915.02,10,388.36
2026-05-08T17:15:36.921917900Z,TaxiAlgorithmP2PCollector,0,5000,10,50,1,nearest,1,4,1,BASELINE,2,116264427,Client Waiting Time [min],0.6,194.87,41.23,1896.8,46,194.27
2026-05-08T17:15:36.921917900Z,TaxiAlgorithmP2PCollector,0,5000,10,50,1,nearest,1,4,1,BASELINE,2,116264427,Client Travel Time [min],626.0,35078.0,3903.8,195190.0,50,34452.0
2026-05-08T17:15:36.921917900Z,TaxiAlgorithmP2PCollector,0,5000,10,50,1,nearest,1,4,1,BASELINE,2,116264427,Calculation Time [millis],0.0,106.0,0.11,4127.0,36892,106.0
2026-05-08T17:15:36.921917900Z,TaxiAlgorithmP2PCollector,0,5000,10,50,1,nearest,1,4,1,BASELINE,2,116264427,Custom Time [micros],0.0,0.0,0.0,0.0,36892,0.0
2026-05-08T17:15:38.303566500Z,TaxiAlgorithmP2PCollector,0,5000,10,50,1,nearest,1,4,1,BASELINE,3,116264428,Taxi Travel Distance [km],29.16,255.95,163.98,1639.77,10,226.79
2026-05-08T17:15:38.303566500Z,TaxiAlgorithmP2PCollector,0,5000,10,50,1,nearest,1,4,1,BASELINE,3,116264428,Client Waiting Time [min],1.98,125.47,34.91,1675.5,48,123.49
2026-05-08T17:15:38.303566500Z,TaxiAlgorithmP2PCollector,0,5000,10,50,1,nearest,1,4,1,BASELINE,3,116264428,Client Travel Time [min],390.0,7879.0,3035.64,151782.0,50,7489.0
2026-05-08T17:15:38.303566500Z,TaxiAlgorithmP2PCollector,0,5000,10,50,1,nearest,1,4,1,BASELINE,3,116264428,Calculation Time [millis],0.0,47.0,0.1,1201.0,12082,47.0
2026-05-08T17:15:38.303566500Z,TaxiAlgorithmP2PCollector,0,5000,10,50,1,nearest,1,4,1,BASELINE,3,116264428,Custom Time [micros],0.0,0.0,0.0,0.0,12082,0.0
2026-05-08T17:15:41.253176100Z,TaxiAlgorithmP2PCollector,0,5000,10,50,1,nearest,1,4,1,BASELINE,4,116264429,Taxi Travel Distance [km],30.61,407.01,168.65,1686.54,10,376.4
2026-05-08T17:15:41.253176100Z,TaxiAlgorithmP2PCollector,0,5000,10,50,1,nearest,1,4,1,BASELINE,4,116264429,Client Waiting Time [min],1.35,277.92,54.48,2233.68,41,276.57
2026-05-08T17:15:41.253176100Z,TaxiAlgorithmP2PCollector,0,5000,10,50,1,nearest,1,4,1,BASELINE,4,116264429,Client Travel Time [min],721.0,20578.0,5572.8,278640.0,50,19857.0
2026-05-08T17:15:41.253176100Z,TaxiAlgorithmP2PCollector,0,5000,10,50,1,nearest,1,4,1,BASELINE,4,116264429,Calculation Time [millis],0.0,50.0,0.11,2784.0,25532,50.0
2026-05-08T17:15:41.253176100Z,TaxiAlgorithmP2PCollector,0,5000,10,50,1,nearest,1,4,1,BASELINE,4,116264429,Custom Time [micros],0.0,0.0,0.0,0.0,25532,0.0
2026-05-08T17:15:44.850253100Z,TaxiAlgorithmP2PCollector,0,5000,10,50,1,nearest,1,4,1,BASELINE,5,116264430,Taxi Travel Distance [km],39.43,325.59,174.8,1748.0,10,286.15999999999997
2026-05-08T17:15:44.850253100Z,TaxiAlgorithmP2PCollector,0,5000,10,50,1,nearest,1,4,1,BASELINE,5,116264430,Client Waiting Time [min],1.45,481.63,65.31,3199.97,49,480.18
2026-05-08T17:15:44.850253100Z,TaxiAlgorithmP2PCollector,0,5000,10,50,1,nearest,1,4,1,BASELINE,5,116264430,Client Travel Time [min],457.0,29035.0,5003.72,250186.0,50,28578.0
2026-05-08T17:15:44.850253100Z,TaxiAlgorithmP2PCollector,0,5000,10,50,1,nearest,1,4,1,BASELINE,5,116264430,Calculation Time [millis],0.0,68.0,0.1,3313.0,33174,68.0
2026-05-08T17:15:44.850253100Z,TaxiAlgorithmP2PCollector,0,5000,10,50,1,nearest,1,4,1,BASELINE,5,116264430,Custom Time [micros],0.0,0.0,0.0,0.0,33174,0.0
2026-05-08T17:15:47.688302500Z,TaxiAlgorithmP2PCollector,0,5000,10,50,1,nearest,1,4,1,BASELINE,6,116264431,Taxi Travel Distance [km],68.04,544.6,238.81,2388.13,10,476.56
2026-05-08T17:15:47.688302500Z,TaxiAlgorithmP2PCollector,0,5000,10,50,1,nearest,1,4,1,BASELINE,6,116264431,Client Waiting Time [min],1.02,303.87,38.08,1828.03,48,302.85
2026-05-08T17:15:47.688302500Z,TaxiAlgorithmP2PCollector,0,5000,10,50,1,nearest,1,4,1,BASELINE,6,116264431,Client Travel Time [min],334.0,24229.0,3840.2,192010.0,50,23895.0
2026-05-08T17:15:47.688302500Z,TaxiAlgorithmP2PCollector,0,5000,10,50,1,nearest,1,4,1,BASELINE,6,116264431,Calculation Time [millis],0.0,68.0,0.1,2577.0,25238,68.0
2026-05-08T17:15:47.688302500Z,TaxiAlgorithmP2PCollector,0,5000,10,50,1,nearest,1,4,1,BASELINE,6,116264431,Custom Time [micros],0.0,0.0,0.0,0.0,25238,0.0
2026-05-08T17:15:51.391356600Z,TaxiAlgorithmP2PCollector,0,5000,10,50,1,nearest,1,4,1,BASELINE,7,116264432,Taxi Travel Distance [km],8.92,301.9,142.7,1427.02,10,292.97999999999996
2026-05-08T17:15:51.391356600Z,TaxiAlgorithmP2PCollector,0,5000,10,50,1,nearest,1,4,1,BASELINE,7,116264432,Client Waiting Time [min],0.17,122.05,28.55,1142.13,40,121.88
2026-05-08T17:15:51.391356600Z,TaxiAlgorithmP2PCollector,0,5000,10,50,1,nearest,1,4,1,BASELINE,7,116264432,Client Travel Time [min],160.0,31850.0,5554.6,277730.0,50,31690.0
2026-05-08T17:15:51.391356600Z,TaxiAlgorithmP2PCollector,0,5000,10,50,1,nearest,1,4,1,BASELINE,7,116264432,Calculation Time [millis],0.0,85.0,0.1,3507.0,33893,85.0
2026-05-08T17:15:51.391356600Z,TaxiAlgorithmP2PCollector,0,5000,10,50,1,nearest,1,4,1,BASELINE,7,116264432,Custom Time [micros],0.0,0.0,0.0,0.0,33893,0.0
2026-05-08T17:15:54.627561500Z,TaxiAlgorithmP2PCollector,0,5000,10,50,1,nearest,1,4,1,BASELINE,8,116264433,Taxi Travel Distance [km],2.48,375.83,141.31,1413.15,10,373.34999999999997
2026-05-08T17:15:54.627561500Z,TaxiAlgorithmP2PCollector,0,5000,10,50,1,nearest,1,4,1,BASELINE,8,116264433,Client Waiting Time [min],1.3,431.95,60.29,2411.57,40,430.65
2026-05-08T17:15:54.627561500Z,TaxiAlgorithmP2PCollector,0,5000,10,50,1,nearest,1,4,1,BASELINE,8,116264433,Client Travel Time [min],797.0,26080.0,5998.84,299942.0,50,25283.0
2026-05-08T17:15:54.627561500Z,TaxiAlgorithmP2PCollector,0,5000,10,50,1,nearest,1,4,1,BASELINE,8,116264433,Calculation Time [millis],0.0,78.0,0.1,3023.0,29751,78.0
2026-05-08T17:15:54.627561500Z,TaxiAlgorithmP2PCollector,0,5000,10,50,1,nearest,1,4,1,BASELINE,8,116264433,Custom Time [micros],0.0,0.0,0.0,0.0,29751,0.0
2026-05-08T17:15:58.965571900Z,TaxiAlgorithmP2PCollector,0,5000,10,50,1,nearest,1,4,1,BASELINE,9,116264434,Taxi Travel Distance [km],41.15,352.91,149.54,1495.36,10,311.76000000000005
2026-05-08T17:15:58.965571900Z,TaxiAlgorithmP2PCollector,0,5000,10,50,1,nearest,1,4,1,BASELINE,9,116264434,Client Waiting Time [min],0.93,396.35,65.46,2683.88,41,395.42
2026-05-08T17:15:58.965571900Z,TaxiAlgorithmP2PCollector,0,5000,10,50,1,nearest,1,4,1,BASELINE,9,116264434,Client Travel Time [min],236.0,35052.0,6718.94,335947.0,50,34816.0
2026-05-08T17:15:58.965571900Z,TaxiAlgorithmP2PCollector,0,5000,10,50,1,nearest,1,4,1,BASELINE,9,116264434,Calculation Time [millis],0.0,86.0,0.11,4105.0,38462,86.0
2026-05-08T17:15:58.965571900Z,TaxiAlgorithmP2PCollector,0,5000,10,50,1,nearest,1,4,1,BASELINE,9,116264434,Custom Time [micros],0.0,0.0,0.0,0.0,38462,0.0
2026-05-08T17:16:03.084644400Z,TaxiAlgorithmP2PCollector,0,5000,10,50,1,nearest,1,4,1,BASELINE,10,116264435,Taxi Travel Distance [km],41.93,434.24,185.06,1850.58,10,392.31
2026-05-08T17:16:03.084644400Z,TaxiAlgorithmP2PCollector,0,5000,10,50,1,nearest,1,4,1,BASELINE,10,116264435,Client Waiting Time [min],1.15,153.78,38.69,1818.33,47,152.63
2026-05-08T17:16:03.084644400Z,TaxiAlgorithmP2PCollector,0,5000,10,50,1,nearest,1,4,1,BASELINE,10,116264435,Client Travel Time [min],399.0,31126.0,3907.46,195373.0,50,30727.0
2026-05-08T17:16:03.084644400Z,TaxiAlgorithmP2PCollector,0,5000,10,50,1,nearest,1,4,1,BASELINE,10,116264435,Calculation Time [millis],0.0,67.0,0.11,3789.0,35274,67.0
2026-05-08T17:16:03.084644400Z,TaxiAlgorithmP2PCollector,0,5000,10,50,1,nearest,1,4,1,BASELINE,10,116264435,Custom Time [micros],0.0,0.0,0.0,0.0,35274,0.0
2026-05-08T17:16:06.954748200Z,TaxiAlgorithmP2PCollector,0,5000,20,50,1,nearest,1,4,1,BASELINE,1,116264426,Taxi Travel Distance [km],5.36,205.0,101.95,2039.05,20,199.64
2026-05-08T17:16:06.954748200Z,TaxiAlgorithmP2PCollector,0,5000,20,50,1,nearest,1,4,1,BASELINE,1,116264426,Client Waiting Time [min],0.4,143.55,27.49,1347.15,49,143.15
2026-05-08T17:16:06.954748200Z,TaxiAlgorithmP2PCollector,0,5000,20,50,1,nearest,1,4,1,BASELINE,1,116264426,Client Travel Time [min],214.0,9081.0,2495.56,124778.0,50,8867.0
2026-05-08T17:16:06.954748200Z,TaxiAlgorithmP2PCollector,0,5000,20,50,1,nearest,1,4,1,BASELINE,1,116264426,Calculation Time [millis],0.0,67.0,0.38,3576.0,9509,67.0
2026-05-08T17:16:06.954748200Z,TaxiAlgorithmP2PCollector,0,5000,20,50,1,nearest,1,4,1,BASELINE,1,116264426,Custom Time [micros],0.0,0.0,0.0,0.0,9509,0.0
2026-05-08T17:16:10.640814300Z,TaxiAlgorithmP2PCollector,0,5000,20,50,1,nearest,1,4,1,BASELINE,2,116264427,Taxi Travel Distance [km],27.15,206.94,138.35,2767.1,20,179.79
2026-05-08T17:16:10.640814300Z,TaxiAlgorithmP2PCollector,0,5000,20,50,1,nearest,1,4,1,BASELINE,2,116264427,Client Waiting Time [min],0.5,141.83,19.77,968.57,49,141.33
2026-05-08T17:16:10.640814300Z,TaxiAlgorithmP2PCollector,0,5000,20,50,1,nearest,1,4,1,BASELINE,2,116264427,Client Travel Time [min],505.0,8518.0,2016.64,100832.0,50,8013.0
2026-05-08T17:16:10.640814300Z,TaxiAlgorithmP2PCollector,0,5000,20,50,1,nearest,1,4,1,BASELINE,2,116264427,Calculation Time [millis],0.0,70.0,0.36,3397.0,9502,70.0
2026-05-08T17:16:10.640814300Z,TaxiAlgorithmP2PCollector,0,5000,20,50,1,nearest,1,4,1,BASELINE,2,116264427,Custom Time [micros],0.0,0.0,0.0,0.0,9502,0.0
2026-05-08T17:16:14.823363500Z,TaxiAlgorithmP2PCollector,0,5000,20,50,1,nearest,1,4,1,BASELINE,3,116264428,Taxi Travel Distance [km],12.3,227.17,113.93,2278.61,20,214.86999999999998
2026-05-08T17:16:14.823363500Z,TaxiAlgorithmP2PCollector,0,5000,20,50,1,nearest,1,4,1,BASELINE,3,116264428,Client Waiting Time [min],1.27,104.77,20.26,992.77,49,103.5
2026-05-08T17:16:14.823363500Z,TaxiAlgorithmP2PCollector,0,5000,20,50,1,nearest,1,4,1,BASELINE,3,116264428,Client Travel Time [min],580.0,7321.0,2170.1,108505.0,50,6741.0
2026-05-08T17:16:14.823363500Z,TaxiAlgorithmP2PCollector,0,5000,20,50,1,nearest,1,4,1,BASELINE,3,116264428,Calculation Time [millis],0.0,73.0,0.36,3913.0,10794,73.0
2026-05-08T17:16:14.823363500Z,TaxiAlgorithmP2PCollector,0,5000,20,50,1,nearest,1,4,1,BASELINE,3,116264428,Custom Time [micros],0.0,0.0,0.0,0.0,10794,0.0
2026-05-08T17:16:17.838327300Z,TaxiAlgorithmP2PCollector,0,5000,20,50,1,nearest,1,4,1,BASELINE,4,116264429,Taxi Travel Distance [km],20.54,179.92,114.21,2284.13,20,159.38
2026-05-08T17:16:17.838327300Z,TaxiAlgorithmP2PCollector,0,5000,20,50,1,nearest,1,4,1,BASELINE,4,116264429,Client Waiting Time [min],0.45,89.97,18.01,900.72,50,89.52
2026-05-08T17:16:17.838327300Z,TaxiAlgorithmP2PCollector,0,5000,20,50,1,nearest,1,4,1,BASELINE,4,116264429,Client Travel Time [min],102.0,5623.0,1886.52,94326.0,50,5521.0
2026-05-08T17:16:17.838327300Z,TaxiAlgorithmP2PCollector,0,5000,20,50,1,nearest,1,4,1,BASELINE,4,116264429,Calculation Time [millis],0.0,65.0,0.32,2724.0,8502,65.0
2026-05-08T17:16:17.838327300Z,TaxiAlgorithmP2PCollector,0,5000,20,50,1,nearest,1,4,1,BASELINE,4,116264429,Custom Time [micros],0.0,0.0,0.0,0.0,8502,0.0
2026-05-08T17:16:20.387627600Z,TaxiAlgorithmP2PCollector,0,5000,20,50,1,nearest,1,4,1,BASELINE,5,116264430,Taxi Travel Distance [km],11.56,159.02,113.1,2261.9,20,147.46
2026-05-08T17:16:20.387627600Z,TaxiAlgorithmP2PCollector,0,5000,20,50,1,nearest,1,4,1,BASELINE,5,116264430,Client Waiting Time [min],0.33,43.22,12.83,641.6,50,42.89
2026-05-08T17:16:20.387627600Z,TaxiAlgorithmP2PCollector,0,5000,20,50,1,nearest,1,4,1,BASELINE,5,116264430,Client Travel Time [min],467.0,3544.0,1743.2,87160.0,50,3077.0
2026-05-08T17:16:20.387627600Z,TaxiAlgorithmP2PCollector,0,5000,20,50,1,nearest,1,4,1,BASELINE,5,116264430,Calculation Time [millis],0.0,29.0,0.3,2341.0,7728,29.0
2026-05-08T17:16:20.387627600Z,TaxiAlgorithmP2PCollector,0,5000,20,50,1,nearest,1,4,1,BASELINE,5,116264430,Custom Time [micros],0.0,0.0,0.0,0.0,7728,0.0
2026-05-08T17:16:24.127705Z,TaxiAlgorithmP2PCollector,0,5000,20,50,1,nearest,1,4,1,BASELINE,6,116264431,Taxi Travel Distance [km],59.79,197.66,148.55,2971.02,20,137.87
2026-05-08T17:16:24.127705Z,TaxiAlgorithmP2PCollector,0,5000,20,50,1,nearest,1,4,1,BASELINE,6,116264431,Client Waiting Time [min],0.32,63.27,16.68,817.55,49,62.95
2026-05-08T17:16:24.127705Z,TaxiAlgorithmP2PCollector,0,5000,20,50,1,nearest,1,4,1,BASELINE,6,116264431,Client Travel Time [min],274.0,8456.0,2127.04,106352.0,50,8182.0
2026-05-08T17:16:24.127705Z,TaxiAlgorithmP2PCollector,0,5000,20,50,1,nearest,1,4,1,BASELINE,6,116264431,Calculation Time [millis],0.0,69.0,0.37,3457.0,9358,69.0
2026-05-08T17:16:24.127705Z,TaxiAlgorithmP2PCollector,0,5000,20,50,1,nearest,1,4,1,BASELINE,6,116264431,Custom Time [micros],0.0,0.0,0.0,0.0,9358,0.0
2026-05-08T17:16:28.374346700Z,TaxiAlgorithmP2PCollector,0,5000,20,50,1,nearest,1,4,1,BASELINE,7,116264432,Taxi Travel Distance [km],18.03,232.83,109.74,2194.7,20,214.8
2026-05-08T17:16:28.374346700Z,TaxiAlgorithmP2PCollector,0,5000,20,50,1,nearest,1,4,1,BASELINE,7,116264432,Client Waiting Time [min],0.15,93.48,12.32,616.22,50,93.33
2026-05-08T17:16:28.374346700Z,TaxiAlgorithmP2PCollector,0,5000,20,50,1,nearest,1,4,1,BASELINE,7,116264432,Client Travel Time [min],160.0,6166.0,1555.72,77786.0,50,6006.0
2026-05-08T17:16:28.374346700Z,TaxiAlgorithmP2PCollector,0,5000,20,50,1,nearest,1,4,1,BASELINE,7,116264432,Calculation Time [millis],0.0,78.0,0.36,3974.0,10927,78.0
2026-05-08T17:16:28.374346700Z,TaxiAlgorithmP2PCollector,0,5000,20,50,1,nearest,1,4,1,BASELINE,7,116264432,Custom Time [micros],0.0,0.0,0.0,0.0,10927,0.0
2026-05-08T17:16:32.184161100Z,TaxiAlgorithmP2PCollector,0,5000,20,50,1,nearest,1,4,1,BASELINE,8,116264433,Taxi Travel Distance [km],1.24,204.82,98.47,1969.47,20,203.57999999999998
2026-05-08T17:16:32.184161100Z,TaxiAlgorithmP2PCollector,0,5000,20,50,1,nearest,1,4,1,BASELINE,8,116264433,Client Waiting Time [min],0.47,111.25,26.74,1337.18,50,110.78
2026-05-08T17:16:32.184161100Z,TaxiAlgorithmP2PCollector,0,5000,20,50,1,nearest,1,4,1,BASELINE,8,116264433,Client Travel Time [min],279.0,6904.0,2447.66,122383.0,50,6625.0
2026-05-08T17:16:32.184161100Z,TaxiAlgorithmP2PCollector,0,5000,20,50,1,nearest,1,4,1,BASELINE,8,116264433,Calculation Time [millis],0.0,73.0,0.34,3507.0,10216,73.0
2026-05-08T17:16:32.184161100Z,TaxiAlgorithmP2PCollector,0,5000,20,50,1,nearest,1,4,1,BASELINE,8,116264433,Custom Time [micros],0.0,0.0,0.0,0.0,10216,0.0
2026-05-08T17:16:36.405636300Z,TaxiAlgorithmP2PCollector,0,5000,20,50,1,nearest,1,4,1,BASELINE,9,116264434,Taxi Travel Distance [km],2.26,249.87,114.04,2280.76,20,247.61
2026-05-08T17:16:36.405636300Z,TaxiAlgorithmP2PCollector,0,5000,20,50,1,nearest,1,4,1,BASELINE,9,116264434,Client Waiting Time [min],0.65,145.85,27.17,1304.22,48,145.2
2026-05-08T17:16:36.405636300Z,TaxiAlgorithmP2PCollector,0,5000,20,50,1,nearest,1,4,1,BASELINE,9,116264434,Client Travel Time [min],169.0,9561.0,2512.88,125644.0,50,9392.0
2026-05-08T17:16:36.405636300Z,TaxiAlgorithmP2PCollector,0,5000,20,50,1,nearest,1,4,1,BASELINE,9,116264434,Calculation Time [millis],0.0,74.0,0.34,3966.0,11545,74.0
2026-05-08T17:16:36.405636300Z,TaxiAlgorithmP2PCollector,0,5000,20,50,1,nearest,1,4,1,BASELINE,9,116264434,Custom Time [micros],0.0,0.0,0.0,0.0,11545,0.0
2026-05-08T17:16:39.135249600Z,TaxiAlgorithmP2PCollector,0,5000,20,50,1,nearest,1,4,1,BASELINE,10,116264435,Taxi Travel Distance [km],23.31,164.71,121.53,2430.54,20,141.4
2026-05-08T17:16:39.135249600Z,TaxiAlgorithmP2PCollector,0,5000,20,50,1,nearest,1,4,1,BASELINE,10,116264435,Client Waiting Time [min],0.47,80.3,14.59,729.63,50,79.83
2026-05-08T17:16:39.135249600Z,TaxiAlgorithmP2PCollector,0,5000,20,50,1,nearest,1,4,1,BASELINE,10,116264435,Client Travel Time [min],233.0,5840.0,1811.84,90592.0,50,5607.0
2026-05-08T17:16:39.135249600Z,TaxiAlgorithmP2PCollector,0,5000,20,50,1,nearest,1,4,1,BASELINE,10,116264435,Calculation Time [millis],0.0,63.0,0.3,2428.0,8009,63.0
2026-05-08T17:16:39.135249600Z,TaxiAlgorithmP2PCollector,0,5000,20,50,1,nearest,1,4,1,BASELINE,10,116264435,Custom Time [micros],0.0,0.0,0.0,0.0,8009,0.0
2026-05-08T17:16:58.659271400Z,TaxiAlgorithmP2PCollector,0,5000,20,100,1,nearest,1,4,1,BASELINE,1,116264426,Taxi Travel Distance [km],4.59,963.07,391.13,7822.6,20,958.48
2026-05-08T17:16:58.659271400Z,TaxiAlgorithmP2PCollector,0,5000,20,100,1,nearest,1,4,1,BASELINE,1,116264426,Client Waiting Time [min],0.78,462.23,113.72,10576.08,93,461.45000000000005
2026-05-08T17:16:58.659271400Z,TaxiAlgorithmP2PCollector,0,5000,20,100,1,nearest,1,4,1,BASELINE,1,116264426,Client Travel Time [min],468.0,39548.0,9049.36,904936.0,100,39080.0
2026-05-08T17:16:58.659271400Z,TaxiAlgorithmP2PCollector,0,5000,20,100,1,nearest,1,4,1,BASELINE,1,116264426,Calculation Time [millis],0.0,189.0,0.44,19164.0,43847,189.0
2026-05-08T17:16:58.659271400Z,TaxiAlgorithmP2PCollector,0,5000,20,100,1,nearest,1,4,1,BASELINE,1,116264426,Custom Time [micros],0.0,0.0,0.0,0.0,43847,0.0
2026-05-08T17:17:18.222655700Z,TaxiAlgorithmP2PCollector,0,5000,20,100,1,nearest,1,4,1,BASELINE,2,116264427,Taxi Travel Distance [km],7.73,974.32,441.45,8828.91,20,966.59
2026-05-08T17:17:18.222655700Z,TaxiAlgorithmP2PCollector,0,5000,20,100,1,nearest,1,4,1,BASELINE,2,116264427,Client Waiting Time [min],2.78,538.98,119.16,11439.6,96,536.2
2026-05-08T17:17:18.222655700Z,TaxiAlgorithmP2PCollector,0,5000,20,100,1,nearest,1,4,1,BASELINE,2,116264427,Client Travel Time [min],687.0,40611.0,9341.48,934148.0,100,39924.0
2026-05-08T17:17:18.222655700Z,TaxiAlgorithmP2PCollector,0,5000,20,100,1,nearest,1,4,1,BASELINE,2,116264427,Calculation Time [millis],0.0,182.0,0.43,19154.0,44170,182.0
2026-05-08T17:17:18.222655700Z,TaxiAlgorithmP2PCollector,0,5000,20,100,1,nearest,1,4,1,BASELINE,2,116264427,Custom Time [micros],0.0,0.0,0.0,0.0,44170,0.0
2026-05-08T17:17:35.331802400Z,TaxiAlgorithmP2PCollector,0,5000,20,100,1,nearest,1,4,1,BASELINE,3,116264428,Taxi Travel Distance [km],34.31,838.41,415.22,8304.35,20,804.0999999999999
2026-05-08T17:17:35.331802400Z,TaxiAlgorithmP2PCollector,0,5000,20,100,1,nearest,1,4,1,BASELINE,3,116264428,Client Waiting Time [min],2.0,364.07,94.84,8914.73,94,362.07
2026-05-08T17:17:35.331802400Z,TaxiAlgorithmP2PCollector,0,5000,20,100,1,nearest,1,4,1,BASELINE,3,116264428,Client Travel Time [min],857.0,36358.0,7863.33,786333.0,100,35501.0
2026-05-08T17:17:35.331802400Z,TaxiAlgorithmP2PCollector,0,5000,20,100,1,nearest,1,4,1,BASELINE,3,116264428,Calculation Time [millis],0.0,169.0,0.43,16524.0,38098,169.0
2026-05-08T17:17:35.331802400Z,TaxiAlgorithmP2PCollector,0,5000,20,100,1,nearest,1,4,1,BASELINE,3,116264428,Custom Time [micros],0.0,0.0,0.0,0.0,38098,0.0
2026-05-08T17:18:09.239327500Z,TaxiAlgorithmP2PCollector,0,5000,20,100,1,nearest,1,4,1,BASELINE,4,116264429,Taxi Travel Distance [km],8.5,1127.53,414.53,8290.58,20,1119.03
2026-05-08T17:18:09.239327500Z,TaxiAlgorithmP2PCollector,0,5000,20,100,1,nearest,1,4,1,BASELINE,4,116264429,Client Waiting Time [min],1.62,556.95,98.0,9212.03,94,555.33
2026-05-08T17:18:09.239327500Z,TaxiAlgorithmP2PCollector,0,5000,20,100,1,nearest,1,4,1,BASELINE,4,116264429,Client Travel Time [min],1114.0,73217.0,8495.88,849588.0,100,72103.0
2026-05-08T17:18:09.239327500Z,TaxiAlgorithmP2PCollector,0,5000,20,100,1,nearest,1,4,1,BASELINE,4,116264429,Calculation Time [millis],0.0,205.0,0.44,33234.0,76339,205.0
2026-05-08T17:18:09.239327500Z,TaxiAlgorithmP2PCollector,0,5000,20,100,1,nearest,1,4,1,BASELINE,4,116264429,Custom Time [micros],0.0,0.0,0.0,0.0,76339,0.0
2026-05-08T17:18:31.409853800Z,TaxiAlgorithmP2PCollector,0,5000,20,100,1,nearest,1,4,1,BASELINE,5,116264430,Taxi Travel Distance [km],12.81,1086.25,376.33,7526.56,20,1073.44
2026-05-08T17:18:31.409853800Z,TaxiAlgorithmP2PCollector,0,5000,20,100,1,nearest,1,4,1,BASELINE,5,116264430,Client Waiting Time [min],1.15,809.28,142.16,12794.25,90,808.13
2026-05-08T17:18:31.409853800Z,TaxiAlgorithmP2PCollector,0,5000,20,100,1,nearest,1,4,1,BASELINE,5,116264430,Client Travel Time [min],891.0,48777.0,11314.52,1131452.0,100,47886.0
2026-05-08T17:18:31.409853800Z,TaxiAlgorithmP2PCollector,0,5000,20,100,1,nearest,1,4,1,BASELINE,5,116264430,Calculation Time [millis],0.0,169.0,0.43,21506.0,49733,169.0
2026-05-08T17:18:31.409853800Z,TaxiAlgorithmP2PCollector,0,5000,20,100,1,nearest,1,4,1,BASELINE,5,116264430,Custom Time [micros],0.0,0.0,0.0,0.0,49733,0.0
2026-05-08T17:18:49.329645500Z,TaxiAlgorithmP2PCollector,0,5000,20,100,1,nearest,1,4,1,BASELINE,6,116264431,Taxi Travel Distance [km],122.53,900.31,438.85,8777.01,20,777.78
2026-05-08T17:18:49.329645500Z,TaxiAlgorithmP2PCollector,0,5000,20,100,1,nearest,1,4,1,BASELINE,6,116264431,Client Waiting Time [min],0.88,617.33,118.0,10855.93,92,616.45
2026-05-08T17:18:49.329645500Z,TaxiAlgorithmP2PCollector,0,5000,20,100,1,nearest,1,4,1,BASELINE,6,116264431,Client Travel Time [min],496.0,37366.0,9123.15,912315.0,100,36870.0
2026-05-08T17:18:49.329645500Z,TaxiAlgorithmP2PCollector,0,5000,20,100,1,nearest,1,4,1,BASELINE,6,116264431,Calculation Time [millis],0.0,188.0,0.42,17326.0,41117,188.0
2026-05-08T17:18:49.329645500Z,TaxiAlgorithmP2PCollector,0,5000,20,100,1,nearest,1,4,1,BASELINE,6,116264431,Custom Time [micros],0.0,0.0,0.0,0.0,41117,0.0
2026-05-08T17:19:18.072343700Z,TaxiAlgorithmP2PCollector,0,5000,20,100,1,nearest,1,4,1,BASELINE,7,116264432,Taxi Travel Distance [km],88.45,1401.87,464.01,9280.26,20,1313.4199999999998
2026-05-08T17:19:18.072343700Z,TaxiAlgorithmP2PCollector,0,5000,20,100,1,nearest,1,4,1,BASELINE,7,116264432,Client Waiting Time [min],0.28,478.0,101.21,9311.65,92,477.72
2026-05-08T17:19:18.072343700Z,TaxiAlgorithmP2PCollector,0,5000,20,100,1,nearest,1,4,1,BASELINE,7,116264432,Client Travel Time [min],617.0,60382.0,8976.37,897637.0,100,59765.0
2026-05-08T17:19:18.072343700Z,TaxiAlgorithmP2PCollector,0,5000,20,100,1,nearest,1,4,1,BASELINE,7,116264432,Calculation Time [millis],0.0,178.0,0.44,28084.0,63651,178.0
2026-05-08T17:19:18.072343700Z,TaxiAlgorithmP2PCollector,0,5000,20,100,1,nearest,1,4,1,BASELINE,7,116264432,Custom Time [micros],0.0,0.0,0.0,0.0,63651,0.0
2026-05-08T17:19:40.436647500Z,TaxiAlgorithmP2PCollector,0,5000,20,100,1,nearest,1,4,1,BASELINE,8,116264433,Taxi Travel Distance [km],22.93,1108.01,509.59,10191.9,20,1085.08
2026-05-08T17:19:40.436647500Z,TaxiAlgorithmP2PCollector,0,5000,20,100,1,nearest,1,4,1,BASELINE,8,116264433,Client Waiting Time [min],0.38,582.6,105.24,9682.0,92,582.22
2026-05-08T17:19:40.436647500Z,TaxiAlgorithmP2PCollector,0,5000,20,100,1,nearest,1,4,1,BASELINE,8,116264433,Client Travel Time [min],1182.0,48161.0,8783.2,878320.0,100,46979.0
2026-05-08T17:19:40.436647500Z,TaxiAlgorithmP2PCollector,0,5000,20,100,1,nearest,1,4,1,BASELINE,8,116264433,Calculation Time [millis],0.0,192.0,0.43,21739.0,50399,192.0
2026-05-08T17:19:40.436647500Z,TaxiAlgorithmP2PCollector,0,5000,20,100,1,nearest,1,4,1,BASELINE,8,116264433,Custom Time [micros],0.0,0.0,0.0,0.0,50399,0.0
2026-05-08T17:20:12.596473100Z,TaxiAlgorithmP2PCollector,0,5000,20,100,1,nearest,1,4,1,BASELINE,9,116264434,Taxi Travel Distance [km],2.26,1547.24,443.03,8860.63,20,1544.98
2026-05-08T17:20:12.596473100Z,TaxiAlgorithmP2PCollector,0,5000,20,100,1,nearest,1,4,1,BASELINE,9,116264434,Client Waiting Time [min],0.65,1133.0,130.28,11594.6,89,1132.35
2026-05-08T17:20:12.596473100Z,TaxiAlgorithmP2PCollector,0,5000,20,100,1,nearest,1,4,1,BASELINE,9,116264434,Client Travel Time [min],476.0,68328.0,9802.44,980244.0,100,67852.0
2026-05-08T17:20:12.596473100Z,TaxiAlgorithmP2PCollector,0,5000,20,100,1,nearest,1,4,1,BASELINE,9,116264434,Calculation Time [millis],0.0,189.0,0.44,31565.0,71738,189.0
2026-05-08T17:20:12.596473100Z,TaxiAlgorithmP2PCollector,0,5000,20,100,1,nearest,1,4,1,BASELINE,9,116264434,Custom Time [micros],0.0,0.0,0.0,0.0,71738,0.0
2026-05-08T17:20:37.887128Z,TaxiAlgorithmP2PCollector,0,5000,20,100,1,nearest,1,4,1,BASELINE,10,116264435,Taxi Travel Distance [km],12.98,1047.57,394.36,7887.25,20,1034.59
2026-05-08T17:20:37.887128Z,TaxiAlgorithmP2PCollector,0,5000,20,100,1,nearest,1,4,1,BASELINE,10,116264435,Client Waiting Time [min],1.33,731.5,117.99,9439.58,80,730.17
2026-05-08T17:20:37.887128Z,TaxiAlgorithmP2PCollector,0,5000,20,100,1,nearest,1,4,1,BASELINE,10,116264435,Client Travel Time [min],790.0,54440.0,12682.79,1268279.0,100,53650.0
2026-05-08T17:20:37.887128Z,TaxiAlgorithmP2PCollector,0,5000,20,100,1,nearest,1,4,1,BASELINE,10,116264435,Calculation Time [millis],0.0,185.0,0.44,24668.0,55954,185.0
2026-05-08T17:20:37.887128Z,TaxiAlgorithmP2PCollector,0,5000,20,100,1,nearest,1,4,1,BASELINE,10,116264435,Custom Time [micros],0.0,0.0,0.0,0.0,55954,0.0
2026-05-08T17:20:38.390702100Z,TaxiAlgorithmP2PCollector,0,10000,5,25,1,nearest,1,4,1,BASELINE,1,116264426,Taxi Travel Distance [km],63.3,157.92,97.5,487.49,5,94.61999999999999
2026-05-08T17:20:38.390702100Z,TaxiAlgorithmP2PCollector,0,10000,5,25,1,nearest,1,4,1,BASELINE,1,116264426,Client Waiting Time [min],1.37,56.32,12.0,275.93,23,54.95
2026-05-08T17:20:38.390702100Z,TaxiAlgorithmP2PCollector,0,10000,5,25,1,nearest,1,4,1,BASELINE,1,116264426,Client Travel Time [min],124.0,3697.0,1186.76,29669.0,25,3573.0
2026-05-08T17:20:38.390702100Z,TaxiAlgorithmP2PCollector,0,10000,5,25,1,nearest,1,4,1,BASELINE,1,116264426,Calculation Time [millis],0.0,0.0,0.02,184.0,7763,0.0
2026-05-08T17:20:38.390702100Z,TaxiAlgorithmP2PCollector,0,10000,5,25,1,nearest,1,4,1,BASELINE,1,116264426,Custom Time [micros],0.0,0.0,0.0,0.0,7763,0.0
2026-05-08T17:20:38.624701200Z,TaxiAlgorithmP2PCollector,0,10000,5,25,1,nearest,1,4,1,BASELINE,2,116264427,Taxi Travel Distance [km],107.26,132.39,115.0,574.99,5,25.12999999999998
2026-05-08T17:20:38.624701200Z,TaxiAlgorithmP2PCollector,0,10000,5,25,1,nearest,1,4,1,BASELINE,2,116264427,Client Waiting Time [min],0.9,56.63,13.28,331.88,25,55.730000000000004
2026-05-08T17:20:38.624701200Z,TaxiAlgorithmP2PCollector,0,10000,5,25,1,nearest,1,4,1,BASELINE,2,116264427,Client Travel Time [min],405.0,3480.0,1277.16,31929.0,25,3075.0
2026-05-08T17:20:38.624701200Z,TaxiAlgorithmP2PCollector,0,10000,5,25,1,nearest,1,4,1,BASELINE,2,116264427,Calculation Time [millis],0.0,0.0,0.03,162.0,6396,0.0
2026-05-08T17:20:38.624701200Z,TaxiAlgorithmP2PCollector,0,10000,5,25,1,nearest,1,4,1,BASELINE,2,116264427,Custom Time [micros],0.0,0.0,0.0,0.0,6396,0.0
2026-05-08T17:20:38.838701300Z,TaxiAlgorithmP2PCollector,0,10000,5,25,1,nearest,1,4,1,BASELINE,3,116264428,Taxi Travel Distance [km],72.83,116.35,97.78,488.92,5,43.519999999999996
2026-05-08T17:20:38.838701300Z,TaxiAlgorithmP2PCollector,0,10000,5,25,1,nearest,1,4,1,BASELINE,3,116264428,Client Waiting Time [min],0.5,46.18,10.22,255.42,25,45.68
2026-05-08T17:20:38.838701300Z,TaxiAlgorithmP2PCollector,0,10000,5,25,1,nearest,1,4,1,BASELINE,3,116264428,Client Travel Time [min],439.0,3350.0,1086.36,27159.0,25,2911.0
2026-05-08T17:20:38.838701300Z,TaxiAlgorithmP2PCollector,0,10000,5,25,1,nearest,1,4,1,BASELINE,3,116264428,Calculation Time [millis],0.0,0.0,0.02,125.0,6216,0.0
2026-05-08T17:20:38.838701300Z,TaxiAlgorithmP2PCollector,0,10000,5,25,1,nearest,1,4,1,BASELINE,3,116264428,Custom Time [micros],0.0,0.0,0.0,0.0,6216,0.0
2026-05-08T17:20:39.038700800Z,TaxiAlgorithmP2PCollector,0,10000,5,25,1,nearest,1,4,1,BASELINE,4,116264429,Taxi Travel Distance [km],54.06,123.74,96.83,484.14,5,69.67999999999999
2026-05-08T17:20:39.038700800Z,TaxiAlgorithmP2PCollector,0,10000,5,25,1,nearest,1,4,1,BASELINE,4,116264429,Client Waiting Time [min],1.83,55.88,9.28,231.95,25,54.050000000000004
2026-05-08T17:20:39.038700800Z,TaxiAlgorithmP2PCollector,0,10000,5,25,1,nearest,1,4,1,BASELINE,4,116264429,Client Travel Time [min],195.0,3775.0,1010.68,25267.0,25,3580.0
2026-05-08T17:20:39.038700800Z,TaxiAlgorithmP2PCollector,0,10000,5,25,1,nearest,1,4,1,BASELINE,4,116264429,Calculation Time [millis],0.0,0.0,0.02,134.0,6179,0.0
2026-05-08T17:20:39.038700800Z,TaxiAlgorithmP2PCollector,0,10000,5,25,1,nearest,1,4,1,BASELINE,4,116264429,Custom Time [micros],0.0,0.0,0.0,0.0,6179,0.0
2026-05-08T17:20:39.302703700Z,TaxiAlgorithmP2PCollector,0,10000,5,25,1,nearest,1,4,1,BASELINE,5,116264430,Taxi Travel Distance [km],73.77,122.5,99.77,498.86,5,48.730000000000004
2026-05-08T17:20:39.302703700Z,TaxiAlgorithmP2PCollector,0,10000,5,25,1,nearest,1,4,1,BASELINE,5,116264430,Client Waiting Time [min],1.23,43.67,12.98,324.5,25,42.440000000000005
2026-05-08T17:20:39.302703700Z,TaxiAlgorithmP2PCollector,0,10000,5,25,1,nearest,1,4,1,BASELINE,5,116264430,Client Travel Time [min],211.0,3045.0,1232.92,30823.0,25,2834.0
2026-05-08T17:20:39.302703700Z,TaxiAlgorithmP2PCollector,0,10000,5,25,1,nearest,1,4,1,BASELINE,5,116264430,Calculation Time [millis],0.0,0.0,0.02,166.0,7144,0.0
2026-05-08T17:20:39.302703700Z,TaxiAlgorithmP2PCollector,0,10000,5,25,1,nearest,1,4,1,BASELINE,5,116264430,Custom Time [micros],0.0,0.0,0.0,0.0,7144,0.0
2026-05-08T17:20:39.645216600Z,TaxiAlgorithmP2PCollector,0,10000,5,25,1,nearest,1,4,1,BASELINE,6,116264431,Taxi Travel Distance [km],75.57,122.84,101.39,506.97,5,47.27000000000001
2026-05-08T17:20:39.645216600Z,TaxiAlgorithmP2PCollector,0,10000,5,25,1,nearest,1,4,1,BASELINE,6,116264431,Client Waiting Time [min],0.52,41.25,12.89,322.28,25,40.73
2026-05-08T17:20:39.645216600Z,TaxiAlgorithmP2PCollector,0,10000,5,25,1,nearest,1,4,1,BASELINE,6,116264431,Client Travel Time [min],125.0,2831.0,1229.24,30731.0,25,2706.0
2026-05-08T17:20:39.645216600Z,TaxiAlgorithmP2PCollector,0,10000,5,25,1,nearest,1,4,1,BASELINE,6,116264431,Calculation Time [millis],0.0,0.0,0.04,244.0,6877,0.0
2026-05-08T17:20:39.645216600Z,TaxiAlgorithmP2PCollector,0,10000,5,25,1,nearest,1,4,1,BASELINE,6,116264431,Custom Time [micros],0.0,0.0,0.0,0.0,6877,0.0
2026-05-08T17:20:39.956216300Z,TaxiAlgorithmP2PCollector,0,10000,5,25,1,nearest,1,4,1,BASELINE,7,116264432,Taxi Travel Distance [km],69.02,118.66,103.68,518.41,5,49.64
2026-05-08T17:20:39.956216300Z,TaxiAlgorithmP2PCollector,0,10000,5,25,1,nearest,1,4,1,BASELINE,7,116264432,Client Waiting Time [min],0.52,44.48,9.6,239.95,25,43.959999999999994
2026-05-08T17:20:39.956216300Z,TaxiAlgorithmP2PCollector,0,10000,5,25,1,nearest,1,4,1,BASELINE,7,116264432,Client Travel Time [min],160.0,3069.0,1035.0,25875.0,25,2909.0
2026-05-08T17:20:39.956216300Z,TaxiAlgorithmP2PCollector,0,10000,5,25,1,nearest,1,4,1,BASELINE,7,116264432,Calculation Time [millis],0.0,40.0,0.03,216.0,6479,40.0
2026-05-08T17:20:39.956216300Z,TaxiAlgorithmP2PCollector,0,10000,5,25,1,nearest,1,4,1,BASELINE,7,116264432,Custom Time [micros],0.0,0.0,0.0,0.0,6479,0.0
2026-05-08T17:20:40.157254100Z,TaxiAlgorithmP2PCollector,0,10000,5,25,1,nearest,1,4,1,BASELINE,8,116264433,Taxi Travel Distance [km],97.74,116.23,103.61,518.07,5,18.49000000000001
2026-05-08T17:20:40.157254100Z,TaxiAlgorithmP2PCollector,0,10000,5,25,1,nearest,1,4,1,BASELINE,8,116264433,Client Waiting Time [min],1.25,36.52,10.06,251.53,25,35.27
2026-05-08T17:20:40.157254100Z,TaxiAlgorithmP2PCollector,0,10000,5,25,1,nearest,1,4,1,BASELINE,8,116264433,Client Travel Time [min],306.0,2614.0,1125.52,28138.0,25,2308.0
2026-05-08T17:20:40.157254100Z,TaxiAlgorithmP2PCollector,0,10000,5,25,1,nearest,1,4,1,BASELINE,8,116264433,Calculation Time [millis],0.0,0.0,0.02,122.0,6323,0.0
2026-05-08T17:20:40.157254100Z,TaxiAlgorithmP2PCollector,0,10000,5,25,1,nearest,1,4,1,BASELINE,8,116264433,Custom Time [micros],0.0,0.0,0.0,0.0,6323,0.0
2026-05-08T17:20:40.295253200Z,TaxiAlgorithmP2PCollector,0,10000,5,25,1,nearest,1,4,1,BASELINE,9,116264434,Taxi Travel Distance [km],81.88,91.56,86.44,432.21,5,9.680000000000007
2026-05-08T17:20:40.295253200Z,TaxiAlgorithmP2PCollector,0,10000,5,25,1,nearest,1,4,1,BASELINE,9,116264434,Client Waiting Time [min],0.18,12.17,5.56,138.93,25,11.99
2026-05-08T17:20:40.295253200Z,TaxiAlgorithmP2PCollector,0,10000,5,25,1,nearest,1,4,1,BASELINE,9,116264434,Client Travel Time [min],197.0,1255.0,734.92,18373.0,25,1058.0
2026-05-08T17:20:40.295253200Z,TaxiAlgorithmP2PCollector,0,10000,5,25,1,nearest,1,4,1,BASELINE,9,116264434,Calculation Time [millis],0.0,0.0,0.01,69.0,5907,0.0
2026-05-08T17:20:40.295253200Z,TaxiAlgorithmP2PCollector,0,10000,5,25,1,nearest,1,4,1,BASELINE,9,116264434,Custom Time [micros],0.0,0.0,0.0,0.0,5907,0.0
2026-05-08T17:20:40.496253400Z,TaxiAlgorithmP2PCollector,0,10000,5,25,1,nearest,1,4,1,BASELINE,10,116264435,Taxi Travel Distance [km],35.53,110.13,93.0,465.02,5,74.6
2026-05-08T17:20:40.496253400Z,TaxiAlgorithmP2PCollector,0,10000,5,25,1,nearest,1,4,1,BASELINE,10,116264435,Client Waiting Time [min],2.33,27.23,9.82,245.52,25,24.9
2026-05-08T17:20:40.496253400Z,TaxiAlgorithmP2PCollector,0,10000,5,25,1,nearest,1,4,1,BASELINE,10,116264435,Client Travel Time [min],374.0,1965.0,933.8,23345.0,25,1591.0
2026-05-08T17:20:40.496253400Z,TaxiAlgorithmP2PCollector,0,10000,5,25,1,nearest,1,4,1,BASELINE,10,116264435,Calculation Time [millis],0.0,0.0,0.02,127.0,6833,0.0
2026-05-08T17:20:40.496253400Z,TaxiAlgorithmP2PCollector,0,10000,5,25,1,nearest,1,4,1,BASELINE,10,116264435,Custom Time [micros],0.0,0.0,0.0,0.0,6833,0.0
2026-05-08T17:20:40.695253200Z,TaxiAlgorithmP2PCollector,0,10000,10,25,1,nearest,1,4,1,BASELINE,1,116264426,Taxi Travel Distance [km],43.46,87.28,70.79,707.9,10,43.82
2026-05-08T17:20:40.695253200Z,TaxiAlgorithmP2PCollector,0,10000,10,25,1,nearest,1,4,1,BASELINE,1,116264426,Client Waiting Time [min],0.38,9.47,4.33,108.33,25,9.09
2026-05-08T17:20:40.695253200Z,TaxiAlgorithmP2PCollector,0,10000,10,25,1,nearest,1,4,1,BASELINE,1,116264426,Client Travel Time [min],65.0,1361.0,711.92,17798.0,25,1296.0
2026-05-08T17:20:40.695253200Z,TaxiAlgorithmP2PCollector,0,10000,10,25,1,nearest,1,4,1,BASELINE,1,116264426,Calculation Time [millis],0.0,0.0,0.02,131.0,5567,0.0
2026-05-08T17:20:40.695253200Z,TaxiAlgorithmP2PCollector,0,10000,10,25,1,nearest,1,4,1,BASELINE,1,116264426,Custom Time [micros],0.0,0.0,0.0,0.0,5567,0.0
2026-05-08T17:20:40.974253400Z,TaxiAlgorithmP2PCollector,0,10000,10,25,1,nearest,1,4,1,BASELINE,2,116264427,Taxi Travel Distance [km],33.99,84.22,65.79,657.86,10,50.23
2026-05-08T17:20:40.974253400Z,TaxiAlgorithmP2PCollector,0,10000,10,25,1,nearest,1,4,1,BASELINE,2,116264427,Client Waiting Time [min],0.55,11.27,4.64,115.92,25,10.719999999999999
2026-05-08T17:20:40.974253400Z,TaxiAlgorithmP2PCollector,0,10000,10,25,1,nearest,1,4,1,BASELINE,2,116264427,Client Travel Time [min],369.0,1415.0,798.08,19952.0,25,1046.0
2026-05-08T17:20:40.974253400Z,TaxiAlgorithmP2PCollector,0,10000,10,25,1,nearest,1,4,1,BASELINE,2,116264427,Calculation Time [millis],0.0,0.0,0.04,187.0,5104,0.0
2026-05-08T17:20:40.974253400Z,TaxiAlgorithmP2PCollector,0,10000,10,25,1,nearest,1,4,1,BASELINE,2,116264427,Custom Time [micros],0.0,0.0,0.0,0.0,5104,0.0
2026-05-08T17:20:41.161253Z,TaxiAlgorithmP2PCollector,0,10000,10,25,1,nearest,1,4,1,BASELINE,3,116264428,Taxi Travel Distance [km],30.43,74.34,56.35,563.5,10,43.910000000000004
2026-05-08T17:20:41.161253Z,TaxiAlgorithmP2PCollector,0,10000,10,25,1,nearest,1,4,1,BASELINE,3,116264428,Client Waiting Time [min],0.53,8.35,3.51,87.8,25,7.819999999999999
2026-05-08T17:20:41.161253Z,TaxiAlgorithmP2PCollector,0,10000,10,25,1,nearest,1,4,1,BASELINE,3,116264428,Client Travel Time [min],323.0,1109.0,715.12,17878.0,25,786.0
2026-05-08T17:20:41.161253Z,TaxiAlgorithmP2PCollector,0,10000,10,25,1,nearest,1,4,1,BASELINE,3,116264428,Calculation Time [millis],0.0,0.0,0.02,88.0,5744,0.0
2026-05-08T17:20:41.161253Z,TaxiAlgorithmP2PCollector,0,10000,10,25,1,nearest,1,4,1,BASELINE,3,116264428,Custom Time [micros],0.0,0.0,0.0,0.0,5744,0.0
2026-05-08T17:20:41.365253800Z,TaxiAlgorithmP2PCollector,0,10000,10,25,1,nearest,1,4,1,BASELINE,4,116264429,Taxi Travel Distance [km],49.73,83.1,66.02,660.15,10,33.37
2026-05-08T17:20:41.365253800Z,TaxiAlgorithmP2PCollector,0,10000,10,25,1,nearest,1,4,1,BASELINE,4,116264429,Client Waiting Time [min],0.7,15.77,4.33,108.33,25,15.07
2026-05-08T17:20:41.365253800Z,TaxiAlgorithmP2PCollector,0,10000,10,25,1,nearest,1,4,1,BASELINE,4,116264429,Client Travel Time [min],168.0,1327.0,730.24,18256.0,25,1159.0
2026-05-08T17:20:41.365253800Z,TaxiAlgorithmP2PCollector,0,10000,10,25,1,nearest,1,4,1,BASELINE,4,116264429,Calculation Time [millis],0.0,0.0,0.02,126.0,5719,0.0
2026-05-08T17:20:41.365253800Z,TaxiAlgorithmP2PCollector,0,10000,10,25,1,nearest,1,4,1,BASELINE,4,116264429,Custom Time [micros],0.0,0.0,0.0,0.0,5719,0.0
2026-05-08T17:20:41.565257100Z,TaxiAlgorithmP2PCollector,0,10000,10,25,1,nearest,1,4,1,BASELINE,5,116264430,Taxi Travel Distance [km],29.95,71.86,52.96,529.55,10,41.91
2026-05-08T17:20:41.565257100Z,TaxiAlgorithmP2PCollector,0,10000,10,25,1,nearest,1,4,1,BASELINE,5,116264430,Client Waiting Time [min],1.02,9.03,4.6,114.92,25,8.01
2026-05-08T17:20:41.565257100Z,TaxiAlgorithmP2PCollector,0,10000,10,25,1,nearest,1,4,1,BASELINE,5,116264430,Client Travel Time [min],342.0,1287.0,738.24,18456.0,25,945.0
2026-05-08T17:20:41.565257100Z,TaxiAlgorithmP2PCollector,0,10000,10,25,1,nearest,1,4,1,BASELINE,5,116264430,Calculation Time [millis],0.0,0.0,0.02,128.0,5950,0.0
2026-05-08T17:20:41.565257100Z,TaxiAlgorithmP2PCollector,0,10000,10,25,1,nearest,1,4,1,BASELINE,5,116264430,Custom Time [micros],0.0,0.0,0.0,0.0,5950,0.0
2026-05-08T17:20:41.906333100Z,TaxiAlgorithmP2PCollector,0,10000,10,25,1,nearest,1,4,1,BASELINE,6,116264431,Taxi Travel Distance [km],42.65,96.48,70.8,707.98,10,53.830000000000005
2026-05-08T17:20:41.906333100Z,TaxiAlgorithmP2PCollector,0,10000,10,25,1,nearest,1,4,1,BASELINE,6,116264431,Client Waiting Time [min],0.8,14.88,5.4,135.02,25,14.08
2026-05-08T17:20:41.906333100Z,TaxiAlgorithmP2PCollector,0,10000,10,25,1,nearest,1,4,1,BASELINE,6,116264431,Client Travel Time [min],141.0,1322.0,824.52,20613.0,25,1181.0
2026-05-08T17:20:41.906333100Z,TaxiAlgorithmP2PCollector,0,10000,10,25,1,nearest,1,4,1,BASELINE,6,116264431,Calculation Time [millis],0.0,0.0,0.04,247.0,5557,0.0
2026-05-08T17:20:41.906333100Z,TaxiAlgorithmP2PCollector,0,10000,10,25,1,nearest,1,4,1,BASELINE,6,116264431,Custom Time [micros],0.0,0.0,0.0,0.0,5557,0.0
2026-05-08T17:20:42.107610400Z,TaxiAlgorithmP2PCollector,0,10000,10,25,1,nearest,1,4,1,BASELINE,7,116264432,Taxi Travel Distance [km],19.7,79.53,44.51,445.07,10,59.83
2026-05-08T17:20:42.107610400Z,TaxiAlgorithmP2PCollector,0,10000,10,25,1,nearest,1,4,1,BASELINE,7,116264432,Client Waiting Time [min],0.52,13.58,3.42,85.4,25,13.06
2026-05-08T17:20:42.107610400Z,TaxiAlgorithmP2PCollector,0,10000,10,25,1,nearest,1,4,1,BASELINE,7,116264432,Client Travel Time [min],160.0,1434.0,668.96,16724.0,25,1274.0
2026-05-08T17:20:42.107610400Z,TaxiAlgorithmP2PCollector,0,10000,10,25,1,nearest,1,4,1,BASELINE,7,116264432,Calculation Time [millis],0.0,24.0,0.02,104.0,5732,24.0
2026-05-08T17:20:42.107610400Z,TaxiAlgorithmP2PCollector,0,10000,10,25,1,nearest,1,4,1,BASELINE,7,116264432,Custom Time [micros],0.0,0.0,0.0,0.0,5732,0.0
2026-05-08T17:20:42.342179100Z,TaxiAlgorithmP2PCollector,0,10000,10,25,1,nearest,1,4,1,BASELINE,8,116264433,Taxi Travel Distance [km],12.59,84.96,57.46,574.59,10,72.36999999999999
2026-05-08T17:20:42.342179100Z,TaxiAlgorithmP2PCollector,0,10000,10,25,1,nearest,1,4,1,BASELINE,8,116264433,Client Waiting Time [min],0.33,14.77,5.48,136.92,25,14.44
2026-05-08T17:20:42.342179100Z,TaxiAlgorithmP2PCollector,0,10000,10,25,1,nearest,1,4,1,BASELINE,8,116264433,Client Travel Time [min],262.0,1608.0,869.84,21746.0,25,1346.0
2026-05-08T17:20:42.342179100Z,TaxiAlgorithmP2PCollector,0,10000,10,25,1,nearest,1,4,1,BASELINE,8,116264433,Calculation Time [millis],0.0,0.0,0.03,172.0,5684,0.0
2026-05-08T17:20:42.342179100Z,TaxiAlgorithmP2PCollector,0,10000,10,25,1,nearest,1,4,1,BASELINE,8,116264433,Custom Time [micros],0.0,0.0,0.0,0.0,5684,0.0
2026-05-08T17:20:42.483699700Z,TaxiAlgorithmP2PCollector,0,10000,10,25,1,nearest,1,4,1,BASELINE,9,116264434,Taxi Travel Distance [km],4.79,51.69,36.98,369.85,10,46.9
2026-05-08T17:20:42.483699700Z,TaxiAlgorithmP2PCollector,0,10000,10,25,1,nearest,1,4,1,BASELINE,9,116264434,Client Waiting Time [min],0.18,5.42,2.4,60.07,25,5.24
2026-05-08T17:20:42.483699700Z,TaxiAlgorithmP2PCollector,0,10000,10,25,1,nearest,1,4,1,BASELINE,9,116264434,Client Travel Time [min],197.0,1038.0,531.76,13294.0,25,841.0
2026-05-08T17:20:42.483699700Z,TaxiAlgorithmP2PCollector,0,10000,10,25,1,nearest,1,4,1,BASELINE,9,116264434,Calculation Time [millis],0.0,0.0,0.01,33.0,5772,0.0
2026-05-08T17:20:42.483699700Z,TaxiAlgorithmP2PCollector,0,10000,10,25,1,nearest,1,4,1,BASELINE,9,116264434,Custom Time [micros],0.0,0.0,0.0,0.0,5772,0.0
2026-05-08T17:20:42.778699800Z,TaxiAlgorithmP2PCollector,0,10000,10,25,1,nearest,1,4,1,BASELINE,10,116264435,Taxi Travel Distance [km],11.5,83.62,52.1,521.02,10,72.12
2026-05-08T17:20:42.778699800Z,TaxiAlgorithmP2PCollector,0,10000,10,25,1,nearest,1,4,1,BASELINE,10,116264435,Client Waiting Time [min],0.72,20.87,5.37,134.23,25,20.150000000000002
2026-05-08T17:20:42.778699800Z,TaxiAlgorithmP2PCollector,0,10000,10,25,1,nearest,1,4,1,BASELINE,10,116264435,Client Travel Time [min],307.0,1460.0,663.84,16596.0,25,1153.0
2026-05-08T17:20:42.778699800Z,TaxiAlgorithmP2PCollector,0,10000,10,25,1,nearest,1,4,1,BASELINE,10,116264435,Calculation Time [millis],0.0,0.0,0.03,209.0,6084,0.0
2026-05-08T17:20:42.778699800Z,TaxiAlgorithmP2PCollector,0,10000,10,25,1,nearest,1,4,1,BASELINE,10,116264435,Custom Time [micros],0.0,0.0,0.0,0.0,6084,0.0
2026-05-08T17:20:43.957211600Z,TaxiAlgorithmP2PCollector,0,10000,10,50,1,nearest,1,4,1,BASELINE,1,116264426,Taxi Travel Distance [km],58.62,250.29,199.39,1993.89,10,191.67
2026-05-08T17:20:43.957211600Z,TaxiAlgorithmP2PCollector,0,10000,10,50,1,nearest,1,4,1,BASELINE,1,116264426,Client Waiting Time [min],1.08,159.15,26.63,1304.77,49,158.07
2026-05-08T17:20:43.957211600Z,TaxiAlgorithmP2PCollector,0,10000,10,50,1,nearest,1,4,1,BASELINE,1,116264426,Client Travel Time [min],552.0,9940.0,2415.96,120798.0,50,9388.0
2026-05-08T17:20:43.957211600Z,TaxiAlgorithmP2PCollector,0,10000,10,50,1,nearest,1,4,1,BASELINE,1,116264426,Calculation Time [millis],0.0,46.0,0.09,1068.0,11629,46.0
2026-05-08T17:20:43.957211600Z,TaxiAlgorithmP2PCollector,0,10000,10,50,1,nearest,1,4,1,BASELINE,1,116264426,Custom Time [micros],0.0,0.0,0.0,0.0,11629,0.0
2026-05-08T17:20:44.909209900Z,TaxiAlgorithmP2PCollector,0,10000,10,50,1,nearest,1,4,1,BASELINE,2,116264427,Taxi Travel Distance [km],97.34,219.07,191.19,1911.94,10,121.72999999999999
2026-05-08T17:20:44.909209900Z,TaxiAlgorithmP2PCollector,0,10000,10,50,1,nearest,1,4,1,BASELINE,2,116264427,Client Waiting Time [min],1.13,141.98,26.85,1315.63,49,140.85
2026-05-08T17:20:44.909209900Z,TaxiAlgorithmP2PCollector,0,10000,10,50,1,nearest,1,4,1,BASELINE,2,116264427,Client Travel Time [min],515.0,8850.0,2382.76,119138.0,50,8335.0
2026-05-08T17:20:44.909209900Z,TaxiAlgorithmP2PCollector,0,10000,10,50,1,nearest,1,4,1,BASELINE,2,116264427,Calculation Time [millis],0.0,0.0,0.09,880.0,10073,0.0
2026-05-08T17:20:44.909209900Z,TaxiAlgorithmP2PCollector,0,10000,10,50,1,nearest,1,4,1,BASELINE,2,116264427,Custom Time [micros],0.0,0.0,0.0,0.0,10073,0.0
2026-05-08T17:20:46.406932100Z,TaxiAlgorithmP2PCollector,0,10000,10,50,1,nearest,1,4,1,BASELINE,3,116264428,Taxi Travel Distance [km],113.88,294.99,169.43,1694.26,10,181.11
2026-05-08T17:20:46.406932100Z,TaxiAlgorithmP2PCollector,0,10000,10,50,1,nearest,1,4,1,BASELINE,3,116264428,Client Waiting Time [min],0.88,113.63,20.66,1012.37,49,112.75
2026-05-08T17:20:46.406932100Z,TaxiAlgorithmP2PCollector,0,10000,10,50,1,nearest,1,4,1,BASELINE,3,116264428,Client Travel Time [min],544.0,9693.0,2196.9,109845.0,50,9149.0
2026-05-08T17:20:46.406932100Z,TaxiAlgorithmP2PCollector,0,10000,10,50,1,nearest,1,4,1,BASELINE,3,116264428,Calculation Time [millis],0.0,28.0,0.09,1308.0,14271,28.0
2026-05-08T17:20:46.406932100Z,TaxiAlgorithmP2PCollector,0,10000,10,50,1,nearest,1,4,1,BASELINE,3,116264428,Custom Time [micros],0.0,0.0,0.0,0.0,14271,0.0
2026-05-08T17:20:47.354943400Z,TaxiAlgorithmP2PCollector,0,10000,10,50,1,nearest,1,4,1,BASELINE,4,116264429,Taxi Travel Distance [km],108.86,184.65,159.24,1592.37,10,75.79
2026-05-08T17:20:47.354943400Z,TaxiAlgorithmP2PCollector,0,10000,10,50,1,nearest,1,4,1,BASELINE,4,116264429,Client Waiting Time [min],1.38,96.27,23.87,1169.75,49,94.89
2026-05-08T17:20:47.354943400Z,TaxiAlgorithmP2PCollector,0,10000,10,50,1,nearest,1,4,1,BASELINE,4,116264429,Client Travel Time [min],479.0,5969.0,2242.64,112132.0,50,5490.0
2026-05-08T17:20:47.354943400Z,TaxiAlgorithmP2PCollector,0,10000,10,50,1,nearest,1,4,1,BASELINE,4,116264429,Calculation Time [millis],0.0,37.0,0.09,780.0,9040,37.0
2026-05-08T17:20:47.354943400Z,TaxiAlgorithmP2PCollector,0,10000,10,50,1,nearest,1,4,1,BASELINE,4,116264429,Custom Time [micros],0.0,0.0,0.0,0.0,9040,0.0
2026-05-08T17:20:48.301009700Z,TaxiAlgorithmP2PCollector,0,10000,10,50,1,nearest,1,4,1,BASELINE,5,116264430,Taxi Travel Distance [km],15.2,238.33,154.79,1547.89,10,223.13000000000002
2026-05-08T17:20:48.301009700Z,TaxiAlgorithmP2PCollector,0,10000,10,50,1,nearest,1,4,1,BASELINE,5,116264430,Client Waiting Time [min],1.45,121.18,42.51,2125.68,50,119.73
2026-05-08T17:20:48.301009700Z,TaxiAlgorithmP2PCollector,0,10000,10,50,1,nearest,1,4,1,BASELINE,5,116264430,Client Travel Time [min],965.0,7753.0,3400.84,170042.0,50,6788.0
2026-05-08T17:20:48.301009700Z,TaxiAlgorithmP2PCollector,0,10000,10,50,1,nearest,1,4,1,BASELINE,5,116264430,Calculation Time [millis],0.0,0.0,0.08,857.0,10989,0.0
2026-05-08T17:20:48.301009700Z,TaxiAlgorithmP2PCollector,0,10000,10,50,1,nearest,1,4,1,BASELINE,5,116264430,Custom Time [micros],0.0,0.0,0.0,0.0,10989,0.0
2026-05-08T17:20:49.303530900Z,TaxiAlgorithmP2PCollector,0,10000,10,50,1,nearest,1,4,1,BASELINE,6,116264431,Taxi Travel Distance [km],182.99,204.3,195.17,1951.69,10,21.310000000000002
2026-05-08T17:20:49.303530900Z,TaxiAlgorithmP2PCollector,0,10000,10,50,1,nearest,1,4,1,BASELINE,6,116264431,Client Waiting Time [min],1.33,118.02,27.09,1354.43,50,116.69
2026-05-08T17:20:49.303530900Z,TaxiAlgorithmP2PCollector,0,10000,10,50,1,nearest,1,4,1,BASELINE,6,116264431,Client Travel Time [min],295.0,7387.0,2590.92,129546.0,50,7092.0
2026-05-08T17:20:49.303530900Z,TaxiAlgorithmP2PCollector,0,10000,10,50,1,nearest,1,4,1,BASELINE,6,116264431,Calculation Time [millis],0.0,31.0,0.09,847.0,9699,31.0
2026-05-08T17:20:49.303530900Z,TaxiAlgorithmP2PCollector,0,10000,10,50,1,nearest,1,4,1,BASELINE,6,116264431,Custom Time [micros],0.0,0.0,0.0,0.0,9699,0.0
2026-05-08T17:20:51.323258800Z,TaxiAlgorithmP2PCollector,0,10000,10,50,1,nearest,1,4,1,BASELINE,7,116264432,Taxi Travel Distance [km],59.04,226.31,148.1,1481.02,10,167.27
2026-05-08T17:20:51.323258800Z,TaxiAlgorithmP2PCollector,0,10000,10,50,1,nearest,1,4,1,BASELINE,7,116264432,Client Waiting Time [min],0.13,292.17,29.61,1451.02,49,292.04
2026-05-08T17:20:51.323258800Z,TaxiAlgorithmP2PCollector,0,10000,10,50,1,nearest,1,4,1,BASELINE,7,116264432,Client Travel Time [min],160.0,17622.0,2697.06,134853.0,50,17462.0
2026-05-08T17:20:51.323258800Z,TaxiAlgorithmP2PCollector,0,10000,10,50,1,nearest,1,4,1,BASELINE,7,116264432,Calculation Time [millis],0.0,40.0,0.1,1885.0,19593,40.0
2026-05-08T17:20:51.323258800Z,TaxiAlgorithmP2PCollector,0,10000,10,50,1,nearest,1,4,1,BASELINE,7,116264432,Custom Time [micros],0.0,0.0,0.0,0.0,19593,0.0
2026-05-08T17:20:52.880272Z,TaxiAlgorithmP2PCollector,0,10000,10,50,1,nearest,1,4,1,BASELINE,8,116264433,Taxi Travel Distance [km],2.72,303.18,154.29,1542.91,10,300.46
2026-05-08T17:20:52.880272Z,TaxiAlgorithmP2PCollector,0,10000,10,50,1,nearest,1,4,1,BASELINE,8,116264433,Client Waiting Time [min],1.3,176.72,50.87,2441.95,48,175.42
2026-05-08T17:20:52.880272Z,TaxiAlgorithmP2PCollector,0,10000,10,50,1,nearest,1,4,1,BASELINE,8,116264433,Client Travel Time [min],700.0,10869.0,3827.96,191398.0,50,10169.0
2026-05-08T17:20:52.880272Z,TaxiAlgorithmP2PCollector,0,10000,10,50,1,nearest,1,4,1,BASELINE,8,116264433,Calculation Time [millis],0.0,40.0,0.09,1397.0,15254,40.0
2026-05-08T17:20:52.880272Z,TaxiAlgorithmP2PCollector,0,10000,10,50,1,nearest,1,4,1,BASELINE,8,116264433,Custom Time [micros],0.0,0.0,0.0,0.0,15254,0.0
2026-05-08T17:20:53.891325700Z,TaxiAlgorithmP2PCollector,0,10000,10,50,1,nearest,1,4,1,BASELINE,9,116264434,Taxi Travel Distance [km],42.68,210.6,163.38,1633.81,10,167.92
2026-05-08T17:20:53.891325700Z,TaxiAlgorithmP2PCollector,0,10000,10,50,1,nearest,1,4,1,BASELINE,9,116264434,Client Waiting Time [min],1.92,135.07,31.99,1567.45,49,133.15
2026-05-08T17:20:53.891325700Z,TaxiAlgorithmP2PCollector,0,10000,10,50,1,nearest,1,4,1,BASELINE,9,116264434,Client Travel Time [min],243.0,8397.0,2805.16,140258.0,50,8154.0
2026-05-08T17:20:53.891325700Z,TaxiAlgorithmP2PCollector,0,10000,10,50,1,nearest,1,4,1,BASELINE,9,116264434,Calculation Time [millis],0.0,37.0,0.08,862.0,10204,37.0
2026-05-08T17:20:53.891325700Z,TaxiAlgorithmP2PCollector,0,10000,10,50,1,nearest,1,4,1,BASELINE,9,116264434,Custom Time [micros],0.0,0.0,0.0,0.0,10204,0.0
2026-05-08T17:20:54.954732900Z,TaxiAlgorithmP2PCollector,0,10000,10,50,1,nearest,1,4,1,BASELINE,10,116264435,Taxi Travel Distance [km],103.16,240.71,183.76,1837.57,10,137.55
2026-05-08T17:20:54.954732900Z,TaxiAlgorithmP2PCollector,0,10000,10,50,1,nearest,1,4,1,BASELINE,10,116264435,Client Waiting Time [min],0.58,114.93,23.02,1150.82,50,114.35000000000001
2026-05-08T17:20:54.954732900Z,TaxiAlgorithmP2PCollector,0,10000,10,50,1,nearest,1,4,1,BASELINE,10,116264435,Client Travel Time [min],503.0,7267.0,2278.94,113947.0,50,6764.0
2026-05-08T17:20:54.954732900Z,TaxiAlgorithmP2PCollector,0,10000,10,50,1,nearest,1,4,1,BASELINE,10,116264435,Calculation Time [millis],0.0,0.0,0.08,978.0,11525,0.0
2026-05-08T17:20:54.954732900Z,TaxiAlgorithmP2PCollector,0,10000,10,50,1,nearest,1,4,1,BASELINE,10,116264435,Custom Time [micros],0.0,0.0,0.0,0.0,11525,0.0
2026-05-08T17:20:56.776847400Z,TaxiAlgorithmP2PCollector,0,10000,20,50,1,nearest,1,4,1,BASELINE,1,116264426,Taxi Travel Distance [km],40.97,146.12,110.97,2219.37,20,105.15
2026-05-08T17:20:56.776847400Z,TaxiAlgorithmP2PCollector,0,10000,20,50,1,nearest,1,4,1,BASELINE,1,116264426,Client Waiting Time [min],0.48,52.72,8.89,435.48,49,52.24
2026-05-08T17:20:56.776847400Z,TaxiAlgorithmP2PCollector,0,10000,20,50,1,nearest,1,4,1,BASELINE,1,116264426,Client Travel Time [min],397.0,3605.0,1409.48,70474.0,50,3208.0
2026-05-08T17:20:56.776847400Z,TaxiAlgorithmP2PCollector,0,10000,20,50,1,nearest,1,4,1,BASELINE,1,116264426,Calculation Time [millis],0.0,27.0,0.24,1657.0,7002,27.0
2026-05-08T17:20:56.776847400Z,TaxiAlgorithmP2PCollector,0,10000,20,50,1,nearest,1,4,1,BASELINE,1,116264426,Custom Time [micros],0.0,0.0,0.0,0.0,7002,0.0
2026-05-08T17:20:59.166434600Z,TaxiAlgorithmP2PCollector,0,10000,20,50,1,nearest,1,4,1,BASELINE,2,116264427,Taxi Travel Distance [km],62.85,140.24,122.04,2440.78,20,77.39000000000001
2026-05-08T17:20:59.166434600Z,TaxiAlgorithmP2PCollector,0,10000,20,50,1,nearest,1,4,1,BASELINE,2,116264427,Client Waiting Time [min],0.32,92.13,12.95,634.42,49,91.81
2026-05-08T17:20:59.166434600Z,TaxiAlgorithmP2PCollector,0,10000,20,50,1,nearest,1,4,1,BASELINE,2,116264427,Client Travel Time [min],381.0,5688.0,1637.1,81855.0,50,5307.0
2026-05-08T17:20:59.166434600Z,TaxiAlgorithmP2PCollector,0,10000,20,50,1,nearest,1,4,1,BASELINE,2,116264427,Calculation Time [millis],0.0,65.0,0.32,2166.0,6672,65.0
2026-05-08T17:20:59.166434600Z,TaxiAlgorithmP2PCollector,0,10000,20,50,1,nearest,1,4,1,BASELINE,2,116264427,Custom Time [micros],0.0,0.0,0.0,0.0,6672,0.0
2026-05-08T17:21:01.302486400Z,TaxiAlgorithmP2PCollector,0,10000,20,50,1,nearest,1,4,1,BASELINE,3,116264428,Taxi Travel Distance [km],51.2,136.55,105.12,2102.33,20,85.35000000000001
2026-05-08T17:21:01.302486400Z,TaxiAlgorithmP2PCollector,0,10000,20,50,1,nearest,1,4,1,BASELINE,3,116264428,Client Waiting Time [min],1.4,44.57,8.84,442.0,50,43.17
2026-05-08T17:21:01.302486400Z,TaxiAlgorithmP2PCollector,0,10000,20,50,1,nearest,1,4,1,BASELINE,3,116264428,Client Travel Time [min],546.0,3591.0,1411.14,70557.0,50,3045.0
2026-05-08T17:21:01.302486400Z,TaxiAlgorithmP2PCollector,0,10000,20,50,1,nearest,1,4,1,BASELINE,3,116264428,Calculation Time [millis],0.0,49.0,0.28,1985.0,7092,49.0
2026-05-08T17:21:01.302486400Z,TaxiAlgorithmP2PCollector,0,10000,20,50,1,nearest,1,4,1,BASELINE,3,116264428,Custom Time [micros],0.0,0.0,0.0,0.0,7092,0.0
2026-05-08T17:21:03.847962400Z,TaxiAlgorithmP2PCollector,0,10000,20,50,1,nearest,1,4,1,BASELINE,4,116264429,Taxi Travel Distance [km],6.04,152.45,93.38,1867.61,20,146.41
2026-05-08T17:21:03.847962400Z,TaxiAlgorithmP2PCollector,0,10000,20,50,1,nearest,1,4,1,BASELINE,4,116264429,Client Waiting Time [min],1.38,63.78,11.64,582.05,50,62.4
2026-05-08T17:21:03.847962400Z,TaxiAlgorithmP2PCollector,0,10000,20,50,1,nearest,1,4,1,BASELINE,4,116264429,Client Travel Time [min],254.0,4148.0,1527.28,76364.0,50,3894.0
2026-05-08T17:21:03.847962400Z,TaxiAlgorithmP2PCollector,0,10000,20,50,1,nearest,1,4,1,BASELINE,4,116264429,Calculation Time [millis],0.0,38.0,0.32,2403.0,7576,38.0
2026-05-08T17:21:03.847962400Z,TaxiAlgorithmP2PCollector,0,10000,20,50,1,nearest,1,4,1,BASELINE,4,116264429,Custom Time [micros],0.0,0.0,0.0,0.0,7576,0.0
2026-05-08T17:21:05.975094200Z,TaxiAlgorithmP2PCollector,0,10000,20,50,1,nearest,1,4,1,BASELINE,5,116264430,Taxi Travel Distance [km],4.33,131.99,96.95,1938.93,20,127.66000000000001
2026-05-08T17:21:05.975094200Z,TaxiAlgorithmP2PCollector,0,10000,20,50,1,nearest,1,4,1,BASELINE,5,116264430,Client Waiting Time [min],1.45,44.37,9.95,497.52,50,42.919999999999995
2026-05-08T17:21:05.975094200Z,TaxiAlgorithmP2PCollector,0,10000,20,50,1,nearest,1,4,1,BASELINE,5,116264430,Client Travel Time [min],598.0,3145.0,1583.76,79188.0,50,2547.0
2026-05-08T17:21:05.975094200Z,TaxiAlgorithmP2PCollector,0,10000,20,50,1,nearest,1,4,1,BASELINE,5,116264430,Calculation Time [millis],0.0,23.0,0.27,1879.0,6858,23.0
2026-05-08T17:21:05.975094200Z,TaxiAlgorithmP2PCollector,0,10000,20,50,1,nearest,1,4,1,BASELINE,5,116264430,Custom Time [micros],0.0,0.0,0.0,0.0,6858,0.0
2026-05-08T17:21:08.634587500Z,TaxiAlgorithmP2PCollector,0,10000,20,50,1,nearest,1,4,1,BASELINE,6,116264431,Taxi Travel Distance [km],25.55,168.23,133.43,2668.6,20,142.67999999999998
2026-05-08T17:21:08.634587500Z,TaxiAlgorithmP2PCollector,0,10000,20,50,1,nearest,1,4,1,BASELINE,6,116264431,Client Waiting Time [min],1.0,62.27,9.7,484.8,50,61.27
2026-05-08T17:21:08.634587500Z,TaxiAlgorithmP2PCollector,0,10000,20,50,1,nearest,1,4,1,BASELINE,6,116264431,Client Travel Time [min],334.0,4204.0,1594.24,79712.0,50,3870.0
2026-05-08T17:21:08.634587500Z,TaxiAlgorithmP2PCollector,0,10000,20,50,1,nearest,1,4,1,BASELINE,6,116264431,Calculation Time [millis],0.0,65.0,0.3,2396.0,7955,65.0
2026-05-08T17:21:08.634587500Z,TaxiAlgorithmP2PCollector,0,10000,20,50,1,nearest,1,4,1,BASELINE,6,116264431,Custom Time [micros],0.0,0.0,0.0,0.0,7955,0.0
2026-05-08T17:21:09.787059300Z,TaxiAlgorithmP2PCollector,0,10000,20,50,1,nearest,1,4,1,BASELINE,7,116264432,Taxi Travel Distance [km],65.48,123.52,102.94,2058.73,20,58.03999999999999
2026-05-08T17:21:09.787059300Z,TaxiAlgorithmP2PCollector,0,10000,20,50,1,nearest,1,4,1,BASELINE,7,116264432,Client Waiting Time [min],0.12,16.55,4.86,243.05,50,16.43
2026-05-08T17:21:09.787059300Z,TaxiAlgorithmP2PCollector,0,10000,20,50,1,nearest,1,4,1,BASELINE,7,116264432,Client Travel Time [min],160.0,2250.0,1133.58,56679.0,50,2090.0
2026-05-08T17:21:09.787059300Z,TaxiAlgorithmP2PCollector,0,10000,20,50,1,nearest,1,4,1,BASELINE,7,116264432,Calculation Time [millis],0.0,1.0,0.15,1020.0,6746,1.0
2026-05-08T17:21:09.787059300Z,TaxiAlgorithmP2PCollector,0,10000,20,50,1,nearest,1,4,1,BASELINE,7,116264432,Custom Time [micros],0.0,0.0,0.0,0.0,6746,0.0
2026-05-08T17:21:12.270069600Z,TaxiAlgorithmP2PCollector,0,10000,20,50,1,nearest,1,4,1,BASELINE,8,116264433,Taxi Travel Distance [km],1.37,156.33,98.8,1976.06,20,154.96
2026-05-08T17:21:12.270069600Z,TaxiAlgorithmP2PCollector,0,10000,20,50,1,nearest,1,4,1,BASELINE,8,116264433,Client Waiting Time [min],0.2,87.12,15.04,751.82,50,86.92
2026-05-08T17:21:12.270069600Z,TaxiAlgorithmP2PCollector,0,10000,20,50,1,nearest,1,4,1,BASELINE,8,116264433,Client Travel Time [min],362.0,5631.0,1786.7,89335.0,50,5269.0
2026-05-08T17:21:12.270069600Z,TaxiAlgorithmP2PCollector,0,10000,20,50,1,nearest,1,4,1,BASELINE,8,116264433,Calculation Time [millis],0.0,63.0,0.29,2281.0,7747,63.0
2026-05-08T17:21:12.270069600Z,TaxiAlgorithmP2PCollector,0,10000,20,50,1,nearest,1,4,1,BASELINE,8,116264433,Custom Time [micros],0.0,0.0,0.0,0.0,7747,0.0
2026-05-08T17:21:14.137684600Z,TaxiAlgorithmP2PCollector,0,10000,20,50,1,nearest,1,4,1,BASELINE,9,116264434,Taxi Travel Distance [km],37.25,146.73,105.97,2119.4,20,109.47999999999999
2026-05-08T17:21:14.137684600Z,TaxiAlgorithmP2PCollector,0,10000,20,50,1,nearest,1,4,1,BASELINE,9,116264434,Client Waiting Time [min],0.25,43.08,8.81,440.55,50,42.83
2026-05-08T17:21:14.137684600Z,TaxiAlgorithmP2PCollector,0,10000,20,50,1,nearest,1,4,1,BASELINE,9,116264434,Client Travel Time [min],91.0,4408.0,1392.28,69614.0,50,4317.0
2026-05-08T17:21:14.137684600Z,TaxiAlgorithmP2PCollector,0,10000,20,50,1,nearest,1,4,1,BASELINE,9,116264434,Calculation Time [millis],0.0,44.0,0.22,1732.0,7818,44.0
2026-05-08T17:21:14.137684600Z,TaxiAlgorithmP2PCollector,0,10000,20,50,1,nearest,1,4,1,BASELINE,9,116264434,Custom Time [micros],0.0,0.0,0.0,0.0,7818,0.0
2026-05-08T17:21:16.406333400Z,TaxiAlgorithmP2PCollector,0,10000,20,50,1,nearest,1,4,1,BASELINE,10,116264435,Taxi Travel Distance [km],6.51,160.42,115.58,2311.5,20,153.91
2026-05-08T17:21:16.406333400Z,TaxiAlgorithmP2PCollector,0,10000,20,50,1,nearest,1,4,1,BASELINE,10,116264435,Client Waiting Time [min],0.27,50.12,8.84,442.2,50,49.849999999999994
2026-05-08T17:21:16.406333400Z,TaxiAlgorithmP2PCollector,0,10000,20,50,1,nearest,1,4,1,BASELINE,10,116264435,Client Travel Time [min],331.0,3531.0,1491.6,74580.0,50,3200.0
2026-05-08T17:21:16.406333400Z,TaxiAlgorithmP2PCollector,0,10000,20,50,1,nearest,1,4,1,BASELINE,10,116264435,Calculation Time [millis],0.0,40.0,0.27,2125.0,7948,40.0
2026-05-08T17:21:16.406333400Z,TaxiAlgorithmP2PCollector,0,10000,20,50,1,nearest,1,4,1,BASELINE,10,116264435,Custom Time [micros],0.0,0.0,0.0,0.0,7948,0.0
2026-05-08T17:21:21.992711Z,TaxiAlgorithmP2PCollector,0,10000,20,100,1,nearest,1,4,1,BASELINE,1,116264426,Taxi Travel Distance [km],7.11,348.96,282.1,5641.98,20,341.84999999999997
2026-05-08T17:21:21.992711Z,TaxiAlgorithmP2PCollector,0,10000,20,100,1,nearest,1,4,1,BASELINE,1,116264426,Client Waiting Time [min],0.45,218.18,64.97,6367.15,98,217.73000000000002
2026-05-08T17:21:21.992711Z,TaxiAlgorithmP2PCollector,0,10000,20,100,1,nearest,1,4,1,BASELINE,1,116264426,Client Travel Time [min],756.0,14549.0,5523.01,552301.0,100,13793.0
2026-05-08T17:21:21.992711Z,TaxiAlgorithmP2PCollector,0,10000,20,100,1,nearest,1,4,1,BASELINE,1,116264426,Calculation Time [millis],0.0,115.0,0.33,5328.0,16076,115.0
2026-05-08T17:21:21.992711Z,TaxiAlgorithmP2PCollector,0,10000,20,100,1,nearest,1,4,1,BASELINE,1,116264426,Custom Time [micros],0.0,0.0,0.0,0.0,16076,0.0
2026-05-08T17:21:44.599699100Z,TaxiAlgorithmP2PCollector,0,10000,20,100,1,nearest,1,4,1,BASELINE,2,116264427,Taxi Travel Distance [km],2.72,1144.65,404.79,8095.84,20,1141.93
2026-05-08T17:21:44.599699100Z,TaxiAlgorithmP2PCollector,0,10000,20,100,1,nearest,1,4,1,BASELINE,2,116264427,Client Waiting Time [min],2.53,818.52,95.26,9335.75,98,815.99
2026-05-08T17:21:44.599699100Z,TaxiAlgorithmP2PCollector,0,10000,20,100,1,nearest,1,4,1,BASELINE,2,116264427,Client Travel Time [min],991.0,49236.0,7453.87,745387.0,100,48245.0
2026-05-08T17:21:44.599699100Z,TaxiAlgorithmP2PCollector,0,10000,20,100,1,nearest,1,4,1,BASELINE,2,116264427,Calculation Time [millis],0.0,193.0,0.43,22142.0,52036,193.0
2026-05-08T17:21:44.599699100Z,TaxiAlgorithmP2PCollector,0,10000,20,100,1,nearest,1,4,1,BASELINE,2,116264427,Custom Time [micros],0.0,0.0,0.0,0.0,52036,0.0
2026-05-08T17:21:50.886993500Z,TaxiAlgorithmP2PCollector,0,10000,20,100,1,nearest,1,4,1,BASELINE,3,116264428,Taxi Travel Distance [km],173.16,370.36,322.06,6441.29,20,197.20000000000002
2026-05-08T17:21:50.886993500Z,TaxiAlgorithmP2PCollector,0,10000,20,100,1,nearest,1,4,1,BASELINE,3,116264428,Client Waiting Time [min],0.58,210.25,63.87,6387.23,100,209.67
2026-05-08T17:21:50.886993500Z,TaxiAlgorithmP2PCollector,0,10000,20,100,1,nearest,1,4,1,BASELINE,3,116264428,Client Travel Time [min],857.0,13765.0,5497.17,549717.0,100,12908.0
2026-05-08T17:21:50.886993500Z,TaxiAlgorithmP2PCollector,0,10000,20,100,1,nearest,1,4,1,BASELINE,3,116264428,Calculation Time [millis],0.0,122.0,0.35,5927.0,17020,122.0
2026-05-08T17:21:50.886993500Z,TaxiAlgorithmP2PCollector,0,10000,20,100,1,nearest,1,4,1,BASELINE,3,116264428,Custom Time [micros],0.0,0.0,0.0,0.0,17020,0.0
2026-05-08T17:21:57.273521200Z,TaxiAlgorithmP2PCollector,0,10000,20,100,1,nearest,1,4,1,BASELINE,4,116264429,Taxi Travel Distance [km],189.0,385.44,317.55,6350.94,20,196.44
2026-05-08T17:21:57.273521200Z,TaxiAlgorithmP2PCollector,0,10000,20,100,1,nearest,1,4,1,BASELINE,4,116264429,Client Waiting Time [min],0.1,230.1,64.13,6220.67,97,230.0
2026-05-08T17:21:57.273521200Z,TaxiAlgorithmP2PCollector,0,10000,20,100,1,nearest,1,4,1,BASELINE,4,116264429,Client Travel Time [min],734.0,16179.0,5675.86,567586.0,100,15445.0
2026-05-08T17:21:57.273521200Z,TaxiAlgorithmP2PCollector,0,10000,20,100,1,nearest,1,4,1,BASELINE,4,116264429,Calculation Time [millis],0.0,133.0,0.34,6067.0,17680,133.0
2026-05-08T17:21:57.273521200Z,TaxiAlgorithmP2PCollector,0,10000,20,100,1,nearest,1,4,1,BASELINE,4,116264429,Custom Time [micros],0.0,0.0,0.0,0.0,17680,0.0
2026-05-08T17:22:05.794560800Z,TaxiAlgorithmP2PCollector,0,10000,20,100,1,nearest,1,4,1,BASELINE,5,116264430,Taxi Travel Distance [km],129.05,481.82,331.45,6629.01,20,352.77
2026-05-08T17:22:05.794560800Z,TaxiAlgorithmP2PCollector,0,10000,20,100,1,nearest,1,4,1,BASELINE,5,116264430,Client Waiting Time [min],1.0,260.35,73.66,7218.7,98,259.35
2026-05-08T17:22:05.794560800Z,TaxiAlgorithmP2PCollector,0,10000,20,100,1,nearest,1,4,1,BASELINE,5,116264430,Client Travel Time [min],845.0,17277.0,6292.43,629243.0,100,16432.0
2026-05-08T17:22:05.794560800Z,TaxiAlgorithmP2PCollector,0,10000,20,100,1,nearest,1,4,1,BASELINE,5,116264430,Calculation Time [millis],0.0,101.0,0.37,8227.0,22096,101.0
2026-05-08T17:22:05.794560800Z,TaxiAlgorithmP2PCollector,0,10000,20,100,1,nearest,1,4,1,BASELINE,5,116264430,Custom Time [micros],0.0,0.0,0.0,0.0,22096,0.0
2026-05-08T17:22:13.958002300Z,TaxiAlgorithmP2PCollector,0,10000,20,100,1,nearest,1,4,1,BASELINE,6,116264431,Taxi Travel Distance [km],156.56,463.34,331.34,6626.71,20,306.78
2026-05-08T17:22:13.958002300Z,TaxiAlgorithmP2PCollector,0,10000,20,100,1,nearest,1,4,1,BASELINE,6,116264431,Client Waiting Time [min],0.47,285.58,61.1,6048.73,99,285.10999999999996
2026-05-08T17:22:13.958002300Z,TaxiAlgorithmP2PCollector,0,10000,20,100,1,nearest,1,4,1,BASELINE,6,116264431,Client Travel Time [min],656.0,19075.0,5376.65,537665.0,100,18419.0
2026-05-08T17:22:13.958002300Z,TaxiAlgorithmP2PCollector,0,10000,20,100,1,nearest,1,4,1,BASELINE,6,116264431,Calculation Time [millis],0.0,170.0,0.37,7799.0,21260,170.0
2026-05-08T17:22:13.958002300Z,TaxiAlgorithmP2PCollector,0,10000,20,100,1,nearest,1,4,1,BASELINE,6,116264431,Custom Time [micros],0.0,0.0,0.0,0.0,21260,0.0
2026-05-08T17:22:22.664161500Z,TaxiAlgorithmP2PCollector,0,10000,20,100,1,nearest,1,4,1,BASELINE,7,116264432,Taxi Travel Distance [km],124.44,474.88,345.27,6905.32,20,350.44
2026-05-08T17:22:22.664161500Z,TaxiAlgorithmP2PCollector,0,10000,20,100,1,nearest,1,4,1,BASELINE,7,116264432,Client Waiting Time [min],0.52,316.17,62.19,6031.97,97,315.65000000000003
2026-05-08T17:22:22.664161500Z,TaxiAlgorithmP2PCollector,0,10000,20,100,1,nearest,1,4,1,BASELINE,7,116264432,Client Travel Time [min],617.0,19648.0,5463.05,546305.0,100,19031.0
2026-05-08T17:22:22.664161500Z,TaxiAlgorithmP2PCollector,0,10000,20,100,1,nearest,1,4,1,BASELINE,7,116264432,Calculation Time [millis],0.0,138.0,0.39,8454.0,21596,138.0
2026-05-08T17:22:22.664161500Z,TaxiAlgorithmP2PCollector,0,10000,20,100,1,nearest,1,4,1,BASELINE,7,116264432,Custom Time [micros],0.0,0.0,0.0,0.0,21596,0.0
2026-05-08T17:22:31.435053100Z,TaxiAlgorithmP2PCollector,0,10000,20,100,1,nearest,1,4,1,BASELINE,8,116264433,Taxi Travel Distance [km],176.04,486.77,386.15,7722.95,20,310.73
2026-05-08T17:22:31.435053100Z,TaxiAlgorithmP2PCollector,0,10000,20,100,1,nearest,1,4,1,BASELINE,8,116264433,Client Waiting Time [min],1.75,310.93,68.42,6636.32,97,309.18
2026-05-08T17:22:31.435053100Z,TaxiAlgorithmP2PCollector,0,10000,20,100,1,nearest,1,4,1,BASELINE,8,116264433,Client Travel Time [min],693.0,19463.0,6011.63,601163.0,100,18770.0
2026-05-08T17:22:31.435053100Z,TaxiAlgorithmP2PCollector,0,10000,20,100,1,nearest,1,4,1,BASELINE,8,116264433,Calculation Time [millis],0.0,165.0,0.38,8422.0,22247,165.0
2026-05-08T17:22:31.435053100Z,TaxiAlgorithmP2PCollector,0,10000,20,100,1,nearest,1,4,1,BASELINE,8,116264433,Custom Time [micros],0.0,0.0,0.0,0.0,22247,0.0
2026-05-08T17:22:43.810717700Z,TaxiAlgorithmP2PCollector,0,10000,20,100,1,nearest,1,4,1,BASELINE,9,116264434,Taxi Travel Distance [km],77.82,657.36,386.46,7729.27,20,579.54
2026-05-08T17:22:43.810717700Z,TaxiAlgorithmP2PCollector,0,10000,20,100,1,nearest,1,4,1,BASELINE,9,116264434,Client Waiting Time [min],1.97,466.45,75.07,7282.13,97,464.47999999999996
2026-05-08T17:22:43.810717700Z,TaxiAlgorithmP2PCollector,0,10000,20,100,1,nearest,1,4,1,BASELINE,9,116264434,Client Travel Time [min],490.0,29400.0,6123.47,612347.0,100,28910.0
2026-05-08T17:22:43.810717700Z,TaxiAlgorithmP2PCollector,0,10000,20,100,1,nearest,1,4,1,BASELINE,9,116264434,Calculation Time [millis],0.0,157.0,0.4,12075.0,30003,157.0
2026-05-08T17:22:43.810717700Z,TaxiAlgorithmP2PCollector,0,10000,20,100,1,nearest,1,4,1,BASELINE,9,116264434,Custom Time [micros],0.0,0.0,0.0,0.0,30003,0.0
2026-05-08T17:23:02.150537700Z,TaxiAlgorithmP2PCollector,0,10000,20,100,1,nearest,1,4,1,BASELINE,10,116264435,Taxi Travel Distance [km],16.61,940.44,436.38,8727.5,20,923.83
2026-05-08T17:23:02.150537700Z,TaxiAlgorithmP2PCollector,0,10000,20,100,1,nearest,1,4,1,BASELINE,10,116264435,Client Waiting Time [min],0.72,700.67,107.69,10015.57,93,699.9499999999999
2026-05-08T17:23:02.150537700Z,TaxiAlgorithmP2PCollector,0,10000,20,100,1,nearest,1,4,1,BASELINE,10,116264435,Client Travel Time [min],487.0,42962.0,8682.77,868277.0,100,42475.0
2026-05-08T17:23:02.150537700Z,TaxiAlgorithmP2PCollector,0,10000,20,100,1,nearest,1,4,1,BASELINE,10,116264435,Calculation Time [millis],0.0,167.0,0.41,17841.0,43476,167.0
2026-05-08T17:23:02.150537700Z,TaxiAlgorithmP2PCollector,0,10000,20,100,1,nearest,1,4,1,BASELINE,10,116264435,Custom Time [micros],0.0,0.0,0.0,0.0,43476,0.0
2026-05-08T17:23:02.647917100Z,TaxiAlgorithmP2PCollector,0,20000,5,25,1,nearest,1,4,1,BASELINE,1,116264426,Taxi Travel Distance [km],52.12,133.85,96.01,480.04,5,81.72999999999999
2026-05-08T17:23:02.647917100Z,TaxiAlgorithmP2PCollector,0,20000,5,25,1,nearest,1,4,1,BASELINE,1,116264426,Client Waiting Time [min],0.67,41.82,11.45,263.37,23,41.15
2026-05-08T17:23:02.647917100Z,TaxiAlgorithmP2PCollector,0,20000,5,25,1,nearest,1,4,1,BASELINE,1,116264426,Client Travel Time [min],124.0,2698.0,1156.8,28920.0,25,2574.0
2026-05-08T17:23:02.647917100Z,TaxiAlgorithmP2PCollector,0,20000,5,25,1,nearest,1,4,1,BASELINE,1,116264426,Calculation Time [millis],0.0,0.0,0.03,227.0,6722,0.0
2026-05-08T17:23:02.647917100Z,TaxiAlgorithmP2PCollector,0,20000,5,25,1,nearest,1,4,1,BASELINE,1,116264426,Custom Time [micros],0.0,0.0,0.0,0.0,6722,0.0
2026-05-08T17:23:02.911917900Z,TaxiAlgorithmP2PCollector,0,20000,5,25,1,nearest,1,4,1,BASELINE,2,116264427,Taxi Travel Distance [km],68.73,112.06,96.78,483.88,5,43.33
2026-05-08T17:23:02.911917900Z,TaxiAlgorithmP2PCollector,0,20000,5,25,1,nearest,1,4,1,BASELINE,2,116264427,Client Waiting Time [min],0.77,26.73,9.46,236.58,25,25.96
2026-05-08T17:23:02.911917900Z,TaxiAlgorithmP2PCollector,0,20000,5,25,1,nearest,1,4,1,BASELINE,2,116264427,Client Travel Time [min],461.0,2268.0,1058.52,26463.0,25,1807.0
2026-05-08T17:23:02.911917900Z,TaxiAlgorithmP2PCollector,0,20000,5,25,1,nearest,1,4,1,BASELINE,2,116264427,Calculation Time [millis],0.0,0.0,0.03,165.0,5536,0.0
2026-05-08T17:23:02.911917900Z,TaxiAlgorithmP2PCollector,0,20000,5,25,1,nearest,1,4,1,BASELINE,2,116264427,Custom Time [micros],0.0,0.0,0.0,0.0,5536,0.0
2026-05-08T17:23:03.256918200Z,TaxiAlgorithmP2PCollector,0,20000,5,25,1,nearest,1,4,1,BASELINE,3,116264428,Taxi Travel Distance [km],68.41,130.7,99.11,495.57,5,62.28999999999999
2026-05-08T17:23:03.256918200Z,TaxiAlgorithmP2PCollector,0,20000,5,25,1,nearest,1,4,1,BASELINE,3,116264428,Client Waiting Time [min],1.25,58.92,13.59,339.85,25,57.67
2026-05-08T17:23:03.256918200Z,TaxiAlgorithmP2PCollector,0,20000,5,25,1,nearest,1,4,1,BASELINE,3,116264428,Client Travel Time [min],307.0,3802.0,1276.36,31909.0,25,3495.0
2026-05-08T17:23:03.256918200Z,TaxiAlgorithmP2PCollector,0,20000,5,25,1,nearest,1,4,1,BASELINE,3,116264428,Calculation Time [millis],0.0,50.0,0.04,276.0,7064,50.0
2026-05-08T17:23:03.256918200Z,TaxiAlgorithmP2PCollector,0,20000,5,25,1,nearest,1,4,1,BASELINE,3,116264428,Custom Time [micros],0.0,0.0,0.0,0.0,7064,0.0
2026-05-08T17:23:03.598918200Z,TaxiAlgorithmP2PCollector,0,20000,5,25,1,nearest,1,4,1,BASELINE,4,116264429,Taxi Travel Distance [km],69.66,126.96,97.1,485.48,5,57.3
2026-05-08T17:23:03.598918200Z,TaxiAlgorithmP2PCollector,0,20000,5,25,1,nearest,1,4,1,BASELINE,4,116264429,Client Waiting Time [min],1.42,47.12,9.05,226.13,25,45.699999999999996
2026-05-08T17:23:03.598918200Z,TaxiAlgorithmP2PCollector,0,20000,5,25,1,nearest,1,4,1,BASELINE,4,116264429,Client Travel Time [min],195.0,3222.0,996.16,24904.0,25,3027.0
2026-05-08T17:23:03.598918200Z,TaxiAlgorithmP2PCollector,0,20000,5,25,1,nearest,1,4,1,BASELINE,4,116264429,Calculation Time [millis],0.0,0.0,0.04,248.0,6540,0.0
2026-05-08T17:23:03.598918200Z,TaxiAlgorithmP2PCollector,0,20000,5,25,1,nearest,1,4,1,BASELINE,4,116264429,Custom Time [micros],0.0,0.0,0.0,0.0,6540,0.0
2026-05-08T17:23:03.833918Z,TaxiAlgorithmP2PCollector,0,20000,5,25,1,nearest,1,4,1,BASELINE,5,116264430,Taxi Travel Distance [km],43.69,110.63,89.02,445.09,5,66.94
2026-05-08T17:23:03.833918Z,TaxiAlgorithmP2PCollector,0,20000,5,25,1,nearest,1,4,1,BASELINE,5,116264430,Client Waiting Time [min],1.78,38.2,10.37,259.2,25,36.42
2026-05-08T17:23:03.833918Z,TaxiAlgorithmP2PCollector,0,20000,5,25,1,nearest,1,4,1,BASELINE,5,116264430,Client Travel Time [min],395.0,2737.0,1082.48,27062.0,25,2342.0
2026-05-08T17:23:03.833918Z,TaxiAlgorithmP2PCollector,0,20000,5,25,1,nearest,1,4,1,BASELINE,5,116264430,Calculation Time [millis],0.0,0.0,0.02,153.0,6836,0.0
2026-05-08T17:23:03.833918Z,TaxiAlgorithmP2PCollector,0,20000,5,25,1,nearest,1,4,1,BASELINE,5,116264430,Custom Time [micros],0.0,0.0,0.0,0.0,6836,0.0
2026-05-08T17:23:04.126916800Z,TaxiAlgorithmP2PCollector,0,20000,5,25,1,nearest,1,4,1,BASELINE,6,116264431,Taxi Travel Distance [km],108.32,120.99,116.55,582.73,5,12.670000000000002
2026-05-08T17:23:04.126916800Z,TaxiAlgorithmP2PCollector,0,20000,5,25,1,nearest,1,4,1,BASELINE,6,116264431,Client Waiting Time [min],1.53,34.07,12.23,305.78,25,32.54
2026-05-08T17:23:04.126916800Z,TaxiAlgorithmP2PCollector,0,20000,5,25,1,nearest,1,4,1,BASELINE,6,116264431,Client Travel Time [min],186.0,2646.0,1189.96,29749.0,25,2460.0
2026-05-08T17:23:04.126916800Z,TaxiAlgorithmP2PCollector,0,20000,5,25,1,nearest,1,4,1,BASELINE,6,116264431,Calculation Time [millis],0.0,0.0,0.03,201.0,6218,0.0
2026-05-08T17:23:04.126916800Z,TaxiAlgorithmP2PCollector,0,20000,5,25,1,nearest,1,4,1,BASELINE,6,116264431,Custom Time [micros],0.0,0.0,0.0,0.0,6218,0.0
2026-05-08T17:23:04.326917Z,TaxiAlgorithmP2PCollector,0,20000,5,25,1,nearest,1,4,1,BASELINE,7,116264432,Taxi Travel Distance [km],65.61,114.37,91.77,458.83,5,48.760000000000005
2026-05-08T17:23:04.326917Z,TaxiAlgorithmP2PCollector,0,20000,5,25,1,nearest,1,4,1,BASELINE,7,116264432,Client Waiting Time [min],0.52,34.05,7.95,198.85,25,33.529999999999994
2026-05-08T17:23:04.326917Z,TaxiAlgorithmP2PCollector,0,20000,5,25,1,nearest,1,4,1,BASELINE,7,116264432,Client Travel Time [min],160.0,2563.0,939.72,23493.0,25,2403.0
2026-05-08T17:23:04.326917Z,TaxiAlgorithmP2PCollector,0,20000,5,25,1,nearest,1,4,1,BASELINE,7,116264432,Calculation Time [millis],0.0,0.0,0.02,125.0,6447,0.0
2026-05-08T17:23:04.326917Z,TaxiAlgorithmP2PCollector,0,20000,5,25,1,nearest,1,4,1,BASELINE,7,116264432,Custom Time [micros],0.0,0.0,0.0,0.0,6447,0.0
2026-05-08T17:23:04.605918500Z,TaxiAlgorithmP2PCollector,0,20000,5,25,1,nearest,1,4,1,BASELINE,8,116264433,Taxi Travel Distance [km],37.15,111.94,85.09,425.45,5,74.78999999999999
2026-05-08T17:23:04.605918500Z,TaxiAlgorithmP2PCollector,0,20000,5,25,1,nearest,1,4,1,BASELINE,8,116264433,Client Waiting Time [min],1.25,33.65,11.78,294.52,25,32.4
2026-05-08T17:23:04.605918500Z,TaxiAlgorithmP2PCollector,0,20000,5,25,1,nearest,1,4,1,BASELINE,8,116264433,Client Travel Time [min],306.0,2359.0,1218.96,30474.0,25,2053.0
2026-05-08T17:23:04.605918500Z,TaxiAlgorithmP2PCollector,0,20000,5,25,1,nearest,1,4,1,BASELINE,8,116264433,Calculation Time [millis],0.0,0.0,0.03,180.0,6191,0.0
2026-05-08T17:23:04.605918500Z,TaxiAlgorithmP2PCollector,0,20000,5,25,1,nearest,1,4,1,BASELINE,8,116264433,Custom Time [micros],0.0,0.0,0.0,0.0,6191,0.0
2026-05-08T17:23:04.743918400Z,TaxiAlgorithmP2PCollector,0,20000,5,25,1,nearest,1,4,1,BASELINE,9,116264434,Taxi Travel Distance [km],71.15,102.46,84.25,421.24,5,31.309999999999988
2026-05-08T17:23:04.743918400Z,TaxiAlgorithmP2PCollector,0,20000,5,25,1,nearest,1,4,1,BASELINE,9,116264434,Client Waiting Time [min],0.18,19.95,5.6,139.97,25,19.77
2026-05-08T17:23:04.743918400Z,TaxiAlgorithmP2PCollector,0,20000,5,25,1,nearest,1,4,1,BASELINE,9,116264434,Client Travel Time [min],197.0,1985.0,736.68,18417.0,25,1788.0
2026-05-08T17:23:04.743918400Z,TaxiAlgorithmP2PCollector,0,20000,5,25,1,nearest,1,4,1,BASELINE,9,116264434,Calculation Time [millis],0.0,0.0,0.01,70.0,5692,0.0
2026-05-08T17:23:04.743918400Z,TaxiAlgorithmP2PCollector,0,20000,5,25,1,nearest,1,4,1,BASELINE,9,116264434,Custom Time [micros],0.0,0.0,0.0,0.0,5692,0.0
2026-05-08T17:23:04.975917900Z,TaxiAlgorithmP2PCollector,0,20000,5,25,1,nearest,1,4,1,BASELINE,10,116264435,Taxi Travel Distance [km],35.65,112.82,86.72,433.59,5,77.16999999999999
2026-05-08T17:23:04.975917900Z,TaxiAlgorithmP2PCollector,0,20000,5,25,1,nearest,1,4,1,BASELINE,10,116264435,Client Waiting Time [min],0.95,37.2,8.84,221.0,25,36.25
2026-05-08T17:23:04.975917900Z,TaxiAlgorithmP2PCollector,0,20000,5,25,1,nearest,1,4,1,BASELINE,10,116264435,Client Travel Time [min],258.0,2425.0,877.56,21939.0,25,2167.0
2026-05-08T17:23:04.975917900Z,TaxiAlgorithmP2PCollector,0,20000,5,25,1,nearest,1,4,1,BASELINE,10,116264435,Calculation Time [millis],0.0,0.0,0.02,147.0,6109,0.0
2026-05-08T17:23:04.975917900Z,TaxiAlgorithmP2PCollector,0,20000,5,25,1,nearest,1,4,1,BASELINE,10,116264435,Custom Time [micros],0.0,0.0,0.0,0.0,6109,0.0
2026-05-08T17:23:05.506987400Z,TaxiAlgorithmP2PCollector,0,20000,10,25,1,nearest,1,4,1,BASELINE,1,116264426,Taxi Travel Distance [km],14.3,93.08,56.98,569.76,10,78.78
2026-05-08T17:23:05.506987400Z,TaxiAlgorithmP2PCollector,0,20000,10,25,1,nearest,1,4,1,BASELINE,1,116264426,Client Waiting Time [min],0.38,29.87,8.31,207.82,25,29.490000000000002
2026-05-08T17:23:05.506987400Z,TaxiAlgorithmP2PCollector,0,20000,10,25,1,nearest,1,4,1,BASELINE,1,116264426,Client Travel Time [min],65.0,1806.0,941.64,23541.0,25,1741.0
2026-05-08T17:23:05.506987400Z,TaxiAlgorithmP2PCollector,0,20000,10,25,1,nearest,1,4,1,BASELINE,1,116264426,Calculation Time [millis],0.0,32.0,0.07,445.0,6440,32.0
2026-05-08T17:23:05.506987400Z,TaxiAlgorithmP2PCollector,0,20000,10,25,1,nearest,1,4,1,BASELINE,1,116264426,Custom Time [micros],0.0,0.0,0.0,0.0,6440,0.0
2026-05-08T17:23:05.769989100Z,TaxiAlgorithmP2PCollector,0,20000,10,25,1,nearest,1,4,1,BASELINE,2,116264427,Taxi Travel Distance [km],18.88,76.18,57.76,577.61,10,57.30000000000001
2026-05-08T17:23:05.769989100Z,TaxiAlgorithmP2PCollector,0,20000,10,25,1,nearest,1,4,1,BASELINE,2,116264427,Client Waiting Time [min],0.55,23.33,4.83,120.87,25,22.779999999999998
2026-05-08T17:23:05.769989100Z,TaxiAlgorithmP2PCollector,0,20000,10,25,1,nearest,1,4,1,BASELINE,2,116264427,Client Travel Time [min],369.0,2118.0,809.28,20232.0,25,1749.0
2026-05-08T17:23:05.769989100Z,TaxiAlgorithmP2PCollector,0,20000,10,25,1,nearest,1,4,1,BASELINE,2,116264427,Calculation Time [millis],0.0,0.0,0.04,186.0,4661,0.0
2026-05-08T17:23:05.769989100Z,TaxiAlgorithmP2PCollector,0,20000,10,25,1,nearest,1,4,1,BASELINE,2,116264427,Custom Time [micros],0.0,0.0,0.0,0.0,4661,0.0
2026-05-08T17:23:05.941991100Z,TaxiAlgorithmP2PCollector,0,20000,10,25,1,nearest,1,4,1,BASELINE,3,116264428,Taxi Travel Distance [km],27.8,70.79,49.77,497.73,10,42.99000000000001
2026-05-08T17:23:05.941991100Z,TaxiAlgorithmP2PCollector,0,20000,10,25,1,nearest,1,4,1,BASELINE,3,116264428,Client Waiting Time [min],0.65,7.95,3.47,86.87,25,7.3
2026-05-08T17:23:05.941991100Z,TaxiAlgorithmP2PCollector,0,20000,10,25,1,nearest,1,4,1,BASELINE,3,116264428,Client Travel Time [min],323.0,1311.0,712.6,17815.0,25,988.0
2026-05-08T17:23:05.941991100Z,TaxiAlgorithmP2PCollector,0,20000,10,25,1,nearest,1,4,1,BASELINE,3,116264428,Calculation Time [millis],0.0,0.0,0.02,96.0,5744,0.0
2026-05-08T17:23:05.941991100Z,TaxiAlgorithmP2PCollector,0,20000,10,25,1,nearest,1,4,1,BASELINE,3,116264428,Custom Time [micros],0.0,0.0,0.0,0.0,5744,0.0
2026-05-08T17:23:06.269989600Z,TaxiAlgorithmP2PCollector,0,20000,10,25,1,nearest,1,4,1,BASELINE,4,116264429,Taxi Travel Distance [km],4.8,97.84,64.7,646.99,10,93.04
2026-05-08T17:23:06.269989600Z,TaxiAlgorithmP2PCollector,0,20000,10,25,1,nearest,1,4,1,BASELINE,4,116264429,Client Waiting Time [min],1.38,20.32,5.29,132.27,25,18.94
2026-05-08T17:23:06.269989600Z,TaxiAlgorithmP2PCollector,0,20000,10,25,1,nearest,1,4,1,BASELINE,4,116264429,Client Travel Time [min],168.0,1743.0,786.2,19655.0,25,1575.0
2026-05-08T17:23:06.269989600Z,TaxiAlgorithmP2PCollector,0,20000,10,25,1,nearest,1,4,1,BASELINE,4,116264429,Calculation Time [millis],0.0,0.0,0.04,238.0,5570,0.0
2026-05-08T17:23:06.269989600Z,TaxiAlgorithmP2PCollector,0,20000,10,25,1,nearest,1,4,1,BASELINE,4,116264429,Custom Time [micros],0.0,0.0,0.0,0.0,5570,0.0
2026-05-08T17:23:06.645986900Z,TaxiAlgorithmP2PCollector,0,20000,10,25,1,nearest,1,4,1,BASELINE,5,116264430,Taxi Travel Distance [km],15.18,85.34,62.75,627.48,10,70.16
2026-05-08T17:23:06.645986900Z,TaxiAlgorithmP2PCollector,0,20000,10,25,1,nearest,1,4,1,BASELINE,5,116264430,Client Waiting Time [min],1.73,19.07,5.72,143.0,25,17.34
2026-05-08T17:23:06.645986900Z,TaxiAlgorithmP2PCollector,0,20000,10,25,1,nearest,1,4,1,BASELINE,5,116264430,Client Travel Time [min],319.0,1374.0,801.6,20040.0,25,1055.0
2026-05-08T17:23:06.645986900Z,TaxiAlgorithmP2PCollector,0,20000,10,25,1,nearest,1,4,1,BASELINE,5,116264430,Calculation Time [millis],0.0,0.0,0.05,293.0,5897,0.0
2026-05-08T17:23:06.645986900Z,TaxiAlgorithmP2PCollector,0,20000,10,25,1,nearest,1,4,1,BASELINE,5,116264430,Custom Time [micros],0.0,0.0,0.0,0.0,5897,0.0
2026-05-08T17:23:07.112046600Z,TaxiAlgorithmP2PCollector,0,20000,10,25,1,nearest,1,4,1,BASELINE,6,116264431,Taxi Travel Distance [km],27.37,104.11,75.61,756.15,10,76.74
2026-05-08T17:23:07.112046600Z,TaxiAlgorithmP2PCollector,0,20000,10,25,1,nearest,1,4,1,BASELINE,6,116264431,Client Waiting Time [min],0.6,25.42,6.41,160.13,25,24.82
2026-05-08T17:23:07.112046600Z,TaxiAlgorithmP2PCollector,0,20000,10,25,1,nearest,1,4,1,BASELINE,6,116264431,Client Travel Time [min],234.0,2161.0,881.56,22039.0,25,1927.0
2026-05-08T17:23:07.112046600Z,TaxiAlgorithmP2PCollector,0,20000,10,25,1,nearest,1,4,1,BASELINE,6,116264431,Calculation Time [millis],0.0,0.0,0.06,352.0,5442,0.0
2026-05-08T17:23:07.112046600Z,TaxiAlgorithmP2PCollector,0,20000,10,25,1,nearest,1,4,1,BASELINE,6,116264431,Custom Time [micros],0.0,0.0,0.0,0.0,5442,0.0
2026-05-08T17:23:07.562206200Z,TaxiAlgorithmP2PCollector,0,20000,10,25,1,nearest,1,4,1,BASELINE,7,116264432,Taxi Travel Distance [km],39.63,91.59,72.55,725.53,10,51.96
2026-05-08T17:23:07.562206200Z,TaxiAlgorithmP2PCollector,0,20000,10,25,1,nearest,1,4,1,BASELINE,7,116264432,Client Waiting Time [min],0.52,20.53,5.33,133.3,25,20.01
2026-05-08T17:23:07.562206200Z,TaxiAlgorithmP2PCollector,0,20000,10,25,1,nearest,1,4,1,BASELINE,7,116264432,Client Travel Time [min],160.0,1681.0,779.64,19491.0,25,1521.0
2026-05-08T17:23:07.562206200Z,TaxiAlgorithmP2PCollector,0,20000,10,25,1,nearest,1,4,1,BASELINE,7,116264432,Calculation Time [millis],0.0,29.0,0.06,354.0,5706,29.0
2026-05-08T17:23:07.562206200Z,TaxiAlgorithmP2PCollector,0,20000,10,25,1,nearest,1,4,1,BASELINE,7,116264432,Custom Time [micros],0.0,0.0,0.0,0.0,5706,0.0
2026-05-08T17:23:07.861886900Z,TaxiAlgorithmP2PCollector,0,20000,10,25,1,nearest,1,4,1,BASELINE,8,116264433,Taxi Travel Distance [km],1.31,81.88,55.58,555.76,10,80.57
2026-05-08T17:23:07.861886900Z,TaxiAlgorithmP2PCollector,0,20000,10,25,1,nearest,1,4,1,BASELINE,8,116264433,Client Waiting Time [min],0.73,18.0,5.23,130.65,25,17.27
2026-05-08T17:23:07.861886900Z,TaxiAlgorithmP2PCollector,0,20000,10,25,1,nearest,1,4,1,BASELINE,8,116264433,Client Travel Time [min],262.0,1820.0,854.28,21357.0,25,1558.0
2026-05-08T17:23:07.861886900Z,TaxiAlgorithmP2PCollector,0,20000,10,25,1,nearest,1,4,1,BASELINE,8,116264433,Calculation Time [millis],0.0,0.0,0.04,208.0,5699,0.0
2026-05-08T17:23:07.861886900Z,TaxiAlgorithmP2PCollector,0,20000,10,25,1,nearest,1,4,1,BASELINE,8,116264433,Custom Time [micros],0.0,0.0,0.0,0.0,5699,0.0
2026-05-08T17:23:08.016622500Z,TaxiAlgorithmP2PCollector,0,20000,10,25,1,nearest,1,4,1,BASELINE,9,116264434,Taxi Travel Distance [km],19.75,79.41,45.49,454.87,10,59.66
2026-05-08T17:23:08.016622500Z,TaxiAlgorithmP2PCollector,0,20000,10,25,1,nearest,1,4,1,BASELINE,9,116264434,Client Waiting Time [min],0.18,9.33,3.53,88.35,25,9.15
2026-05-08T17:23:08.016622500Z,TaxiAlgorithmP2PCollector,0,20000,10,25,1,nearest,1,4,1,BASELINE,9,116264434,Client Travel Time [min],197.0,1208.0,598.96,14974.0,25,1011.0
2026-05-08T17:23:08.016622500Z,TaxiAlgorithmP2PCollector,0,20000,10,25,1,nearest,1,4,1,BASELINE,9,116264434,Calculation Time [millis],0.0,0.0,0.01,73.0,6035,0.0
2026-05-08T17:23:08.016622500Z,TaxiAlgorithmP2PCollector,0,20000,10,25,1,nearest,1,4,1,BASELINE,9,116264434,Custom Time [micros],0.0,0.0,0.0,0.0,6035,0.0
2026-05-08T17:23:08.312624900Z,TaxiAlgorithmP2PCollector,0,20000,10,25,1,nearest,1,4,1,BASELINE,10,116264435,Taxi Travel Distance [km],6.06,81.85,48.56,485.56,10,75.78999999999999
2026-05-08T17:23:08.312624900Z,TaxiAlgorithmP2PCollector,0,20000,10,25,1,nearest,1,4,1,BASELINE,10,116264435,Client Waiting Time [min],0.43,13.87,4.7,117.38,25,13.44
2026-05-08T17:23:08.312624900Z,TaxiAlgorithmP2PCollector,0,20000,10,25,1,nearest,1,4,1,BASELINE,10,116264435,Client Travel Time [min],199.0,1348.0,623.68,15592.0,25,1149.0
2026-05-08T17:23:08.312624900Z,TaxiAlgorithmP2PCollector,0,20000,10,25,1,nearest,1,4,1,BASELINE,10,116264435,Calculation Time [millis],0.0,0.0,0.04,222.0,5747,0.0
2026-05-08T17:23:08.312624900Z,TaxiAlgorithmP2PCollector,0,20000,10,25,1,nearest,1,4,1,BASELINE,10,116264435,Custom Time [micros],0.0,0.0,0.0,0.0,5747,0.0
2026-05-08T17:23:09.522833100Z,TaxiAlgorithmP2PCollector,0,20000,10,50,1,nearest,1,4,1,BASELINE,1,116264426,Taxi Travel Distance [km],39.8,222.94,160.93,1609.25,10,183.14
2026-05-08T17:23:09.522833100Z,TaxiAlgorithmP2PCollector,0,20000,10,50,1,nearest,1,4,1,BASELINE,1,116264426,Client Waiting Time [min],2.25,109.37,30.12,1445.73,48,107.12
2026-05-08T17:23:09.522833100Z,TaxiAlgorithmP2PCollector,0,20000,10,50,1,nearest,1,4,1,BASELINE,1,116264426,Client Travel Time [min],784.0,7152.0,2615.92,130796.0,50,6368.0
2026-05-08T17:23:09.522833100Z,TaxiAlgorithmP2PCollector,0,20000,10,50,1,nearest,1,4,1,BASELINE,1,116264426,Calculation Time [millis],0.0,58.0,0.11,1078.0,10246,58.0
2026-05-08T17:23:09.522833100Z,TaxiAlgorithmP2PCollector,0,20000,10,50,1,nearest,1,4,1,BASELINE,1,116264426,Custom Time [micros],0.0,0.0,0.0,0.0,10246,0.0
2026-05-08T17:23:10.332488Z,TaxiAlgorithmP2PCollector,0,20000,10,50,1,nearest,1,4,1,BASELINE,2,116264427,Taxi Travel Distance [km],136.23,172.04,149.29,1492.88,10,35.81
2026-05-08T17:23:10.332488Z,TaxiAlgorithmP2PCollector,0,20000,10,50,1,nearest,1,4,1,BASELINE,2,116264427,Client Waiting Time [min],0.72,78.32,21.01,1029.6,49,77.6
2026-05-08T17:23:10.332488Z,TaxiAlgorithmP2PCollector,0,20000,10,50,1,nearest,1,4,1,BASELINE,2,116264427,Client Travel Time [min],644.0,5293.0,2057.88,102894.0,50,4649.0
2026-05-08T17:23:10.332488Z,TaxiAlgorithmP2PCollector,0,20000,10,50,1,nearest,1,4,1,BASELINE,2,116264427,Calculation Time [millis],0.0,0.0,0.09,714.0,7795,0.0
2026-05-08T17:23:10.332488Z,TaxiAlgorithmP2PCollector,0,20000,10,50,1,nearest,1,4,1,BASELINE,2,116264427,Custom Time [micros],0.0,0.0,0.0,0.0,7795,0.0
2026-05-08T17:23:11.451528400Z,TaxiAlgorithmP2PCollector,0,20000,10,50,1,nearest,1,4,1,BASELINE,3,116264428,Taxi Travel Distance [km],83.95,203.16,155.9,1559.04,10,119.21
2026-05-08T17:23:11.451528400Z,TaxiAlgorithmP2PCollector,0,20000,10,50,1,nearest,1,4,1,BASELINE,3,116264428,Client Waiting Time [min],1.13,119.1,27.65,1382.33,50,117.97
2026-05-08T17:23:11.451528400Z,TaxiAlgorithmP2PCollector,0,20000,10,50,1,nearest,1,4,1,BASELINE,3,116264428,Client Travel Time [min],580.0,8390.0,2438.88,121944.0,50,7810.0
2026-05-08T17:23:11.451528400Z,TaxiAlgorithmP2PCollector,0,20000,10,50,1,nearest,1,4,1,BASELINE,3,116264428,Calculation Time [millis],0.0,47.0,0.09,950.0,10325,47.0
2026-05-08T17:23:11.451528400Z,TaxiAlgorithmP2PCollector,0,20000,10,50,1,nearest,1,4,1,BASELINE,3,116264428,Custom Time [micros],0.0,0.0,0.0,0.0,10325,0.0
2026-05-08T17:23:12.432501500Z,TaxiAlgorithmP2PCollector,0,20000,10,50,1,nearest,1,4,1,BASELINE,4,116264429,Taxi Travel Distance [km],105.68,194.82,168.63,1686.31,10,89.13999999999999
2026-05-08T17:23:12.432501500Z,TaxiAlgorithmP2PCollector,0,20000,10,50,1,nearest,1,4,1,BASELINE,4,116264429,Client Waiting Time [min],1.38,83.82,22.73,1136.67,50,82.44
2026-05-08T17:23:12.432501500Z,TaxiAlgorithmP2PCollector,0,20000,10,50,1,nearest,1,4,1,BASELINE,4,116264429,Client Travel Time [min],499.0,5272.0,2190.12,109506.0,50,4773.0
2026-05-08T17:23:12.432501500Z,TaxiAlgorithmP2PCollector,0,20000,10,50,1,nearest,1,4,1,BASELINE,4,116264429,Calculation Time [millis],0.0,0.0,0.09,875.0,9244,0.0
2026-05-08T17:23:12.432501500Z,TaxiAlgorithmP2PCollector,0,20000,10,50,1,nearest,1,4,1,BASELINE,4,116264429,Custom Time [micros],0.0,0.0,0.0,0.0,9244,0.0
2026-05-08T17:23:13.492063200Z,TaxiAlgorithmP2PCollector,0,20000,10,50,1,nearest,1,4,1,BASELINE,5,116264430,Taxi Travel Distance [km],119.68,211.58,169.01,1690.09,10,91.9
2026-05-08T17:23:13.492063200Z,TaxiAlgorithmP2PCollector,0,20000,10,50,1,nearest,1,4,1,BASELINE,5,116264430,Client Waiting Time [min],0.95,129.23,31.81,1590.53,50,128.28
2026-05-08T17:23:13.492063200Z,TaxiAlgorithmP2PCollector,0,20000,10,50,1,nearest,1,4,1,BASELINE,5,116264430,Client Travel Time [min],521.0,8848.0,2791.12,139556.0,50,8327.0
2026-05-08T17:23:13.492063200Z,TaxiAlgorithmP2PCollector,0,20000,10,50,1,nearest,1,4,1,BASELINE,5,116264430,Calculation Time [millis],0.0,32.0,0.08,917.0,10855,32.0
2026-05-08T17:23:13.492063200Z,TaxiAlgorithmP2PCollector,0,20000,10,50,1,nearest,1,4,1,BASELINE,5,116264430,Custom Time [micros],0.0,0.0,0.0,0.0,10855,0.0
2026-05-08T17:23:14.399071700Z,TaxiAlgorithmP2PCollector,0,20000,10,50,1,nearest,1,4,1,BASELINE,6,116264431,Taxi Travel Distance [km],148.18,195.01,180.91,1809.06,10,46.829999999999984
2026-05-08T17:23:14.399071700Z,TaxiAlgorithmP2PCollector,0,20000,10,50,1,nearest,1,4,1,BASELINE,6,116264431,Client Waiting Time [min],1.33,138.4,29.4,1469.83,50,137.07
2026-05-08T17:23:14.399071700Z,TaxiAlgorithmP2PCollector,0,20000,10,50,1,nearest,1,4,1,BASELINE,6,116264431,Client Travel Time [min],295.0,8576.0,2726.52,136326.0,50,8281.0
2026-05-08T17:23:14.399071700Z,TaxiAlgorithmP2PCollector,0,20000,10,50,1,nearest,1,4,1,BASELINE,6,116264431,Calculation Time [millis],0.0,0.0,0.09,799.0,9307,0.0
2026-05-08T17:23:14.399071700Z,TaxiAlgorithmP2PCollector,0,20000,10,50,1,nearest,1,4,1,BASELINE,6,116264431,Custom Time [micros],0.0,0.0,0.0,0.0,9307,0.0
2026-05-08T17:23:15.455108700Z,TaxiAlgorithmP2PCollector,0,20000,10,50,1,nearest,1,4,1,BASELINE,7,116264432,Taxi Travel Distance [km],64.42,213.01,160.35,1603.54,10,148.58999999999997
2026-05-08T17:23:15.455108700Z,TaxiAlgorithmP2PCollector,0,20000,10,50,1,nearest,1,4,1,BASELINE,7,116264432,Client Waiting Time [min],0.45,98.12,22.59,1129.55,50,97.67
2026-05-08T17:23:15.455108700Z,TaxiAlgorithmP2PCollector,0,20000,10,50,1,nearest,1,4,1,BASELINE,7,116264432,Client Travel Time [min],407.0,5976.0,2199.98,109999.0,50,5569.0
2026-05-08T17:23:15.455108700Z,TaxiAlgorithmP2PCollector,0,20000,10,50,1,nearest,1,4,1,BASELINE,7,116264432,Calculation Time [millis],0.0,30.0,0.09,903.0,10104,30.0
2026-05-08T17:23:15.455108700Z,TaxiAlgorithmP2PCollector,0,20000,10,50,1,nearest,1,4,1,BASELINE,7,116264432,Custom Time [micros],0.0,0.0,0.0,0.0,10104,0.0
2026-05-08T17:23:16.372032800Z,TaxiAlgorithmP2PCollector,0,20000,10,50,1,nearest,1,4,1,BASELINE,8,116264433,Taxi Travel Distance [km],93.28,183.68,156.0,1559.99,10,90.4
2026-05-08T17:23:16.372032800Z,TaxiAlgorithmP2PCollector,0,20000,10,50,1,nearest,1,4,1,BASELINE,8,116264433,Client Waiting Time [min],1.3,115.02,28.59,1429.38,50,113.72
2026-05-08T17:23:16.372032800Z,TaxiAlgorithmP2PCollector,0,20000,10,50,1,nearest,1,4,1,BASELINE,8,116264433,Client Travel Time [min],543.0,7384.0,2568.36,128418.0,50,6841.0
2026-05-08T17:23:16.372032800Z,TaxiAlgorithmP2PCollector,0,20000,10,50,1,nearest,1,4,1,BASELINE,8,116264433,Calculation Time [millis],0.0,0.0,0.08,790.0,9360,0.0
2026-05-08T17:23:16.372032800Z,TaxiAlgorithmP2PCollector,0,20000,10,50,1,nearest,1,4,1,BASELINE,8,116264433,Custom Time [micros],0.0,0.0,0.0,0.0,9360,0.0
2026-05-08T17:23:17.427624Z,TaxiAlgorithmP2PCollector,0,20000,10,50,1,nearest,1,4,1,BASELINE,9,116264434,Taxi Travel Distance [km],101.25,187.76,154.25,1542.52,10,86.50999999999999
2026-05-08T17:23:17.427624Z,TaxiAlgorithmP2PCollector,0,20000,10,50,1,nearest,1,4,1,BASELINE,9,116264434,Client Waiting Time [min],2.4,96.72,27.94,1340.92,48,94.32
2026-05-08T17:23:17.427624Z,TaxiAlgorithmP2PCollector,0,20000,10,50,1,nearest,1,4,1,BASELINE,9,116264434,Client Travel Time [min],243.0,6446.0,2608.48,130424.0,50,6203.0
2026-05-08T17:23:17.427624Z,TaxiAlgorithmP2PCollector,0,20000,10,50,1,nearest,1,4,1,BASELINE,9,116264434,Calculation Time [millis],0.0,26.0,0.09,917.0,10170,26.0
2026-05-08T17:23:17.427624Z,TaxiAlgorithmP2PCollector,0,20000,10,50,1,nearest,1,4,1,BASELINE,9,116264434,Custom Time [micros],0.0,0.0,0.0,0.0,10170,0.0
2026-05-08T17:23:18.339682Z,TaxiAlgorithmP2PCollector,0,20000,10,50,1,nearest,1,4,1,BASELINE,10,116264435,Taxi Travel Distance [km],149.84,190.55,169.69,1696.89,10,40.71000000000001
2026-05-08T17:23:18.339682Z,TaxiAlgorithmP2PCollector,0,20000,10,50,1,nearest,1,4,1,BASELINE,10,116264435,Client Waiting Time [min],0.58,71.18,22.28,1113.85,50,70.60000000000001
2026-05-08T17:23:18.339682Z,TaxiAlgorithmP2PCollector,0,20000,10,50,1,nearest,1,4,1,BASELINE,10,116264435,Client Travel Time [min],552.0,4716.0,2240.34,112017.0,50,4164.0
2026-05-08T17:23:18.339682Z,TaxiAlgorithmP2PCollector,0,20000,10,50,1,nearest,1,4,1,BASELINE,10,116264435,Calculation Time [millis],0.0,0.0,0.09,788.0,9156,0.0
2026-05-08T17:23:18.339682Z,TaxiAlgorithmP2PCollector,0,20000,10,50,1,nearest,1,4,1,BASELINE,10,116264435,Custom Time [micros],0.0,0.0,0.0,0.0,9156,0.0
2026-05-08T17:23:19.814025800Z,TaxiAlgorithmP2PCollector,0,20000,20,50,1,nearest,1,4,1,BASELINE,1,116264426,Taxi Travel Distance [km],32.64,135.63,102.77,2055.48,20,102.99
2026-05-08T17:23:19.814025800Z,TaxiAlgorithmP2PCollector,0,20000,20,50,1,nearest,1,4,1,BASELINE,1,116264426,Client Waiting Time [min],1.43,50.0,9.39,469.37,50,48.57
2026-05-08T17:23:19.814025800Z,TaxiAlgorithmP2PCollector,0,20000,20,50,1,nearest,1,4,1,BASELINE,1,116264426,Client Travel Time [min],319.0,3256.0,1414.76,70738.0,50,2937.0
2026-05-08T17:23:19.814025800Z,TaxiAlgorithmP2PCollector,0,20000,20,50,1,nearest,1,4,1,BASELINE,1,116264426,Calculation Time [millis],0.0,23.0,0.19,1332.0,6929,23.0
2026-05-08T17:23:19.814025800Z,TaxiAlgorithmP2PCollector,0,20000,20,50,1,nearest,1,4,1,BASELINE,1,116264426,Custom Time [micros],0.0,0.0,0.0,0.0,6929,0.0
2026-05-08T17:23:21.415075500Z,TaxiAlgorithmP2PCollector,0,20000,20,50,1,nearest,1,4,1,BASELINE,2,116264427,Taxi Travel Distance [km],75.03,132.5,102.98,2059.6,20,57.47
2026-05-08T17:23:21.415075500Z,TaxiAlgorithmP2PCollector,0,20000,20,50,1,nearest,1,4,1,BASELINE,2,116264427,Client Waiting Time [min],2.05,38.77,10.91,534.42,49,36.720000000000006
2026-05-08T17:23:21.415075500Z,TaxiAlgorithmP2PCollector,0,20000,20,50,1,nearest,1,4,1,BASELINE,2,116264427,Client Travel Time [min],416.0,4281.0,1530.66,76533.0,50,3865.0
2026-05-08T17:23:21.415075500Z,TaxiAlgorithmP2PCollector,0,20000,20,50,1,nearest,1,4,1,BASELINE,2,116264427,Calculation Time [millis],0.0,32.0,0.2,1414.0,6911,32.0
2026-05-08T17:23:21.415075500Z,TaxiAlgorithmP2PCollector,0,20000,20,50,1,nearest,1,4,1,BASELINE,2,116264427,Custom Time [micros],0.0,0.0,0.0,0.0,6911,0.0
2026-05-08T17:23:23.328343Z,TaxiAlgorithmP2PCollector,0,20000,20,50,1,nearest,1,4,1,BASELINE,3,116264428,Taxi Travel Distance [km],27.18,156.32,96.54,1930.75,20,129.14
2026-05-08T17:23:23.328343Z,TaxiAlgorithmP2PCollector,0,20000,20,50,1,nearest,1,4,1,BASELINE,3,116264428,Client Waiting Time [min],0.38,39.53,11.13,556.47,50,39.15
2026-05-08T17:23:23.328343Z,TaxiAlgorithmP2PCollector,0,20000,20,50,1,nearest,1,4,1,BASELINE,3,116264428,Client Travel Time [min],282.0,2962.0,1548.02,77401.0,50,2680.0
2026-05-08T17:23:23.328343Z,TaxiAlgorithmP2PCollector,0,20000,20,50,1,nearest,1,4,1,BASELINE,3,116264428,Calculation Time [millis],0.0,33.0,0.22,1737.0,7819,33.0
2026-05-08T17:23:23.328343Z,TaxiAlgorithmP2PCollector,0,20000,20,50,1,nearest,1,4,1,BASELINE,3,116264428,Custom Time [micros],0.0,0.0,0.0,0.0,7819,0.0
2026-05-08T17:23:25.904250900Z,TaxiAlgorithmP2PCollector,0,20000,20,50,1,nearest,1,4,1,BASELINE,4,116264429,Taxi Travel Distance [km],4.69,147.77,100.22,2004.47,20,143.08
2026-05-08T17:23:25.904250900Z,TaxiAlgorithmP2PCollector,0,20000,20,50,1,nearest,1,4,1,BASELINE,4,116264429,Client Waiting Time [min],1.28,56.9,11.56,578.18,50,55.62
2026-05-08T17:23:25.904250900Z,TaxiAlgorithmP2PCollector,0,20000,20,50,1,nearest,1,4,1,BASELINE,4,116264429,Client Travel Time [min],389.0,4192.0,1528.92,76446.0,50,3803.0
2026-05-08T17:23:25.904250900Z,TaxiAlgorithmP2PCollector,0,20000,20,50,1,nearest,1,4,1,BASELINE,4,116264429,Calculation Time [millis],0.0,71.0,0.32,2371.0,7501,71.0
2026-05-08T17:23:25.904250900Z,TaxiAlgorithmP2PCollector,0,20000,20,50,1,nearest,1,4,1,BASELINE,4,116264429,Custom Time [micros],0.0,0.0,0.0,0.0,7501,0.0
2026-05-08T17:23:27.422281400Z,TaxiAlgorithmP2PCollector,0,20000,20,50,1,nearest,1,4,1,BASELINE,5,116264430,Taxi Travel Distance [km],11.7,131.37,93.67,1873.46,20,119.67
2026-05-08T17:23:27.422281400Z,TaxiAlgorithmP2PCollector,0,20000,20,50,1,nearest,1,4,1,BASELINE,5,116264430,Client Waiting Time [min],1.45,29.58,9.08,453.9,50,28.13
2026-05-08T17:23:27.422281400Z,TaxiAlgorithmP2PCollector,0,20000,20,50,1,nearest,1,4,1,BASELINE,5,116264430,Client Travel Time [min],521.0,2862.0,1537.58,76879.0,50,2341.0
2026-05-08T17:23:27.422281400Z,TaxiAlgorithmP2PCollector,0,20000,20,50,1,nearest,1,4,1,BASELINE,5,116264430,Calculation Time [millis],0.0,1.0,0.2,1411.0,6973,1.0
2026-05-08T17:23:27.422281400Z,TaxiAlgorithmP2PCollector,0,20000,20,50,1,nearest,1,4,1,BASELINE,5,116264430,Custom Time [micros],0.0,0.0,0.0,0.0,6973,0.0
2026-05-08T17:23:29.933462800Z,TaxiAlgorithmP2PCollector,0,20000,20,50,1,nearest,1,4,1,BASELINE,6,116264431,Taxi Travel Distance [km],88.51,153.25,130.86,2617.26,20,64.74
2026-05-08T17:23:29.933462800Z,TaxiAlgorithmP2PCollector,0,20000,20,50,1,nearest,1,4,1,BASELINE,6,116264431,Client Waiting Time [min],1.87,38.42,10.48,523.93,50,36.550000000000004
2026-05-08T17:23:29.933462800Z,TaxiAlgorithmP2PCollector,0,20000,20,50,1,nearest,1,4,1,BASELINE,6,116264431,Client Travel Time [min],386.0,3475.0,1644.62,82231.0,50,3089.0
2026-05-08T17:23:29.933462800Z,TaxiAlgorithmP2PCollector,0,20000,20,50,1,nearest,1,4,1,BASELINE,6,116264431,Calculation Time [millis],0.0,59.0,0.3,2279.0,7600,59.0
2026-05-08T17:23:29.933462800Z,TaxiAlgorithmP2PCollector,0,20000,20,50,1,nearest,1,4,1,BASELINE,6,116264431,Custom Time [micros],0.0,0.0,0.0,0.0,7600,0.0
2026-05-08T17:23:31.794570900Z,TaxiAlgorithmP2PCollector,0,20000,20,50,1,nearest,1,4,1,BASELINE,7,116264432,Taxi Travel Distance [km],40.84,143.87,94.6,1891.93,20,103.03
2026-05-08T17:23:31.794570900Z,TaxiAlgorithmP2PCollector,0,20000,20,50,1,nearest,1,4,1,BASELINE,7,116264432,Client Waiting Time [min],0.1,34.2,8.24,411.78,50,34.1
2026-05-08T17:23:31.794570900Z,TaxiAlgorithmP2PCollector,0,20000,20,50,1,nearest,1,4,1,BASELINE,7,116264432,Client Travel Time [min],160.0,2855.0,1329.62,66481.0,50,2695.0
2026-05-08T17:23:31.794570900Z,TaxiAlgorithmP2PCollector,0,20000,20,50,1,nearest,1,4,1,BASELINE,7,116264432,Calculation Time [millis],0.0,44.0,0.24,1715.0,7157,44.0
2026-05-08T17:23:31.794570900Z,TaxiAlgorithmP2PCollector,0,20000,20,50,1,nearest,1,4,1,BASELINE,7,116264432,Custom Time [micros],0.0,0.0,0.0,0.0,7157,0.0
2026-05-08T17:23:34.111201700Z,TaxiAlgorithmP2PCollector,0,20000,20,50,1,nearest,1,4,1,BASELINE,8,116264433,Taxi Travel Distance [km],1.37,139.58,100.84,2016.88,20,138.21
2026-05-08T17:23:34.111201700Z,TaxiAlgorithmP2PCollector,0,20000,20,50,1,nearest,1,4,1,BASELINE,8,116264433,Client Waiting Time [min],0.73,57.95,11.0,550.23,50,57.220000000000006
2026-05-08T17:23:34.111201700Z,TaxiAlgorithmP2PCollector,0,20000,20,50,1,nearest,1,4,1,BASELINE,8,116264433,Client Travel Time [min],326.0,3970.0,1563.6,78180.0,50,3644.0
2026-05-08T17:23:34.111201700Z,TaxiAlgorithmP2PCollector,0,20000,20,50,1,nearest,1,4,1,BASELINE,8,116264433,Calculation Time [millis],0.0,41.0,0.3,2181.0,7239,41.0
2026-05-08T17:23:34.111201700Z,TaxiAlgorithmP2PCollector,0,20000,20,50,1,nearest,1,4,1,BASELINE,8,116264433,Custom Time [micros],0.0,0.0,0.0,0.0,7239,0.0
2026-05-08T17:23:36.176246400Z,TaxiAlgorithmP2PCollector,0,20000,20,50,1,nearest,1,4,1,BASELINE,9,116264434,Taxi Travel Distance [km],8.72,157.14,95.68,1913.57,20,148.42
2026-05-08T17:23:36.176246400Z,TaxiAlgorithmP2PCollector,0,20000,20,50,1,nearest,1,4,1,BASELINE,9,116264434,Client Waiting Time [min],0.25,38.88,10.53,526.45,50,38.63
2026-05-08T17:23:36.176246400Z,TaxiAlgorithmP2PCollector,0,20000,20,50,1,nearest,1,4,1,BASELINE,9,116264434,Client Travel Time [min],91.0,3563.0,1492.08,74604.0,50,3472.0
2026-05-08T17:23:36.176246400Z,TaxiAlgorithmP2PCollector,0,20000,20,50,1,nearest,1,4,1,BASELINE,9,116264434,Calculation Time [millis],0.0,33.0,0.26,1902.0,7287,33.0
2026-05-08T17:23:36.176246400Z,TaxiAlgorithmP2PCollector,0,20000,20,50,1,nearest,1,4,1,BASELINE,9,116264434,Custom Time [micros],0.0,0.0,0.0,0.0,7287,0.0
2026-05-08T17:23:38.199340800Z,TaxiAlgorithmP2PCollector,0,20000,20,50,1,nearest,1,4,1,BASELINE,10,116264435,Taxi Travel Distance [km],77.19,151.87,111.33,2226.55,20,74.68
2026-05-08T17:23:38.199340800Z,TaxiAlgorithmP2PCollector,0,20000,20,50,1,nearest,1,4,1,BASELINE,10,116264435,Client Waiting Time [min],0.58,37.9,8.83,441.43,50,37.32
2026-05-08T17:23:38.199340800Z,TaxiAlgorithmP2PCollector,0,20000,20,50,1,nearest,1,4,1,BASELINE,10,116264435,Client Travel Time [min],212.0,3222.0,1493.42,74671.0,50,3010.0
2026-05-08T17:23:38.199340800Z,TaxiAlgorithmP2PCollector,0,20000,20,50,1,nearest,1,4,1,BASELINE,10,116264435,Calculation Time [millis],0.0,28.0,0.24,1821.0,7662,28.0
2026-05-08T17:23:38.199340800Z,TaxiAlgorithmP2PCollector,0,20000,20,50,1,nearest,1,4,1,BASELINE,10,116264435,Custom Time [micros],0.0,0.0,0.0,0.0,7662,0.0
2026-05-08T17:23:43.532458500Z,TaxiAlgorithmP2PCollector,0,20000,20,100,1,nearest,1,4,1,BASELINE,1,116264426,Taxi Travel Distance [km],184.01,377.22,293.66,5873.13,20,193.21000000000004
2026-05-08T17:23:43.532458500Z,TaxiAlgorithmP2PCollector,0,20000,20,100,1,nearest,1,4,1,BASELINE,1,116264426,Client Waiting Time [min],2.2,193.6,52.11,5158.77,99,191.4
2026-05-08T17:23:43.532458500Z,TaxiAlgorithmP2PCollector,0,20000,20,100,1,nearest,1,4,1,BASELINE,1,116264426,Client Travel Time [min],941.0,13984.0,4812.89,481289.0,100,13043.0
2026-05-08T17:23:43.532458500Z,TaxiAlgorithmP2PCollector,0,20000,20,100,1,nearest,1,4,1,BASELINE,1,116264426,Calculation Time [millis],0.0,118.0,0.3,5107.0,17157,118.0
2026-05-08T17:23:43.532458500Z,TaxiAlgorithmP2PCollector,0,20000,20,100,1,nearest,1,4,1,BASELINE,1,116264426,Custom Time [micros],0.0,0.0,0.0,0.0,17157,0.0
2026-05-08T17:23:51.258090300Z,TaxiAlgorithmP2PCollector,0,20000,20,100,1,nearest,1,4,1,BASELINE,2,116264427,Taxi Travel Distance [km],67.14,458.6,355.36,7107.24,20,391.46000000000004
2026-05-08T17:23:51.258090300Z,TaxiAlgorithmP2PCollector,0,20000,20,100,1,nearest,1,4,1,BASELINE,2,116264427,Client Waiting Time [min],1.33,319.18,79.47,7867.32,99,317.85
2026-05-08T17:23:51.258090300Z,TaxiAlgorithmP2PCollector,0,20000,20,100,1,nearest,1,4,1,BASELINE,2,116264427,Client Travel Time [min],1220.0,20531.0,6471.07,647107.0,100,19311.0
2026-05-08T17:23:51.258090300Z,TaxiAlgorithmP2PCollector,0,20000,20,100,1,nearest,1,4,1,BASELINE,2,116264427,Calculation Time [millis],0.0,185.0,0.35,7455.0,21141,185.0
2026-05-08T17:23:51.258090300Z,TaxiAlgorithmP2PCollector,0,20000,20,100,1,nearest,1,4,1,BASELINE,2,116264427,Custom Time [micros],0.0,0.0,0.0,0.0,21141,0.0
2026-05-08T17:23:56.252220900Z,TaxiAlgorithmP2PCollector,0,20000,20,100,1,nearest,1,4,1,BASELINE,3,116264428,Taxi Travel Distance [km],217.98,307.44,281.37,5627.49,20,89.46000000000001
2026-05-08T17:23:56.252220900Z,TaxiAlgorithmP2PCollector,0,20000,20,100,1,nearest,1,4,1,BASELINE,3,116264428,Client Waiting Time [min],1.02,192.62,58.08,5750.2,99,191.6
2026-05-08T17:23:56.252220900Z,TaxiAlgorithmP2PCollector,0,20000,20,100,1,nearest,1,4,1,BASELINE,3,116264428,Client Travel Time [min],719.0,12180.0,5215.95,521595.0,100,11461.0
2026-05-08T17:23:56.252220900Z,TaxiAlgorithmP2PCollector,0,20000,20,100,1,nearest,1,4,1,BASELINE,3,116264428,Calculation Time [millis],0.0,88.0,0.33,4790.0,14384,88.0
2026-05-08T17:23:56.252220900Z,TaxiAlgorithmP2PCollector,0,20000,20,100,1,nearest,1,4,1,BASELINE,3,116264428,Custom Time [micros],0.0,0.0,0.0,0.0,14384,0.0
2026-05-08T17:24:01.908708800Z,TaxiAlgorithmP2PCollector,0,20000,20,100,1,nearest,1,4,1,BASELINE,4,116264429,Taxi Travel Distance [km],237.09,349.31,285.89,5717.89,20,112.22
2026-05-08T17:24:01.908708800Z,TaxiAlgorithmP2PCollector,0,20000,20,100,1,nearest,1,4,1,BASELINE,4,116264429,Client Waiting Time [min],0.85,176.4,60.05,5944.55,99,175.55
2026-05-08T17:24:01.908708800Z,TaxiAlgorithmP2PCollector,0,20000,20,100,1,nearest,1,4,1,BASELINE,4,116264429,Client Travel Time [min],691.0,13193.0,5372.17,537217.0,100,12502.0
2026-05-08T17:24:01.908708800Z,TaxiAlgorithmP2PCollector,0,20000,20,100,1,nearest,1,4,1,BASELINE,4,116264429,Calculation Time [millis],0.0,84.0,0.33,5247.0,15894,84.0
2026-05-08T17:24:01.908708800Z,TaxiAlgorithmP2PCollector,0,20000,20,100,1,nearest,1,4,1,BASELINE,4,116264429,Custom Time [micros],0.0,0.0,0.0,0.0,15894,0.0
2026-05-08T17:24:07.168579600Z,TaxiAlgorithmP2PCollector,0,20000,20,100,1,nearest,1,4,1,BASELINE,5,116264430,Taxi Travel Distance [km],236.86,338.24,291.97,5839.32,20,101.38
2026-05-08T17:24:07.168579600Z,TaxiAlgorithmP2PCollector,0,20000,20,100,1,nearest,1,4,1,BASELINE,5,116264430,Client Waiting Time [min],0.72,187.72,59.07,5847.53,99,187.0
2026-05-08T17:24:07.168579600Z,TaxiAlgorithmP2PCollector,0,20000,20,100,1,nearest,1,4,1,BASELINE,5,116264430,Client Travel Time [min],864.0,12842.0,5367.72,536772.0,100,11978.0
2026-05-08T17:24:07.168579600Z,TaxiAlgorithmP2PCollector,0,20000,20,100,1,nearest,1,4,1,BASELINE,5,116264430,Calculation Time [millis],0.0,114.0,0.32,5060.0,15581,114.0
2026-05-08T17:24:07.168579600Z,TaxiAlgorithmP2PCollector,0,20000,20,100,1,nearest,1,4,1,BASELINE,5,116264430,Custom Time [micros],0.0,0.0,0.0,0.0,15581,0.0
2026-05-08T17:24:12.506640500Z,TaxiAlgorithmP2PCollector,0,20000,20,100,1,nearest,1,4,1,BASELINE,6,116264431,Taxi Travel Distance [km],131.4,329.54,282.65,5652.91,20,198.14000000000001
2026-05-08T17:24:12.506640500Z,TaxiAlgorithmP2PCollector,0,20000,20,100,1,nearest,1,4,1,BASELINE,6,116264431,Client Waiting Time [min],1.57,203.23,57.3,5672.63,99,201.66
2026-05-08T17:24:12.506640500Z,TaxiAlgorithmP2PCollector,0,20000,20,100,1,nearest,1,4,1,BASELINE,6,116264431,Client Travel Time [min],839.0,12651.0,5153.74,515374.0,100,11812.0
2026-05-08T17:24:12.506640500Z,TaxiAlgorithmP2PCollector,0,20000,20,100,1,nearest,1,4,1,BASELINE,6,116264431,Calculation Time [millis],0.0,115.0,0.33,5134.0,15677,115.0
2026-05-08T17:24:12.506640500Z,TaxiAlgorithmP2PCollector,0,20000,20,100,1,nearest,1,4,1,BASELINE,6,116264431,Custom Time [micros],0.0,0.0,0.0,0.0,15677,0.0
2026-05-08T17:24:18.256596100Z,TaxiAlgorithmP2PCollector,0,20000,20,100,1,nearest,1,4,1,BASELINE,7,116264432,Taxi Travel Distance [km],193.74,357.76,292.71,5854.2,20,164.01999999999998
2026-05-08T17:24:18.256596100Z,TaxiAlgorithmP2PCollector,0,20000,20,100,1,nearest,1,4,1,BASELINE,7,116264432,Client Waiting Time [min],0.82,203.42,59.77,5857.58,98,202.6
2026-05-08T17:24:18.256596100Z,TaxiAlgorithmP2PCollector,0,20000,20,100,1,nearest,1,4,1,BASELINE,7,116264432,Client Travel Time [min],617.0,13696.0,5274.12,527412.0,100,13079.0
2026-05-08T17:24:18.256596100Z,TaxiAlgorithmP2PCollector,0,20000,20,100,1,nearest,1,4,1,BASELINE,7,116264432,Calculation Time [millis],0.0,119.0,0.34,5579.0,16235,119.0
2026-05-08T17:24:18.256596100Z,TaxiAlgorithmP2PCollector,0,20000,20,100,1,nearest,1,4,1,BASELINE,7,116264432,Custom Time [micros],0.0,0.0,0.0,0.0,16235,0.0
2026-05-08T17:24:24.199660400Z,TaxiAlgorithmP2PCollector,0,20000,20,100,1,nearest,1,4,1,BASELINE,8,116264433,Taxi Travel Distance [km],245.75,340.4,312.5,6250.0,20,94.64999999999998
2026-05-08T17:24:24.199660400Z,TaxiAlgorithmP2PCollector,0,20000,20,100,1,nearest,1,4,1,BASELINE,8,116264433,Client Waiting Time [min],1.23,216.52,61.93,6006.95,97,215.29000000000002
2026-05-08T17:24:24.199660400Z,TaxiAlgorithmP2PCollector,0,20000,20,100,1,nearest,1,4,1,BASELINE,8,116264433,Client Travel Time [min],910.0,13498.0,5597.41,559741.0,100,12588.0
2026-05-08T17:24:24.199660400Z,TaxiAlgorithmP2PCollector,0,20000,20,100,1,nearest,1,4,1,BASELINE,8,116264433,Calculation Time [millis],0.0,119.0,0.36,5697.0,15811,119.0
2026-05-08T17:24:24.199660400Z,TaxiAlgorithmP2PCollector,0,20000,20,100,1,nearest,1,4,1,BASELINE,8,116264433,Custom Time [micros],0.0,0.0,0.0,0.0,15811,0.0
2026-05-08T17:24:31.281811900Z,TaxiAlgorithmP2PCollector,0,20000,20,100,1,nearest,1,4,1,BASELINE,9,116264434,Taxi Travel Distance [km],197.22,439.6,342.1,6842.06,20,242.38000000000002
2026-05-08T17:24:31.281811900Z,TaxiAlgorithmP2PCollector,0,20000,20,100,1,nearest,1,4,1,BASELINE,9,116264434,Client Waiting Time [min],0.97,274.07,56.84,5570.13,98,273.09999999999997
2026-05-08T17:24:31.281811900Z,TaxiAlgorithmP2PCollector,0,20000,20,100,1,nearest,1,4,1,BASELINE,9,116264434,Client Travel Time [min],460.0,18049.0,5106.79,510679.0,100,17589.0
2026-05-08T17:24:31.281811900Z,TaxiAlgorithmP2PCollector,0,20000,20,100,1,nearest,1,4,1,BASELINE,9,116264434,Calculation Time [millis],0.0,147.0,0.34,6821.0,20005,147.0
2026-05-08T17:24:31.281811900Z,TaxiAlgorithmP2PCollector,0,20000,20,100,1,nearest,1,4,1,BASELINE,9,116264434,Custom Time [micros],0.0,0.0,0.0,0.0,20005,0.0
2026-05-08T17:24:36.906997300Z,TaxiAlgorithmP2PCollector,0,20000,20,100,1,nearest,1,4,1,BASELINE,10,116264435,Taxi Travel Distance [km],178.76,354.42,288.62,5772.43,20,175.66000000000003
2026-05-08T17:24:36.906997300Z,TaxiAlgorithmP2PCollector,0,20000,20,100,1,nearest,1,4,1,BASELINE,10,116264435,Client Waiting Time [min],1.73,222.7,67.79,6643.8,98,220.97
2026-05-08T17:24:36.906997300Z,TaxiAlgorithmP2PCollector,0,20000,20,100,1,nearest,1,4,1,BASELINE,10,116264435,Client Travel Time [min],334.0,15662.0,5706.49,570649.0,100,15328.0
2026-05-08T17:24:36.906997300Z,TaxiAlgorithmP2PCollector,0,20000,20,100,1,nearest,1,4,1,BASELINE,10,116264435,Calculation Time [millis],0.0,129.0,0.33,5394.0,16574,129.0
2026-05-08T17:24:36.906997300Z,TaxiAlgorithmP2PCollector,0,20000,20,100,1,nearest,1,4,1,BASELINE,10,116264435,Custom Time [micros],0.0,0.0,0.0,0.0,16574,0.0
2026-05-08T17:24:37.726053300Z,TaxiAlgorithmP2PCollector,1,1000,5,25,1,nearest,1,4,1,BASELINE,1,116264426,Taxi Travel Distance [km],13.42,160.8,74.85,374.24,5,147.38000000000002
2026-05-08T17:24:37.726053300Z,TaxiAlgorithmP2PCollector,1,1000,5,25,1,nearest,1,4,1,BASELINE,1,116264426,Client Waiting Time [min],0.3,72.88,29.52,265.67,9,72.58
2026-05-08T17:24:37.726053300Z,TaxiAlgorithmP2PCollector,1,1000,5,25,1,nearest,1,4,1,BASELINE,1,116264426,Client Travel Time [min],645.0,16466.0,5911.08,147777.0,25,15821.0
2026-05-08T17:24:37.726053300Z,TaxiAlgorithmP2PCollector,1,1000,5,25,1,nearest,1,4,1,BASELINE,1,116264426,Calculation Time [millis],0.0,7.0,0.04,695.0,18747,7.0
2026-05-08T17:24:37.726053300Z,TaxiAlgorithmP2PCollector,1,1000,5,25,1,nearest,1,4,1,BASELINE,1,116264426,Custom Time [micros],0.0,0.0,0.0,0.0,18747,0.0
2026-05-08T17:24:38.559823400Z,TaxiAlgorithmP2PCollector,1,1000,5,25,1,nearest,1,4,1,BASELINE,2,116264427,Taxi Travel Distance [km],15.68,85.03,48.4,241.99,5,69.35
2026-05-08T17:24:38.559823400Z,TaxiAlgorithmP2PCollector,1,1000,5,25,1,nearest,1,4,1,BASELINE,2,116264427,Client Waiting Time [min],2.82,33.25,22.33,111.63,5,30.43
2026-05-08T17:24:38.559823400Z,TaxiAlgorithmP2PCollector,1,1000,5,25,1,nearest,1,4,1,BASELINE,2,116264427,Client Travel Time [min],808.0,16642.0,8742.12,218553.0,25,15834.0
2026-05-08T17:24:38.559823400Z,TaxiAlgorithmP2PCollector,1,1000,5,25,1,nearest,1,4,1,BASELINE,2,116264427,Calculation Time [millis],0.0,35.0,0.04,707.0,20197,35.0
2026-05-08T17:24:38.559823400Z,TaxiAlgorithmP2PCollector,1,1000,5,25,1,nearest,1,4,1,BASELINE,2,116264427,Custom Time [micros],0.0,0.0,0.0,0.0,20197,0.0
2026-05-08T17:24:39.284821300Z,TaxiAlgorithmP2PCollector,1,1000,5,25,1,nearest,1,4,1,BASELINE,3,116264428,Taxi Travel Distance [km],2.99,152.99,76.15,380.75,5,150.0
2026-05-08T17:24:39.284821300Z,TaxiAlgorithmP2PCollector,1,1000,5,25,1,nearest,1,4,1,BASELINE,3,116264428,Client Waiting Time [min],32.1,103.42,62.97,503.75,8,71.32
2026-05-08T17:24:39.284821300Z,TaxiAlgorithmP2PCollector,1,1000,5,25,1,nearest,1,4,1,BASELINE,3,116264428,Client Travel Time [min],2197.0,15182.0,7866.04,196651.0,25,12985.0
2026-05-08T17:24:39.284821300Z,TaxiAlgorithmP2PCollector,1,1000,5,25,1,nearest,1,4,1,BASELINE,3,116264428,Calculation Time [millis],0.0,0.0,0.03,640.0,19385,0.0
2026-05-08T17:24:39.284821300Z,TaxiAlgorithmP2PCollector,1,1000,5,25,1,nearest,1,4,1,BASELINE,3,116264428,Custom Time [micros],0.0,0.0,0.0,0.0,19385,0.0
2026-05-08T17:24:40.035821100Z,TaxiAlgorithmP2PCollector,1,1000,5,25,1,nearest,1,4,1,BASELINE,4,116264429,Taxi Travel Distance [km],10.89,129.31,56.11,280.55,5,118.42
2026-05-08T17:24:40.035821100Z,TaxiAlgorithmP2PCollector,1,1000,5,25,1,nearest,1,4,1,BASELINE,4,116264429,Client Waiting Time [min],2.43,278.23,53.78,430.23,8,275.8
2026-05-08T17:24:40.035821100Z,TaxiAlgorithmP2PCollector,1,1000,5,25,1,nearest,1,4,1,BASELINE,4,116264429,Client Travel Time [min],808.0,16697.0,6743.92,168598.0,25,15889.0
2026-05-08T17:24:40.035821100Z,TaxiAlgorithmP2PCollector,1,1000,5,25,1,nearest,1,4,1,BASELINE,4,116264429,Calculation Time [millis],0.0,0.0,0.03,620.0,18560,0.0
2026-05-08T17:24:40.035821100Z,TaxiAlgorithmP2PCollector,1,1000,5,25,1,nearest,1,4,1,BASELINE,4,116264429,Custom Time [micros],0.0,0.0,0.0,0.0,18560,0.0
2026-05-08T17:24:40.800487800Z,TaxiAlgorithmP2PCollector,1,1000,5,25,1,nearest,1,4,1,BASELINE,5,116264430,Taxi Travel Distance [km],8.25,78.93,42.94,214.71,5,70.68
2026-05-08T17:24:40.800487800Z,TaxiAlgorithmP2PCollector,1,1000,5,25,1,nearest,1,4,1,BASELINE,5,116264430,Client Waiting Time [min],7.57,27.28,18.86,56.57,3,19.71
2026-05-08T17:24:40.800487800Z,TaxiAlgorithmP2PCollector,1,1000,5,25,1,nearest,1,4,1,BASELINE,5,116264430,Client Travel Time [min],1117.0,14554.0,8785.64,219641.0,25,13437.0
2026-05-08T17:24:40.800487800Z,TaxiAlgorithmP2PCollector,1,1000,5,25,1,nearest,1,4,1,BASELINE,5,116264430,Calculation Time [millis],0.0,37.0,0.03,647.0,18871,37.0
2026-05-08T17:24:40.800487800Z,TaxiAlgorithmP2PCollector,1,1000,5,25,1,nearest,1,4,1,BASELINE,5,116264430,Custom Time [micros],0.0,0.0,0.0,0.0,18871,0.0
2026-05-08T17:24:41.435487600Z,TaxiAlgorithmP2PCollector,1,1000,5,25,1,nearest,1,4,1,BASELINE,6,116264431,Taxi Travel Distance [km],79.17,157.34,104.04,520.2,5,78.17
2026-05-08T17:24:41.435487600Z,TaxiAlgorithmP2PCollector,1,1000,5,25,1,nearest,1,4,1,BASELINE,6,116264431,Client Waiting Time [min],0.73,56.28,20.98,314.68,15,55.550000000000004
2026-05-08T17:24:41.435487600Z,TaxiAlgorithmP2PCollector,1,1000,5,25,1,nearest,1,4,1,BASELINE,6,116264431,Client Travel Time [min],259.0,15326.0,4774.36,119359.0,25,15067.0
2026-05-08T17:24:41.435487600Z,TaxiAlgorithmP2PCollector,1,1000,5,25,1,nearest,1,4,1,BASELINE,6,116264431,Calculation Time [millis],0.0,0.0,0.03,557.0,17619,0.0
2026-05-08T17:24:41.435487600Z,TaxiAlgorithmP2PCollector,1,1000,5,25,1,nearest,1,4,1,BASELINE,6,116264431,Custom Time [micros],0.0,0.0,0.0,0.0,17619,0.0
2026-05-08T17:24:42.193485700Z,TaxiAlgorithmP2PCollector,1,1000,5,25,1,nearest,1,4,1,BASELINE,7,116264432,Taxi Travel Distance [km],38.64,208.48,102.77,513.84,5,169.83999999999997
2026-05-08T17:24:42.193485700Z,TaxiAlgorithmP2PCollector,1,1000,5,25,1,nearest,1,4,1,BASELINE,7,116264432,Client Waiting Time [min],0.28,187.08,40.35,645.55,16,186.8
2026-05-08T17:24:42.193485700Z,TaxiAlgorithmP2PCollector,1,1000,5,25,1,nearest,1,4,1,BASELINE,7,116264432,Client Travel Time [min],160.0,14879.0,5612.28,140307.0,25,14719.0
2026-05-08T17:24:42.193485700Z,TaxiAlgorithmP2PCollector,1,1000,5,25,1,nearest,1,4,1,BASELINE,7,116264432,Calculation Time [millis],0.0,16.0,0.03,643.0,19379,16.0
2026-05-08T17:24:42.193485700Z,TaxiAlgorithmP2PCollector,1,1000,5,25,1,nearest,1,4,1,BASELINE,7,116264432,Custom Time [micros],0.0,0.0,0.0,0.0,19379,0.0
2026-05-08T17:24:43.089498900Z,TaxiAlgorithmP2PCollector,1,1000,5,25,1,nearest,1,4,1,BASELINE,8,116264433,Taxi Travel Distance [km],26.25,137.97,98.5,492.48,5,111.72
2026-05-08T17:24:43.089498900Z,TaxiAlgorithmP2PCollector,1,1000,5,25,1,nearest,1,4,1,BASELINE,8,116264433,Client Waiting Time [min],0.7,54.43,17.46,261.83,15,53.73
2026-05-08T17:24:43.089498900Z,TaxiAlgorithmP2PCollector,1,1000,5,25,1,nearest,1,4,1,BASELINE,8,116264433,Client Travel Time [min],428.0,17832.0,4782.84,119571.0,25,17404.0
2026-05-08T17:24:43.089498900Z,TaxiAlgorithmP2PCollector,1,1000,5,25,1,nearest,1,4,1,BASELINE,8,116264433,Calculation Time [millis],0.0,41.0,0.03,773.0,22368,41.0
2026-05-08T17:24:43.089498900Z,TaxiAlgorithmP2PCollector,1,1000,5,25,1,nearest,1,4,1,BASELINE,8,116264433,Custom Time [micros],0.0,0.0,0.0,0.0,22368,0.0
2026-05-08T17:24:43.950498300Z,TaxiAlgorithmP2PCollector,1,1000,5,25,1,nearest,1,4,1,BASELINE,9,116264434,Taxi Travel Distance [km],4.9,35.87,15.96,79.81,5,30.97
2026-05-08T17:24:43.950498300Z,TaxiAlgorithmP2PCollector,1,1000,5,25,1,nearest,1,4,1,BASELINE,9,116264434,Client Waiting Time [min],0.18,8.43,4.31,8.62,2,8.25
2026-05-08T17:24:43.950498300Z,TaxiAlgorithmP2PCollector,1,1000,5,25,1,nearest,1,4,1,BASELINE,9,116264434,Client Travel Time [min],197.0,17584.0,7989.16,199729.0,25,17387.0
2026-05-08T17:24:43.950498300Z,TaxiAlgorithmP2PCollector,1,1000,5,25,1,nearest,1,4,1,BASELINE,9,116264434,Calculation Time [millis],0.0,0.0,0.04,746.0,20347,0.0
2026-05-08T17:24:43.950498300Z,TaxiAlgorithmP2PCollector,1,1000,5,25,1,nearest,1,4,1,BASELINE,9,116264434,Custom Time [micros],0.0,0.0,0.0,0.0,20347,0.0
2026-05-08T17:24:44.588496700Z,TaxiAlgorithmP2PCollector,1,1000,5,25,1,nearest,1,4,1,BASELINE,10,116264435,Taxi Travel Distance [km],25.82,195.06,142.24,711.19,5,169.24
2026-05-08T17:24:44.588496700Z,TaxiAlgorithmP2PCollector,1,1000,5,25,1,nearest,1,4,1,BASELINE,10,116264435,Client Waiting Time [min],0.6,126.38,37.18,669.17,18,125.78
2026-05-08T17:24:44.588496700Z,TaxiAlgorithmP2PCollector,1,1000,5,25,1,nearest,1,4,1,BASELINE,10,116264435,Client Travel Time [min],372.0,11126.0,3929.04,98226.0,25,10754.0
2026-05-08T17:24:44.588496700Z,TaxiAlgorithmP2PCollector,1,1000,5,25,1,nearest,1,4,1,BASELINE,10,116264435,Calculation Time [millis],0.0,27.0,0.03,527.0,15334,27.0
2026-05-08T17:24:44.588496700Z,TaxiAlgorithmP2PCollector,1,1000,5,25,1,nearest,1,4,1,BASELINE,10,116264435,Custom Time [micros],0.0,0.0,0.0,0.0,15334,0.0
2026-05-08T17:24:46.990496Z,TaxiAlgorithmP2PCollector,1,1000,10,25,1,nearest,1,4,1,BASELINE,1,116264426,Taxi Travel Distance [km],6.88,194.86,79.69,796.91,10,187.98000000000002
2026-05-08T17:24:46.990496Z,TaxiAlgorithmP2PCollector,1,1000,10,25,1,nearest,1,4,1,BASELINE,1,116264426,Client Waiting Time [min],0.55,153.7,40.2,522.6,13,153.14999999999998
2026-05-08T17:24:46.990496Z,TaxiAlgorithmP2PCollector,1,1000,10,25,1,nearest,1,4,1,BASELINE,1,116264426,Client Travel Time [min],660.0,16382.0,5578.24,139456.0,25,15722.0
2026-05-08T17:24:46.990496Z,TaxiAlgorithmP2PCollector,1,1000,10,25,1,nearest,1,4,1,BASELINE,1,116264426,Calculation Time [millis],0.0,50.0,0.12,2263.0,18747,50.0
2026-05-08T17:24:46.990496Z,TaxiAlgorithmP2PCollector,1,1000,10,25,1,nearest,1,4,1,BASELINE,1,116264426,Custom Time [micros],0.0,0.0,0.0,0.0,18747,0.0
2026-05-08T17:24:49.431542300Z,TaxiAlgorithmP2PCollector,1,1000,10,25,1,nearest,1,4,1,BASELINE,2,116264427,Taxi Travel Distance [km],20.64,210.56,75.65,756.52,10,189.92000000000002
2026-05-08T17:24:49.431542300Z,TaxiAlgorithmP2PCollector,1,1000,10,25,1,nearest,1,4,1,BASELINE,2,116264427,Client Waiting Time [min],1.78,82.97,45.07,676.12,15,81.19
2026-05-08T17:24:49.431542300Z,TaxiAlgorithmP2PCollector,1,1000,10,25,1,nearest,1,4,1,BASELINE,2,116264427,Client Travel Time [min],317.0,16821.0,6601.12,165028.0,25,16504.0
2026-05-08T17:24:49.431542300Z,TaxiAlgorithmP2PCollector,1,1000,10,25,1,nearest,1,4,1,BASELINE,2,116264427,Calculation Time [millis],0.0,63.0,0.11,2247.0,20197,63.0
2026-05-08T17:24:49.431542300Z,TaxiAlgorithmP2PCollector,1,1000,10,25,1,nearest,1,4,1,BASELINE,2,116264427,Custom Time [micros],0.0,0.0,0.0,0.0,20197,0.0
2026-05-08T17:24:51.492301500Z,TaxiAlgorithmP2PCollector,1,1000,10,25,1,nearest,1,4,1,BASELINE,3,116264428,Taxi Travel Distance [km],3.38,179.43,82.13,821.32,10,176.05
2026-05-08T17:24:51.492301500Z,TaxiAlgorithmP2PCollector,1,1000,10,25,1,nearest,1,4,1,BASELINE,3,116264428,Client Waiting Time [min],0.32,92.68,28.67,516.08,18,92.36000000000001
2026-05-08T17:24:51.492301500Z,TaxiAlgorithmP2PCollector,1,1000,10,25,1,nearest,1,4,1,BASELINE,3,116264428,Client Travel Time [min],446.0,15112.0,3996.48,99912.0,25,14666.0
2026-05-08T17:24:51.492301500Z,TaxiAlgorithmP2PCollector,1,1000,10,25,1,nearest,1,4,1,BASELINE,3,116264428,Calculation Time [millis],0.0,45.0,0.11,1929.0,18288,45.0
2026-05-08T17:24:51.492301500Z,TaxiAlgorithmP2PCollector,1,1000,10,25,1,nearest,1,4,1,BASELINE,3,116264428,Custom Time [micros],0.0,0.0,0.0,0.0,18288,0.0
2026-05-08T17:24:53.322424300Z,TaxiAlgorithmP2PCollector,1,1000,10,25,1,nearest,1,4,1,BASELINE,4,116264429,Taxi Travel Distance [km],10.03,172.23,70.03,700.33,10,162.2
2026-05-08T17:24:53.322424300Z,TaxiAlgorithmP2PCollector,1,1000,10,25,1,nearest,1,4,1,BASELINE,4,116264429,Client Waiting Time [min],0.48,82.28,20.79,374.22,18,81.8
2026-05-08T17:24:53.322424300Z,TaxiAlgorithmP2PCollector,1,1000,10,25,1,nearest,1,4,1,BASELINE,4,116264429,Client Travel Time [min],434.0,12004.0,3046.64,76166.0,25,11570.0
2026-05-08T17:24:53.322424300Z,TaxiAlgorithmP2PCollector,1,1000,10,25,1,nearest,1,4,1,BASELINE,4,116264429,Calculation Time [millis],0.0,20.0,0.1,1648.0,16014,20.0
2026-05-08T17:24:53.322424300Z,TaxiAlgorithmP2PCollector,1,1000,10,25,1,nearest,1,4,1,BASELINE,4,116264429,Custom Time [micros],0.0,0.0,0.0,0.0,16014,0.0
2026-05-08T17:24:55.380520800Z,TaxiAlgorithmP2PCollector,1,1000,10,25,1,nearest,1,4,1,BASELINE,5,116264430,Taxi Travel Distance [km],1.35,230.42,90.39,903.88,10,229.07
2026-05-08T17:24:55.380520800Z,TaxiAlgorithmP2PCollector,1,1000,10,25,1,nearest,1,4,1,BASELINE,5,116264430,Client Waiting Time [min],4.27,164.98,32.45,616.52,19,160.70999999999998
2026-05-08T17:24:55.380520800Z,TaxiAlgorithmP2PCollector,1,1000,10,25,1,nearest,1,4,1,BASELINE,5,116264430,Client Travel Time [min],691.0,14554.0,3778.08,94452.0,25,13863.0
2026-05-08T17:24:55.380520800Z,TaxiAlgorithmP2PCollector,1,1000,10,25,1,nearest,1,4,1,BASELINE,5,116264430,Calculation Time [millis],0.0,51.0,0.1,1853.0,18871,51.0
2026-05-08T17:24:55.380520800Z,TaxiAlgorithmP2PCollector,1,1000,10,25,1,nearest,1,4,1,BASELINE,5,116264430,Custom Time [micros],0.0,0.0,0.0,0.0,18871,0.0
2026-05-08T17:24:57.770794200Z,TaxiAlgorithmP2PCollector,1,1000,10,25,1,nearest,1,4,1,BASELINE,6,116264431,Taxi Travel Distance [km],5.13,148.6,64.07,640.71,10,143.47
2026-05-08T17:24:57.770794200Z,TaxiAlgorithmP2PCollector,1,1000,10,25,1,nearest,1,4,1,BASELINE,6,116264431,Client Waiting Time [min],4.5,110.2,27.69,332.28,12,105.7
2026-05-08T17:24:57.770794200Z,TaxiAlgorithmP2PCollector,1,1000,10,25,1,nearest,1,4,1,BASELINE,6,116264431,Client Travel Time [min],748.0,18260.0,5374.92,134373.0,25,17512.0
2026-05-08T17:24:57.770794200Z,TaxiAlgorithmP2PCollector,1,1000,10,25,1,nearest,1,4,1,BASELINE,6,116264431,Calculation Time [millis],0.0,34.0,0.1,2267.0,22309,34.0
2026-05-08T17:24:57.770794200Z,TaxiAlgorithmP2PCollector,1,1000,10,25,1,nearest,1,4,1,BASELINE,6,116264431,Custom Time [micros],0.0,0.0,0.0,0.0,22309,0.0
2026-05-08T17:25:00.136356800Z,TaxiAlgorithmP2PCollector,1,1000,10,25,1,nearest,1,4,1,BASELINE,7,116264432,Taxi Travel Distance [km],12.58,123.03,43.95,439.46,10,110.45
2026-05-08T17:25:00.136356800Z,TaxiAlgorithmP2PCollector,1,1000,10,25,1,nearest,1,4,1,BASELINE,7,116264432,Client Waiting Time [min],0.48,186.75,46.98,234.88,5,186.27
2026-05-08T17:25:00.136356800Z,TaxiAlgorithmP2PCollector,1,1000,10,25,1,nearest,1,4,1,BASELINE,7,116264432,Client Travel Time [min],160.0,14879.0,8085.24,202131.0,25,14719.0
2026-05-08T17:25:00.136356800Z,TaxiAlgorithmP2PCollector,1,1000,10,25,1,nearest,1,4,1,BASELINE,7,116264432,Calculation Time [millis],0.0,55.0,0.11,2137.0,19379,55.0
2026-05-08T17:25:00.136356800Z,TaxiAlgorithmP2PCollector,1,1000,10,25,1,nearest,1,4,1,BASELINE,7,116264432,Custom Time [micros],0.0,0.0,0.0,0.0,19379,0.0
2026-05-08T17:25:02.262901200Z,TaxiAlgorithmP2PCollector,1,1000,10,25,1,nearest,1,4,1,BASELINE,8,116264433,Taxi Travel Distance [km],4.83,188.91,87.85,878.47,10,184.07999999999998
2026-05-08T17:25:02.262901200Z,TaxiAlgorithmP2PCollector,1,1000,10,25,1,nearest,1,4,1,BASELINE,8,116264433,Client Waiting Time [min],0.73,125.73,41.67,958.37,23,125.0
2026-05-08T17:25:02.262901200Z,TaxiAlgorithmP2PCollector,1,1000,10,25,1,nearest,1,4,1,BASELINE,8,116264433,Client Travel Time [min],262.0,13603.0,3548.72,88718.0,25,13341.0
2026-05-08T17:25:02.262901200Z,TaxiAlgorithmP2PCollector,1,1000,10,25,1,nearest,1,4,1,BASELINE,8,116264433,Calculation Time [millis],0.0,40.0,0.11,1989.0,18050,40.0
2026-05-08T17:25:02.262901200Z,TaxiAlgorithmP2PCollector,1,1000,10,25,1,nearest,1,4,1,BASELINE,8,116264433,Custom Time [micros],0.0,0.0,0.0,0.0,18050,0.0
2026-05-08T17:25:04.630131100Z,TaxiAlgorithmP2PCollector,1,1000,10,25,1,nearest,1,4,1,BASELINE,9,116264434,Taxi Travel Distance [km],6.38,172.0,65.23,652.31,10,165.62
2026-05-08T17:25:04.630131100Z,TaxiAlgorithmP2PCollector,1,1000,10,25,1,nearest,1,4,1,BASELINE,9,116264434,Client Waiting Time [min],0.18,90.42,31.48,377.8,12,90.24
2026-05-08T17:25:04.630131100Z,TaxiAlgorithmP2PCollector,1,1000,10,25,1,nearest,1,4,1,BASELINE,9,116264434,Client Travel Time [min],197.0,16112.0,5264.2,131605.0,25,15915.0
2026-05-08T17:25:04.630131100Z,TaxiAlgorithmP2PCollector,1,1000,10,25,1,nearest,1,4,1,BASELINE,9,116264434,Calculation Time [millis],0.0,55.0,0.11,2204.0,20347,55.0
2026-05-08T17:25:04.630131100Z,TaxiAlgorithmP2PCollector,1,1000,10,25,1,nearest,1,4,1,BASELINE,9,116264434,Custom Time [micros],0.0,0.0,0.0,0.0,20347,0.0
2026-05-08T17:25:06.498690600Z,TaxiAlgorithmP2PCollector,1,1000,10,25,1,nearest,1,4,1,BASELINE,10,116264435,Taxi Travel Distance [km],10.59,192.82,70.39,703.89,10,182.23
2026-05-08T17:25:06.498690600Z,TaxiAlgorithmP2PCollector,1,1000,10,25,1,nearest,1,4,1,BASELINE,10,116264435,Client Waiting Time [min],0.52,104.42,44.54,801.77,18,103.9
2026-05-08T17:25:06.498690600Z,TaxiAlgorithmP2PCollector,1,1000,10,25,1,nearest,1,4,1,BASELINE,10,116264435,Client Travel Time [min],223.0,11126.0,3946.08,98652.0,25,10903.0
2026-05-08T17:25:06.498690600Z,TaxiAlgorithmP2PCollector,1,1000,10,25,1,nearest,1,4,1,BASELINE,10,116264435,Calculation Time [millis],0.0,38.0,0.11,1748.0,15274,38.0
2026-05-08T17:25:06.498690600Z,TaxiAlgorithmP2PCollector,1,1000,10,25,1,nearest,1,4,1,BASELINE,10,116264435,Custom Time [micros],0.0,0.0,0.0,0.0,15274,0.0
2026-05-08T17:25:10.236912800Z,TaxiAlgorithmP2PCollector,1,1000,10,50,1,nearest,1,4,1,BASELINE,1,116264426,Taxi Travel Distance [km],22.4,508.8,170.98,1709.8,10,486.40000000000003
2026-05-08T17:25:10.236912800Z,TaxiAlgorithmP2PCollector,1,1000,10,50,1,nearest,1,4,1,BASELINE,1,116264426,Client Waiting Time [min],2.32,468.22,87.85,2371.98,27,465.90000000000003
2026-05-08T17:25:10.236912800Z,TaxiAlgorithmP2PCollector,1,1000,10,50,1,nearest,1,4,1,BASELINE,1,116264426,Client Travel Time [min],1150.0,28107.0,10157.72,507886.0,50,26957.0
2026-05-08T17:25:10.236912800Z,TaxiAlgorithmP2PCollector,1,1000,10,50,1,nearest,1,4,1,BASELINE,1,116264426,Calculation Time [millis],0.0,84.0,0.12,3562.0,30602,84.0
2026-05-08T17:25:10.236912800Z,TaxiAlgorithmP2PCollector,1,1000,10,50,1,nearest,1,4,1,BASELINE,1,116264426,Custom Time [micros],0.0,0.0,0.0,0.0,30602,0.0
2026-05-08T17:25:13.664592800Z,TaxiAlgorithmP2PCollector,1,1000,10,50,1,nearest,1,4,1,BASELINE,2,116264427,Taxi Travel Distance [km],66.75,601.51,245.47,2454.66,10,534.76
2026-05-08T17:25:13.664592800Z,TaxiAlgorithmP2PCollector,1,1000,10,50,1,nearest,1,4,1,BASELINE,2,116264427,Client Waiting Time [min],0.57,367.93,105.4,3267.55,31,367.36
2026-05-08T17:25:13.664592800Z,TaxiAlgorithmP2PCollector,1,1000,10,50,1,nearest,1,4,1,BASELINE,2,116264427,Client Travel Time [min],502.0,25829.0,8395.52,419776.0,50,25327.0
2026-05-08T17:25:13.664592800Z,TaxiAlgorithmP2PCollector,1,1000,10,50,1,nearest,1,4,1,BASELINE,2,116264427,Calculation Time [millis],0.0,61.0,0.12,3227.0,27874,61.0
2026-05-08T17:25:13.664592800Z,TaxiAlgorithmP2PCollector,1,1000,10,50,1,nearest,1,4,1,BASELINE,2,116264427,Custom Time [micros],0.0,0.0,0.0,0.0,27874,0.0
2026-05-08T17:25:17.805881500Z,TaxiAlgorithmP2PCollector,1,1000,10,50,1,nearest,1,4,1,BASELINE,3,116264428,Taxi Travel Distance [km],24.43,374.08,164.06,1640.61,10,349.65
2026-05-08T17:25:17.805881500Z,TaxiAlgorithmP2PCollector,1,1000,10,50,1,nearest,1,4,1,BASELINE,3,116264428,Client Waiting Time [min],0.45,355.68,92.5,2589.93,28,355.23
2026-05-08T17:25:17.805881500Z,TaxiAlgorithmP2PCollector,1,1000,10,50,1,nearest,1,4,1,BASELINE,3,116264428,Client Travel Time [min],470.0,30627.0,9113.28,455664.0,50,30157.0
2026-05-08T17:25:17.805881500Z,TaxiAlgorithmP2PCollector,1,1000,10,50,1,nearest,1,4,1,BASELINE,3,116264428,Calculation Time [millis],0.0,85.0,0.12,3887.0,32415,85.0
2026-05-08T17:25:17.805881500Z,TaxiAlgorithmP2PCollector,1,1000,10,50,1,nearest,1,4,1,BASELINE,3,116264428,Custom Time [micros],0.0,0.0,0.0,0.0,32415,0.0
2026-05-08T17:25:22.416781100Z,TaxiAlgorithmP2PCollector,1,1000,10,50,1,nearest,1,4,1,BASELINE,4,116264429,Taxi Travel Distance [km],21.76,422.01,149.05,1490.45,10,400.25
2026-05-08T17:25:22.416781100Z,TaxiAlgorithmP2PCollector,1,1000,10,50,1,nearest,1,4,1,BASELINE,4,116264429,Client Waiting Time [min],12.78,218.57,60.87,1095.72,18,205.79
2026-05-08T17:25:22.416781100Z,TaxiAlgorithmP2PCollector,1,1000,10,50,1,nearest,1,4,1,BASELINE,4,116264429,Client Travel Time [min],1019.0,36778.0,12053.36,602668.0,50,35759.0
2026-05-08T17:25:22.416781100Z,TaxiAlgorithmP2PCollector,1,1000,10,50,1,nearest,1,4,1,BASELINE,4,116264429,Calculation Time [millis],0.0,95.0,0.11,4360.0,38943,95.0
2026-05-08T17:25:22.416781100Z,TaxiAlgorithmP2PCollector,1,1000,10,50,1,nearest,1,4,1,BASELINE,4,116264429,Custom Time [micros],0.0,0.0,0.0,0.0,38943,0.0
2026-05-08T17:25:27.226273300Z,TaxiAlgorithmP2PCollector,1,1000,10,50,1,nearest,1,4,1,BASELINE,5,116264430,Taxi Travel Distance [km],8.02,296.15,86.73,867.34,10,288.13
2026-05-08T17:25:27.226273300Z,TaxiAlgorithmP2PCollector,1,1000,10,50,1,nearest,1,4,1,BASELINE,5,116264430,Client Waiting Time [min],4.05,152.68,60.37,724.4,12,148.63
2026-05-08T17:25:27.226273300Z,TaxiAlgorithmP2PCollector,1,1000,10,50,1,nearest,1,4,1,BASELINE,5,116264430,Client Travel Time [min],1082.0,35252.0,16012.4,800620.0,50,34170.0
2026-05-08T17:25:27.226273300Z,TaxiAlgorithmP2PCollector,1,1000,10,50,1,nearest,1,4,1,BASELINE,5,116264430,Calculation Time [millis],0.0,86.0,0.12,4520.0,38871,86.0
2026-05-08T17:25:27.226273300Z,TaxiAlgorithmP2PCollector,1,1000,10,50,1,nearest,1,4,1,BASELINE,5,116264430,Custom Time [micros],0.0,0.0,0.0,0.0,38871,0.0
2026-05-08T17:25:32.302332800Z,TaxiAlgorithmP2PCollector,1,1000,10,50,1,nearest,1,4,1,BASELINE,6,116264431,Taxi Travel Distance [km],10.77,489.53,224.44,2244.41,10,478.76
2026-05-08T17:25:32.302332800Z,TaxiAlgorithmP2PCollector,1,1000,10,50,1,nearest,1,4,1,BASELINE,6,116264431,Client Waiting Time [min],0.75,213.85,69.29,1870.77,27,213.1
2026-05-08T17:25:32.302332800Z,TaxiAlgorithmP2PCollector,1,1000,10,50,1,nearest,1,4,1,BASELINE,6,116264431,Client Travel Time [min],260.0,38260.0,12245.18,612259.0,50,38000.0
2026-05-08T17:25:32.302332800Z,TaxiAlgorithmP2PCollector,1,1000,10,50,1,nearest,1,4,1,BASELINE,6,116264431,Calculation Time [millis],0.0,122.0,0.11,4794.0,42309,122.0
2026-05-08T17:25:32.302332800Z,TaxiAlgorithmP2PCollector,1,1000,10,50,1,nearest,1,4,1,BASELINE,6,116264431,Custom Time [micros],0.0,0.0,0.0,0.0,42309,0.0
2026-05-08T17:25:37.754899200Z,TaxiAlgorithmP2PCollector,1,1000,10,50,1,nearest,1,4,1,BASELINE,7,116264432,Taxi Travel Distance [km],8.96,271.8,123.22,1232.15,10,262.84000000000003
2026-05-08T17:25:37.754899200Z,TaxiAlgorithmP2PCollector,1,1000,10,50,1,nearest,1,4,1,BASELINE,7,116264432,Client Waiting Time [min],0.52,136.75,48.04,1152.92,24,136.23
2026-05-08T17:25:37.754899200Z,TaxiAlgorithmP2PCollector,1,1000,10,50,1,nearest,1,4,1,BASELINE,7,116264432,Client Travel Time [min],160.0,37845.0,12122.1,606105.0,50,37685.0
2026-05-08T17:25:37.754899200Z,TaxiAlgorithmP2PCollector,1,1000,10,50,1,nearest,1,4,1,BASELINE,7,116264432,Calculation Time [millis],0.0,126.0,0.12,5190.0,42702,126.0
2026-05-08T17:25:37.754899200Z,TaxiAlgorithmP2PCollector,1,1000,10,50,1,nearest,1,4,1,BASELINE,7,116264432,Custom Time [micros],0.0,0.0,0.0,0.0,42702,0.0
2026-05-08T17:25:42.792222100Z,TaxiAlgorithmP2PCollector,1,1000,10,50,1,nearest,1,4,1,BASELINE,8,116264433,Taxi Travel Distance [km],1.37,411.38,124.11,1241.12,10,410.01
2026-05-08T17:25:42.792222100Z,TaxiAlgorithmP2PCollector,1,1000,10,50,1,nearest,1,4,1,BASELINE,8,116264433,Client Waiting Time [min],6.03,209.08,75.65,1286.03,17,203.05
2026-05-08T17:25:42.792222100Z,TaxiAlgorithmP2PCollector,1,1000,10,50,1,nearest,1,4,1,BASELINE,8,116264433,Client Travel Time [min],1066.0,38685.0,13468.86,673443.0,50,37619.0
2026-05-08T17:25:42.792222100Z,TaxiAlgorithmP2PCollector,1,1000,10,50,1,nearest,1,4,1,BASELINE,8,116264433,Calculation Time [millis],0.0,90.0,0.11,4784.0,41830,90.0
2026-05-08T17:25:42.792222100Z,TaxiAlgorithmP2PCollector,1,1000,10,50,1,nearest,1,4,1,BASELINE,8,116264433,Custom Time [micros],0.0,0.0,0.0,0.0,41830,0.0
2026-05-08T17:25:47.402191Z,TaxiAlgorithmP2PCollector,1,1000,10,50,1,nearest,1,4,1,BASELINE,9,116264434,Taxi Travel Distance [km],24.33,234.3,136.1,1361.02,10,209.97000000000003
2026-05-08T17:25:47.402191Z,TaxiAlgorithmP2PCollector,1,1000,10,50,1,nearest,1,4,1,BASELINE,9,116264434,Client Waiting Time [min],4.18,145.55,40.29,765.55,19,141.37
2026-05-08T17:25:47.402191Z,TaxiAlgorithmP2PCollector,1,1000,10,50,1,nearest,1,4,1,BASELINE,9,116264434,Client Travel Time [min],317.0,35052.0,12449.42,622471.0,50,34735.0
2026-05-08T17:25:47.402191Z,TaxiAlgorithmP2PCollector,1,1000,10,50,1,nearest,1,4,1,BASELINE,9,116264434,Calculation Time [millis],0.0,116.0,0.11,4241.0,38462,116.0
2026-05-08T17:25:47.402191Z,TaxiAlgorithmP2PCollector,1,1000,10,50,1,nearest,1,4,1,BASELINE,9,116264434,Custom Time [micros],0.0,0.0,0.0,0.0,38462,0.0
2026-05-08T17:25:51.779082500Z,TaxiAlgorithmP2PCollector,1,1000,10,50,1,nearest,1,4,1,BASELINE,10,116264435,Taxi Travel Distance [km],14.33,237.21,97.11,971.14,10,222.88
2026-05-08T17:25:51.779082500Z,TaxiAlgorithmP2PCollector,1,1000,10,50,1,nearest,1,4,1,BASELINE,10,116264435,Client Waiting Time [min],0.98,96.3,36.76,588.17,16,95.32
2026-05-08T17:25:51.779082500Z,TaxiAlgorithmP2PCollector,1,1000,10,50,1,nearest,1,4,1,BASELINE,10,116264435,Client Travel Time [min],841.0,32341.0,13233.54,661677.0,50,31500.0
2026-05-08T17:25:51.779082500Z,TaxiAlgorithmP2PCollector,1,1000,10,50,1,nearest,1,4,1,BASELINE,10,116264435,Calculation Time [millis],0.0,92.0,0.11,4136.0,36742,92.0
2026-05-08T17:25:51.779082500Z,TaxiAlgorithmP2PCollector,1,1000,10,50,1,nearest,1,4,1,BASELINE,10,116264435,Custom Time [micros],0.0,0.0,0.0,0.0,36742,0.0
2026-05-08T17:26:07.517923700Z,TaxiAlgorithmP2PCollector,1,1000,20,50,1,nearest,1,4,1,BASELINE,1,116264426,Taxi Travel Distance [km],19.61,548.57,148.66,2973.21,20,528.96
2026-05-08T17:26:07.517923700Z,TaxiAlgorithmP2PCollector,1,1000,20,50,1,nearest,1,4,1,BASELINE,1,116264426,Client Waiting Time [min],0.23,328.07,48.26,1737.45,36,327.84
2026-05-08T17:26:07.517923700Z,TaxiAlgorithmP2PCollector,1,1000,20,50,1,nearest,1,4,1,BASELINE,1,116264426,Client Travel Time [min],297.0,32202.0,7022.56,351128.0,50,31905.0
2026-05-08T17:26:07.517923700Z,TaxiAlgorithmP2PCollector,1,1000,20,50,1,nearest,1,4,1,BASELINE,1,116264426,Calculation Time [millis],0.0,170.0,0.44,15419.0,34796,170.0
2026-05-08T17:26:07.517923700Z,TaxiAlgorithmP2PCollector,1,1000,20,50,1,nearest,1,4,1,BASELINE,1,116264426,Custom Time [micros],0.0,0.0,0.0,0.0,34796,0.0
2026-05-08T17:26:25.533025500Z,TaxiAlgorithmP2PCollector,1,1000,20,50,1,nearest,1,4,1,BASELINE,2,116264427,Taxi Travel Distance [km],10.7,479.99,140.85,2817.02,20,469.29
2026-05-08T17:26:25.533025500Z,TaxiAlgorithmP2PCollector,1,1000,20,50,1,nearest,1,4,1,BASELINE,2,116264427,Client Waiting Time [min],0.28,423.68,79.87,2795.45,35,423.40000000000003
2026-05-08T17:26:25.533025500Z,TaxiAlgorithmP2PCollector,1,1000,20,50,1,nearest,1,4,1,BASELINE,2,116264427,Client Travel Time [min],429.0,38862.0,8127.86,406393.0,50,38433.0
2026-05-08T17:26:25.533025500Z,TaxiAlgorithmP2PCollector,1,1000,20,50,1,nearest,1,4,1,BASELINE,2,116264427,Calculation Time [millis],0.0,169.0,0.45,17669.0,39634,169.0
2026-05-08T17:26:25.533025500Z,TaxiAlgorithmP2PCollector,1,1000,20,50,1,nearest,1,4,1,BASELINE,2,116264427,Custom Time [micros],0.0,0.0,0.0,0.0,39634,0.0
2026-05-08T17:26:39.460350100Z,TaxiAlgorithmP2PCollector,1,1000,20,50,1,nearest,1,4,1,BASELINE,3,116264428,Taxi Travel Distance [km],15.52,348.68,144.53,2890.51,20,333.16
2026-05-08T17:26:39.460350100Z,TaxiAlgorithmP2PCollector,1,1000,20,50,1,nearest,1,4,1,BASELINE,3,116264428,Client Waiting Time [min],2.57,182.18,52.52,1733.13,33,179.61
2026-05-08T17:26:39.460350100Z,TaxiAlgorithmP2PCollector,1,1000,20,50,1,nearest,1,4,1,BASELINE,3,116264428,Client Travel Time [min],822.0,29323.0,7894.84,394742.0,50,28501.0
2026-05-08T17:26:39.460350100Z,TaxiAlgorithmP2PCollector,1,1000,20,50,1,nearest,1,4,1,BASELINE,3,116264428,Calculation Time [millis],0.0,185.0,0.44,13548.0,31137,185.0
2026-05-08T17:26:39.460350100Z,TaxiAlgorithmP2PCollector,1,1000,20,50,1,nearest,1,4,1,BASELINE,3,116264428,Custom Time [micros],0.0,0.0,0.0,0.0,31137,0.0
2026-05-08T17:26:54.720636300Z,TaxiAlgorithmP2PCollector,1,1000,20,50,1,nearest,1,4,1,BASELINE,4,116264429,Taxi Travel Distance [km],2.63,238.76,95.32,1906.34,20,236.13
2026-05-08T17:26:54.720636300Z,TaxiAlgorithmP2PCollector,1,1000,20,50,1,nearest,1,4,1,BASELINE,4,116264429,Client Waiting Time [min],0.65,242.43,74.23,1929.92,26,241.78
2026-05-08T17:26:54.720636300Z,TaxiAlgorithmP2PCollector,1,1000,20,50,1,nearest,1,4,1,BASELINE,4,116264429,Client Travel Time [min],101.0,31402.0,10192.4,509620.0,50,31301.0
2026-05-08T17:26:54.720636300Z,TaxiAlgorithmP2PCollector,1,1000,20,50,1,nearest,1,4,1,BASELINE,4,116264429,Calculation Time [millis],0.0,195.0,0.44,14930.0,34063,195.0
2026-05-08T17:26:54.720636300Z,TaxiAlgorithmP2PCollector,1,1000,20,50,1,nearest,1,4,1,BASELINE,4,116264429,Custom Time [micros],0.0,0.0,0.0,0.0,34063,0.0
2026-05-08T17:27:11.324849600Z,TaxiAlgorithmP2PCollector,1,1000,20,50,1,nearest,1,4,1,BASELINE,5,116264430,Taxi Travel Distance [km],11.11,305.32,119.24,2384.79,20,294.21
2026-05-08T17:27:11.324849600Z,TaxiAlgorithmP2PCollector,1,1000,20,50,1,nearest,1,4,1,BASELINE,5,116264430,Client Waiting Time [min],1.27,485.82,62.81,2072.78,33,484.55
2026-05-08T17:27:11.324849600Z,TaxiAlgorithmP2PCollector,1,1000,20,50,1,nearest,1,4,1,BASELINE,5,116264430,Client Travel Time [min],491.0,34269.0,9756.5,487825.0,50,33778.0
2026-05-08T17:27:11.324849600Z,TaxiAlgorithmP2PCollector,1,1000,20,50,1,nearest,1,4,1,BASELINE,5,116264430,Calculation Time [millis],0.0,171.0,0.44,16143.0,37054,171.0
2026-05-08T17:27:11.324849600Z,TaxiAlgorithmP2PCollector,1,1000,20,50,1,nearest,1,4,1,BASELINE,5,116264430,Custom Time [micros],0.0,0.0,0.0,0.0,37054,0.0
2026-05-08T17:27:28.419856500Z,TaxiAlgorithmP2PCollector,1,1000,20,50,1,nearest,1,4,1,BASELINE,6,116264431,Taxi Travel Distance [km],4.69,331.68,102.56,2051.24,20,326.99
2026-05-08T17:27:28.419856500Z,TaxiAlgorithmP2PCollector,1,1000,20,50,1,nearest,1,4,1,BASELINE,6,116264431,Client Waiting Time [min],0.28,191.45,53.77,1613.1,30,191.17
2026-05-08T17:27:28.419856500Z,TaxiAlgorithmP2PCollector,1,1000,20,50,1,nearest,1,4,1,BASELINE,6,116264431,Client Travel Time [min],782.0,34764.0,10233.82,511691.0,50,33982.0
2026-05-08T17:27:28.419856500Z,TaxiAlgorithmP2PCollector,1,1000,20,50,1,nearest,1,4,1,BASELINE,6,116264431,Calculation Time [millis],0.0,175.0,0.45,16752.0,37619,175.0
2026-05-08T17:27:28.419856500Z,TaxiAlgorithmP2PCollector,1,1000,20,50,1,nearest,1,4,1,BASELINE,6,116264431,Custom Time [micros],0.0,0.0,0.0,0.0,37619,0.0
2026-05-08T17:27:47.877110700Z,TaxiAlgorithmP2PCollector,1,1000,20,50,1,nearest,1,4,1,BASELINE,7,116264432,Taxi Travel Distance [km],8.45,295.17,90.28,1805.68,20,286.72
2026-05-08T17:27:47.877110700Z,TaxiAlgorithmP2PCollector,1,1000,20,50,1,nearest,1,4,1,BASELINE,7,116264432,Client Waiting Time [min],0.37,129.4,31.85,891.92,28,129.03
2026-05-08T17:27:47.877110700Z,TaxiAlgorithmP2PCollector,1,1000,20,50,1,nearest,1,4,1,BASELINE,7,116264432,Client Travel Time [min],160.0,37845.0,9643.68,482184.0,50,37685.0
2026-05-08T17:27:47.877110700Z,TaxiAlgorithmP2PCollector,1,1000,20,50,1,nearest,1,4,1,BASELINE,7,116264432,Calculation Time [millis],0.0,187.0,0.45,19005.0,42702,187.0
2026-05-08T17:27:47.877110700Z,TaxiAlgorithmP2PCollector,1,1000,20,50,1,nearest,1,4,1,BASELINE,7,116264432,Custom Time [micros],0.0,0.0,0.0,0.0,42702,0.0
2026-05-08T17:28:05.844537500Z,TaxiAlgorithmP2PCollector,1,1000,20,50,1,nearest,1,4,1,BASELINE,8,116264433,Taxi Travel Distance [km],3.06,315.1,88.57,1771.45,20,312.04
2026-05-08T17:28:05.844537500Z,TaxiAlgorithmP2PCollector,1,1000,20,50,1,nearest,1,4,1,BASELINE,8,116264433,Client Waiting Time [min],0.83,207.48,51.8,1191.45,23,206.64999999999998
2026-05-08T17:28:05.844537500Z,TaxiAlgorithmP2PCollector,1,1000,20,50,1,nearest,1,4,1,BASELINE,8,116264433,Client Travel Time [min],658.0,36135.0,10275.72,513786.0,50,35477.0
2026-05-08T17:28:05.844537500Z,TaxiAlgorithmP2PCollector,1,1000,20,50,1,nearest,1,4,1,BASELINE,8,116264433,Calculation Time [millis],0.0,188.0,0.43,17546.0,40423,188.0
2026-05-08T17:28:05.844537500Z,TaxiAlgorithmP2PCollector,1,1000,20,50,1,nearest,1,4,1,BASELINE,8,116264433,Custom Time [micros],0.0,0.0,0.0,0.0,40423,0.0
2026-05-08T17:28:23.349392200Z,TaxiAlgorithmP2PCollector,1,1000,20,50,1,nearest,1,4,1,BASELINE,9,116264434,Taxi Travel Distance [km],2.16,640.92,112.86,2257.22,20,638.76
2026-05-08T17:28:23.349392200Z,TaxiAlgorithmP2PCollector,1,1000,20,50,1,nearest,1,4,1,BASELINE,9,116264434,Client Waiting Time [min],0.08,292.13,56.91,1707.37,30,292.05
2026-05-08T17:28:23.349392200Z,TaxiAlgorithmP2PCollector,1,1000,20,50,1,nearest,1,4,1,BASELINE,9,116264434,Client Travel Time [min],492.0,35512.0,9534.76,476738.0,50,35020.0
2026-05-08T17:28:23.349392200Z,TaxiAlgorithmP2PCollector,1,1000,20,50,1,nearest,1,4,1,BASELINE,9,116264434,Calculation Time [millis],0.0,194.0,0.44,17044.0,38462,194.0
2026-05-08T17:28:23.349392200Z,TaxiAlgorithmP2PCollector,1,1000,20,50,1,nearest,1,4,1,BASELINE,9,116264434,Custom Time [micros],0.0,0.0,0.0,0.0,38462,0.0
2026-05-08T17:28:39.350031400Z,TaxiAlgorithmP2PCollector,1,1000,20,50,1,nearest,1,4,1,BASELINE,10,116264435,Taxi Travel Distance [km],12.86,311.88,117.23,2344.64,20,299.02
2026-05-08T17:28:39.350031400Z,TaxiAlgorithmP2PCollector,1,1000,20,50,1,nearest,1,4,1,BASELINE,10,116264435,Client Waiting Time [min],0.7,370.57,66.87,2273.43,34,369.87
2026-05-08T17:28:39.350031400Z,TaxiAlgorithmP2PCollector,1,1000,20,50,1,nearest,1,4,1,BASELINE,10,116264435,Client Travel Time [min],377.0,31126.0,9584.84,479242.0,50,30749.0
2026-05-08T17:28:39.350031400Z,TaxiAlgorithmP2PCollector,1,1000,20,50,1,nearest,1,4,1,BASELINE,10,116264435,Calculation Time [millis],0.0,186.0,0.44,15639.0,35274,186.0
2026-05-08T17:28:39.350031400Z,TaxiAlgorithmP2PCollector,1,1000,20,50,1,nearest,1,4,1,BASELINE,10,116264435,Custom Time [micros],0.0,0.0,0.0,0.0,35274,0.0
2026-05-08T17:29:14.245606800Z,TaxiAlgorithmP2PCollector,1,1000,20,100,1,nearest,1,4,1,BASELINE,1,116264426,Taxi Travel Distance [km],8.5,1632.84,417.21,8344.29,20,1624.34
2026-05-08T17:29:14.245606800Z,TaxiAlgorithmP2PCollector,1,1000,20,100,1,nearest,1,4,1,BASELINE,1,116264426,Client Waiting Time [min],1.47,796.12,190.62,12009.08,63,794.65
2026-05-08T17:29:14.245606800Z,TaxiAlgorithmP2PCollector,1,1000,20,100,1,nearest,1,4,1,BASELINE,1,116264426,Client Travel Time [min],1285.0,71486.0,19611.3,1961130.0,100,70201.0
2026-05-08T17:29:14.245606800Z,TaxiAlgorithmP2PCollector,1,1000,20,100,1,nearest,1,4,1,BASELINE,1,116264426,Calculation Time [millis],0.0,191.0,0.45,34323.0,75767,191.0
2026-05-08T17:29:14.245606800Z,TaxiAlgorithmP2PCollector,1,1000,20,100,1,nearest,1,4,1,BASELINE,1,116264426,Custom Time [micros],0.0,0.0,0.0,0.0,75767,0.0
2026-05-08T17:29:51.226214500Z,TaxiAlgorithmP2PCollector,1,1000,20,100,1,nearest,1,4,1,BASELINE,2,116264427,Taxi Travel Distance [km],2.72,825.28,306.5,6130.08,20,822.56
2026-05-08T17:29:51.226214500Z,TaxiAlgorithmP2PCollector,1,1000,20,100,1,nearest,1,4,1,BASELINE,2,116264427,Client Waiting Time [min],2.17,562.02,135.38,7445.93,55,559.85
2026-05-08T17:29:51.226214500Z,TaxiAlgorithmP2PCollector,1,1000,20,100,1,nearest,1,4,1,BASELINE,2,116264427,Client Travel Time [min],1364.0,75463.0,22930.03,2293003.0,100,74099.0
2026-05-08T17:29:51.226214500Z,TaxiAlgorithmP2PCollector,1,1000,20,100,1,nearest,1,4,1,BASELINE,2,116264427,Calculation Time [millis],0.0,196.0,0.46,36205.0,79171,196.0
2026-05-08T17:29:51.226214500Z,TaxiAlgorithmP2PCollector,1,1000,20,100,1,nearest,1,4,1,BASELINE,2,116264427,Custom Time [micros],0.0,0.0,0.0,0.0,79171,0.0
2026-05-08T17:30:23.684379100Z,TaxiAlgorithmP2PCollector,1,1000,20,100,1,nearest,1,4,1,BASELINE,3,116264428,Taxi Travel Distance [km],30.08,1222.96,371.92,7438.31,20,1192.88
2026-05-08T17:30:23.684379100Z,TaxiAlgorithmP2PCollector,1,1000,20,100,1,nearest,1,4,1,BASELINE,3,116264428,Client Waiting Time [min],2.15,862.25,177.38,10820.25,61,860.1
2026-05-08T17:30:23.684379100Z,TaxiAlgorithmP2PCollector,1,1000,20,100,1,nearest,1,4,1,BASELINE,3,116264428,Client Travel Time [min],681.0,64159.0,21693.76,2169376.0,100,63478.0
2026-05-08T17:30:23.684379100Z,TaxiAlgorithmP2PCollector,1,1000,20,100,1,nearest,1,4,1,BASELINE,3,116264428,Calculation Time [millis],0.0,188.0,0.46,31579.0,68670,188.0
2026-05-08T17:30:23.684379100Z,TaxiAlgorithmP2PCollector,1,1000,20,100,1,nearest,1,4,1,BASELINE,3,116264428,Custom Time [micros],0.0,0.0,0.0,0.0,68670,0.0
2026-05-08T17:30:59.213605300Z,TaxiAlgorithmP2PCollector,1,1000,20,100,1,nearest,1,4,1,BASELINE,4,116264429,Taxi Travel Distance [km],22.52,1679.87,475.01,9500.22,20,1657.35
2026-05-08T17:30:59.213605300Z,TaxiAlgorithmP2PCollector,1,1000,20,100,1,nearest,1,4,1,BASELINE,4,116264429,Client Waiting Time [min],0.67,927.68,183.23,10810.68,59,927.01
2026-05-08T17:30:59.213605300Z,TaxiAlgorithmP2PCollector,1,1000,20,100,1,nearest,1,4,1,BASELINE,4,116264429,Client Travel Time [min],1132.0,73217.0,22111.47,2211147.0,100,72085.0
2026-05-08T17:30:59.213605300Z,TaxiAlgorithmP2PCollector,1,1000,20,100,1,nearest,1,4,1,BASELINE,4,116264429,Calculation Time [millis],0.0,183.0,0.45,34725.0,76339,183.0
2026-05-08T17:30:59.213605300Z,TaxiAlgorithmP2PCollector,1,1000,20,100,1,nearest,1,4,1,BASELINE,4,116264429,Custom Time [micros],0.0,0.0,0.0,0.0,76339,0.0
2026-05-08T17:31:33.125799500Z,TaxiAlgorithmP2PCollector,1,1000,20,100,1,nearest,1,4,1,BASELINE,5,116264430,Taxi Travel Distance [km],4.32,1273.39,360.42,7208.34,20,1269.0700000000002
2026-05-08T17:31:33.125799500Z,TaxiAlgorithmP2PCollector,1,1000,20,100,1,nearest,1,4,1,BASELINE,5,116264430,Client Waiting Time [min],3.33,793.5,204.88,13316.93,65,790.17
2026-05-08T17:31:33.125799500Z,TaxiAlgorithmP2PCollector,1,1000,20,100,1,nearest,1,4,1,BASELINE,5,116264430,Client Travel Time [min],1535.0,71586.0,19357.01,1935701.0,100,70051.0
2026-05-08T17:31:33.125799500Z,TaxiAlgorithmP2PCollector,1,1000,20,100,1,nearest,1,4,1,BASELINE,5,116264430,Calculation Time [millis],0.0,194.0,0.46,33108.0,71824,194.0
2026-05-08T17:31:33.125799500Z,TaxiAlgorithmP2PCollector,1,1000,20,100,1,nearest,1,4,1,BASELINE,5,116264430,Custom Time [micros],0.0,0.0,0.0,0.0,71824,0.0
2026-05-08T17:32:06.336563900Z,TaxiAlgorithmP2PCollector,1,1000,20,100,1,nearest,1,4,1,BASELINE,6,116264431,Taxi Travel Distance [km],31.45,1564.45,468.73,9374.59,20,1533.0
2026-05-08T17:32:06.336563900Z,TaxiAlgorithmP2PCollector,1,1000,20,100,1,nearest,1,4,1,BASELINE,6,116264431,Client Waiting Time [min],3.22,940.77,191.39,12057.57,63,937.55
2026-05-08T17:32:06.336563900Z,TaxiAlgorithmP2PCollector,1,1000,20,100,1,nearest,1,4,1,BASELINE,6,116264431,Client Travel Time [min],724.0,69077.0,20691.86,2069186.0,100,68353.0
2026-05-08T17:32:06.336563900Z,TaxiAlgorithmP2PCollector,1,1000,20,100,1,nearest,1,4,1,BASELINE,6,116264431,Calculation Time [millis],0.0,184.0,0.46,32547.0,71023,184.0
2026-05-08T17:32:06.336563900Z,TaxiAlgorithmP2PCollector,1,1000,20,100,1,nearest,1,4,1,BASELINE,6,116264431,Custom Time [micros],0.0,0.0,0.0,0.0,71023,0.0
2026-05-08T17:32:41.599983800Z,TaxiAlgorithmP2PCollector,1,1000,20,100,1,nearest,1,4,1,BASELINE,7,116264432,Taxi Travel Distance [km],36.43,635.27,267.09,5341.76,20,598.84
2026-05-08T17:32:41.599983800Z,TaxiAlgorithmP2PCollector,1,1000,20,100,1,nearest,1,4,1,BASELINE,7,116264432,Client Waiting Time [min],0.3,437.38,128.07,5506.93,43,437.08
2026-05-08T17:32:41.599983800Z,TaxiAlgorithmP2PCollector,1,1000,20,100,1,nearest,1,4,1,BASELINE,7,116264432,Client Travel Time [min],703.0,74836.0,22907.75,2290775.0,100,74133.0
2026-05-08T17:32:41.599983800Z,TaxiAlgorithmP2PCollector,1,1000,20,100,1,nearest,1,4,1,BASELINE,7,116264432,Calculation Time [millis],0.0,190.0,0.46,34563.0,75393,190.0
2026-05-08T17:32:41.599983800Z,TaxiAlgorithmP2PCollector,1,1000,20,100,1,nearest,1,4,1,BASELINE,7,116264432,Custom Time [micros],0.0,0.0,0.0,0.0,75393,0.0
2026-05-08T17:33:19.367410700Z,TaxiAlgorithmP2PCollector,1,1000,20,100,1,nearest,1,4,1,BASELINE,8,116264433,Taxi Travel Distance [km],6.7,1643.81,509.29,10185.83,20,1637.11
2026-05-08T17:33:19.367410700Z,TaxiAlgorithmP2PCollector,1,1000,20,100,1,nearest,1,4,1,BASELINE,8,116264433,Client Waiting Time [min],0.37,1008.9,225.94,15138.27,67,1008.53
2026-05-08T17:33:19.367410700Z,TaxiAlgorithmP2PCollector,1,1000,20,100,1,nearest,1,4,1,BASELINE,8,116264433,Client Travel Time [min],1048.0,76269.0,21074.07,2107407.0,100,75221.0
2026-05-08T17:33:19.367410700Z,TaxiAlgorithmP2PCollector,1,1000,20,100,1,nearest,1,4,1,BASELINE,8,116264433,Calculation Time [millis],0.0,181.0,0.46,36873.0,80983,181.0
2026-05-08T17:33:19.367410700Z,TaxiAlgorithmP2PCollector,1,1000,20,100,1,nearest,1,4,1,BASELINE,8,116264433,Custom Time [micros],0.0,0.0,0.0,0.0,80983,0.0
2026-05-08T17:33:55.784321900Z,TaxiAlgorithmP2PCollector,1,1000,20,100,1,nearest,1,4,1,BASELINE,9,116264434,Taxi Travel Distance [km],18.04,1474.52,410.52,8210.4,20,1456.48
2026-05-08T17:33:55.784321900Z,TaxiAlgorithmP2PCollector,1,1000,20,100,1,nearest,1,4,1,BASELINE,9,116264434,Client Waiting Time [min],0.55,605.02,176.87,10081.43,57,604.47
2026-05-08T17:33:55.784321900Z,TaxiAlgorithmP2PCollector,1,1000,20,100,1,nearest,1,4,1,BASELINE,9,116264434,Client Travel Time [min],798.0,75052.0,21004.45,2100445.0,100,74254.0
2026-05-08T17:33:55.784321900Z,TaxiAlgorithmP2PCollector,1,1000,20,100,1,nearest,1,4,1,BASELINE,9,116264434,Calculation Time [millis],0.0,185.0,0.45,35603.0,78462,185.0
2026-05-08T17:33:55.784321900Z,TaxiAlgorithmP2PCollector,1,1000,20,100,1,nearest,1,4,1,BASELINE,9,116264434,Custom Time [micros],0.0,0.0,0.0,0.0,78462,0.0
2026-05-08T17:34:32.758149800Z,TaxiAlgorithmP2PCollector,1,1000,20,100,1,nearest,1,4,1,BASELINE,10,116264435,Taxi Travel Distance [km],15.12,1655.82,365.57,7311.49,20,1640.7
2026-05-08T17:34:32.758149800Z,TaxiAlgorithmP2PCollector,1,1000,20,100,1,nearest,1,4,1,BASELINE,10,116264435,Client Waiting Time [min],5.92,1063.27,221.98,13318.87,60,1057.35
2026-05-08T17:34:32.758149800Z,TaxiAlgorithmP2PCollector,1,1000,20,100,1,nearest,1,4,1,BASELINE,10,116264435,Client Travel Time [min],1255.0,77763.0,20632.23,2063223.0,100,76508.0
2026-05-08T17:34:32.758149800Z,TaxiAlgorithmP2PCollector,1,1000,20,100,1,nearest,1,4,1,BASELINE,10,116264435,Calculation Time [millis],0.0,208.0,0.46,36093.0,78099,208.0
2026-05-08T17:34:32.758149800Z,TaxiAlgorithmP2PCollector,1,1000,20,100,1,nearest,1,4,1,BASELINE,10,116264435,Custom Time [micros],0.0,0.0,0.0,0.0,78099,0.0
2026-05-08T17:34:33.842787200Z,TaxiAlgorithmP2PCollector,1,5000,5,25,1,nearest,1,4,1,BASELINE,1,116264426,Taxi Travel Distance [km],20.54,120.52,86.22,431.09,5,99.97999999999999
2026-05-08T17:34:33.842787200Z,TaxiAlgorithmP2PCollector,1,5000,5,25,1,nearest,1,4,1,BASELINE,1,116264426,Client Waiting Time [min],1.22,23.77,12.29,221.17,18,22.55
2026-05-08T17:34:33.842787200Z,TaxiAlgorithmP2PCollector,1,5000,5,25,1,nearest,1,4,1,BASELINE,1,116264426,Client Travel Time [min],124.0,17798.0,2928.88,73222.0,25,17674.0
2026-05-08T17:34:33.842787200Z,TaxiAlgorithmP2PCollector,1,5000,5,25,1,nearest,1,4,1,BASELINE,1,116264426,Calculation Time [millis],0.0,0.0,0.03,655.0,21268,0.0
2026-05-08T17:34:33.842787200Z,TaxiAlgorithmP2PCollector,1,5000,5,25,1,nearest,1,4,1,BASELINE,1,116264426,Custom Time [micros],0.0,0.0,0.0,0.0,21268,0.0
2026-05-08T17:34:34.155787400Z,TaxiAlgorithmP2PCollector,1,5000,5,25,1,nearest,1,4,1,BASELINE,2,116264427,Taxi Travel Distance [km],98.54,135.58,117.06,585.32,5,37.040000000000006
2026-05-08T17:34:34.155787400Z,TaxiAlgorithmP2PCollector,1,5000,5,25,1,nearest,1,4,1,BASELINE,2,116264427,Client Waiting Time [min],0.55,74.05,16.23,405.67,25,73.5
2026-05-08T17:34:34.155787400Z,TaxiAlgorithmP2PCollector,1,5000,5,25,1,nearest,1,4,1,BASELINE,2,116264427,Client Travel Time [min],369.0,4641.0,1442.08,36052.0,25,4272.0
2026-05-08T17:34:34.155787400Z,TaxiAlgorithmP2PCollector,1,5000,5,25,1,nearest,1,4,1,BASELINE,2,116264427,Calculation Time [millis],0.0,51.0,0.03,217.0,6867,51.0
2026-05-08T17:34:34.155787400Z,TaxiAlgorithmP2PCollector,1,5000,5,25,1,nearest,1,4,1,BASELINE,2,116264427,Custom Time [micros],0.0,0.0,0.0,0.0,6867,0.0
2026-05-08T17:34:34.449690600Z,TaxiAlgorithmP2PCollector,1,5000,5,25,1,nearest,1,4,1,BASELINE,3,116264428,Taxi Travel Distance [km],75.73,175.4,117.69,588.43,5,99.67
2026-05-08T17:34:34.449690600Z,TaxiAlgorithmP2PCollector,1,5000,5,25,1,nearest,1,4,1,BASELINE,3,116264428,Client Waiting Time [min],0.97,89.33,13.6,339.98,25,88.36
2026-05-08T17:34:34.449690600Z,TaxiAlgorithmP2PCollector,1,5000,5,25,1,nearest,1,4,1,BASELINE,3,116264428,Client Travel Time [min],387.0,5645.0,1276.24,31906.0,25,5258.0
2026-05-08T17:34:34.449690600Z,TaxiAlgorithmP2PCollector,1,5000,5,25,1,nearest,1,4,1,BASELINE,3,116264428,Calculation Time [millis],0.0,0.0,0.02,216.0,8920,0.0
2026-05-08T17:34:34.449690600Z,TaxiAlgorithmP2PCollector,1,5000,5,25,1,nearest,1,4,1,BASELINE,3,116264428,Custom Time [micros],0.0,0.0,0.0,0.0,8920,0.0
2026-05-08T17:34:34.962691500Z,TaxiAlgorithmP2PCollector,1,5000,5,25,1,nearest,1,4,1,BASELINE,4,116264429,Taxi Travel Distance [km],79.63,101.44,91.79,458.95,5,21.810000000000002
2026-05-08T17:34:34.962691500Z,TaxiAlgorithmP2PCollector,1,5000,5,25,1,nearest,1,4,1,BASELINE,4,116264429,Client Waiting Time [min],1.42,38.27,8.97,179.35,20,36.85
2026-05-08T17:34:34.962691500Z,TaxiAlgorithmP2PCollector,1,5000,5,25,1,nearest,1,4,1,BASELINE,4,116264429,Client Travel Time [min],267.0,12004.0,2346.64,58666.0,25,11737.0
2026-05-08T17:34:34.962691500Z,TaxiAlgorithmP2PCollector,1,5000,5,25,1,nearest,1,4,1,BASELINE,4,116264429,Calculation Time [millis],0.0,0.0,0.03,433.0,14403,0.0
2026-05-08T17:34:34.962691500Z,TaxiAlgorithmP2PCollector,1,5000,5,25,1,nearest,1,4,1,BASELINE,4,116264429,Custom Time [micros],0.0,0.0,0.0,0.0,14403,0.0
2026-05-08T17:34:35.305613800Z,TaxiAlgorithmP2PCollector,1,5000,5,25,1,nearest,1,4,1,BASELINE,5,116264430,Taxi Travel Distance [km],26.14,183.73,99.63,498.16,5,157.58999999999997
2026-05-08T17:34:35.305613800Z,TaxiAlgorithmP2PCollector,1,5000,5,25,1,nearest,1,4,1,BASELINE,5,116264430,Client Waiting Time [min],0.47,105.58,40.58,1014.6,25,105.11
2026-05-08T17:34:35.305613800Z,TaxiAlgorithmP2PCollector,1,5000,5,25,1,nearest,1,4,1,BASELINE,5,116264430,Client Travel Time [min],482.0,6656.0,2800.16,70004.0,25,6174.0
2026-05-08T17:34:35.305613800Z,TaxiAlgorithmP2PCollector,1,5000,5,25,1,nearest,1,4,1,BASELINE,5,116264430,Calculation Time [millis],0.0,0.0,0.03,251.0,9787,0.0
2026-05-08T17:34:35.305613800Z,TaxiAlgorithmP2PCollector,1,5000,5,25,1,nearest,1,4,1,BASELINE,5,116264430,Custom Time [micros],0.0,0.0,0.0,0.0,9787,0.0
2026-05-08T17:34:35.568614400Z,TaxiAlgorithmP2PCollector,1,5000,5,25,1,nearest,1,4,1,BASELINE,6,116264431,Taxi Travel Distance [km],98.28,137.78,125.25,626.25,5,39.5
2026-05-08T17:34:35.568614400Z,TaxiAlgorithmP2PCollector,1,5000,5,25,1,nearest,1,4,1,BASELINE,6,116264431,Client Waiting Time [min],0.93,62.02,13.52,324.37,24,61.09
2026-05-08T17:34:35.568614400Z,TaxiAlgorithmP2PCollector,1,5000,5,25,1,nearest,1,4,1,BASELINE,6,116264431,Client Travel Time [min],235.0,4823.0,1411.08,35277.0,25,4588.0
2026-05-08T17:34:35.568614400Z,TaxiAlgorithmP2PCollector,1,5000,5,25,1,nearest,1,4,1,BASELINE,6,116264431,Calculation Time [millis],0.0,0.0,0.03,190.0,6710,0.0
2026-05-08T17:34:35.568614400Z,TaxiAlgorithmP2PCollector,1,5000,5,25,1,nearest,1,4,1,BASELINE,6,116264431,Custom Time [micros],0.0,0.0,0.0,0.0,6710,0.0
2026-05-08T17:34:35.772618100Z,TaxiAlgorithmP2PCollector,1,5000,5,25,1,nearest,1,4,1,BASELINE,7,116264432,Taxi Travel Distance [km],70.24,122.1,99.35,496.76,5,51.86
2026-05-08T17:34:35.772618100Z,TaxiAlgorithmP2PCollector,1,5000,5,25,1,nearest,1,4,1,BASELINE,7,116264432,Client Waiting Time [min],0.52,57.43,12.31,295.47,24,56.91
2026-05-08T17:34:35.772618100Z,TaxiAlgorithmP2PCollector,1,5000,5,25,1,nearest,1,4,1,BASELINE,7,116264432,Client Travel Time [min],160.0,3896.0,1199.48,29987.0,25,3736.0
2026-05-08T17:34:35.772618100Z,TaxiAlgorithmP2PCollector,1,5000,5,25,1,nearest,1,4,1,BASELINE,7,116264432,Calculation Time [millis],0.0,0.0,0.02,140.0,6408,0.0
2026-05-08T17:34:35.772618100Z,TaxiAlgorithmP2PCollector,1,5000,5,25,1,nearest,1,4,1,BASELINE,7,116264432,Custom Time [micros],0.0,0.0,0.0,0.0,6408,0.0
2026-05-08T17:34:36.036132900Z,TaxiAlgorithmP2PCollector,1,5000,5,25,1,nearest,1,4,1,BASELINE,8,116264433,Taxi Travel Distance [km],77.37,139.09,108.99,544.93,5,61.72
2026-05-08T17:34:36.036132900Z,TaxiAlgorithmP2PCollector,1,5000,5,25,1,nearest,1,4,1,BASELINE,8,116264433,Client Waiting Time [min],0.38,86.7,15.78,378.62,24,86.32000000000001
2026-05-08T17:34:36.036132900Z,TaxiAlgorithmP2PCollector,1,5000,5,25,1,nearest,1,4,1,BASELINE,8,116264433,Client Travel Time [min],539.0,5440.0,1507.0,37675.0,25,4901.0
2026-05-08T17:34:36.036132900Z,TaxiAlgorithmP2PCollector,1,5000,5,25,1,nearest,1,4,1,BASELINE,8,116264433,Calculation Time [millis],0.0,25.0,0.03,188.0,7202,25.0
2026-05-08T17:34:36.036132900Z,TaxiAlgorithmP2PCollector,1,5000,5,25,1,nearest,1,4,1,BASELINE,8,116264433,Custom Time [micros],0.0,0.0,0.0,0.0,7202,0.0
2026-05-08T17:34:36.254132400Z,TaxiAlgorithmP2PCollector,1,5000,5,25,1,nearest,1,4,1,BASELINE,9,116264434,Taxi Travel Distance [km],66.73,110.17,94.34,471.72,5,43.44
2026-05-08T17:34:36.254132400Z,TaxiAlgorithmP2PCollector,1,5000,5,25,1,nearest,1,4,1,BASELINE,9,116264434,Client Waiting Time [min],0.18,54.05,10.91,272.72,25,53.87
2026-05-08T17:34:36.254132400Z,TaxiAlgorithmP2PCollector,1,5000,5,25,1,nearest,1,4,1,BASELINE,9,116264434,Client Travel Time [min],197.0,3556.0,1038.28,25957.0,25,3359.0
2026-05-08T17:34:36.254132400Z,TaxiAlgorithmP2PCollector,1,5000,5,25,1,nearest,1,4,1,BASELINE,9,116264434,Calculation Time [millis],0.0,0.0,0.02,147.0,6141,0.0
2026-05-08T17:34:36.254132400Z,TaxiAlgorithmP2PCollector,1,5000,5,25,1,nearest,1,4,1,BASELINE,9,116264434,Custom Time [micros],0.0,0.0,0.0,0.0,6141,0.0
2026-05-08T17:34:36.444694400Z,TaxiAlgorithmP2PCollector,1,5000,5,25,1,nearest,1,4,1,BASELINE,10,116264435,Taxi Travel Distance [km],83.25,129.32,108.39,541.97,5,46.06999999999999
2026-05-08T17:34:36.444694400Z,TaxiAlgorithmP2PCollector,1,5000,5,25,1,nearest,1,4,1,BASELINE,10,116264435,Client Waiting Time [min],1.1,25.22,8.19,204.73,25,24.119999999999997
2026-05-08T17:34:36.444694400Z,TaxiAlgorithmP2PCollector,1,5000,5,25,1,nearest,1,4,1,BASELINE,10,116264435,Client Travel Time [min],307.0,1712.0,837.96,20949.0,25,1405.0
2026-05-08T17:34:36.444694400Z,TaxiAlgorithmP2PCollector,1,5000,5,25,1,nearest,1,4,1,BASELINE,10,116264435,Calculation Time [millis],0.0,0.0,0.02,140.0,6588,0.0
2026-05-08T17:34:36.444694400Z,TaxiAlgorithmP2PCollector,1,5000,5,25,1,nearest,1,4,1,BASELINE,10,116264435,Custom Time [micros],0.0,0.0,0.0,0.0,6588,0.0
2026-05-08T17:34:37.022725400Z,TaxiAlgorithmP2PCollector,1,5000,10,25,1,nearest,1,4,1,BASELINE,1,116264426,Taxi Travel Distance [km],14.78,135.62,86.0,860.03,10,120.84
2026-05-08T17:34:37.022725400Z,TaxiAlgorithmP2PCollector,1,5000,10,25,1,nearest,1,4,1,BASELINE,1,116264426,Client Waiting Time [min],0.38,45.78,7.61,190.33,25,45.4
2026-05-08T17:34:37.022725400Z,TaxiAlgorithmP2PCollector,1,5000,10,25,1,nearest,1,4,1,BASELINE,1,116264426,Client Travel Time [min],65.0,3298.0,894.2,22355.0,25,3233.0
2026-05-08T17:34:37.022725400Z,TaxiAlgorithmP2PCollector,1,5000,10,25,1,nearest,1,4,1,BASELINE,1,116264426,Calculation Time [millis],0.0,0.0,0.07,487.0,6863,0.0
2026-05-08T17:34:37.022725400Z,TaxiAlgorithmP2PCollector,1,5000,10,25,1,nearest,1,4,1,BASELINE,1,116264426,Custom Time [micros],0.0,0.0,0.0,0.0,6863,0.0
2026-05-08T17:34:37.380722100Z,TaxiAlgorithmP2PCollector,1,5000,10,25,1,nearest,1,4,1,BASELINE,2,116264427,Taxi Travel Distance [km],9.11,90.27,74.57,745.73,10,81.16
2026-05-08T17:34:37.380722100Z,TaxiAlgorithmP2PCollector,1,5000,10,25,1,nearest,1,4,1,BASELINE,2,116264427,Client Waiting Time [min],1.25,18.35,6.25,156.27,25,17.1
2026-05-08T17:34:37.380722100Z,TaxiAlgorithmP2PCollector,1,5000,10,25,1,nearest,1,4,1,BASELINE,2,116264427,Client Travel Time [min],433.0,1882.0,888.8,22220.0,25,1449.0
2026-05-08T17:34:37.380722100Z,TaxiAlgorithmP2PCollector,1,5000,10,25,1,nearest,1,4,1,BASELINE,2,116264427,Calculation Time [millis],0.0,0.0,0.05,256.0,5307,0.0
2026-05-08T17:34:37.380722100Z,TaxiAlgorithmP2PCollector,1,5000,10,25,1,nearest,1,4,1,BASELINE,2,116264427,Custom Time [micros],0.0,0.0,0.0,0.0,5307,0.0
2026-05-08T17:34:37.644723800Z,TaxiAlgorithmP2PCollector,1,5000,10,25,1,nearest,1,4,1,BASELINE,3,116264428,Taxi Travel Distance [km],18.93,89.63,57.74,577.37,10,70.69999999999999
2026-05-08T17:34:37.644723800Z,TaxiAlgorithmP2PCollector,1,5000,10,25,1,nearest,1,4,1,BASELINE,3,116264428,Client Waiting Time [min],0.78,13.87,4.98,124.45,25,13.09
2026-05-08T17:34:37.644723800Z,TaxiAlgorithmP2PCollector,1,5000,10,25,1,nearest,1,4,1,BASELINE,3,116264428,Client Travel Time [min],324.0,1420.0,798.84,19971.0,25,1096.0
2026-05-08T17:34:37.644723800Z,TaxiAlgorithmP2PCollector,1,5000,10,25,1,nearest,1,4,1,BASELINE,3,116264428,Calculation Time [millis],0.0,0.0,0.03,187.0,5744,0.0
2026-05-08T17:34:37.644723800Z,TaxiAlgorithmP2PCollector,1,5000,10,25,1,nearest,1,4,1,BASELINE,3,116264428,Custom Time [micros],0.0,0.0,0.0,0.0,5744,0.0
2026-05-08T17:34:38.141404500Z,TaxiAlgorithmP2PCollector,1,5000,10,25,1,nearest,1,4,1,BASELINE,4,116264429,Taxi Travel Distance [km],41.88,114.14,91.28,912.77,10,72.25999999999999
2026-05-08T17:34:38.141404500Z,TaxiAlgorithmP2PCollector,1,5000,10,25,1,nearest,1,4,1,BASELINE,4,116264429,Client Waiting Time [min],0.9,39.65,7.17,179.33,25,38.75
2026-05-08T17:34:38.141404500Z,TaxiAlgorithmP2PCollector,1,5000,10,25,1,nearest,1,4,1,BASELINE,4,116264429,Client Travel Time [min],255.0,2682.0,892.6,22315.0,25,2427.0
2026-05-08T17:34:38.141404500Z,TaxiAlgorithmP2PCollector,1,5000,10,25,1,nearest,1,4,1,BASELINE,4,116264429,Calculation Time [millis],0.0,29.0,0.07,419.0,5713,29.0
2026-05-08T17:34:38.141404500Z,TaxiAlgorithmP2PCollector,1,5000,10,25,1,nearest,1,4,1,BASELINE,4,116264429,Custom Time [micros],0.0,0.0,0.0,0.0,5713,0.0
2026-05-08T17:34:38.622406100Z,TaxiAlgorithmP2PCollector,1,5000,10,25,1,nearest,1,4,1,BASELINE,5,116264430,Taxi Travel Distance [km],21.18,109.03,68.61,686.07,10,87.85
2026-05-08T17:34:38.622406100Z,TaxiAlgorithmP2PCollector,1,5000,10,25,1,nearest,1,4,1,BASELINE,5,116264430,Client Waiting Time [min],0.57,25.27,9.3,232.57,25,24.7
2026-05-08T17:34:38.622406100Z,TaxiAlgorithmP2PCollector,1,5000,10,25,1,nearest,1,4,1,BASELINE,5,116264430,Client Travel Time [min],242.0,1853.0,1005.68,25142.0,25,1611.0
2026-05-08T17:34:38.622406100Z,TaxiAlgorithmP2PCollector,1,5000,10,25,1,nearest,1,4,1,BASELINE,5,116264430,Calculation Time [millis],0.0,0.0,0.06,405.0,6350,0.0
2026-05-08T17:34:38.622406100Z,TaxiAlgorithmP2PCollector,1,5000,10,25,1,nearest,1,4,1,BASELINE,5,116264430,Custom Time [micros],0.0,0.0,0.0,0.0,6350,0.0
2026-05-08T17:34:39.076413300Z,TaxiAlgorithmP2PCollector,1,5000,10,25,1,nearest,1,4,1,BASELINE,6,116264431,Taxi Travel Distance [km],28.2,110.88,76.63,766.35,10,82.67999999999999
2026-05-08T17:34:39.076413300Z,TaxiAlgorithmP2PCollector,1,5000,10,25,1,nearest,1,4,1,BASELINE,6,116264431,Client Waiting Time [min],0.52,29.85,7.89,197.17,25,29.330000000000002
2026-05-08T17:34:39.076413300Z,TaxiAlgorithmP2PCollector,1,5000,10,25,1,nearest,1,4,1,BASELINE,6,116264431,Client Travel Time [min],125.0,2252.0,964.8,24120.0,25,2127.0
2026-05-08T17:34:39.076413300Z,TaxiAlgorithmP2PCollector,1,5000,10,25,1,nearest,1,4,1,BASELINE,6,116264431,Calculation Time [millis],0.0,0.0,0.06,361.0,5846,0.0
2026-05-08T17:34:39.076413300Z,TaxiAlgorithmP2PCollector,1,5000,10,25,1,nearest,1,4,1,BASELINE,6,116264431,Custom Time [micros],0.0,0.0,0.0,0.0,5846,0.0
2026-05-08T17:34:39.356457600Z,TaxiAlgorithmP2PCollector,1,5000,10,25,1,nearest,1,4,1,BASELINE,7,116264432,Taxi Travel Distance [km],50.55,101.62,70.26,702.62,10,51.07000000000001
2026-05-08T17:34:39.356457600Z,TaxiAlgorithmP2PCollector,1,5000,10,25,1,nearest,1,4,1,BASELINE,7,116264432,Client Waiting Time [min],0.52,20.08,4.64,116.05,25,19.56
2026-05-08T17:34:39.356457600Z,TaxiAlgorithmP2PCollector,1,5000,10,25,1,nearest,1,4,1,BASELINE,7,116264432,Client Travel Time [min],151.0,1658.0,740.56,18514.0,25,1507.0
2026-05-08T17:34:39.356457600Z,TaxiAlgorithmP2PCollector,1,5000,10,25,1,nearest,1,4,1,BASELINE,7,116264432,Calculation Time [millis],0.0,0.0,0.03,185.0,5556,0.0
2026-05-08T17:34:39.356457600Z,TaxiAlgorithmP2PCollector,1,5000,10,25,1,nearest,1,4,1,BASELINE,7,116264432,Custom Time [micros],0.0,0.0,0.0,0.0,5556,0.0
2026-05-08T17:34:39.714456800Z,TaxiAlgorithmP2PCollector,1,5000,10,25,1,nearest,1,4,1,BASELINE,8,116264433,Taxi Travel Distance [km],43.1,105.29,76.75,767.45,10,62.190000000000005
2026-05-08T17:34:39.714456800Z,TaxiAlgorithmP2PCollector,1,5000,10,25,1,nearest,1,4,1,BASELINE,8,116264433,Client Waiting Time [min],0.73,18.47,6.62,165.47,25,17.74
2026-05-08T17:34:39.714456800Z,TaxiAlgorithmP2PCollector,1,5000,10,25,1,nearest,1,4,1,BASELINE,8,116264433,Client Travel Time [min],262.0,1827.0,931.0,23275.0,25,1565.0
2026-05-08T17:34:39.714456800Z,TaxiAlgorithmP2PCollector,1,5000,10,25,1,nearest,1,4,1,BASELINE,8,116264433,Calculation Time [millis],0.0,0.0,0.05,290.0,6151,0.0
2026-05-08T17:34:39.714456800Z,TaxiAlgorithmP2PCollector,1,5000,10,25,1,nearest,1,4,1,BASELINE,8,116264433,Custom Time [micros],0.0,0.0,0.0,0.0,6151,0.0
2026-05-08T17:34:40.084797400Z,TaxiAlgorithmP2PCollector,1,5000,10,25,1,nearest,1,4,1,BASELINE,9,116264434,Taxi Travel Distance [km],35.15,108.57,73.05,730.5,10,73.41999999999999
2026-05-08T17:34:40.084797400Z,TaxiAlgorithmP2PCollector,1,5000,10,25,1,nearest,1,4,1,BASELINE,9,116264434,Client Waiting Time [min],0.2,17.87,5.61,140.22,25,17.67
2026-05-08T17:34:40.084797400Z,TaxiAlgorithmP2PCollector,1,5000,10,25,1,nearest,1,4,1,BASELINE,9,116264434,Client Travel Time [min],211.0,1696.0,716.92,17923.0,25,1485.0
2026-05-08T17:34:40.084797400Z,TaxiAlgorithmP2PCollector,1,5000,10,25,1,nearest,1,4,1,BASELINE,9,116264434,Calculation Time [millis],0.0,25.0,0.05,291.0,5692,25.0
2026-05-08T17:34:40.084797400Z,TaxiAlgorithmP2PCollector,1,5000,10,25,1,nearest,1,4,1,BASELINE,9,116264434,Custom Time [micros],0.0,0.0,0.0,0.0,5692,0.0
2026-05-08T17:34:40.514518100Z,TaxiAlgorithmP2PCollector,1,5000,10,25,1,nearest,1,4,1,BASELINE,10,116264435,Taxi Travel Distance [km],2.23,103.27,73.61,736.09,10,101.03999999999999
2026-05-08T17:34:40.514518100Z,TaxiAlgorithmP2PCollector,1,5000,10,25,1,nearest,1,4,1,BASELINE,10,116264435,Client Waiting Time [min],0.25,36.73,5.32,133.07,25,36.48
2026-05-08T17:34:40.514518100Z,TaxiAlgorithmP2PCollector,1,5000,10,25,1,nearest,1,4,1,BASELINE,10,116264435,Client Travel Time [min],202.0,2377.0,657.84,16446.0,25,2175.0
2026-05-08T17:34:40.514518100Z,TaxiAlgorithmP2PCollector,1,5000,10,25,1,nearest,1,4,1,BASELINE,10,116264435,Calculation Time [millis],0.0,0.0,0.06,331.0,5850,0.0
2026-05-08T17:34:40.514518100Z,TaxiAlgorithmP2PCollector,1,5000,10,25,1,nearest,1,4,1,BASELINE,10,116264435,Custom Time [micros],0.0,0.0,0.0,0.0,5850,0.0
2026-05-08T17:34:43.709612400Z,TaxiAlgorithmP2PCollector,1,5000,10,50,1,nearest,1,4,1,BASELINE,1,116264426,Taxi Travel Distance [km],90.89,341.72,231.66,2316.6,10,250.83000000000004
2026-05-08T17:34:43.709612400Z,TaxiAlgorithmP2PCollector,1,5000,10,50,1,nearest,1,4,1,BASELINE,1,116264426,Client Waiting Time [min],1.1,172.48,32.27,1484.35,46,171.38
2026-05-08T17:34:43.709612400Z,TaxiAlgorithmP2PCollector,1,5000,10,50,1,nearest,1,4,1,BASELINE,1,116264426,Client Travel Time [min],333.0,26276.0,3585.2,179260.0,50,25943.0
2026-05-08T17:34:43.709612400Z,TaxiAlgorithmP2PCollector,1,5000,10,50,1,nearest,1,4,1,BASELINE,1,116264426,Calculation Time [millis],0.0,93.0,0.1,3045.0,29115,93.0
2026-05-08T17:34:43.709612400Z,TaxiAlgorithmP2PCollector,1,5000,10,50,1,nearest,1,4,1,BASELINE,1,116264426,Custom Time [micros],0.0,0.0,0.0,0.0,29115,0.0
2026-05-08T17:34:47.814765200Z,TaxiAlgorithmP2PCollector,1,5000,10,50,1,nearest,1,4,1,BASELINE,2,116264427,Taxi Travel Distance [km],60.58,351.23,231.44,2314.41,10,290.65000000000003
2026-05-08T17:34:47.814765200Z,TaxiAlgorithmP2PCollector,1,5000,10,50,1,nearest,1,4,1,BASELINE,2,116264427,Client Waiting Time [min],1.57,187.22,40.97,1925.77,47,185.65
2026-05-08T17:34:47.814765200Z,TaxiAlgorithmP2PCollector,1,5000,10,50,1,nearest,1,4,1,BASELINE,2,116264427,Client Travel Time [min],523.0,35078.0,3774.82,188741.0,50,34555.0
2026-05-08T17:34:47.814765200Z,TaxiAlgorithmP2PCollector,1,5000,10,50,1,nearest,1,4,1,BASELINE,2,116264427,Calculation Time [millis],0.0,91.0,0.11,3896.0,36892,91.0
2026-05-08T17:34:47.814765200Z,TaxiAlgorithmP2PCollector,1,5000,10,50,1,nearest,1,4,1,BASELINE,2,116264427,Custom Time [micros],0.0,0.0,0.0,0.0,36892,0.0
2026-05-08T17:34:49.844667100Z,TaxiAlgorithmP2PCollector,1,5000,10,50,1,nearest,1,4,1,BASELINE,3,116264428,Taxi Travel Distance [km],27.13,375.52,188.17,1881.7,10,348.39
2026-05-08T17:34:49.844667100Z,TaxiAlgorithmP2PCollector,1,5000,10,50,1,nearest,1,4,1,BASELINE,3,116264428,Client Waiting Time [min],1.48,212.12,32.48,1494.2,46,210.64000000000001
2026-05-08T17:34:49.844667100Z,TaxiAlgorithmP2PCollector,1,5000,10,50,1,nearest,1,4,1,BASELINE,3,116264428,Client Travel Time [min],505.0,12735.0,3240.12,162006.0,50,12230.0
2026-05-08T17:34:49.844667100Z,TaxiAlgorithmP2PCollector,1,5000,10,50,1,nearest,1,4,1,BASELINE,3,116264428,Calculation Time [millis],0.0,25.0,0.1,1802.0,17592,25.0
2026-05-08T17:34:49.844667100Z,TaxiAlgorithmP2PCollector,1,5000,10,50,1,nearest,1,4,1,BASELINE,3,116264428,Custom Time [micros],0.0,0.0,0.0,0.0,17592,0.0
2026-05-08T17:34:54.132804Z,TaxiAlgorithmP2PCollector,1,5000,10,50,1,nearest,1,4,1,BASELINE,4,116264429,Taxi Travel Distance [km],75.18,244.77,141.2,1412.03,10,169.59
2026-05-08T17:34:54.132804Z,TaxiAlgorithmP2PCollector,1,5000,10,50,1,nearest,1,4,1,BASELINE,4,116264429,Client Waiting Time [min],0.62,551.9,36.95,1552.05,42,551.28
2026-05-08T17:34:54.132804Z,TaxiAlgorithmP2PCollector,1,5000,10,50,1,nearest,1,4,1,BASELINE,4,116264429,Client Travel Time [min],410.0,33184.0,5080.44,254022.0,50,32774.0
2026-05-08T17:34:54.132804Z,TaxiAlgorithmP2PCollector,1,5000,10,50,1,nearest,1,4,1,BASELINE,4,116264429,Calculation Time [millis],0.0,74.0,0.11,4006.0,37791,74.0
2026-05-08T17:34:54.132804Z,TaxiAlgorithmP2PCollector,1,5000,10,50,1,nearest,1,4,1,BASELINE,4,116264429,Custom Time [micros],0.0,0.0,0.0,0.0,37791,0.0
2026-05-08T17:34:56.510001Z,TaxiAlgorithmP2PCollector,1,5000,10,50,1,nearest,1,4,1,BASELINE,5,116264430,Taxi Travel Distance [km],101.05,397.68,211.85,2118.45,10,296.63
2026-05-08T17:34:56.510001Z,TaxiAlgorithmP2PCollector,1,5000,10,50,1,nearest,1,4,1,BASELINE,5,116264430,Client Waiting Time [min],0.85,260.82,51.18,2405.37,47,259.96999999999997
2026-05-08T17:34:56.510001Z,TaxiAlgorithmP2PCollector,1,5000,10,50,1,nearest,1,4,1,BASELINE,5,116264430,Client Travel Time [min],404.0,16303.0,4183.54,209177.0,50,15899.0
2026-05-08T17:34:56.510001Z,TaxiAlgorithmP2PCollector,1,5000,10,50,1,nearest,1,4,1,BASELINE,5,116264430,Calculation Time [millis],0.0,58.0,0.1,2078.0,19792,58.0
2026-05-08T17:34:56.510001Z,TaxiAlgorithmP2PCollector,1,5000,10,50,1,nearest,1,4,1,BASELINE,5,116264430,Custom Time [micros],0.0,0.0,0.0,0.0,19792,0.0
2026-05-08T17:34:58.904593700Z,TaxiAlgorithmP2PCollector,1,5000,10,50,1,nearest,1,4,1,BASELINE,6,116264431,Taxi Travel Distance [km],48.11,484.81,261.66,2616.62,10,436.7
2026-05-08T17:34:58.904593700Z,TaxiAlgorithmP2PCollector,1,5000,10,50,1,nearest,1,4,1,BASELINE,6,116264431,Client Waiting Time [min],0.78,156.02,43.53,2045.92,47,155.24
2026-05-08T17:34:58.904593700Z,TaxiAlgorithmP2PCollector,1,5000,10,50,1,nearest,1,4,1,BASELINE,6,116264431,Client Travel Time [min],262.0,17596.0,4070.92,203546.0,50,17334.0
2026-05-08T17:34:58.904593700Z,TaxiAlgorithmP2PCollector,1,5000,10,50,1,nearest,1,4,1,BASELINE,6,116264431,Calculation Time [millis],0.0,51.0,0.1,2255.0,22505,51.0
2026-05-08T17:34:58.904593700Z,TaxiAlgorithmP2PCollector,1,5000,10,50,1,nearest,1,4,1,BASELINE,6,116264431,Custom Time [micros],0.0,0.0,0.0,0.0,22505,0.0
2026-05-08T17:35:01.355943400Z,TaxiAlgorithmP2PCollector,1,5000,10,50,1,nearest,1,4,1,BASELINE,7,116264432,Taxi Travel Distance [km],113.87,274.71,170.77,1707.73,10,160.83999999999997
2026-05-08T17:35:01.355943400Z,TaxiAlgorithmP2PCollector,1,5000,10,50,1,nearest,1,4,1,BASELINE,7,116264432,Client Waiting Time [min],0.07,147.78,23.57,1107.77,47,147.71
2026-05-08T17:35:01.355943400Z,TaxiAlgorithmP2PCollector,1,5000,10,50,1,nearest,1,4,1,BASELINE,7,116264432,Client Travel Time [min],160.0,19511.0,3189.38,159469.0,50,19351.0
2026-05-08T17:35:01.355943400Z,TaxiAlgorithmP2PCollector,1,5000,10,50,1,nearest,1,4,1,BASELINE,7,116264432,Calculation Time [millis],0.0,30.0,0.1,2253.0,22749,30.0
2026-05-08T17:35:01.355943400Z,TaxiAlgorithmP2PCollector,1,5000,10,50,1,nearest,1,4,1,BASELINE,7,116264432,Custom Time [micros],0.0,0.0,0.0,0.0,22749,0.0
2026-05-08T17:35:03.177606300Z,TaxiAlgorithmP2PCollector,1,5000,10,50,1,nearest,1,4,1,BASELINE,8,116264433,Taxi Travel Distance [km],51.89,254.54,145.2,1451.96,10,202.64999999999998
2026-05-08T17:35:03.177606300Z,TaxiAlgorithmP2PCollector,1,5000,10,50,1,nearest,1,4,1,BASELINE,8,116264433,Client Waiting Time [min],1.3,246.92,52.7,2477.08,47,245.61999999999998
2026-05-08T17:35:03.177606300Z,TaxiAlgorithmP2PCollector,1,5000,10,50,1,nearest,1,4,1,BASELINE,8,116264433,Client Travel Time [min],365.0,15243.0,4348.3,217415.0,50,14878.0
2026-05-08T17:35:03.177606300Z,TaxiAlgorithmP2PCollector,1,5000,10,50,1,nearest,1,4,1,BASELINE,8,116264433,Calculation Time [millis],0.0,11.0,0.09,1595.0,17055,11.0
2026-05-08T17:35:03.177606300Z,TaxiAlgorithmP2PCollector,1,5000,10,50,1,nearest,1,4,1,BASELINE,8,116264433,Custom Time [micros],0.0,0.0,0.0,0.0,17055,0.0
2026-05-08T17:35:04.559566700Z,TaxiAlgorithmP2PCollector,1,5000,10,50,1,nearest,1,4,1,BASELINE,9,116264434,Taxi Travel Distance [km],45.94,279.35,209.15,2091.55,10,233.41000000000003
2026-05-08T17:35:04.559566700Z,TaxiAlgorithmP2PCollector,1,5000,10,50,1,nearest,1,4,1,BASELINE,9,116264434,Client Waiting Time [min],1.37,160.13,44.59,2050.98,46,158.76
2026-05-08T17:35:04.559566700Z,TaxiAlgorithmP2PCollector,1,5000,10,50,1,nearest,1,4,1,BASELINE,9,116264434,Client Travel Time [min],482.0,9871.0,3494.62,174731.0,50,9389.0
2026-05-08T17:35:04.559566700Z,TaxiAlgorithmP2PCollector,1,5000,10,50,1,nearest,1,4,1,BASELINE,9,116264434,Calculation Time [millis],0.0,11.0,0.09,1144.0,13110,11.0
2026-05-08T17:35:04.559566700Z,TaxiAlgorithmP2PCollector,1,5000,10,50,1,nearest,1,4,1,BASELINE,9,116264434,Custom Time [micros],0.0,0.0,0.0,0.0,13110,0.0
2026-05-08T17:35:05.776028500Z,TaxiAlgorithmP2PCollector,1,5000,10,50,1,nearest,1,4,1,BASELINE,10,116264435,Taxi Travel Distance [km],61.06,239.79,190.09,1900.91,10,178.73
2026-05-08T17:35:05.776028500Z,TaxiAlgorithmP2PCollector,1,5000,10,50,1,nearest,1,4,1,BASELINE,10,116264435,Client Waiting Time [min],0.93,134.87,34.97,1713.67,49,133.94
2026-05-08T17:35:05.776028500Z,TaxiAlgorithmP2PCollector,1,5000,10,50,1,nearest,1,4,1,BASELINE,10,116264435,Client Travel Time [min],691.0,8764.0,2987.22,149361.0,50,8073.0
2026-05-08T17:35:05.776028500Z,TaxiAlgorithmP2PCollector,1,5000,10,50,1,nearest,1,4,1,BASELINE,10,116264435,Calculation Time [millis],0.0,28.0,0.09,1059.0,11413,28.0
2026-05-08T17:35:05.776028500Z,TaxiAlgorithmP2PCollector,1,5000,10,50,1,nearest,1,4,1,BASELINE,10,116264435,Custom Time [micros],0.0,0.0,0.0,0.0,11413,0.0
2026-05-08T17:35:08.299442200Z,TaxiAlgorithmP2PCollector,1,5000,20,50,1,nearest,1,4,1,BASELINE,1,116264426,Taxi Travel Distance [km],48.28,159.72,117.33,2346.69,20,111.44
2026-05-08T17:35:08.299442200Z,TaxiAlgorithmP2PCollector,1,5000,20,50,1,nearest,1,4,1,BASELINE,1,116264426,Client Waiting Time [min],0.28,67.52,14.85,742.25,50,67.24
2026-05-08T17:35:08.299442200Z,TaxiAlgorithmP2PCollector,1,5000,20,50,1,nearest,1,4,1,BASELINE,1,116264426,Client Travel Time [min],304.0,4692.0,1716.8,85840.0,50,4388.0
2026-05-08T17:35:08.299442200Z,TaxiAlgorithmP2PCollector,1,5000,20,50,1,nearest,1,4,1,BASELINE,1,116264426,Calculation Time [millis],0.0,55.0,0.32,2418.0,7532,55.0
2026-05-08T17:35:08.299442200Z,TaxiAlgorithmP2PCollector,1,5000,20,50,1,nearest,1,4,1,BASELINE,1,116264426,Custom Time [micros],0.0,0.0,0.0,0.0,7532,0.0
2026-05-08T17:35:12.627065Z,TaxiAlgorithmP2PCollector,1,5000,20,50,1,nearest,1,4,1,BASELINE,2,116264427,Taxi Travel Distance [km],2.21,255.99,178.59,3571.87,20,253.78
2026-05-08T17:35:12.627065Z,TaxiAlgorithmP2PCollector,1,5000,20,50,1,nearest,1,4,1,BASELINE,2,116264427,Client Waiting Time [min],1.1,118.98,19.91,975.48,49,117.88000000000001
2026-05-08T17:35:12.627065Z,TaxiAlgorithmP2PCollector,1,5000,20,50,1,nearest,1,4,1,BASELINE,2,116264427,Client Travel Time [min],390.0,8592.0,2024.16,101208.0,50,8202.0
2026-05-08T17:35:12.627065Z,TaxiAlgorithmP2PCollector,1,5000,20,50,1,nearest,1,4,1,BASELINE,2,116264427,Calculation Time [millis],0.0,90.0,0.35,4124.0,11938,90.0
2026-05-08T17:35:12.627065Z,TaxiAlgorithmP2PCollector,1,5000,20,50,1,nearest,1,4,1,BASELINE,2,116264427,Custom Time [micros],0.0,0.0,0.0,0.0,11938,0.0
2026-05-08T17:35:16.998156900Z,TaxiAlgorithmP2PCollector,1,5000,20,50,1,nearest,1,4,1,BASELINE,3,116264428,Taxi Travel Distance [km],30.19,236.9,135.68,2713.67,20,206.71
2026-05-08T17:35:16.998156900Z,TaxiAlgorithmP2PCollector,1,5000,20,50,1,nearest,1,4,1,BASELINE,3,116264428,Client Waiting Time [min],1.58,98.0,19.04,952.0,50,96.42
2026-05-08T17:35:16.998156900Z,TaxiAlgorithmP2PCollector,1,5000,20,50,1,nearest,1,4,1,BASELINE,3,116264428,Client Travel Time [min],552.0,6625.0,1980.96,99048.0,50,6073.0
2026-05-08T17:35:16.998156900Z,TaxiAlgorithmP2PCollector,1,5000,20,50,1,nearest,1,4,1,BASELINE,3,116264428,Calculation Time [millis],0.0,80.0,0.36,4113.0,11296,80.0
2026-05-08T17:35:16.998156900Z,TaxiAlgorithmP2PCollector,1,5000,20,50,1,nearest,1,4,1,BASELINE,3,116264428,Custom Time [micros],0.0,0.0,0.0,0.0,11296,0.0
2026-05-08T17:35:20.559155200Z,TaxiAlgorithmP2PCollector,1,5000,20,50,1,nearest,1,4,1,BASELINE,4,116264429,Taxi Travel Distance [km],22.17,203.43,122.54,2450.82,20,181.26
2026-05-08T17:35:20.559155200Z,TaxiAlgorithmP2PCollector,1,5000,20,50,1,nearest,1,4,1,BASELINE,4,116264429,Client Waiting Time [min],0.55,83.12,15.19,759.3,50,82.57000000000001
2026-05-08T17:35:20.559155200Z,TaxiAlgorithmP2PCollector,1,5000,20,50,1,nearest,1,4,1,BASELINE,4,116264429,Client Travel Time [min],95.0,5935.0,1724.54,86227.0,50,5840.0
2026-05-08T17:35:20.559155200Z,TaxiAlgorithmP2PCollector,1,5000,20,50,1,nearest,1,4,1,BASELINE,4,116264429,Calculation Time [millis],0.0,77.0,0.34,3271.0,9555,77.0
2026-05-08T17:35:20.559155200Z,TaxiAlgorithmP2PCollector,1,5000,20,50,1,nearest,1,4,1,BASELINE,4,116264429,Custom Time [micros],0.0,0.0,0.0,0.0,9555,0.0
2026-05-08T17:35:24.055127800Z,TaxiAlgorithmP2PCollector,1,5000,20,50,1,nearest,1,4,1,BASELINE,5,116264430,Taxi Travel Distance [km],45.0,194.39,133.03,2660.62,20,149.39
2026-05-08T17:35:24.055127800Z,TaxiAlgorithmP2PCollector,1,5000,20,50,1,nearest,1,4,1,BASELINE,5,116264430,Client Waiting Time [min],0.58,73.9,15.69,784.65,50,73.32000000000001
2026-05-08T17:35:24.055127800Z,TaxiAlgorithmP2PCollector,1,5000,20,50,1,nearest,1,4,1,BASELINE,5,116264430,Client Travel Time [min],527.0,4587.0,1907.14,95357.0,50,4060.0
2026-05-08T17:35:24.055127800Z,TaxiAlgorithmP2PCollector,1,5000,20,50,1,nearest,1,4,1,BASELINE,5,116264430,Calculation Time [millis],0.0,90.0,0.35,3283.0,9375,90.0
2026-05-08T17:35:24.055127800Z,TaxiAlgorithmP2PCollector,1,5000,20,50,1,nearest,1,4,1,BASELINE,5,116264430,Custom Time [micros],0.0,0.0,0.0,0.0,9375,0.0
2026-05-08T17:35:28.339891900Z,TaxiAlgorithmP2PCollector,1,5000,20,50,1,nearest,1,4,1,BASELINE,6,116264431,Taxi Travel Distance [km],94.98,250.43,174.49,3489.84,20,155.45
2026-05-08T17:35:28.339891900Z,TaxiAlgorithmP2PCollector,1,5000,20,50,1,nearest,1,4,1,BASELINE,6,116264431,Client Waiting Time [min],1.73,107.23,18.53,926.47,50,105.5
2026-05-08T17:35:28.339891900Z,TaxiAlgorithmP2PCollector,1,5000,20,50,1,nearest,1,4,1,BASELINE,6,116264431,Client Travel Time [min],409.0,7180.0,2095.7,104785.0,50,6771.0
2026-05-08T17:35:28.339891900Z,TaxiAlgorithmP2PCollector,1,5000,20,50,1,nearest,1,4,1,BASELINE,6,116264431,Calculation Time [millis],0.0,97.0,0.35,4102.0,11861,97.0
2026-05-08T17:35:28.339891900Z,TaxiAlgorithmP2PCollector,1,5000,20,50,1,nearest,1,4,1,BASELINE,6,116264431,Custom Time [micros],0.0,0.0,0.0,0.0,11861,0.0
2026-05-08T17:35:30.808480500Z,TaxiAlgorithmP2PCollector,1,5000,20,50,1,nearest,1,4,1,BASELINE,7,116264432,Taxi Travel Distance [km],23.94,152.81,113.07,2261.43,20,128.87
2026-05-08T17:35:30.808480500Z,TaxiAlgorithmP2PCollector,1,5000,20,50,1,nearest,1,4,1,BASELINE,7,116264432,Client Waiting Time [min],0.13,52.77,10.62,531.1,50,52.64
2026-05-08T17:35:30.808480500Z,TaxiAlgorithmP2PCollector,1,5000,20,50,1,nearest,1,4,1,BASELINE,7,116264432,Client Travel Time [min],160.0,4055.0,1459.16,72958.0,50,3895.0
2026-05-08T17:35:30.808480500Z,TaxiAlgorithmP2PCollector,1,5000,20,50,1,nearest,1,4,1,BASELINE,7,116264432,Calculation Time [millis],0.0,28.0,0.31,2247.0,7309,28.0
2026-05-08T17:35:30.808480500Z,TaxiAlgorithmP2PCollector,1,5000,20,50,1,nearest,1,4,1,BASELINE,7,116264432,Custom Time [micros],0.0,0.0,0.0,0.0,7309,0.0
2026-05-08T17:35:34.898446100Z,TaxiAlgorithmP2PCollector,1,5000,20,50,1,nearest,1,4,1,BASELINE,8,116264433,Taxi Travel Distance [km],13.75,228.54,121.59,2431.77,20,214.79
2026-05-08T17:35:34.898446100Z,TaxiAlgorithmP2PCollector,1,5000,20,50,1,nearest,1,4,1,BASELINE,8,116264433,Client Waiting Time [min],0.73,128.7,25.48,1274.05,50,127.96999999999998
2026-05-08T17:35:34.898446100Z,TaxiAlgorithmP2PCollector,1,5000,20,50,1,nearest,1,4,1,BASELINE,8,116264433,Client Travel Time [min],336.0,7968.0,2381.42,119071.0,50,7632.0
2026-05-08T17:35:34.898446100Z,TaxiAlgorithmP2PCollector,1,5000,20,50,1,nearest,1,4,1,BASELINE,8,116264433,Calculation Time [millis],0.0,71.0,0.34,3836.0,11213,71.0
2026-05-08T17:35:34.898446100Z,TaxiAlgorithmP2PCollector,1,5000,20,50,1,nearest,1,4,1,BASELINE,8,116264433,Custom Time [micros],0.0,0.0,0.0,0.0,11213,0.0
2026-05-08T17:35:39.046617400Z,TaxiAlgorithmP2PCollector,1,5000,20,50,1,nearest,1,4,1,BASELINE,9,116264434,Taxi Travel Distance [km],13.87,234.94,142.91,2858.14,20,221.07
2026-05-08T17:35:39.046617400Z,TaxiAlgorithmP2PCollector,1,5000,20,50,1,nearest,1,4,1,BASELINE,9,116264434,Client Waiting Time [min],0.08,125.23,19.34,967.1,50,125.15
2026-05-08T17:35:39.046617400Z,TaxiAlgorithmP2PCollector,1,5000,20,50,1,nearest,1,4,1,BASELINE,9,116264434,Client Travel Time [min],179.0,8301.0,1988.48,99424.0,50,8122.0
2026-05-08T17:35:39.046617400Z,TaxiAlgorithmP2PCollector,1,5000,20,50,1,nearest,1,4,1,BASELINE,9,116264434,Calculation Time [millis],0.0,67.0,0.35,3842.0,11089,67.0
2026-05-08T17:35:39.046617400Z,TaxiAlgorithmP2PCollector,1,5000,20,50,1,nearest,1,4,1,BASELINE,9,116264434,Custom Time [micros],0.0,0.0,0.0,0.0,11089,0.0
2026-05-08T17:35:41.980572900Z,TaxiAlgorithmP2PCollector,1,5000,20,50,1,nearest,1,4,1,BASELINE,10,116264435,Taxi Travel Distance [km],23.08,157.02,119.89,2397.9,20,133.94
2026-05-08T17:35:41.980572900Z,TaxiAlgorithmP2PCollector,1,5000,20,50,1,nearest,1,4,1,BASELINE,10,116264435,Client Waiting Time [min],0.28,78.05,12.67,633.72,50,77.77
2026-05-08T17:35:41.980572900Z,TaxiAlgorithmP2PCollector,1,5000,20,50,1,nearest,1,4,1,BASELINE,10,116264435,Client Travel Time [min],509.0,5705.0,1702.18,85109.0,50,5196.0
2026-05-08T17:35:41.980572900Z,TaxiAlgorithmP2PCollector,1,5000,20,50,1,nearest,1,4,1,BASELINE,10,116264435,Calculation Time [millis],0.0,66.0,0.31,2595.0,8276,66.0
2026-05-08T17:35:41.980572900Z,TaxiAlgorithmP2PCollector,1,5000,20,50,1,nearest,1,4,1,BASELINE,10,116264435,Custom Time [micros],0.0,0.0,0.0,0.0,8276,0.0
2026-05-08T17:35:50.800485300Z,TaxiAlgorithmP2PCollector,1,5000,20,100,1,nearest,1,4,1,BASELINE,1,116264426,Taxi Travel Distance [km],61.89,494.62,344.63,6892.54,20,432.73
2026-05-08T17:35:50.800485300Z,TaxiAlgorithmP2PCollector,1,5000,20,100,1,nearest,1,4,1,BASELINE,1,116264426,Client Waiting Time [min],1.67,326.38,87.4,8478.03,97,324.71
2026-05-08T17:35:50.800485300Z,TaxiAlgorithmP2PCollector,1,5000,20,100,1,nearest,1,4,1,BASELINE,1,116264426,Client Travel Time [min],918.0,21454.0,6783.46,678346.0,100,20536.0
2026-05-08T17:35:50.800485300Z,TaxiAlgorithmP2PCollector,1,5000,20,100,1,nearest,1,4,1,BASELINE,1,116264426,Calculation Time [millis],0.0,179.0,0.38,8524.0,22578,179.0
2026-05-08T17:35:50.800485300Z,TaxiAlgorithmP2PCollector,1,5000,20,100,1,nearest,1,4,1,BASELINE,1,116264426,Custom Time [micros],0.0,0.0,0.0,0.0,22578,0.0
2026-05-08T17:36:13.276917Z,TaxiAlgorithmP2PCollector,1,5000,20,100,1,nearest,1,4,1,BASELINE,2,116264427,Taxi Travel Distance [km],138.97,1086.3,436.28,8725.64,20,947.3299999999999
2026-05-08T17:36:13.276917Z,TaxiAlgorithmP2PCollector,1,5000,20,100,1,nearest,1,4,1,BASELINE,2,116264427,Client Waiting Time [min],1.35,756.52,116.46,11064.13,95,755.17
2026-05-08T17:36:13.276917Z,TaxiAlgorithmP2PCollector,1,5000,20,100,1,nearest,1,4,1,BASELINE,2,116264427,Client Travel Time [min],1054.0,47120.0,9521.37,952137.0,100,46066.0
2026-05-08T17:36:13.276917Z,TaxiAlgorithmP2PCollector,1,5000,20,100,1,nearest,1,4,1,BASELINE,2,116264427,Calculation Time [millis],0.0,171.0,0.44,21953.0,49437,171.0
2026-05-08T17:36:13.276917Z,TaxiAlgorithmP2PCollector,1,5000,20,100,1,nearest,1,4,1,BASELINE,2,116264427,Custom Time [micros],0.0,0.0,0.0,0.0,49437,0.0
2026-05-08T17:36:29.583864900Z,TaxiAlgorithmP2PCollector,1,5000,20,100,1,nearest,1,4,1,BASELINE,3,116264428,Taxi Travel Distance [km],45.51,833.32,500.24,10004.82,20,787.8100000000001
2026-05-08T17:36:29.583864900Z,TaxiAlgorithmP2PCollector,1,5000,20,100,1,nearest,1,4,1,BASELINE,3,116264428,Client Waiting Time [min],0.98,559.33,101.63,9756.02,96,558.35
2026-05-08T17:36:29.583864900Z,TaxiAlgorithmP2PCollector,1,5000,20,100,1,nearest,1,4,1,BASELINE,3,116264428,Client Travel Time [min],857.0,34370.0,8069.74,806974.0,100,33513.0
2026-05-08T17:36:29.583864900Z,TaxiAlgorithmP2PCollector,1,5000,20,100,1,nearest,1,4,1,BASELINE,3,116264428,Calculation Time [millis],0.0,195.0,0.42,15881.0,37893,195.0
2026-05-08T17:36:29.583864900Z,TaxiAlgorithmP2PCollector,1,5000,20,100,1,nearest,1,4,1,BASELINE,3,116264428,Custom Time [micros],0.0,0.0,0.0,0.0,37893,0.0
2026-05-08T17:36:59.035137900Z,TaxiAlgorithmP2PCollector,1,5000,20,100,1,nearest,1,4,1,BASELINE,4,116264429,Taxi Travel Distance [km],13.14,1427.8,468.1,9362.06,20,1414.6599999999999
2026-05-08T17:36:59.035137900Z,TaxiAlgorithmP2PCollector,1,5000,20,100,1,nearest,1,4,1,BASELINE,4,116264429,Client Waiting Time [min],1.55,460.7,119.46,11587.65,97,459.15
2026-05-08T17:36:59.035137900Z,TaxiAlgorithmP2PCollector,1,5000,20,100,1,nearest,1,4,1,BASELINE,4,116264429,Client Travel Time [min],1268.0,65035.0,9522.65,952265.0,100,63767.0
2026-05-08T17:36:59.035137900Z,TaxiAlgorithmP2PCollector,1,5000,20,100,1,nearest,1,4,1,BASELINE,4,116264429,Calculation Time [millis],0.0,177.0,0.44,28800.0,65351,177.0
2026-05-08T17:36:59.035137900Z,TaxiAlgorithmP2PCollector,1,5000,20,100,1,nearest,1,4,1,BASELINE,4,116264429,Custom Time [micros],0.0,0.0,0.0,0.0,65351,0.0
2026-05-08T17:37:23.557606700Z,TaxiAlgorithmP2PCollector,1,5000,20,100,1,nearest,1,4,1,BASELINE,5,116264430,Taxi Travel Distance [km],22.66,1219.42,470.48,9409.62,20,1196.76
2026-05-08T17:37:23.557606700Z,TaxiAlgorithmP2PCollector,1,5000,20,100,1,nearest,1,4,1,BASELINE,5,116264430,Client Waiting Time [min],2.33,858.75,107.07,9850.32,92,856.42
2026-05-08T17:37:23.557606700Z,TaxiAlgorithmP2PCollector,1,5000,20,100,1,nearest,1,4,1,BASELINE,5,116264430,Client Travel Time [min],1045.0,52121.0,9006.4,900640.0,100,51076.0
2026-05-08T17:37:23.557606700Z,TaxiAlgorithmP2PCollector,1,5000,20,100,1,nearest,1,4,1,BASELINE,5,116264430,Calculation Time [millis],0.0,188.0,0.43,23927.0,55586,188.0
2026-05-08T17:37:23.557606700Z,TaxiAlgorithmP2PCollector,1,5000,20,100,1,nearest,1,4,1,BASELINE,5,116264430,Custom Time [micros],0.0,0.0,0.0,0.0,55586,0.0
2026-05-08T17:37:40.489270800Z,TaxiAlgorithmP2PCollector,1,5000,20,100,1,nearest,1,4,1,BASELINE,6,116264431,Taxi Travel Distance [km],26.67,847.78,454.44,9088.85,20,821.11
2026-05-08T17:37:40.489270800Z,TaxiAlgorithmP2PCollector,1,5000,20,100,1,nearest,1,4,1,BASELINE,6,116264431,Client Waiting Time [min],0.82,607.0,123.8,11266.13,91,606.18
2026-05-08T17:37:40.489270800Z,TaxiAlgorithmP2PCollector,1,5000,20,100,1,nearest,1,4,1,BASELINE,6,116264431,Client Travel Time [min],799.0,36480.0,9347.23,934723.0,100,35681.0
2026-05-08T17:37:40.489270800Z,TaxiAlgorithmP2PCollector,1,5000,20,100,1,nearest,1,4,1,BASELINE,6,116264431,Calculation Time [millis],0.0,173.0,0.43,16389.0,38542,173.0
2026-05-08T17:37:40.489270800Z,TaxiAlgorithmP2PCollector,1,5000,20,100,1,nearest,1,4,1,BASELINE,6,116264431,Custom Time [micros],0.0,0.0,0.0,0.0,38542,0.0
2026-05-08T17:37:57.592202800Z,TaxiAlgorithmP2PCollector,1,5000,20,100,1,nearest,1,4,1,BASELINE,7,116264432,Taxi Travel Distance [km],161.45,823.93,471.62,9432.39,20,662.48
2026-05-08T17:37:57.592202800Z,TaxiAlgorithmP2PCollector,1,5000,20,100,1,nearest,1,4,1,BASELINE,7,116264432,Client Waiting Time [min],1.22,502.55,81.45,7900.7,97,501.33
2026-05-08T17:37:57.592202800Z,TaxiAlgorithmP2PCollector,1,5000,20,100,1,nearest,1,4,1,BASELINE,7,116264432,Client Travel Time [min],344.0,33030.0,6786.61,678661.0,100,32686.0
2026-05-08T17:37:57.592202800Z,TaxiAlgorithmP2PCollector,1,5000,20,100,1,nearest,1,4,1,BASELINE,7,116264432,Calculation Time [millis],0.0,152.0,0.45,16695.0,37391,152.0
2026-05-08T17:37:57.592202800Z,TaxiAlgorithmP2PCollector,1,5000,20,100,1,nearest,1,4,1,BASELINE,7,116264432,Custom Time [micros],0.0,0.0,0.0,0.0,37391,0.0
2026-05-08T17:38:12.034233500Z,TaxiAlgorithmP2PCollector,1,5000,20,100,1,nearest,1,4,1,BASELINE,8,116264433,Taxi Travel Distance [km],46.35,728.89,461.96,9239.26,20,682.54
2026-05-08T17:38:12.034233500Z,TaxiAlgorithmP2PCollector,1,5000,20,100,1,nearest,1,4,1,BASELINE,8,116264433,Client Waiting Time [min],1.32,443.47,98.03,9411.27,96,442.15000000000003
2026-05-08T17:38:12.034233500Z,TaxiAlgorithmP2PCollector,1,5000,20,100,1,nearest,1,4,1,BASELINE,8,116264433,Client Travel Time [min],879.0,29604.0,7760.59,776059.0,100,28725.0
2026-05-08T17:38:12.034233500Z,TaxiAlgorithmP2PCollector,1,5000,20,100,1,nearest,1,4,1,BASELINE,8,116264433,Calculation Time [millis],0.0,177.0,0.42,13957.0,33294,177.0
2026-05-08T17:38:12.034233500Z,TaxiAlgorithmP2PCollector,1,5000,20,100,1,nearest,1,4,1,BASELINE,8,116264433,Custom Time [micros],0.0,0.0,0.0,0.0,33294,0.0
2026-05-08T17:38:24.776068200Z,TaxiAlgorithmP2PCollector,1,5000,20,100,1,nearest,1,4,1,BASELINE,9,116264434,Taxi Travel Distance [km],112.55,671.11,454.25,9085.0,20,558.5600000000001
2026-05-08T17:38:24.776068200Z,TaxiAlgorithmP2PCollector,1,5000,20,100,1,nearest,1,4,1,BASELINE,9,116264434,Client Waiting Time [min],0.9,409.58,97.12,9129.03,94,408.68
2026-05-08T17:38:24.776068200Z,TaxiAlgorithmP2PCollector,1,5000,20,100,1,nearest,1,4,1,BASELINE,9,116264434,Client Travel Time [min],793.0,26061.0,7403.2,740320.0,100,25268.0
2026-05-08T17:38:24.776068200Z,TaxiAlgorithmP2PCollector,1,5000,20,100,1,nearest,1,4,1,BASELINE,9,116264434,Calculation Time [millis],0.0,180.0,0.4,12246.0,30566,180.0
2026-05-08T17:38:24.776068200Z,TaxiAlgorithmP2PCollector,1,5000,20,100,1,nearest,1,4,1,BASELINE,9,116264434,Custom Time [micros],0.0,0.0,0.0,0.0,30566,0.0
2026-05-08T17:38:47.243849200Z,TaxiAlgorithmP2PCollector,1,5000,20,100,1,nearest,1,4,1,BASELINE,10,116264435,Taxi Travel Distance [km],8.62,1089.41,370.87,7417.47,20,1080.7900000000002
2026-05-08T17:38:47.243849200Z,TaxiAlgorithmP2PCollector,1,5000,20,100,1,nearest,1,4,1,BASELINE,10,116264435,Client Waiting Time [min],1.18,698.77,117.61,10114.23,86,697.59
2026-05-08T17:38:47.243849200Z,TaxiAlgorithmP2PCollector,1,5000,20,100,1,nearest,1,4,1,BASELINE,10,116264435,Client Travel Time [min],882.0,48961.0,11025.77,1102577.0,100,48079.0
2026-05-08T17:38:47.243849200Z,TaxiAlgorithmP2PCollector,1,5000,20,100,1,nearest,1,4,1,BASELINE,10,116264435,Calculation Time [millis],0.0,177.0,0.44,22010.0,49631,177.0
2026-05-08T17:38:47.243849200Z,TaxiAlgorithmP2PCollector,1,5000,20,100,1,nearest,1,4,1,BASELINE,10,116264435,Custom Time [micros],0.0,0.0,0.0,0.0,49631,0.0
2026-05-08T17:38:47.894898200Z,TaxiAlgorithmP2PCollector,1,10000,5,25,1,nearest,1,4,1,BASELINE,1,116264426,Taxi Travel Distance [km],88.91,125.59,110.93,554.66,5,36.68000000000001
2026-05-08T17:38:47.894898200Z,TaxiAlgorithmP2PCollector,1,10000,5,25,1,nearest,1,4,1,BASELINE,1,116264426,Client Waiting Time [min],2.25,173.07,15.28,336.25,22,170.82
2026-05-08T17:38:47.894898200Z,TaxiAlgorithmP2PCollector,1,10000,5,25,1,nearest,1,4,1,BASELINE,1,116264426,Client Travel Time [min],235.0,10759.0,1532.76,38319.0,25,10524.0
2026-05-08T17:38:47.894898200Z,TaxiAlgorithmP2PCollector,1,10000,5,25,1,nearest,1,4,1,BASELINE,1,116264426,Calculation Time [millis],0.0,0.0,0.03,386.0,14229,0.0
2026-05-08T17:38:47.894898200Z,TaxiAlgorithmP2PCollector,1,10000,5,25,1,nearest,1,4,1,BASELINE,1,116264426,Custom Time [micros],0.0,0.0,0.0,0.0,14229,0.0
2026-05-08T17:38:48.110899500Z,TaxiAlgorithmP2PCollector,1,10000,5,25,1,nearest,1,4,1,BASELINE,2,116264427,Taxi Travel Distance [km],90.72,109.68,98.62,493.08,5,18.960000000000008
2026-05-08T17:38:48.110899500Z,TaxiAlgorithmP2PCollector,1,10000,5,25,1,nearest,1,4,1,BASELINE,2,116264427,Client Waiting Time [min],1.3,47.23,10.47,261.68,25,45.93
2026-05-08T17:38:48.110899500Z,TaxiAlgorithmP2PCollector,1,10000,5,25,1,nearest,1,4,1,BASELINE,2,116264427,Client Travel Time [min],347.0,2894.0,1118.32,27958.0,25,2547.0
2026-05-08T17:38:48.110899500Z,TaxiAlgorithmP2PCollector,1,10000,5,25,1,nearest,1,4,1,BASELINE,2,116264427,Calculation Time [millis],0.0,0.0,0.02,129.0,5403,0.0
2026-05-08T17:38:48.110899500Z,TaxiAlgorithmP2PCollector,1,10000,5,25,1,nearest,1,4,1,BASELINE,2,116264427,Custom Time [micros],0.0,0.0,0.0,0.0,5403,0.0
2026-05-08T17:38:48.298911600Z,TaxiAlgorithmP2PCollector,1,10000,5,25,1,nearest,1,4,1,BASELINE,3,116264428,Taxi Travel Distance [km],99.96,123.62,110.26,551.28,5,23.66000000000001
2026-05-08T17:38:48.298911600Z,TaxiAlgorithmP2PCollector,1,10000,5,25,1,nearest,1,4,1,BASELINE,3,116264428,Client Waiting Time [min],0.95,46.93,10.8,270.08,25,45.98
2026-05-08T17:38:48.298911600Z,TaxiAlgorithmP2PCollector,1,10000,5,25,1,nearest,1,4,1,BASELINE,3,116264428,Client Travel Time [min],245.0,3212.0,1122.0,28050.0,25,2967.0
2026-05-08T17:38:48.298911600Z,TaxiAlgorithmP2PCollector,1,10000,5,25,1,nearest,1,4,1,BASELINE,3,116264428,Calculation Time [millis],0.0,0.0,0.02,129.0,6487,0.0
2026-05-08T17:38:48.298911600Z,TaxiAlgorithmP2PCollector,1,10000,5,25,1,nearest,1,4,1,BASELINE,3,116264428,Custom Time [micros],0.0,0.0,0.0,0.0,6487,0.0
2026-05-08T17:38:48.472909100Z,TaxiAlgorithmP2PCollector,1,10000,5,25,1,nearest,1,4,1,BASELINE,4,116264429,Taxi Travel Distance [km],93.89,112.46,104.25,521.23,5,18.569999999999993
2026-05-08T17:38:48.472909100Z,TaxiAlgorithmP2PCollector,1,10000,5,25,1,nearest,1,4,1,BASELINE,4,116264429,Client Waiting Time [min],2.55,28.27,10.3,257.47,25,25.72
2026-05-08T17:38:48.472909100Z,TaxiAlgorithmP2PCollector,1,10000,5,25,1,nearest,1,4,1,BASELINE,4,116264429,Client Travel Time [min],304.0,1929.0,1072.96,26824.0,25,1625.0
2026-05-08T17:38:48.472909100Z,TaxiAlgorithmP2PCollector,1,10000,5,25,1,nearest,1,4,1,BASELINE,4,116264429,Calculation Time [millis],0.0,0.0,0.02,109.0,5946,0.0
2026-05-08T17:38:48.472909100Z,TaxiAlgorithmP2PCollector,1,10000,5,25,1,nearest,1,4,1,BASELINE,4,116264429,Custom Time [micros],0.0,0.0,0.0,0.0,5946,0.0
2026-05-08T17:38:48.630945Z,TaxiAlgorithmP2PCollector,1,10000,5,25,1,nearest,1,4,1,BASELINE,5,116264430,Taxi Travel Distance [km],81.36,104.56,95.69,478.44,5,23.200000000000003
2026-05-08T17:38:48.630945Z,TaxiAlgorithmP2PCollector,1,10000,5,25,1,nearest,1,4,1,BASELINE,5,116264430,Client Waiting Time [min],4.32,41.27,12.21,305.33,25,36.95
2026-05-08T17:38:48.630945Z,TaxiAlgorithmP2PCollector,1,10000,5,25,1,nearest,1,4,1,BASELINE,5,116264430,Client Travel Time [min],446.0,2842.0,1193.6,29840.0,25,2396.0
2026-05-08T17:38:48.630945Z,TaxiAlgorithmP2PCollector,1,10000,5,25,1,nearest,1,4,1,BASELINE,5,116264430,Calculation Time [millis],0.0,0.0,0.02,104.0,6254,0.0
2026-05-08T17:38:48.630945Z,TaxiAlgorithmP2PCollector,1,10000,5,25,1,nearest,1,4,1,BASELINE,5,116264430,Custom Time [micros],0.0,0.0,0.0,0.0,6254,0.0
2026-05-08T17:38:48.861853200Z,TaxiAlgorithmP2PCollector,1,10000,5,25,1,nearest,1,4,1,BASELINE,6,116264431,Taxi Travel Distance [km],88.48,139.7,106.27,531.36,5,51.219999999999985
2026-05-08T17:38:48.861853200Z,TaxiAlgorithmP2PCollector,1,10000,5,25,1,nearest,1,4,1,BASELINE,6,116264431,Client Waiting Time [min],1.17,35.42,11.09,277.35,25,34.25
2026-05-08T17:38:48.861853200Z,TaxiAlgorithmP2PCollector,1,10000,5,25,1,nearest,1,4,1,BASELINE,6,116264431,Client Travel Time [min],442.0,2781.0,1129.76,28244.0,25,2339.0
2026-05-08T17:38:48.861853200Z,TaxiAlgorithmP2PCollector,1,10000,5,25,1,nearest,1,4,1,BASELINE,6,116264431,Calculation Time [millis],0.0,0.0,0.02,143.0,6906,0.0
2026-05-08T17:38:48.861853200Z,TaxiAlgorithmP2PCollector,1,10000,5,25,1,nearest,1,4,1,BASELINE,6,116264431,Custom Time [micros],0.0,0.0,0.0,0.0,6906,0.0
2026-05-08T17:38:49.078853700Z,TaxiAlgorithmP2PCollector,1,10000,5,25,1,nearest,1,4,1,BASELINE,7,116264432,Taxi Travel Distance [km],85.44,123.26,108.33,541.65,5,37.82000000000001
2026-05-08T17:38:49.078853700Z,TaxiAlgorithmP2PCollector,1,10000,5,25,1,nearest,1,4,1,BASELINE,7,116264432,Client Waiting Time [min],0.77,25.2,9.75,243.87,25,24.43
2026-05-08T17:38:49.078853700Z,TaxiAlgorithmP2PCollector,1,10000,5,25,1,nearest,1,4,1,BASELINE,7,116264432,Client Travel Time [min],336.0,2003.0,1051.08,26277.0,25,1667.0
2026-05-08T17:38:49.078853700Z,TaxiAlgorithmP2PCollector,1,10000,5,25,1,nearest,1,4,1,BASELINE,7,116264432,Calculation Time [millis],0.0,38.0,0.03,158.0,6169,38.0
2026-05-08T17:38:49.078853700Z,TaxiAlgorithmP2PCollector,1,10000,5,25,1,nearest,1,4,1,BASELINE,7,116264432,Custom Time [micros],0.0,0.0,0.0,0.0,6169,0.0
2026-05-08T17:38:49.250473700Z,TaxiAlgorithmP2PCollector,1,10000,5,25,1,nearest,1,4,1,BASELINE,8,116264433,Taxi Travel Distance [km],85.85,103.68,94.86,474.28,5,17.830000000000013
2026-05-08T17:38:49.250473700Z,TaxiAlgorithmP2PCollector,1,10000,5,25,1,nearest,1,4,1,BASELINE,8,116264433,Client Waiting Time [min],1.1,21.87,8.41,210.2,25,20.77
2026-05-08T17:38:49.250473700Z,TaxiAlgorithmP2PCollector,1,10000,5,25,1,nearest,1,4,1,BASELINE,8,116264433,Client Travel Time [min],296.0,1897.0,1032.44,25811.0,25,1601.0
2026-05-08T17:38:49.250473700Z,TaxiAlgorithmP2PCollector,1,10000,5,25,1,nearest,1,4,1,BASELINE,8,116264433,Calculation Time [millis],0.0,0.0,0.02,120.0,5670,0.0
2026-05-08T17:38:49.250473700Z,TaxiAlgorithmP2PCollector,1,10000,5,25,1,nearest,1,4,1,BASELINE,8,116264433,Custom Time [micros],0.0,0.0,0.0,0.0,5670,0.0
2026-05-08T17:38:49.406472800Z,TaxiAlgorithmP2PCollector,1,10000,5,25,1,nearest,1,4,1,BASELINE,9,116264434,Taxi Travel Distance [km],78.77,123.61,95.48,477.38,5,44.84
2026-05-08T17:38:49.406472800Z,TaxiAlgorithmP2PCollector,1,10000,5,25,1,nearest,1,4,1,BASELINE,9,116264434,Client Waiting Time [min],0.18,30.8,10.46,261.4,25,30.62
2026-05-08T17:38:49.406472800Z,TaxiAlgorithmP2PCollector,1,10000,5,25,1,nearest,1,4,1,BASELINE,9,116264434,Client Travel Time [min],197.0,2209.0,1020.96,25524.0,25,2012.0
2026-05-08T17:38:49.406472800Z,TaxiAlgorithmP2PCollector,1,10000,5,25,1,nearest,1,4,1,BASELINE,9,116264434,Calculation Time [millis],0.0,0.0,0.02,106.0,6444,0.0
2026-05-08T17:38:49.406472800Z,TaxiAlgorithmP2PCollector,1,10000,5,25,1,nearest,1,4,1,BASELINE,9,116264434,Custom Time [micros],0.0,0.0,0.0,0.0,6444,0.0
2026-05-08T17:38:49.578473700Z,TaxiAlgorithmP2PCollector,1,10000,5,25,1,nearest,1,4,1,BASELINE,10,116264435,Taxi Travel Distance [km],66.84,100.85,83.86,419.28,5,34.00999999999999
2026-05-08T17:38:49.578473700Z,TaxiAlgorithmP2PCollector,1,10000,5,25,1,nearest,1,4,1,BASELINE,10,116264435,Client Waiting Time [min],2.02,28.6,9.04,225.98,25,26.580000000000002
2026-05-08T17:38:49.578473700Z,TaxiAlgorithmP2PCollector,1,10000,5,25,1,nearest,1,4,1,BASELINE,10,116264435,Client Travel Time [min],318.0,1843.0,892.72,22318.0,25,1525.0
2026-05-08T17:38:49.578473700Z,TaxiAlgorithmP2PCollector,1,10000,5,25,1,nearest,1,4,1,BASELINE,10,116264435,Calculation Time [millis],0.0,0.0,0.01,88.0,6638,0.0
2026-05-08T17:38:49.578473700Z,TaxiAlgorithmP2PCollector,1,10000,5,25,1,nearest,1,4,1,BASELINE,10,116264435,Custom Time [micros],0.0,0.0,0.0,0.0,6638,0.0
2026-05-08T17:38:49.670473100Z,TaxiAlgorithmP2PCollector,1,10000,10,25,1,nearest,1,4,1,BASELINE,1,116264426,Taxi Travel Distance [km],22.78,76.48,48.34,483.45,10,53.7
2026-05-08T17:38:49.670473100Z,TaxiAlgorithmP2PCollector,1,10000,10,25,1,nearest,1,4,1,BASELINE,1,116264426,Client Waiting Time [min],0.83,15.23,5.91,147.73,25,14.4
2026-05-08T17:38:49.670473100Z,TaxiAlgorithmP2PCollector,1,10000,10,25,1,nearest,1,4,1,BASELINE,1,116264426,Client Travel Time [min],92.0,1545.0,808.44,20211.0,25,1453.0
2026-05-08T17:38:49.670473100Z,TaxiAlgorithmP2PCollector,1,10000,10,25,1,nearest,1,4,1,BASELINE,1,116264426,Calculation Time [millis],0.0,0.0,0.01,38.0,6088,0.0
2026-05-08T17:38:49.670473100Z,TaxiAlgorithmP2PCollector,1,10000,10,25,1,nearest,1,4,1,BASELINE,1,116264426,Custom Time [micros],0.0,0.0,0.0,0.0,6088,0.0
2026-05-08T17:38:49.762364800Z,TaxiAlgorithmP2PCollector,1,10000,10,25,1,nearest,1,4,1,BASELINE,2,116264427,Taxi Travel Distance [km],20.37,74.66,48.76,487.61,10,54.28999999999999
2026-05-08T17:38:49.762364800Z,TaxiAlgorithmP2PCollector,1,10000,10,25,1,nearest,1,4,1,BASELINE,2,116264427,Client Waiting Time [min],0.55,12.12,5.14,128.62,25,11.569999999999999
2026-05-08T17:38:49.762364800Z,TaxiAlgorithmP2PCollector,1,10000,10,25,1,nearest,1,4,1,BASELINE,2,116264427,Client Travel Time [min],314.0,1664.0,831.36,20784.0,25,1350.0
2026-05-08T17:38:49.762364800Z,TaxiAlgorithmP2PCollector,1,10000,10,25,1,nearest,1,4,1,BASELINE,2,116264427,Calculation Time [millis],0.0,0.0,0.01,29.0,4921,0.0
2026-05-08T17:38:49.762364800Z,TaxiAlgorithmP2PCollector,1,10000,10,25,1,nearest,1,4,1,BASELINE,2,116264427,Custom Time [micros],0.0,0.0,0.0,0.0,4921,0.0
2026-05-08T17:38:49.887491600Z,TaxiAlgorithmP2PCollector,1,10000,10,25,1,nearest,1,4,1,BASELINE,3,116264428,Taxi Travel Distance [km],13.96,105.15,54.24,542.43,10,91.19
2026-05-08T17:38:49.887491600Z,TaxiAlgorithmP2PCollector,1,10000,10,25,1,nearest,1,4,1,BASELINE,3,116264428,Client Waiting Time [min],0.83,14.78,5.74,143.55,25,13.95
2026-05-08T17:38:49.887491600Z,TaxiAlgorithmP2PCollector,1,10000,10,25,1,nearest,1,4,1,BASELINE,3,116264428,Client Travel Time [min],323.0,1624.0,849.48,21237.0,25,1301.0
2026-05-08T17:38:49.887491600Z,TaxiAlgorithmP2PCollector,1,10000,10,25,1,nearest,1,4,1,BASELINE,3,116264428,Calculation Time [millis],0.0,0.0,0.01,56.0,5984,0.0
2026-05-08T17:38:49.887491600Z,TaxiAlgorithmP2PCollector,1,10000,10,25,1,nearest,1,4,1,BASELINE,3,116264428,Custom Time [micros],0.0,0.0,0.0,0.0,5984,0.0
2026-05-08T17:38:49.979490700Z,TaxiAlgorithmP2PCollector,1,10000,10,25,1,nearest,1,4,1,BASELINE,4,116264429,Taxi Travel Distance [km],26.76,96.3,55.24,552.42,10,69.53999999999999
2026-05-08T17:38:49.979490700Z,TaxiAlgorithmP2PCollector,1,10000,10,25,1,nearest,1,4,1,BASELINE,4,116264429,Client Waiting Time [min],1.98,11.75,7.3,182.53,25,9.77
2026-05-08T17:38:49.979490700Z,TaxiAlgorithmP2PCollector,1,10000,10,25,1,nearest,1,4,1,BASELINE,4,116264429,Client Travel Time [min],267.0,1228.0,910.72,22768.0,25,961.0
2026-05-08T17:38:49.979490700Z,TaxiAlgorithmP2PCollector,1,10000,10,25,1,nearest,1,4,1,BASELINE,4,116264429,Calculation Time [millis],0.0,0.0,0.0,22.0,5802,0.0
2026-05-08T17:38:49.979490700Z,TaxiAlgorithmP2PCollector,1,10000,10,25,1,nearest,1,4,1,BASELINE,4,116264429,Custom Time [micros],0.0,0.0,0.0,0.0,5802,0.0
2026-05-08T17:38:50.042492100Z,TaxiAlgorithmP2PCollector,1,10000,10,25,1,nearest,1,4,1,BASELINE,5,116264430,Taxi Travel Distance [km],9.02,64.32,41.75,417.55,10,55.3
2026-05-08T17:38:50.042492100Z,TaxiAlgorithmP2PCollector,1,10000,10,25,1,nearest,1,4,1,BASELINE,5,116264430,Client Waiting Time [min],0.85,9.75,4.82,120.52,25,8.9
2026-05-08T17:38:50.042492100Z,TaxiAlgorithmP2PCollector,1,10000,10,25,1,nearest,1,4,1,BASELINE,5,116264430,Client Travel Time [min],216.0,1133.0,754.28,18857.0,25,917.0
2026-05-08T17:38:50.042492100Z,TaxiAlgorithmP2PCollector,1,10000,10,25,1,nearest,1,4,1,BASELINE,5,116264430,Calculation Time [millis],0.0,0.0,0.0,8.0,5593,0.0
2026-05-08T17:38:50.042492100Z,TaxiAlgorithmP2PCollector,1,10000,10,25,1,nearest,1,4,1,BASELINE,5,116264430,Custom Time [micros],0.0,0.0,0.0,0.0,5593,0.0
2026-05-08T17:38:50.170490100Z,TaxiAlgorithmP2PCollector,1,10000,10,25,1,nearest,1,4,1,BASELINE,6,116264431,Taxi Travel Distance [km],29.45,85.64,55.91,559.14,10,56.19
2026-05-08T17:38:50.170490100Z,TaxiAlgorithmP2PCollector,1,10000,10,25,1,nearest,1,4,1,BASELINE,6,116264431,Client Waiting Time [min],0.82,18.98,6.11,152.72,25,18.16
2026-05-08T17:38:50.170490100Z,TaxiAlgorithmP2PCollector,1,10000,10,25,1,nearest,1,4,1,BASELINE,6,116264431,Client Travel Time [min],229.0,1700.0,869.88,21747.0,25,1471.0
2026-05-08T17:38:50.170490100Z,TaxiAlgorithmP2PCollector,1,10000,10,25,1,nearest,1,4,1,BASELINE,6,116264431,Calculation Time [millis],0.0,0.0,0.01,78.0,5983,0.0
2026-05-08T17:38:50.170490100Z,TaxiAlgorithmP2PCollector,1,10000,10,25,1,nearest,1,4,1,BASELINE,6,116264431,Custom Time [micros],0.0,0.0,0.0,0.0,5983,0.0
2026-05-08T17:38:50.247489900Z,TaxiAlgorithmP2PCollector,1,10000,10,25,1,nearest,1,4,1,BASELINE,7,116264432,Taxi Travel Distance [km],21.28,107.37,47.31,473.06,10,86.09
2026-05-08T17:38:50.247489900Z,TaxiAlgorithmP2PCollector,1,10000,10,25,1,nearest,1,4,1,BASELINE,7,116264432,Client Waiting Time [min],0.45,13.27,6.07,151.82,25,12.82
2026-05-08T17:38:50.247489900Z,TaxiAlgorithmP2PCollector,1,10000,10,25,1,nearest,1,4,1,BASELINE,7,116264432,Client Travel Time [min],252.0,1281.0,829.88,20747.0,25,1029.0
2026-05-08T17:38:50.247489900Z,TaxiAlgorithmP2PCollector,1,10000,10,25,1,nearest,1,4,1,BASELINE,7,116264432,Calculation Time [millis],0.0,0.0,0.0,18.0,5781,0.0
2026-05-08T17:38:50.247489900Z,TaxiAlgorithmP2PCollector,1,10000,10,25,1,nearest,1,4,1,BASELINE,7,116264432,Custom Time [micros],0.0,0.0,0.0,0.0,5781,0.0
2026-05-08T17:38:50.466492400Z,TaxiAlgorithmP2PCollector,1,10000,10,25,1,nearest,1,4,1,BASELINE,8,116264433,Taxi Travel Distance [km],44.16,89.65,65.08,650.84,10,45.49000000000001
2026-05-08T17:38:50.466492400Z,TaxiAlgorithmP2PCollector,1,10000,10,25,1,nearest,1,4,1,BASELINE,8,116264433,Client Waiting Time [min],0.73,19.77,7.16,178.93,25,19.04
2026-05-08T17:38:50.466492400Z,TaxiAlgorithmP2PCollector,1,10000,10,25,1,nearest,1,4,1,BASELINE,8,116264433,Client Travel Time [min],262.0,1887.0,972.08,24302.0,25,1625.0
2026-05-08T17:38:50.466492400Z,TaxiAlgorithmP2PCollector,1,10000,10,25,1,nearest,1,4,1,BASELINE,8,116264433,Calculation Time [millis],0.0,0.0,0.03,147.0,5783,0.0
2026-05-08T17:38:50.466492400Z,TaxiAlgorithmP2PCollector,1,10000,10,25,1,nearest,1,4,1,BASELINE,8,116264433,Custom Time [micros],0.0,0.0,0.0,0.0,5783,0.0
2026-05-08T17:38:50.573491900Z,TaxiAlgorithmP2PCollector,1,10000,10,25,1,nearest,1,4,1,BASELINE,9,116264434,Taxi Travel Distance [km],0.72,69.05,41.39,413.9,10,68.33
2026-05-08T17:38:50.573491900Z,TaxiAlgorithmP2PCollector,1,10000,10,25,1,nearest,1,4,1,BASELINE,9,116264434,Client Waiting Time [min],1.78,12.07,5.97,149.22,25,10.290000000000001
2026-05-08T17:38:50.573491900Z,TaxiAlgorithmP2PCollector,1,10000,10,25,1,nearest,1,4,1,BASELINE,9,116264434,Client Travel Time [min],263.0,1476.0,746.0,18650.0,25,1213.0
2026-05-08T17:38:50.573491900Z,TaxiAlgorithmP2PCollector,1,10000,10,25,1,nearest,1,4,1,BASELINE,9,116264434,Calculation Time [millis],0.0,0.0,0.0,12.0,5711,0.0
2026-05-08T17:38:50.573491900Z,TaxiAlgorithmP2PCollector,1,10000,10,25,1,nearest,1,4,1,BASELINE,9,116264434,Custom Time [micros],0.0,0.0,0.0,0.0,5711,0.0
2026-05-08T17:38:50.665489900Z,TaxiAlgorithmP2PCollector,1,10000,10,25,1,nearest,1,4,1,BASELINE,10,116264435,Taxi Travel Distance [km],15.71,62.32,40.38,403.82,10,46.61
2026-05-08T17:38:50.665489900Z,TaxiAlgorithmP2PCollector,1,10000,10,25,1,nearest,1,4,1,BASELINE,10,116264435,Client Waiting Time [min],1.17,12.43,5.62,140.58,25,11.26
2026-05-08T17:38:50.665489900Z,TaxiAlgorithmP2PCollector,1,10000,10,25,1,nearest,1,4,1,BASELINE,10,116264435,Client Travel Time [min],251.0,1130.0,684.2,17105.0,25,879.0
2026-05-08T17:38:50.665489900Z,TaxiAlgorithmP2PCollector,1,10000,10,25,1,nearest,1,4,1,BASELINE,10,116264435,Calculation Time [millis],0.0,0.0,0.0,28.0,5998,0.0
2026-05-08T17:38:50.665489900Z,TaxiAlgorithmP2PCollector,1,10000,10,25,1,nearest,1,4,1,BASELINE,10,116264435,Custom Time [micros],0.0,0.0,0.0,0.0,5998,0.0
2026-05-08T17:38:51.537075500Z,TaxiAlgorithmP2PCollector,1,10000,10,50,1,nearest,1,4,1,BASELINE,1,116264426,Taxi Travel Distance [km],106.98,204.86,175.17,1751.66,10,97.88000000000001
2026-05-08T17:38:51.537075500Z,TaxiAlgorithmP2PCollector,1,10000,10,50,1,nearest,1,4,1,BASELINE,1,116264426,Client Waiting Time [min],1.83,95.23,21.87,1071.52,49,93.4
2026-05-08T17:38:51.537075500Z,TaxiAlgorithmP2PCollector,1,10000,10,50,1,nearest,1,4,1,BASELINE,1,116264426,Client Travel Time [min],604.0,6314.0,2141.54,107077.0,50,5710.0
2026-05-08T17:38:51.537075500Z,TaxiAlgorithmP2PCollector,1,10000,10,50,1,nearest,1,4,1,BASELINE,1,116264426,Calculation Time [millis],0.0,0.0,0.08,786.0,9614,0.0
2026-05-08T17:38:51.537075500Z,TaxiAlgorithmP2PCollector,1,10000,10,50,1,nearest,1,4,1,BASELINE,1,116264426,Custom Time [micros],0.0,0.0,0.0,0.0,9614,0.0
2026-05-08T17:38:52.438073700Z,TaxiAlgorithmP2PCollector,1,10000,10,50,1,nearest,1,4,1,BASELINE,2,116264427,Taxi Travel Distance [km],166.59,178.64,172.02,1720.21,10,12.049999999999983
2026-05-08T17:38:52.438073700Z,TaxiAlgorithmP2PCollector,1,10000,10,50,1,nearest,1,4,1,BASELINE,2,116264427,Client Waiting Time [min],0.38,119.52,21.49,1074.55,50,119.14
2026-05-08T17:38:52.438073700Z,TaxiAlgorithmP2PCollector,1,10000,10,50,1,nearest,1,4,1,BASELINE,2,116264427,Client Travel Time [min],377.0,7253.0,2090.26,104513.0,50,6876.0
2026-05-08T17:38:52.438073700Z,TaxiAlgorithmP2PCollector,1,10000,10,50,1,nearest,1,4,1,BASELINE,2,116264427,Calculation Time [millis],0.0,39.0,0.09,763.0,8237,39.0
2026-05-08T17:38:52.438073700Z,TaxiAlgorithmP2PCollector,1,10000,10,50,1,nearest,1,4,1,BASELINE,2,116264427,Custom Time [micros],0.0,0.0,0.0,0.0,8237,0.0
2026-05-08T17:38:53.311115500Z,TaxiAlgorithmP2PCollector,1,10000,10,50,1,nearest,1,4,1,BASELINE,3,116264428,Taxi Travel Distance [km],113.53,204.79,158.71,1587.08,10,91.25999999999999
2026-05-08T17:38:53.311115500Z,TaxiAlgorithmP2PCollector,1,10000,10,50,1,nearest,1,4,1,BASELINE,3,116264428,Client Waiting Time [min],1.07,81.67,20.73,1036.45,50,80.60000000000001
2026-05-08T17:38:53.311115500Z,TaxiAlgorithmP2PCollector,1,10000,10,50,1,nearest,1,4,1,BASELINE,3,116264428,Client Travel Time [min],520.0,5303.0,2041.82,102091.0,50,4783.0
2026-05-08T17:38:53.311115500Z,TaxiAlgorithmP2PCollector,1,10000,10,50,1,nearest,1,4,1,BASELINE,3,116264428,Calculation Time [millis],0.0,0.0,0.08,793.0,10160,0.0
2026-05-08T17:38:53.311115500Z,TaxiAlgorithmP2PCollector,1,10000,10,50,1,nearest,1,4,1,BASELINE,3,116264428,Custom Time [micros],0.0,0.0,0.0,0.0,10160,0.0
2026-05-08T17:38:56.100238800Z,TaxiAlgorithmP2PCollector,1,10000,10,50,1,nearest,1,4,1,BASELINE,4,116264429,Taxi Travel Distance [km],87.89,241.8,163.59,1635.91,10,153.91000000000003
2026-05-08T17:38:56.100238800Z,TaxiAlgorithmP2PCollector,1,10000,10,50,1,nearest,1,4,1,BASELINE,4,116264429,Client Waiting Time [min],1.8,143.03,23.93,1172.78,49,141.23
2026-05-08T17:38:56.100238800Z,TaxiAlgorithmP2PCollector,1,10000,10,50,1,nearest,1,4,1,BASELINE,4,116264429,Client Travel Time [min],403.0,20578.0,2620.8,131040.0,50,20175.0
2026-05-08T17:38:56.100238800Z,TaxiAlgorithmP2PCollector,1,10000,10,50,1,nearest,1,4,1,BASELINE,4,116264429,Calculation Time [millis],0.0,75.0,0.1,2602.0,25532,75.0
2026-05-08T17:38:56.100238800Z,TaxiAlgorithmP2PCollector,1,10000,10,50,1,nearest,1,4,1,BASELINE,4,116264429,Custom Time [micros],0.0,0.0,0.0,0.0,25532,0.0
2026-05-08T17:38:57.029241100Z,TaxiAlgorithmP2PCollector,1,10000,10,50,1,nearest,1,4,1,BASELINE,5,116264430,Taxi Travel Distance [km],124.33,192.93,167.74,1677.4,10,68.60000000000001
2026-05-08T17:38:57.029241100Z,TaxiAlgorithmP2PCollector,1,10000,10,50,1,nearest,1,4,1,BASELINE,5,116264430,Client Waiting Time [min],1.72,109.98,31.27,1563.55,50,108.26
2026-05-08T17:38:57.029241100Z,TaxiAlgorithmP2PCollector,1,10000,10,50,1,nearest,1,4,1,BASELINE,5,116264430,Client Travel Time [min],785.0,6611.0,2762.08,138104.0,50,5826.0
2026-05-08T17:38:57.029241100Z,TaxiAlgorithmP2PCollector,1,10000,10,50,1,nearest,1,4,1,BASELINE,5,116264430,Calculation Time [millis],0.0,0.0,0.08,789.0,9387,0.0
2026-05-08T17:38:57.029241100Z,TaxiAlgorithmP2PCollector,1,10000,10,50,1,nearest,1,4,1,BASELINE,5,116264430,Custom Time [micros],0.0,0.0,0.0,0.0,9387,0.0
2026-05-08T17:38:57.914240200Z,TaxiAlgorithmP2PCollector,1,10000,10,50,1,nearest,1,4,1,BASELINE,6,116264431,Taxi Travel Distance [km],129.6,202.12,170.82,1708.23,10,72.52000000000001
2026-05-08T17:38:57.914240200Z,TaxiAlgorithmP2PCollector,1,10000,10,50,1,nearest,1,4,1,BASELINE,6,116264431,Client Waiting Time [min],1.1,87.98,22.48,1123.83,50,86.88000000000001
2026-05-08T17:38:57.914240200Z,TaxiAlgorithmP2PCollector,1,10000,10,50,1,nearest,1,4,1,BASELINE,6,116264431,Client Travel Time [min],372.0,6929.0,2330.48,116524.0,50,6557.0
2026-05-08T17:38:57.914240200Z,TaxiAlgorithmP2PCollector,1,10000,10,50,1,nearest,1,4,1,BASELINE,6,116264431,Calculation Time [millis],0.0,32.0,0.08,727.0,9473,32.0
2026-05-08T17:38:57.914240200Z,TaxiAlgorithmP2PCollector,1,10000,10,50,1,nearest,1,4,1,BASELINE,6,116264431,Custom Time [micros],0.0,0.0,0.0,0.0,9473,0.0
2026-05-08T17:38:59.741239700Z,TaxiAlgorithmP2PCollector,1,10000,10,50,1,nearest,1,4,1,BASELINE,7,116264432,Taxi Travel Distance [km],8.92,278.3,157.62,1576.23,10,269.38
2026-05-08T17:38:59.741239700Z,TaxiAlgorithmP2PCollector,1,10000,10,50,1,nearest,1,4,1,BASELINE,7,116264432,Client Waiting Time [min],0.52,204.08,40.99,2008.58,49,203.56
2026-05-08T17:38:59.741239700Z,TaxiAlgorithmP2PCollector,1,10000,10,50,1,nearest,1,4,1,BASELINE,7,116264432,Client Travel Time [min],160.0,12592.0,3435.5,171775.0,50,12432.0
2026-05-08T17:38:59.741239700Z,TaxiAlgorithmP2PCollector,1,10000,10,50,1,nearest,1,4,1,BASELINE,7,116264432,Calculation Time [millis],0.0,45.0,0.11,1687.0,15612,45.0
2026-05-08T17:38:59.741239700Z,TaxiAlgorithmP2PCollector,1,10000,10,50,1,nearest,1,4,1,BASELINE,7,116264432,Custom Time [micros],0.0,0.0,0.0,0.0,15612,0.0
2026-05-08T17:39:00.673536900Z,TaxiAlgorithmP2PCollector,1,10000,10,50,1,nearest,1,4,1,BASELINE,8,116264433,Taxi Travel Distance [km],95.88,189.41,158.52,1585.24,10,93.53
2026-05-08T17:39:00.673536900Z,TaxiAlgorithmP2PCollector,1,10000,10,50,1,nearest,1,4,1,BASELINE,8,116264433,Client Waiting Time [min],1.3,107.07,28.8,1439.8,50,105.77
2026-05-08T17:39:00.673536900Z,TaxiAlgorithmP2PCollector,1,10000,10,50,1,nearest,1,4,1,BASELINE,8,116264433,Client Travel Time [min],534.0,6910.0,2578.62,128931.0,50,6376.0
2026-05-08T17:39:00.673536900Z,TaxiAlgorithmP2PCollector,1,10000,10,50,1,nearest,1,4,1,BASELINE,8,116264433,Calculation Time [millis],0.0,0.0,0.09,808.0,9343,0.0
2026-05-08T17:39:00.673536900Z,TaxiAlgorithmP2PCollector,1,10000,10,50,1,nearest,1,4,1,BASELINE,8,116264433,Custom Time [micros],0.0,0.0,0.0,0.0,9343,0.0
2026-05-08T17:39:01.831820100Z,TaxiAlgorithmP2PCollector,1,10000,10,50,1,nearest,1,4,1,BASELINE,9,116264434,Taxi Travel Distance [km],105.49,257.92,178.09,1780.9,10,152.43
2026-05-08T17:39:01.831820100Z,TaxiAlgorithmP2PCollector,1,10000,10,50,1,nearest,1,4,1,BASELINE,9,116264434,Client Waiting Time [min],0.25,123.83,29.47,1443.98,49,123.58
2026-05-08T17:39:01.831820100Z,TaxiAlgorithmP2PCollector,1,10000,10,50,1,nearest,1,4,1,BASELINE,9,116264434,Client Travel Time [min],91.0,8679.0,2693.38,134669.0,50,8588.0
2026-05-08T17:39:01.831820100Z,TaxiAlgorithmP2PCollector,1,10000,10,50,1,nearest,1,4,1,BASELINE,9,116264434,Calculation Time [millis],0.0,27.0,0.08,983.0,12403,27.0
2026-05-08T17:39:01.831820100Z,TaxiAlgorithmP2PCollector,1,10000,10,50,1,nearest,1,4,1,BASELINE,9,116264434,Custom Time [micros],0.0,0.0,0.0,0.0,12403,0.0
2026-05-08T17:39:02.742516100Z,TaxiAlgorithmP2PCollector,1,10000,10,50,1,nearest,1,4,1,BASELINE,10,116264435,Taxi Travel Distance [km],121.02,198.32,161.36,1613.59,10,77.3
2026-05-08T17:39:02.742516100Z,TaxiAlgorithmP2PCollector,1,10000,10,50,1,nearest,1,4,1,BASELINE,10,116264435,Client Waiting Time [min],0.58,71.57,19.36,968.05,50,70.99
2026-05-08T17:39:02.742516100Z,TaxiAlgorithmP2PCollector,1,10000,10,50,1,nearest,1,4,1,BASELINE,10,116264435,Client Travel Time [min],488.0,5515.0,2068.28,103414.0,50,5027.0
2026-05-08T17:39:02.742516100Z,TaxiAlgorithmP2PCollector,1,10000,10,50,1,nearest,1,4,1,BASELINE,10,116264435,Calculation Time [millis],0.0,0.0,0.08,780.0,9564,0.0
2026-05-08T17:39:02.742516100Z,TaxiAlgorithmP2PCollector,1,10000,10,50,1,nearest,1,4,1,BASELINE,10,116264435,Custom Time [micros],0.0,0.0,0.0,0.0,9564,0.0
2026-05-08T17:39:04.459516400Z,TaxiAlgorithmP2PCollector,1,10000,20,50,1,nearest,1,4,1,BASELINE,1,116264426,Taxi Travel Distance [km],43.9,130.85,103.01,2060.21,20,86.94999999999999
2026-05-08T17:39:04.459516400Z,TaxiAlgorithmP2PCollector,1,10000,20,50,1,nearest,1,4,1,BASELINE,1,116264426,Client Waiting Time [min],0.48,25.18,8.77,438.58,50,24.7
2026-05-08T17:39:04.459516400Z,TaxiAlgorithmP2PCollector,1,10000,20,50,1,nearest,1,4,1,BASELINE,1,116264426,Client Travel Time [min],356.0,2644.0,1379.74,68987.0,50,2288.0
2026-05-08T17:39:04.459516400Z,TaxiAlgorithmP2PCollector,1,10000,20,50,1,nearest,1,4,1,BASELINE,1,116264426,Calculation Time [millis],0.0,23.0,0.23,1550.0,6596,23.0
2026-05-08T17:39:04.459516400Z,TaxiAlgorithmP2PCollector,1,10000,20,50,1,nearest,1,4,1,BASELINE,1,116264426,Custom Time [micros],0.0,0.0,0.0,0.0,6596,0.0
2026-05-08T17:39:06.214206800Z,TaxiAlgorithmP2PCollector,1,10000,20,50,1,nearest,1,4,1,BASELINE,2,116264427,Taxi Travel Distance [km],60.32,141.5,102.31,2046.13,20,81.18
2026-05-08T17:39:06.214206800Z,TaxiAlgorithmP2PCollector,1,10000,20,50,1,nearest,1,4,1,BASELINE,2,116264427,Client Waiting Time [min],1.18,51.85,10.8,529.13,49,50.67
2026-05-08T17:39:06.214206800Z,TaxiAlgorithmP2PCollector,1,10000,20,50,1,nearest,1,4,1,BASELINE,2,116264427,Client Travel Time [min],311.0,4106.0,1523.5,76175.0,50,3795.0
2026-05-08T17:39:06.214206800Z,TaxiAlgorithmP2PCollector,1,10000,20,50,1,nearest,1,4,1,BASELINE,2,116264427,Calculation Time [millis],0.0,24.0,0.24,1552.0,6598,24.0
2026-05-08T17:39:06.214206800Z,TaxiAlgorithmP2PCollector,1,10000,20,50,1,nearest,1,4,1,BASELINE,2,116264427,Custom Time [micros],0.0,0.0,0.0,0.0,6598,0.0
2026-05-08T17:39:08.042623700Z,TaxiAlgorithmP2PCollector,1,10000,20,50,1,nearest,1,4,1,BASELINE,3,116264428,Taxi Travel Distance [km],73.59,137.34,108.56,2171.23,20,63.75
2026-05-08T17:39:08.042623700Z,TaxiAlgorithmP2PCollector,1,10000,20,50,1,nearest,1,4,1,BASELINE,3,116264428,Client Waiting Time [min],0.58,62.88,9.6,479.8,50,62.300000000000004
2026-05-08T17:39:08.042623700Z,TaxiAlgorithmP2PCollector,1,10000,20,50,1,nearest,1,4,1,BASELINE,3,116264428,Client Travel Time [min],485.0,4686.0,1462.2,73110.0,50,4201.0
2026-05-08T17:39:08.042623700Z,TaxiAlgorithmP2PCollector,1,10000,20,50,1,nearest,1,4,1,BASELINE,3,116264428,Calculation Time [millis],0.0,28.0,0.23,1634.0,7162,28.0
2026-05-08T17:39:08.042623700Z,TaxiAlgorithmP2PCollector,1,10000,20,50,1,nearest,1,4,1,BASELINE,3,116264428,Custom Time [micros],0.0,0.0,0.0,0.0,7162,0.0
2026-05-08T17:39:09.902177300Z,TaxiAlgorithmP2PCollector,1,10000,20,50,1,nearest,1,4,1,BASELINE,4,116264429,Taxi Travel Distance [km],10.45,131.63,101.91,2038.12,20,121.17999999999999
2026-05-08T17:39:09.902177300Z,TaxiAlgorithmP2PCollector,1,10000,20,50,1,nearest,1,4,1,BASELINE,4,116264429,Client Waiting Time [min],0.37,31.97,9.48,473.83,50,31.599999999999998
2026-05-08T17:39:09.902177300Z,TaxiAlgorithmP2PCollector,1,10000,20,50,1,nearest,1,4,1,BASELINE,4,116264429,Client Travel Time [min],294.0,3448.0,1411.98,70599.0,50,3154.0
2026-05-08T17:39:09.902177300Z,TaxiAlgorithmP2PCollector,1,10000,20,50,1,nearest,1,4,1,BASELINE,4,116264429,Calculation Time [millis],0.0,29.0,0.24,1702.0,7224,29.0
2026-05-08T17:39:09.902177300Z,TaxiAlgorithmP2PCollector,1,10000,20,50,1,nearest,1,4,1,BASELINE,4,116264429,Custom Time [micros],0.0,0.0,0.0,0.0,7224,0.0
2026-05-08T17:39:11.769455200Z,TaxiAlgorithmP2PCollector,1,10000,20,50,1,nearest,1,4,1,BASELINE,5,116264430,Taxi Travel Distance [km],39.96,136.52,108.33,2166.51,20,96.56
2026-05-08T17:39:11.769455200Z,TaxiAlgorithmP2PCollector,1,10000,20,50,1,nearest,1,4,1,BASELINE,5,116264430,Client Waiting Time [min],0.8,31.62,9.04,451.92,50,30.82
2026-05-08T17:39:11.769455200Z,TaxiAlgorithmP2PCollector,1,10000,20,50,1,nearest,1,4,1,BASELINE,5,116264430,Client Travel Time [min],473.0,3385.0,1535.24,76762.0,50,2912.0
2026-05-08T17:39:11.769455200Z,TaxiAlgorithmP2PCollector,1,10000,20,50,1,nearest,1,4,1,BASELINE,5,116264430,Calculation Time [millis],0.0,32.0,0.24,1694.0,6971,32.0
2026-05-08T17:39:11.769455200Z,TaxiAlgorithmP2PCollector,1,10000,20,50,1,nearest,1,4,1,BASELINE,5,116264430,Custom Time [micros],0.0,0.0,0.0,0.0,6971,0.0
2026-05-08T17:39:13.801367400Z,TaxiAlgorithmP2PCollector,1,10000,20,50,1,nearest,1,4,1,BASELINE,6,116264431,Taxi Travel Distance [km],96.57,145.33,124.6,2491.94,20,48.76000000000002
2026-05-08T17:39:13.801367400Z,TaxiAlgorithmP2PCollector,1,10000,20,50,1,nearest,1,4,1,BASELINE,6,116264431,Client Waiting Time [min],0.5,37.97,10.3,515.02,50,37.47
2026-05-08T17:39:13.801367400Z,TaxiAlgorithmP2PCollector,1,10000,20,50,1,nearest,1,4,1,BASELINE,6,116264431,Client Travel Time [min],295.0,3006.0,1634.3,81715.0,50,2711.0
2026-05-08T17:39:13.801367400Z,TaxiAlgorithmP2PCollector,1,10000,20,50,1,nearest,1,4,1,BASELINE,6,116264431,Calculation Time [millis],0.0,27.0,0.23,1858.0,7915,27.0
2026-05-08T17:39:13.801367400Z,TaxiAlgorithmP2PCollector,1,10000,20,50,1,nearest,1,4,1,BASELINE,6,116264431,Custom Time [micros],0.0,0.0,0.0,0.0,7915,0.0
2026-05-08T17:39:15.544520500Z,TaxiAlgorithmP2PCollector,1,10000,20,50,1,nearest,1,4,1,BASELINE,7,116264432,Taxi Travel Distance [km],31.05,144.36,112.93,2258.7,20,113.31000000000002
2026-05-08T17:39:15.544520500Z,TaxiAlgorithmP2PCollector,1,10000,20,50,1,nearest,1,4,1,BASELINE,7,116264432,Client Waiting Time [min],0.52,34.2,8.67,433.42,50,33.68
2026-05-08T17:39:15.544520500Z,TaxiAlgorithmP2PCollector,1,10000,20,50,1,nearest,1,4,1,BASELINE,7,116264432,Client Travel Time [min],160.0,2860.0,1358.68,67934.0,50,2700.0
2026-05-08T17:39:15.544520500Z,TaxiAlgorithmP2PCollector,1,10000,20,50,1,nearest,1,4,1,BASELINE,7,116264432,Calculation Time [millis],0.0,25.0,0.21,1561.0,7360,25.0
2026-05-08T17:39:15.544520500Z,TaxiAlgorithmP2PCollector,1,10000,20,50,1,nearest,1,4,1,BASELINE,7,116264432,Custom Time [micros],0.0,0.0,0.0,0.0,7360,0.0
2026-05-08T17:39:17.451453200Z,TaxiAlgorithmP2PCollector,1,10000,20,50,1,nearest,1,4,1,BASELINE,8,116264433,Taxi Travel Distance [km],47.06,151.13,108.27,2165.31,20,104.07
2026-05-08T17:39:17.451453200Z,TaxiAlgorithmP2PCollector,1,10000,20,50,1,nearest,1,4,1,BASELINE,8,116264433,Client Waiting Time [min],0.68,38.85,9.6,480.22,50,38.17
2026-05-08T17:39:17.451453200Z,TaxiAlgorithmP2PCollector,1,10000,20,50,1,nearest,1,4,1,BASELINE,8,116264433,Client Travel Time [min],418.0,3885.0,1489.22,74461.0,50,3467.0
2026-05-08T17:39:17.451453200Z,TaxiAlgorithmP2PCollector,1,10000,20,50,1,nearest,1,4,1,BASELINE,8,116264433,Calculation Time [millis],0.0,31.0,0.21,1713.0,8173,31.0
2026-05-08T17:39:17.451453200Z,TaxiAlgorithmP2PCollector,1,10000,20,50,1,nearest,1,4,1,BASELINE,8,116264433,Custom Time [micros],0.0,0.0,0.0,0.0,8173,0.0
2026-05-08T17:39:18.987191300Z,TaxiAlgorithmP2PCollector,1,10000,20,50,1,nearest,1,4,1,BASELINE,9,116264434,Taxi Travel Distance [km],68.72,136.72,102.06,2041.21,20,68.0
2026-05-08T17:39:18.987191300Z,TaxiAlgorithmP2PCollector,1,10000,20,50,1,nearest,1,4,1,BASELINE,9,116264434,Client Waiting Time [min],0.92,26.33,8.07,403.37,50,25.409999999999997
2026-05-08T17:39:18.987191300Z,TaxiAlgorithmP2PCollector,1,10000,20,50,1,nearest,1,4,1,BASELINE,9,116264434,Client Travel Time [min],270.0,3284.0,1354.12,67706.0,50,3014.0
2026-05-08T17:39:18.987191300Z,TaxiAlgorithmP2PCollector,1,10000,20,50,1,nearest,1,4,1,BASELINE,9,116264434,Calculation Time [millis],0.0,30.0,0.19,1365.0,7008,30.0
2026-05-08T17:39:18.987191300Z,TaxiAlgorithmP2PCollector,1,10000,20,50,1,nearest,1,4,1,BASELINE,9,116264434,Custom Time [micros],0.0,0.0,0.0,0.0,7008,0.0
2026-05-08T17:39:19.855204300Z,TaxiAlgorithmP2PCollector,1,10000,20,50,1,nearest,1,4,1,BASELINE,10,116264435,Taxi Travel Distance [km],52.89,124.32,96.31,1926.15,20,71.42999999999999
2026-05-08T17:39:19.855204300Z,TaxiAlgorithmP2PCollector,1,10000,20,50,1,nearest,1,4,1,BASELINE,10,116264435,Client Waiting Time [min],0.58,19.15,7.55,377.42,50,18.57
2026-05-08T17:39:19.855204300Z,TaxiAlgorithmP2PCollector,1,10000,20,50,1,nearest,1,4,1,BASELINE,10,116264435,Client Travel Time [min],333.0,2272.0,1421.46,71073.0,50,1939.0
2026-05-08T17:39:19.855204300Z,TaxiAlgorithmP2PCollector,1,10000,20,50,1,nearest,1,4,1,BASELINE,10,116264435,Calculation Time [millis],0.0,0.0,0.11,730.0,6790,0.0
2026-05-08T17:39:19.855204300Z,TaxiAlgorithmP2PCollector,1,10000,20,50,1,nearest,1,4,1,BASELINE,10,116264435,Custom Time [micros],0.0,0.0,0.0,0.0,6790,0.0
2026-05-08T17:39:25.034137300Z,TaxiAlgorithmP2PCollector,1,10000,20,100,1,nearest,1,4,1,BASELINE,1,116264426,Taxi Travel Distance [km],261.25,356.46,294.48,5889.68,20,95.20999999999998
2026-05-08T17:39:25.034137300Z,TaxiAlgorithmP2PCollector,1,10000,20,100,1,nearest,1,4,1,BASELINE,1,116264426,Client Waiting Time [min],1.6,174.57,51.9,5034.43,97,172.97
2026-05-08T17:39:25.034137300Z,TaxiAlgorithmP2PCollector,1,10000,20,100,1,nearest,1,4,1,BASELINE,1,116264426,Client Travel Time [min],867.0,12976.0,4828.15,482815.0,100,12109.0
2026-05-08T17:39:25.034137300Z,TaxiAlgorithmP2PCollector,1,10000,20,100,1,nearest,1,4,1,BASELINE,1,116264426,Calculation Time [millis],0.0,117.0,0.31,4984.0,16070,117.0
2026-05-08T17:39:25.034137300Z,TaxiAlgorithmP2PCollector,1,10000,20,100,1,nearest,1,4,1,BASELINE,1,116264426,Custom Time [micros],0.0,0.0,0.0,0.0,16070,0.0
2026-05-08T17:39:38.469093200Z,TaxiAlgorithmP2PCollector,1,10000,20,100,1,nearest,1,4,1,BASELINE,2,116264427,Taxi Travel Distance [km],23.21,702.39,338.95,6779.1,20,679.18
2026-05-08T17:39:38.469093200Z,TaxiAlgorithmP2PCollector,1,10000,20,100,1,nearest,1,4,1,BASELINE,2,116264427,Client Waiting Time [min],1.92,439.78,107.51,9890.52,92,437.85999999999996
2026-05-08T17:39:38.469093200Z,TaxiAlgorithmP2PCollector,1,10000,20,100,1,nearest,1,4,1,BASELINE,2,116264427,Client Travel Time [min],1267.0,28198.0,9091.61,909161.0,100,26931.0
2026-05-08T17:39:38.469093200Z,TaxiAlgorithmP2PCollector,1,10000,20,100,1,nearest,1,4,1,BASELINE,2,116264427,Calculation Time [millis],0.0,177.0,0.4,12942.0,32130,177.0
2026-05-08T17:39:38.469093200Z,TaxiAlgorithmP2PCollector,1,10000,20,100,1,nearest,1,4,1,BASELINE,2,116264427,Custom Time [micros],0.0,0.0,0.0,0.0,32130,0.0
2026-05-08T17:39:46.255198500Z,TaxiAlgorithmP2PCollector,1,10000,20,100,1,nearest,1,4,1,BASELINE,3,116264428,Taxi Travel Distance [km],94.02,407.98,344.73,6894.56,20,313.96000000000004
2026-05-08T17:39:46.255198500Z,TaxiAlgorithmP2PCollector,1,10000,20,100,1,nearest,1,4,1,BASELINE,3,116264428,Client Waiting Time [min],0.77,223.05,64.67,6273.22,97,222.28
2026-05-08T17:39:46.255198500Z,TaxiAlgorithmP2PCollector,1,10000,20,100,1,nearest,1,4,1,BASELINE,3,116264428,Client Travel Time [min],718.0,14483.0,5774.95,577495.0,100,13765.0
2026-05-08T17:39:46.255198500Z,TaxiAlgorithmP2PCollector,1,10000,20,100,1,nearest,1,4,1,BASELINE,3,116264428,Calculation Time [millis],0.0,142.0,0.4,7515.0,18631,142.0
2026-05-08T17:39:46.255198500Z,TaxiAlgorithmP2PCollector,1,10000,20,100,1,nearest,1,4,1,BASELINE,3,116264428,Custom Time [micros],0.0,0.0,0.0,0.0,18631,0.0
2026-05-08T17:39:53.569793500Z,TaxiAlgorithmP2PCollector,1,10000,20,100,1,nearest,1,4,1,BASELINE,4,116264429,Taxi Travel Distance [km],168.35,416.34,338.03,6760.6,20,247.98999999999998
2026-05-08T17:39:53.569793500Z,TaxiAlgorithmP2PCollector,1,10000,20,100,1,nearest,1,4,1,BASELINE,4,116264429,Client Waiting Time [min],1.65,277.38,67.32,6664.47,99,275.73
2026-05-08T17:39:53.569793500Z,TaxiAlgorithmP2PCollector,1,10000,20,100,1,nearest,1,4,1,BASELINE,4,116264429,Client Travel Time [min],871.0,18016.0,5773.75,577375.0,100,17145.0
2026-05-08T17:39:53.569793500Z,TaxiAlgorithmP2PCollector,1,10000,20,100,1,nearest,1,4,1,BASELINE,4,116264429,Calculation Time [millis],0.0,139.0,0.37,6967.0,18943,139.0
2026-05-08T17:39:53.569793500Z,TaxiAlgorithmP2PCollector,1,10000,20,100,1,nearest,1,4,1,BASELINE,4,116264429,Custom Time [micros],0.0,0.0,0.0,0.0,18943,0.0
2026-05-08T17:40:07.960396700Z,TaxiAlgorithmP2PCollector,1,10000,20,100,1,nearest,1,4,1,BASELINE,5,116264430,Taxi Travel Distance [km],14.89,744.41,429.5,8589.99,20,729.52
2026-05-08T17:40:07.960396700Z,TaxiAlgorithmP2PCollector,1,10000,20,100,1,nearest,1,4,1,BASELINE,5,116264430,Client Waiting Time [min],2.53,530.18,79.97,7756.93,97,527.65
2026-05-08T17:40:07.960396700Z,TaxiAlgorithmP2PCollector,1,10000,20,100,1,nearest,1,4,1,BASELINE,5,116264430,Client Travel Time [min],1040.0,31840.0,6796.91,679691.0,100,30800.0
2026-05-08T17:40:07.960396700Z,TaxiAlgorithmP2PCollector,1,10000,20,100,1,nearest,1,4,1,BASELINE,5,116264430,Calculation Time [millis],0.0,166.0,0.41,13872.0,34065,166.0
2026-05-08T17:40:07.960396700Z,TaxiAlgorithmP2PCollector,1,10000,20,100,1,nearest,1,4,1,BASELINE,5,116264430,Custom Time [micros],0.0,0.0,0.0,0.0,34065,0.0
2026-05-08T17:40:14.606590200Z,TaxiAlgorithmP2PCollector,1,10000,20,100,1,nearest,1,4,1,BASELINE,6,116264431,Taxi Travel Distance [km],123.88,389.71,314.86,6297.23,20,265.83
2026-05-08T17:40:14.606590200Z,TaxiAlgorithmP2PCollector,1,10000,20,100,1,nearest,1,4,1,BASELINE,6,116264431,Client Waiting Time [min],1.4,244.72,64.43,6313.75,98,243.32
2026-05-08T17:40:14.606590200Z,TaxiAlgorithmP2PCollector,1,10000,20,100,1,nearest,1,4,1,BASELINE,6,116264431,Client Travel Time [min],781.0,16370.0,5597.58,559758.0,100,15589.0
2026-05-08T17:40:14.606590200Z,TaxiAlgorithmP2PCollector,1,10000,20,100,1,nearest,1,4,1,BASELINE,6,116264431,Calculation Time [millis],0.0,126.0,0.35,6319.0,18175,126.0
2026-05-08T17:40:14.606590200Z,TaxiAlgorithmP2PCollector,1,10000,20,100,1,nearest,1,4,1,BASELINE,6,116264431,Custom Time [micros],0.0,0.0,0.0,0.0,18175,0.0
2026-05-08T17:40:26.433586500Z,TaxiAlgorithmP2PCollector,1,10000,20,100,1,nearest,1,4,1,BASELINE,7,116264432,Taxi Travel Distance [km],35.4,649.35,379.67,7593.43,20,613.95
2026-05-08T17:40:26.433586500Z,TaxiAlgorithmP2PCollector,1,10000,20,100,1,nearest,1,4,1,BASELINE,7,116264432,Client Waiting Time [min],1.13,433.03,66.37,6570.92,99,431.9
2026-05-08T17:40:26.433586500Z,TaxiAlgorithmP2PCollector,1,10000,20,100,1,nearest,1,4,1,BASELINE,7,116264432,Client Travel Time [min],424.0,27560.0,5647.1,564710.0,100,27136.0
2026-05-08T17:40:26.433586500Z,TaxiAlgorithmP2PCollector,1,10000,20,100,1,nearest,1,4,1,BASELINE,7,116264432,Calculation Time [millis],0.0,151.0,0.38,11364.0,29682,151.0
2026-05-08T17:40:26.433586500Z,TaxiAlgorithmP2PCollector,1,10000,20,100,1,nearest,1,4,1,BASELINE,7,116264432,Custom Time [micros],0.0,0.0,0.0,0.0,29682,0.0
2026-05-08T17:40:34.930648400Z,TaxiAlgorithmP2PCollector,1,10000,20,100,1,nearest,1,4,1,BASELINE,8,116264433,Taxi Travel Distance [km],188.46,467.14,347.27,6945.42,20,278.67999999999995
2026-05-08T17:40:34.930648400Z,TaxiAlgorithmP2PCollector,1,10000,20,100,1,nearest,1,4,1,BASELINE,8,116264433,Client Waiting Time [min],2.98,267.15,68.46,6709.4,98,264.16999999999996
2026-05-08T17:40:34.930648400Z,TaxiAlgorithmP2PCollector,1,10000,20,100,1,nearest,1,4,1,BASELINE,8,116264433,Client Travel Time [min],505.0,16828.0,6043.38,604338.0,100,16323.0
2026-05-08T17:40:34.930648400Z,TaxiAlgorithmP2PCollector,1,10000,20,100,1,nearest,1,4,1,BASELINE,8,116264433,Calculation Time [millis],0.0,143.0,0.38,8113.0,21357,143.0
2026-05-08T17:40:34.930648400Z,TaxiAlgorithmP2PCollector,1,10000,20,100,1,nearest,1,4,1,BASELINE,8,116264433,Custom Time [micros],0.0,0.0,0.0,0.0,21357,0.0
2026-05-08T17:40:41.930336500Z,TaxiAlgorithmP2PCollector,1,10000,20,100,1,nearest,1,4,1,BASELINE,9,116264434,Taxi Travel Distance [km],198.3,390.53,315.94,6318.74,20,192.22999999999996
2026-05-08T17:40:41.930336500Z,TaxiAlgorithmP2PCollector,1,10000,20,100,1,nearest,1,4,1,BASELINE,9,116264434,Client Waiting Time [min],1.23,231.17,55.03,5338.02,97,229.94
2026-05-08T17:40:41.930336500Z,TaxiAlgorithmP2PCollector,1,10000,20,100,1,nearest,1,4,1,BASELINE,9,116264434,Client Travel Time [min],548.0,15072.0,4974.08,497408.0,100,14524.0
2026-05-08T17:40:41.930336500Z,TaxiAlgorithmP2PCollector,1,10000,20,100,1,nearest,1,4,1,BASELINE,9,116264434,Calculation Time [millis],0.0,145.0,0.35,6754.0,19159,145.0
2026-05-08T17:40:41.930336500Z,TaxiAlgorithmP2PCollector,1,10000,20,100,1,nearest,1,4,1,BASELINE,9,116264434,Custom Time [micros],0.0,0.0,0.0,0.0,19159,0.0
2026-05-08T17:40:55.785316300Z,TaxiAlgorithmP2PCollector,1,10000,20,100,1,nearest,1,4,1,BASELINE,10,116264435,Taxi Travel Distance [km],146.35,708.39,426.48,8529.59,20,562.04
2026-05-08T17:40:55.785316300Z,TaxiAlgorithmP2PCollector,1,10000,20,100,1,nearest,1,4,1,BASELINE,10,116264435,Client Waiting Time [min],1.63,522.97,78.38,7524.73,96,521.34
2026-05-08T17:40:55.785316300Z,TaxiAlgorithmP2PCollector,1,10000,20,100,1,nearest,1,4,1,BASELINE,10,116264435,Client Travel Time [min],905.0,31461.0,6390.55,639055.0,100,30556.0
2026-05-08T17:40:55.785316300Z,TaxiAlgorithmP2PCollector,1,10000,20,100,1,nearest,1,4,1,BASELINE,10,116264435,Calculation Time [millis],0.0,162.0,0.42,13519.0,32560,162.0
2026-05-08T17:40:55.785316300Z,TaxiAlgorithmP2PCollector,1,10000,20,100,1,nearest,1,4,1,BASELINE,10,116264435,Custom Time [micros],0.0,0.0,0.0,0.0,32560,0.0
2026-05-08T17:40:56.035316500Z,TaxiAlgorithmP2PCollector,1,20000,5,25,1,nearest,1,4,1,BASELINE,1,116264426,Taxi Travel Distance [km],95.68,126.23,108.92,544.61,5,30.549999999999997
2026-05-08T17:40:56.035316500Z,TaxiAlgorithmP2PCollector,1,20000,5,25,1,nearest,1,4,1,BASELINE,1,116264426,Client Waiting Time [min],1.5,25.5,10.44,261.12,25,24.0
2026-05-08T17:40:56.035316500Z,TaxiAlgorithmP2PCollector,1,20000,5,25,1,nearest,1,4,1,BASELINE,1,116264426,Client Travel Time [min],270.0,2119.0,1075.72,26893.0,25,1849.0
2026-05-08T17:40:56.035316500Z,TaxiAlgorithmP2PCollector,1,20000,5,25,1,nearest,1,4,1,BASELINE,1,116264426,Calculation Time [millis],0.0,0.0,0.01,79.0,6662,0.0
2026-05-08T17:40:56.035316500Z,TaxiAlgorithmP2PCollector,1,20000,5,25,1,nearest,1,4,1,BASELINE,1,116264426,Custom Time [micros],0.0,0.0,0.0,0.0,6662,0.0
2026-05-08T17:40:56.345316300Z,TaxiAlgorithmP2PCollector,1,20000,5,25,1,nearest,1,4,1,BASELINE,2,116264427,Taxi Travel Distance [km],74.87,127.77,108.22,541.08,5,52.89999999999999
2026-05-08T17:40:56.345316300Z,TaxiAlgorithmP2PCollector,1,20000,5,25,1,nearest,1,4,1,BASELINE,2,116264427,Client Waiting Time [min],2.13,70.47,19.41,485.22,25,68.34
2026-05-08T17:40:56.345316300Z,TaxiAlgorithmP2PCollector,1,20000,5,25,1,nearest,1,4,1,BASELINE,2,116264427,Client Travel Time [min],481.0,4684.0,1637.12,40928.0,25,4203.0
2026-05-08T17:40:56.345316300Z,TaxiAlgorithmP2PCollector,1,20000,5,25,1,nearest,1,4,1,BASELINE,2,116264427,Calculation Time [millis],0.0,1.0,0.04,232.0,6432,1.0
2026-05-08T17:40:56.345316300Z,TaxiAlgorithmP2PCollector,1,20000,5,25,1,nearest,1,4,1,BASELINE,2,116264427,Custom Time [micros],0.0,0.0,0.0,0.0,6432,0.0
2026-05-08T17:40:56.531543700Z,TaxiAlgorithmP2PCollector,1,20000,5,25,1,nearest,1,4,1,BASELINE,3,116264428,Taxi Travel Distance [km],86.39,104.57,93.9,469.51,5,18.179999999999993
2026-05-08T17:40:56.531543700Z,TaxiAlgorithmP2PCollector,1,20000,5,25,1,nearest,1,4,1,BASELINE,3,116264428,Client Waiting Time [min],1.58,32.23,13.34,333.38,25,30.65
2026-05-08T17:40:56.531543700Z,TaxiAlgorithmP2PCollector,1,20000,5,25,1,nearest,1,4,1,BASELINE,3,116264428,Client Travel Time [min],330.0,2398.0,1267.56,31689.0,25,2068.0
2026-05-08T17:40:56.531543700Z,TaxiAlgorithmP2PCollector,1,20000,5,25,1,nearest,1,4,1,BASELINE,3,116264428,Calculation Time [millis],0.0,0.0,0.02,128.0,5744,0.0
2026-05-08T17:40:56.531543700Z,TaxiAlgorithmP2PCollector,1,20000,5,25,1,nearest,1,4,1,BASELINE,3,116264428,Custom Time [micros],0.0,0.0,0.0,0.0,5744,0.0
2026-05-08T17:40:56.735544Z,TaxiAlgorithmP2PCollector,1,20000,5,25,1,nearest,1,4,1,BASELINE,4,116264429,Taxi Travel Distance [km],102.94,131.79,117.9,589.49,5,28.849999999999994
2026-05-08T17:40:56.735544Z,TaxiAlgorithmP2PCollector,1,20000,5,25,1,nearest,1,4,1,BASELINE,4,116264429,Client Waiting Time [min],3.65,37.72,13.48,336.97,25,34.07
2026-05-08T17:40:56.735544Z,TaxiAlgorithmP2PCollector,1,20000,5,25,1,nearest,1,4,1,BASELINE,4,116264429,Client Travel Time [min],304.0,2748.0,1261.92,31548.0,25,2444.0
2026-05-08T17:40:56.735544Z,TaxiAlgorithmP2PCollector,1,20000,5,25,1,nearest,1,4,1,BASELINE,4,116264429,Calculation Time [millis],0.0,0.0,0.02,146.0,6549,0.0
2026-05-08T17:40:56.735544Z,TaxiAlgorithmP2PCollector,1,20000,5,25,1,nearest,1,4,1,BASELINE,4,116264429,Custom Time [micros],0.0,0.0,0.0,0.0,6549,0.0
2026-05-08T17:40:56.967574400Z,TaxiAlgorithmP2PCollector,1,20000,5,25,1,nearest,1,4,1,BASELINE,5,116264430,Taxi Travel Distance [km],62.19,117.79,97.93,489.64,5,55.60000000000001
2026-05-08T17:40:56.967574400Z,TaxiAlgorithmP2PCollector,1,20000,5,25,1,nearest,1,4,1,BASELINE,5,116264430,Client Waiting Time [min],4.32,34.23,14.82,355.67,24,29.909999999999997
2026-05-08T17:40:56.967574400Z,TaxiAlgorithmP2PCollector,1,20000,5,25,1,nearest,1,4,1,BASELINE,5,116264430,Client Travel Time [min],653.0,2457.0,1397.44,34936.0,25,1804.0
2026-05-08T17:40:56.967574400Z,TaxiAlgorithmP2PCollector,1,20000,5,25,1,nearest,1,4,1,BASELINE,5,116264430,Calculation Time [millis],0.0,0.0,0.02,151.0,6774,0.0
2026-05-08T17:40:56.967574400Z,TaxiAlgorithmP2PCollector,1,20000,5,25,1,nearest,1,4,1,BASELINE,5,116264430,Custom Time [micros],0.0,0.0,0.0,0.0,6774,0.0
2026-05-08T17:40:57.154575200Z,TaxiAlgorithmP2PCollector,1,20000,5,25,1,nearest,1,4,1,BASELINE,6,116264431,Taxi Travel Distance [km],70.2,130.72,104.43,522.14,5,60.519999999999996
2026-05-08T17:40:57.154575200Z,TaxiAlgorithmP2PCollector,1,20000,5,25,1,nearest,1,4,1,BASELINE,6,116264431,Client Waiting Time [min],1.33,33.07,10.94,273.53,25,31.740000000000002
2026-05-08T17:40:57.154575200Z,TaxiAlgorithmP2PCollector,1,20000,5,25,1,nearest,1,4,1,BASELINE,6,116264431,Client Travel Time [min],295.0,2646.0,1126.8,28170.0,25,2351.0
2026-05-08T17:40:57.154575200Z,TaxiAlgorithmP2PCollector,1,20000,5,25,1,nearest,1,4,1,BASELINE,6,116264431,Calculation Time [millis],0.0,0.0,0.02,120.0,6771,0.0
2026-05-08T17:40:57.154575200Z,TaxiAlgorithmP2PCollector,1,20000,5,25,1,nearest,1,4,1,BASELINE,6,116264431,Custom Time [micros],0.0,0.0,0.0,0.0,6771,0.0
2026-05-08T17:40:57.309574Z,TaxiAlgorithmP2PCollector,1,20000,5,25,1,nearest,1,4,1,BASELINE,7,116264432,Taxi Travel Distance [km],82.95,131.85,105.49,527.46,5,48.89999999999999
2026-05-08T17:40:57.309574Z,TaxiAlgorithmP2PCollector,1,20000,5,25,1,nearest,1,4,1,BASELINE,7,116264432,Client Waiting Time [min],1.35,21.5,9.14,228.47,25,20.15
2026-05-08T17:40:57.309574Z,TaxiAlgorithmP2PCollector,1,20000,5,25,1,nearest,1,4,1,BASELINE,7,116264432,Client Travel Time [min],462.0,1951.0,1016.0,25400.0,25,1489.0
2026-05-08T17:40:57.309574Z,TaxiAlgorithmP2PCollector,1,20000,5,25,1,nearest,1,4,1,BASELINE,7,116264432,Calculation Time [millis],0.0,0.0,0.01,82.0,6725,0.0
2026-05-08T17:40:57.309574Z,TaxiAlgorithmP2PCollector,1,20000,5,25,1,nearest,1,4,1,BASELINE,7,116264432,Custom Time [micros],0.0,0.0,0.0,0.0,6725,0.0
2026-05-08T17:40:57.529617300Z,TaxiAlgorithmP2PCollector,1,20000,5,25,1,nearest,1,4,1,BASELINE,8,116264433,Taxi Travel Distance [km],97.2,113.43,103.34,516.71,5,16.230000000000004
2026-05-08T17:40:57.529617300Z,TaxiAlgorithmP2PCollector,1,20000,5,25,1,nearest,1,4,1,BASELINE,8,116264433,Client Waiting Time [min],2.27,23.58,11.04,275.97,25,21.31
2026-05-08T17:40:57.529617300Z,TaxiAlgorithmP2PCollector,1,20000,5,25,1,nearest,1,4,1,BASELINE,8,116264433,Client Travel Time [min],367.0,2221.0,1184.64,29616.0,25,1854.0
2026-05-08T17:40:57.529617300Z,TaxiAlgorithmP2PCollector,1,20000,5,25,1,nearest,1,4,1,BASELINE,8,116264433,Calculation Time [millis],0.0,32.0,0.03,163.0,5723,32.0
2026-05-08T17:40:57.529617300Z,TaxiAlgorithmP2PCollector,1,20000,5,25,1,nearest,1,4,1,BASELINE,8,116264433,Custom Time [micros],0.0,0.0,0.0,0.0,5723,0.0
2026-05-08T17:40:57.655615300Z,TaxiAlgorithmP2PCollector,1,20000,5,25,1,nearest,1,4,1,BASELINE,9,116264434,Taxi Travel Distance [km],55.01,102.76,89.03,445.15,5,47.75000000000001
2026-05-08T17:40:57.655615300Z,TaxiAlgorithmP2PCollector,1,20000,5,25,1,nearest,1,4,1,BASELINE,9,116264434,Client Waiting Time [min],0.67,16.3,7.29,182.22,25,15.63
2026-05-08T17:40:57.655615300Z,TaxiAlgorithmP2PCollector,1,20000,5,25,1,nearest,1,4,1,BASELINE,9,116264434,Client Travel Time [min],239.0,1271.0,840.32,21008.0,25,1032.0
2026-05-08T17:40:57.655615300Z,TaxiAlgorithmP2PCollector,1,20000,5,25,1,nearest,1,4,1,BASELINE,9,116264434,Calculation Time [millis],0.0,0.0,0.01,55.0,6075,0.0
2026-05-08T17:40:57.655615300Z,TaxiAlgorithmP2PCollector,1,20000,5,25,1,nearest,1,4,1,BASELINE,9,116264434,Custom Time [micros],0.0,0.0,0.0,0.0,6075,0.0
2026-05-08T17:40:57.811617Z,TaxiAlgorithmP2PCollector,1,20000,5,25,1,nearest,1,4,1,BASELINE,10,116264435,Taxi Travel Distance [km],59.32,110.7,91.75,458.75,5,51.38
2026-05-08T17:40:57.811617Z,TaxiAlgorithmP2PCollector,1,20000,5,25,1,nearest,1,4,1,BASELINE,10,116264435,Client Waiting Time [min],2.52,24.73,11.02,275.4,25,22.21
2026-05-08T17:40:57.811617Z,TaxiAlgorithmP2PCollector,1,20000,5,25,1,nearest,1,4,1,BASELINE,10,116264435,Client Travel Time [min],430.0,1940.0,1011.84,25296.0,25,1510.0
2026-05-08T17:40:57.811617Z,TaxiAlgorithmP2PCollector,1,20000,5,25,1,nearest,1,4,1,BASELINE,10,116264435,Calculation Time [millis],0.0,0.0,0.01,88.0,6672,0.0
2026-05-08T17:40:57.811617Z,TaxiAlgorithmP2PCollector,1,20000,5,25,1,nearest,1,4,1,BASELINE,10,116264435,Custom Time [micros],0.0,0.0,0.0,0.0,6672,0.0
2026-05-08T17:40:57.872615600Z,TaxiAlgorithmP2PCollector,1,20000,10,25,1,nearest,1,4,1,BASELINE,1,116264426,Taxi Travel Distance [km],1.91,97.0,50.39,503.93,10,95.09
2026-05-08T17:40:57.872615600Z,TaxiAlgorithmP2PCollector,1,20000,10,25,1,nearest,1,4,1,BASELINE,1,116264426,Client Waiting Time [min],0.83,14.52,7.35,183.8,25,13.69
2026-05-08T17:40:57.872615600Z,TaxiAlgorithmP2PCollector,1,20000,10,25,1,nearest,1,4,1,BASELINE,1,116264426,Client Travel Time [min],92.0,1734.0,895.6,22390.0,25,1642.0
2026-05-08T17:40:57.872615600Z,TaxiAlgorithmP2PCollector,1,20000,10,25,1,nearest,1,4,1,BASELINE,1,116264426,Calculation Time [millis],0.0,0.0,0.0,12.0,5946,0.0
2026-05-08T17:40:57.872615600Z,TaxiAlgorithmP2PCollector,1,20000,10,25,1,nearest,1,4,1,BASELINE,1,116264426,Custom Time [micros],0.0,0.0,0.0,0.0,5946,0.0
2026-05-08T17:40:57.965615600Z,TaxiAlgorithmP2PCollector,1,20000,10,25,1,nearest,1,4,1,BASELINE,2,116264427,Taxi Travel Distance [km],15.21,84.65,55.22,552.25,10,69.44
2026-05-08T17:40:57.965615600Z,TaxiAlgorithmP2PCollector,1,20000,10,25,1,nearest,1,4,1,BASELINE,2,116264427,Client Waiting Time [min],1.25,14.18,7.48,187.07,25,12.93
2026-05-08T17:40:57.965615600Z,TaxiAlgorithmP2PCollector,1,20000,10,25,1,nearest,1,4,1,BASELINE,2,116264427,Client Travel Time [min],409.0,1583.0,971.72,24293.0,25,1174.0
2026-05-08T17:40:57.965615600Z,TaxiAlgorithmP2PCollector,1,20000,10,25,1,nearest,1,4,1,BASELINE,2,116264427,Calculation Time [millis],0.0,0.0,0.01,33.0,5436,0.0
2026-05-08T17:40:57.965615600Z,TaxiAlgorithmP2PCollector,1,20000,10,25,1,nearest,1,4,1,BASELINE,2,116264427,Custom Time [micros],0.0,0.0,0.0,0.0,5436,0.0
2026-05-08T17:40:58.059608900Z,TaxiAlgorithmP2PCollector,1,20000,10,25,1,nearest,1,4,1,BASELINE,3,116264428,Taxi Travel Distance [km],8.43,87.28,53.5,534.98,10,78.85
2026-05-08T17:40:58.059608900Z,TaxiAlgorithmP2PCollector,1,20000,10,25,1,nearest,1,4,1,BASELINE,3,116264428,Client Waiting Time [min],1.15,16.08,7.39,184.78,25,14.929999999999998
2026-05-08T17:40:58.059608900Z,TaxiAlgorithmP2PCollector,1,20000,10,25,1,nearest,1,4,1,BASELINE,3,116264428,Client Travel Time [min],374.0,1502.0,949.72,23743.0,25,1128.0
2026-05-08T17:40:58.059608900Z,TaxiAlgorithmP2PCollector,1,20000,10,25,1,nearest,1,4,1,BASELINE,3,116264428,Calculation Time [millis],0.0,0.0,0.0,18.0,6143,0.0
2026-05-08T17:40:58.059608900Z,TaxiAlgorithmP2PCollector,1,20000,10,25,1,nearest,1,4,1,BASELINE,3,116264428,Custom Time [micros],0.0,0.0,0.0,0.0,6143,0.0
2026-05-08T17:40:58.121610Z,TaxiAlgorithmP2PCollector,1,20000,10,25,1,nearest,1,4,1,BASELINE,4,116264429,Taxi Travel Distance [km],12.62,93.97,52.27,522.69,10,81.35
2026-05-08T17:40:58.121610Z,TaxiAlgorithmP2PCollector,1,20000,10,25,1,nearest,1,4,1,BASELINE,4,116264429,Client Waiting Time [min],0.68,15.43,7.8,195.1,25,14.75
2026-05-08T17:40:58.121610Z,TaxiAlgorithmP2PCollector,1,20000,10,25,1,nearest,1,4,1,BASELINE,4,116264429,Client Travel Time [min],267.0,1681.0,941.12,23528.0,25,1414.0
2026-05-08T17:40:58.121610Z,TaxiAlgorithmP2PCollector,1,20000,10,25,1,nearest,1,4,1,BASELINE,4,116264429,Calculation Time [millis],0.0,0.0,0.0,12.0,5994,0.0
2026-05-08T17:40:58.121610Z,TaxiAlgorithmP2PCollector,1,20000,10,25,1,nearest,1,4,1,BASELINE,4,116264429,Custom Time [micros],0.0,0.0,0.0,0.0,5994,0.0
2026-05-08T17:40:58.185608400Z,TaxiAlgorithmP2PCollector,1,20000,10,25,1,nearest,1,4,1,BASELINE,5,116264430,Taxi Travel Distance [km],30.25,75.51,47.58,475.76,10,45.260000000000005
2026-05-08T17:40:58.185608400Z,TaxiAlgorithmP2PCollector,1,20000,10,25,1,nearest,1,4,1,BASELINE,5,116264430,Client Waiting Time [min],0.93,12.0,6.04,151.12,25,11.07
2026-05-08T17:40:58.185608400Z,TaxiAlgorithmP2PCollector,1,20000,10,25,1,nearest,1,4,1,BASELINE,5,116264430,Client Travel Time [min],241.0,1105.0,827.56,20689.0,25,864.0
2026-05-08T17:40:58.185608400Z,TaxiAlgorithmP2PCollector,1,20000,10,25,1,nearest,1,4,1,BASELINE,5,116264430,Calculation Time [millis],0.0,0.0,0.0,16.0,5912,0.0
2026-05-08T17:40:58.185608400Z,TaxiAlgorithmP2PCollector,1,20000,10,25,1,nearest,1,4,1,BASELINE,5,116264430,Custom Time [micros],0.0,0.0,0.0,0.0,5912,0.0
2026-05-08T17:40:58.293610100Z,TaxiAlgorithmP2PCollector,1,20000,10,25,1,nearest,1,4,1,BASELINE,6,116264431,Taxi Travel Distance [km],22.94,85.36,52.54,525.37,10,62.42
2026-05-08T17:40:58.293610100Z,TaxiAlgorithmP2PCollector,1,20000,10,25,1,nearest,1,4,1,BASELINE,6,116264431,Client Waiting Time [min],0.5,16.37,6.94,173.5,25,15.870000000000001
2026-05-08T17:40:58.293610100Z,TaxiAlgorithmP2PCollector,1,20000,10,25,1,nearest,1,4,1,BASELINE,6,116264431,Client Travel Time [min],206.0,1617.0,920.4,23010.0,25,1411.0
2026-05-08T17:40:58.293610100Z,TaxiAlgorithmP2PCollector,1,20000,10,25,1,nearest,1,4,1,BASELINE,6,116264431,Calculation Time [millis],0.0,0.0,0.01,54.0,5765,0.0
2026-05-08T17:40:58.293610100Z,TaxiAlgorithmP2PCollector,1,20000,10,25,1,nearest,1,4,1,BASELINE,6,116264431,Custom Time [micros],0.0,0.0,0.0,0.0,5765,0.0
2026-05-08T17:40:58.370609600Z,TaxiAlgorithmP2PCollector,1,20000,10,25,1,nearest,1,4,1,BASELINE,7,116264432,Taxi Travel Distance [km],15.24,87.55,52.12,521.17,10,72.31
2026-05-08T17:40:58.370609600Z,TaxiAlgorithmP2PCollector,1,20000,10,25,1,nearest,1,4,1,BASELINE,7,116264432,Client Waiting Time [min],0.98,15.25,7.48,186.98,25,14.27
2026-05-08T17:40:58.370609600Z,TaxiAlgorithmP2PCollector,1,20000,10,25,1,nearest,1,4,1,BASELINE,7,116264432,Client Travel Time [min],458.0,1436.0,914.4,22860.0,25,978.0
2026-05-08T17:40:58.370609600Z,TaxiAlgorithmP2PCollector,1,20000,10,25,1,nearest,1,4,1,BASELINE,7,116264432,Calculation Time [millis],0.0,0.0,0.0,15.0,5745,0.0
2026-05-08T17:40:58.370609600Z,TaxiAlgorithmP2PCollector,1,20000,10,25,1,nearest,1,4,1,BASELINE,7,116264432,Custom Time [micros],0.0,0.0,0.0,0.0,5745,0.0
2026-05-08T17:40:58.447608800Z,TaxiAlgorithmP2PCollector,1,20000,10,25,1,nearest,1,4,1,BASELINE,8,116264433,Taxi Travel Distance [km],11.12,91.77,51.14,511.38,10,80.64999999999999
2026-05-08T17:40:58.447608800Z,TaxiAlgorithmP2PCollector,1,20000,10,25,1,nearest,1,4,1,BASELINE,8,116264433,Client Waiting Time [min],0.73,15.43,6.13,153.13,25,14.7
2026-05-08T17:40:58.447608800Z,TaxiAlgorithmP2PCollector,1,20000,10,25,1,nearest,1,4,1,BASELINE,8,116264433,Client Travel Time [min],262.0,1704.0,913.84,22846.0,25,1442.0
2026-05-08T17:40:58.447608800Z,TaxiAlgorithmP2PCollector,1,20000,10,25,1,nearest,1,4,1,BASELINE,8,116264433,Calculation Time [millis],0.0,0.0,0.0,17.0,5784,0.0
2026-05-08T17:40:58.447608800Z,TaxiAlgorithmP2PCollector,1,20000,10,25,1,nearest,1,4,1,BASELINE,8,116264433,Custom Time [micros],0.0,0.0,0.0,0.0,5784,0.0
2026-05-08T17:40:58.511611100Z,TaxiAlgorithmP2PCollector,1,20000,10,25,1,nearest,1,4,1,BASELINE,9,116264434,Taxi Travel Distance [km],10.05,77.25,43.78,437.79,10,67.2
2026-05-08T17:40:58.511611100Z,TaxiAlgorithmP2PCollector,1,20000,10,25,1,nearest,1,4,1,BASELINE,9,116264434,Client Waiting Time [min],0.82,15.2,6.63,165.68,25,14.379999999999999
2026-05-08T17:40:58.511611100Z,TaxiAlgorithmP2PCollector,1,20000,10,25,1,nearest,1,4,1,BASELINE,9,116264434,Client Travel Time [min],301.0,1625.0,785.52,19638.0,25,1324.0
2026-05-08T17:40:58.511611100Z,TaxiAlgorithmP2PCollector,1,20000,10,25,1,nearest,1,4,1,BASELINE,9,116264434,Calculation Time [millis],0.0,0.0,0.0,12.0,6018,0.0
2026-05-08T17:40:58.511611100Z,TaxiAlgorithmP2PCollector,1,20000,10,25,1,nearest,1,4,1,BASELINE,9,116264434,Custom Time [micros],0.0,0.0,0.0,0.0,6018,0.0
2026-05-08T17:40:58.654129Z,TaxiAlgorithmP2PCollector,1,20000,10,25,1,nearest,1,4,1,BASELINE,10,116264435,Taxi Travel Distance [km],11.8,98.58,47.1,471.03,10,86.78
2026-05-08T17:40:58.654129Z,TaxiAlgorithmP2PCollector,1,20000,10,25,1,nearest,1,4,1,BASELINE,10,116264435,Client Waiting Time [min],2.03,13.9,7.57,189.17,25,11.870000000000001
2026-05-08T17:40:58.654129Z,TaxiAlgorithmP2PCollector,1,20000,10,25,1,nearest,1,4,1,BASELINE,10,116264435,Client Travel Time [min],314.0,1427.0,799.76,19994.0,25,1113.0
2026-05-08T17:40:58.654129Z,TaxiAlgorithmP2PCollector,1,20000,10,25,1,nearest,1,4,1,BASELINE,10,116264435,Calculation Time [millis],0.0,0.0,0.01,65.0,6002,0.0
2026-05-08T17:40:58.654129Z,TaxiAlgorithmP2PCollector,1,20000,10,25,1,nearest,1,4,1,BASELINE,10,116264435,Custom Time [micros],0.0,0.0,0.0,0.0,6002,0.0
2026-05-08T17:40:59.412160200Z,TaxiAlgorithmP2PCollector,1,20000,10,50,1,nearest,1,4,1,BASELINE,1,116264426,Taxi Travel Distance [km],149.29,179.17,163.78,1637.84,10,29.879999999999995
2026-05-08T17:40:59.412160200Z,TaxiAlgorithmP2PCollector,1,20000,10,50,1,nearest,1,4,1,BASELINE,1,116264426,Client Waiting Time [min],3.33,69.57,22.35,1095.33,49,66.24
2026-05-08T17:40:59.412160200Z,TaxiAlgorithmP2PCollector,1,20000,10,50,1,nearest,1,4,1,BASELINE,1,116264426,Client Travel Time [min],625.0,5913.0,2176.6,108830.0,50,5288.0
2026-05-08T17:40:59.412160200Z,TaxiAlgorithmP2PCollector,1,20000,10,50,1,nearest,1,4,1,BASELINE,1,116264426,Calculation Time [millis],0.0,0.0,0.08,671.0,8593,0.0
2026-05-08T17:40:59.412160200Z,TaxiAlgorithmP2PCollector,1,20000,10,50,1,nearest,1,4,1,BASELINE,1,116264426,Custom Time [micros],0.0,0.0,0.0,0.0,8593,0.0
2026-05-08T17:41:00.111076700Z,TaxiAlgorithmP2PCollector,1,20000,10,50,1,nearest,1,4,1,BASELINE,2,116264427,Taxi Travel Distance [km],128.28,158.76,145.07,1450.72,10,30.47999999999999
2026-05-08T17:41:00.111076700Z,TaxiAlgorithmP2PCollector,1,20000,10,50,1,nearest,1,4,1,BASELINE,2,116264427,Client Waiting Time [min],2.4,87.33,21.74,1086.95,50,84.92999999999999
2026-05-08T17:41:00.111076700Z,TaxiAlgorithmP2PCollector,1,20000,10,50,1,nearest,1,4,1,BASELINE,2,116264427,Client Travel Time [min],428.0,6056.0,2109.38,105469.0,50,5628.0
2026-05-08T17:41:00.111076700Z,TaxiAlgorithmP2PCollector,1,20000,10,50,1,nearest,1,4,1,BASELINE,2,116264427,Calculation Time [millis],0.0,0.0,0.08,586.0,7542,0.0
2026-05-08T17:41:00.111076700Z,TaxiAlgorithmP2PCollector,1,20000,10,50,1,nearest,1,4,1,BASELINE,2,116264427,Custom Time [micros],0.0,0.0,0.0,0.0,7542,0.0
2026-05-08T17:41:00.930076300Z,TaxiAlgorithmP2PCollector,1,20000,10,50,1,nearest,1,4,1,BASELINE,3,116264428,Taxi Travel Distance [km],137.5,187.67,155.71,1557.13,10,50.16999999999999
2026-05-08T17:41:00.930076300Z,TaxiAlgorithmP2PCollector,1,20000,10,50,1,nearest,1,4,1,BASELINE,3,116264428,Client Waiting Time [min],1.37,92.85,25.8,1290.15,50,91.47999999999999
2026-05-08T17:41:00.930076300Z,TaxiAlgorithmP2PCollector,1,20000,10,50,1,nearest,1,4,1,BASELINE,3,116264428,Client Travel Time [min],509.0,6647.0,2339.48,116974.0,50,6138.0
2026-05-08T17:41:00.930076300Z,TaxiAlgorithmP2PCollector,1,20000,10,50,1,nearest,1,4,1,BASELINE,3,116264428,Calculation Time [millis],0.0,21.0,0.07,691.0,9221,21.0
2026-05-08T17:41:00.930076300Z,TaxiAlgorithmP2PCollector,1,20000,10,50,1,nearest,1,4,1,BASELINE,3,116264428,Custom Time [micros],0.0,0.0,0.0,0.0,9221,0.0
2026-05-08T17:41:01.817076700Z,TaxiAlgorithmP2PCollector,1,20000,10,50,1,nearest,1,4,1,BASELINE,4,116264429,Taxi Travel Distance [km],145.58,205.5,162.38,1623.78,10,59.91999999999999
2026-05-08T17:41:01.817076700Z,TaxiAlgorithmP2PCollector,1,20000,10,50,1,nearest,1,4,1,BASELINE,4,116264429,Client Waiting Time [min],1.87,88.98,24.05,1202.45,50,87.11
2026-05-08T17:41:01.817076700Z,TaxiAlgorithmP2PCollector,1,20000,10,50,1,nearest,1,4,1,BASELINE,4,116264429,Client Travel Time [min],558.0,5652.0,2273.06,113653.0,50,5094.0
2026-05-08T17:41:01.817076700Z,TaxiAlgorithmP2PCollector,1,20000,10,50,1,nearest,1,4,1,BASELINE,4,116264429,Calculation Time [millis],0.0,0.0,0.08,743.0,9818,0.0
2026-05-08T17:41:01.817076700Z,TaxiAlgorithmP2PCollector,1,20000,10,50,1,nearest,1,4,1,BASELINE,4,116264429,Custom Time [micros],0.0,0.0,0.0,0.0,9818,0.0
2026-05-08T17:41:02.672731900Z,TaxiAlgorithmP2PCollector,1,20000,10,50,1,nearest,1,4,1,BASELINE,5,116264430,Taxi Travel Distance [km],138.53,181.81,157.35,1573.5,10,43.28
2026-05-08T17:41:02.672731900Z,TaxiAlgorithmP2PCollector,1,20000,10,50,1,nearest,1,4,1,BASELINE,5,116264430,Client Waiting Time [min],1.45,96.57,29.0,1450.0,50,95.11999999999999
2026-05-08T17:41:02.672731900Z,TaxiAlgorithmP2PCollector,1,20000,10,50,1,nearest,1,4,1,BASELINE,5,116264430,Client Travel Time [min],676.0,7099.0,2633.9,131695.0,50,6423.0
2026-05-08T17:41:02.672731900Z,TaxiAlgorithmP2PCollector,1,20000,10,50,1,nearest,1,4,1,BASELINE,5,116264430,Calculation Time [millis],0.0,0.0,0.07,677.0,9106,0.0
2026-05-08T17:41:02.672731900Z,TaxiAlgorithmP2PCollector,1,20000,10,50,1,nearest,1,4,1,BASELINE,5,116264430,Custom Time [micros],0.0,0.0,0.0,0.0,9106,0.0
2026-05-08T17:41:03.629735100Z,TaxiAlgorithmP2PCollector,1,20000,10,50,1,nearest,1,4,1,BASELINE,6,116264431,Taxi Travel Distance [km],157.96,195.51,170.83,1708.34,10,37.54999999999998
2026-05-08T17:41:03.629735100Z,TaxiAlgorithmP2PCollector,1,20000,10,50,1,nearest,1,4,1,BASELINE,6,116264431,Client Waiting Time [min],0.98,101.47,28.21,1410.52,50,100.49
2026-05-08T17:41:03.629735100Z,TaxiAlgorithmP2PCollector,1,20000,10,50,1,nearest,1,4,1,BASELINE,6,116264431,Client Travel Time [min],295.0,6995.0,2664.02,133201.0,50,6700.0
2026-05-08T17:41:03.629735100Z,TaxiAlgorithmP2PCollector,1,20000,10,50,1,nearest,1,4,1,BASELINE,6,116264431,Calculation Time [millis],0.0,0.0,0.09,819.0,9225,0.0
2026-05-08T17:41:03.629735100Z,TaxiAlgorithmP2PCollector,1,20000,10,50,1,nearest,1,4,1,BASELINE,6,116264431,Custom Time [micros],0.0,0.0,0.0,0.0,9225,0.0
2026-05-08T17:41:04.699732400Z,TaxiAlgorithmP2PCollector,1,20000,10,50,1,nearest,1,4,1,BASELINE,7,116264432,Taxi Travel Distance [km],154.41,204.42,172.49,1724.91,10,50.00999999999999
2026-05-08T17:41:04.699732400Z,TaxiAlgorithmP2PCollector,1,20000,10,50,1,nearest,1,4,1,BASELINE,7,116264432,Client Waiting Time [min],4.88,94.97,26.51,1325.62,50,90.09
2026-05-08T17:41:04.699732400Z,TaxiAlgorithmP2PCollector,1,20000,10,50,1,nearest,1,4,1,BASELINE,7,116264432,Client Travel Time [min],806.0,6443.0,2432.44,121622.0,50,5637.0
2026-05-08T17:41:04.699732400Z,TaxiAlgorithmP2PCollector,1,20000,10,50,1,nearest,1,4,1,BASELINE,7,116264432,Calculation Time [millis],0.0,22.0,0.09,879.0,9367,22.0
2026-05-08T17:41:04.699732400Z,TaxiAlgorithmP2PCollector,1,20000,10,50,1,nearest,1,4,1,BASELINE,7,116264432,Custom Time [micros],0.0,0.0,0.0,0.0,9367,0.0
2026-05-08T17:41:05.678768900Z,TaxiAlgorithmP2PCollector,1,20000,10,50,1,nearest,1,4,1,BASELINE,8,116264433,Taxi Travel Distance [km],144.22,185.65,160.14,1601.38,10,41.43000000000001
2026-05-08T17:41:05.678768900Z,TaxiAlgorithmP2PCollector,1,20000,10,50,1,nearest,1,4,1,BASELINE,8,116264433,Client Waiting Time [min],1.3,95.83,26.67,1333.28,50,94.53
2026-05-08T17:41:05.678768900Z,TaxiAlgorithmP2PCollector,1,20000,10,50,1,nearest,1,4,1,BASELINE,8,116264433,Client Travel Time [min],510.0,6137.0,2464.68,123234.0,50,5627.0
2026-05-08T17:41:05.678768900Z,TaxiAlgorithmP2PCollector,1,20000,10,50,1,nearest,1,4,1,BASELINE,8,116264433,Calculation Time [millis],0.0,34.0,0.09,826.0,9168,34.0
2026-05-08T17:41:05.678768900Z,TaxiAlgorithmP2PCollector,1,20000,10,50,1,nearest,1,4,1,BASELINE,8,116264433,Custom Time [micros],0.0,0.0,0.0,0.0,9168,0.0
2026-05-08T17:41:06.628770100Z,TaxiAlgorithmP2PCollector,1,20000,10,50,1,nearest,1,4,1,BASELINE,9,116264434,Taxi Travel Distance [km],145.85,188.88,166.95,1669.52,10,43.03
2026-05-08T17:41:06.628770100Z,TaxiAlgorithmP2PCollector,1,20000,10,50,1,nearest,1,4,1,BASELINE,9,116264434,Client Waiting Time [min],0.25,79.47,26.31,1289.08,49,79.22
2026-05-08T17:41:06.628770100Z,TaxiAlgorithmP2PCollector,1,20000,10,50,1,nearest,1,4,1,BASELINE,9,116264434,Client Travel Time [min],91.0,5643.0,2495.48,124774.0,50,5552.0
2026-05-08T17:41:06.628770100Z,TaxiAlgorithmP2PCollector,1,20000,10,50,1,nearest,1,4,1,BASELINE,9,116264434,Calculation Time [millis],0.0,1.0,0.09,869.0,9449,1.0
2026-05-08T17:41:06.628770100Z,TaxiAlgorithmP2PCollector,1,20000,10,50,1,nearest,1,4,1,BASELINE,9,116264434,Custom Time [micros],0.0,0.0,0.0,0.0,9449,0.0
2026-05-08T17:41:07.589744300Z,TaxiAlgorithmP2PCollector,1,20000,10,50,1,nearest,1,4,1,BASELINE,10,116264435,Taxi Travel Distance [km],140.44,192.8,161.72,1617.2,10,52.360000000000014
2026-05-08T17:41:07.589744300Z,TaxiAlgorithmP2PCollector,1,20000,10,50,1,nearest,1,4,1,BASELINE,10,116264435,Client Waiting Time [min],3.07,107.43,23.84,1168.23,49,104.36000000000001
2026-05-08T17:41:07.589744300Z,TaxiAlgorithmP2PCollector,1,20000,10,50,1,nearest,1,4,1,BASELINE,10,116264435,Client Travel Time [min],625.0,6491.0,2382.26,119113.0,50,5866.0
2026-05-08T17:41:07.589744300Z,TaxiAlgorithmP2PCollector,1,20000,10,50,1,nearest,1,4,1,BASELINE,10,116264435,Calculation Time [millis],0.0,30.0,0.09,794.0,9255,30.0
2026-05-08T17:41:07.589744300Z,TaxiAlgorithmP2PCollector,1,20000,10,50,1,nearest,1,4,1,BASELINE,10,116264435,Custom Time [micros],0.0,0.0,0.0,0.0,9255,0.0
2026-05-08T17:41:08.179388700Z,TaxiAlgorithmP2PCollector,1,20000,20,50,1,nearest,1,4,1,BASELINE,1,116264426,Taxi Travel Distance [km],56.49,110.17,88.43,1768.54,20,53.68
2026-05-08T17:41:08.179388700Z,TaxiAlgorithmP2PCollector,1,20000,20,50,1,nearest,1,4,1,BASELINE,1,116264426,Client Waiting Time [min],0.85,19.6,9.4,470.15,50,18.75
2026-05-08T17:41:08.179388700Z,TaxiAlgorithmP2PCollector,1,20000,20,50,1,nearest,1,4,1,BASELINE,1,116264426,Client Travel Time [min],448.0,2776.0,1424.22,71211.0,50,2328.0
2026-05-08T17:41:08.179388700Z,TaxiAlgorithmP2PCollector,1,20000,20,50,1,nearest,1,4,1,BASELINE,1,116264426,Calculation Time [millis],0.0,1.0,0.07,493.0,7258,1.0
2026-05-08T17:41:08.179388700Z,TaxiAlgorithmP2PCollector,1,20000,20,50,1,nearest,1,4,1,BASELINE,1,116264426,Custom Time [micros],0.0,0.0,0.0,0.0,7258,0.0
2026-05-08T17:41:09.188978Z,TaxiAlgorithmP2PCollector,1,20000,20,50,1,nearest,1,4,1,BASELINE,2,116264427,Taxi Travel Distance [km],70.04,132.01,97.81,1956.22,20,61.969999999999985
2026-05-08T17:41:09.188978Z,TaxiAlgorithmP2PCollector,1,20000,20,50,1,nearest,1,4,1,BASELINE,2,116264427,Client Waiting Time [min],0.65,30.95,13.1,655.08,50,30.3
2026-05-08T17:41:09.188978Z,TaxiAlgorithmP2PCollector,1,20000,20,50,1,nearest,1,4,1,BASELINE,2,116264427,Client Travel Time [min],360.0,4015.0,1664.0,83200.0,50,3655.0
2026-05-08T17:41:09.188978Z,TaxiAlgorithmP2PCollector,1,20000,20,50,1,nearest,1,4,1,BASELINE,2,116264427,Calculation Time [millis],0.0,37.0,0.12,863.0,7050,37.0
2026-05-08T17:41:09.188978Z,TaxiAlgorithmP2PCollector,1,20000,20,50,1,nearest,1,4,1,BASELINE,2,116264427,Custom Time [micros],0.0,0.0,0.0,0.0,7050,0.0
2026-05-08T17:41:10.524274200Z,TaxiAlgorithmP2PCollector,1,20000,20,50,1,nearest,1,4,1,BASELINE,3,116264428,Taxi Travel Distance [km],52.2,140.19,98.4,1968.09,20,87.99
2026-05-08T17:41:10.524274200Z,TaxiAlgorithmP2PCollector,1,20000,20,50,1,nearest,1,4,1,BASELINE,3,116264428,Client Waiting Time [min],1.32,27.18,12.7,634.95,50,25.86
2026-05-08T17:41:10.524274200Z,TaxiAlgorithmP2PCollector,1,20000,20,50,1,nearest,1,4,1,BASELINE,3,116264428,Client Travel Time [min],535.0,2851.0,1650.82,82541.0,50,2316.0
2026-05-08T17:41:10.524274200Z,TaxiAlgorithmP2PCollector,1,20000,20,50,1,nearest,1,4,1,BASELINE,3,116264428,Calculation Time [millis],0.0,1.0,0.18,1227.0,6943,1.0
2026-05-08T17:41:10.524274200Z,TaxiAlgorithmP2PCollector,1,20000,20,50,1,nearest,1,4,1,BASELINE,3,116264428,Custom Time [micros],0.0,0.0,0.0,0.0,6943,0.0
2026-05-08T17:41:11.363988900Z,TaxiAlgorithmP2PCollector,1,20000,20,50,1,nearest,1,4,1,BASELINE,4,116264429,Taxi Travel Distance [km],58.52,124.96,94.4,1887.91,20,66.44
2026-05-08T17:41:11.363988900Z,TaxiAlgorithmP2PCollector,1,20000,20,50,1,nearest,1,4,1,BASELINE,4,116264429,Client Waiting Time [min],2.78,27.95,11.73,586.62,50,25.169999999999998
2026-05-08T17:41:11.363988900Z,TaxiAlgorithmP2PCollector,1,20000,20,50,1,nearest,1,4,1,BASELINE,4,116264429,Client Travel Time [min],329.0,3166.0,1555.8,77790.0,50,2837.0
2026-05-08T17:41:11.363988900Z,TaxiAlgorithmP2PCollector,1,20000,20,50,1,nearest,1,4,1,BASELINE,4,116264429,Calculation Time [millis],0.0,20.0,0.09,645.0,7181,20.0
2026-05-08T17:41:11.363988900Z,TaxiAlgorithmP2PCollector,1,20000,20,50,1,nearest,1,4,1,BASELINE,4,116264429,Custom Time [micros],0.0,0.0,0.0,0.0,7181,0.0
2026-05-08T17:41:12.176018700Z,TaxiAlgorithmP2PCollector,1,20000,20,50,1,nearest,1,4,1,BASELINE,5,116264430,Taxi Travel Distance [km],63.24,145.53,92.22,1844.43,20,82.28999999999999
2026-05-08T17:41:12.176018700Z,TaxiAlgorithmP2PCollector,1,20000,20,50,1,nearest,1,4,1,BASELINE,5,116264430,Client Waiting Time [min],1.38,24.93,9.56,478.13,50,23.55
2026-05-08T17:41:12.176018700Z,TaxiAlgorithmP2PCollector,1,20000,20,50,1,nearest,1,4,1,BASELINE,5,116264430,Client Travel Time [min],452.0,2774.0,1573.62,78681.0,50,2322.0
2026-05-08T17:41:12.176018700Z,TaxiAlgorithmP2PCollector,1,20000,20,50,1,nearest,1,4,1,BASELINE,5,116264430,Calculation Time [millis],0.0,1.0,0.1,673.0,6821,1.0
2026-05-08T17:41:12.176018700Z,TaxiAlgorithmP2PCollector,1,20000,20,50,1,nearest,1,4,1,BASELINE,5,116264430,Custom Time [micros],0.0,0.0,0.0,0.0,6821,0.0
2026-05-08T17:41:13.327177100Z,TaxiAlgorithmP2PCollector,1,20000,20,50,1,nearest,1,4,1,BASELINE,6,116264431,Taxi Travel Distance [km],82.11,147.78,105.22,2104.34,20,65.67
2026-05-08T17:41:13.327177100Z,TaxiAlgorithmP2PCollector,1,20000,20,50,1,nearest,1,4,1,BASELINE,6,116264431,Client Waiting Time [min],1.05,31.85,11.06,553.2,50,30.8
2026-05-08T17:41:13.327177100Z,TaxiAlgorithmP2PCollector,1,20000,20,50,1,nearest,1,4,1,BASELINE,6,116264431,Client Travel Time [min],300.0,3827.0,1686.5,84325.0,50,3527.0
2026-05-08T17:41:13.327177100Z,TaxiAlgorithmP2PCollector,1,20000,20,50,1,nearest,1,4,1,BASELINE,6,116264431,Calculation Time [millis],0.0,22.0,0.13,1008.0,7952,22.0
2026-05-08T17:41:13.327177100Z,TaxiAlgorithmP2PCollector,1,20000,20,50,1,nearest,1,4,1,BASELINE,6,116264431,Custom Time [micros],0.0,0.0,0.0,0.0,7952,0.0
2026-05-08T17:41:13.685186900Z,TaxiAlgorithmP2PCollector,1,20000,20,50,1,nearest,1,4,1,BASELINE,7,116264432,Taxi Travel Distance [km],46.39,107.35,86.79,1735.87,20,60.959999999999994
2026-05-08T17:41:13.685186900Z,TaxiAlgorithmP2PCollector,1,20000,20,50,1,nearest,1,4,1,BASELINE,7,116264432,Client Waiting Time [min],0.52,21.53,9.16,457.87,50,21.01
2026-05-08T17:41:13.685186900Z,TaxiAlgorithmP2PCollector,1,20000,20,50,1,nearest,1,4,1,BASELINE,7,116264432,Client Travel Time [min],160.0,2348.0,1394.54,69727.0,50,2188.0
2026-05-08T17:41:13.685186900Z,TaxiAlgorithmP2PCollector,1,20000,20,50,1,nearest,1,4,1,BASELINE,7,116264432,Calculation Time [millis],0.0,0.0,0.03,234.0,7184,0.0
2026-05-08T17:41:13.685186900Z,TaxiAlgorithmP2PCollector,1,20000,20,50,1,nearest,1,4,1,BASELINE,7,116264432,Custom Time [micros],0.0,0.0,0.0,0.0,7184,0.0
2026-05-08T17:41:14.632195600Z,TaxiAlgorithmP2PCollector,1,20000,20,50,1,nearest,1,4,1,BASELINE,8,116264433,Taxi Travel Distance [km],50.29,128.03,94.01,1880.24,20,77.74000000000001
2026-05-08T17:41:14.632195600Z,TaxiAlgorithmP2PCollector,1,20000,20,50,1,nearest,1,4,1,BASELINE,8,116264433,Client Waiting Time [min],1.22,35.58,10.94,546.92,50,34.36
2026-05-08T17:41:14.632195600Z,TaxiAlgorithmP2PCollector,1,20000,20,50,1,nearest,1,4,1,BASELINE,8,116264433,Client Travel Time [min],480.0,2844.0,1575.68,78784.0,50,2364.0
2026-05-08T17:41:14.632195600Z,TaxiAlgorithmP2PCollector,1,20000,20,50,1,nearest,1,4,1,BASELINE,8,116264433,Calculation Time [millis],0.0,27.0,0.13,848.0,6615,27.0
2026-05-08T17:41:14.632195600Z,TaxiAlgorithmP2PCollector,1,20000,20,50,1,nearest,1,4,1,BASELINE,8,116264433,Custom Time [micros],0.0,0.0,0.0,0.0,6615,0.0
2026-05-08T17:41:15.396218500Z,TaxiAlgorithmP2PCollector,1,20000,20,50,1,nearest,1,4,1,BASELINE,9,116264434,Taxi Travel Distance [km],64.25,118.34,93.94,1878.77,20,54.09
2026-05-08T17:41:15.396218500Z,TaxiAlgorithmP2PCollector,1,20000,20,50,1,nearest,1,4,1,BASELINE,9,116264434,Client Waiting Time [min],0.53,26.47,10.41,520.47,50,25.939999999999998
2026-05-08T17:41:15.396218500Z,TaxiAlgorithmP2PCollector,1,20000,20,50,1,nearest,1,4,1,BASELINE,9,116264434,Client Travel Time [min],107.0,3039.0,1497.36,74868.0,50,2932.0
2026-05-08T17:41:15.396218500Z,TaxiAlgorithmP2PCollector,1,20000,20,50,1,nearest,1,4,1,BASELINE,9,116264434,Calculation Time [millis],0.0,1.0,0.1,659.0,6763,1.0
2026-05-08T17:41:15.396218500Z,TaxiAlgorithmP2PCollector,1,20000,20,50,1,nearest,1,4,1,BASELINE,9,116264434,Custom Time [micros],0.0,0.0,0.0,0.0,6763,0.0
2026-05-08T17:41:16.188041400Z,TaxiAlgorithmP2PCollector,1,20000,20,50,1,nearest,1,4,1,BASELINE,10,116264435,Taxi Travel Distance [km],79.08,145.71,98.97,1979.32,20,66.63000000000001
2026-05-08T17:41:16.188041400Z,TaxiAlgorithmP2PCollector,1,20000,20,50,1,nearest,1,4,1,BASELINE,10,116264435,Client Waiting Time [min],1.87,22.43,10.76,538.15,50,20.56
2026-05-08T17:41:16.188041400Z,TaxiAlgorithmP2PCollector,1,20000,20,50,1,nearest,1,4,1,BASELINE,10,116264435,Client Travel Time [min],395.0,2789.0,1615.98,80799.0,50,2394.0
2026-05-08T17:41:16.188041400Z,TaxiAlgorithmP2PCollector,1,20000,20,50,1,nearest,1,4,1,BASELINE,10,116264435,Calculation Time [millis],0.0,27.0,0.09,659.0,7137,27.0
2026-05-08T17:41:16.188041400Z,TaxiAlgorithmP2PCollector,1,20000,20,50,1,nearest,1,4,1,BASELINE,10,116264435,Custom Time [micros],0.0,0.0,0.0,0.0,7137,0.0
2026-05-08T17:41:20.738589700Z,TaxiAlgorithmP2PCollector,1,20000,20,100,1,nearest,1,4,1,BASELINE,1,116264426,Taxi Travel Distance [km],235.1,304.79,267.7,5354.04,20,69.69000000000003
2026-05-08T17:41:20.738589700Z,TaxiAlgorithmP2PCollector,1,20000,20,100,1,nearest,1,4,1,BASELINE,1,116264426,Client Waiting Time [min],2.02,164.5,51.2,5068.7,99,162.48
2026-05-08T17:41:20.738589700Z,TaxiAlgorithmP2PCollector,1,20000,20,100,1,nearest,1,4,1,BASELINE,1,116264426,Client Travel Time [min],815.0,11835.0,4758.84,475884.0,100,11020.0
2026-05-08T17:41:20.738589700Z,TaxiAlgorithmP2PCollector,1,20000,20,100,1,nearest,1,4,1,BASELINE,1,116264426,Calculation Time [millis],0.0,112.0,0.32,4394.0,13923,112.0
2026-05-08T17:41:20.738589700Z,TaxiAlgorithmP2PCollector,1,20000,20,100,1,nearest,1,4,1,BASELINE,1,116264426,Custom Time [micros],0.0,0.0,0.0,0.0,13923,0.0
2026-05-08T17:41:26.507762Z,TaxiAlgorithmP2PCollector,1,20000,20,100,1,nearest,1,4,1,BASELINE,2,116264427,Taxi Travel Distance [km],236.87,387.24,314.39,6287.72,20,150.37
2026-05-08T17:41:26.507762Z,TaxiAlgorithmP2PCollector,1,20000,20,100,1,nearest,1,4,1,BASELINE,2,116264427,Client Waiting Time [min],3.25,222.82,73.85,7311.48,99,219.57
2026-05-08T17:41:26.507762Z,TaxiAlgorithmP2PCollector,1,20000,20,100,1,nearest,1,4,1,BASELINE,2,116264427,Client Travel Time [min],1359.0,15016.0,6163.1,616310.0,100,13657.0
2026-05-08T17:41:26.507762Z,TaxiAlgorithmP2PCollector,1,20000,20,100,1,nearest,1,4,1,BASELINE,2,116264427,Calculation Time [millis],0.0,120.0,0.3,5573.0,18360,120.0
2026-05-08T17:41:26.507762Z,TaxiAlgorithmP2PCollector,1,20000,20,100,1,nearest,1,4,1,BASELINE,2,116264427,Custom Time [micros],0.0,0.0,0.0,0.0,18360,0.0
2026-05-08T17:41:31.728716800Z,TaxiAlgorithmP2PCollector,1,20000,20,100,1,nearest,1,4,1,BASELINE,3,116264428,Taxi Travel Distance [km],266.55,319.27,285.19,5703.8,20,52.71999999999997
2026-05-08T17:41:31.728716800Z,TaxiAlgorithmP2PCollector,1,20000,20,100,1,nearest,1,4,1,BASELINE,3,116264428,Client Waiting Time [min],0.93,191.57,55.21,5520.9,100,190.64
2026-05-08T17:41:31.728716800Z,TaxiAlgorithmP2PCollector,1,20000,20,100,1,nearest,1,4,1,BASELINE,3,116264428,Client Travel Time [min],913.0,12999.0,5007.29,500729.0,100,12086.0
2026-05-08T17:41:31.728716800Z,TaxiAlgorithmP2PCollector,1,20000,20,100,1,nearest,1,4,1,BASELINE,3,116264428,Calculation Time [millis],0.0,98.0,0.33,4937.0,14849,98.0
2026-05-08T17:41:31.728716800Z,TaxiAlgorithmP2PCollector,1,20000,20,100,1,nearest,1,4,1,BASELINE,3,116264428,Custom Time [micros],0.0,0.0,0.0,0.0,14849,0.0
2026-05-08T17:41:36.915951400Z,TaxiAlgorithmP2PCollector,1,20000,20,100,1,nearest,1,4,1,BASELINE,4,116264429,Taxi Travel Distance [km],276.89,334.93,296.79,5935.87,20,58.04000000000002
2026-05-08T17:41:36.915951400Z,TaxiAlgorithmP2PCollector,1,20000,20,100,1,nearest,1,4,1,BASELINE,4,116264429,Client Waiting Time [min],2.08,208.5,60.96,5974.2,98,206.42
2026-05-08T17:41:36.915951400Z,TaxiAlgorithmP2PCollector,1,20000,20,100,1,nearest,1,4,1,BASELINE,4,116264429,Client Travel Time [min],1266.0,14093.0,5434.0,543400.0,100,12827.0
2026-05-08T17:41:36.915951400Z,TaxiAlgorithmP2PCollector,1,20000,20,100,1,nearest,1,4,1,BASELINE,4,116264429,Calculation Time [millis],0.0,95.0,0.32,4889.0,15288,95.0
2026-05-08T17:41:36.915951400Z,TaxiAlgorithmP2PCollector,1,20000,20,100,1,nearest,1,4,1,BASELINE,4,116264429,Custom Time [micros],0.0,0.0,0.0,0.0,15288,0.0
2026-05-08T17:41:41.957211500Z,TaxiAlgorithmP2PCollector,1,20000,20,100,1,nearest,1,4,1,BASELINE,5,116264430,Taxi Travel Distance [km],152.44,314.89,292.63,5852.65,20,162.45
2026-05-08T17:41:41.957211500Z,TaxiAlgorithmP2PCollector,1,20000,20,100,1,nearest,1,4,1,BASELINE,5,116264430,Client Waiting Time [min],1.9,191.67,60.54,6054.5,100,189.76999999999998
2026-05-08T17:41:41.957211500Z,TaxiAlgorithmP2PCollector,1,20000,20,100,1,nearest,1,4,1,BASELINE,5,116264430,Client Travel Time [min],1048.0,12446.0,5430.8,543080.0,100,11398.0
2026-05-08T17:41:41.957211500Z,TaxiAlgorithmP2PCollector,1,20000,20,100,1,nearest,1,4,1,BASELINE,5,116264430,Calculation Time [millis],0.0,95.0,0.32,4777.0,14991,95.0
2026-05-08T17:41:41.957211500Z,TaxiAlgorithmP2PCollector,1,20000,20,100,1,nearest,1,4,1,BASELINE,5,116264430,Custom Time [micros],0.0,0.0,0.0,0.0,14991,0.0
2026-05-08T17:41:47.040392Z,TaxiAlgorithmP2PCollector,1,20000,20,100,1,nearest,1,4,1,BASELINE,6,116264431,Taxi Travel Distance [km],215.66,352.22,284.33,5686.53,20,136.56000000000003
2026-05-08T17:41:47.040392Z,TaxiAlgorithmP2PCollector,1,20000,20,100,1,nearest,1,4,1,BASELINE,6,116264431,Client Waiting Time [min],5.18,204.02,61.21,6121.38,100,198.84
2026-05-08T17:41:47.040392Z,TaxiAlgorithmP2PCollector,1,20000,20,100,1,nearest,1,4,1,BASELINE,6,116264431,Client Travel Time [min],866.0,14545.0,5370.75,537075.0,100,13679.0
2026-05-08T17:41:47.040392Z,TaxiAlgorithmP2PCollector,1,20000,20,100,1,nearest,1,4,1,BASELINE,6,116264431,Calculation Time [millis],0.0,86.0,0.29,4766.0,16487,86.0
2026-05-08T17:41:47.040392Z,TaxiAlgorithmP2PCollector,1,20000,20,100,1,nearest,1,4,1,BASELINE,6,116264431,Custom Time [micros],0.0,0.0,0.0,0.0,16487,0.0
2026-05-08T17:41:52.535497800Z,TaxiAlgorithmP2PCollector,1,20000,20,100,1,nearest,1,4,1,BASELINE,7,116264432,Taxi Travel Distance [km],223.47,358.1,299.34,5986.73,20,134.63000000000002
2026-05-08T17:41:52.535497800Z,TaxiAlgorithmP2PCollector,1,20000,20,100,1,nearest,1,4,1,BASELINE,7,116264432,Client Waiting Time [min],0.67,200.83,67.91,6791.25,100,200.16000000000003
2026-05-08T17:41:52.535497800Z,TaxiAlgorithmP2PCollector,1,20000,20,100,1,nearest,1,4,1,BASELINE,7,116264432,Client Travel Time [min],617.0,14264.0,5762.24,576224.0,100,13647.0
2026-05-08T17:41:52.535497800Z,TaxiAlgorithmP2PCollector,1,20000,20,100,1,nearest,1,4,1,BASELINE,7,116264432,Calculation Time [millis],0.0,127.0,0.32,5185.0,16386,127.0
2026-05-08T17:41:52.535497800Z,TaxiAlgorithmP2PCollector,1,20000,20,100,1,nearest,1,4,1,BASELINE,7,116264432,Custom Time [micros],0.0,0.0,0.0,0.0,16386,0.0
2026-05-08T17:41:58.056113700Z,TaxiAlgorithmP2PCollector,1,20000,20,100,1,nearest,1,4,1,BASELINE,8,116264433,Taxi Travel Distance [km],205.98,340.08,292.05,5841.04,20,134.1
2026-05-08T17:41:58.056113700Z,TaxiAlgorithmP2PCollector,1,20000,20,100,1,nearest,1,4,1,BASELINE,8,116264433,Client Waiting Time [min],1.23,193.05,64.6,6266.12,97,191.82000000000002
2026-05-08T17:41:58.056113700Z,TaxiAlgorithmP2PCollector,1,20000,20,100,1,nearest,1,4,1,BASELINE,8,116264433,Client Travel Time [min],897.0,12918.0,5747.41,574741.0,100,12021.0
2026-05-08T17:41:58.056113700Z,TaxiAlgorithmP2PCollector,1,20000,20,100,1,nearest,1,4,1,BASELINE,8,116264433,Calculation Time [millis],0.0,107.0,0.33,5296.0,15886,107.0
2026-05-08T17:41:58.056113700Z,TaxiAlgorithmP2PCollector,1,20000,20,100,1,nearest,1,4,1,BASELINE,8,116264433,Custom Time [micros],0.0,0.0,0.0,0.0,15886,0.0
2026-05-08T17:42:03.232814500Z,TaxiAlgorithmP2PCollector,1,20000,20,100,1,nearest,1,4,1,BASELINE,9,116264434,Taxi Travel Distance [km],206.73,356.42,288.94,5778.79,20,149.69000000000003
2026-05-08T17:42:03.232814500Z,TaxiAlgorithmP2PCollector,1,20000,20,100,1,nearest,1,4,1,BASELINE,9,116264434,Client Waiting Time [min],2.47,182.28,58.83,5824.47,99,179.81
2026-05-08T17:42:03.232814500Z,TaxiAlgorithmP2PCollector,1,20000,20,100,1,nearest,1,4,1,BASELINE,9,116264434,Client Travel Time [min],597.0,13593.0,5147.64,514764.0,100,12996.0
2026-05-08T17:42:03.232814500Z,TaxiAlgorithmP2PCollector,1,20000,20,100,1,nearest,1,4,1,BASELINE,9,116264434,Calculation Time [millis],0.0,99.0,0.3,4884.0,16531,99.0
2026-05-08T17:42:03.232814500Z,TaxiAlgorithmP2PCollector,1,20000,20,100,1,nearest,1,4,1,BASELINE,9,116264434,Custom Time [micros],0.0,0.0,0.0,0.0,16531,0.0
2026-05-08T17:42:09.229194700Z,TaxiAlgorithmP2PCollector,1,20000,20,100,1,nearest,1,4,1,BASELINE,10,116264435,Taxi Travel Distance [km],221.65,377.19,311.69,6233.75,20,155.54
2026-05-08T17:42:09.229194700Z,TaxiAlgorithmP2PCollector,1,20000,20,100,1,nearest,1,4,1,BASELINE,10,116264435,Client Waiting Time [min],2.48,253.42,67.74,6638.43,98,250.94
2026-05-08T17:42:09.229194700Z,TaxiAlgorithmP2PCollector,1,20000,20,100,1,nearest,1,4,1,BASELINE,10,116264435,Client Travel Time [min],536.0,15993.0,5714.33,571433.0,100,15457.0
2026-05-08T17:42:09.229194700Z,TaxiAlgorithmP2PCollector,1,20000,20,100,1,nearest,1,4,1,BASELINE,10,116264435,Calculation Time [millis],0.0,93.0,0.32,5607.0,17489,93.0
2026-05-08T17:42:09.229194700Z,TaxiAlgorithmP2PCollector,1,20000,20,100,1,nearest,1,4,1,BASELINE,10,116264435,Custom Time [micros],0.0,0.0,0.0,0.0,17489,0.0
2026-05-08T17:42:09.939226Z,TaxiAlgorithmP2PCollector,2,1000,5,25,1,nearest,1,4,1,BASELINE,1,116264426,Taxi Travel Distance [km],61.76,153.19,105.56,527.79,5,91.43
2026-05-08T17:42:09.939226Z,TaxiAlgorithmP2PCollector,2,1000,5,25,1,nearest,1,4,1,BASELINE,1,116264426,Client Waiting Time [min],0.5,86.02,26.5,397.55,15,85.52
2026-05-08T17:42:09.939226Z,TaxiAlgorithmP2PCollector,2,1000,5,25,1,nearest,1,4,1,BASELINE,1,116264426,Client Travel Time [min],96.0,15020.0,3569.92,89248.0,25,14924.0
2026-05-08T17:42:09.939226Z,TaxiAlgorithmP2PCollector,2,1000,5,25,1,nearest,1,4,1,BASELINE,1,116264426,Calculation Time [millis],0.0,0.0,0.03,542.0,17155,0.0
2026-05-08T17:42:09.939226Z,TaxiAlgorithmP2PCollector,2,1000,5,25,1,nearest,1,4,1,BASELINE,1,116264426,Custom Time [micros],0.0,0.0,0.0,0.0,17155,0.0
2026-05-08T17:42:10.714737700Z,TaxiAlgorithmP2PCollector,2,1000,5,25,1,nearest,1,4,1,BASELINE,2,116264427,Taxi Travel Distance [km],34.06,132.24,88.54,442.72,5,98.18
2026-05-08T17:42:10.714737700Z,TaxiAlgorithmP2PCollector,2,1000,5,25,1,nearest,1,4,1,BASELINE,2,116264427,Client Waiting Time [min],0.68,177.9,40.63,487.5,12,177.22
2026-05-08T17:42:10.714737700Z,TaxiAlgorithmP2PCollector,2,1000,5,25,1,nearest,1,4,1,BASELINE,2,116264427,Client Travel Time [min],785.0,16642.0,6914.0,172850.0,25,15857.0
2026-05-08T17:42:10.714737700Z,TaxiAlgorithmP2PCollector,2,1000,5,25,1,nearest,1,4,1,BASELINE,2,116264427,Calculation Time [millis],0.0,14.0,0.03,665.0,20197,14.0
2026-05-08T17:42:10.714737700Z,TaxiAlgorithmP2PCollector,2,1000,5,25,1,nearest,1,4,1,BASELINE,2,116264427,Custom Time [micros],0.0,0.0,0.0,0.0,20197,0.0
2026-05-08T17:42:11.492687900Z,TaxiAlgorithmP2PCollector,2,1000,5,25,1,nearest,1,4,1,BASELINE,3,116264428,Taxi Travel Distance [km],1.85,24.21,12.83,64.16,5,22.36
2026-05-08T17:42:11.492687900Z,TaxiAlgorithmP2PCollector,2,1000,5,25,1,nearest,1,4,1,BASELINE,3,116264428,Client Waiting Time [min],0.0,0.0,0.0,0.0,0,0.0
2026-05-08T17:42:11.492687900Z,TaxiAlgorithmP2PCollector,2,1000,5,25,1,nearest,1,4,1,BASELINE,3,116264428,Client Travel Time [min],2197.0,15182.0,9724.96,243124.0,25,12985.0
2026-05-08T17:42:11.492687900Z,TaxiAlgorithmP2PCollector,2,1000,5,25,1,nearest,1,4,1,BASELINE,3,116264428,Calculation Time [millis],0.0,0.0,0.03,661.0,19385,0.0
2026-05-08T17:42:11.492687900Z,TaxiAlgorithmP2PCollector,2,1000,5,25,1,nearest,1,4,1,BASELINE,3,116264428,Custom Time [micros],0.0,0.0,0.0,0.0,19385,0.0
2026-05-08T17:42:12.226635100Z,TaxiAlgorithmP2PCollector,2,1000,5,25,1,nearest,1,4,1,BASELINE,4,116264429,Taxi Travel Distance [km],10.09,77.15,44.06,220.3,5,67.06
2026-05-08T17:42:12.226635100Z,TaxiAlgorithmP2PCollector,2,1000,5,25,1,nearest,1,4,1,BASELINE,4,116264429,Client Waiting Time [min],2.78,37.92,14.66,87.93,6,35.14
2026-05-08T17:42:12.226635100Z,TaxiAlgorithmP2PCollector,2,1000,5,25,1,nearest,1,4,1,BASELINE,4,116264429,Client Travel Time [min],245.0,16697.0,7406.44,185161.0,25,16452.0
2026-05-08T17:42:12.226635100Z,TaxiAlgorithmP2PCollector,2,1000,5,25,1,nearest,1,4,1,BASELINE,4,116264429,Calculation Time [millis],0.0,0.0,0.03,620.0,18560,0.0
2026-05-08T17:42:12.226635100Z,TaxiAlgorithmP2PCollector,2,1000,5,25,1,nearest,1,4,1,BASELINE,4,116264429,Custom Time [micros],0.0,0.0,0.0,0.0,18560,0.0
2026-05-08T17:42:12.931819500Z,TaxiAlgorithmP2PCollector,2,1000,5,25,1,nearest,1,4,1,BASELINE,5,116264430,Taxi Travel Distance [km],36.13,65.19,48.59,242.93,5,29.059999999999995
2026-05-08T17:42:12.931819500Z,TaxiAlgorithmP2PCollector,2,1000,5,25,1,nearest,1,4,1,BASELINE,5,116264430,Client Waiting Time [min],0.47,229.05,82.56,495.37,6,228.58
2026-05-08T17:42:12.931819500Z,TaxiAlgorithmP2PCollector,2,1000,5,25,1,nearest,1,4,1,BASELINE,5,116264430,Client Travel Time [min],279.0,14269.0,8550.04,213751.0,25,13990.0
2026-05-08T17:42:12.931819500Z,TaxiAlgorithmP2PCollector,2,1000,5,25,1,nearest,1,4,1,BASELINE,5,116264430,Calculation Time [millis],0.0,0.0,0.03,580.0,18101,0.0
2026-05-08T17:42:12.931819500Z,TaxiAlgorithmP2PCollector,2,1000,5,25,1,nearest,1,4,1,BASELINE,5,116264430,Custom Time [micros],0.0,0.0,0.0,0.0,18101,0.0
2026-05-08T17:42:13.815828900Z,TaxiAlgorithmP2PCollector,2,1000,5,25,1,nearest,1,4,1,BASELINE,6,116264431,Taxi Travel Distance [km],22.66,106.48,62.08,310.38,5,83.82000000000001
2026-05-08T17:42:13.815828900Z,TaxiAlgorithmP2PCollector,2,1000,5,25,1,nearest,1,4,1,BASELINE,6,116264431,Client Waiting Time [min],0.47,32.75,10.58,84.63,8,32.28
2026-05-08T17:42:13.815828900Z,TaxiAlgorithmP2PCollector,2,1000,5,25,1,nearest,1,4,1,BASELINE,6,116264431,Client Travel Time [min],197.0,18900.0,6321.68,158042.0,25,18703.0
2026-05-08T17:42:13.815828900Z,TaxiAlgorithmP2PCollector,2,1000,5,25,1,nearest,1,4,1,BASELINE,6,116264431,Calculation Time [millis],0.0,15.0,0.03,756.0,23285,15.0
2026-05-08T17:42:13.815828900Z,TaxiAlgorithmP2PCollector,2,1000,5,25,1,nearest,1,4,1,BASELINE,6,116264431,Custom Time [micros],0.0,0.0,0.0,0.0,23285,0.0
2026-05-08T17:42:14.553533800Z,TaxiAlgorithmP2PCollector,2,1000,5,25,1,nearest,1,4,1,BASELINE,7,116264432,Taxi Travel Distance [km],33.73,146.17,85.4,427.0,5,112.44
2026-05-08T17:42:14.553533800Z,TaxiAlgorithmP2PCollector,2,1000,5,25,1,nearest,1,4,1,BASELINE,7,116264432,Client Waiting Time [min],0.52,49.02,17.09,205.07,12,48.5
2026-05-08T17:42:14.553533800Z,TaxiAlgorithmP2PCollector,2,1000,5,25,1,nearest,1,4,1,BASELINE,7,116264432,Client Travel Time [min],160.0,14879.0,5769.44,144236.0,25,14719.0
2026-05-08T17:42:14.553533800Z,TaxiAlgorithmP2PCollector,2,1000,5,25,1,nearest,1,4,1,BASELINE,7,116264432,Calculation Time [millis],0.0,0.0,0.03,618.0,19379,0.0
2026-05-08T17:42:14.553533800Z,TaxiAlgorithmP2PCollector,2,1000,5,25,1,nearest,1,4,1,BASELINE,7,116264432,Custom Time [micros],0.0,0.0,0.0,0.0,19379,0.0
2026-05-08T17:42:15.450080Z,TaxiAlgorithmP2PCollector,2,1000,5,25,1,nearest,1,4,1,BASELINE,8,116264433,Taxi Travel Distance [km],1.37,76.21,22.22,111.09,5,74.83999999999999
2026-05-08T17:42:15.450080Z,TaxiAlgorithmP2PCollector,2,1000,5,25,1,nearest,1,4,1,BASELINE,8,116264433,Client Waiting Time [min],22.73,22.73,22.73,22.73,1,0.0
2026-05-08T17:42:15.450080Z,TaxiAlgorithmP2PCollector,2,1000,5,25,1,nearest,1,4,1,BASELINE,8,116264433,Client Travel Time [min],1629.0,17832.0,10160.72,254018.0,25,16203.0
2026-05-08T17:42:15.450080Z,TaxiAlgorithmP2PCollector,2,1000,5,25,1,nearest,1,4,1,BASELINE,8,116264433,Calculation Time [millis],0.0,9.0,0.04,784.0,22368,9.0
2026-05-08T17:42:15.450080Z,TaxiAlgorithmP2PCollector,2,1000,5,25,1,nearest,1,4,1,BASELINE,8,116264433,Custom Time [micros],0.0,0.0,0.0,0.0,22368,0.0
2026-05-08T17:42:16.427117100Z,TaxiAlgorithmP2PCollector,2,1000,5,25,1,nearest,1,4,1,BASELINE,9,116264434,Taxi Travel Distance [km],16.57,46.76,28.94,144.72,5,30.189999999999998
2026-05-08T17:42:16.427117100Z,TaxiAlgorithmP2PCollector,2,1000,5,25,1,nearest,1,4,1,BASELINE,9,116264434,Client Waiting Time [min],0.18,184.02,92.1,184.2,2,183.84
2026-05-08T17:42:16.427117100Z,TaxiAlgorithmP2PCollector,2,1000,5,25,1,nearest,1,4,1,BASELINE,9,116264434,Client Travel Time [min],197.0,17584.0,8227.32,205683.0,25,17387.0
2026-05-08T17:42:16.427117100Z,TaxiAlgorithmP2PCollector,2,1000,5,25,1,nearest,1,4,1,BASELINE,9,116264434,Calculation Time [millis],0.0,42.0,0.04,815.0,20347,42.0
2026-05-08T17:42:16.427117100Z,TaxiAlgorithmP2PCollector,2,1000,5,25,1,nearest,1,4,1,BASELINE,9,116264434,Custom Time [micros],0.0,0.0,0.0,0.0,20347,0.0
2026-05-08T17:42:16.956118900Z,TaxiAlgorithmP2PCollector,2,1000,5,25,1,nearest,1,4,1,BASELINE,10,116264435,Taxi Travel Distance [km],51.13,164.78,120.28,601.39,5,113.65
2026-05-08T17:42:16.956118900Z,TaxiAlgorithmP2PCollector,2,1000,5,25,1,nearest,1,4,1,BASELINE,10,116264435,Client Waiting Time [min],0.27,121.08,45.48,773.2,17,120.81
2026-05-08T17:42:16.956118900Z,TaxiAlgorithmP2PCollector,2,1000,5,25,1,nearest,1,4,1,BASELINE,10,116264435,Client Travel Time [min],573.0,8621.0,3903.72,97593.0,25,8048.0
2026-05-08T17:42:16.956118900Z,TaxiAlgorithmP2PCollector,2,1000,5,25,1,nearest,1,4,1,BASELINE,10,116264435,Calculation Time [millis],0.0,0.0,0.03,444.0,13489,0.0
2026-05-08T17:42:16.956118900Z,TaxiAlgorithmP2PCollector,2,1000,5,25,1,nearest,1,4,1,BASELINE,10,116264435,Custom Time [micros],0.0,0.0,0.0,0.0,13489,0.0
2026-05-08T17:42:19.430687500Z,TaxiAlgorithmP2PCollector,2,1000,10,25,1,nearest,1,4,1,BASELINE,1,116264426,Taxi Travel Distance [km],1.96,80.69,31.02,310.15,10,78.73
2026-05-08T17:42:19.430687500Z,TaxiAlgorithmP2PCollector,2,1000,10,25,1,nearest,1,4,1,BASELINE,1,116264426,Client Waiting Time [min],0.0,0.0,0.0,0.0,0,0.0
2026-05-08T17:42:19.430687500Z,TaxiAlgorithmP2PCollector,2,1000,10,25,1,nearest,1,4,1,BASELINE,1,116264426,Client Travel Time [min],773.0,17798.0,9234.92,230873.0,25,17025.0
2026-05-08T17:42:19.430687500Z,TaxiAlgorithmP2PCollector,2,1000,10,25,1,nearest,1,4,1,BASELINE,1,116264426,Calculation Time [millis],0.0,31.0,0.11,2310.0,21268,31.0
2026-05-08T17:42:19.430687500Z,TaxiAlgorithmP2PCollector,2,1000,10,25,1,nearest,1,4,1,BASELINE,1,116264426,Custom Time [micros],0.0,0.0,0.0,0.0,21268,0.0
2026-05-08T17:42:21.472686900Z,TaxiAlgorithmP2PCollector,2,1000,10,25,1,nearest,1,4,1,BASELINE,2,116264427,Taxi Travel Distance [km],12.87,213.14,94.34,943.37,10,200.26999999999998
2026-05-08T17:42:21.472686900Z,TaxiAlgorithmP2PCollector,2,1000,10,25,1,nearest,1,4,1,BASELINE,2,116264427,Client Waiting Time [min],0.73,118.3,32.59,684.33,21,117.57
2026-05-08T17:42:21.472686900Z,TaxiAlgorithmP2PCollector,2,1000,10,25,1,nearest,1,4,1,BASELINE,2,116264427,Client Travel Time [min],785.0,15078.0,3392.4,84810.0,25,14293.0
2026-05-08T17:42:21.472686900Z,TaxiAlgorithmP2PCollector,2,1000,10,25,1,nearest,1,4,1,BASELINE,2,116264427,Calculation Time [millis],0.0,50.0,0.11,1810.0,16892,50.0
2026-05-08T17:42:21.472686900Z,TaxiAlgorithmP2PCollector,2,1000,10,25,1,nearest,1,4,1,BASELINE,2,116264427,Custom Time [micros],0.0,0.0,0.0,0.0,16892,0.0
2026-05-08T17:42:23.773255700Z,TaxiAlgorithmP2PCollector,2,1000,10,25,1,nearest,1,4,1,BASELINE,3,116264428,Taxi Travel Distance [km],32.64,299.09,115.41,1154.1,10,266.45
2026-05-08T17:42:23.773255700Z,TaxiAlgorithmP2PCollector,2,1000,10,25,1,nearest,1,4,1,BASELINE,3,116264428,Client Waiting Time [min],0.58,138.7,26.94,431.08,16,138.11999999999998
2026-05-08T17:42:23.773255700Z,TaxiAlgorithmP2PCollector,2,1000,10,25,1,nearest,1,4,1,BASELINE,3,116264428,Client Travel Time [min],519.0,16846.0,4346.76,108669.0,25,16327.0
2026-05-08T17:42:23.773255700Z,TaxiAlgorithmP2PCollector,2,1000,10,25,1,nearest,1,4,1,BASELINE,3,116264428,Calculation Time [millis],0.0,40.0,0.11,2127.0,20191,40.0
2026-05-08T17:42:23.773255700Z,TaxiAlgorithmP2PCollector,2,1000,10,25,1,nearest,1,4,1,BASELINE,3,116264428,Custom Time [micros],0.0,0.0,0.0,0.0,20191,0.0
2026-05-08T17:42:25.792848800Z,TaxiAlgorithmP2PCollector,2,1000,10,25,1,nearest,1,4,1,BASELINE,4,116264429,Taxi Travel Distance [km],22.69,139.82,56.44,564.39,10,117.13
2026-05-08T17:42:25.792848800Z,TaxiAlgorithmP2PCollector,2,1000,10,25,1,nearest,1,4,1,BASELINE,4,116264429,Client Waiting Time [min],4.15,71.6,25.01,325.08,13,67.44999999999999
2026-05-08T17:42:25.792848800Z,TaxiAlgorithmP2PCollector,2,1000,10,25,1,nearest,1,4,1,BASELINE,4,116264429,Client Travel Time [min],323.0,16778.0,5501.44,137536.0,25,16455.0
2026-05-08T17:42:25.792848800Z,TaxiAlgorithmP2PCollector,2,1000,10,25,1,nearest,1,4,1,BASELINE,4,116264429,Calculation Time [millis],0.0,17.0,0.11,1821.0,17298,17.0
2026-05-08T17:42:25.792848800Z,TaxiAlgorithmP2PCollector,2,1000,10,25,1,nearest,1,4,1,BASELINE,4,116264429,Custom Time [micros],0.0,0.0,0.0,0.0,17298,0.0
2026-05-08T17:42:27.924843200Z,TaxiAlgorithmP2PCollector,2,1000,10,25,1,nearest,1,4,1,BASELINE,5,116264430,Taxi Travel Distance [km],4.0,47.26,22.71,227.08,10,43.26
2026-05-08T17:42:27.924843200Z,TaxiAlgorithmP2PCollector,2,1000,10,25,1,nearest,1,4,1,BASELINE,5,116264430,Client Waiting Time [min],0.72,5.37,3.04,6.08,2,4.65
2026-05-08T17:42:27.924843200Z,TaxiAlgorithmP2PCollector,2,1000,10,25,1,nearest,1,4,1,BASELINE,5,116264430,Client Travel Time [min],468.0,14554.0,8663.44,216586.0,25,14086.0
2026-05-08T17:42:27.924843200Z,TaxiAlgorithmP2PCollector,2,1000,10,25,1,nearest,1,4,1,BASELINE,5,116264430,Calculation Time [millis],0.0,48.0,0.1,1910.0,18871,48.0
2026-05-08T17:42:27.924843200Z,TaxiAlgorithmP2PCollector,2,1000,10,25,1,nearest,1,4,1,BASELINE,5,116264430,Custom Time [micros],0.0,0.0,0.0,0.0,18871,0.0
2026-05-08T17:42:30.443881200Z,TaxiAlgorithmP2PCollector,2,1000,10,25,1,nearest,1,4,1,BASELINE,6,116264431,Taxi Travel Distance [km],8.74,109.55,64.26,642.56,10,100.81
2026-05-08T17:42:30.443881200Z,TaxiAlgorithmP2PCollector,2,1000,10,25,1,nearest,1,4,1,BASELINE,6,116264431,Client Waiting Time [min],0.3,78.32,20.47,204.67,10,78.02
2026-05-08T17:42:30.443881200Z,TaxiAlgorithmP2PCollector,2,1000,10,25,1,nearest,1,4,1,BASELINE,6,116264431,Client Travel Time [min],554.0,18900.0,6335.12,158378.0,25,18346.0
2026-05-08T17:42:30.443881200Z,TaxiAlgorithmP2PCollector,2,1000,10,25,1,nearest,1,4,1,BASELINE,6,116264431,Calculation Time [millis],0.0,34.0,0.1,2372.0,23285,34.0
2026-05-08T17:42:30.443881200Z,TaxiAlgorithmP2PCollector,2,1000,10,25,1,nearest,1,4,1,BASELINE,6,116264431,Custom Time [micros],0.0,0.0,0.0,0.0,23285,0.0
2026-05-08T17:42:32.181567800Z,TaxiAlgorithmP2PCollector,2,1000,10,25,1,nearest,1,4,1,BASELINE,7,116264432,Taxi Travel Distance [km],24.25,171.14,77.53,775.31,10,146.89
2026-05-08T17:42:32.181567800Z,TaxiAlgorithmP2PCollector,2,1000,10,25,1,nearest,1,4,1,BASELINE,7,116264432,Client Waiting Time [min],0.37,127.13,29.7,534.65,18,126.75999999999999
2026-05-08T17:42:32.181567800Z,TaxiAlgorithmP2PCollector,2,1000,10,25,1,nearest,1,4,1,BASELINE,7,116264432,Client Travel Time [min],160.0,13189.0,3930.64,98266.0,25,13029.0
2026-05-08T17:42:32.181567800Z,TaxiAlgorithmP2PCollector,2,1000,10,25,1,nearest,1,4,1,BASELINE,7,116264432,Calculation Time [millis],0.0,48.0,0.1,1509.0,14505,48.0
2026-05-08T17:42:32.181567800Z,TaxiAlgorithmP2PCollector,2,1000,10,25,1,nearest,1,4,1,BASELINE,7,116264432,Custom Time [micros],0.0,0.0,0.0,0.0,14505,0.0
2026-05-08T17:42:34.312565900Z,TaxiAlgorithmP2PCollector,2,1000,10,25,1,nearest,1,4,1,BASELINE,8,116264433,Taxi Travel Distance [km],10.12,135.53,73.8,738.0,10,125.41
2026-05-08T17:42:34.312565900Z,TaxiAlgorithmP2PCollector,2,1000,10,25,1,nearest,1,4,1,BASELINE,8,116264433,Client Waiting Time [min],0.63,58.47,17.07,273.15,16,57.839999999999996
2026-05-08T17:42:34.312565900Z,TaxiAlgorithmP2PCollector,2,1000,10,25,1,nearest,1,4,1,BASELINE,8,116264433,Client Travel Time [min],150.0,15958.0,4529.12,113228.0,25,15808.0
2026-05-08T17:42:34.312565900Z,TaxiAlgorithmP2PCollector,2,1000,10,25,1,nearest,1,4,1,BASELINE,8,116264433,Calculation Time [millis],0.0,44.0,0.1,2015.0,20195,44.0
2026-05-08T17:42:34.312565900Z,TaxiAlgorithmP2PCollector,2,1000,10,25,1,nearest,1,4,1,BASELINE,8,116264433,Custom Time [micros],0.0,0.0,0.0,0.0,20195,0.0
2026-05-08T17:42:36.557597100Z,TaxiAlgorithmP2PCollector,2,1000,10,25,1,nearest,1,4,1,BASELINE,9,116264434,Taxi Travel Distance [km],21.37,257.03,80.18,801.78,10,235.65999999999997
2026-05-08T17:42:36.557597100Z,TaxiAlgorithmP2PCollector,2,1000,10,25,1,nearest,1,4,1,BASELINE,9,116264434,Client Waiting Time [min],0.18,116.75,29.99,509.8,17,116.57
2026-05-08T17:42:36.557597100Z,TaxiAlgorithmP2PCollector,2,1000,10,25,1,nearest,1,4,1,BASELINE,9,116264434,Client Travel Time [min],81.0,16112.0,3346.48,83662.0,25,16031.0
2026-05-08T17:42:36.557597100Z,TaxiAlgorithmP2PCollector,2,1000,10,25,1,nearest,1,4,1,BASELINE,9,116264434,Calculation Time [millis],0.0,23.0,0.1,2066.0,20347,23.0
2026-05-08T17:42:36.557597100Z,TaxiAlgorithmP2PCollector,2,1000,10,25,1,nearest,1,4,1,BASELINE,9,116264434,Custom Time [micros],0.0,0.0,0.0,0.0,20347,0.0
2026-05-08T17:42:38.129436500Z,TaxiAlgorithmP2PCollector,2,1000,10,25,1,nearest,1,4,1,BASELINE,10,116264435,Taxi Travel Distance [km],15.9,178.53,64.4,644.02,10,162.63
2026-05-08T17:42:38.129436500Z,TaxiAlgorithmP2PCollector,2,1000,10,25,1,nearest,1,4,1,BASELINE,10,116264435,Client Waiting Time [min],0.17,53.5,15.43,246.95,16,53.33
2026-05-08T17:42:38.129436500Z,TaxiAlgorithmP2PCollector,2,1000,10,25,1,nearest,1,4,1,BASELINE,10,116264435,Client Travel Time [min],346.0,8621.0,3343.56,83589.0,25,8275.0
2026-05-08T17:42:38.129436500Z,TaxiAlgorithmP2PCollector,2,1000,10,25,1,nearest,1,4,1,BASELINE,10,116264435,Calculation Time [millis],0.0,2.0,0.1,1340.0,13489,2.0
2026-05-08T17:42:38.129436500Z,TaxiAlgorithmP2PCollector,2,1000,10,25,1,nearest,1,4,1,BASELINE,10,116264435,Custom Time [micros],0.0,0.0,0.0,0.0,13489,0.0
2026-05-08T17:42:41.797370500Z,TaxiAlgorithmP2PCollector,2,1000,10,50,1,nearest,1,4,1,BASELINE,1,116264426,Taxi Travel Distance [km],89.95,384.51,235.32,2353.2,10,294.56
2026-05-08T17:42:41.797370500Z,TaxiAlgorithmP2PCollector,2,1000,10,50,1,nearest,1,4,1,BASELINE,1,116264426,Client Waiting Time [min],0.2,294.28,84.5,3126.57,37,294.08
2026-05-08T17:42:41.797370500Z,TaxiAlgorithmP2PCollector,2,1000,10,50,1,nearest,1,4,1,BASELINE,1,116264426,Client Travel Time [min],767.0,28334.0,8042.28,402114.0,50,27567.0
2026-05-08T17:42:41.797370500Z,TaxiAlgorithmP2PCollector,2,1000,10,50,1,nearest,1,4,1,BASELINE,1,116264426,Calculation Time [millis],0.0,88.0,0.11,3412.0,30829,88.0
2026-05-08T17:42:41.797370500Z,TaxiAlgorithmP2PCollector,2,1000,10,50,1,nearest,1,4,1,BASELINE,1,116264426,Custom Time [micros],0.0,0.0,0.0,0.0,30829,0.0
2026-05-08T17:42:45.669944200Z,TaxiAlgorithmP2PCollector,2,1000,10,50,1,nearest,1,4,1,BASELINE,2,116264427,Taxi Travel Distance [km],113.24,463.71,273.27,2732.66,10,350.46999999999997
2026-05-08T17:42:45.669944200Z,TaxiAlgorithmP2PCollector,2,1000,10,50,1,nearest,1,4,1,BASELINE,2,116264427,Client Waiting Time [min],0.53,213.53,63.64,2227.27,35,213.0
2026-05-08T17:42:45.669944200Z,TaxiAlgorithmP2PCollector,2,1000,10,50,1,nearest,1,4,1,BASELINE,2,116264427,Client Travel Time [min],403.0,28060.0,7491.5,374575.0,50,27657.0
2026-05-08T17:42:45.669944200Z,TaxiAlgorithmP2PCollector,2,1000,10,50,1,nearest,1,4,1,BASELINE,2,116264427,Calculation Time [millis],0.0,75.0,0.12,3644.0,31678,75.0
2026-05-08T17:42:45.669944200Z,TaxiAlgorithmP2PCollector,2,1000,10,50,1,nearest,1,4,1,BASELINE,2,116264427,Custom Time [micros],0.0,0.0,0.0,0.0,31678,0.0
2026-05-08T17:42:48.522446100Z,TaxiAlgorithmP2PCollector,2,1000,10,50,1,nearest,1,4,1,BASELINE,3,116264428,Taxi Travel Distance [km],149.36,472.83,263.88,2638.81,10,323.46999999999997
2026-05-08T17:42:48.522446100Z,TaxiAlgorithmP2PCollector,2,1000,10,50,1,nearest,1,4,1,BASELINE,3,116264428,Client Waiting Time [min],0.35,290.22,87.15,3660.12,42,289.87
2026-05-08T17:42:48.522446100Z,TaxiAlgorithmP2PCollector,2,1000,10,50,1,nearest,1,4,1,BASELINE,3,116264428,Client Travel Time [min],373.0,21965.0,6725.3,336265.0,50,21592.0
2026-05-08T17:42:48.522446100Z,TaxiAlgorithmP2PCollector,2,1000,10,50,1,nearest,1,4,1,BASELINE,3,116264428,Calculation Time [millis],0.0,56.0,0.11,2566.0,23030,56.0
2026-05-08T17:42:48.522446100Z,TaxiAlgorithmP2PCollector,2,1000,10,50,1,nearest,1,4,1,BASELINE,3,116264428,Custom Time [micros],0.0,0.0,0.0,0.0,23030,0.0
2026-05-08T17:42:53.118163800Z,TaxiAlgorithmP2PCollector,2,1000,10,50,1,nearest,1,4,1,BASELINE,4,116264429,Taxi Travel Distance [km],28.68,221.95,125.08,1250.85,10,193.26999999999998
2026-05-08T17:42:53.118163800Z,TaxiAlgorithmP2PCollector,2,1000,10,50,1,nearest,1,4,1,BASELINE,4,116264429,Client Waiting Time [min],2.45,495.82,83.83,1508.92,18,493.37
2026-05-08T17:42:53.118163800Z,TaxiAlgorithmP2PCollector,2,1000,10,50,1,nearest,1,4,1,BASELINE,4,116264429,Client Travel Time [min],1019.0,36778.0,12716.6,635830.0,50,35759.0
2026-05-08T17:42:53.118163800Z,TaxiAlgorithmP2PCollector,2,1000,10,50,1,nearest,1,4,1,BASELINE,4,116264429,Calculation Time [millis],0.0,100.0,0.11,4346.0,38592,100.0
2026-05-08T17:42:53.118163800Z,TaxiAlgorithmP2PCollector,2,1000,10,50,1,nearest,1,4,1,BASELINE,4,116264429,Custom Time [micros],0.0,0.0,0.0,0.0,38592,0.0
2026-05-08T17:42:57.159833200Z,TaxiAlgorithmP2PCollector,2,1000,10,50,1,nearest,1,4,1,BASELINE,5,116264430,Taxi Travel Distance [km],24.97,509.21,276.71,2767.11,10,484.24
2026-05-08T17:42:57.159833200Z,TaxiAlgorithmP2PCollector,2,1000,10,50,1,nearest,1,4,1,BASELINE,5,116264430,Client Waiting Time [min],0.6,372.92,141.09,4938.05,35,372.32
2026-05-08T17:42:57.159833200Z,TaxiAlgorithmP2PCollector,2,1000,10,50,1,nearest,1,4,1,BASELINE,5,116264430,Client Travel Time [min],461.0,32473.0,10282.68,514134.0,50,32012.0
2026-05-08T17:42:57.159833200Z,TaxiAlgorithmP2PCollector,2,1000,10,50,1,nearest,1,4,1,BASELINE,5,116264430,Calculation Time [millis],0.0,99.0,0.11,3777.0,34074,99.0
2026-05-08T17:42:57.159833200Z,TaxiAlgorithmP2PCollector,2,1000,10,50,1,nearest,1,4,1,BASELINE,5,116264430,Custom Time [micros],0.0,0.0,0.0,0.0,34074,0.0
2026-05-08T17:43:01.031197300Z,TaxiAlgorithmP2PCollector,2,1000,10,50,1,nearest,1,4,1,BASELINE,6,116264431,Taxi Travel Distance [km],10.87,711.77,306.47,3064.69,10,700.9
2026-05-08T17:43:01.031197300Z,TaxiAlgorithmP2PCollector,2,1000,10,50,1,nearest,1,4,1,BASELINE,6,116264431,Client Waiting Time [min],5.27,447.62,118.26,3666.03,31,442.35
2026-05-08T17:43:01.031197300Z,TaxiAlgorithmP2PCollector,2,1000,10,50,1,nearest,1,4,1,BASELINE,6,116264431,Client Travel Time [min],886.0,32345.0,10893.84,544692.0,50,31459.0
2026-05-08T17:43:01.031197300Z,TaxiAlgorithmP2PCollector,2,1000,10,50,1,nearest,1,4,1,BASELINE,6,116264431,Calculation Time [millis],0.0,73.0,0.11,3662.0,33954,73.0
2026-05-08T17:43:01.031197300Z,TaxiAlgorithmP2PCollector,2,1000,10,50,1,nearest,1,4,1,BASELINE,6,116264431,Custom Time [micros],0.0,0.0,0.0,0.0,33954,0.0
2026-05-08T17:43:05.071985200Z,TaxiAlgorithmP2PCollector,2,1000,10,50,1,nearest,1,4,1,BASELINE,7,116264432,Taxi Travel Distance [km],59.35,452.8,200.06,2000.64,10,393.45
2026-05-08T17:43:05.071985200Z,TaxiAlgorithmP2PCollector,2,1000,10,50,1,nearest,1,4,1,BASELINE,7,116264432,Client Waiting Time [min],0.52,260.18,82.87,2734.78,33,259.66
2026-05-08T17:43:05.071985200Z,TaxiAlgorithmP2PCollector,2,1000,10,50,1,nearest,1,4,1,BASELINE,7,116264432,Client Travel Time [min],160.0,31850.0,9999.6,499980.0,50,31690.0
2026-05-08T17:43:05.071985200Z,TaxiAlgorithmP2PCollector,2,1000,10,50,1,nearest,1,4,1,BASELINE,7,116264432,Calculation Time [millis],0.0,91.0,0.11,3757.0,33893,91.0
2026-05-08T17:43:05.071985200Z,TaxiAlgorithmP2PCollector,2,1000,10,50,1,nearest,1,4,1,BASELINE,7,116264432,Custom Time [micros],0.0,0.0,0.0,0.0,33893,0.0
2026-05-08T17:43:10.142032900Z,TaxiAlgorithmP2PCollector,2,1000,10,50,1,nearest,1,4,1,BASELINE,8,116264433,Taxi Travel Distance [km],13.3,326.14,146.82,1468.24,10,312.84
2026-05-08T17:43:10.142032900Z,TaxiAlgorithmP2PCollector,2,1000,10,50,1,nearest,1,4,1,BASELINE,8,116264433,Client Waiting Time [min],0.62,386.15,65.85,1119.5,17,385.53
2026-05-08T17:43:10.142032900Z,TaxiAlgorithmP2PCollector,2,1000,10,50,1,nearest,1,4,1,BASELINE,8,116264433,Client Travel Time [min],819.0,37832.0,12889.28,644464.0,50,37013.0
2026-05-08T17:43:10.142032900Z,TaxiAlgorithmP2PCollector,2,1000,10,50,1,nearest,1,4,1,BASELINE,8,116264433,Calculation Time [millis],0.0,104.0,0.11,4794.0,42368,104.0
2026-05-08T17:43:10.142032900Z,TaxiAlgorithmP2PCollector,2,1000,10,50,1,nearest,1,4,1,BASELINE,8,116264433,Custom Time [micros],0.0,0.0,0.0,0.0,42368,0.0
2026-05-08T17:43:14.917567600Z,TaxiAlgorithmP2PCollector,2,1000,10,50,1,nearest,1,4,1,BASELINE,9,116264434,Taxi Travel Distance [km],72.91,387.57,203.49,2034.85,10,314.65999999999997
2026-05-08T17:43:14.917567600Z,TaxiAlgorithmP2PCollector,2,1000,10,50,1,nearest,1,4,1,BASELINE,9,116264434,Client Waiting Time [min],0.2,218.12,104.53,2926.95,28,217.92000000000002
2026-05-08T17:43:14.917567600Z,TaxiAlgorithmP2PCollector,2,1000,10,50,1,nearest,1,4,1,BASELINE,9,116264434,Client Travel Time [min],1306.0,35512.0,11744.34,587217.0,50,34206.0
2026-05-08T17:43:14.917567600Z,TaxiAlgorithmP2PCollector,2,1000,10,50,1,nearest,1,4,1,BASELINE,9,116264434,Calculation Time [millis],0.0,93.0,0.12,4466.0,38462,93.0
2026-05-08T17:43:14.917567600Z,TaxiAlgorithmP2PCollector,2,1000,10,50,1,nearest,1,4,1,BASELINE,9,116264434,Custom Time [micros],0.0,0.0,0.0,0.0,38462,0.0
2026-05-08T17:43:18.673927Z,TaxiAlgorithmP2PCollector,2,1000,10,50,1,nearest,1,4,1,BASELINE,10,116264435,Taxi Travel Distance [km],8.48,355.19,166.58,1665.83,10,346.71
2026-05-08T17:43:18.673927Z,TaxiAlgorithmP2PCollector,2,1000,10,50,1,nearest,1,4,1,BASELINE,10,116264435,Client Waiting Time [min],0.78,203.3,97.6,2342.4,24,202.52
2026-05-08T17:43:18.673927Z,TaxiAlgorithmP2PCollector,2,1000,10,50,1,nearest,1,4,1,BASELINE,10,116264435,Client Travel Time [min],1206.0,30764.0,12243.9,612195.0,50,29558.0
2026-05-08T17:43:18.673927Z,TaxiAlgorithmP2PCollector,2,1000,10,50,1,nearest,1,4,1,BASELINE,10,116264435,Calculation Time [millis],0.0,90.0,0.11,3489.0,31186,90.0
2026-05-08T17:43:18.673927Z,TaxiAlgorithmP2PCollector,2,1000,10,50,1,nearest,1,4,1,BASELINE,10,116264435,Custom Time [micros],0.0,0.0,0.0,0.0,31186,0.0
2026-05-08T17:43:32.057712700Z,TaxiAlgorithmP2PCollector,2,1000,20,50,1,nearest,1,4,1,BASELINE,1,116264426,Taxi Travel Distance [km],14.05,462.17,183.23,3664.62,20,448.12
2026-05-08T17:43:32.057712700Z,TaxiAlgorithmP2PCollector,2,1000,20,50,1,nearest,1,4,1,BASELINE,1,116264426,Client Waiting Time [min],0.33,467.28,79.33,3093.88,39,466.95
2026-05-08T17:43:32.057712700Z,TaxiAlgorithmP2PCollector,2,1000,20,50,1,nearest,1,4,1,BASELINE,1,116264426,Client Travel Time [min],370.0,28705.0,7210.7,360535.0,50,28335.0
2026-05-08T17:43:32.057712700Z,TaxiAlgorithmP2PCollector,2,1000,20,50,1,nearest,1,4,1,BASELINE,1,116264426,Calculation Time [millis],0.0,168.0,0.43,13126.0,30549,168.0
2026-05-08T17:43:32.057712700Z,TaxiAlgorithmP2PCollector,2,1000,20,50,1,nearest,1,4,1,BASELINE,1,116264426,Custom Time [micros],0.0,0.0,0.0,0.0,30549,0.0
2026-05-08T17:43:39.555982700Z,TaxiAlgorithmP2PCollector,2,1000,20,50,1,nearest,1,4,1,BASELINE,2,116264427,Taxi Travel Distance [km],88.94,352.92,194.54,3890.76,20,263.98
2026-05-08T17:43:39.555982700Z,TaxiAlgorithmP2PCollector,2,1000,20,50,1,nearest,1,4,1,BASELINE,2,116264427,Client Waiting Time [min],0.15,202.25,63.27,2973.6,47,202.1
2026-05-08T17:43:39.555982700Z,TaxiAlgorithmP2PCollector,2,1000,20,50,1,nearest,1,4,1,BASELINE,2,116264427,Client Travel Time [min],502.0,12504.0,4461.0,223050.0,50,12002.0
2026-05-08T17:43:39.555982700Z,TaxiAlgorithmP2PCollector,2,1000,20,50,1,nearest,1,4,1,BASELINE,2,116264427,Calculation Time [millis],0.0,116.0,0.43,7182.0,16686,116.0
2026-05-08T17:43:39.555982700Z,TaxiAlgorithmP2PCollector,2,1000,20,50,1,nearest,1,4,1,BASELINE,2,116264427,Custom Time [micros],0.0,0.0,0.0,0.0,16686,0.0
2026-05-08T17:43:53.612507400Z,TaxiAlgorithmP2PCollector,2,1000,20,50,1,nearest,1,4,1,BASELINE,3,116264428,Taxi Travel Distance [km],16.09,322.5,145.1,2901.98,20,306.41
2026-05-08T17:43:53.612507400Z,TaxiAlgorithmP2PCollector,2,1000,20,50,1,nearest,1,4,1,BASELINE,3,116264428,Client Waiting Time [min],0.5,173.3,52.72,2055.98,39,172.8
2026-05-08T17:43:53.612507400Z,TaxiAlgorithmP2PCollector,2,1000,20,50,1,nearest,1,4,1,BASELINE,3,116264428,Client Travel Time [min],631.0,29921.0,6266.16,313308.0,50,29290.0
2026-05-08T17:43:53.612507400Z,TaxiAlgorithmP2PCollector,2,1000,20,50,1,nearest,1,4,1,BASELINE,3,116264428,Calculation Time [millis],0.0,162.0,0.42,13713.0,32301,162.0
2026-05-08T17:43:53.612507400Z,TaxiAlgorithmP2PCollector,2,1000,20,50,1,nearest,1,4,1,BASELINE,3,116264428,Custom Time [micros],0.0,0.0,0.0,0.0,32301,0.0
2026-05-08T17:44:11.118915900Z,TaxiAlgorithmP2PCollector,2,1000,20,50,1,nearest,1,4,1,BASELINE,4,116264429,Taxi Travel Distance [km],2.97,317.09,117.14,2342.87,20,314.11999999999995
2026-05-08T17:44:11.118915900Z,TaxiAlgorithmP2PCollector,2,1000,20,50,1,nearest,1,4,1,BASELINE,4,116264429,Client Waiting Time [min],0.52,213.75,60.11,1923.45,32,213.23
2026-05-08T17:44:11.118915900Z,TaxiAlgorithmP2PCollector,2,1000,20,50,1,nearest,1,4,1,BASELINE,4,116264429,Client Travel Time [min],475.0,34336.0,8620.24,431012.0,50,33861.0
2026-05-08T17:44:11.118915900Z,TaxiAlgorithmP2PCollector,2,1000,20,50,1,nearest,1,4,1,BASELINE,4,116264429,Calculation Time [millis],0.0,172.0,0.44,17132.0,38943,172.0
2026-05-08T17:44:11.118915900Z,TaxiAlgorithmP2PCollector,2,1000,20,50,1,nearest,1,4,1,BASELINE,4,116264429,Custom Time [micros],0.0,0.0,0.0,0.0,38943,0.0
2026-05-08T17:44:22.163506300Z,TaxiAlgorithmP2PCollector,2,1000,20,50,1,nearest,1,4,1,BASELINE,5,116264430,Taxi Travel Distance [km],38.92,330.68,195.7,3914.07,20,291.76
2026-05-08T17:44:22.163506300Z,TaxiAlgorithmP2PCollector,2,1000,20,50,1,nearest,1,4,1,BASELINE,5,116264430,Client Waiting Time [min],4.4,160.13,64.35,2895.95,45,155.73
2026-05-08T17:44:22.163506300Z,TaxiAlgorithmP2PCollector,2,1000,20,50,1,nearest,1,4,1,BASELINE,5,116264430,Client Travel Time [min],836.0,23413.0,5782.42,289121.0,50,22577.0
2026-05-08T17:44:22.163506300Z,TaxiAlgorithmP2PCollector,2,1000,20,50,1,nearest,1,4,1,BASELINE,5,116264430,Calculation Time [millis],0.0,167.0,0.42,10605.0,25155,167.0
2026-05-08T17:44:22.163506300Z,TaxiAlgorithmP2PCollector,2,1000,20,50,1,nearest,1,4,1,BASELINE,5,116264430,Custom Time [micros],0.0,0.0,0.0,0.0,25155,0.0
2026-05-08T17:44:36.602871600Z,TaxiAlgorithmP2PCollector,2,1000,20,50,1,nearest,1,4,1,BASELINE,6,116264431,Taxi Travel Distance [km],19.75,577.93,207.75,4155.02,20,558.18
2026-05-08T17:44:36.602871600Z,TaxiAlgorithmP2PCollector,2,1000,20,50,1,nearest,1,4,1,BASELINE,6,116264431,Client Waiting Time [min],1.87,281.75,80.18,3207.02,40,279.88
2026-05-08T17:44:36.602871600Z,TaxiAlgorithmP2PCollector,2,1000,20,50,1,nearest,1,4,1,BASELINE,6,116264431,Client Travel Time [min],618.0,28798.0,7914.6,395730.0,50,28180.0
2026-05-08T17:44:36.602871600Z,TaxiAlgorithmP2PCollector,2,1000,20,50,1,nearest,1,4,1,BASELINE,6,116264431,Calculation Time [millis],0.0,185.0,0.43,13935.0,32177,185.0
2026-05-08T17:44:36.602871600Z,TaxiAlgorithmP2PCollector,2,1000,20,50,1,nearest,1,4,1,BASELINE,6,116264431,Custom Time [micros],0.0,0.0,0.0,0.0,32177,0.0
2026-05-08T17:44:47.424329Z,TaxiAlgorithmP2PCollector,2,1000,20,50,1,nearest,1,4,1,BASELINE,7,116264432,Taxi Travel Distance [km],26.85,509.37,188.52,3770.45,20,482.52
2026-05-08T17:44:47.424329Z,TaxiAlgorithmP2PCollector,2,1000,20,50,1,nearest,1,4,1,BASELINE,7,116264432,Client Waiting Time [min],0.47,343.8,46.48,2044.92,44,343.33
2026-05-08T17:44:47.424329Z,TaxiAlgorithmP2PCollector,2,1000,20,50,1,nearest,1,4,1,BASELINE,7,116264432,Client Travel Time [min],160.0,20643.0,4817.94,240897.0,50,20483.0
2026-05-08T17:44:47.424329Z,TaxiAlgorithmP2PCollector,2,1000,20,50,1,nearest,1,4,1,BASELINE,7,116264432,Calculation Time [millis],0.0,139.0,0.44,10525.0,23896,139.0
2026-05-08T17:44:47.424329Z,TaxiAlgorithmP2PCollector,2,1000,20,50,1,nearest,1,4,1,BASELINE,7,116264432,Custom Time [micros],0.0,0.0,0.0,0.0,23896,0.0
2026-05-08T17:44:56.863351900Z,TaxiAlgorithmP2PCollector,2,1000,20,50,1,nearest,1,4,1,BASELINE,8,116264433,Taxi Travel Distance [km],26.37,436.85,189.43,3788.69,20,410.48
2026-05-08T17:44:56.863351900Z,TaxiAlgorithmP2PCollector,2,1000,20,50,1,nearest,1,4,1,BASELINE,8,116264433,Client Waiting Time [min],2.6,240.53,69.56,2782.38,40,237.93
2026-05-08T17:44:56.863351900Z,TaxiAlgorithmP2PCollector,2,1000,20,50,1,nearest,1,4,1,BASELINE,8,116264433,Client Travel Time [min],532.0,18565.0,6209.0,310450.0,50,18033.0
2026-05-08T17:44:56.863351900Z,TaxiAlgorithmP2PCollector,2,1000,20,50,1,nearest,1,4,1,BASELINE,8,116264433,Calculation Time [millis],0.0,151.0,0.43,9117.0,21116,151.0
2026-05-08T17:44:56.863351900Z,TaxiAlgorithmP2PCollector,2,1000,20,50,1,nearest,1,4,1,BASELINE,8,116264433,Custom Time [micros],0.0,0.0,0.0,0.0,21116,0.0
2026-05-08T17:45:12.307401400Z,TaxiAlgorithmP2PCollector,2,1000,20,50,1,nearest,1,4,1,BASELINE,9,116264434,Taxi Travel Distance [km],10.21,765.83,169.05,3380.91,20,755.62
2026-05-08T17:45:12.307401400Z,TaxiAlgorithmP2PCollector,2,1000,20,50,1,nearest,1,4,1,BASELINE,9,116264434,Client Waiting Time [min],0.35,274.03,81.34,2684.27,33,273.67999999999995
2026-05-08T17:45:12.307401400Z,TaxiAlgorithmP2PCollector,2,1000,20,50,1,nearest,1,4,1,BASELINE,9,116264434,Client Travel Time [min],353.0,34243.0,8785.24,439262.0,50,33890.0
2026-05-08T17:45:12.307401400Z,TaxiAlgorithmP2PCollector,2,1000,20,50,1,nearest,1,4,1,BASELINE,9,116264434,Calculation Time [millis],0.0,174.0,0.43,14994.0,34893,174.0
2026-05-08T17:45:12.307401400Z,TaxiAlgorithmP2PCollector,2,1000,20,50,1,nearest,1,4,1,BASELINE,9,116264434,Custom Time [micros],0.0,0.0,0.0,0.0,34893,0.0
2026-05-08T17:45:23.854271900Z,TaxiAlgorithmP2PCollector,2,1000,20,50,1,nearest,1,4,1,BASELINE,10,116264435,Taxi Travel Distance [km],44.7,350.59,160.77,3215.38,20,305.89
2026-05-08T17:45:23.854271900Z,TaxiAlgorithmP2PCollector,2,1000,20,50,1,nearest,1,4,1,BASELINE,10,116264435,Client Waiting Time [min],0.77,140.42,35.34,1555.12,44,139.64999999999998
2026-05-08T17:45:23.854271900Z,TaxiAlgorithmP2PCollector,2,1000,20,50,1,nearest,1,4,1,BASELINE,10,116264435,Client Travel Time [min],867.0,24193.0,3913.6,195680.0,50,23326.0
2026-05-08T17:45:23.854271900Z,TaxiAlgorithmP2PCollector,2,1000,20,50,1,nearest,1,4,1,BASELINE,10,116264435,Calculation Time [millis],0.0,183.0,0.43,11137.0,25650,183.0
2026-05-08T17:45:23.854271900Z,TaxiAlgorithmP2PCollector,2,1000,20,50,1,nearest,1,4,1,BASELINE,10,116264435,Custom Time [micros],0.0,0.0,0.0,0.0,25650,0.0
2026-05-08T17:45:51.207203800Z,TaxiAlgorithmP2PCollector,2,1000,20,100,1,nearest,1,4,1,BASELINE,1,116264426,Taxi Travel Distance [km],16.34,1308.13,494.97,9899.42,20,1291.7900000000002
2026-05-08T17:45:51.207203800Z,TaxiAlgorithmP2PCollector,2,1000,20,100,1,nearest,1,4,1,BASELINE,1,116264426,Client Waiting Time [min],0.52,655.57,166.32,11808.5,71,655.0500000000001
2026-05-08T17:45:51.207203800Z,TaxiAlgorithmP2PCollector,2,1000,20,100,1,nearest,1,4,1,BASELINE,1,116264426,Client Travel Time [min],357.0,58628.0,15763.72,1576372.0,100,58271.0
2026-05-08T17:45:51.207203800Z,TaxiAlgorithmP2PCollector,2,1000,20,100,1,nearest,1,4,1,BASELINE,1,116264426,Calculation Time [millis],0.0,188.0,0.45,26900.0,59448,188.0
2026-05-08T17:45:51.207203800Z,TaxiAlgorithmP2PCollector,2,1000,20,100,1,nearest,1,4,1,BASELINE,1,116264426,Custom Time [micros],0.0,0.0,0.0,0.0,59448,0.0
2026-05-08T17:46:28.312728500Z,TaxiAlgorithmP2PCollector,2,1000,20,100,1,nearest,1,4,1,BASELINE,2,116264427,Taxi Travel Distance [km],42.44,1084.87,386.14,7722.74,20,1042.4299999999998
2026-05-08T17:46:28.312728500Z,TaxiAlgorithmP2PCollector,2,1000,20,100,1,nearest,1,4,1,BASELINE,2,116264427,Client Waiting Time [min],0.92,515.38,155.91,8263.0,53,514.46
2026-05-08T17:46:28.312728500Z,TaxiAlgorithmP2PCollector,2,1000,20,100,1,nearest,1,4,1,BASELINE,2,116264427,Client Travel Time [min],765.0,75463.0,23037.05,2303705.0,100,74698.0
2026-05-08T17:46:28.312728500Z,TaxiAlgorithmP2PCollector,2,1000,20,100,1,nearest,1,4,1,BASELINE,2,116264427,Calculation Time [millis],0.0,191.0,0.46,36396.0,79171,191.0
2026-05-08T17:46:28.312728500Z,TaxiAlgorithmP2PCollector,2,1000,20,100,1,nearest,1,4,1,BASELINE,2,116264427,Custom Time [micros],0.0,0.0,0.0,0.0,79171,0.0
2026-05-08T17:47:01.608708300Z,TaxiAlgorithmP2PCollector,2,1000,20,100,1,nearest,1,4,1,BASELINE,3,116264428,Taxi Travel Distance [km],41.98,1556.8,635.43,12708.62,20,1514.82
2026-05-08T17:47:01.608708300Z,TaxiAlgorithmP2PCollector,2,1000,20,100,1,nearest,1,4,1,BASELINE,3,116264428,Client Waiting Time [min],0.87,1003.28,198.79,12921.48,65,1002.41
2026-05-08T17:47:01.608708300Z,TaxiAlgorithmP2PCollector,2,1000,20,100,1,nearest,1,4,1,BASELINE,3,116264428,Client Travel Time [min],873.0,69105.0,20231.5,2023150.0,100,68232.0
2026-05-08T17:47:01.608708300Z,TaxiAlgorithmP2PCollector,2,1000,20,100,1,nearest,1,4,1,BASELINE,3,116264428,Calculation Time [millis],0.0,197.0,0.46,32349.0,70730,197.0
2026-05-08T17:47:01.608708300Z,TaxiAlgorithmP2PCollector,2,1000,20,100,1,nearest,1,4,1,BASELINE,3,116264428,Custom Time [micros],0.0,0.0,0.0,0.0,70730,0.0
2026-05-08T17:47:37.082347300Z,TaxiAlgorithmP2PCollector,2,1000,20,100,1,nearest,1,4,1,BASELINE,4,116264429,Taxi Travel Distance [km],23.81,1285.91,353.7,7073.93,20,1262.1000000000001
2026-05-08T17:47:37.082347300Z,TaxiAlgorithmP2PCollector,2,1000,20,100,1,nearest,1,4,1,BASELINE,4,116264429,Client Waiting Time [min],0.1,723.55,133.26,6796.38,51,723.4499999999999
2026-05-08T17:47:37.082347300Z,TaxiAlgorithmP2PCollector,2,1000,20,100,1,nearest,1,4,1,BASELINE,4,116264429,Client Travel Time [min],1038.0,73217.0,23278.35,2327835.0,100,72179.0
2026-05-08T17:47:37.082347300Z,TaxiAlgorithmP2PCollector,2,1000,20,100,1,nearest,1,4,1,BASELINE,4,116264429,Calculation Time [millis],0.0,181.0,0.45,34552.0,76339,181.0
2026-05-08T17:47:37.082347300Z,TaxiAlgorithmP2PCollector,2,1000,20,100,1,nearest,1,4,1,BASELINE,4,116264429,Custom Time [micros],0.0,0.0,0.0,0.0,76339,0.0
2026-05-08T17:48:09.965934500Z,TaxiAlgorithmP2PCollector,2,1000,20,100,1,nearest,1,4,1,BASELINE,5,116264430,Taxi Travel Distance [km],58.63,1555.24,579.69,11593.85,20,1496.61
2026-05-08T17:48:09.965934500Z,TaxiAlgorithmP2PCollector,2,1000,20,100,1,nearest,1,4,1,BASELINE,5,116264430,Client Waiting Time [min],0.5,872.77,179.72,13838.65,77,872.27
2026-05-08T17:48:09.965934500Z,TaxiAlgorithmP2PCollector,2,1000,20,100,1,nearest,1,4,1,BASELINE,5,116264430,Client Travel Time [min],1162.0,70538.0,16213.11,1621311.0,100,69376.0
2026-05-08T17:48:09.965934500Z,TaxiAlgorithmP2PCollector,2,1000,20,100,1,nearest,1,4,1,BASELINE,5,116264430,Calculation Time [millis],0.0,181.0,0.45,32113.0,70740,181.0
2026-05-08T17:48:09.965934500Z,TaxiAlgorithmP2PCollector,2,1000,20,100,1,nearest,1,4,1,BASELINE,5,116264430,Custom Time [micros],0.0,0.0,0.0,0.0,70740,0.0
2026-05-08T17:48:43.617328Z,TaxiAlgorithmP2PCollector,2,1000,20,100,1,nearest,1,4,1,BASELINE,6,116264431,Taxi Travel Distance [km],70.7,1609.07,447.22,8944.31,20,1538.37
2026-05-08T17:48:43.617328Z,TaxiAlgorithmP2PCollector,2,1000,20,100,1,nearest,1,4,1,BASELINE,6,116264431,Client Waiting Time [min],0.72,1150.32,177.47,12422.83,70,1149.6
2026-05-08T17:48:43.617328Z,TaxiAlgorithmP2PCollector,2,1000,20,100,1,nearest,1,4,1,BASELINE,6,116264431,Client Travel Time [min],910.0,69035.0,16476.98,1647698.0,100,68125.0
2026-05-08T17:48:43.617328Z,TaxiAlgorithmP2PCollector,2,1000,20,100,1,nearest,1,4,1,BASELINE,6,116264431,Calculation Time [millis],0.0,179.0,0.45,32923.0,73160,179.0
2026-05-08T17:48:43.617328Z,TaxiAlgorithmP2PCollector,2,1000,20,100,1,nearest,1,4,1,BASELINE,6,116264431,Custom Time [micros],0.0,0.0,0.0,0.0,73160,0.0
2026-05-08T17:49:17.613127300Z,TaxiAlgorithmP2PCollector,2,1000,20,100,1,nearest,1,4,1,BASELINE,7,116264432,Taxi Travel Distance [km],98.59,1494.93,646.33,12926.67,20,1396.3400000000001
2026-05-08T17:49:17.613127300Z,TaxiAlgorithmP2PCollector,2,1000,20,100,1,nearest,1,4,1,BASELINE,7,116264432,Client Waiting Time [min],0.43,901.33,224.47,15937.18,71,900.9000000000001
2026-05-08T17:49:17.613127300Z,TaxiAlgorithmP2PCollector,2,1000,20,100,1,nearest,1,4,1,BASELINE,7,116264432,Client Travel Time [min],1469.0,70149.0,19572.9,1957290.0,100,68680.0
2026-05-08T17:49:17.613127300Z,TaxiAlgorithmP2PCollector,2,1000,20,100,1,nearest,1,4,1,BASELINE,7,116264432,Calculation Time [millis],0.0,184.0,0.45,33212.0,73133,184.0
2026-05-08T17:49:17.613127300Z,TaxiAlgorithmP2PCollector,2,1000,20,100,1,nearest,1,4,1,BASELINE,7,116264432,Custom Time [micros],0.0,0.0,0.0,0.0,73133,0.0
2026-05-08T17:49:56.419814700Z,TaxiAlgorithmP2PCollector,2,1000,20,100,1,nearest,1,4,1,BASELINE,8,116264433,Taxi Travel Distance [km],10.53,1333.81,332.33,6646.56,20,1323.28
2026-05-08T17:49:56.419814700Z,TaxiAlgorithmP2PCollector,2,1000,20,100,1,nearest,1,4,1,BASELINE,8,116264433,Client Waiting Time [min],0.38,711.15,235.06,10812.9,46,710.77
2026-05-08T17:49:56.419814700Z,TaxiAlgorithmP2PCollector,2,1000,20,100,1,nearest,1,4,1,BASELINE,8,116264433,Client Travel Time [min],433.0,77832.0,26901.02,2690102.0,100,77399.0
2026-05-08T17:49:56.419814700Z,TaxiAlgorithmP2PCollector,2,1000,20,100,1,nearest,1,4,1,BASELINE,8,116264433,Calculation Time [millis],0.0,184.0,0.46,38066.0,82368,184.0
2026-05-08T17:49:56.419814700Z,TaxiAlgorithmP2PCollector,2,1000,20,100,1,nearest,1,4,1,BASELINE,8,116264433,Custom Time [micros],0.0,0.0,0.0,0.0,82368,0.0
2026-05-08T17:50:25.997367700Z,TaxiAlgorithmP2PCollector,2,1000,20,100,1,nearest,1,4,1,BASELINE,9,116264434,Taxi Travel Distance [km],34.91,1391.43,407.42,8148.46,20,1356.52
2026-05-08T17:50:25.997367700Z,TaxiAlgorithmP2PCollector,2,1000,20,100,1,nearest,1,4,1,BASELINE,9,116264434,Client Waiting Time [min],2.05,1021.3,175.59,10886.65,62,1019.25
2026-05-08T17:50:25.997367700Z,TaxiAlgorithmP2PCollector,2,1000,20,100,1,nearest,1,4,1,BASELINE,9,116264434,Client Travel Time [min],1360.0,61290.0,17113.97,1711397.0,100,59930.0
2026-05-08T17:50:25.997367700Z,TaxiAlgorithmP2PCollector,2,1000,20,100,1,nearest,1,4,1,BASELINE,9,116264434,Calculation Time [millis],0.0,177.0,0.45,28765.0,63274,177.0
2026-05-08T17:50:25.997367700Z,TaxiAlgorithmP2PCollector,2,1000,20,100,1,nearest,1,4,1,BASELINE,9,116264434,Custom Time [micros],0.0,0.0,0.0,0.0,63274,0.0
2026-05-08T17:51:02.255231300Z,TaxiAlgorithmP2PCollector,2,1000,20,100,1,nearest,1,4,1,BASELINE,10,116264435,Taxi Travel Distance [km],20.57,995.58,329.88,6597.68,20,975.01
2026-05-08T17:51:02.255231300Z,TaxiAlgorithmP2PCollector,2,1000,20,100,1,nearest,1,4,1,BASELINE,10,116264435,Client Waiting Time [min],0.58,606.55,172.49,8969.58,52,605.9699999999999
2026-05-08T17:51:02.255231300Z,TaxiAlgorithmP2PCollector,2,1000,20,100,1,nearest,1,4,1,BASELINE,10,116264435,Client Travel Time [min],1273.0,77763.0,21895.16,2189516.0,100,76490.0
2026-05-08T17:51:02.255231300Z,TaxiAlgorithmP2PCollector,2,1000,20,100,1,nearest,1,4,1,BASELINE,10,116264435,Calculation Time [millis],0.0,182.0,0.46,35587.0,78099,182.0
2026-05-08T17:51:02.255231300Z,TaxiAlgorithmP2PCollector,2,1000,20,100,1,nearest,1,4,1,BASELINE,10,116264435,Custom Time [micros],0.0,0.0,0.0,0.0,78099,0.0
2026-05-08T17:51:03.189376500Z,TaxiAlgorithmP2PCollector,2,5000,5,25,1,nearest,1,4,1,BASELINE,1,116264426,Taxi Travel Distance [km],18.89,140.36,82.74,413.69,5,121.47000000000001
2026-05-08T17:51:03.189376500Z,TaxiAlgorithmP2PCollector,2,5000,5,25,1,nearest,1,4,1,BASELINE,1,116264426,Client Waiting Time [min],1.37,58.72,19.24,403.93,21,57.35
2026-05-08T17:51:03.189376500Z,TaxiAlgorithmP2PCollector,2,5000,5,25,1,nearest,1,4,1,BASELINE,1,116264426,Client Travel Time [min],124.0,10197.0,2101.2,52530.0,25,10073.0
2026-05-08T17:51:03.189376500Z,TaxiAlgorithmP2PCollector,2,5000,5,25,1,nearest,1,4,1,BASELINE,1,116264426,Calculation Time [millis],0.0,0.0,0.03,437.0,14263,0.0
2026-05-08T17:51:03.189376500Z,TaxiAlgorithmP2PCollector,2,5000,5,25,1,nearest,1,4,1,BASELINE,1,116264426,Custom Time [micros],0.0,0.0,0.0,0.0,14263,0.0
2026-05-08T17:51:03.485378200Z,TaxiAlgorithmP2PCollector,2,5000,5,25,1,nearest,1,4,1,BASELINE,2,116264427,Taxi Travel Distance [km],104.15,118.81,111.92,559.58,5,14.659999999999997
2026-05-08T17:51:03.485378200Z,TaxiAlgorithmP2PCollector,2,5000,5,25,1,nearest,1,4,1,BASELINE,2,116264427,Client Waiting Time [min],0.55,38.18,13.17,329.27,25,37.63
2026-05-08T17:51:03.485378200Z,TaxiAlgorithmP2PCollector,2,5000,5,25,1,nearest,1,4,1,BASELINE,2,116264427,Client Travel Time [min],369.0,2921.0,1267.0,31675.0,25,2552.0
2026-05-08T17:51:03.485378200Z,TaxiAlgorithmP2PCollector,2,5000,5,25,1,nearest,1,4,1,BASELINE,2,116264427,Calculation Time [millis],0.0,55.0,0.03,207.0,5941,55.0
2026-05-08T17:51:03.485378200Z,TaxiAlgorithmP2PCollector,2,5000,5,25,1,nearest,1,4,1,BASELINE,2,116264427,Custom Time [micros],0.0,0.0,0.0,0.0,5941,0.0
2026-05-08T17:51:03.826375800Z,TaxiAlgorithmP2PCollector,2,5000,5,25,1,nearest,1,4,1,BASELINE,3,116264428,Taxi Travel Distance [km],20.93,161.28,104.58,522.9,5,140.35
2026-05-08T17:51:03.826375800Z,TaxiAlgorithmP2PCollector,2,5000,5,25,1,nearest,1,4,1,BASELINE,3,116264428,Client Waiting Time [min],2.12,55.37,15.11,362.68,24,53.25
2026-05-08T17:51:03.826375800Z,TaxiAlgorithmP2PCollector,2,5000,5,25,1,nearest,1,4,1,BASELINE,3,116264428,Client Travel Time [min],374.0,4872.0,1512.36,37809.0,25,4498.0
2026-05-08T17:51:03.826375800Z,TaxiAlgorithmP2PCollector,2,5000,5,25,1,nearest,1,4,1,BASELINE,3,116264428,Calculation Time [millis],0.0,0.0,0.03,240.0,8434,0.0
2026-05-08T17:51:03.826375800Z,TaxiAlgorithmP2PCollector,2,5000,5,25,1,nearest,1,4,1,BASELINE,3,116264428,Custom Time [micros],0.0,0.0,0.0,0.0,8434,0.0
2026-05-08T17:51:04.090376200Z,TaxiAlgorithmP2PCollector,2,5000,5,25,1,nearest,1,4,1,BASELINE,4,116264429,Taxi Travel Distance [km],106.34,146.19,124.28,621.39,5,39.849999999999994
2026-05-08T17:51:04.090376200Z,TaxiAlgorithmP2PCollector,2,5000,5,25,1,nearest,1,4,1,BASELINE,4,116264429,Client Waiting Time [min],0.98,63.82,18.6,464.97,25,62.84
2026-05-08T17:51:04.090376200Z,TaxiAlgorithmP2PCollector,2,5000,5,25,1,nearest,1,4,1,BASELINE,4,116264429,Client Travel Time [min],267.0,4063.0,1539.52,38488.0,25,3796.0
2026-05-08T17:51:04.090376200Z,TaxiAlgorithmP2PCollector,2,5000,5,25,1,nearest,1,4,1,BASELINE,4,116264429,Calculation Time [millis],0.0,0.0,0.03,197.0,7064,0.0
2026-05-08T17:51:04.090376200Z,TaxiAlgorithmP2PCollector,2,5000,5,25,1,nearest,1,4,1,BASELINE,4,116264429,Custom Time [micros],0.0,0.0,0.0,0.0,7064,0.0
2026-05-08T17:51:04.371376Z,TaxiAlgorithmP2PCollector,2,5000,5,25,1,nearest,1,4,1,BASELINE,5,116264430,Taxi Travel Distance [km],48.99,138.34,106.55,532.74,5,89.35
2026-05-08T17:51:04.371376Z,TaxiAlgorithmP2PCollector,2,5000,5,25,1,nearest,1,4,1,BASELINE,5,116264430,Client Waiting Time [min],1.55,70.43,19.0,474.97,25,68.88000000000001
2026-05-08T17:51:04.371376Z,TaxiAlgorithmP2PCollector,2,5000,5,25,1,nearest,1,4,1,BASELINE,5,116264430,Client Travel Time [min],292.0,4341.0,1572.56,39314.0,25,4049.0
2026-05-08T17:51:04.371376Z,TaxiAlgorithmP2PCollector,2,5000,5,25,1,nearest,1,4,1,BASELINE,5,116264430,Calculation Time [millis],0.0,0.0,0.03,189.0,7528,0.0
2026-05-08T17:51:04.371376Z,TaxiAlgorithmP2PCollector,2,5000,5,25,1,nearest,1,4,1,BASELINE,5,116264430,Custom Time [micros],0.0,0.0,0.0,0.0,7528,0.0
2026-05-08T17:51:04.620376600Z,TaxiAlgorithmP2PCollector,2,5000,5,25,1,nearest,1,4,1,BASELINE,6,116264431,Taxi Travel Distance [km],68.1,130.96,107.38,536.92,5,62.860000000000014
2026-05-08T17:51:04.620376600Z,TaxiAlgorithmP2PCollector,2,5000,5,25,1,nearest,1,4,1,BASELINE,6,116264431,Client Waiting Time [min],0.52,38.63,12.43,310.68,25,38.11
2026-05-08T17:51:04.620376600Z,TaxiAlgorithmP2PCollector,2,5000,5,25,1,nearest,1,4,1,BASELINE,6,116264431,Client Travel Time [min],125.0,2920.0,1201.4,30035.0,25,2795.0
2026-05-08T17:51:04.620376600Z,TaxiAlgorithmP2PCollector,2,5000,5,25,1,nearest,1,4,1,BASELINE,6,116264431,Calculation Time [millis],0.0,0.0,0.03,166.0,6623,0.0
2026-05-08T17:51:04.620376600Z,TaxiAlgorithmP2PCollector,2,5000,5,25,1,nearest,1,4,1,BASELINE,6,116264431,Custom Time [micros],0.0,0.0,0.0,0.0,6623,0.0
2026-05-08T17:51:04.934378100Z,TaxiAlgorithmP2PCollector,2,5000,5,25,1,nearest,1,4,1,BASELINE,7,116264432,Taxi Travel Distance [km],47.59,176.02,105.23,526.17,5,128.43
2026-05-08T17:51:04.934378100Z,TaxiAlgorithmP2PCollector,2,5000,5,25,1,nearest,1,4,1,BASELINE,7,116264432,Client Waiting Time [min],0.52,58.6,13.45,336.27,25,58.08
2026-05-08T17:51:04.934378100Z,TaxiAlgorithmP2PCollector,2,5000,5,25,1,nearest,1,4,1,BASELINE,7,116264432,Client Travel Time [min],160.0,4096.0,1247.56,31189.0,25,3936.0
2026-05-08T17:51:04.934378100Z,TaxiAlgorithmP2PCollector,2,5000,5,25,1,nearest,1,4,1,BASELINE,7,116264432,Calculation Time [millis],0.0,0.0,0.03,216.0,8596,0.0
2026-05-08T17:51:04.934378100Z,TaxiAlgorithmP2PCollector,2,5000,5,25,1,nearest,1,4,1,BASELINE,7,116264432,Custom Time [micros],0.0,0.0,0.0,0.0,8596,0.0
2026-05-08T17:51:05.180376Z,TaxiAlgorithmP2PCollector,2,5000,5,25,1,nearest,1,4,1,BASELINE,8,116264433,Taxi Travel Distance [km],104.37,120.23,112.85,564.25,5,15.86
2026-05-08T17:51:05.180376Z,TaxiAlgorithmP2PCollector,2,5000,5,25,1,nearest,1,4,1,BASELINE,8,116264433,Client Waiting Time [min],1.3,50.07,15.08,377.1,25,48.77
2026-05-08T17:51:05.180376Z,TaxiAlgorithmP2PCollector,2,5000,5,25,1,nearest,1,4,1,BASELINE,8,116264433,Client Travel Time [min],296.0,3593.0,1405.76,35144.0,25,3297.0
2026-05-08T17:51:05.180376Z,TaxiAlgorithmP2PCollector,2,5000,5,25,1,nearest,1,4,1,BASELINE,8,116264433,Calculation Time [millis],0.0,0.0,0.02,150.0,6245,0.0
2026-05-08T17:51:05.180376Z,TaxiAlgorithmP2PCollector,2,5000,5,25,1,nearest,1,4,1,BASELINE,8,116264433,Custom Time [micros],0.0,0.0,0.0,0.0,6245,0.0
2026-05-08T17:51:05.412378500Z,TaxiAlgorithmP2PCollector,2,5000,5,25,1,nearest,1,4,1,BASELINE,9,116264434,Taxi Travel Distance [km],92.46,117.19,107.62,538.09,5,24.730000000000004
2026-05-08T17:51:05.412378500Z,TaxiAlgorithmP2PCollector,2,5000,5,25,1,nearest,1,4,1,BASELINE,9,116264434,Client Waiting Time [min],0.18,30.53,8.78,210.72,24,30.35
2026-05-08T17:51:05.412378500Z,TaxiAlgorithmP2PCollector,2,5000,5,25,1,nearest,1,4,1,BASELINE,9,116264434,Client Travel Time [min],197.0,2242.0,946.72,23668.0,25,2045.0
2026-05-08T17:51:05.412378500Z,TaxiAlgorithmP2PCollector,2,5000,5,25,1,nearest,1,4,1,BASELINE,9,116264434,Calculation Time [millis],0.0,0.0,0.02,155.0,6214,0.0
2026-05-08T17:51:05.412378500Z,TaxiAlgorithmP2PCollector,2,5000,5,25,1,nearest,1,4,1,BASELINE,9,116264434,Custom Time [micros],0.0,0.0,0.0,0.0,6214,0.0
2026-05-08T17:51:05.801376700Z,TaxiAlgorithmP2PCollector,2,5000,5,25,1,nearest,1,4,1,BASELINE,10,116264435,Taxi Travel Distance [km],50.92,131.33,102.38,511.9,5,80.41000000000001
2026-05-08T17:51:05.801376700Z,TaxiAlgorithmP2PCollector,2,5000,5,25,1,nearest,1,4,1,BASELINE,10,116264435,Client Waiting Time [min],1.2,49.37,13.92,348.05,25,48.169999999999995
2026-05-08T17:51:05.801376700Z,TaxiAlgorithmP2PCollector,2,5000,5,25,1,nearest,1,4,1,BASELINE,10,116264435,Client Travel Time [min],191.0,3099.0,1162.92,29073.0,25,2908.0
2026-05-08T17:51:05.801376700Z,TaxiAlgorithmP2PCollector,2,5000,5,25,1,nearest,1,4,1,BASELINE,10,116264435,Calculation Time [millis],0.0,30.0,0.04,306.0,7885,30.0
2026-05-08T17:51:05.801376700Z,TaxiAlgorithmP2PCollector,2,5000,5,25,1,nearest,1,4,1,BASELINE,10,116264435,Custom Time [micros],0.0,0.0,0.0,0.0,7885,0.0
2026-05-08T17:51:07.478381800Z,TaxiAlgorithmP2PCollector,2,5000,10,25,1,nearest,1,4,1,BASELINE,1,116264426,Taxi Travel Distance [km],23.88,106.02,70.51,705.06,10,82.14
2026-05-08T17:51:07.478381800Z,TaxiAlgorithmP2PCollector,2,5000,10,25,1,nearest,1,4,1,BASELINE,1,116264426,Client Waiting Time [min],0.38,181.87,30.41,638.58,21,181.49
2026-05-08T17:51:07.478381800Z,TaxiAlgorithmP2PCollector,2,5000,10,25,1,nearest,1,4,1,BASELINE,1,116264426,Client Travel Time [min],65.0,11074.0,2636.2,65905.0,25,11009.0
2026-05-08T17:51:07.478381800Z,TaxiAlgorithmP2PCollector,2,5000,10,25,1,nearest,1,4,1,BASELINE,1,116264426,Calculation Time [millis],0.0,57.0,0.11,1552.0,14639,57.0
2026-05-08T17:51:07.478381800Z,TaxiAlgorithmP2PCollector,2,5000,10,25,1,nearest,1,4,1,BASELINE,1,116264426,Custom Time [micros],0.0,0.0,0.0,0.0,14639,0.0
2026-05-08T17:51:07.881382500Z,TaxiAlgorithmP2PCollector,2,5000,10,25,1,nearest,1,4,1,BASELINE,2,116264427,Taxi Travel Distance [km],44.0,91.33,72.12,721.17,10,47.33
2026-05-08T17:51:07.881382500Z,TaxiAlgorithmP2PCollector,2,5000,10,25,1,nearest,1,4,1,BASELINE,2,116264427,Client Waiting Time [min],0.9,33.72,6.98,174.47,25,32.82
2026-05-08T17:51:07.881382500Z,TaxiAlgorithmP2PCollector,2,5000,10,25,1,nearest,1,4,1,BASELINE,2,116264427,Client Travel Time [min],390.0,2851.0,931.76,23294.0,25,2461.0
2026-05-08T17:51:07.881382500Z,TaxiAlgorithmP2PCollector,2,5000,10,25,1,nearest,1,4,1,BASELINE,2,116264427,Calculation Time [millis],0.0,0.0,0.06,303.0,4926,0.0
2026-05-08T17:51:07.881382500Z,TaxiAlgorithmP2PCollector,2,5000,10,25,1,nearest,1,4,1,BASELINE,2,116264427,Custom Time [micros],0.0,0.0,0.0,0.0,4926,0.0
2026-05-08T17:51:08.051384400Z,TaxiAlgorithmP2PCollector,2,5000,10,25,1,nearest,1,4,1,BASELINE,3,116264428,Taxi Travel Distance [km],35.1,57.35,49.24,492.36,10,22.25
2026-05-08T17:51:08.051384400Z,TaxiAlgorithmP2PCollector,2,5000,10,25,1,nearest,1,4,1,BASELINE,3,116264428,Client Waiting Time [min],0.83,18.78,4.65,116.17,25,17.950000000000003
2026-05-08T17:51:08.051384400Z,TaxiAlgorithmP2PCollector,2,5000,10,25,1,nearest,1,4,1,BASELINE,3,116264428,Client Travel Time [min],323.0,1853.0,782.0,19550.0,25,1530.0
2026-05-08T17:51:08.051384400Z,TaxiAlgorithmP2PCollector,2,5000,10,25,1,nearest,1,4,1,BASELINE,3,116264428,Calculation Time [millis],0.0,0.0,0.01,78.0,5744,0.0
2026-05-08T17:51:08.051384400Z,TaxiAlgorithmP2PCollector,2,5000,10,25,1,nearest,1,4,1,BASELINE,3,116264428,Custom Time [micros],0.0,0.0,0.0,0.0,5744,0.0
2026-05-08T17:51:08.799383400Z,TaxiAlgorithmP2PCollector,2,5000,10,25,1,nearest,1,4,1,BASELINE,4,116264429,Taxi Travel Distance [km],25.62,143.55,93.3,933.03,10,117.93
2026-05-08T17:51:08.799383400Z,TaxiAlgorithmP2PCollector,2,5000,10,25,1,nearest,1,4,1,BASELINE,4,116264429,Client Waiting Time [min],1.03,61.33,10.51,262.65,25,60.3
2026-05-08T17:51:08.799383400Z,TaxiAlgorithmP2PCollector,2,5000,10,25,1,nearest,1,4,1,BASELINE,4,116264429,Client Travel Time [min],304.0,4137.0,1078.92,26973.0,25,3833.0
2026-05-08T17:51:08.799383400Z,TaxiAlgorithmP2PCollector,2,5000,10,25,1,nearest,1,4,1,BASELINE,4,116264429,Calculation Time [millis],0.0,0.0,0.08,666.0,8111,0.0
2026-05-08T17:51:08.799383400Z,TaxiAlgorithmP2PCollector,2,5000,10,25,1,nearest,1,4,1,BASELINE,4,116264429,Custom Time [micros],0.0,0.0,0.0,0.0,8111,0.0
2026-05-08T17:51:09.555382300Z,TaxiAlgorithmP2PCollector,2,5000,10,25,1,nearest,1,4,1,BASELINE,5,116264430,Taxi Travel Distance [km],23.79,126.35,67.1,670.96,10,102.56
2026-05-08T17:51:09.555382300Z,TaxiAlgorithmP2PCollector,2,5000,10,25,1,nearest,1,4,1,BASELINE,5,116264430,Client Waiting Time [min],2.87,65.23,18.85,471.27,25,62.36000000000001
2026-05-08T17:51:09.555382300Z,TaxiAlgorithmP2PCollector,2,5000,10,25,1,nearest,1,4,1,BASELINE,5,116264430,Client Travel Time [min],325.0,4037.0,1550.32,38758.0,25,3712.0
2026-05-08T17:51:09.555382300Z,TaxiAlgorithmP2PCollector,2,5000,10,25,1,nearest,1,4,1,BASELINE,5,116264430,Calculation Time [millis],0.0,39.0,0.08,597.0,7285,39.0
2026-05-08T17:51:09.555382300Z,TaxiAlgorithmP2PCollector,2,5000,10,25,1,nearest,1,4,1,BASELINE,5,116264430,Custom Time [micros],0.0,0.0,0.0,0.0,7285,0.0
2026-05-08T17:51:10.161383300Z,TaxiAlgorithmP2PCollector,2,5000,10,25,1,nearest,1,4,1,BASELINE,6,116264431,Taxi Travel Distance [km],9.13,119.62,80.47,804.71,10,110.49000000000001
2026-05-08T17:51:10.161383300Z,TaxiAlgorithmP2PCollector,2,5000,10,25,1,nearest,1,4,1,BASELINE,6,116264431,Client Waiting Time [min],0.7,31.68,10.88,271.97,25,30.98
2026-05-08T17:51:10.161383300Z,TaxiAlgorithmP2PCollector,2,5000,10,25,1,nearest,1,4,1,BASELINE,6,116264431,Client Travel Time [min],165.0,2360.0,1133.44,28336.0,25,2195.0
2026-05-08T17:51:10.161383300Z,TaxiAlgorithmP2PCollector,2,5000,10,25,1,nearest,1,4,1,BASELINE,6,116264431,Calculation Time [millis],0.0,0.0,0.08,516.0,6367,0.0
2026-05-08T17:51:10.161383300Z,TaxiAlgorithmP2PCollector,2,5000,10,25,1,nearest,1,4,1,BASELINE,6,116264431,Custom Time [micros],0.0,0.0,0.0,0.0,6367,0.0
2026-05-08T17:51:10.591384Z,TaxiAlgorithmP2PCollector,2,5000,10,25,1,nearest,1,4,1,BASELINE,7,116264432,Taxi Travel Distance [km],38.48,99.64,78.69,786.86,10,61.160000000000004
2026-05-08T17:51:10.591384Z,TaxiAlgorithmP2PCollector,2,5000,10,25,1,nearest,1,4,1,BASELINE,7,116264432,Client Waiting Time [min],0.52,21.93,5.11,127.85,25,21.41
2026-05-08T17:51:10.591384Z,TaxiAlgorithmP2PCollector,2,5000,10,25,1,nearest,1,4,1,BASELINE,7,116264432,Client Travel Time [min],160.0,1896.0,764.6,19115.0,25,1736.0
2026-05-08T17:51:10.591384Z,TaxiAlgorithmP2PCollector,2,5000,10,25,1,nearest,1,4,1,BASELINE,7,116264432,Calculation Time [millis],0.0,0.0,0.05,301.0,5991,0.0
2026-05-08T17:51:10.591384Z,TaxiAlgorithmP2PCollector,2,5000,10,25,1,nearest,1,4,1,BASELINE,7,116264432,Custom Time [micros],0.0,0.0,0.0,0.0,5991,0.0
2026-05-08T17:51:10.930384600Z,TaxiAlgorithmP2PCollector,2,5000,10,25,1,nearest,1,4,1,BASELINE,8,116264433,Taxi Travel Distance [km],46.68,96.44,78.39,783.86,10,49.76
2026-05-08T17:51:10.930384600Z,TaxiAlgorithmP2PCollector,2,5000,10,25,1,nearest,1,4,1,BASELINE,8,116264433,Client Waiting Time [min],0.37,15.07,5.0,125.02,25,14.700000000000001
2026-05-08T17:51:10.930384600Z,TaxiAlgorithmP2PCollector,2,5000,10,25,1,nearest,1,4,1,BASELINE,8,116264433,Client Travel Time [min],262.0,1207.0,841.84,21046.0,25,945.0
2026-05-08T17:51:10.930384600Z,TaxiAlgorithmP2PCollector,2,5000,10,25,1,nearest,1,4,1,BASELINE,8,116264433,Calculation Time [millis],0.0,0.0,0.04,231.0,5868,0.0
2026-05-08T17:51:10.930384600Z,TaxiAlgorithmP2PCollector,2,5000,10,25,1,nearest,1,4,1,BASELINE,8,116264433,Custom Time [micros],0.0,0.0,0.0,0.0,5868,0.0
2026-05-08T17:51:11.267429800Z,TaxiAlgorithmP2PCollector,2,5000,10,25,1,nearest,1,4,1,BASELINE,9,116264434,Taxi Travel Distance [km],46.2,100.5,72.58,725.75,10,54.3
2026-05-08T17:51:11.267429800Z,TaxiAlgorithmP2PCollector,2,5000,10,25,1,nearest,1,4,1,BASELINE,9,116264434,Client Waiting Time [min],0.73,29.78,5.13,128.23,25,29.05
2026-05-08T17:51:11.267429800Z,TaxiAlgorithmP2PCollector,2,5000,10,25,1,nearest,1,4,1,BASELINE,9,116264434,Client Travel Time [min],250.0,2040.0,688.32,17208.0,25,1790.0
2026-05-08T17:51:11.267429800Z,TaxiAlgorithmP2PCollector,2,5000,10,25,1,nearest,1,4,1,BASELINE,9,116264434,Calculation Time [millis],0.0,0.0,0.04,252.0,5693,0.0
2026-05-08T17:51:11.267429800Z,TaxiAlgorithmP2PCollector,2,5000,10,25,1,nearest,1,4,1,BASELINE,9,116264434,Custom Time [micros],0.0,0.0,0.0,0.0,5693,0.0
2026-05-08T17:51:11.718951Z,TaxiAlgorithmP2PCollector,2,5000,10,25,1,nearest,1,4,1,BASELINE,10,116264435,Taxi Travel Distance [km],39.09,100.92,71.99,719.87,10,61.83
2026-05-08T17:51:11.718951Z,TaxiAlgorithmP2PCollector,2,5000,10,25,1,nearest,1,4,1,BASELINE,10,116264435,Client Waiting Time [min],1.25,24.55,7.22,180.47,25,23.3
2026-05-08T17:51:11.718951Z,TaxiAlgorithmP2PCollector,2,5000,10,25,1,nearest,1,4,1,BASELINE,10,116264435,Client Travel Time [min],267.0,1700.0,769.08,19227.0,25,1433.0
2026-05-08T17:51:11.718951Z,TaxiAlgorithmP2PCollector,2,5000,10,25,1,nearest,1,4,1,BASELINE,10,116264435,Calculation Time [millis],0.0,19.0,0.05,339.0,6305,19.0
2026-05-08T17:51:11.718951Z,TaxiAlgorithmP2PCollector,2,5000,10,25,1,nearest,1,4,1,BASELINE,10,116264435,Custom Time [micros],0.0,0.0,0.0,0.0,6305,0.0
2026-05-08T17:51:13.768954400Z,TaxiAlgorithmP2PCollector,2,5000,10,50,1,nearest,1,4,1,BASELINE,1,116264426,Taxi Travel Distance [km],68.12,399.77,219.55,2195.5,10,331.65
2026-05-08T17:51:13.768954400Z,TaxiAlgorithmP2PCollector,2,5000,10,50,1,nearest,1,4,1,BASELINE,1,116264426,Client Waiting Time [min],1.08,277.72,33.45,1605.38,48,276.64000000000004
2026-05-08T17:51:13.768954400Z,TaxiAlgorithmP2PCollector,2,5000,10,50,1,nearest,1,4,1,BASELINE,1,116264426,Client Travel Time [min],463.0,16708.0,2801.18,140059.0,50,16245.0
2026-05-08T17:51:13.768954400Z,TaxiAlgorithmP2PCollector,2,5000,10,50,1,nearest,1,4,1,BASELINE,1,116264426,Calculation Time [millis],0.0,55.0,0.1,1911.0,18397,55.0
2026-05-08T17:51:13.768954400Z,TaxiAlgorithmP2PCollector,2,5000,10,50,1,nearest,1,4,1,BASELINE,1,116264426,Custom Time [micros],0.0,0.0,0.0,0.0,18397,0.0
2026-05-08T17:51:14.780566900Z,TaxiAlgorithmP2PCollector,2,5000,10,50,1,nearest,1,4,1,BASELINE,2,116264427,Taxi Travel Distance [km],174.55,227.87,198.7,1986.97,10,53.31999999999999
2026-05-08T17:51:14.780566900Z,TaxiAlgorithmP2PCollector,2,5000,10,50,1,nearest,1,4,1,BASELINE,2,116264427,Client Waiting Time [min],0.43,122.67,35.23,1691.27,48,122.24
2026-05-08T17:51:14.780566900Z,TaxiAlgorithmP2PCollector,2,5000,10,50,1,nearest,1,4,1,BASELINE,2,116264427,Client Travel Time [min],317.0,8719.0,2851.04,142552.0,50,8402.0
2026-05-08T17:51:14.780566900Z,TaxiAlgorithmP2PCollector,2,5000,10,50,1,nearest,1,4,1,BASELINE,2,116264427,Calculation Time [millis],0.0,0.0,0.08,888.0,10533,0.0
2026-05-08T17:51:14.780566900Z,TaxiAlgorithmP2PCollector,2,5000,10,50,1,nearest,1,4,1,BASELINE,2,116264427,Custom Time [micros],0.0,0.0,0.0,0.0,10533,0.0
2026-05-08T17:51:16.368936800Z,TaxiAlgorithmP2PCollector,2,5000,10,50,1,nearest,1,4,1,BASELINE,3,116264428,Taxi Travel Distance [km],69.84,300.65,183.47,1834.66,10,230.80999999999997
2026-05-08T17:51:16.368936800Z,TaxiAlgorithmP2PCollector,2,5000,10,50,1,nearest,1,4,1,BASELINE,3,116264428,Client Waiting Time [min],1.32,149.0,36.31,1706.5,47,147.68
2026-05-08T17:51:16.368936800Z,TaxiAlgorithmP2PCollector,2,5000,10,50,1,nearest,1,4,1,BASELINE,3,116264428,Client Travel Time [min],507.0,9834.0,3314.14,165707.0,50,9327.0
2026-05-08T17:51:16.368936800Z,TaxiAlgorithmP2PCollector,2,5000,10,50,1,nearest,1,4,1,BASELINE,3,116264428,Calculation Time [millis],0.0,18.0,0.1,1404.0,14360,18.0
2026-05-08T17:51:16.368936800Z,TaxiAlgorithmP2PCollector,2,5000,10,50,1,nearest,1,4,1,BASELINE,3,116264428,Custom Time [micros],0.0,0.0,0.0,0.0,14360,0.0
2026-05-08T17:51:19.377423500Z,TaxiAlgorithmP2PCollector,2,5000,10,50,1,nearest,1,4,1,BASELINE,4,116264429,Taxi Travel Distance [km],29.08,570.25,244.51,2445.12,10,541.17
2026-05-08T17:51:19.377423500Z,TaxiAlgorithmP2PCollector,2,5000,10,50,1,nearest,1,4,1,BASELINE,4,116264429,Client Waiting Time [min],2.03,212.13,31.64,1455.38,46,210.1
2026-05-08T17:51:19.377423500Z,TaxiAlgorithmP2PCollector,2,5000,10,50,1,nearest,1,4,1,BASELINE,4,116264429,Client Travel Time [min],506.0,24387.0,3256.24,162812.0,50,23881.0
2026-05-08T17:51:19.377423500Z,TaxiAlgorithmP2PCollector,2,5000,10,50,1,nearest,1,4,1,BASELINE,4,116264429,Calculation Time [millis],0.0,62.0,0.1,2782.0,27249,62.0
2026-05-08T17:51:19.377423500Z,TaxiAlgorithmP2PCollector,2,5000,10,50,1,nearest,1,4,1,BASELINE,4,116264429,Custom Time [micros],0.0,0.0,0.0,0.0,27249,0.0
2026-05-08T17:51:20.887880300Z,TaxiAlgorithmP2PCollector,2,5000,10,50,1,nearest,1,4,1,BASELINE,5,116264430,Taxi Travel Distance [km],85.26,308.04,203.09,2030.87,10,222.78000000000003
2026-05-08T17:51:20.887880300Z,TaxiAlgorithmP2PCollector,2,5000,10,50,1,nearest,1,4,1,BASELINE,5,116264430,Client Waiting Time [min],1.45,208.38,52.29,2510.15,48,206.93
2026-05-08T17:51:20.887880300Z,TaxiAlgorithmP2PCollector,2,5000,10,50,1,nearest,1,4,1,BASELINE,5,116264430,Client Travel Time [min],541.0,13215.0,4207.78,210389.0,50,12674.0
2026-05-08T17:51:20.887880300Z,TaxiAlgorithmP2PCollector,2,5000,10,50,1,nearest,1,4,1,BASELINE,5,116264430,Calculation Time [millis],0.0,27.0,0.09,1329.0,14307,27.0
2026-05-08T17:51:20.887880300Z,TaxiAlgorithmP2PCollector,2,5000,10,50,1,nearest,1,4,1,BASELINE,5,116264430,Custom Time [micros],0.0,0.0,0.0,0.0,14307,0.0
2026-05-08T17:51:22.507329200Z,TaxiAlgorithmP2PCollector,2,5000,10,50,1,nearest,1,4,1,BASELINE,6,116264431,Taxi Travel Distance [km],148.95,327.0,266.63,2666.34,10,178.05
2026-05-08T17:51:22.507329200Z,TaxiAlgorithmP2PCollector,2,5000,10,50,1,nearest,1,4,1,BASELINE,6,116264431,Client Waiting Time [min],1.15,207.9,49.12,2406.93,49,206.75
2026-05-08T17:51:22.507329200Z,TaxiAlgorithmP2PCollector,2,5000,10,50,1,nearest,1,4,1,BASELINE,6,116264431,Client Travel Time [min],415.0,12758.0,3873.26,193663.0,50,12343.0
2026-05-08T17:51:22.507329200Z,TaxiAlgorithmP2PCollector,2,5000,10,50,1,nearest,1,4,1,BASELINE,6,116264431,Calculation Time [millis],0.0,34.0,0.1,1459.0,15265,34.0
2026-05-08T17:51:22.507329200Z,TaxiAlgorithmP2PCollector,2,5000,10,50,1,nearest,1,4,1,BASELINE,6,116264431,Custom Time [micros],0.0,0.0,0.0,0.0,15265,0.0
2026-05-08T17:51:26.769789Z,TaxiAlgorithmP2PCollector,2,5000,10,50,1,nearest,1,4,1,BASELINE,7,116264432,Taxi Travel Distance [km],43.17,286.56,196.81,1968.08,10,243.39
2026-05-08T17:51:26.769789Z,TaxiAlgorithmP2PCollector,2,5000,10,50,1,nearest,1,4,1,BASELINE,7,116264432,Client Waiting Time [min],0.12,585.05,40.02,1921.17,48,584.93
2026-05-08T17:51:26.769789Z,TaxiAlgorithmP2PCollector,2,5000,10,50,1,nearest,1,4,1,BASELINE,7,116264432,Client Travel Time [min],160.0,35245.0,3644.62,182231.0,50,35085.0
2026-05-08T17:51:26.769789Z,TaxiAlgorithmP2PCollector,2,5000,10,50,1,nearest,1,4,1,BASELINE,7,116264432,Calculation Time [millis],0.0,86.0,0.1,4054.0,40102,86.0
2026-05-08T17:51:26.769789Z,TaxiAlgorithmP2PCollector,2,5000,10,50,1,nearest,1,4,1,BASELINE,7,116264432,Custom Time [micros],0.0,0.0,0.0,0.0,40102,0.0
2026-05-08T17:51:28.073001400Z,TaxiAlgorithmP2PCollector,2,5000,10,50,1,nearest,1,4,1,BASELINE,8,116264433,Taxi Travel Distance [km],76.74,248.43,173.59,1735.87,10,171.69
2026-05-08T17:51:28.073001400Z,TaxiAlgorithmP2PCollector,2,5000,10,50,1,nearest,1,4,1,BASELINE,8,116264433,Client Waiting Time [min],0.62,146.15,41.61,2080.57,50,145.53
2026-05-08T17:51:28.073001400Z,TaxiAlgorithmP2PCollector,2,5000,10,50,1,nearest,1,4,1,BASELINE,8,116264433,Client Travel Time [min],306.0,9275.0,3304.46,165223.0,50,8969.0
2026-05-08T17:51:28.073001400Z,TaxiAlgorithmP2PCollector,2,5000,10,50,1,nearest,1,4,1,BASELINE,8,116264433,Calculation Time [millis],0.0,15.0,0.09,1072.0,11855,15.0
2026-05-08T17:51:28.073001400Z,TaxiAlgorithmP2PCollector,2,5000,10,50,1,nearest,1,4,1,BASELINE,8,116264433,Custom Time [micros],0.0,0.0,0.0,0.0,11855,0.0
2026-05-08T17:51:30.459921400Z,TaxiAlgorithmP2PCollector,2,5000,10,50,1,nearest,1,4,1,BASELINE,9,116264434,Taxi Travel Distance [km],126.72,450.25,248.54,2485.39,10,323.53
2026-05-08T17:51:30.459921400Z,TaxiAlgorithmP2PCollector,2,5000,10,50,1,nearest,1,4,1,BASELINE,9,116264434,Client Waiting Time [min],0.45,275.78,38.22,1872.67,49,275.33
2026-05-08T17:51:30.459921400Z,TaxiAlgorithmP2PCollector,2,5000,10,50,1,nearest,1,4,1,BASELINE,9,116264434,Client Travel Time [min],260.0,17036.0,3145.4,157270.0,50,16776.0
2026-05-08T17:51:30.459921400Z,TaxiAlgorithmP2PCollector,2,5000,10,50,1,nearest,1,4,1,BASELINE,9,116264434,Calculation Time [millis],0.0,30.0,0.1,2179.0,20842,30.0
2026-05-08T17:51:30.459921400Z,TaxiAlgorithmP2PCollector,2,5000,10,50,1,nearest,1,4,1,BASELINE,9,116264434,Custom Time [micros],0.0,0.0,0.0,0.0,20842,0.0
2026-05-08T17:51:31.904442100Z,TaxiAlgorithmP2PCollector,2,5000,10,50,1,nearest,1,4,1,BASELINE,10,116264435,Taxi Travel Distance [km],89.46,283.6,202.68,2026.77,10,194.14000000000004
2026-05-08T17:51:31.904442100Z,TaxiAlgorithmP2PCollector,2,5000,10,50,1,nearest,1,4,1,BASELINE,10,116264435,Client Waiting Time [min],1.05,132.62,28.44,1365.33,48,131.57
2026-05-08T17:51:31.904442100Z,TaxiAlgorithmP2PCollector,2,5000,10,50,1,nearest,1,4,1,BASELINE,10,116264435,Client Travel Time [min],562.0,9257.0,2718.18,135909.0,50,8695.0
2026-05-08T17:51:31.904442100Z,TaxiAlgorithmP2PCollector,2,5000,10,50,1,nearest,1,4,1,BASELINE,10,116264435,Calculation Time [millis],0.0,16.0,0.09,1180.0,13405,16.0
2026-05-08T17:51:31.904442100Z,TaxiAlgorithmP2PCollector,2,5000,10,50,1,nearest,1,4,1,BASELINE,10,116264435,Custom Time [micros],0.0,0.0,0.0,0.0,13405,0.0
2026-05-08T17:51:36.289586300Z,TaxiAlgorithmP2PCollector,2,5000,20,50,1,nearest,1,4,1,BASELINE,1,116264426,Taxi Travel Distance [km],15.28,241.57,133.86,2677.11,20,226.29
2026-05-08T17:51:36.289586300Z,TaxiAlgorithmP2PCollector,2,5000,20,50,1,nearest,1,4,1,BASELINE,1,116264426,Client Waiting Time [min],0.97,132.98,17.16,840.78,49,132.01
2026-05-08T17:51:36.289586300Z,TaxiAlgorithmP2PCollector,2,5000,20,50,1,nearest,1,4,1,BASELINE,1,116264426,Client Travel Time [min],332.0,8202.0,1864.82,93241.0,50,7870.0
2026-05-08T17:51:36.289586300Z,TaxiAlgorithmP2PCollector,2,5000,20,50,1,nearest,1,4,1,BASELINE,1,116264426,Calculation Time [millis],0.0,91.0,0.37,4203.0,11279,91.0
2026-05-08T17:51:36.289586300Z,TaxiAlgorithmP2PCollector,2,5000,20,50,1,nearest,1,4,1,BASELINE,1,116264426,Custom Time [micros],0.0,0.0,0.0,0.0,11279,0.0
2026-05-08T17:51:39.021606700Z,TaxiAlgorithmP2PCollector,2,5000,20,50,1,nearest,1,4,1,BASELINE,2,116264427,Taxi Travel Distance [km],2.72,168.04,123.58,2471.65,20,165.32
2026-05-08T17:51:39.021606700Z,TaxiAlgorithmP2PCollector,2,5000,20,50,1,nearest,1,4,1,BASELINE,2,116264427,Client Waiting Time [min],1.25,69.78,16.67,817.03,49,68.53
2026-05-08T17:51:39.021606700Z,TaxiAlgorithmP2PCollector,2,5000,20,50,1,nearest,1,4,1,BASELINE,2,116264427,Client Travel Time [min],348.0,6132.0,1843.42,92171.0,50,5784.0
2026-05-08T17:51:39.021606700Z,TaxiAlgorithmP2PCollector,2,5000,20,50,1,nearest,1,4,1,BASELINE,2,116264427,Calculation Time [millis],0.0,76.0,0.3,2458.0,8251,76.0
2026-05-08T17:51:39.021606700Z,TaxiAlgorithmP2PCollector,2,5000,20,50,1,nearest,1,4,1,BASELINE,2,116264427,Custom Time [micros],0.0,0.0,0.0,0.0,8251,0.0
2026-05-08T17:51:42.212063700Z,TaxiAlgorithmP2PCollector,2,5000,20,50,1,nearest,1,4,1,BASELINE,3,116264428,Taxi Travel Distance [km],14.39,205.41,143.53,2870.68,20,191.01999999999998
2026-05-08T17:51:42.212063700Z,TaxiAlgorithmP2PCollector,2,5000,20,50,1,nearest,1,4,1,BASELINE,3,116264428,Client Waiting Time [min],0.9,120.42,18.19,909.3,50,119.52
2026-05-08T17:51:42.212063700Z,TaxiAlgorithmP2PCollector,2,5000,20,50,1,nearest,1,4,1,BASELINE,3,116264428,Client Travel Time [min],516.0,8230.0,1939.3,96965.0,50,7714.0
2026-05-08T17:51:42.212063700Z,TaxiAlgorithmP2PCollector,2,5000,20,50,1,nearest,1,4,1,BASELINE,3,116264428,Calculation Time [millis],0.0,56.0,0.31,3086.0,9855,56.0
2026-05-08T17:51:42.212063700Z,TaxiAlgorithmP2PCollector,2,5000,20,50,1,nearest,1,4,1,BASELINE,3,116264428,Custom Time [micros],0.0,0.0,0.0,0.0,9855,0.0
2026-05-08T17:51:48.937769700Z,TaxiAlgorithmP2PCollector,2,5000,20,50,1,nearest,1,4,1,BASELINE,4,116264429,Taxi Travel Distance [km],20.26,365.12,139.72,2794.37,20,344.86
2026-05-08T17:51:48.937769700Z,TaxiAlgorithmP2PCollector,2,5000,20,50,1,nearest,1,4,1,BASELINE,4,116264429,Client Waiting Time [min],0.17,198.15,17.73,868.87,49,197.98000000000002
2026-05-08T17:51:48.937769700Z,TaxiAlgorithmP2PCollector,2,5000,20,50,1,nearest,1,4,1,BASELINE,4,116264429,Client Travel Time [min],72.0,12304.0,2037.96,101898.0,50,12232.0
2026-05-08T17:51:48.937769700Z,TaxiAlgorithmP2PCollector,2,5000,20,50,1,nearest,1,4,1,BASELINE,4,116264429,Calculation Time [millis],0.0,164.0,0.38,6406.0,16764,164.0
2026-05-08T17:51:48.937769700Z,TaxiAlgorithmP2PCollector,2,5000,20,50,1,nearest,1,4,1,BASELINE,4,116264429,Custom Time [micros],0.0,0.0,0.0,0.0,16764,0.0
2026-05-08T17:51:53.254615Z,TaxiAlgorithmP2PCollector,2,5000,20,50,1,nearest,1,4,1,BASELINE,5,116264430,Taxi Travel Distance [km],57.45,253.43,144.52,2890.37,20,195.98000000000002
2026-05-08T17:51:53.254615Z,TaxiAlgorithmP2PCollector,2,5000,20,50,1,nearest,1,4,1,BASELINE,5,116264430,Client Waiting Time [min],0.43,116.97,16.41,820.38,50,116.53999999999999
2026-05-08T17:51:53.254615Z,TaxiAlgorithmP2PCollector,2,5000,20,50,1,nearest,1,4,1,BASELINE,5,116264430,Client Travel Time [min],460.0,7658.0,1948.24,97412.0,50,7198.0
2026-05-08T17:51:53.254615Z,TaxiAlgorithmP2PCollector,2,5000,20,50,1,nearest,1,4,1,BASELINE,5,116264430,Calculation Time [millis],0.0,116.0,0.35,4102.0,11760,116.0
2026-05-08T17:51:53.254615Z,TaxiAlgorithmP2PCollector,2,5000,20,50,1,nearest,1,4,1,BASELINE,5,116264430,Custom Time [micros],0.0,0.0,0.0,0.0,11760,0.0
2026-05-08T17:51:56.192662Z,TaxiAlgorithmP2PCollector,2,5000,20,50,1,nearest,1,4,1,BASELINE,6,116264431,Taxi Travel Distance [km],13.4,181.41,134.86,2697.25,20,168.01
2026-05-08T17:51:56.192662Z,TaxiAlgorithmP2PCollector,2,5000,20,50,1,nearest,1,4,1,BASELINE,6,116264431,Client Waiting Time [min],1.28,106.32,17.15,857.52,50,105.03999999999999
2026-05-08T17:51:56.192662Z,TaxiAlgorithmP2PCollector,2,5000,20,50,1,nearest,1,4,1,BASELINE,6,116264431,Client Travel Time [min],419.0,7492.0,2011.74,100587.0,50,7073.0
2026-05-08T17:51:56.192662Z,TaxiAlgorithmP2PCollector,2,5000,20,50,1,nearest,1,4,1,BASELINE,6,116264431,Calculation Time [millis],0.0,58.0,0.32,2792.0,8682,58.0
2026-05-08T17:51:56.192662Z,TaxiAlgorithmP2PCollector,2,5000,20,50,1,nearest,1,4,1,BASELINE,6,116264431,Custom Time [micros],0.0,0.0,0.0,0.0,8682,0.0
2026-05-08T17:51:59.665182800Z,TaxiAlgorithmP2PCollector,2,5000,20,50,1,nearest,1,4,1,BASELINE,7,116264432,Taxi Travel Distance [km],40.76,179.94,127.23,2544.63,20,139.18
2026-05-08T17:51:59.665182800Z,TaxiAlgorithmP2PCollector,2,5000,20,50,1,nearest,1,4,1,BASELINE,7,116264432,Client Waiting Time [min],0.12,63.5,15.58,778.78,50,63.38
2026-05-08T17:51:59.665182800Z,TaxiAlgorithmP2PCollector,2,5000,20,50,1,nearest,1,4,1,BASELINE,7,116264432,Client Travel Time [min],160.0,4851.0,1740.96,87048.0,50,4691.0
2026-05-08T17:51:59.665182800Z,TaxiAlgorithmP2PCollector,2,5000,20,50,1,nearest,1,4,1,BASELINE,7,116264432,Calculation Time [millis],0.0,76.0,0.35,3243.0,9214,76.0
2026-05-08T17:51:59.665182800Z,TaxiAlgorithmP2PCollector,2,5000,20,50,1,nearest,1,4,1,BASELINE,7,116264432,Custom Time [micros],0.0,0.0,0.0,0.0,9214,0.0
2026-05-08T17:52:02.288328500Z,TaxiAlgorithmP2PCollector,2,5000,20,50,1,nearest,1,4,1,BASELINE,8,116264433,Taxi Travel Distance [km],37.59,160.56,121.52,2430.32,20,122.97
2026-05-08T17:52:02.288328500Z,TaxiAlgorithmP2PCollector,2,5000,20,50,1,nearest,1,4,1,BASELINE,8,116264433,Client Waiting Time [min],0.6,84.67,13.94,697.07,50,84.07000000000001
2026-05-08T17:52:02.288328500Z,TaxiAlgorithmP2PCollector,2,5000,20,50,1,nearest,1,4,1,BASELINE,8,116264433,Client Travel Time [min],369.0,5445.0,1728.42,86421.0,50,5076.0
2026-05-08T17:52:02.288328500Z,TaxiAlgorithmP2PCollector,2,5000,20,50,1,nearest,1,4,1,BASELINE,8,116264433,Calculation Time [millis],0.0,41.0,0.3,2436.0,8175,41.0
2026-05-08T17:52:02.288328500Z,TaxiAlgorithmP2PCollector,2,5000,20,50,1,nearest,1,4,1,BASELINE,8,116264433,Custom Time [micros],0.0,0.0,0.0,0.0,8175,0.0
2026-05-08T17:52:05.528575500Z,TaxiAlgorithmP2PCollector,2,5000,20,50,1,nearest,1,4,1,BASELINE,9,116264434,Taxi Travel Distance [km],38.63,208.4,129.3,2586.1,20,169.77
2026-05-08T17:52:05.528575500Z,TaxiAlgorithmP2PCollector,2,5000,20,50,1,nearest,1,4,1,BASELINE,9,116264434,Client Waiting Time [min],0.57,82.0,14.94,732.0,49,81.43
2026-05-08T17:52:05.528575500Z,TaxiAlgorithmP2PCollector,2,5000,20,50,1,nearest,1,4,1,BASELINE,9,116264434,Client Travel Time [min],281.0,5925.0,1781.5,89075.0,50,5644.0
2026-05-08T17:52:05.528575500Z,TaxiAlgorithmP2PCollector,2,5000,20,50,1,nearest,1,4,1,BASELINE,9,116264434,Calculation Time [millis],0.0,75.0,0.31,3012.0,9731,75.0
2026-05-08T17:52:05.528575500Z,TaxiAlgorithmP2PCollector,2,5000,20,50,1,nearest,1,4,1,BASELINE,9,116264434,Custom Time [micros],0.0,0.0,0.0,0.0,9731,0.0
2026-05-08T17:52:08.595991700Z,TaxiAlgorithmP2PCollector,2,5000,20,50,1,nearest,1,4,1,BASELINE,10,116264435,Taxi Travel Distance [km],17.38,191.93,141.38,2827.63,20,174.55
2026-05-08T17:52:08.595991700Z,TaxiAlgorithmP2PCollector,2,5000,20,50,1,nearest,1,4,1,BASELINE,10,116264435,Client Waiting Time [min],0.55,99.83,12.95,647.45,50,99.28
2026-05-08T17:52:08.595991700Z,TaxiAlgorithmP2PCollector,2,5000,20,50,1,nearest,1,4,1,BASELINE,10,116264435,Client Travel Time [min],439.0,7177.0,1720.28,86014.0,50,6738.0
2026-05-08T17:52:08.595991700Z,TaxiAlgorithmP2PCollector,2,5000,20,50,1,nearest,1,4,1,BASELINE,10,116264435,Calculation Time [millis],0.0,87.0,0.31,2854.0,9310,87.0
2026-05-08T17:52:08.595991700Z,TaxiAlgorithmP2PCollector,2,5000,20,50,1,nearest,1,4,1,BASELINE,10,116264435,Custom Time [micros],0.0,0.0,0.0,0.0,9310,0.0
2026-05-08T17:52:19.973563900Z,TaxiAlgorithmP2PCollector,2,5000,20,100,1,nearest,1,4,1,BASELINE,1,116264426,Taxi Travel Distance [km],18.55,601.72,392.02,7840.49,20,583.1700000000001
2026-05-08T17:52:19.973563900Z,TaxiAlgorithmP2PCollector,2,5000,20,100,1,nearest,1,4,1,BASELINE,1,116264426,Client Waiting Time [min],0.4,397.88,85.33,7935.5,93,397.48
2026-05-08T17:52:19.973563900Z,TaxiAlgorithmP2PCollector,2,5000,20,100,1,nearest,1,4,1,BASELINE,1,116264426,Client Travel Time [min],576.0,25035.0,7456.26,745626.0,100,24459.0
2026-05-08T17:52:19.973563900Z,TaxiAlgorithmP2PCollector,2,5000,20,100,1,nearest,1,4,1,BASELINE,1,116264426,Calculation Time [millis],0.0,185.0,0.4,11160.0,27629,185.0
2026-05-08T17:52:19.973563900Z,TaxiAlgorithmP2PCollector,2,5000,20,100,1,nearest,1,4,1,BASELINE,1,116264426,Custom Time [micros],0.0,0.0,0.0,0.0,27629,0.0
2026-05-08T17:52:38.453515700Z,TaxiAlgorithmP2PCollector,2,5000,20,100,1,nearest,1,4,1,BASELINE,2,116264427,Taxi Travel Distance [km],59.34,902.45,476.14,9522.84,20,843.11
2026-05-08T17:52:38.453515700Z,TaxiAlgorithmP2PCollector,2,5000,20,100,1,nearest,1,4,1,BASELINE,2,116264427,Client Waiting Time [min],0.35,473.0,120.82,11719.87,97,472.65
2026-05-08T17:52:38.453515700Z,TaxiAlgorithmP2PCollector,2,5000,20,100,1,nearest,1,4,1,BASELINE,2,116264427,Client Travel Time [min],840.0,39036.0,9169.22,916922.0,100,38196.0
2026-05-08T17:52:38.453515700Z,TaxiAlgorithmP2PCollector,2,5000,20,100,1,nearest,1,4,1,BASELINE,2,116264427,Calculation Time [millis],0.0,159.0,0.44,18043.0,40927,159.0
2026-05-08T17:52:38.453515700Z,TaxiAlgorithmP2PCollector,2,5000,20,100,1,nearest,1,4,1,BASELINE,2,116264427,Custom Time [micros],0.0,0.0,0.0,0.0,40927,0.0
2026-05-08T17:52:51.992626700Z,TaxiAlgorithmP2PCollector,2,5000,20,100,1,nearest,1,4,1,BASELINE,3,116264428,Taxi Travel Distance [km],12.32,677.61,415.97,8319.33,20,665.29
2026-05-08T17:52:51.992626700Z,TaxiAlgorithmP2PCollector,2,5000,20,100,1,nearest,1,4,1,BASELINE,3,116264428,Client Waiting Time [min],0.6,476.9,99.2,9722.03,98,476.29999999999995
2026-05-08T17:52:51.992626700Z,TaxiAlgorithmP2PCollector,2,5000,20,100,1,nearest,1,4,1,BASELINE,3,116264428,Client Travel Time [min],807.0,28905.0,7540.53,754053.0,100,28098.0
2026-05-08T17:52:51.992626700Z,TaxiAlgorithmP2PCollector,2,5000,20,100,1,nearest,1,4,1,BASELINE,3,116264428,Calculation Time [millis],0.0,177.0,0.42,13093.0,30934,177.0
2026-05-08T17:52:51.992626700Z,TaxiAlgorithmP2PCollector,2,5000,20,100,1,nearest,1,4,1,BASELINE,3,116264428,Custom Time [micros],0.0,0.0,0.0,0.0,30934,0.0
2026-05-08T17:53:20.626385500Z,TaxiAlgorithmP2PCollector,2,5000,20,100,1,nearest,1,4,1,BASELINE,4,116264429,Taxi Travel Distance [km],60.07,1399.95,432.11,8642.13,20,1339.88
2026-05-08T17:53:20.626385500Z,TaxiAlgorithmP2PCollector,2,5000,20,100,1,nearest,1,4,1,BASELINE,4,116264429,Client Waiting Time [min],1.08,1061.07,123.57,11862.43,96,1059.99
2026-05-08T17:53:20.626385500Z,TaxiAlgorithmP2PCollector,2,5000,20,100,1,nearest,1,4,1,BASELINE,4,116264429,Client Travel Time [min],1120.0,63741.0,9444.48,944448.0,100,62621.0
2026-05-08T17:53:20.626385500Z,TaxiAlgorithmP2PCollector,2,5000,20,100,1,nearest,1,4,1,BASELINE,4,116264429,Calculation Time [millis],0.0,183.0,0.44,28066.0,64057,183.0
2026-05-08T17:53:20.626385500Z,TaxiAlgorithmP2PCollector,2,5000,20,100,1,nearest,1,4,1,BASELINE,4,116264429,Custom Time [micros],0.0,0.0,0.0,0.0,64057,0.0
2026-05-08T17:53:44.643994900Z,TaxiAlgorithmP2PCollector,2,5000,20,100,1,nearest,1,4,1,BASELINE,5,116264430,Taxi Travel Distance [km],123.87,1186.62,579.22,11584.3,20,1062.75
2026-05-08T17:53:44.643994900Z,TaxiAlgorithmP2PCollector,2,5000,20,100,1,nearest,1,4,1,BASELINE,5,116264430,Client Waiting Time [min],1.42,492.22,94.68,9089.42,96,490.8
2026-05-08T17:53:44.643994900Z,TaxiAlgorithmP2PCollector,2,5000,20,100,1,nearest,1,4,1,BASELINE,5,116264430,Client Travel Time [min],1033.0,52946.0,8013.83,801383.0,100,51913.0
2026-05-08T17:53:44.643994900Z,TaxiAlgorithmP2PCollector,2,5000,20,100,1,nearest,1,4,1,BASELINE,5,116264430,Calculation Time [millis],0.0,197.0,0.43,23415.0,53902,197.0
2026-05-08T17:53:44.643994900Z,TaxiAlgorithmP2PCollector,2,5000,20,100,1,nearest,1,4,1,BASELINE,5,116264430,Custom Time [micros],0.0,0.0,0.0,0.0,53902,0.0
2026-05-08T17:53:59.355515100Z,TaxiAlgorithmP2PCollector,2,5000,20,100,1,nearest,1,4,1,BASELINE,6,116264431,Taxi Travel Distance [km],131.75,747.63,436.2,8723.98,20,615.88
2026-05-08T17:53:59.355515100Z,TaxiAlgorithmP2PCollector,2,5000,20,100,1,nearest,1,4,1,BASELINE,6,116264431,Client Waiting Time [min],1.57,538.72,103.27,9810.77,95,537.15
2026-05-08T17:53:59.355515100Z,TaxiAlgorithmP2PCollector,2,5000,20,100,1,nearest,1,4,1,BASELINE,6,116264431,Client Travel Time [min],667.0,32397.0,8060.17,806017.0,100,31730.0
2026-05-08T17:53:59.355515100Z,TaxiAlgorithmP2PCollector,2,5000,20,100,1,nearest,1,4,1,BASELINE,6,116264431,Calculation Time [millis],0.0,184.0,0.41,14027.0,34011,184.0
2026-05-08T17:53:59.355515100Z,TaxiAlgorithmP2PCollector,2,5000,20,100,1,nearest,1,4,1,BASELINE,6,116264431,Custom Time [micros],0.0,0.0,0.0,0.0,34011,0.0
2026-05-08T17:54:20.203322800Z,TaxiAlgorithmP2PCollector,2,5000,20,100,1,nearest,1,4,1,BASELINE,7,116264432,Taxi Travel Distance [km],86.06,1002.84,384.44,7688.71,20,916.78
2026-05-08T17:54:20.203322800Z,TaxiAlgorithmP2PCollector,2,5000,20,100,1,nearest,1,4,1,BASELINE,7,116264432,Client Waiting Time [min],0.63,604.9,110.67,9074.7,82,604.27
2026-05-08T17:54:20.203322800Z,TaxiAlgorithmP2PCollector,2,5000,20,100,1,nearest,1,4,1,BASELINE,7,116264432,Client Travel Time [min],617.0,43426.0,10325.63,1032563.0,100,42809.0
2026-05-08T17:54:20.203322800Z,TaxiAlgorithmP2PCollector,2,5000,20,100,1,nearest,1,4,1,BASELINE,7,116264432,Calculation Time [millis],0.0,175.0,0.45,20389.0,45707,175.0
2026-05-08T17:54:20.203322800Z,TaxiAlgorithmP2PCollector,2,5000,20,100,1,nearest,1,4,1,BASELINE,7,116264432,Custom Time [micros],0.0,0.0,0.0,0.0,45707,0.0
2026-05-08T17:54:47.067423Z,TaxiAlgorithmP2PCollector,2,5000,20,100,1,nearest,1,4,1,BASELINE,8,116264433,Taxi Travel Distance [km],36.32,928.87,481.04,9620.71,20,892.55
2026-05-08T17:54:47.067423Z,TaxiAlgorithmP2PCollector,2,5000,20,100,1,nearest,1,4,1,BASELINE,8,116264433,Client Waiting Time [min],0.85,541.65,101.44,9637.15,95,540.8
2026-05-08T17:54:47.067423Z,TaxiAlgorithmP2PCollector,2,5000,20,100,1,nearest,1,4,1,BASELINE,8,116264433,Client Travel Time [min],1221.0,57523.0,8451.83,845183.0,100,56302.0
2026-05-08T17:54:47.067423Z,TaxiAlgorithmP2PCollector,2,5000,20,100,1,nearest,1,4,1,BASELINE,8,116264433,Calculation Time [millis],0.0,205.0,0.43,26077.0,61039,205.0
2026-05-08T17:54:47.067423Z,TaxiAlgorithmP2PCollector,2,5000,20,100,1,nearest,1,4,1,BASELINE,8,116264433,Custom Time [micros],0.0,0.0,0.0,0.0,61039,0.0
2026-05-08T17:55:00.616139100Z,TaxiAlgorithmP2PCollector,2,5000,20,100,1,nearest,1,4,1,BASELINE,9,116264434,Taxi Travel Distance [km],174.67,672.93,439.47,8789.43,20,498.26
2026-05-08T17:55:00.616139100Z,TaxiAlgorithmP2PCollector,2,5000,20,100,1,nearest,1,4,1,BASELINE,9,116264434,Client Waiting Time [min],2.6,443.25,87.66,8151.95,93,440.65
2026-05-08T17:55:00.616139100Z,TaxiAlgorithmP2PCollector,2,5000,20,100,1,nearest,1,4,1,BASELINE,9,116264434,Client Travel Time [min],489.0,28655.0,6995.07,699507.0,100,28166.0
2026-05-08T17:55:00.616139100Z,TaxiAlgorithmP2PCollector,2,5000,20,100,1,nearest,1,4,1,BASELINE,9,116264434,Calculation Time [millis],0.0,162.0,0.42,12932.0,30648,162.0
2026-05-08T17:55:00.616139100Z,TaxiAlgorithmP2PCollector,2,5000,20,100,1,nearest,1,4,1,BASELINE,9,116264434,Custom Time [micros],0.0,0.0,0.0,0.0,30648,0.0
2026-05-08T17:55:11.642170100Z,TaxiAlgorithmP2PCollector,2,5000,20,100,1,nearest,1,4,1,BASELINE,10,116264435,Taxi Travel Distance [km],43.89,589.88,393.48,7869.6,20,545.99
2026-05-08T17:55:11.642170100Z,TaxiAlgorithmP2PCollector,2,5000,20,100,1,nearest,1,4,1,BASELINE,10,116264435,Client Waiting Time [min],0.63,424.23,101.79,9466.7,93,423.6
2026-05-08T17:55:11.642170100Z,TaxiAlgorithmP2PCollector,2,5000,20,100,1,nearest,1,4,1,BASELINE,10,116264435,Client Travel Time [min],875.0,26712.0,8057.34,805734.0,100,25837.0
2026-05-08T17:55:11.642170100Z,TaxiAlgorithmP2PCollector,2,5000,20,100,1,nearest,1,4,1,BASELINE,10,116264435,Calculation Time [millis],0.0,162.0,0.39,10743.0,27278,162.0
2026-05-08T17:55:11.642170100Z,TaxiAlgorithmP2PCollector,2,5000,20,100,1,nearest,1,4,1,BASELINE,10,116264435,Custom Time [micros],0.0,0.0,0.0,0.0,27278,0.0
2026-05-08T17:55:11.938168800Z,TaxiAlgorithmP2PCollector,2,10000,5,25,1,nearest,1,4,1,BASELINE,1,116264426,Taxi Travel Distance [km],103.86,112.21,109.94,549.71,5,8.349999999999994
2026-05-08T17:55:11.938168800Z,TaxiAlgorithmP2PCollector,2,10000,5,25,1,nearest,1,4,1,BASELINE,1,116264426,Client Waiting Time [min],1.5,23.43,10.23,245.55,24,21.93
2026-05-08T17:55:11.938168800Z,TaxiAlgorithmP2PCollector,2,10000,5,25,1,nearest,1,4,1,BASELINE,1,116264426,Client Travel Time [min],404.0,1893.0,1065.0,26625.0,25,1489.0
2026-05-08T17:55:11.938168800Z,TaxiAlgorithmP2PCollector,2,10000,5,25,1,nearest,1,4,1,BASELINE,1,116264426,Calculation Time [millis],0.0,0.0,0.01,94.0,6436,0.0
2026-05-08T17:55:11.938168800Z,TaxiAlgorithmP2PCollector,2,10000,5,25,1,nearest,1,4,1,BASELINE,1,116264426,Custom Time [micros],0.0,0.0,0.0,0.0,6436,0.0
2026-05-08T17:55:12.157168900Z,TaxiAlgorithmP2PCollector,2,10000,5,25,1,nearest,1,4,1,BASELINE,2,116264427,Taxi Travel Distance [km],101.08,116.24,106.43,532.13,5,15.159999999999997
2026-05-08T17:55:12.157168900Z,TaxiAlgorithmP2PCollector,2,10000,5,25,1,nearest,1,4,1,BASELINE,2,116264427,Client Waiting Time [min],4.37,37.12,13.87,346.77,25,32.75
2026-05-08T17:55:12.157168900Z,TaxiAlgorithmP2PCollector,2,10000,5,25,1,nearest,1,4,1,BASELINE,2,116264427,Client Travel Time [min],612.0,2885.0,1316.6,32915.0,25,2273.0
2026-05-08T17:55:12.157168900Z,TaxiAlgorithmP2PCollector,2,10000,5,25,1,nearest,1,4,1,BASELINE,2,116264427,Calculation Time [millis],0.0,0.0,0.03,152.0,5667,0.0
2026-05-08T17:55:12.157168900Z,TaxiAlgorithmP2PCollector,2,10000,5,25,1,nearest,1,4,1,BASELINE,2,116264427,Custom Time [micros],0.0,0.0,0.0,0.0,5667,0.0
2026-05-08T17:55:12.311168700Z,TaxiAlgorithmP2PCollector,2,10000,5,25,1,nearest,1,4,1,BASELINE,3,116264428,Taxi Travel Distance [km],86.7,97.02,92.28,461.38,5,10.319999999999993
2026-05-08T17:55:12.311168700Z,TaxiAlgorithmP2PCollector,2,10000,5,25,1,nearest,1,4,1,BASELINE,3,116264428,Client Waiting Time [min],2.12,24.15,9.18,229.47,25,22.029999999999998
2026-05-08T17:55:12.311168700Z,TaxiAlgorithmP2PCollector,2,10000,5,25,1,nearest,1,4,1,BASELINE,3,116264428,Client Travel Time [min],323.0,1761.0,1030.56,25764.0,25,1438.0
2026-05-08T17:55:12.311168700Z,TaxiAlgorithmP2PCollector,2,10000,5,25,1,nearest,1,4,1,BASELINE,3,116264428,Calculation Time [millis],0.0,0.0,0.01,85.0,5971,0.0
2026-05-08T17:55:12.311168700Z,TaxiAlgorithmP2PCollector,2,10000,5,25,1,nearest,1,4,1,BASELINE,3,116264428,Custom Time [micros],0.0,0.0,0.0,0.0,5971,0.0
2026-05-08T17:55:12.499168400Z,TaxiAlgorithmP2PCollector,2,10000,5,25,1,nearest,1,4,1,BASELINE,4,116264429,Taxi Travel Distance [km],83.62,125.56,103.58,517.92,5,41.94
2026-05-08T17:55:12.499168400Z,TaxiAlgorithmP2PCollector,2,10000,5,25,1,nearest,1,4,1,BASELINE,4,116264429,Client Waiting Time [min],1.6,24.73,7.57,189.33,25,23.13
2026-05-08T17:55:12.499168400Z,TaxiAlgorithmP2PCollector,2,10000,5,25,1,nearest,1,4,1,BASELINE,4,116264429,Client Travel Time [min],302.0,2053.0,914.56,22864.0,25,1751.0
2026-05-08T17:55:12.499168400Z,TaxiAlgorithmP2PCollector,2,10000,5,25,1,nearest,1,4,1,BASELINE,4,116264429,Calculation Time [millis],0.0,0.0,0.02,118.0,6505,0.0
2026-05-08T17:55:12.499168400Z,TaxiAlgorithmP2PCollector,2,10000,5,25,1,nearest,1,4,1,BASELINE,4,116264429,Custom Time [micros],0.0,0.0,0.0,0.0,6505,0.0
2026-05-08T17:55:12.686168400Z,TaxiAlgorithmP2PCollector,2,10000,5,25,1,nearest,1,4,1,BASELINE,5,116264430,Taxi Travel Distance [km],83.1,112.13,97.01,485.07,5,29.03
2026-05-08T17:55:12.686168400Z,TaxiAlgorithmP2PCollector,2,10000,5,25,1,nearest,1,4,1,BASELINE,5,116264430,Client Waiting Time [min],1.58,26.48,11.64,290.92,25,24.9
2026-05-08T17:55:12.686168400Z,TaxiAlgorithmP2PCollector,2,10000,5,25,1,nearest,1,4,1,BASELINE,5,116264430,Client Travel Time [min],415.0,2035.0,1159.88,28997.0,25,1620.0
2026-05-08T17:55:12.686168400Z,TaxiAlgorithmP2PCollector,2,10000,5,25,1,nearest,1,4,1,BASELINE,5,116264430,Calculation Time [millis],0.0,0.0,0.02,116.0,6271,0.0
2026-05-08T17:55:12.686168400Z,TaxiAlgorithmP2PCollector,2,10000,5,25,1,nearest,1,4,1,BASELINE,5,116264430,Custom Time [micros],0.0,0.0,0.0,0.0,6271,0.0
2026-05-08T17:55:12.917168600Z,TaxiAlgorithmP2PCollector,2,10000,5,25,1,nearest,1,4,1,BASELINE,6,116264431,Taxi Travel Distance [km],92.93,119.21,108.51,542.54,5,26.279999999999987
2026-05-08T17:55:12.917168600Z,TaxiAlgorithmP2PCollector,2,10000,5,25,1,nearest,1,4,1,BASELINE,6,116264431,Client Waiting Time [min],0.23,43.03,11.07,276.83,25,42.800000000000004
2026-05-08T17:55:12.917168600Z,TaxiAlgorithmP2PCollector,2,10000,5,25,1,nearest,1,4,1,BASELINE,6,116264431,Client Travel Time [min],295.0,2708.0,1131.8,28295.0,25,2413.0
2026-05-08T17:55:12.917168600Z,TaxiAlgorithmP2PCollector,2,10000,5,25,1,nearest,1,4,1,BASELINE,6,116264431,Calculation Time [millis],0.0,40.0,0.02,155.0,6359,40.0
2026-05-08T17:55:12.917168600Z,TaxiAlgorithmP2PCollector,2,10000,5,25,1,nearest,1,4,1,BASELINE,6,116264431,Custom Time [micros],0.0,0.0,0.0,0.0,6359,0.0
2026-05-08T17:55:13.041168900Z,TaxiAlgorithmP2PCollector,2,10000,5,25,1,nearest,1,4,1,BASELINE,7,116264432,Taxi Travel Distance [km],82.94,125.85,102.4,512.01,5,42.91
2026-05-08T17:55:13.041168900Z,TaxiAlgorithmP2PCollector,2,10000,5,25,1,nearest,1,4,1,BASELINE,7,116264432,Client Waiting Time [min],0.65,22.63,7.75,193.68,25,21.98
2026-05-08T17:55:13.041168900Z,TaxiAlgorithmP2PCollector,2,10000,5,25,1,nearest,1,4,1,BASELINE,7,116264432,Client Travel Time [min],237.0,1954.0,931.92,23298.0,25,1717.0
2026-05-08T17:55:13.041168900Z,TaxiAlgorithmP2PCollector,2,10000,5,25,1,nearest,1,4,1,BASELINE,7,116264432,Calculation Time [millis],0.0,0.0,0.01,77.0,6072,0.0
2026-05-08T17:55:13.041168900Z,TaxiAlgorithmP2PCollector,2,10000,5,25,1,nearest,1,4,1,BASELINE,7,116264432,Custom Time [micros],0.0,0.0,0.0,0.0,6072,0.0
2026-05-08T17:55:13.305168800Z,TaxiAlgorithmP2PCollector,2,10000,5,25,1,nearest,1,4,1,BASELINE,8,116264433,Taxi Travel Distance [km],99.04,126.06,115.11,575.57,5,27.019999999999996
2026-05-08T17:55:13.305168800Z,TaxiAlgorithmP2PCollector,2,10000,5,25,1,nearest,1,4,1,BASELINE,8,116264433,Client Waiting Time [min],2.27,34.38,13.63,340.7,25,32.11
2026-05-08T17:55:13.305168800Z,TaxiAlgorithmP2PCollector,2,10000,5,25,1,nearest,1,4,1,BASELINE,8,116264433,Client Travel Time [min],367.0,2490.0,1338.04,33451.0,25,2123.0
2026-05-08T17:55:13.305168800Z,TaxiAlgorithmP2PCollector,2,10000,5,25,1,nearest,1,4,1,BASELINE,8,116264433,Calculation Time [millis],0.0,0.0,0.03,182.0,6941,0.0
2026-05-08T17:55:13.305168800Z,TaxiAlgorithmP2PCollector,2,10000,5,25,1,nearest,1,4,1,BASELINE,8,116264433,Custom Time [micros],0.0,0.0,0.0,0.0,6941,0.0
2026-05-08T17:55:13.431169200Z,TaxiAlgorithmP2PCollector,2,10000,5,25,1,nearest,1,4,1,BASELINE,9,116264434,Taxi Travel Distance [km],64.88,108.58,87.87,439.36,5,43.7
2026-05-08T17:55:13.431169200Z,TaxiAlgorithmP2PCollector,2,10000,5,25,1,nearest,1,4,1,BASELINE,9,116264434,Client Waiting Time [min],0.18,19.68,7.3,182.6,25,19.5
2026-05-08T17:55:13.431169200Z,TaxiAlgorithmP2PCollector,2,10000,5,25,1,nearest,1,4,1,BASELINE,9,116264434,Client Travel Time [min],197.0,1838.0,841.48,21037.0,25,1641.0
2026-05-08T17:55:13.431169200Z,TaxiAlgorithmP2PCollector,2,10000,5,25,1,nearest,1,4,1,BASELINE,9,116264434,Calculation Time [millis],0.0,0.0,0.01,53.0,5720,0.0
2026-05-08T17:55:13.431169200Z,TaxiAlgorithmP2PCollector,2,10000,5,25,1,nearest,1,4,1,BASELINE,9,116264434,Custom Time [micros],0.0,0.0,0.0,0.0,5720,0.0
2026-05-08T17:55:13.585174800Z,TaxiAlgorithmP2PCollector,2,10000,5,25,1,nearest,1,4,1,BASELINE,10,116264435,Taxi Travel Distance [km],59.12,99.95,89.75,448.77,5,40.830000000000005
2026-05-08T17:55:13.585174800Z,TaxiAlgorithmP2PCollector,2,10000,5,25,1,nearest,1,4,1,BASELINE,10,116264435,Client Waiting Time [min],1.17,29.73,10.1,252.42,25,28.560000000000002
2026-05-08T17:55:13.585174800Z,TaxiAlgorithmP2PCollector,2,10000,5,25,1,nearest,1,4,1,BASELINE,10,116264435,Client Travel Time [min],398.0,2122.0,953.68,23842.0,25,1724.0
2026-05-08T17:55:13.585174800Z,TaxiAlgorithmP2PCollector,2,10000,5,25,1,nearest,1,4,1,BASELINE,10,116264435,Calculation Time [millis],0.0,0.0,0.01,90.0,6990,0.0
2026-05-08T17:55:13.585174800Z,TaxiAlgorithmP2PCollector,2,10000,5,25,1,nearest,1,4,1,BASELINE,10,116264435,Custom Time [micros],0.0,0.0,0.0,0.0,6990,0.0
2026-05-08T17:55:13.757172600Z,TaxiAlgorithmP2PCollector,2,10000,10,25,1,nearest,1,4,1,BASELINE,1,116264426,Taxi Travel Distance [km],0.85,104.72,53.64,536.45,10,103.87
2026-05-08T17:55:13.757172600Z,TaxiAlgorithmP2PCollector,2,10000,10,25,1,nearest,1,4,1,BASELINE,1,116264426,Client Waiting Time [min],0.83,19.75,7.57,189.23,25,18.92
2026-05-08T17:55:13.757172600Z,TaxiAlgorithmP2PCollector,2,10000,10,25,1,nearest,1,4,1,BASELINE,1,116264426,Client Travel Time [min],92.0,1454.0,906.16,22654.0,25,1362.0
2026-05-08T17:55:13.757172600Z,TaxiAlgorithmP2PCollector,2,10000,10,25,1,nearest,1,4,1,BASELINE,1,116264426,Calculation Time [millis],0.0,0.0,0.01,90.0,6237,0.0
2026-05-08T17:55:13.757172600Z,TaxiAlgorithmP2PCollector,2,10000,10,25,1,nearest,1,4,1,BASELINE,1,116264426,Custom Time [micros],0.0,0.0,0.0,0.0,6237,0.0
2026-05-08T17:55:13.927172300Z,TaxiAlgorithmP2PCollector,2,10000,10,25,1,nearest,1,4,1,BASELINE,2,116264427,Taxi Travel Distance [km],40.39,78.23,57.46,574.61,10,37.84
2026-05-08T17:55:13.927172300Z,TaxiAlgorithmP2PCollector,2,10000,10,25,1,nearest,1,4,1,BASELINE,2,116264427,Client Waiting Time [min],0.62,15.88,5.35,133.73,25,15.260000000000002
2026-05-08T17:55:13.927172300Z,TaxiAlgorithmP2PCollector,2,10000,10,25,1,nearest,1,4,1,BASELINE,2,116264427,Client Travel Time [min],427.0,1865.0,842.68,21067.0,25,1438.0
2026-05-08T17:55:13.927172300Z,TaxiAlgorithmP2PCollector,2,10000,10,25,1,nearest,1,4,1,BASELINE,2,116264427,Calculation Time [millis],0.0,0.0,0.02,92.0,5321,0.0
2026-05-08T17:55:13.927172300Z,TaxiAlgorithmP2PCollector,2,10000,10,25,1,nearest,1,4,1,BASELINE,2,116264427,Custom Time [micros],0.0,0.0,0.0,0.0,5321,0.0
2026-05-08T17:55:14.036215600Z,TaxiAlgorithmP2PCollector,2,10000,10,25,1,nearest,1,4,1,BASELINE,3,116264428,Taxi Travel Distance [km],11.13,74.13,48.16,481.61,10,62.99999999999999
2026-05-08T17:55:14.036215600Z,TaxiAlgorithmP2PCollector,2,10000,10,25,1,nearest,1,4,1,BASELINE,3,116264428,Client Waiting Time [min],1.42,13.87,5.86,146.6,25,12.45
2026-05-08T17:55:14.036215600Z,TaxiAlgorithmP2PCollector,2,10000,10,25,1,nearest,1,4,1,BASELINE,3,116264428,Client Travel Time [min],333.0,1577.0,857.8,21445.0,25,1244.0
2026-05-08T17:55:14.036215600Z,TaxiAlgorithmP2PCollector,2,10000,10,25,1,nearest,1,4,1,BASELINE,3,116264428,Calculation Time [millis],0.0,0.0,0.0,27.0,6034,0.0
2026-05-08T17:55:14.036215600Z,TaxiAlgorithmP2PCollector,2,10000,10,25,1,nearest,1,4,1,BASELINE,3,116264428,Custom Time [micros],0.0,0.0,0.0,0.0,6034,0.0
2026-05-08T17:55:14.271213800Z,TaxiAlgorithmP2PCollector,2,10000,10,25,1,nearest,1,4,1,BASELINE,4,116264429,Taxi Travel Distance [km],45.06,96.79,70.58,705.84,10,51.730000000000004
2026-05-08T17:55:14.271213800Z,TaxiAlgorithmP2PCollector,2,10000,10,25,1,nearest,1,4,1,BASELINE,4,116264429,Client Waiting Time [min],1.57,35.23,8.16,203.88,25,33.66
2026-05-08T17:55:14.271213800Z,TaxiAlgorithmP2PCollector,2,10000,10,25,1,nearest,1,4,1,BASELINE,4,116264429,Client Travel Time [min],257.0,2440.0,958.8,23970.0,25,2183.0
2026-05-08T17:55:14.271213800Z,TaxiAlgorithmP2PCollector,2,10000,10,25,1,nearest,1,4,1,BASELINE,4,116264429,Calculation Time [millis],0.0,0.0,0.03,177.0,6040,0.0
2026-05-08T17:55:14.271213800Z,TaxiAlgorithmP2PCollector,2,10000,10,25,1,nearest,1,4,1,BASELINE,4,116264429,Custom Time [micros],0.0,0.0,0.0,0.0,6040,0.0
2026-05-08T17:55:14.430213900Z,TaxiAlgorithmP2PCollector,2,10000,10,25,1,nearest,1,4,1,BASELINE,5,116264430,Taxi Travel Distance [km],24.45,77.16,53.94,539.41,10,52.709999999999994
2026-05-08T17:55:14.430213900Z,TaxiAlgorithmP2PCollector,2,10000,10,25,1,nearest,1,4,1,BASELINE,5,116264430,Client Waiting Time [min],1.85,15.15,7.44,185.98,25,13.3
2026-05-08T17:55:14.430213900Z,TaxiAlgorithmP2PCollector,2,10000,10,25,1,nearest,1,4,1,BASELINE,5,116264430,Client Travel Time [min],265.0,1548.0,910.32,22758.0,25,1283.0
2026-05-08T17:55:14.430213900Z,TaxiAlgorithmP2PCollector,2,10000,10,25,1,nearest,1,4,1,BASELINE,5,116264430,Calculation Time [millis],0.0,0.0,0.01,66.0,6000,0.0
2026-05-08T17:55:14.430213900Z,TaxiAlgorithmP2PCollector,2,10000,10,25,1,nearest,1,4,1,BASELINE,5,116264430,Custom Time [micros],0.0,0.0,0.0,0.0,6000,0.0
2026-05-08T17:55:14.615214600Z,TaxiAlgorithmP2PCollector,2,10000,10,25,1,nearest,1,4,1,BASELINE,6,116264431,Taxi Travel Distance [km],21.31,69.09,53.08,530.84,10,47.78
2026-05-08T17:55:14.615214600Z,TaxiAlgorithmP2PCollector,2,10000,10,25,1,nearest,1,4,1,BASELINE,6,116264431,Client Waiting Time [min],0.52,14.95,6.31,157.87,25,14.43
2026-05-08T17:55:14.615214600Z,TaxiAlgorithmP2PCollector,2,10000,10,25,1,nearest,1,4,1,BASELINE,6,116264431,Client Travel Time [min],125.0,1727.0,882.76,22069.0,25,1602.0
2026-05-08T17:55:14.615214600Z,TaxiAlgorithmP2PCollector,2,10000,10,25,1,nearest,1,4,1,BASELINE,6,116264431,Calculation Time [millis],0.0,1.0,0.01,84.0,6112,1.0
2026-05-08T17:55:14.615214600Z,TaxiAlgorithmP2PCollector,2,10000,10,25,1,nearest,1,4,1,BASELINE,6,116264431,Custom Time [micros],0.0,0.0,0.0,0.0,6112,0.0
2026-05-08T17:55:14.694216100Z,TaxiAlgorithmP2PCollector,2,10000,10,25,1,nearest,1,4,1,BASELINE,7,116264432,Taxi Travel Distance [km],13.59,101.32,46.77,467.69,10,87.72999999999999
2026-05-08T17:55:14.694216100Z,TaxiAlgorithmP2PCollector,2,10000,10,25,1,nearest,1,4,1,BASELINE,7,116264432,Client Waiting Time [min],0.45,14.53,5.86,146.58,25,14.08
2026-05-08T17:55:14.694216100Z,TaxiAlgorithmP2PCollector,2,10000,10,25,1,nearest,1,4,1,BASELINE,7,116264432,Client Travel Time [min],351.0,1470.0,817.6,20440.0,25,1119.0
2026-05-08T17:55:14.694216100Z,TaxiAlgorithmP2PCollector,2,10000,10,25,1,nearest,1,4,1,BASELINE,7,116264432,Calculation Time [millis],0.0,0.0,0.0,15.0,5781,0.0
2026-05-08T17:55:14.694216100Z,TaxiAlgorithmP2PCollector,2,10000,10,25,1,nearest,1,4,1,BASELINE,7,116264432,Custom Time [micros],0.0,0.0,0.0,0.0,5781,0.0
2026-05-08T17:55:14.863213300Z,TaxiAlgorithmP2PCollector,2,10000,10,25,1,nearest,1,4,1,BASELINE,8,116264433,Taxi Travel Distance [km],8.85,92.43,55.31,553.11,10,83.58000000000001
2026-05-08T17:55:14.863213300Z,TaxiAlgorithmP2PCollector,2,10000,10,25,1,nearest,1,4,1,BASELINE,8,116264433,Client Waiting Time [min],0.73,20.08,6.45,161.25,25,19.349999999999998
2026-05-08T17:55:14.863213300Z,TaxiAlgorithmP2PCollector,2,10000,10,25,1,nearest,1,4,1,BASELINE,8,116264433,Client Travel Time [min],231.0,1673.0,932.0,23300.0,25,1442.0
2026-05-08T17:55:14.863213300Z,TaxiAlgorithmP2PCollector,2,10000,10,25,1,nearest,1,4,1,BASELINE,8,116264433,Calculation Time [millis],0.0,0.0,0.01,80.0,5913,0.0
2026-05-08T17:55:14.863213300Z,TaxiAlgorithmP2PCollector,2,10000,10,25,1,nearest,1,4,1,BASELINE,8,116264433,Custom Time [micros],0.0,0.0,0.0,0.0,5913,0.0
2026-05-08T17:55:14.939215200Z,TaxiAlgorithmP2PCollector,2,10000,10,25,1,nearest,1,4,1,BASELINE,9,116264434,Taxi Travel Distance [km],0.0,76.12,40.93,409.26,10,76.12
2026-05-08T17:55:14.939215200Z,TaxiAlgorithmP2PCollector,2,10000,10,25,1,nearest,1,4,1,BASELINE,9,116264434,Client Waiting Time [min],0.65,14.47,5.81,145.28,25,13.82
2026-05-08T17:55:14.939215200Z,TaxiAlgorithmP2PCollector,2,10000,10,25,1,nearest,1,4,1,BASELINE,9,116264434,Client Travel Time [min],239.0,1516.0,736.72,18418.0,25,1277.0
2026-05-08T17:55:14.939215200Z,TaxiAlgorithmP2PCollector,2,10000,10,25,1,nearest,1,4,1,BASELINE,9,116264434,Calculation Time [millis],0.0,0.0,0.0,6.0,6018,0.0
2026-05-08T17:55:14.939215200Z,TaxiAlgorithmP2PCollector,2,10000,10,25,1,nearest,1,4,1,BASELINE,9,116264434,Custom Time [micros],0.0,0.0,0.0,0.0,6018,0.0
2026-05-08T17:55:15.050216300Z,TaxiAlgorithmP2PCollector,2,10000,10,25,1,nearest,1,4,1,BASELINE,10,116264435,Taxi Travel Distance [km],11.77,69.35,42.7,427.03,10,57.58
2026-05-08T17:55:15.050216300Z,TaxiAlgorithmP2PCollector,2,10000,10,25,1,nearest,1,4,1,BASELINE,10,116264435,Client Waiting Time [min],1.62,13.7,7.03,175.82,25,12.079999999999998
2026-05-08T17:55:15.050216300Z,TaxiAlgorithmP2PCollector,2,10000,10,25,1,nearest,1,4,1,BASELINE,10,116264435,Client Travel Time [min],251.0,1427.0,768.68,19217.0,25,1176.0
2026-05-08T17:55:15.050216300Z,TaxiAlgorithmP2PCollector,2,10000,10,25,1,nearest,1,4,1,BASELINE,10,116264435,Calculation Time [millis],0.0,0.0,0.01,34.0,5618,0.0
2026-05-08T17:55:15.050216300Z,TaxiAlgorithmP2PCollector,2,10000,10,25,1,nearest,1,4,1,BASELINE,10,116264435,Custom Time [micros],0.0,0.0,0.0,0.0,5618,0.0
2026-05-08T17:55:15.945213100Z,TaxiAlgorithmP2PCollector,2,10000,10,50,1,nearest,1,4,1,BASELINE,1,116264426,Taxi Travel Distance [km],138.75,190.43,170.52,1705.19,10,51.68000000000001
2026-05-08T17:55:15.945213100Z,TaxiAlgorithmP2PCollector,2,10000,10,50,1,nearest,1,4,1,BASELINE,1,116264426,Client Waiting Time [min],0.87,65.12,23.57,1131.23,48,64.25
2026-05-08T17:55:15.945213100Z,TaxiAlgorithmP2PCollector,2,10000,10,50,1,nearest,1,4,1,BASELINE,1,116264426,Client Travel Time [min],644.0,4675.0,2261.88,113094.0,50,4031.0
2026-05-08T17:55:15.945213100Z,TaxiAlgorithmP2PCollector,2,10000,10,50,1,nearest,1,4,1,BASELINE,1,116264426,Calculation Time [millis],0.0,25.0,0.09,787.0,8836,25.0
2026-05-08T17:55:15.945213100Z,TaxiAlgorithmP2PCollector,2,10000,10,50,1,nearest,1,4,1,BASELINE,1,116264426,Custom Time [micros],0.0,0.0,0.0,0.0,8836,0.0
2026-05-08T17:55:16.780213400Z,TaxiAlgorithmP2PCollector,2,10000,10,50,1,nearest,1,4,1,BASELINE,2,116264427,Taxi Travel Distance [km],142.43,181.5,161.57,1615.66,10,39.06999999999999
2026-05-08T17:55:16.780213400Z,TaxiAlgorithmP2PCollector,2,10000,10,50,1,nearest,1,4,1,BASELINE,2,116264427,Client Waiting Time [min],0.92,102.57,25.29,1213.93,48,101.64999999999999
2026-05-08T17:55:16.780213400Z,TaxiAlgorithmP2PCollector,2,10000,10,50,1,nearest,1,4,1,BASELINE,2,116264427,Client Travel Time [min],296.0,7676.0,2317.66,115883.0,50,7380.0
2026-05-08T17:55:16.780213400Z,TaxiAlgorithmP2PCollector,2,10000,10,50,1,nearest,1,4,1,BASELINE,2,116264427,Calculation Time [millis],0.0,0.0,0.08,703.0,8448,0.0
2026-05-08T17:55:16.780213400Z,TaxiAlgorithmP2PCollector,2,10000,10,50,1,nearest,1,4,1,BASELINE,2,116264427,Custom Time [micros],0.0,0.0,0.0,0.0,8448,0.0
2026-05-08T17:55:17.694214200Z,TaxiAlgorithmP2PCollector,2,10000,10,50,1,nearest,1,4,1,BASELINE,3,116264428,Taxi Travel Distance [km],99.29,182.26,155.02,1550.2,10,82.96999999999998
2026-05-08T17:55:17.694214200Z,TaxiAlgorithmP2PCollector,2,10000,10,50,1,nearest,1,4,1,BASELINE,3,116264428,Client Waiting Time [min],1.43,105.85,23.8,1189.88,50,104.41999999999999
2026-05-08T17:55:17.694214200Z,TaxiAlgorithmP2PCollector,2,10000,10,50,1,nearest,1,4,1,BASELINE,3,116264428,Client Travel Time [min],580.0,6770.0,2218.82,110941.0,50,6190.0
2026-05-08T17:55:17.694214200Z,TaxiAlgorithmP2PCollector,2,10000,10,50,1,nearest,1,4,1,BASELINE,3,116264428,Calculation Time [millis],0.0,26.0,0.08,745.0,9051,26.0
2026-05-08T17:55:17.694214200Z,TaxiAlgorithmP2PCollector,2,10000,10,50,1,nearest,1,4,1,BASELINE,3,116264428,Custom Time [micros],0.0,0.0,0.0,0.0,9051,0.0
2026-05-08T17:55:18.919737500Z,TaxiAlgorithmP2PCollector,2,10000,10,50,1,nearest,1,4,1,BASELINE,4,116264429,Taxi Travel Distance [km],133.96,247.76,185.9,1858.98,10,113.79999999999998
2026-05-08T17:55:18.919737500Z,TaxiAlgorithmP2PCollector,2,10000,10,50,1,nearest,1,4,1,BASELINE,4,116264429,Client Waiting Time [min],2.37,104.13,25.21,1235.47,49,101.75999999999999
2026-05-08T17:55:18.919737500Z,TaxiAlgorithmP2PCollector,2,10000,10,50,1,nearest,1,4,1,BASELINE,4,116264429,Client Travel Time [min],579.0,6952.0,2322.38,116119.0,50,6373.0
2026-05-08T17:55:18.919737500Z,TaxiAlgorithmP2PCollector,2,10000,10,50,1,nearest,1,4,1,BASELINE,4,116264429,Calculation Time [millis],0.0,51.0,0.09,1074.0,11906,51.0
2026-05-08T17:55:18.919737500Z,TaxiAlgorithmP2PCollector,2,10000,10,50,1,nearest,1,4,1,BASELINE,4,116264429,Custom Time [micros],0.0,0.0,0.0,0.0,11906,0.0
2026-05-08T17:55:20.242760400Z,TaxiAlgorithmP2PCollector,2,10000,10,50,1,nearest,1,4,1,BASELINE,5,116264430,Taxi Travel Distance [km],139.91,239.46,203.84,2038.38,10,99.55000000000001
2026-05-08T17:55:20.242760400Z,TaxiAlgorithmP2PCollector,2,10000,10,50,1,nearest,1,4,1,BASELINE,5,116264430,Client Waiting Time [min],2.12,164.3,40.55,2027.52,50,162.18
2026-05-08T17:55:20.242760400Z,TaxiAlgorithmP2PCollector,2,10000,10,50,1,nearest,1,4,1,BASELINE,5,116264430,Client Travel Time [min],938.0,10204.0,3291.54,164577.0,50,9266.0
2026-05-08T17:55:20.242760400Z,TaxiAlgorithmP2PCollector,2,10000,10,50,1,nearest,1,4,1,BASELINE,5,116264430,Calculation Time [millis],0.0,0.0,0.11,1214.0,11556,0.0
2026-05-08T17:55:20.242760400Z,TaxiAlgorithmP2PCollector,2,10000,10,50,1,nearest,1,4,1,BASELINE,5,116264430,Custom Time [micros],0.0,0.0,0.0,0.0,11556,0.0
2026-05-08T17:55:21.713758300Z,TaxiAlgorithmP2PCollector,2,10000,10,50,1,nearest,1,4,1,BASELINE,6,116264431,Taxi Travel Distance [km],147.26,293.35,199.76,1997.57,10,146.09000000000003
2026-05-08T17:55:21.713758300Z,TaxiAlgorithmP2PCollector,2,10000,10,50,1,nearest,1,4,1,BASELINE,6,116264431,Client Waiting Time [min],1.07,187.57,28.6,1401.27,49,186.5
2026-05-08T17:55:21.713758300Z,TaxiAlgorithmP2PCollector,2,10000,10,50,1,nearest,1,4,1,BASELINE,6,116264431,Client Travel Time [min],627.0,11891.0,2734.84,136742.0,50,11264.0
2026-05-08T17:55:21.713758300Z,TaxiAlgorithmP2PCollector,2,10000,10,50,1,nearest,1,4,1,BASELINE,6,116264431,Calculation Time [millis],0.0,29.0,0.09,1272.0,13778,29.0
2026-05-08T17:55:21.713758300Z,TaxiAlgorithmP2PCollector,2,10000,10,50,1,nearest,1,4,1,BASELINE,6,116264431,Custom Time [micros],0.0,0.0,0.0,0.0,13778,0.0
2026-05-08T17:55:24.232602800Z,TaxiAlgorithmP2PCollector,2,10000,10,50,1,nearest,1,4,1,BASELINE,7,116264432,Taxi Travel Distance [km],138.67,209.18,174.08,1740.8,10,70.51000000000002
2026-05-08T17:55:24.232602800Z,TaxiAlgorithmP2PCollector,2,10000,10,50,1,nearest,1,4,1,BASELINE,7,116264432,Client Waiting Time [min],0.52,307.45,31.57,1515.47,48,306.93
2026-05-08T17:55:24.232602800Z,TaxiAlgorithmP2PCollector,2,10000,10,50,1,nearest,1,4,1,BASELINE,7,116264432,Client Travel Time [min],160.0,18552.0,2769.12,138456.0,50,18392.0
2026-05-08T17:55:24.232602800Z,TaxiAlgorithmP2PCollector,2,10000,10,50,1,nearest,1,4,1,BASELINE,7,116264432,Calculation Time [millis],0.0,58.0,0.1,2291.0,22829,58.0
2026-05-08T17:55:24.232602800Z,TaxiAlgorithmP2PCollector,2,10000,10,50,1,nearest,1,4,1,BASELINE,7,116264432,Custom Time [micros],0.0,0.0,0.0,0.0,22829,0.0
2026-05-08T17:55:25.256462900Z,TaxiAlgorithmP2PCollector,2,10000,10,50,1,nearest,1,4,1,BASELINE,8,116264433,Taxi Travel Distance [km],123.56,219.84,181.46,1814.61,10,96.28
2026-05-08T17:55:25.256462900Z,TaxiAlgorithmP2PCollector,2,10000,10,50,1,nearest,1,4,1,BASELINE,8,116264433,Client Waiting Time [min],1.3,99.8,30.27,1483.0,49,98.5
2026-05-08T17:55:25.256462900Z,TaxiAlgorithmP2PCollector,2,10000,10,50,1,nearest,1,4,1,BASELINE,8,116264433,Client Travel Time [min],522.0,6307.0,2676.64,133832.0,50,5785.0
2026-05-08T17:55:25.256462900Z,TaxiAlgorithmP2PCollector,2,10000,10,50,1,nearest,1,4,1,BASELINE,8,116264433,Calculation Time [millis],0.0,0.0,0.09,927.0,10894,0.0
2026-05-08T17:55:25.256462900Z,TaxiAlgorithmP2PCollector,2,10000,10,50,1,nearest,1,4,1,BASELINE,8,116264433,Custom Time [micros],0.0,0.0,0.0,0.0,10894,0.0
2026-05-08T17:55:26.235477500Z,TaxiAlgorithmP2PCollector,2,10000,10,50,1,nearest,1,4,1,BASELINE,9,116264434,Taxi Travel Distance [km],145.47,213.8,179.17,1791.68,10,68.33000000000001
2026-05-08T17:55:26.235477500Z,TaxiAlgorithmP2PCollector,2,10000,10,50,1,nearest,1,4,1,BASELINE,9,116264434,Client Waiting Time [min],0.25,89.1,26.93,1346.67,50,88.85
2026-05-08T17:55:26.235477500Z,TaxiAlgorithmP2PCollector,2,10000,10,50,1,nearest,1,4,1,BASELINE,9,116264434,Client Travel Time [min],91.0,6843.0,2475.36,123768.0,50,6752.0
2026-05-08T17:55:26.235477500Z,TaxiAlgorithmP2PCollector,2,10000,10,50,1,nearest,1,4,1,BASELINE,9,116264434,Calculation Time [millis],0.0,26.0,0.08,805.0,10567,26.0
2026-05-08T17:55:26.235477500Z,TaxiAlgorithmP2PCollector,2,10000,10,50,1,nearest,1,4,1,BASELINE,9,116264434,Custom Time [micros],0.0,0.0,0.0,0.0,10567,0.0
2026-05-08T17:55:27.090060800Z,TaxiAlgorithmP2PCollector,2,10000,10,50,1,nearest,1,4,1,BASELINE,10,116264435,Taxi Travel Distance [km],124.74,215.74,171.81,1718.05,10,91.00000000000001
2026-05-08T17:55:27.090060800Z,TaxiAlgorithmP2PCollector,2,10000,10,50,1,nearest,1,4,1,BASELINE,10,116264435,Client Waiting Time [min],0.58,79.43,21.71,1085.48,50,78.85000000000001
2026-05-08T17:55:27.090060800Z,TaxiAlgorithmP2PCollector,2,10000,10,50,1,nearest,1,4,1,BASELINE,10,116264435,Client Travel Time [min],697.0,6216.0,2205.28,110264.0,50,5519.0
2026-05-08T17:55:27.090060800Z,TaxiAlgorithmP2PCollector,2,10000,10,50,1,nearest,1,4,1,BASELINE,10,116264435,Calculation Time [millis],0.0,0.0,0.07,749.0,10364,0.0
2026-05-08T17:55:27.090060800Z,TaxiAlgorithmP2PCollector,2,10000,10,50,1,nearest,1,4,1,BASELINE,10,116264435,Custom Time [micros],0.0,0.0,0.0,0.0,10364,0.0
2026-05-08T17:55:28.625588900Z,TaxiAlgorithmP2PCollector,2,10000,20,50,1,nearest,1,4,1,BASELINE,1,116264426,Taxi Travel Distance [km],67.99,140.79,111.06,2221.22,20,72.8
2026-05-08T17:55:28.625588900Z,TaxiAlgorithmP2PCollector,2,10000,20,50,1,nearest,1,4,1,BASELINE,1,116264426,Client Waiting Time [min],1.47,35.78,11.09,554.4,50,34.31
2026-05-08T17:55:28.625588900Z,TaxiAlgorithmP2PCollector,2,10000,20,50,1,nearest,1,4,1,BASELINE,1,116264426,Client Travel Time [min],382.0,3068.0,1516.06,75803.0,50,2686.0
2026-05-08T17:55:28.625588900Z,TaxiAlgorithmP2PCollector,2,10000,20,50,1,nearest,1,4,1,BASELINE,1,116264426,Calculation Time [millis],0.0,14.0,0.19,1377.0,7134,14.0
2026-05-08T17:55:28.625588900Z,TaxiAlgorithmP2PCollector,2,10000,20,50,1,nearest,1,4,1,BASELINE,1,116264426,Custom Time [micros],0.0,0.0,0.0,0.0,7134,0.0
2026-05-08T17:55:30.323639600Z,TaxiAlgorithmP2PCollector,2,10000,20,50,1,nearest,1,4,1,BASELINE,2,116264427,Taxi Travel Distance [km],95.41,143.9,112.83,2256.67,20,48.49000000000001
2026-05-08T17:55:30.323639600Z,TaxiAlgorithmP2PCollector,2,10000,20,50,1,nearest,1,4,1,BASELINE,2,116264427,Client Waiting Time [min],0.63,43.58,10.87,543.4,50,42.949999999999996
2026-05-08T17:55:30.323639600Z,TaxiAlgorithmP2PCollector,2,10000,20,50,1,nearest,1,4,1,BASELINE,2,116264427,Client Travel Time [min],304.0,3633.0,1523.8,76190.0,50,3329.0
2026-05-08T17:55:30.323639600Z,TaxiAlgorithmP2PCollector,2,10000,20,50,1,nearest,1,4,1,BASELINE,2,116264427,Calculation Time [millis],0.0,20.0,0.2,1488.0,7294,20.0
2026-05-08T17:55:30.323639600Z,TaxiAlgorithmP2PCollector,2,10000,20,50,1,nearest,1,4,1,BASELINE,2,116264427,Custom Time [micros],0.0,0.0,0.0,0.0,7294,0.0
2026-05-08T17:55:31.845206300Z,TaxiAlgorithmP2PCollector,2,10000,20,50,1,nearest,1,4,1,BASELINE,3,116264428,Taxi Travel Distance [km],45.97,129.2,96.6,1931.99,20,83.22999999999999
2026-05-08T17:55:31.845206300Z,TaxiAlgorithmP2PCollector,2,10000,20,50,1,nearest,1,4,1,BASELINE,3,116264428,Client Waiting Time [min],1.12,26.53,9.65,482.27,50,25.41
2026-05-08T17:55:31.845206300Z,TaxiAlgorithmP2PCollector,2,10000,20,50,1,nearest,1,4,1,BASELINE,3,116264428,Client Travel Time [min],586.0,2292.0,1465.76,73288.0,50,1706.0
2026-05-08T17:55:31.845206300Z,TaxiAlgorithmP2PCollector,2,10000,20,50,1,nearest,1,4,1,BASELINE,3,116264428,Calculation Time [millis],0.0,24.0,0.2,1311.0,6679,24.0
2026-05-08T17:55:31.845206300Z,TaxiAlgorithmP2PCollector,2,10000,20,50,1,nearest,1,4,1,BASELINE,3,116264428,Custom Time [micros],0.0,0.0,0.0,0.0,6679,0.0
2026-05-08T17:55:33.252743Z,TaxiAlgorithmP2PCollector,2,10000,20,50,1,nearest,1,4,1,BASELINE,4,116264429,Taxi Travel Distance [km],65.98,145.93,105.49,2109.78,20,79.95
2026-05-08T17:55:33.252743Z,TaxiAlgorithmP2PCollector,2,10000,20,50,1,nearest,1,4,1,BASELINE,4,116264429,Client Waiting Time [min],1.07,38.47,9.66,483.18,50,37.4
2026-05-08T17:55:33.252743Z,TaxiAlgorithmP2PCollector,2,10000,20,50,1,nearest,1,4,1,BASELINE,4,116264429,Client Travel Time [min],253.0,4054.0,1424.2,71210.0,50,3801.0
2026-05-08T17:55:33.252743Z,TaxiAlgorithmP2PCollector,2,10000,20,50,1,nearest,1,4,1,BASELINE,4,116264429,Calculation Time [millis],0.0,25.0,0.16,1255.0,7624,25.0
2026-05-08T17:55:33.252743Z,TaxiAlgorithmP2PCollector,2,10000,20,50,1,nearest,1,4,1,BASELINE,4,116264429,Custom Time [micros],0.0,0.0,0.0,0.0,7624,0.0
2026-05-08T17:55:34.797772300Z,TaxiAlgorithmP2PCollector,2,10000,20,50,1,nearest,1,4,1,BASELINE,5,116264430,Taxi Travel Distance [km],83.34,124.26,102.16,2043.23,20,40.92
2026-05-08T17:55:34.797772300Z,TaxiAlgorithmP2PCollector,2,10000,20,50,1,nearest,1,4,1,BASELINE,5,116264430,Client Waiting Time [min],0.97,31.27,10.07,503.48,50,30.3
2026-05-08T17:55:34.797772300Z,TaxiAlgorithmP2PCollector,2,10000,20,50,1,nearest,1,4,1,BASELINE,5,116264430,Client Travel Time [min],495.0,3421.0,1598.12,79906.0,50,2926.0
2026-05-08T17:55:34.797772300Z,TaxiAlgorithmP2PCollector,2,10000,20,50,1,nearest,1,4,1,BASELINE,5,116264430,Calculation Time [millis],0.0,37.0,0.2,1393.0,6874,37.0
2026-05-08T17:55:34.797772300Z,TaxiAlgorithmP2PCollector,2,10000,20,50,1,nearest,1,4,1,BASELINE,5,116264430,Custom Time [micros],0.0,0.0,0.0,0.0,6874,0.0
2026-05-08T17:55:36.251483700Z,TaxiAlgorithmP2PCollector,2,10000,20,50,1,nearest,1,4,1,BASELINE,6,116264431,Taxi Travel Distance [km],81.63,159.48,112.64,2252.79,20,77.85
2026-05-08T17:55:36.251483700Z,TaxiAlgorithmP2PCollector,2,10000,20,50,1,nearest,1,4,1,BASELINE,6,116264431,Client Waiting Time [min],0.65,55.6,10.62,531.02,50,54.95
2026-05-08T17:55:36.251483700Z,TaxiAlgorithmP2PCollector,2,10000,20,50,1,nearest,1,4,1,BASELINE,6,116264431,Client Travel Time [min],267.0,5102.0,1652.1,82605.0,50,4835.0
2026-05-08T17:55:36.251483700Z,TaxiAlgorithmP2PCollector,2,10000,20,50,1,nearest,1,4,1,BASELINE,6,116264431,Calculation Time [millis],0.0,45.0,0.17,1331.0,7835,45.0
2026-05-08T17:55:36.251483700Z,TaxiAlgorithmP2PCollector,2,10000,20,50,1,nearest,1,4,1,BASELINE,6,116264431,Custom Time [micros],0.0,0.0,0.0,0.0,7835,0.0
2026-05-08T17:55:37.723522600Z,TaxiAlgorithmP2PCollector,2,10000,20,50,1,nearest,1,4,1,BASELINE,7,116264432,Taxi Travel Distance [km],93.83,142.79,111.57,2231.37,20,48.959999999999994
2026-05-08T17:55:37.723522600Z,TaxiAlgorithmP2PCollector,2,10000,20,50,1,nearest,1,4,1,BASELINE,7,116264432,Client Waiting Time [min],0.52,41.07,9.81,490.52,50,40.55
2026-05-08T17:55:37.723522600Z,TaxiAlgorithmP2PCollector,2,10000,20,50,1,nearest,1,4,1,BASELINE,7,116264432,Client Travel Time [min],160.0,3267.0,1426.72,71336.0,50,3107.0
2026-05-08T17:55:37.723522600Z,TaxiAlgorithmP2PCollector,2,10000,20,50,1,nearest,1,4,1,BASELINE,7,116264432,Calculation Time [millis],0.0,1.0,0.18,1371.0,7534,1.0
2026-05-08T17:55:37.723522600Z,TaxiAlgorithmP2PCollector,2,10000,20,50,1,nearest,1,4,1,BASELINE,7,116264432,Custom Time [micros],0.0,0.0,0.0,0.0,7534,0.0
2026-05-08T17:55:39.341591100Z,TaxiAlgorithmP2PCollector,2,10000,20,50,1,nearest,1,4,1,BASELINE,8,116264433,Taxi Travel Distance [km],45.16,123.49,98.63,1972.68,20,78.33
2026-05-08T17:55:39.341591100Z,TaxiAlgorithmP2PCollector,2,10000,20,50,1,nearest,1,4,1,BASELINE,8,116264433,Client Waiting Time [min],0.73,29.97,9.03,451.3,50,29.24
2026-05-08T17:55:39.341591100Z,TaxiAlgorithmP2PCollector,2,10000,20,50,1,nearest,1,4,1,BASELINE,8,116264433,Client Travel Time [min],542.0,3105.0,1458.98,72949.0,50,2563.0
2026-05-08T17:55:39.341591100Z,TaxiAlgorithmP2PCollector,2,10000,20,50,1,nearest,1,4,1,BASELINE,8,116264433,Calculation Time [millis],0.0,14.0,0.21,1389.0,6535,14.0
2026-05-08T17:55:39.341591100Z,TaxiAlgorithmP2PCollector,2,10000,20,50,1,nearest,1,4,1,BASELINE,8,116264433,Custom Time [micros],0.0,0.0,0.0,0.0,6535,0.0
2026-05-08T17:55:40.852111700Z,TaxiAlgorithmP2PCollector,2,10000,20,50,1,nearest,1,4,1,BASELINE,9,116264434,Taxi Travel Distance [km],58.91,140.46,99.03,1980.56,20,81.55000000000001
2026-05-08T17:55:40.852111700Z,TaxiAlgorithmP2PCollector,2,10000,20,50,1,nearest,1,4,1,BASELINE,9,116264434,Client Waiting Time [min],0.67,28.2,9.15,457.42,50,27.529999999999998
2026-05-08T17:55:40.852111700Z,TaxiAlgorithmP2PCollector,2,10000,20,50,1,nearest,1,4,1,BASELINE,9,116264434,Client Travel Time [min],170.0,3568.0,1419.04,70952.0,50,3398.0
2026-05-08T17:55:40.852111700Z,TaxiAlgorithmP2PCollector,2,10000,20,50,1,nearest,1,4,1,BASELINE,9,116264434,Calculation Time [millis],0.0,14.0,0.17,1261.0,7292,14.0
2026-05-08T17:55:40.852111700Z,TaxiAlgorithmP2PCollector,2,10000,20,50,1,nearest,1,4,1,BASELINE,9,116264434,Custom Time [micros],0.0,0.0,0.0,0.0,7292,0.0
2026-05-08T17:55:42.428197400Z,TaxiAlgorithmP2PCollector,2,10000,20,50,1,nearest,1,4,1,BASELINE,10,116264435,Taxi Travel Distance [km],32.2,136.92,103.83,2076.63,20,104.71999999999998
2026-05-08T17:55:42.428197400Z,TaxiAlgorithmP2PCollector,2,10000,20,50,1,nearest,1,4,1,BASELINE,10,116264435,Client Waiting Time [min],0.58,36.17,8.76,438.12,50,35.59
2026-05-08T17:55:42.428197400Z,TaxiAlgorithmP2PCollector,2,10000,20,50,1,nearest,1,4,1,BASELINE,10,116264435,Client Travel Time [min],343.0,3329.0,1490.6,74530.0,50,2986.0
2026-05-08T17:55:42.428197400Z,TaxiAlgorithmP2PCollector,2,10000,20,50,1,nearest,1,4,1,BASELINE,10,116264435,Calculation Time [millis],0.0,30.0,0.2,1382.0,6941,30.0
2026-05-08T17:55:42.428197400Z,TaxiAlgorithmP2PCollector,2,10000,20,50,1,nearest,1,4,1,BASELINE,10,116264435,Custom Time [micros],0.0,0.0,0.0,0.0,6941,0.0
2026-05-08T17:55:48.716233100Z,TaxiAlgorithmP2PCollector,2,10000,20,100,1,nearest,1,4,1,BASELINE,1,116264426,Taxi Travel Distance [km],14.49,378.05,285.73,5714.65,20,363.56
2026-05-08T17:55:48.716233100Z,TaxiAlgorithmP2PCollector,2,10000,20,100,1,nearest,1,4,1,BASELINE,1,116264426,Client Waiting Time [min],0.38,230.97,62.8,6217.67,99,230.59
2026-05-08T17:55:48.716233100Z,TaxiAlgorithmP2PCollector,2,10000,20,100,1,nearest,1,4,1,BASELINE,1,116264426,Client Travel Time [min],630.0,15190.0,5411.75,541175.0,100,14560.0
2026-05-08T17:55:48.716233100Z,TaxiAlgorithmP2PCollector,2,10000,20,100,1,nearest,1,4,1,BASELINE,1,116264426,Calculation Time [millis],0.0,126.0,0.33,6066.0,18260,126.0
2026-05-08T17:55:48.716233100Z,TaxiAlgorithmP2PCollector,2,10000,20,100,1,nearest,1,4,1,BASELINE,1,116264426,Custom Time [micros],0.0,0.0,0.0,0.0,18260,0.0
2026-05-08T17:55:59.732768300Z,TaxiAlgorithmP2PCollector,2,10000,20,100,1,nearest,1,4,1,BASELINE,2,116264427,Taxi Travel Distance [km],16.18,610.49,410.87,8217.39,20,594.3100000000001
2026-05-08T17:55:59.732768300Z,TaxiAlgorithmP2PCollector,2,10000,20,100,1,nearest,1,4,1,BASELINE,2,116264427,Client Waiting Time [min],2.43,396.42,89.81,8801.03,98,393.99
2026-05-08T17:55:59.732768300Z,TaxiAlgorithmP2PCollector,2,10000,20,100,1,nearest,1,4,1,BASELINE,2,116264427,Client Travel Time [min],997.0,25081.0,7116.25,711625.0,100,24084.0
2026-05-08T17:55:59.732768300Z,TaxiAlgorithmP2PCollector,2,10000,20,100,1,nearest,1,4,1,BASELINE,2,116264427,Calculation Time [millis],0.0,182.0,0.38,10628.0,27881,182.0
2026-05-08T17:55:59.732768300Z,TaxiAlgorithmP2PCollector,2,10000,20,100,1,nearest,1,4,1,BASELINE,2,116264427,Custom Time [micros],0.0,0.0,0.0,0.0,27881,0.0
2026-05-08T17:56:05.466897800Z,TaxiAlgorithmP2PCollector,2,10000,20,100,1,nearest,1,4,1,BASELINE,3,116264428,Taxi Travel Distance [km],184.49,361.02,304.8,6095.96,20,176.52999999999997
2026-05-08T17:56:05.466897800Z,TaxiAlgorithmP2PCollector,2,10000,20,100,1,nearest,1,4,1,BASELINE,3,116264428,Client Waiting Time [min],1.57,206.55,61.13,5990.9,98,204.98000000000002
2026-05-08T17:56:05.466897800Z,TaxiAlgorithmP2PCollector,2,10000,20,100,1,nearest,1,4,1,BASELINE,3,116264428,Client Travel Time [min],720.0,13929.0,5430.53,543053.0,100,13209.0
2026-05-08T17:56:05.466897800Z,TaxiAlgorithmP2PCollector,2,10000,20,100,1,nearest,1,4,1,BASELINE,3,116264428,Calculation Time [millis],0.0,122.0,0.33,5509.0,16944,122.0
2026-05-08T17:56:05.466897800Z,TaxiAlgorithmP2PCollector,2,10000,20,100,1,nearest,1,4,1,BASELINE,3,116264428,Custom Time [micros],0.0,0.0,0.0,0.0,16944,0.0
2026-05-08T17:56:12.177983600Z,TaxiAlgorithmP2PCollector,2,10000,20,100,1,nearest,1,4,1,BASELINE,4,116264429,Taxi Travel Distance [km],223.21,412.11,326.84,6536.81,20,188.9
2026-05-08T17:56:12.177983600Z,TaxiAlgorithmP2PCollector,2,10000,20,100,1,nearest,1,4,1,BASELINE,4,116264429,Client Waiting Time [min],0.35,230.27,62.78,6215.22,99,229.92000000000002
2026-05-08T17:56:12.177983600Z,TaxiAlgorithmP2PCollector,2,10000,20,100,1,nearest,1,4,1,BASELINE,4,116264429,Client Travel Time [min],726.0,15963.0,5546.21,554621.0,100,15237.0
2026-05-08T17:56:12.177983600Z,TaxiAlgorithmP2PCollector,2,10000,20,100,1,nearest,1,4,1,BASELINE,4,116264429,Calculation Time [millis],0.0,129.0,0.34,6441.0,18828,129.0
2026-05-08T17:56:12.177983600Z,TaxiAlgorithmP2PCollector,2,10000,20,100,1,nearest,1,4,1,BASELINE,4,116264429,Custom Time [micros],0.0,0.0,0.0,0.0,18828,0.0
2026-05-08T17:56:19.050458500Z,TaxiAlgorithmP2PCollector,2,10000,20,100,1,nearest,1,4,1,BASELINE,5,116264430,Taxi Travel Distance [km],149.91,400.42,313.97,6279.48,20,250.51000000000002
2026-05-08T17:56:19.050458500Z,TaxiAlgorithmP2PCollector,2,10000,20,100,1,nearest,1,4,1,BASELINE,5,116264430,Client Waiting Time [min],1.0,255.75,64.2,6355.83,99,254.75
2026-05-08T17:56:19.050458500Z,TaxiAlgorithmP2PCollector,2,10000,20,100,1,nearest,1,4,1,BASELINE,5,116264430,Client Travel Time [min],664.0,17157.0,5684.75,568475.0,100,16493.0
2026-05-08T17:56:19.050458500Z,TaxiAlgorithmP2PCollector,2,10000,20,100,1,nearest,1,4,1,BASELINE,5,116264430,Calculation Time [millis],0.0,154.0,0.35,6512.0,18526,154.0
2026-05-08T17:56:19.050458500Z,TaxiAlgorithmP2PCollector,2,10000,20,100,1,nearest,1,4,1,BASELINE,5,116264430,Custom Time [micros],0.0,0.0,0.0,0.0,18526,0.0
2026-05-08T17:56:25.978468Z,TaxiAlgorithmP2PCollector,2,10000,20,100,1,nearest,1,4,1,BASELINE,6,116264431,Taxi Travel Distance [km],144.8,392.12,337.42,6748.44,20,247.32
2026-05-08T17:56:25.978468Z,TaxiAlgorithmP2PCollector,2,10000,20,100,1,nearest,1,4,1,BASELINE,6,116264431,Client Waiting Time [min],1.48,279.18,63.2,6193.45,98,277.7
2026-05-08T17:56:25.978468Z,TaxiAlgorithmP2PCollector,2,10000,20,100,1,nearest,1,4,1,BASELINE,6,116264431,Client Travel Time [min],940.0,17078.0,5527.6,552760.0,100,16138.0
2026-05-08T17:56:25.978468Z,TaxiAlgorithmP2PCollector,2,10000,20,100,1,nearest,1,4,1,BASELINE,6,116264431,Calculation Time [millis],0.0,166.0,0.36,6656.0,18265,166.0
2026-05-08T17:56:25.978468Z,TaxiAlgorithmP2PCollector,2,10000,20,100,1,nearest,1,4,1,BASELINE,6,116264431,Custom Time [micros],0.0,0.0,0.0,0.0,18265,0.0
2026-05-08T17:56:33.512707800Z,TaxiAlgorithmP2PCollector,2,10000,20,100,1,nearest,1,4,1,BASELINE,7,116264432,Taxi Travel Distance [km],195.32,433.74,333.85,6676.93,20,238.42000000000002
2026-05-08T17:56:33.512707800Z,TaxiAlgorithmP2PCollector,2,10000,20,100,1,nearest,1,4,1,BASELINE,7,116264432,Client Waiting Time [min],1.25,256.6,66.19,6486.53,98,255.35000000000002
2026-05-08T17:56:33.512707800Z,TaxiAlgorithmP2PCollector,2,10000,20,100,1,nearest,1,4,1,BASELINE,7,116264432,Client Travel Time [min],617.0,17261.0,5628.37,562837.0,100,16644.0
2026-05-08T17:56:33.512707800Z,TaxiAlgorithmP2PCollector,2,10000,20,100,1,nearest,1,4,1,BASELINE,7,116264432,Calculation Time [millis],0.0,162.0,0.36,7139.0,19777,162.0
2026-05-08T17:56:33.512707800Z,TaxiAlgorithmP2PCollector,2,10000,20,100,1,nearest,1,4,1,BASELINE,7,116264432,Custom Time [micros],0.0,0.0,0.0,0.0,19777,0.0
2026-05-08T17:56:41.768755900Z,TaxiAlgorithmP2PCollector,2,10000,20,100,1,nearest,1,4,1,BASELINE,8,116264433,Taxi Travel Distance [km],134.41,442.34,350.81,7016.28,20,307.92999999999995
2026-05-08T17:56:41.768755900Z,TaxiAlgorithmP2PCollector,2,10000,20,100,1,nearest,1,4,1,BASELINE,8,116264433,Client Waiting Time [min],1.93,238.83,69.15,6638.22,96,236.9
2026-05-08T17:56:41.768755900Z,TaxiAlgorithmP2PCollector,2,10000,20,100,1,nearest,1,4,1,BASELINE,8,116264433,Client Travel Time [min],489.0,15489.0,6194.73,619473.0,100,15000.0
2026-05-08T17:56:41.768755900Z,TaxiAlgorithmP2PCollector,2,10000,20,100,1,nearest,1,4,1,BASELINE,8,116264433,Calculation Time [millis],0.0,118.0,0.39,7979.0,20343,118.0
2026-05-08T17:56:41.768755900Z,TaxiAlgorithmP2PCollector,2,10000,20,100,1,nearest,1,4,1,BASELINE,8,116264433,Custom Time [micros],0.0,0.0,0.0,0.0,20343,0.0
2026-05-08T17:56:57.627363800Z,TaxiAlgorithmP2PCollector,2,10000,20,100,1,nearest,1,4,1,BASELINE,9,116264434,Taxi Travel Distance [km],94.15,811.69,425.71,8514.19,20,717.5400000000001
2026-05-08T17:56:57.627363800Z,TaxiAlgorithmP2PCollector,2,10000,20,100,1,nearest,1,4,1,BASELINE,9,116264434,Client Waiting Time [min],0.63,383.88,66.28,6363.3,96,383.25
2026-05-08T17:56:57.627363800Z,TaxiAlgorithmP2PCollector,2,10000,20,100,1,nearest,1,4,1,BASELINE,9,116264434,Client Travel Time [min],333.0,34083.0,5922.82,592282.0,100,33750.0
2026-05-08T17:56:57.627363800Z,TaxiAlgorithmP2PCollector,2,10000,20,100,1,nearest,1,4,1,BASELINE,9,116264434,Calculation Time [millis],0.0,166.0,0.42,15487.0,36971,166.0
2026-05-08T17:56:57.627363800Z,TaxiAlgorithmP2PCollector,2,10000,20,100,1,nearest,1,4,1,BASELINE,9,116264434,Custom Time [micros],0.0,0.0,0.0,0.0,36971,0.0
2026-05-08T17:57:07.924486500Z,TaxiAlgorithmP2PCollector,2,10000,20,100,1,nearest,1,4,1,BASELINE,10,116264435,Taxi Travel Distance [km],158.94,530.53,403.34,8066.85,20,371.59
2026-05-08T17:57:07.924486500Z,TaxiAlgorithmP2PCollector,2,10000,20,100,1,nearest,1,4,1,BASELINE,10,116264435,Client Waiting Time [min],1.18,338.73,81.54,7828.28,96,337.55
2026-05-08T17:57:07.924486500Z,TaxiAlgorithmP2PCollector,2,10000,20,100,1,nearest,1,4,1,BASELINE,10,116264435,Client Travel Time [min],797.0,21600.0,6526.41,652641.0,100,20803.0
2026-05-08T17:57:07.924486500Z,TaxiAlgorithmP2PCollector,2,10000,20,100,1,nearest,1,4,1,BASELINE,10,116264435,Calculation Time [millis],0.0,170.0,0.39,9839.0,25127,170.0
2026-05-08T17:57:07.924486500Z,TaxiAlgorithmP2PCollector,2,10000,20,100,1,nearest,1,4,1,BASELINE,10,116264435,Custom Time [micros],0.0,0.0,0.0,0.0,25127,0.0
2026-05-08T17:57:08.347173500Z,TaxiAlgorithmP2PCollector,2,20000,5,25,1,nearest,1,4,1,BASELINE,1,116264426,Taxi Travel Distance [km],96.88,130.74,113.8,569.02,5,33.860000000000014
2026-05-08T17:57:08.347173500Z,TaxiAlgorithmP2PCollector,2,20000,5,25,1,nearest,1,4,1,BASELINE,1,116264426,Client Waiting Time [min],1.5,23.53,11.29,282.22,25,22.03
2026-05-08T17:57:08.347173500Z,TaxiAlgorithmP2PCollector,2,20000,5,25,1,nearest,1,4,1,BASELINE,1,116264426,Client Travel Time [min],278.0,1856.0,1124.16,28104.0,25,1578.0
2026-05-08T17:57:08.347173500Z,TaxiAlgorithmP2PCollector,2,20000,5,25,1,nearest,1,4,1,BASELINE,1,116264426,Calculation Time [millis],0.0,0.0,0.02,119.0,6444,0.0
2026-05-08T17:57:08.347173500Z,TaxiAlgorithmP2PCollector,2,20000,5,25,1,nearest,1,4,1,BASELINE,1,116264426,Custom Time [micros],0.0,0.0,0.0,0.0,6444,0.0
2026-05-08T17:57:08.627174100Z,TaxiAlgorithmP2PCollector,2,20000,5,25,1,nearest,1,4,1,BASELINE,2,116264427,Taxi Travel Distance [km],100.55,111.18,104.6,522.99,5,10.63000000000001
2026-05-08T17:57:08.627174100Z,TaxiAlgorithmP2PCollector,2,20000,5,25,1,nearest,1,4,1,BASELINE,2,116264427,Client Waiting Time [min],1.97,55.5,14.88,371.98,25,53.53
2026-05-08T17:57:08.627174100Z,TaxiAlgorithmP2PCollector,2,20000,5,25,1,nearest,1,4,1,BASELINE,2,116264427,Client Travel Time [min],683.0,3449.0,1375.28,34382.0,25,2766.0
2026-05-08T17:57:08.627174100Z,TaxiAlgorithmP2PCollector,2,20000,5,25,1,nearest,1,4,1,BASELINE,2,116264427,Calculation Time [millis],0.0,52.0,0.04,227.0,5686,52.0
2026-05-08T17:57:08.627174100Z,TaxiAlgorithmP2PCollector,2,20000,5,25,1,nearest,1,4,1,BASELINE,2,116264427,Custom Time [micros],0.0,0.0,0.0,0.0,5686,0.0
2026-05-08T17:57:08.798173100Z,TaxiAlgorithmP2PCollector,2,20000,5,25,1,nearest,1,4,1,BASELINE,3,116264428,Taxi Travel Distance [km],64.11,111.0,93.21,466.06,5,46.89
2026-05-08T17:57:08.798173100Z,TaxiAlgorithmP2PCollector,2,20000,5,25,1,nearest,1,4,1,BASELINE,3,116264428,Client Waiting Time [min],1.92,26.3,12.0,300.1,25,24.380000000000003
2026-05-08T17:57:08.798173100Z,TaxiAlgorithmP2PCollector,2,20000,5,25,1,nearest,1,4,1,BASELINE,3,116264428,Client Travel Time [min],653.0,2244.0,1193.8,29845.0,25,1591.0
2026-05-08T17:57:08.798173100Z,TaxiAlgorithmP2PCollector,2,20000,5,25,1,nearest,1,4,1,BASELINE,3,116264428,Calculation Time [millis],0.0,0.0,0.02,101.0,6038,0.0
2026-05-08T17:57:08.798173100Z,TaxiAlgorithmP2PCollector,2,20000,5,25,1,nearest,1,4,1,BASELINE,3,116264428,Custom Time [micros],0.0,0.0,0.0,0.0,6038,0.0
2026-05-08T17:57:09.016173200Z,TaxiAlgorithmP2PCollector,2,20000,5,25,1,nearest,1,4,1,BASELINE,4,116264429,Taxi Travel Distance [km],105.9,120.73,114.89,574.47,5,14.829999999999998
2026-05-08T17:57:09.016173200Z,TaxiAlgorithmP2PCollector,2,20000,5,25,1,nearest,1,4,1,BASELINE,4,116264429,Client Waiting Time [min],1.05,27.4,12.27,306.8,25,26.349999999999998
2026-05-08T17:57:09.016173200Z,TaxiAlgorithmP2PCollector,2,20000,5,25,1,nearest,1,4,1,BASELINE,4,116264429,Client Travel Time [min],304.0,2149.0,1191.56,29789.0,25,1845.0
2026-05-08T17:57:09.016173200Z,TaxiAlgorithmP2PCollector,2,20000,5,25,1,nearest,1,4,1,BASELINE,4,116264429,Calculation Time [millis],0.0,0.0,0.03,156.0,6216,0.0
2026-05-08T17:57:09.016173200Z,TaxiAlgorithmP2PCollector,2,20000,5,25,1,nearest,1,4,1,BASELINE,4,116264429,Custom Time [micros],0.0,0.0,0.0,0.0,6216,0.0
2026-05-08T17:57:09.218172400Z,TaxiAlgorithmP2PCollector,2,20000,5,25,1,nearest,1,4,1,BASELINE,5,116264430,Taxi Travel Distance [km],65.49,105.62,90.19,450.97,5,40.13000000000001
2026-05-08T17:57:09.218172400Z,TaxiAlgorithmP2PCollector,2,20000,5,25,1,nearest,1,4,1,BASELINE,5,116264430,Client Waiting Time [min],2.08,46.98,10.98,274.4,25,44.9
2026-05-08T17:57:09.218172400Z,TaxiAlgorithmP2PCollector,2,20000,5,25,1,nearest,1,4,1,BASELINE,5,116264430,Client Travel Time [min],377.0,2990.0,1123.64,28091.0,25,2613.0
2026-05-08T17:57:09.218172400Z,TaxiAlgorithmP2PCollector,2,20000,5,25,1,nearest,1,4,1,BASELINE,5,116264430,Calculation Time [millis],0.0,27.0,0.02,144.0,6280,27.0
2026-05-08T17:57:09.218172400Z,TaxiAlgorithmP2PCollector,2,20000,5,25,1,nearest,1,4,1,BASELINE,5,116264430,Custom Time [micros],0.0,0.0,0.0,0.0,6280,0.0
2026-05-08T17:57:09.446262700Z,TaxiAlgorithmP2PCollector,2,20000,5,25,1,nearest,1,4,1,BASELINE,6,116264431,Taxi Travel Distance [km],81.36,125.86,110.09,550.43,5,44.5
2026-05-08T17:57:09.446262700Z,TaxiAlgorithmP2PCollector,2,20000,5,25,1,nearest,1,4,1,BASELINE,6,116264431,Client Waiting Time [min],1.33,29.7,11.88,297.02,25,28.369999999999997
2026-05-08T17:57:09.446262700Z,TaxiAlgorithmP2PCollector,2,20000,5,25,1,nearest,1,4,1,BASELINE,6,116264431,Client Travel Time [min],295.0,2100.0,1182.2,29555.0,25,1805.0
2026-05-08T17:57:09.446262700Z,TaxiAlgorithmP2PCollector,2,20000,5,25,1,nearest,1,4,1,BASELINE,6,116264431,Calculation Time [millis],0.0,0.0,0.02,125.0,6427,0.0
2026-05-08T17:57:09.446262700Z,TaxiAlgorithmP2PCollector,2,20000,5,25,1,nearest,1,4,1,BASELINE,6,116264431,Custom Time [micros],0.0,0.0,0.0,0.0,6427,0.0
2026-05-08T17:57:09.607601100Z,TaxiAlgorithmP2PCollector,2,20000,5,25,1,nearest,1,4,1,BASELINE,7,116264432,Taxi Travel Distance [km],89.24,115.45,104.19,520.93,5,26.210000000000008
2026-05-08T17:57:09.607601100Z,TaxiAlgorithmP2PCollector,2,20000,5,25,1,nearest,1,4,1,BASELINE,7,116264432,Client Waiting Time [min],1.45,29.53,10.2,255.1,25,28.080000000000002
2026-05-08T17:57:09.607601100Z,TaxiAlgorithmP2PCollector,2,20000,5,25,1,nearest,1,4,1,BASELINE,7,116264432,Client Travel Time [min],462.0,2083.0,1077.2,26930.0,25,1621.0
2026-05-08T17:57:09.607601100Z,TaxiAlgorithmP2PCollector,2,20000,5,25,1,nearest,1,4,1,BASELINE,7,116264432,Calculation Time [millis],0.0,0.0,0.02,101.0,6033,0.0
2026-05-08T17:57:09.607601100Z,TaxiAlgorithmP2PCollector,2,20000,5,25,1,nearest,1,4,1,BASELINE,7,116264432,Custom Time [micros],0.0,0.0,0.0,0.0,6033,0.0
2026-05-08T17:57:09.807601300Z,TaxiAlgorithmP2PCollector,2,20000,5,25,1,nearest,1,4,1,BASELINE,8,116264433,Taxi Travel Distance [km],92.2,114.26,104.63,523.13,5,22.060000000000002
2026-05-08T17:57:09.807601300Z,TaxiAlgorithmP2PCollector,2,20000,5,25,1,nearest,1,4,1,BASELINE,8,116264433,Client Waiting Time [min],2.27,34.48,11.13,278.33,25,32.209999999999994
2026-05-08T17:57:09.807601300Z,TaxiAlgorithmP2PCollector,2,20000,5,25,1,nearest,1,4,1,BASELINE,8,116264433,Client Travel Time [min],367.0,2536.0,1190.28,29757.0,25,2169.0
2026-05-08T17:57:09.807601300Z,TaxiAlgorithmP2PCollector,2,20000,5,25,1,nearest,1,4,1,BASELINE,8,116264433,Calculation Time [millis],0.0,0.0,0.02,141.0,6064,0.0
2026-05-08T17:57:09.807601300Z,TaxiAlgorithmP2PCollector,2,20000,5,25,1,nearest,1,4,1,BASELINE,8,116264433,Custom Time [micros],0.0,0.0,0.0,0.0,6064,0.0
2026-05-08T17:57:09.980603500Z,TaxiAlgorithmP2PCollector,2,20000,5,25,1,nearest,1,4,1,BASELINE,9,116264434,Taxi Travel Distance [km],65.81,126.11,90.54,452.72,5,60.3
2026-05-08T17:57:09.980603500Z,TaxiAlgorithmP2PCollector,2,20000,5,25,1,nearest,1,4,1,BASELINE,9,116264434,Client Waiting Time [min],0.67,30.32,7.92,197.97,25,29.65
2026-05-08T17:57:09.980603500Z,TaxiAlgorithmP2PCollector,2,20000,5,25,1,nearest,1,4,1,BASELINE,9,116264434,Client Travel Time [min],239.0,2062.0,876.2,21905.0,25,1823.0
2026-05-08T17:57:09.980603500Z,TaxiAlgorithmP2PCollector,2,20000,5,25,1,nearest,1,4,1,BASELINE,9,116264434,Calculation Time [millis],0.0,0.0,0.02,97.0,6168,0.0
2026-05-08T17:57:09.980603500Z,TaxiAlgorithmP2PCollector,2,20000,5,25,1,nearest,1,4,1,BASELINE,9,116264434,Custom Time [micros],0.0,0.0,0.0,0.0,6168,0.0
2026-05-08T17:57:10.119601900Z,TaxiAlgorithmP2PCollector,2,20000,5,25,1,nearest,1,4,1,BASELINE,10,116264435,Taxi Travel Distance [km],57.24,105.23,87.67,438.35,5,47.99
2026-05-08T17:57:10.119601900Z,TaxiAlgorithmP2PCollector,2,20000,5,25,1,nearest,1,4,1,BASELINE,10,116264435,Client Waiting Time [min],0.6,25.25,9.22,230.52,25,24.65
2026-05-08T17:57:10.119601900Z,TaxiAlgorithmP2PCollector,2,20000,5,25,1,nearest,1,4,1,BASELINE,10,116264435,Client Travel Time [min],295.0,2035.0,908.08,22702.0,25,1740.0
2026-05-08T17:57:10.119601900Z,TaxiAlgorithmP2PCollector,2,20000,5,25,1,nearest,1,4,1,BASELINE,10,116264435,Calculation Time [millis],0.0,26.0,0.01,91.0,6436,26.0
2026-05-08T17:57:10.119601900Z,TaxiAlgorithmP2PCollector,2,20000,5,25,1,nearest,1,4,1,BASELINE,10,116264435,Custom Time [micros],0.0,0.0,0.0,0.0,6436,0.0
2026-05-08T17:57:10.242530600Z,TaxiAlgorithmP2PCollector,2,20000,10,25,1,nearest,1,4,1,BASELINE,1,116264426,Taxi Travel Distance [km],3.94,102.87,53.96,539.6,10,98.93
2026-05-08T17:57:10.242530600Z,TaxiAlgorithmP2PCollector,2,20000,10,25,1,nearest,1,4,1,BASELINE,1,116264426,Client Waiting Time [min],0.83,15.68,8.4,210.05,25,14.85
2026-05-08T17:57:10.242530600Z,TaxiAlgorithmP2PCollector,2,20000,10,25,1,nearest,1,4,1,BASELINE,1,116264426,Client Travel Time [min],92.0,1571.0,958.52,23963.0,25,1479.0
2026-05-08T17:57:10.242530600Z,TaxiAlgorithmP2PCollector,2,20000,10,25,1,nearest,1,4,1,BASELINE,1,116264426,Calculation Time [millis],0.0,0.0,0.0,18.0,5946,0.0
2026-05-08T17:57:10.242530600Z,TaxiAlgorithmP2PCollector,2,20000,10,25,1,nearest,1,4,1,BASELINE,1,116264426,Custom Time [micros],0.0,0.0,0.0,0.0,5946,0.0
2026-05-08T17:57:10.335530300Z,TaxiAlgorithmP2PCollector,2,20000,10,25,1,nearest,1,4,1,BASELINE,2,116264427,Taxi Travel Distance [km],32.49,72.9,52.69,526.86,10,40.410000000000004
2026-05-08T17:57:10.335530300Z,TaxiAlgorithmP2PCollector,2,20000,10,25,1,nearest,1,4,1,BASELINE,2,116264427,Client Waiting Time [min],0.8,14.08,6.77,169.13,25,13.28
2026-05-08T17:57:10.335530300Z,TaxiAlgorithmP2PCollector,2,20000,10,25,1,nearest,1,4,1,BASELINE,2,116264427,Client Travel Time [min],296.0,1787.0,928.92,23223.0,25,1491.0
2026-05-08T17:57:10.335530300Z,TaxiAlgorithmP2PCollector,2,20000,10,25,1,nearest,1,4,1,BASELINE,2,116264427,Calculation Time [millis],0.0,0.0,0.0,24.0,5164,0.0
2026-05-08T17:57:10.335530300Z,TaxiAlgorithmP2PCollector,2,20000,10,25,1,nearest,1,4,1,BASELINE,2,116264427,Custom Time [micros],0.0,0.0,0.0,0.0,5164,0.0
2026-05-08T17:57:10.431530700Z,TaxiAlgorithmP2PCollector,2,20000,10,25,1,nearest,1,4,1,BASELINE,3,116264428,Taxi Travel Distance [km],8.43,75.67,49.37,493.73,10,67.24000000000001
2026-05-08T17:57:10.431530700Z,TaxiAlgorithmP2PCollector,2,20000,10,25,1,nearest,1,4,1,BASELINE,3,116264428,Client Waiting Time [min],1.15,14.2,6.27,156.68,25,13.049999999999999
2026-05-08T17:57:10.431530700Z,TaxiAlgorithmP2PCollector,2,20000,10,25,1,nearest,1,4,1,BASELINE,3,116264428,Client Travel Time [min],374.0,1534.0,882.08,22052.0,25,1160.0
2026-05-08T17:57:10.431530700Z,TaxiAlgorithmP2PCollector,2,20000,10,25,1,nearest,1,4,1,BASELINE,3,116264428,Calculation Time [millis],0.0,0.0,0.0,28.0,5649,0.0
2026-05-08T17:57:10.431530700Z,TaxiAlgorithmP2PCollector,2,20000,10,25,1,nearest,1,4,1,BASELINE,3,116264428,Custom Time [micros],0.0,0.0,0.0,0.0,5649,0.0
2026-05-08T17:57:10.493530500Z,TaxiAlgorithmP2PCollector,2,20000,10,25,1,nearest,1,4,1,BASELINE,4,116264429,Taxi Travel Distance [km],7.79,96.54,49.69,496.86,10,88.75
2026-05-08T17:57:10.493530500Z,TaxiAlgorithmP2PCollector,2,20000,10,25,1,nearest,1,4,1,BASELINE,4,116264429,Client Waiting Time [min],0.47,16.25,7.07,176.67,25,15.78
2026-05-08T17:57:10.493530500Z,TaxiAlgorithmP2PCollector,2,20000,10,25,1,nearest,1,4,1,BASELINE,4,116264429,Client Travel Time [min],121.0,1726.0,896.92,22423.0,25,1605.0
2026-05-08T17:57:10.493530500Z,TaxiAlgorithmP2PCollector,2,20000,10,25,1,nearest,1,4,1,BASELINE,4,116264429,Calculation Time [millis],0.0,0.0,0.0,11.0,5636,0.0
2026-05-08T17:57:10.493530500Z,TaxiAlgorithmP2PCollector,2,20000,10,25,1,nearest,1,4,1,BASELINE,4,116264429,Custom Time [micros],0.0,0.0,0.0,0.0,5636,0.0
2026-05-08T17:57:10.600530600Z,TaxiAlgorithmP2PCollector,2,20000,10,25,1,nearest,1,4,1,BASELINE,5,116264430,Taxi Travel Distance [km],27.28,77.49,49.11,491.06,10,50.209999999999994
2026-05-08T17:57:10.600530600Z,TaxiAlgorithmP2PCollector,2,20000,10,25,1,nearest,1,4,1,BASELINE,5,116264430,Client Waiting Time [min],1.58,14.77,6.79,169.67,25,13.19
2026-05-08T17:57:10.600530600Z,TaxiAlgorithmP2PCollector,2,20000,10,25,1,nearest,1,4,1,BASELINE,5,116264430,Client Travel Time [min],291.0,1407.0,871.88,21797.0,25,1116.0
2026-05-08T17:57:10.600530600Z,TaxiAlgorithmP2PCollector,2,20000,10,25,1,nearest,1,4,1,BASELINE,5,116264430,Calculation Time [millis],0.0,0.0,0.01,29.0,5795,0.0
2026-05-08T17:57:10.600530600Z,TaxiAlgorithmP2PCollector,2,20000,10,25,1,nearest,1,4,1,BASELINE,5,116264430,Custom Time [micros],0.0,0.0,0.0,0.0,5795,0.0
2026-05-08T17:57:10.679530700Z,TaxiAlgorithmP2PCollector,2,20000,10,25,1,nearest,1,4,1,BASELINE,6,116264431,Taxi Travel Distance [km],21.67,89.63,51.45,514.5,10,67.96
2026-05-08T17:57:10.679530700Z,TaxiAlgorithmP2PCollector,2,20000,10,25,1,nearest,1,4,1,BASELINE,6,116264431,Client Waiting Time [min],0.52,17.72,7.12,178.03,25,17.2
2026-05-08T17:57:10.679530700Z,TaxiAlgorithmP2PCollector,2,20000,10,25,1,nearest,1,4,1,BASELINE,6,116264431,Client Travel Time [min],125.0,1582.0,932.24,23306.0,25,1457.0
2026-05-08T17:57:10.679530700Z,TaxiAlgorithmP2PCollector,2,20000,10,25,1,nearest,1,4,1,BASELINE,6,116264431,Calculation Time [millis],0.0,0.0,0.0,16.0,5731,0.0
2026-05-08T17:57:10.679530700Z,TaxiAlgorithmP2PCollector,2,20000,10,25,1,nearest,1,4,1,BASELINE,6,116264431,Custom Time [micros],0.0,0.0,0.0,0.0,5731,0.0
2026-05-08T17:57:10.789530400Z,TaxiAlgorithmP2PCollector,2,20000,10,25,1,nearest,1,4,1,BASELINE,7,116264432,Taxi Travel Distance [km],25.74,85.38,54.98,549.84,10,59.64
2026-05-08T17:57:10.789530400Z,TaxiAlgorithmP2PCollector,2,20000,10,25,1,nearest,1,4,1,BASELINE,7,116264432,Client Waiting Time [min],1.53,14.77,7.74,193.5,25,13.24
2026-05-08T17:57:10.789530400Z,TaxiAlgorithmP2PCollector,2,20000,10,25,1,nearest,1,4,1,BASELINE,7,116264432,Client Travel Time [min],462.0,1584.0,929.88,23247.0,25,1122.0
2026-05-08T17:57:10.789530400Z,TaxiAlgorithmP2PCollector,2,20000,10,25,1,nearest,1,4,1,BASELINE,7,116264432,Calculation Time [millis],0.0,0.0,0.0,28.0,6084,0.0
2026-05-08T17:57:10.789530400Z,TaxiAlgorithmP2PCollector,2,20000,10,25,1,nearest,1,4,1,BASELINE,7,116264432,Custom Time [micros],0.0,0.0,0.0,0.0,6084,0.0
2026-05-08T17:57:10.882530600Z,TaxiAlgorithmP2PCollector,2,20000,10,25,1,nearest,1,4,1,BASELINE,8,116264433,Taxi Travel Distance [km],25.69,84.9,52.81,528.12,10,59.21000000000001
2026-05-08T17:57:10.882530600Z,TaxiAlgorithmP2PCollector,2,20000,10,25,1,nearest,1,4,1,BASELINE,8,116264433,Client Waiting Time [min],0.73,13.35,6.74,168.62,25,12.62
2026-05-08T17:57:10.882530600Z,TaxiAlgorithmP2PCollector,2,20000,10,25,1,nearest,1,4,1,BASELINE,8,116264433,Client Travel Time [min],262.0,1556.0,951.08,23777.0,25,1294.0
2026-05-08T17:57:10.882530600Z,TaxiAlgorithmP2PCollector,2,20000,10,25,1,nearest,1,4,1,BASELINE,8,116264433,Calculation Time [millis],0.0,0.0,0.0,21.0,5983,0.0
2026-05-08T17:57:10.882530600Z,TaxiAlgorithmP2PCollector,2,20000,10,25,1,nearest,1,4,1,BASELINE,8,116264433,Custom Time [micros],0.0,0.0,0.0,0.0,5983,0.0
2026-05-08T17:57:10.945532100Z,TaxiAlgorithmP2PCollector,2,20000,10,25,1,nearest,1,4,1,BASELINE,9,116264434,Taxi Travel Distance [km],0.0,92.63,41.08,410.83,10,92.63
2026-05-08T17:57:10.945532100Z,TaxiAlgorithmP2PCollector,2,20000,10,25,1,nearest,1,4,1,BASELINE,9,116264434,Client Waiting Time [min],0.67,16.75,5.84,145.95,25,16.08
2026-05-08T17:57:10.945532100Z,TaxiAlgorithmP2PCollector,2,20000,10,25,1,nearest,1,4,1,BASELINE,9,116264434,Client Travel Time [min],239.0,1438.0,738.2,18455.0,25,1199.0
2026-05-08T17:57:10.945532100Z,TaxiAlgorithmP2PCollector,2,20000,10,25,1,nearest,1,4,1,BASELINE,9,116264434,Calculation Time [millis],0.0,0.0,0.0,15.0,6018,0.0
2026-05-08T17:57:10.945532100Z,TaxiAlgorithmP2PCollector,2,20000,10,25,1,nearest,1,4,1,BASELINE,9,116264434,Custom Time [micros],0.0,0.0,0.0,0.0,6018,0.0
2026-05-08T17:57:11.054531300Z,TaxiAlgorithmP2PCollector,2,20000,10,25,1,nearest,1,4,1,BASELINE,10,116264435,Taxi Travel Distance [km],11.77,88.44,42.13,421.27,10,76.67
2026-05-08T17:57:11.054531300Z,TaxiAlgorithmP2PCollector,2,20000,10,25,1,nearest,1,4,1,BASELINE,10,116264435,Client Waiting Time [min],2.92,13.15,6.81,170.3,25,10.23
2026-05-08T17:57:11.054531300Z,TaxiAlgorithmP2PCollector,2,20000,10,25,1,nearest,1,4,1,BASELINE,10,116264435,Client Travel Time [min],472.0,1427.0,755.76,18894.0,25,955.0
2026-05-08T17:57:11.054531300Z,TaxiAlgorithmP2PCollector,2,20000,10,25,1,nearest,1,4,1,BASELINE,10,116264435,Calculation Time [millis],0.0,0.0,0.0,27.0,5711,0.0
2026-05-08T17:57:11.054531300Z,TaxiAlgorithmP2PCollector,2,20000,10,25,1,nearest,1,4,1,BASELINE,10,116264435,Custom Time [micros],0.0,0.0,0.0,0.0,5711,0.0
2026-05-08T17:57:11.770708600Z,TaxiAlgorithmP2PCollector,2,20000,10,50,1,nearest,1,4,1,BASELINE,1,116264426,Taxi Travel Distance [km],143.52,181.33,157.76,1577.61,10,37.81
2026-05-08T17:57:11.770708600Z,TaxiAlgorithmP2PCollector,2,20000,10,50,1,nearest,1,4,1,BASELINE,1,116264426,Client Waiting Time [min],2.08,88.55,21.45,1072.35,50,86.47
2026-05-08T17:57:11.770708600Z,TaxiAlgorithmP2PCollector,2,20000,10,50,1,nearest,1,4,1,BASELINE,1,116264426,Client Travel Time [min],571.0,5932.0,2113.36,105668.0,50,5361.0
2026-05-08T17:57:11.770708600Z,TaxiAlgorithmP2PCollector,2,20000,10,50,1,nearest,1,4,1,BASELINE,1,116264426,Calculation Time [millis],0.0,0.0,0.08,652.0,8456,0.0
2026-05-08T17:57:11.770708600Z,TaxiAlgorithmP2PCollector,2,20000,10,50,1,nearest,1,4,1,BASELINE,1,116264426,Custom Time [micros],0.0,0.0,0.0,0.0,8456,0.0
2026-05-08T17:57:12.702239900Z,TaxiAlgorithmP2PCollector,2,20000,10,50,1,nearest,1,4,1,BASELINE,2,116264427,Taxi Travel Distance [km],136.17,182.9,159.1,1591.01,10,46.73000000000002
2026-05-08T17:57:12.702239900Z,TaxiAlgorithmP2PCollector,2,20000,10,50,1,nearest,1,4,1,BASELINE,2,116264427,Client Waiting Time [min],1.52,123.37,28.56,1399.67,49,121.85000000000001
2026-05-08T17:57:12.702239900Z,TaxiAlgorithmP2PCollector,2,20000,10,50,1,nearest,1,4,1,BASELINE,2,116264427,Client Travel Time [min],303.0,8894.0,2496.46,124823.0,50,8591.0
2026-05-08T17:57:12.702239900Z,TaxiAlgorithmP2PCollector,2,20000,10,50,1,nearest,1,4,1,BASELINE,2,116264427,Calculation Time [millis],0.0,40.0,0.08,797.0,9666,40.0
2026-05-08T17:57:12.702239900Z,TaxiAlgorithmP2PCollector,2,20000,10,50,1,nearest,1,4,1,BASELINE,2,116264427,Custom Time [micros],0.0,0.0,0.0,0.0,9666,0.0
2026-05-08T17:57:13.460089400Z,TaxiAlgorithmP2PCollector,2,20000,10,50,1,nearest,1,4,1,BASELINE,3,116264428,Taxi Travel Distance [km],119.8,182.4,156.44,1564.41,10,62.60000000000001
2026-05-08T17:57:13.460089400Z,TaxiAlgorithmP2PCollector,2,20000,10,50,1,nearest,1,4,1,BASELINE,3,116264428,Client Waiting Time [min],1.23,98.93,27.39,1369.43,50,97.7
2026-05-08T17:57:13.460089400Z,TaxiAlgorithmP2PCollector,2,20000,10,50,1,nearest,1,4,1,BASELINE,3,116264428,Client Travel Time [min],580.0,7053.0,2433.68,121684.0,50,6473.0
2026-05-08T17:57:13.460089400Z,TaxiAlgorithmP2PCollector,2,20000,10,50,1,nearest,1,4,1,BASELINE,3,116264428,Calculation Time [millis],0.0,0.0,0.08,680.0,8766,0.0
2026-05-08T17:57:13.460089400Z,TaxiAlgorithmP2PCollector,2,20000,10,50,1,nearest,1,4,1,BASELINE,3,116264428,Custom Time [micros],0.0,0.0,0.0,0.0,8766,0.0
2026-05-08T17:57:14.235137600Z,TaxiAlgorithmP2PCollector,2,20000,10,50,1,nearest,1,4,1,BASELINE,4,116264429,Taxi Travel Distance [km],142.73,197.9,161.93,1619.34,10,55.170000000000016
2026-05-08T17:57:14.235137600Z,TaxiAlgorithmP2PCollector,2,20000,10,50,1,nearest,1,4,1,BASELINE,4,116264429,Client Waiting Time [min],2.03,84.07,23.99,1199.37,50,82.03999999999999
2026-05-08T17:57:14.235137600Z,TaxiAlgorithmP2PCollector,2,20000,10,50,1,nearest,1,4,1,BASELINE,4,116264429,Client Travel Time [min],447.0,5376.0,2271.2,113560.0,50,4929.0
2026-05-08T17:57:14.235137600Z,TaxiAlgorithmP2PCollector,2,20000,10,50,1,nearest,1,4,1,BASELINE,4,116264429,Calculation Time [millis],0.0,0.0,0.07,656.0,9657,0.0
2026-05-08T17:57:14.235137600Z,TaxiAlgorithmP2PCollector,2,20000,10,50,1,nearest,1,4,1,BASELINE,4,116264429,Custom Time [micros],0.0,0.0,0.0,0.0,9657,0.0
2026-05-08T17:57:15.199785700Z,TaxiAlgorithmP2PCollector,2,20000,10,50,1,nearest,1,4,1,BASELINE,5,116264430,Taxi Travel Distance [km],154.14,206.89,174.33,1743.25,10,52.75
2026-05-08T17:57:15.199785700Z,TaxiAlgorithmP2PCollector,2,20000,10,50,1,nearest,1,4,1,BASELINE,5,116264430,Client Waiting Time [min],1.45,99.58,33.16,1658.03,50,98.13
2026-05-08T17:57:15.199785700Z,TaxiAlgorithmP2PCollector,2,20000,10,50,1,nearest,1,4,1,BASELINE,5,116264430,Client Travel Time [min],633.0,7114.0,2878.42,143921.0,50,6481.0
2026-05-08T17:57:15.199785700Z,TaxiAlgorithmP2PCollector,2,20000,10,50,1,nearest,1,4,1,BASELINE,5,116264430,Calculation Time [millis],0.0,29.0,0.09,826.0,9577,29.0
2026-05-08T17:57:15.199785700Z,TaxiAlgorithmP2PCollector,2,20000,10,50,1,nearest,1,4,1,BASELINE,5,116264430,Custom Time [micros],0.0,0.0,0.0,0.0,9577,0.0
2026-05-08T17:57:15.931407800Z,TaxiAlgorithmP2PCollector,2,20000,10,50,1,nearest,1,4,1,BASELINE,6,116264431,Taxi Travel Distance [km],140.84,186.1,163.61,1636.14,10,45.25999999999999
2026-05-08T17:57:15.931407800Z,TaxiAlgorithmP2PCollector,2,20000,10,50,1,nearest,1,4,1,BASELINE,6,116264431,Client Waiting Time [min],4.35,79.23,27.24,1362.13,50,74.88000000000001
2026-05-08T17:57:15.931407800Z,TaxiAlgorithmP2PCollector,2,20000,10,50,1,nearest,1,4,1,BASELINE,6,116264431,Client Travel Time [min],751.0,5784.0,2607.94,130397.0,50,5033.0
2026-05-08T17:57:15.931407800Z,TaxiAlgorithmP2PCollector,2,20000,10,50,1,nearest,1,4,1,BASELINE,6,116264431,Calculation Time [millis],0.0,0.0,0.07,626.0,8744,0.0
2026-05-08T17:57:15.931407800Z,TaxiAlgorithmP2PCollector,2,20000,10,50,1,nearest,1,4,1,BASELINE,6,116264431,Custom Time [micros],0.0,0.0,0.0,0.0,8744,0.0
2026-05-08T17:57:16.923252700Z,TaxiAlgorithmP2PCollector,2,20000,10,50,1,nearest,1,4,1,BASELINE,7,116264432,Taxi Travel Distance [km],153.49,190.08,169.38,1693.79,10,36.59
2026-05-08T17:57:16.923252700Z,TaxiAlgorithmP2PCollector,2,20000,10,50,1,nearest,1,4,1,BASELINE,7,116264432,Client Waiting Time [min],4.27,92.97,28.32,1415.95,50,88.7
2026-05-08T17:57:16.923252700Z,TaxiAlgorithmP2PCollector,2,20000,10,50,1,nearest,1,4,1,BASELINE,7,116264432,Client Travel Time [min],740.0,6157.0,2536.18,126809.0,50,5417.0
2026-05-08T17:57:16.923252700Z,TaxiAlgorithmP2PCollector,2,20000,10,50,1,nearest,1,4,1,BASELINE,7,116264432,Calculation Time [millis],0.0,34.0,0.09,858.0,9048,34.0
2026-05-08T17:57:16.923252700Z,TaxiAlgorithmP2PCollector,2,20000,10,50,1,nearest,1,4,1,BASELINE,7,116264432,Custom Time [micros],0.0,0.0,0.0,0.0,9048,0.0
2026-05-08T17:57:17.808255200Z,TaxiAlgorithmP2PCollector,2,20000,10,50,1,nearest,1,4,1,BASELINE,8,116264433,Taxi Travel Distance [km],142.85,186.48,162.11,1621.1,10,43.629999999999995
2026-05-08T17:57:17.808255200Z,TaxiAlgorithmP2PCollector,2,20000,10,50,1,nearest,1,4,1,BASELINE,8,116264433,Client Waiting Time [min],3.52,108.97,33.4,1669.75,50,105.45
2026-05-08T17:57:17.808255200Z,TaxiAlgorithmP2PCollector,2,20000,10,50,1,nearest,1,4,1,BASELINE,8,116264433,Client Travel Time [min],665.0,7832.0,2850.2,142510.0,50,7167.0
2026-05-08T17:57:17.808255200Z,TaxiAlgorithmP2PCollector,2,20000,10,50,1,nearest,1,4,1,BASELINE,8,116264433,Calculation Time [millis],0.0,1.0,0.08,775.0,9291,1.0
2026-05-08T17:57:17.808255200Z,TaxiAlgorithmP2PCollector,2,20000,10,50,1,nearest,1,4,1,BASELINE,8,116264433,Custom Time [micros],0.0,0.0,0.0,0.0,9291,0.0
2026-05-08T17:57:18.908254900Z,TaxiAlgorithmP2PCollector,2,20000,10,50,1,nearest,1,4,1,BASELINE,9,116264434,Taxi Travel Distance [km],140.53,213.25,166.88,1668.77,10,72.72
2026-05-08T17:57:18.908254900Z,TaxiAlgorithmP2PCollector,2,20000,10,50,1,nearest,1,4,1,BASELINE,9,116264434,Client Waiting Time [min],2.62,104.25,28.8,1439.92,50,101.63
2026-05-08T17:57:18.908254900Z,TaxiAlgorithmP2PCollector,2,20000,10,50,1,nearest,1,4,1,BASELINE,9,116264434,Client Travel Time [min],406.0,7030.0,2589.76,129488.0,50,6624.0
2026-05-08T17:57:18.908254900Z,TaxiAlgorithmP2PCollector,2,20000,10,50,1,nearest,1,4,1,BASELINE,9,116264434,Calculation Time [millis],0.0,36.0,0.09,937.0,9925,36.0
2026-05-08T17:57:18.908254900Z,TaxiAlgorithmP2PCollector,2,20000,10,50,1,nearest,1,4,1,BASELINE,9,116264434,Custom Time [micros],0.0,0.0,0.0,0.0,9925,0.0
2026-05-08T17:57:19.987775900Z,TaxiAlgorithmP2PCollector,2,20000,10,50,1,nearest,1,4,1,BASELINE,10,116264435,Taxi Travel Distance [km],156.72,214.05,177.16,1771.57,10,57.33000000000001
2026-05-08T17:57:19.987775900Z,TaxiAlgorithmP2PCollector,2,20000,10,50,1,nearest,1,4,1,BASELINE,10,116264435,Client Waiting Time [min],6.0,100.35,31.61,1580.68,50,94.35
2026-05-08T17:57:19.987775900Z,TaxiAlgorithmP2PCollector,2,20000,10,50,1,nearest,1,4,1,BASELINE,10,116264435,Client Travel Time [min],629.0,6870.0,2785.58,139279.0,50,6241.0
2026-05-08T17:57:19.987775900Z,TaxiAlgorithmP2PCollector,2,20000,10,50,1,nearest,1,4,1,BASELINE,10,116264435,Calculation Time [millis],0.0,1.0,0.09,942.0,10183,1.0
2026-05-08T17:57:19.987775900Z,TaxiAlgorithmP2PCollector,2,20000,10,50,1,nearest,1,4,1,BASELINE,10,116264435,Custom Time [micros],0.0,0.0,0.0,0.0,10183,0.0
2026-05-08T17:57:20.729775900Z,TaxiAlgorithmP2PCollector,2,20000,20,50,1,nearest,1,4,1,BASELINE,1,116264426,Taxi Travel Distance [km],67.19,120.95,94.22,1884.46,20,53.760000000000005
2026-05-08T17:57:20.729775900Z,TaxiAlgorithmP2PCollector,2,20000,20,50,1,nearest,1,4,1,BASELINE,1,116264426,Client Waiting Time [min],1.15,29.45,11.12,555.9,50,28.3
2026-05-08T17:57:20.729775900Z,TaxiAlgorithmP2PCollector,2,20000,20,50,1,nearest,1,4,1,BASELINE,1,116264426,Client Travel Time [min],482.0,2659.0,1527.76,76388.0,50,2177.0
2026-05-08T17:57:20.729775900Z,TaxiAlgorithmP2PCollector,2,20000,20,50,1,nearest,1,4,1,BASELINE,1,116264426,Calculation Time [millis],0.0,32.0,0.09,588.0,6884,32.0
2026-05-08T17:57:20.729775900Z,TaxiAlgorithmP2PCollector,2,20000,20,50,1,nearest,1,4,1,BASELINE,1,116264426,Custom Time [micros],0.0,0.0,0.0,0.0,6884,0.0
2026-05-08T17:57:21.507818500Z,TaxiAlgorithmP2PCollector,2,20000,20,50,1,nearest,1,4,1,BASELINE,2,116264427,Taxi Travel Distance [km],64.46,147.75,96.03,1920.6,20,83.29
2026-05-08T17:57:21.507818500Z,TaxiAlgorithmP2PCollector,2,20000,20,50,1,nearest,1,4,1,BASELINE,2,116264427,Client Waiting Time [min],0.52,30.5,12.46,623.15,50,29.98
2026-05-08T17:57:21.507818500Z,TaxiAlgorithmP2PCollector,2,20000,20,50,1,nearest,1,4,1,BASELINE,2,116264427,Client Travel Time [min],226.0,3979.0,1629.62,81481.0,50,3753.0
2026-05-08T17:57:21.507818500Z,TaxiAlgorithmP2PCollector,2,20000,20,50,1,nearest,1,4,1,BASELINE,2,116264427,Calculation Time [millis],0.0,1.0,0.08,652.0,7845,1.0
2026-05-08T17:57:21.507818500Z,TaxiAlgorithmP2PCollector,2,20000,20,50,1,nearest,1,4,1,BASELINE,2,116264427,Custom Time [micros],0.0,0.0,0.0,0.0,7845,0.0
2026-05-08T17:57:22.361387200Z,TaxiAlgorithmP2PCollector,2,20000,20,50,1,nearest,1,4,1,BASELINE,3,116264428,Taxi Travel Distance [km],76.3,123.86,96.1,1922.0,20,47.56
2026-05-08T17:57:22.361387200Z,TaxiAlgorithmP2PCollector,2,20000,20,50,1,nearest,1,4,1,BASELINE,3,116264428,Client Waiting Time [min],1.4,23.47,11.3,564.77,50,22.07
2026-05-08T17:57:22.361387200Z,TaxiAlgorithmP2PCollector,2,20000,20,50,1,nearest,1,4,1,BASELINE,3,116264428,Client Travel Time [min],580.0,2742.0,1570.7,78535.0,50,2162.0
2026-05-08T17:57:22.361387200Z,TaxiAlgorithmP2PCollector,2,20000,20,50,1,nearest,1,4,1,BASELINE,3,116264428,Calculation Time [millis],0.0,1.0,0.1,718.0,7268,1.0
2026-05-08T17:57:22.361387200Z,TaxiAlgorithmP2PCollector,2,20000,20,50,1,nearest,1,4,1,BASELINE,3,116264428,Custom Time [micros],0.0,0.0,0.0,0.0,7268,0.0
2026-05-08T17:57:22.968389600Z,TaxiAlgorithmP2PCollector,2,20000,20,50,1,nearest,1,4,1,BASELINE,4,116264429,Taxi Travel Distance [km],65.98,131.64,99.37,1987.42,20,65.65999999999998
2026-05-08T17:57:22.968389600Z,TaxiAlgorithmP2PCollector,2,20000,20,50,1,nearest,1,4,1,BASELINE,4,116264429,Client Waiting Time [min],2.22,26.43,13.26,663.05,50,24.21
2026-05-08T17:57:22.968389600Z,TaxiAlgorithmP2PCollector,2,20000,20,50,1,nearest,1,4,1,BASELINE,4,116264429,Client Travel Time [min],407.0,2941.0,1648.52,82426.0,50,2534.0
2026-05-08T17:57:22.968389600Z,TaxiAlgorithmP2PCollector,2,20000,20,50,1,nearest,1,4,1,BASELINE,4,116264429,Calculation Time [millis],0.0,31.0,0.06,432.0,7366,31.0
2026-05-08T17:57:22.968389600Z,TaxiAlgorithmP2PCollector,2,20000,20,50,1,nearest,1,4,1,BASELINE,4,116264429,Custom Time [micros],0.0,0.0,0.0,0.0,7366,0.0
2026-05-08T17:57:24.137388Z,TaxiAlgorithmP2PCollector,2,20000,20,50,1,nearest,1,4,1,BASELINE,5,116264430,Taxi Travel Distance [km],65.7,138.56,102.21,2044.19,20,72.86
2026-05-08T17:57:24.137388Z,TaxiAlgorithmP2PCollector,2,20000,20,50,1,nearest,1,4,1,BASELINE,5,116264430,Client Waiting Time [min],1.52,25.77,13.48,673.87,50,24.25
2026-05-08T17:57:24.137388Z,TaxiAlgorithmP2PCollector,2,20000,20,50,1,nearest,1,4,1,BASELINE,5,116264430,Client Travel Time [min],514.0,2878.0,1806.94,90347.0,50,2364.0
2026-05-08T17:57:24.137388Z,TaxiAlgorithmP2PCollector,2,20000,20,50,1,nearest,1,4,1,BASELINE,5,116264430,Calculation Time [millis],0.0,1.0,0.15,1047.0,7158,1.0
2026-05-08T17:57:24.137388Z,TaxiAlgorithmP2PCollector,2,20000,20,50,1,nearest,1,4,1,BASELINE,5,116264430,Custom Time [micros],0.0,0.0,0.0,0.0,7158,0.0
2026-05-08T17:57:25.525628600Z,TaxiAlgorithmP2PCollector,2,20000,20,50,1,nearest,1,4,1,BASELINE,6,116264431,Taxi Travel Distance [km],81.24,131.59,104.24,2084.71,20,50.35000000000001
2026-05-08T17:57:25.525628600Z,TaxiAlgorithmP2PCollector,2,20000,20,50,1,nearest,1,4,1,BASELINE,6,116264431,Client Waiting Time [min],1.78,39.67,14.61,730.57,50,37.89
2026-05-08T17:57:25.525628600Z,TaxiAlgorithmP2PCollector,2,20000,20,50,1,nearest,1,4,1,BASELINE,6,116264431,Client Travel Time [min],835.0,3314.0,1895.94,94797.0,50,2479.0
2026-05-08T17:57:25.525628600Z,TaxiAlgorithmP2PCollector,2,20000,20,50,1,nearest,1,4,1,BASELINE,6,116264431,Calculation Time [millis],0.0,36.0,0.16,1178.0,7499,36.0
2026-05-08T17:57:25.525628600Z,TaxiAlgorithmP2PCollector,2,20000,20,50,1,nearest,1,4,1,BASELINE,6,116264431,Custom Time [micros],0.0,0.0,0.0,0.0,7499,0.0
2026-05-08T17:57:25.852628200Z,TaxiAlgorithmP2PCollector,2,20000,20,50,1,nearest,1,4,1,BASELINE,7,116264432,Taxi Travel Distance [km],57.68,146.64,90.55,1810.97,20,88.95999999999998
2026-05-08T17:57:25.852628200Z,TaxiAlgorithmP2PCollector,2,20000,20,50,1,nearest,1,4,1,BASELINE,7,116264432,Client Waiting Time [min],0.52,20.62,11.07,553.67,50,20.1
2026-05-08T17:57:25.852628200Z,TaxiAlgorithmP2PCollector,2,20000,20,50,1,nearest,1,4,1,BASELINE,7,116264432,Client Travel Time [min],160.0,2859.0,1509.66,75483.0,50,2699.0
2026-05-08T17:57:25.852628200Z,TaxiAlgorithmP2PCollector,2,20000,20,50,1,nearest,1,4,1,BASELINE,7,116264432,Calculation Time [millis],0.0,0.0,0.02,178.0,7716,0.0
2026-05-08T17:57:25.852628200Z,TaxiAlgorithmP2PCollector,2,20000,20,50,1,nearest,1,4,1,BASELINE,7,116264432,Custom Time [micros],0.0,0.0,0.0,0.0,7716,0.0
2026-05-08T17:57:26.861691100Z,TaxiAlgorithmP2PCollector,2,20000,20,50,1,nearest,1,4,1,BASELINE,8,116264433,Taxi Travel Distance [km],69.17,141.96,104.6,2091.9,20,72.79
2026-05-08T17:57:26.861691100Z,TaxiAlgorithmP2PCollector,2,20000,20,50,1,nearest,1,4,1,BASELINE,8,116264433,Client Waiting Time [min],0.22,26.9,13.73,686.67,50,26.68
2026-05-08T17:57:26.861691100Z,TaxiAlgorithmP2PCollector,2,20000,20,50,1,nearest,1,4,1,BASELINE,8,116264433,Client Travel Time [min],391.0,3184.0,1743.46,87173.0,50,2793.0
2026-05-08T17:57:26.861691100Z,TaxiAlgorithmP2PCollector,2,20000,20,50,1,nearest,1,4,1,BASELINE,8,116264433,Calculation Time [millis],0.0,46.0,0.12,899.0,7720,46.0
2026-05-08T17:57:26.861691100Z,TaxiAlgorithmP2PCollector,2,20000,20,50,1,nearest,1,4,1,BASELINE,8,116264433,Custom Time [micros],0.0,0.0,0.0,0.0,7720,0.0
2026-05-08T17:57:27.782209900Z,TaxiAlgorithmP2PCollector,2,20000,20,50,1,nearest,1,4,1,BASELINE,9,116264434,Taxi Travel Distance [km],68.85,131.63,95.69,1913.77,20,62.78
2026-05-08T17:57:27.782209900Z,TaxiAlgorithmP2PCollector,2,20000,20,50,1,nearest,1,4,1,BASELINE,9,116264434,Client Waiting Time [min],0.9,32.87,12.74,637.12,50,31.97
2026-05-08T17:57:27.782209900Z,TaxiAlgorithmP2PCollector,2,20000,20,50,1,nearest,1,4,1,BASELINE,9,116264434,Client Travel Time [min],270.0,3880.0,1637.9,81895.0,50,3610.0
2026-05-08T17:57:27.782209900Z,TaxiAlgorithmP2PCollector,2,20000,20,50,1,nearest,1,4,1,BASELINE,9,116264434,Calculation Time [millis],0.0,1.0,0.11,836.0,7290,1.0
2026-05-08T17:57:27.782209900Z,TaxiAlgorithmP2PCollector,2,20000,20,50,1,nearest,1,4,1,BASELINE,9,116264434,Custom Time [micros],0.0,0.0,0.0,0.0,7290,0.0
2026-05-08T17:57:28.372181500Z,TaxiAlgorithmP2PCollector,2,20000,20,50,1,nearest,1,4,1,BASELINE,10,116264435,Taxi Travel Distance [km],56.67,141.62,99.19,1983.78,20,84.95
2026-05-08T17:57:28.372181500Z,TaxiAlgorithmP2PCollector,2,20000,20,50,1,nearest,1,4,1,BASELINE,10,116264435,Client Waiting Time [min],1.42,30.37,12.68,634.22,50,28.950000000000003
2026-05-08T17:57:28.372181500Z,TaxiAlgorithmP2PCollector,2,20000,20,50,1,nearest,1,4,1,BASELINE,10,116264435,Client Travel Time [min],301.0,3183.0,1731.56,86578.0,50,2882.0
2026-05-08T17:57:28.372181500Z,TaxiAlgorithmP2PCollector,2,20000,20,50,1,nearest,1,4,1,BASELINE,10,116264435,Calculation Time [millis],0.0,0.0,0.06,425.0,7271,0.0
2026-05-08T17:57:28.372181500Z,TaxiAlgorithmP2PCollector,2,20000,20,50,1,nearest,1,4,1,BASELINE,10,116264435,Custom Time [micros],0.0,0.0,0.0,0.0,7271,0.0
2026-05-08T17:57:33.049873100Z,TaxiAlgorithmP2PCollector,2,20000,20,100,1,nearest,1,4,1,BASELINE,1,116264426,Taxi Travel Distance [km],223.85,328.5,270.46,5409.15,20,104.65
2026-05-08T17:57:33.049873100Z,TaxiAlgorithmP2PCollector,2,20000,20,100,1,nearest,1,4,1,BASELINE,1,116264426,Client Waiting Time [min],1.07,182.97,51.39,5087.58,99,181.9
2026-05-08T17:57:33.049873100Z,TaxiAlgorithmP2PCollector,2,20000,20,100,1,nearest,1,4,1,BASELINE,1,116264426,Client Travel Time [min],758.0,13720.0,4770.13,477013.0,100,12962.0
2026-05-08T17:57:33.049873100Z,TaxiAlgorithmP2PCollector,2,20000,20,100,1,nearest,1,4,1,BASELINE,1,116264426,Calculation Time [millis],0.0,110.0,0.3,4528.0,15247,110.0
2026-05-08T17:57:33.049873100Z,TaxiAlgorithmP2PCollector,2,20000,20,100,1,nearest,1,4,1,BASELINE,1,116264426,Custom Time [micros],0.0,0.0,0.0,0.0,15247,0.0
2026-05-08T17:57:38.721293300Z,TaxiAlgorithmP2PCollector,2,20000,20,100,1,nearest,1,4,1,BASELINE,2,116264427,Taxi Travel Distance [km],240.3,372.5,308.9,6178.01,20,132.2
2026-05-08T17:57:38.721293300Z,TaxiAlgorithmP2PCollector,2,20000,20,100,1,nearest,1,4,1,BASELINE,2,116264427,Client Waiting Time [min],1.78,233.53,69.89,6919.13,99,231.75
2026-05-08T17:57:38.721293300Z,TaxiAlgorithmP2PCollector,2,20000,20,100,1,nearest,1,4,1,BASELINE,2,116264427,Client Travel Time [min],978.0,15946.0,5934.88,593488.0,100,14968.0
2026-05-08T17:57:38.721293300Z,TaxiAlgorithmP2PCollector,2,20000,20,100,1,nearest,1,4,1,BASELINE,2,116264427,Calculation Time [millis],0.0,133.0,0.31,5448.0,17305,133.0
2026-05-08T17:57:38.721293300Z,TaxiAlgorithmP2PCollector,2,20000,20,100,1,nearest,1,4,1,BASELINE,2,116264427,Custom Time [micros],0.0,0.0,0.0,0.0,17305,0.0
2026-05-08T17:57:43.821959500Z,TaxiAlgorithmP2PCollector,2,20000,20,100,1,nearest,1,4,1,BASELINE,3,116264428,Taxi Travel Distance [km],273.85,333.87,289.09,5781.77,20,60.01999999999998
2026-05-08T17:57:43.821959500Z,TaxiAlgorithmP2PCollector,2,20000,20,100,1,nearest,1,4,1,BASELINE,3,116264428,Client Waiting Time [min],0.93,208.27,62.89,6288.97,100,207.34
2026-05-08T17:57:43.821959500Z,TaxiAlgorithmP2PCollector,2,20000,20,100,1,nearest,1,4,1,BASELINE,3,116264428,Client Travel Time [min],936.0,13231.0,5453.04,545304.0,100,12295.0
2026-05-08T17:57:43.821959500Z,TaxiAlgorithmP2PCollector,2,20000,20,100,1,nearest,1,4,1,BASELINE,3,116264428,Calculation Time [millis],0.0,86.0,0.31,4918.0,15651,86.0
2026-05-08T17:57:43.821959500Z,TaxiAlgorithmP2PCollector,2,20000,20,100,1,nearest,1,4,1,BASELINE,3,116264428,Custom Time [micros],0.0,0.0,0.0,0.0,15651,0.0
2026-05-08T17:57:49.434924200Z,TaxiAlgorithmP2PCollector,2,20000,20,100,1,nearest,1,4,1,BASELINE,4,116264429,Taxi Travel Distance [km],194.7,338.49,286.22,5724.42,20,143.79000000000002
2026-05-08T17:57:49.434924200Z,TaxiAlgorithmP2PCollector,2,20000,20,100,1,nearest,1,4,1,BASELINE,4,116264429,Client Waiting Time [min],2.6,207.47,61.16,5932.42,97,204.87
2026-05-08T17:57:49.434924200Z,TaxiAlgorithmP2PCollector,2,20000,20,100,1,nearest,1,4,1,BASELINE,4,116264429,Client Travel Time [min],1266.0,13946.0,5474.31,547431.0,100,12680.0
2026-05-08T17:57:49.434924200Z,TaxiAlgorithmP2PCollector,2,20000,20,100,1,nearest,1,4,1,BASELINE,4,116264429,Calculation Time [millis],0.0,104.0,0.34,5247.0,15510,104.0
2026-05-08T17:57:49.434924200Z,TaxiAlgorithmP2PCollector,2,20000,20,100,1,nearest,1,4,1,BASELINE,4,116264429,Custom Time [micros],0.0,0.0,0.0,0.0,15510,0.0
2026-05-08T17:57:54.334541500Z,TaxiAlgorithmP2PCollector,2,20000,20,100,1,nearest,1,4,1,BASELINE,5,116264430,Taxi Travel Distance [km],235.58,323.04,274.95,5498.97,20,87.46000000000001
2026-05-08T17:57:54.334541500Z,TaxiAlgorithmP2PCollector,2,20000,20,100,1,nearest,1,4,1,BASELINE,5,116264430,Client Waiting Time [min],1.9,184.77,57.8,5780.28,100,182.87
2026-05-08T17:57:54.334541500Z,TaxiAlgorithmP2PCollector,2,20000,20,100,1,nearest,1,4,1,BASELINE,5,116264430,Client Travel Time [min],1048.0,12709.0,5274.17,527417.0,100,11661.0
2026-05-08T17:57:54.334541500Z,TaxiAlgorithmP2PCollector,2,20000,20,100,1,nearest,1,4,1,BASELINE,5,116264430,Calculation Time [millis],0.0,77.0,0.3,4611.0,15187,77.0
2026-05-08T17:57:54.334541500Z,TaxiAlgorithmP2PCollector,2,20000,20,100,1,nearest,1,4,1,BASELINE,5,116264430,Custom Time [micros],0.0,0.0,0.0,0.0,15187,0.0
2026-05-08T17:57:59.597614600Z,TaxiAlgorithmP2PCollector,2,20000,20,100,1,nearest,1,4,1,BASELINE,6,116264431,Taxi Travel Distance [km],283.34,340.4,299.3,5985.92,20,57.06
2026-05-08T17:57:59.597614600Z,TaxiAlgorithmP2PCollector,2,20000,20,100,1,nearest,1,4,1,BASELINE,6,116264431,Client Waiting Time [min],3.5,216.22,63.75,6311.05,99,212.72
2026-05-08T17:57:59.597614600Z,TaxiAlgorithmP2PCollector,2,20000,20,100,1,nearest,1,4,1,BASELINE,6,116264431,Client Travel Time [min],907.0,13390.0,5528.0,552800.0,100,12483.0
2026-05-08T17:57:59.597614600Z,TaxiAlgorithmP2PCollector,2,20000,20,100,1,nearest,1,4,1,BASELINE,6,116264431,Calculation Time [millis],0.0,99.0,0.32,4944.0,15690,99.0
2026-05-08T17:57:59.597614600Z,TaxiAlgorithmP2PCollector,2,20000,20,100,1,nearest,1,4,1,BASELINE,6,116264431,Custom Time [micros],0.0,0.0,0.0,0.0,15690,0.0
2026-05-08T17:58:04.651442200Z,TaxiAlgorithmP2PCollector,2,20000,20,100,1,nearest,1,4,1,BASELINE,7,116264432,Taxi Travel Distance [km],247.41,350.92,290.86,5817.25,20,103.51000000000002
2026-05-08T17:58:04.651442200Z,TaxiAlgorithmP2PCollector,2,20000,20,100,1,nearest,1,4,1,BASELINE,7,116264432,Client Waiting Time [min],0.68,203.12,62.58,6132.88,98,202.44
2026-05-08T17:58:04.651442200Z,TaxiAlgorithmP2PCollector,2,20000,20,100,1,nearest,1,4,1,BASELINE,7,116264432,Client Travel Time [min],617.0,15373.0,5461.2,546120.0,100,14756.0
2026-05-08T17:58:04.651442200Z,TaxiAlgorithmP2PCollector,2,20000,20,100,1,nearest,1,4,1,BASELINE,7,116264432,Calculation Time [millis],0.0,114.0,0.3,4772.0,15930,114.0
2026-05-08T17:58:04.651442200Z,TaxiAlgorithmP2PCollector,2,20000,20,100,1,nearest,1,4,1,BASELINE,7,116264432,Custom Time [micros],0.0,0.0,0.0,0.0,15930,0.0
2026-05-08T17:58:10.254327300Z,TaxiAlgorithmP2PCollector,2,20000,20,100,1,nearest,1,4,1,BASELINE,8,116264433,Taxi Travel Distance [km],258.48,379.39,311.62,6232.32,20,120.90999999999997
2026-05-08T17:58:10.254327300Z,TaxiAlgorithmP2PCollector,2,20000,20,100,1,nearest,1,4,1,BASELINE,8,116264433,Client Waiting Time [min],1.23,219.28,66.95,6494.03,97,218.05
2026-05-08T17:58:10.254327300Z,TaxiAlgorithmP2PCollector,2,20000,20,100,1,nearest,1,4,1,BASELINE,8,116264433,Client Travel Time [min],1569.0,15555.0,5851.13,585113.0,100,13986.0
2026-05-08T17:58:10.254327300Z,TaxiAlgorithmP2PCollector,2,20000,20,100,1,nearest,1,4,1,BASELINE,8,116264433,Calculation Time [millis],0.0,128.0,0.3,5388.0,18012,128.0
2026-05-08T17:58:10.254327300Z,TaxiAlgorithmP2PCollector,2,20000,20,100,1,nearest,1,4,1,BASELINE,8,116264433,Custom Time [micros],0.0,0.0,0.0,0.0,18012,0.0
2026-05-08T17:58:15.778556Z,TaxiAlgorithmP2PCollector,2,20000,20,100,1,nearest,1,4,1,BASELINE,9,116264434,Taxi Travel Distance [km],224.1,383.85,294.91,5898.29,20,159.75000000000003
2026-05-08T17:58:15.778556Z,TaxiAlgorithmP2PCollector,2,20000,20,100,1,nearest,1,4,1,BASELINE,9,116264434,Client Waiting Time [min],0.65,189.02,56.55,5598.82,99,188.37
2026-05-08T17:58:15.778556Z,TaxiAlgorithmP2PCollector,2,20000,20,100,1,nearest,1,4,1,BASELINE,9,116264434,Client Travel Time [min],394.0,13173.0,5026.44,502644.0,100,12779.0
2026-05-08T17:58:15.778556Z,TaxiAlgorithmP2PCollector,2,20000,20,100,1,nearest,1,4,1,BASELINE,9,116264434,Calculation Time [millis],0.0,89.0,0.3,5262.0,17573,89.0
2026-05-08T17:58:15.778556Z,TaxiAlgorithmP2PCollector,2,20000,20,100,1,nearest,1,4,1,BASELINE,9,116264434,Custom Time [micros],0.0,0.0,0.0,0.0,17573,0.0
2026-05-08T17:58:20.948044300Z,TaxiAlgorithmP2PCollector,2,20000,20,100,1,nearest,1,4,1,BASELINE,10,116264435,Taxi Travel Distance [km],252.45,308.88,279.59,5591.89,20,56.43000000000001
2026-05-08T17:58:20.948044300Z,TaxiAlgorithmP2PCollector,2,20000,20,100,1,nearest,1,4,1,BASELINE,10,116264435,Client Waiting Time [min],2.33,193.73,61.97,6134.63,99,191.39999999999998
2026-05-08T17:58:20.948044300Z,TaxiAlgorithmP2PCollector,2,20000,20,100,1,nearest,1,4,1,BASELINE,10,116264435,Client Travel Time [min],416.0,13649.0,5410.14,541014.0,100,13233.0
2026-05-08T17:58:20.948044300Z,TaxiAlgorithmP2PCollector,2,20000,20,100,1,nearest,1,4,1,BASELINE,10,116264435,Calculation Time [millis],0.0,97.0,0.34,4818.0,14182,97.0
2026-05-08T17:58:20.948044300Z,TaxiAlgorithmP2PCollector,2,20000,20,100,1,nearest,1,4,1,BASELINE,10,116264435,Custom Time [micros],0.0,0.0,0.0,0.0,14182,0.0
2026-05-08T17:58:21.911114900Z,TaxiAlgorithmP2PCollector,5,1000,5,25,1,nearest,1,4,1,BASELINE,1,116264426,Taxi Travel Distance [km],18.69,111.4,61.76,308.81,5,92.71000000000001
2026-05-08T17:58:21.911114900Z,TaxiAlgorithmP2PCollector,5,1000,5,25,1,nearest,1,4,1,BASELINE,1,116264426,Client Waiting Time [min],2.85,31.62,16.11,96.65,6,28.77
2026-05-08T17:58:21.911114900Z,TaxiAlgorithmP2PCollector,5,1000,5,25,1,nearest,1,4,1,BASELINE,1,116264426,Client Travel Time [min],209.0,17798.0,7330.72,183268.0,25,17589.0
2026-05-08T17:58:21.911114900Z,TaxiAlgorithmP2PCollector,5,1000,5,25,1,nearest,1,4,1,BASELINE,1,116264426,Calculation Time [millis],0.0,42.0,0.03,743.0,21268,42.0
2026-05-08T17:58:21.911114900Z,TaxiAlgorithmP2PCollector,5,1000,5,25,1,nearest,1,4,1,BASELINE,1,116264426,Custom Time [micros],0.0,0.0,0.0,0.0,21268,0.0
2026-05-08T17:58:22.666115400Z,TaxiAlgorithmP2PCollector,5,1000,5,25,1,nearest,1,4,1,BASELINE,2,116264427,Taxi Travel Distance [km],19.35,48.6,29.89,149.45,5,29.25
2026-05-08T17:58:22.666115400Z,TaxiAlgorithmP2PCollector,5,1000,5,25,1,nearest,1,4,1,BASELINE,2,116264427,Client Waiting Time [min],1.28,6.18,3.71,11.13,3,4.8999999999999995
2026-05-08T17:58:22.666115400Z,TaxiAlgorithmP2PCollector,5,1000,5,25,1,nearest,1,4,1,BASELINE,2,116264427,Client Travel Time [min],619.0,16821.0,8956.4,223910.0,25,16202.0
2026-05-08T17:58:22.666115400Z,TaxiAlgorithmP2PCollector,5,1000,5,25,1,nearest,1,4,1,BASELINE,2,116264427,Calculation Time [millis],0.0,0.0,0.03,671.0,20197,0.0
2026-05-08T17:58:22.666115400Z,TaxiAlgorithmP2PCollector,5,1000,5,25,1,nearest,1,4,1,BASELINE,2,116264427,Custom Time [micros],0.0,0.0,0.0,0.0,20197,0.0
2026-05-08T17:58:23.428115600Z,TaxiAlgorithmP2PCollector,5,1000,5,25,1,nearest,1,4,1,BASELINE,3,116264428,Taxi Travel Distance [km],12.12,73.95,47.52,237.62,5,61.830000000000005
2026-05-08T17:58:23.428115600Z,TaxiAlgorithmP2PCollector,5,1000,5,25,1,nearest,1,4,1,BASELINE,3,116264428,Client Waiting Time [min],4.72,35.28,15.66,93.95,6,30.560000000000002
2026-05-08T17:58:23.428115600Z,TaxiAlgorithmP2PCollector,5,1000,5,25,1,nearest,1,4,1,BASELINE,3,116264428,Client Travel Time [min],769.0,15182.0,7660.04,191501.0,25,14413.0
2026-05-08T17:58:23.428115600Z,TaxiAlgorithmP2PCollector,5,1000,5,25,1,nearest,1,4,1,BASELINE,3,116264428,Calculation Time [millis],0.0,0.0,0.03,640.0,19385,0.0
2026-05-08T17:58:23.428115600Z,TaxiAlgorithmP2PCollector,5,1000,5,25,1,nearest,1,4,1,BASELINE,3,116264428,Custom Time [micros],0.0,0.0,0.0,0.0,19385,0.0
2026-05-08T17:58:24.184172700Z,TaxiAlgorithmP2PCollector,5,1000,5,25,1,nearest,1,4,1,BASELINE,4,116264429,Taxi Travel Distance [km],4.94,43.7,22.12,110.59,5,38.760000000000005
2026-05-08T17:58:24.184172700Z,TaxiAlgorithmP2PCollector,5,1000,5,25,1,nearest,1,4,1,BASELINE,4,116264429,Client Waiting Time [min],3.93,278.23,78.31,313.23,4,274.3
2026-05-08T17:58:24.184172700Z,TaxiAlgorithmP2PCollector,5,1000,5,25,1,nearest,1,4,1,BASELINE,4,116264429,Client Travel Time [min],728.0,16778.0,8326.52,208163.0,25,16050.0
2026-05-08T17:58:24.184172700Z,TaxiAlgorithmP2PCollector,5,1000,5,25,1,nearest,1,4,1,BASELINE,4,116264429,Calculation Time [millis],0.0,10.0,0.03,640.0,18560,10.0
2026-05-08T17:58:24.184172700Z,TaxiAlgorithmP2PCollector,5,1000,5,25,1,nearest,1,4,1,BASELINE,4,116264429,Custom Time [micros],0.0,0.0,0.0,0.0,18560,0.0
2026-05-08T17:58:24.885174900Z,TaxiAlgorithmP2PCollector,5,1000,5,25,1,nearest,1,4,1,BASELINE,5,116264430,Taxi Travel Distance [km],49.03,101.62,66.11,330.56,5,52.59
2026-05-08T17:58:24.885174900Z,TaxiAlgorithmP2PCollector,5,1000,5,25,1,nearest,1,4,1,BASELINE,5,116264430,Client Waiting Time [min],3.1,69.83,27.81,305.87,11,66.73
2026-05-08T17:58:24.885174900Z,TaxiAlgorithmP2PCollector,5,1000,5,25,1,nearest,1,4,1,BASELINE,5,116264430,Client Travel Time [min],313.0,14554.0,6302.92,157573.0,25,14241.0
2026-05-08T17:58:24.885174900Z,TaxiAlgorithmP2PCollector,5,1000,5,25,1,nearest,1,4,1,BASELINE,5,116264430,Calculation Time [millis],0.0,0.0,0.03,584.0,18871,0.0
2026-05-08T17:58:24.885174900Z,TaxiAlgorithmP2PCollector,5,1000,5,25,1,nearest,1,4,1,BASELINE,5,116264430,Custom Time [micros],0.0,0.0,0.0,0.0,18871,0.0
2026-05-08T17:58:25.816311100Z,TaxiAlgorithmP2PCollector,5,1000,5,25,1,nearest,1,4,1,BASELINE,6,116264431,Taxi Travel Distance [km],7.19,61.02,25.96,129.81,5,53.830000000000005
2026-05-08T17:58:25.816311100Z,TaxiAlgorithmP2PCollector,5,1000,5,25,1,nearest,1,4,1,BASELINE,6,116264431,Client Waiting Time [min],1.9,36.27,16.12,48.37,3,34.370000000000005
2026-05-08T17:58:25.816311100Z,TaxiAlgorithmP2PCollector,5,1000,5,25,1,nearest,1,4,1,BASELINE,6,116264431,Client Travel Time [min],646.0,18900.0,8692.48,217312.0,25,18254.0
2026-05-08T17:58:25.816311100Z,TaxiAlgorithmP2PCollector,5,1000,5,25,1,nearest,1,4,1,BASELINE,6,116264431,Calculation Time [millis],0.0,26.0,0.03,795.0,23285,26.0
2026-05-08T17:58:25.816311100Z,TaxiAlgorithmP2PCollector,5,1000,5,25,1,nearest,1,4,1,BASELINE,6,116264431,Custom Time [micros],0.0,0.0,0.0,0.0,23285,0.0
2026-05-08T17:58:26.563850700Z,TaxiAlgorithmP2PCollector,5,1000,5,25,1,nearest,1,4,1,BASELINE,7,116264432,Taxi Travel Distance [km],16.51,65.86,41.18,205.9,5,49.349999999999994
2026-05-08T17:58:26.563850700Z,TaxiAlgorithmP2PCollector,5,1000,5,25,1,nearest,1,4,1,BASELINE,7,116264432,Client Waiting Time [min],0.52,24.55,9.57,28.7,3,24.03
2026-05-08T17:58:26.563850700Z,TaxiAlgorithmP2PCollector,5,1000,5,25,1,nearest,1,4,1,BASELINE,7,116264432,Client Travel Time [min],160.0,14879.0,8911.24,222781.0,25,14719.0
2026-05-08T17:58:26.563850700Z,TaxiAlgorithmP2PCollector,5,1000,5,25,1,nearest,1,4,1,BASELINE,7,116264432,Calculation Time [millis],0.0,0.0,0.03,653.0,19379,0.0
2026-05-08T17:58:26.563850700Z,TaxiAlgorithmP2PCollector,5,1000,5,25,1,nearest,1,4,1,BASELINE,7,116264432,Custom Time [micros],0.0,0.0,0.0,0.0,19379,0.0
2026-05-08T17:58:27.262858200Z,TaxiAlgorithmP2PCollector,5,1000,5,25,1,nearest,1,4,1,BASELINE,8,116264433,Taxi Travel Distance [km],68.78,174.22,119.5,597.49,5,105.44
2026-05-08T17:58:27.262858200Z,TaxiAlgorithmP2PCollector,5,1000,5,25,1,nearest,1,4,1,BASELINE,8,116264433,Client Waiting Time [min],0.45,83.15,33.0,594.08,18,82.7
2026-05-08T17:58:27.262858200Z,TaxiAlgorithmP2PCollector,5,1000,5,25,1,nearest,1,4,1,BASELINE,8,116264433,Client Travel Time [min],442.0,16170.0,3908.12,97703.0,25,15728.0
2026-05-08T17:58:27.262858200Z,TaxiAlgorithmP2PCollector,5,1000,5,25,1,nearest,1,4,1,BASELINE,8,116264433,Calculation Time [millis],0.0,33.0,0.03,570.0,17120,33.0
2026-05-08T17:58:27.262858200Z,TaxiAlgorithmP2PCollector,5,1000,5,25,1,nearest,1,4,1,BASELINE,8,116264433,Custom Time [micros],0.0,0.0,0.0,0.0,17120,0.0
2026-05-08T17:58:28.023866700Z,TaxiAlgorithmP2PCollector,5,1000,5,25,1,nearest,1,4,1,BASELINE,9,116264434,Taxi Travel Distance [km],7.74,87.07,44.8,223.98,5,79.33
2026-05-08T17:58:28.023866700Z,TaxiAlgorithmP2PCollector,5,1000,5,25,1,nearest,1,4,1,BASELINE,9,116264434,Client Waiting Time [min],0.18,262.88,69.18,276.72,4,262.7
2026-05-08T17:58:28.023866700Z,TaxiAlgorithmP2PCollector,5,1000,5,25,1,nearest,1,4,1,BASELINE,9,116264434,Client Travel Time [min],197.0,17584.0,7662.48,191562.0,25,17387.0
2026-05-08T17:58:28.023866700Z,TaxiAlgorithmP2PCollector,5,1000,5,25,1,nearest,1,4,1,BASELINE,9,116264434,Calculation Time [millis],0.0,0.0,0.03,667.0,20177,0.0
2026-05-08T17:58:28.023866700Z,TaxiAlgorithmP2PCollector,5,1000,5,25,1,nearest,1,4,1,BASELINE,9,116264434,Custom Time [micros],0.0,0.0,0.0,0.0,20177,0.0
2026-05-08T17:58:28.693316300Z,TaxiAlgorithmP2PCollector,5,1000,5,25,1,nearest,1,4,1,BASELINE,10,116264435,Taxi Travel Distance [km],26.11,55.66,37.85,189.26,5,29.549999999999997
2026-05-08T17:58:28.693316300Z,TaxiAlgorithmP2PCollector,5,1000,5,25,1,nearest,1,4,1,BASELINE,10,116264435,Client Waiting Time [min],0.6,18.1,9.35,18.7,2,17.5
2026-05-08T17:58:28.693316300Z,TaxiAlgorithmP2PCollector,5,1000,5,25,1,nearest,1,4,1,BASELINE,10,116264435,Client Travel Time [min],770.0,12341.0,6514.12,162853.0,25,11571.0
2026-05-08T17:58:28.693316300Z,TaxiAlgorithmP2PCollector,5,1000,5,25,1,nearest,1,4,1,BASELINE,10,116264435,Calculation Time [millis],0.0,0.0,0.03,551.0,16742,0.0
2026-05-08T17:58:28.693316300Z,TaxiAlgorithmP2PCollector,5,1000,5,25,1,nearest,1,4,1,BASELINE,10,116264435,Custom Time [micros],0.0,0.0,0.0,0.0,16742,0.0
2026-05-08T17:58:31.082610800Z,TaxiAlgorithmP2PCollector,5,1000,10,25,1,nearest,1,4,1,BASELINE,1,116264426,Taxi Travel Distance [km],6.02,155.59,47.14,471.43,10,149.57
2026-05-08T17:58:31.082610800Z,TaxiAlgorithmP2PCollector,5,1000,10,25,1,nearest,1,4,1,BASELINE,1,116264426,Client Waiting Time [min],0.87,30.15,10.84,32.53,3,29.279999999999998
2026-05-08T17:58:31.082610800Z,TaxiAlgorithmP2PCollector,5,1000,10,25,1,nearest,1,4,1,BASELINE,1,116264426,Client Travel Time [min],132.0,17798.0,8076.6,201915.0,25,17666.0
2026-05-08T17:58:31.082610800Z,TaxiAlgorithmP2PCollector,5,1000,10,25,1,nearest,1,4,1,BASELINE,1,116264426,Calculation Time [millis],0.0,63.0,0.11,2256.0,21268,63.0
2026-05-08T17:58:31.082610800Z,TaxiAlgorithmP2PCollector,5,1000,10,25,1,nearest,1,4,1,BASELINE,1,116264426,Custom Time [micros],0.0,0.0,0.0,0.0,21268,0.0
2026-05-08T17:58:33.372274Z,TaxiAlgorithmP2PCollector,5,1000,10,25,1,nearest,1,4,1,BASELINE,2,116264427,Taxi Travel Distance [km],11.8,67.76,30.85,308.48,10,55.96000000000001
2026-05-08T17:58:33.372274Z,TaxiAlgorithmP2PCollector,5,1000,10,25,1,nearest,1,4,1,BASELINE,2,116264427,Client Waiting Time [min],0.3,42.77,10.41,62.45,6,42.470000000000006
2026-05-08T17:58:33.372274Z,TaxiAlgorithmP2PCollector,5,1000,10,25,1,nearest,1,4,1,BASELINE,2,116264427,Client Travel Time [min],354.0,16821.0,8461.04,211526.0,25,16467.0
2026-05-08T17:58:33.372274Z,TaxiAlgorithmP2PCollector,5,1000,10,25,1,nearest,1,4,1,BASELINE,2,116264427,Calculation Time [millis],0.0,46.0,0.11,2145.0,20197,46.0
2026-05-08T17:58:33.372274Z,TaxiAlgorithmP2PCollector,5,1000,10,25,1,nearest,1,4,1,BASELINE,2,116264427,Custom Time [micros],0.0,0.0,0.0,0.0,20197,0.0
2026-05-08T17:58:35.859843400Z,TaxiAlgorithmP2PCollector,5,1000,10,25,1,nearest,1,4,1,BASELINE,3,116264428,Taxi Travel Distance [km],34.3,179.82,101.56,1015.65,10,145.51999999999998
2026-05-08T17:58:35.859843400Z,TaxiAlgorithmP2PCollector,5,1000,10,25,1,nearest,1,4,1,BASELINE,3,116264428,Client Waiting Time [min],1.15,68.12,27.09,541.88,20,66.97
2026-05-08T17:58:35.859843400Z,TaxiAlgorithmP2PCollector,5,1000,10,25,1,nearest,1,4,1,BASELINE,3,116264428,Client Travel Time [min],472.0,16846.0,3835.84,95896.0,25,16374.0
2026-05-08T17:58:35.859843400Z,TaxiAlgorithmP2PCollector,5,1000,10,25,1,nearest,1,4,1,BASELINE,3,116264428,Calculation Time [millis],0.0,32.0,0.11,2258.0,20191,32.0
2026-05-08T17:58:35.859843400Z,TaxiAlgorithmP2PCollector,5,1000,10,25,1,nearest,1,4,1,BASELINE,3,116264428,Custom Time [micros],0.0,0.0,0.0,0.0,20191,0.0
2026-05-08T17:58:37.850149Z,TaxiAlgorithmP2PCollector,5,1000,10,25,1,nearest,1,4,1,BASELINE,4,116264429,Taxi Travel Distance [km],23.13,221.06,85.39,853.85,10,197.93
2026-05-08T17:58:37.850149Z,TaxiAlgorithmP2PCollector,5,1000,10,25,1,nearest,1,4,1,BASELINE,4,116264429,Client Waiting Time [min],1.33,126.22,33.98,543.62,16,124.89
2026-05-08T17:58:37.850149Z,TaxiAlgorithmP2PCollector,5,1000,10,25,1,nearest,1,4,1,BASELINE,4,116264429,Client Travel Time [min],530.0,14364.0,4372.48,109312.0,25,13834.0
2026-05-08T17:58:37.850149Z,TaxiAlgorithmP2PCollector,5,1000,10,25,1,nearest,1,4,1,BASELINE,4,116264429,Calculation Time [millis],0.0,18.0,0.11,1752.0,16014,18.0
2026-05-08T17:58:37.850149Z,TaxiAlgorithmP2PCollector,5,1000,10,25,1,nearest,1,4,1,BASELINE,4,116264429,Custom Time [micros],0.0,0.0,0.0,0.0,16014,0.0
2026-05-08T17:58:40.063555600Z,TaxiAlgorithmP2PCollector,5,1000,10,25,1,nearest,1,4,1,BASELINE,5,116264430,Taxi Travel Distance [km],15.6,188.5,64.66,646.63,10,172.9
2026-05-08T17:58:40.063555600Z,TaxiAlgorithmP2PCollector,5,1000,10,25,1,nearest,1,4,1,BASELINE,5,116264430,Client Waiting Time [min],0.62,68.87,26.04,390.57,15,68.25
2026-05-08T17:58:40.063555600Z,TaxiAlgorithmP2PCollector,5,1000,10,25,1,nearest,1,4,1,BASELINE,5,116264430,Client Travel Time [min],462.0,14554.0,5289.76,132244.0,25,14092.0
2026-05-08T17:58:40.063555600Z,TaxiAlgorithmP2PCollector,5,1000,10,25,1,nearest,1,4,1,BASELINE,5,116264430,Calculation Time [millis],0.0,18.0,0.1,1968.0,18871,18.0
2026-05-08T17:58:40.063555600Z,TaxiAlgorithmP2PCollector,5,1000,10,25,1,nearest,1,4,1,BASELINE,5,116264430,Custom Time [micros],0.0,0.0,0.0,0.0,18871,0.0
2026-05-08T17:58:42.820960500Z,TaxiAlgorithmP2PCollector,5,1000,10,25,1,nearest,1,4,1,BASELINE,6,116264431,Taxi Travel Distance [km],9.23,125.05,56.01,560.13,10,115.82
2026-05-08T17:58:42.820960500Z,TaxiAlgorithmP2PCollector,5,1000,10,25,1,nearest,1,4,1,BASELINE,6,116264431,Client Waiting Time [min],0.2,61.55,20.1,241.2,12,61.349999999999994
2026-05-08T17:58:42.820960500Z,TaxiAlgorithmP2PCollector,5,1000,10,25,1,nearest,1,4,1,BASELINE,6,116264431,Client Travel Time [min],106.0,18900.0,6675.56,166889.0,25,18794.0
2026-05-08T17:58:42.820960500Z,TaxiAlgorithmP2PCollector,5,1000,10,25,1,nearest,1,4,1,BASELINE,6,116264431,Calculation Time [millis],0.0,65.0,0.11,2492.0,23285,65.0
2026-05-08T17:58:42.820960500Z,TaxiAlgorithmP2PCollector,5,1000,10,25,1,nearest,1,4,1,BASELINE,6,116264431,Custom Time [micros],0.0,0.0,0.0,0.0,23285,0.0
2026-05-08T17:58:44.398846900Z,TaxiAlgorithmP2PCollector,5,1000,10,25,1,nearest,1,4,1,BASELINE,7,116264432,Taxi Travel Distance [km],23.22,151.21,92.68,926.76,10,127.99000000000001
2026-05-08T17:58:44.398846900Z,TaxiAlgorithmP2PCollector,5,1000,10,25,1,nearest,1,4,1,BASELINE,7,116264432,Client Waiting Time [min],0.4,105.0,19.4,426.77,22,104.6
2026-05-08T17:58:44.398846900Z,TaxiAlgorithmP2PCollector,5,1000,10,25,1,nearest,1,4,1,BASELINE,7,116264432,Client Travel Time [min],160.0,11207.0,2544.04,63601.0,25,11047.0
2026-05-08T17:58:44.398846900Z,TaxiAlgorithmP2PCollector,5,1000,10,25,1,nearest,1,4,1,BASELINE,7,116264432,Calculation Time [millis],0.0,43.0,0.1,1443.0,14000,43.0
2026-05-08T17:58:44.398846900Z,TaxiAlgorithmP2PCollector,5,1000,10,25,1,nearest,1,4,1,BASELINE,7,116264432,Custom Time [micros],0.0,0.0,0.0,0.0,14000,0.0
2026-05-08T17:58:45.988423300Z,TaxiAlgorithmP2PCollector,5,1000,10,25,1,nearest,1,4,1,BASELINE,8,116264433,Taxi Travel Distance [km],9.62,157.45,82.19,821.9,10,147.82999999999998
2026-05-08T17:58:45.988423300Z,TaxiAlgorithmP2PCollector,5,1000,10,25,1,nearest,1,4,1,BASELINE,8,116264433,Client Waiting Time [min],0.73,70.23,22.1,464.18,21,69.5
2026-05-08T17:58:45.988423300Z,TaxiAlgorithmP2PCollector,5,1000,10,25,1,nearest,1,4,1,BASELINE,8,116264433,Client Travel Time [min],262.0,12982.0,3067.52,76688.0,25,12720.0
2026-05-08T17:58:45.988423300Z,TaxiAlgorithmP2PCollector,5,1000,10,25,1,nearest,1,4,1,BASELINE,8,116264433,Calculation Time [millis],0.0,0.0,0.1,1449.0,15218,0.0
2026-05-08T17:58:45.988423300Z,TaxiAlgorithmP2PCollector,5,1000,10,25,1,nearest,1,4,1,BASELINE,8,116264433,Custom Time [micros],0.0,0.0,0.0,0.0,15218,0.0
2026-05-08T17:58:47.368482400Z,TaxiAlgorithmP2PCollector,5,1000,10,25,1,nearest,1,4,1,BASELINE,9,116264434,Taxi Travel Distance [km],14.59,254.16,90.55,905.48,10,239.57
2026-05-08T17:58:47.368482400Z,TaxiAlgorithmP2PCollector,5,1000,10,25,1,nearest,1,4,1,BASELINE,9,116264434,Client Waiting Time [min],0.18,108.43,24.18,435.15,18,108.25
2026-05-08T17:58:47.368482400Z,TaxiAlgorithmP2PCollector,5,1000,10,25,1,nearest,1,4,1,BASELINE,9,116264434,Client Travel Time [min],197.0,7661.0,2638.12,65953.0,25,7464.0
2026-05-08T17:58:47.368482400Z,TaxiAlgorithmP2PCollector,5,1000,10,25,1,nearest,1,4,1,BASELINE,9,116264434,Calculation Time [millis],0.0,0.0,0.1,1166.0,12166,0.0
2026-05-08T17:58:47.368482400Z,TaxiAlgorithmP2PCollector,5,1000,10,25,1,nearest,1,4,1,BASELINE,9,116264434,Custom Time [micros],0.0,0.0,0.0,0.0,12166,0.0
2026-05-08T17:58:49.264129900Z,TaxiAlgorithmP2PCollector,5,1000,10,25,1,nearest,1,4,1,BASELINE,10,116264435,Taxi Travel Distance [km],17.25,134.2,78.66,786.6,10,116.94999999999999
2026-05-08T17:58:49.264129900Z,TaxiAlgorithmP2PCollector,5,1000,10,25,1,nearest,1,4,1,BASELINE,10,116264435,Client Waiting Time [min],0.3,108.4,19.03,209.35,11,108.10000000000001
2026-05-08T17:58:49.264129900Z,TaxiAlgorithmP2PCollector,5,1000,10,25,1,nearest,1,4,1,BASELINE,10,116264435,Client Travel Time [min],327.0,12341.0,4473.68,111842.0,25,12014.0
2026-05-08T17:58:49.264129900Z,TaxiAlgorithmP2PCollector,5,1000,10,25,1,nearest,1,4,1,BASELINE,10,116264435,Calculation Time [millis],0.0,17.0,0.1,1696.0,16742,17.0
2026-05-08T17:58:49.264129900Z,TaxiAlgorithmP2PCollector,5,1000,10,25,1,nearest,1,4,1,BASELINE,10,116264435,Custom Time [micros],0.0,0.0,0.0,0.0,16742,0.0
2026-05-08T17:58:52.858484400Z,TaxiAlgorithmP2PCollector,5,1000,10,50,1,nearest,1,4,1,BASELINE,1,116264426,Taxi Travel Distance [km],19.11,456.43,230.08,2300.81,10,437.32
2026-05-08T17:58:52.858484400Z,TaxiAlgorithmP2PCollector,5,1000,10,50,1,nearest,1,4,1,BASELINE,1,116264426,Client Waiting Time [min],6.13,252.42,83.71,2511.45,30,246.29
2026-05-08T17:58:52.858484400Z,TaxiAlgorithmP2PCollector,5,1000,10,50,1,nearest,1,4,1,BASELINE,1,116264426,Client Travel Time [min],1248.0,29701.0,8844.72,442236.0,50,28453.0
2026-05-08T17:58:52.858484400Z,TaxiAlgorithmP2PCollector,5,1000,10,50,1,nearest,1,4,1,BASELINE,1,116264426,Calculation Time [millis],0.0,65.0,0.11,3320.0,30829,65.0
2026-05-08T17:58:52.858484400Z,TaxiAlgorithmP2PCollector,5,1000,10,50,1,nearest,1,4,1,BASELINE,1,116264426,Custom Time [micros],0.0,0.0,0.0,0.0,30829,0.0
2026-05-08T17:58:56.174093300Z,TaxiAlgorithmP2PCollector,5,1000,10,50,1,nearest,1,4,1,BASELINE,2,116264427,Taxi Travel Distance [km],58.51,616.28,311.16,3111.6,10,557.77
2026-05-08T17:58:56.174093300Z,TaxiAlgorithmP2PCollector,5,1000,10,50,1,nearest,1,4,1,BASELINE,2,116264427,Client Waiting Time [min],1.47,335.48,96.75,3095.98,32,334.01
2026-05-08T17:58:56.174093300Z,TaxiAlgorithmP2PCollector,5,1000,10,50,1,nearest,1,4,1,BASELINE,2,116264427,Client Travel Time [min],352.0,26353.0,8384.74,419237.0,50,26001.0
2026-05-08T17:58:56.174093300Z,TaxiAlgorithmP2PCollector,5,1000,10,50,1,nearest,1,4,1,BASELINE,2,116264427,Calculation Time [millis],0.0,65.0,0.11,3049.0,28321,65.0
2026-05-08T17:58:56.174093300Z,TaxiAlgorithmP2PCollector,5,1000,10,50,1,nearest,1,4,1,BASELINE,2,116264427,Custom Time [micros],0.0,0.0,0.0,0.0,28321,0.0
2026-05-08T17:59:00.068591700Z,TaxiAlgorithmP2PCollector,5,1000,10,50,1,nearest,1,4,1,BASELINE,3,116264428,Taxi Travel Distance [km],68.2,357.82,171.03,1710.31,10,289.62
2026-05-08T17:59:00.068591700Z,TaxiAlgorithmP2PCollector,5,1000,10,50,1,nearest,1,4,1,BASELINE,3,116264428,Client Waiting Time [min],5.88,184.28,72.45,1811.13,25,178.4
2026-05-08T17:59:00.068591700Z,TaxiAlgorithmP2PCollector,5,1000,10,50,1,nearest,1,4,1,BASELINE,3,116264428,Client Travel Time [min],1357.0,30627.0,10052.22,502611.0,50,29270.0
2026-05-08T17:59:00.068591700Z,TaxiAlgorithmP2PCollector,5,1000,10,50,1,nearest,1,4,1,BASELINE,3,116264428,Calculation Time [millis],0.0,75.0,0.11,3647.0,32415,75.0
2026-05-08T17:59:00.068591700Z,TaxiAlgorithmP2PCollector,5,1000,10,50,1,nearest,1,4,1,BASELINE,3,116264428,Custom Time [micros],0.0,0.0,0.0,0.0,32415,0.0
2026-05-08T17:59:05.031820600Z,TaxiAlgorithmP2PCollector,5,1000,10,50,1,nearest,1,4,1,BASELINE,4,116264429,Taxi Travel Distance [km],109.99,850.66,346.26,3462.59,10,740.67
2026-05-08T17:59:05.031820600Z,TaxiAlgorithmP2PCollector,5,1000,10,50,1,nearest,1,4,1,BASELINE,4,116264429,Client Waiting Time [min],0.68,337.88,109.46,3502.63,32,337.2
2026-05-08T17:59:05.031820600Z,TaxiAlgorithmP2PCollector,5,1000,10,50,1,nearest,1,4,1,BASELINE,4,116264429,Client Travel Time [min],313.0,36778.0,9923.36,496168.0,50,36465.0
2026-05-08T17:59:05.031820600Z,TaxiAlgorithmP2PCollector,5,1000,10,50,1,nearest,1,4,1,BASELINE,4,116264429,Calculation Time [millis],0.0,117.0,0.12,4639.0,38943,117.0
2026-05-08T17:59:05.031820600Z,TaxiAlgorithmP2PCollector,5,1000,10,50,1,nearest,1,4,1,BASELINE,4,116264429,Custom Time [micros],0.0,0.0,0.0,0.0,38943,0.0
2026-05-08T17:59:09.258936500Z,TaxiAlgorithmP2PCollector,5,1000,10,50,1,nearest,1,4,1,BASELINE,5,116264430,Taxi Travel Distance [km],46.36,498.57,217.05,2170.46,10,452.21
2026-05-08T17:59:09.258936500Z,TaxiAlgorithmP2PCollector,5,1000,10,50,1,nearest,1,4,1,BASELINE,5,116264430,Client Waiting Time [min],8.18,302.38,86.58,2424.32,28,294.2
2026-05-08T17:59:09.258936500Z,TaxiAlgorithmP2PCollector,5,1000,10,50,1,nearest,1,4,1,BASELINE,5,116264430,Client Travel Time [min],1330.0,35252.0,11144.58,557229.0,50,33922.0
2026-05-08T17:59:09.258936500Z,TaxiAlgorithmP2PCollector,5,1000,10,50,1,nearest,1,4,1,BASELINE,5,116264430,Calculation Time [millis],0.0,86.0,0.11,3971.0,35665,86.0
2026-05-08T17:59:09.258936500Z,TaxiAlgorithmP2PCollector,5,1000,10,50,1,nearest,1,4,1,BASELINE,5,116264430,Custom Time [micros],0.0,0.0,0.0,0.0,35665,0.0
2026-05-08T17:59:13.744514100Z,TaxiAlgorithmP2PCollector,5,1000,10,50,1,nearest,1,4,1,BASELINE,6,116264431,Taxi Travel Distance [km],30.89,296.64,136.3,1362.97,10,265.75
2026-05-08T17:59:13.744514100Z,TaxiAlgorithmP2PCollector,5,1000,10,50,1,nearest,1,4,1,BASELINE,6,116264431,Client Waiting Time [min],12.68,275.37,82.36,1564.9,19,262.69
2026-05-08T17:59:13.744514100Z,TaxiAlgorithmP2PCollector,5,1000,10,50,1,nearest,1,4,1,BASELINE,6,116264431,Client Travel Time [min],2007.0,34764.0,14146.98,707349.0,50,32757.0
2026-05-08T17:59:13.744514100Z,TaxiAlgorithmP2PCollector,5,1000,10,50,1,nearest,1,4,1,BASELINE,6,116264431,Calculation Time [millis],0.0,115.0,0.11,4212.0,37619,115.0
2026-05-08T17:59:13.744514100Z,TaxiAlgorithmP2PCollector,5,1000,10,50,1,nearest,1,4,1,BASELINE,6,116264431,Custom Time [micros],0.0,0.0,0.0,0.0,37619,0.0
2026-05-08T17:59:17.692478400Z,TaxiAlgorithmP2PCollector,5,1000,10,50,1,nearest,1,4,1,BASELINE,7,116264432,Taxi Travel Distance [km],13.34,283.39,142.17,1421.7,10,270.05
2026-05-08T17:59:17.692478400Z,TaxiAlgorithmP2PCollector,5,1000,10,50,1,nearest,1,4,1,BASELINE,7,116264432,Client Waiting Time [min],0.5,182.97,36.43,837.88,23,182.47
2026-05-08T17:59:17.692478400Z,TaxiAlgorithmP2PCollector,5,1000,10,50,1,nearest,1,4,1,BASELINE,7,116264432,Client Travel Time [min],160.0,31850.0,11498.32,574916.0,50,31690.0
2026-05-08T17:59:17.692478400Z,TaxiAlgorithmP2PCollector,5,1000,10,50,1,nearest,1,4,1,BASELINE,7,116264432,Calculation Time [millis],0.0,91.0,0.11,3738.0,33893,91.0
2026-05-08T17:59:17.692478400Z,TaxiAlgorithmP2PCollector,5,1000,10,50,1,nearest,1,4,1,BASELINE,7,116264432,Custom Time [micros],0.0,0.0,0.0,0.0,33893,0.0
2026-05-08T17:59:22.699165400Z,TaxiAlgorithmP2PCollector,5,1000,10,50,1,nearest,1,4,1,BASELINE,8,116264433,Taxi Travel Distance [km],6.18,416.63,157.26,1572.56,10,410.45
2026-05-08T17:59:22.699165400Z,TaxiAlgorithmP2PCollector,5,1000,10,50,1,nearest,1,4,1,BASELINE,8,116264433,Client Waiting Time [min],1.4,420.18,162.51,1787.57,11,418.78000000000003
2026-05-08T17:59:22.699165400Z,TaxiAlgorithmP2PCollector,5,1000,10,50,1,nearest,1,4,1,BASELINE,8,116264433,Client Travel Time [min],707.0,38685.0,15787.62,789381.0,50,37978.0
2026-05-08T17:59:22.699165400Z,TaxiAlgorithmP2PCollector,5,1000,10,50,1,nearest,1,4,1,BASELINE,8,116264433,Calculation Time [millis],0.0,125.0,0.11,4745.0,41830,125.0
2026-05-08T17:59:22.699165400Z,TaxiAlgorithmP2PCollector,5,1000,10,50,1,nearest,1,4,1,BASELINE,8,116264433,Custom Time [micros],0.0,0.0,0.0,0.0,41830,0.0
2026-05-08T17:59:26.963380100Z,TaxiAlgorithmP2PCollector,5,1000,10,50,1,nearest,1,4,1,BASELINE,9,116264434,Taxi Travel Distance [km],60.83,588.17,191.07,1910.69,10,527.3399999999999
2026-05-08T17:59:26.963380100Z,TaxiAlgorithmP2PCollector,5,1000,10,50,1,nearest,1,4,1,BASELINE,9,116264434,Client Waiting Time [min],1.37,400.17,89.44,2057.22,23,398.8
2026-05-08T17:59:26.963380100Z,TaxiAlgorithmP2PCollector,5,1000,10,50,1,nearest,1,4,1,BASELINE,9,116264434,Client Travel Time [min],535.0,34243.0,11792.04,589602.0,50,33708.0
2026-05-08T17:59:26.963380100Z,TaxiAlgorithmP2PCollector,5,1000,10,50,1,nearest,1,4,1,BASELINE,9,116264434,Calculation Time [millis],0.0,86.0,0.12,4004.0,34401,86.0
2026-05-08T17:59:26.963380100Z,TaxiAlgorithmP2PCollector,5,1000,10,50,1,nearest,1,4,1,BASELINE,9,116264434,Custom Time [micros],0.0,0.0,0.0,0.0,34401,0.0
2026-05-08T17:59:31.351946200Z,TaxiAlgorithmP2PCollector,5,1000,10,50,1,nearest,1,4,1,BASELINE,10,116264435,Taxi Travel Distance [km],32.35,301.05,99.46,994.58,10,268.7
2026-05-08T17:59:31.351946200Z,TaxiAlgorithmP2PCollector,5,1000,10,50,1,nearest,1,4,1,BASELINE,10,116264435,Client Waiting Time [min],0.8,170.48,46.87,702.98,15,169.67999999999998
2026-05-08T17:59:31.351946200Z,TaxiAlgorithmP2PCollector,5,1000,10,50,1,nearest,1,4,1,BASELINE,10,116264435,Client Travel Time [min],627.0,31481.0,14034.4,701720.0,50,30854.0
2026-05-08T17:59:31.351946200Z,TaxiAlgorithmP2PCollector,5,1000,10,50,1,nearest,1,4,1,BASELINE,10,116264435,Calculation Time [millis],0.0,74.0,0.11,4110.0,35871,74.0
2026-05-08T17:59:31.351946200Z,TaxiAlgorithmP2PCollector,5,1000,10,50,1,nearest,1,4,1,BASELINE,10,116264435,Custom Time [micros],0.0,0.0,0.0,0.0,35871,0.0
2026-05-08T17:59:43.355555800Z,TaxiAlgorithmP2PCollector,5,1000,20,50,1,nearest,1,4,1,BASELINE,1,116264426,Taxi Travel Distance [km],16.42,577.02,201.23,4024.68,20,560.6
2026-05-08T17:59:43.355555800Z,TaxiAlgorithmP2PCollector,5,1000,20,50,1,nearest,1,4,1,BASELINE,1,116264426,Client Waiting Time [min],4.8,401.37,80.82,2990.33,37,396.57
2026-05-08T17:59:43.355555800Z,TaxiAlgorithmP2PCollector,5,1000,20,50,1,nearest,1,4,1,BASELINE,1,116264426,Client Travel Time [min],1473.0,24590.0,6239.02,311951.0,50,23117.0
2026-05-08T17:59:43.355555800Z,TaxiAlgorithmP2PCollector,5,1000,20,50,1,nearest,1,4,1,BASELINE,1,116264426,Calculation Time [millis],0.0,203.0,0.41,11503.0,27760,203.0
2026-05-08T17:59:43.355555800Z,TaxiAlgorithmP2PCollector,5,1000,20,50,1,nearest,1,4,1,BASELINE,1,116264426,Custom Time [micros],0.0,0.0,0.0,0.0,27760,0.0
2026-05-08T17:59:55.175052300Z,TaxiAlgorithmP2PCollector,5,1000,20,50,1,nearest,1,4,1,BASELINE,2,116264427,Taxi Travel Distance [km],5.56,463.0,196.11,3922.21,20,457.44
2026-05-08T17:59:55.175052300Z,TaxiAlgorithmP2PCollector,5,1000,20,50,1,nearest,1,4,1,BASELINE,2,116264427,Client Waiting Time [min],0.52,340.52,75.87,3186.43,42,340.0
2026-05-08T17:59:55.175052300Z,TaxiAlgorithmP2PCollector,5,1000,20,50,1,nearest,1,4,1,BASELINE,2,116264427,Client Travel Time [min],325.0,24066.0,5989.62,299481.0,50,23741.0
2026-05-08T17:59:55.175052300Z,TaxiAlgorithmP2PCollector,5,1000,20,50,1,nearest,1,4,1,BASELINE,2,116264427,Calculation Time [millis],0.0,154.0,0.46,11552.0,25258,154.0
2026-05-08T17:59:55.175052300Z,TaxiAlgorithmP2PCollector,5,1000,20,50,1,nearest,1,4,1,BASELINE,2,116264427,Custom Time [micros],0.0,0.0,0.0,0.0,25258,0.0
2026-05-08T18:00:04.157006100Z,TaxiAlgorithmP2PCollector,5,1000,20,50,1,nearest,1,4,1,BASELINE,3,116264428,Taxi Travel Distance [km],9.21,385.61,177.38,3547.53,20,376.40000000000003
2026-05-08T18:00:04.157006100Z,TaxiAlgorithmP2PCollector,5,1000,20,50,1,nearest,1,4,1,BASELINE,3,116264428,Client Waiting Time [min],0.32,313.95,42.74,2094.5,49,313.63
2026-05-08T18:00:04.157006100Z,TaxiAlgorithmP2PCollector,5,1000,20,50,1,nearest,1,4,1,BASELINE,3,116264428,Client Travel Time [min],630.0,19401.0,3440.3,172015.0,50,18771.0
2026-05-08T18:00:04.157006100Z,TaxiAlgorithmP2PCollector,5,1000,20,50,1,nearest,1,4,1,BASELINE,3,116264428,Calculation Time [millis],0.0,163.0,0.41,8609.0,21189,163.0
2026-05-08T18:00:04.157006100Z,TaxiAlgorithmP2PCollector,5,1000,20,50,1,nearest,1,4,1,BASELINE,3,116264428,Custom Time [micros],0.0,0.0,0.0,0.0,21189,0.0
2026-05-08T18:00:20.850350500Z,TaxiAlgorithmP2PCollector,5,1000,20,50,1,nearest,1,4,1,BASELINE,4,116264429,Taxi Travel Distance [km],43.44,474.19,174.16,3483.17,20,430.75
2026-05-08T18:00:20.850350500Z,TaxiAlgorithmP2PCollector,5,1000,20,50,1,nearest,1,4,1,BASELINE,4,116264429,Client Waiting Time [min],0.42,309.2,59.66,2326.63,39,308.78
2026-05-08T18:00:20.850350500Z,TaxiAlgorithmP2PCollector,5,1000,20,50,1,nearest,1,4,1,BASELINE,4,116264429,Client Travel Time [min],614.0,36778.0,6183.32,309166.0,50,36164.0
2026-05-08T18:00:20.850350500Z,TaxiAlgorithmP2PCollector,5,1000,20,50,1,nearest,1,4,1,BASELINE,4,116264429,Calculation Time [millis],0.0,184.0,0.44,16353.0,37298,184.0
2026-05-08T18:00:20.850350500Z,TaxiAlgorithmP2PCollector,5,1000,20,50,1,nearest,1,4,1,BASELINE,4,116264429,Custom Time [micros],0.0,0.0,0.0,0.0,37298,0.0
2026-05-08T18:00:37.258388200Z,TaxiAlgorithmP2PCollector,5,1000,20,50,1,nearest,1,4,1,BASELINE,5,116264430,Taxi Travel Distance [km],12.97,361.83,189.16,3783.26,20,348.85999999999996
2026-05-08T18:00:37.258388200Z,TaxiAlgorithmP2PCollector,5,1000,20,50,1,nearest,1,4,1,BASELINE,5,116264430,Client Waiting Time [min],0.57,318.07,71.82,3160.23,44,317.5
2026-05-08T18:00:37.258388200Z,TaxiAlgorithmP2PCollector,5,1000,20,50,1,nearest,1,4,1,BASELINE,5,116264430,Client Travel Time [min],971.0,33119.0,6917.36,345868.0,50,32148.0
2026-05-08T18:00:37.258388200Z,TaxiAlgorithmP2PCollector,5,1000,20,50,1,nearest,1,4,1,BASELINE,5,116264430,Calculation Time [millis],0.0,190.0,0.43,16005.0,37054,190.0
2026-05-08T18:00:37.258388200Z,TaxiAlgorithmP2PCollector,5,1000,20,50,1,nearest,1,4,1,BASELINE,5,116264430,Custom Time [micros],0.0,0.0,0.0,0.0,37054,0.0
2026-05-08T18:00:50.634767100Z,TaxiAlgorithmP2PCollector,5,1000,20,50,1,nearest,1,4,1,BASELINE,6,116264431,Taxi Travel Distance [km],44.47,642.71,230.93,4618.59,20,598.24
2026-05-08T18:00:50.634767100Z,TaxiAlgorithmP2PCollector,5,1000,20,50,1,nearest,1,4,1,BASELINE,6,116264431,Client Waiting Time [min],0.27,467.75,68.63,3362.88,49,467.48
2026-05-08T18:00:50.634767100Z,TaxiAlgorithmP2PCollector,5,1000,20,50,1,nearest,1,4,1,BASELINE,6,116264431,Client Travel Time [min],231.0,28176.0,5277.38,263869.0,50,27945.0
2026-05-08T18:00:50.634767100Z,TaxiAlgorithmP2PCollector,5,1000,20,50,1,nearest,1,4,1,BASELINE,6,116264431,Calculation Time [millis],0.0,163.0,0.43,12909.0,29810,163.0
2026-05-08T18:00:50.634767100Z,TaxiAlgorithmP2PCollector,5,1000,20,50,1,nearest,1,4,1,BASELINE,6,116264431,Custom Time [micros],0.0,0.0,0.0,0.0,29810,0.0
2026-05-08T18:01:05.588193500Z,TaxiAlgorithmP2PCollector,5,1000,20,50,1,nearest,1,4,1,BASELINE,7,116264432,Taxi Travel Distance [km],24.51,429.34,181.22,3624.47,20,404.83
2026-05-08T18:01:05.588193500Z,TaxiAlgorithmP2PCollector,5,1000,20,50,1,nearest,1,4,1,BASELINE,7,116264432,Client Waiting Time [min],0.52,276.77,58.74,2525.75,43,276.25
2026-05-08T18:01:05.588193500Z,TaxiAlgorithmP2PCollector,5,1000,20,50,1,nearest,1,4,1,BASELINE,7,116264432,Client Travel Time [min],160.0,31798.0,5919.12,295956.0,50,31638.0
2026-05-08T18:01:05.588193500Z,TaxiAlgorithmP2PCollector,5,1000,20,50,1,nearest,1,4,1,BASELINE,7,116264432,Calculation Time [millis],0.0,176.0,0.43,14613.0,33804,176.0
2026-05-08T18:01:05.588193500Z,TaxiAlgorithmP2PCollector,5,1000,20,50,1,nearest,1,4,1,BASELINE,7,116264432,Custom Time [micros],0.0,0.0,0.0,0.0,33804,0.0
2026-05-08T18:01:13.754006100Z,TaxiAlgorithmP2PCollector,5,1000,20,50,1,nearest,1,4,1,BASELINE,8,116264433,Taxi Travel Distance [km],61.99,356.11,169.23,3384.51,20,294.12
2026-05-08T18:01:13.754006100Z,TaxiAlgorithmP2PCollector,5,1000,20,50,1,nearest,1,4,1,BASELINE,8,116264433,Client Waiting Time [min],0.85,229.75,76.64,3065.47,40,228.9
2026-05-08T18:01:13.754006100Z,TaxiAlgorithmP2PCollector,5,1000,20,50,1,nearest,1,4,1,BASELINE,8,116264433,Client Travel Time [min],848.0,16389.0,6349.72,317486.0,50,15541.0
2026-05-08T18:01:13.754006100Z,TaxiAlgorithmP2PCollector,5,1000,20,50,1,nearest,1,4,1,BASELINE,8,116264433,Calculation Time [millis],0.0,156.0,0.45,7871.0,17458,156.0
2026-05-08T18:01:13.754006100Z,TaxiAlgorithmP2PCollector,5,1000,20,50,1,nearest,1,4,1,BASELINE,8,116264433,Custom Time [micros],0.0,0.0,0.0,0.0,17458,0.0
2026-05-08T18:01:31.829672300Z,TaxiAlgorithmP2PCollector,5,1000,20,50,1,nearest,1,4,1,BASELINE,9,116264434,Taxi Travel Distance [km],35.44,593.34,187.88,3757.63,20,557.9000000000001
2026-05-08T18:01:31.829672300Z,TaxiAlgorithmP2PCollector,5,1000,20,50,1,nearest,1,4,1,BASELINE,9,116264434,Client Waiting Time [min],0.62,286.6,72.72,2399.65,33,285.98
2026-05-08T18:01:31.829672300Z,TaxiAlgorithmP2PCollector,5,1000,20,50,1,nearest,1,4,1,BASELINE,9,116264434,Client Travel Time [min],292.0,37442.0,7565.88,378294.0,50,37150.0
2026-05-08T18:01:31.829672300Z,TaxiAlgorithmP2PCollector,5,1000,20,50,1,nearest,1,4,1,BASELINE,9,116264434,Calculation Time [millis],0.0,183.0,0.43,17789.0,41166,183.0
2026-05-08T18:01:31.829672300Z,TaxiAlgorithmP2PCollector,5,1000,20,50,1,nearest,1,4,1,BASELINE,9,116264434,Custom Time [micros],0.0,0.0,0.0,0.0,41166,0.0
2026-05-08T18:01:45.861667500Z,TaxiAlgorithmP2PCollector,5,1000,20,50,1,nearest,1,4,1,BASELINE,10,116264435,Taxi Travel Distance [km],14.38,572.08,175.69,3513.82,20,557.7
2026-05-08T18:01:45.861667500Z,TaxiAlgorithmP2PCollector,5,1000,20,50,1,nearest,1,4,1,BASELINE,10,116264435,Client Waiting Time [min],0.58,329.62,85.03,2976.1,35,329.04
2026-05-08T18:01:45.861667500Z,TaxiAlgorithmP2PCollector,5,1000,20,50,1,nearest,1,4,1,BASELINE,10,116264435,Client Travel Time [min],749.0,26187.0,8190.28,409514.0,50,25438.0
2026-05-08T18:01:45.861667500Z,TaxiAlgorithmP2PCollector,5,1000,20,50,1,nearest,1,4,1,BASELINE,10,116264435,Calculation Time [millis],0.0,145.0,0.45,13504.0,30236,145.0
2026-05-08T18:01:45.861667500Z,TaxiAlgorithmP2PCollector,5,1000,20,50,1,nearest,1,4,1,BASELINE,10,116264435,Custom Time [micros],0.0,0.0,0.0,0.0,30236,0.0
2026-05-08T18:02:10.743347500Z,TaxiAlgorithmP2PCollector,5,1000,20,100,1,nearest,1,4,1,BASELINE,1,116264426,Taxi Travel Distance [km],108.74,1084.6,459.84,9196.85,20,975.8599999999999
2026-05-08T18:02:10.743347500Z,TaxiAlgorithmP2PCollector,5,1000,20,100,1,nearest,1,4,1,BASELINE,1,116264426,Client Waiting Time [min],1.55,764.17,191.8,13618.05,71,762.62
2026-05-08T18:02:10.743347500Z,TaxiAlgorithmP2PCollector,5,1000,20,100,1,nearest,1,4,1,BASELINE,1,116264426,Client Travel Time [min],1088.0,49651.0,16677.57,1667757.0,100,48563.0
2026-05-08T18:02:10.743347500Z,TaxiAlgorithmP2PCollector,5,1000,20,100,1,nearest,1,4,1,BASELINE,1,116264426,Calculation Time [millis],0.0,190.0,0.45,24381.0,54265,190.0
2026-05-08T18:02:10.743347500Z,TaxiAlgorithmP2PCollector,5,1000,20,100,1,nearest,1,4,1,BASELINE,1,116264426,Custom Time [micros],0.0,0.0,0.0,0.0,54265,0.0
2026-05-08T18:02:47.764017400Z,TaxiAlgorithmP2PCollector,5,1000,20,100,1,nearest,1,4,1,BASELINE,2,116264427,Taxi Travel Distance [km],10.85,1741.05,423.0,8460.0,20,1730.2
2026-05-08T18:02:47.764017400Z,TaxiAlgorithmP2PCollector,5,1000,20,100,1,nearest,1,4,1,BASELINE,2,116264427,Client Waiting Time [min],2.23,972.83,170.05,9863.08,58,970.6
2026-05-08T18:02:47.764017400Z,TaxiAlgorithmP2PCollector,5,1000,20,100,1,nearest,1,4,1,BASELINE,2,116264427,Client Travel Time [min],1169.0,75463.0,22088.93,2208893.0,100,74294.0
2026-05-08T18:02:47.764017400Z,TaxiAlgorithmP2PCollector,5,1000,20,100,1,nearest,1,4,1,BASELINE,2,116264427,Calculation Time [millis],0.0,196.0,0.46,36217.0,79171,196.0
2026-05-08T18:02:47.764017400Z,TaxiAlgorithmP2PCollector,5,1000,20,100,1,nearest,1,4,1,BASELINE,2,116264427,Custom Time [micros],0.0,0.0,0.0,0.0,79171,0.0
2026-05-08T18:03:15.285015700Z,TaxiAlgorithmP2PCollector,5,1000,20,100,1,nearest,1,4,1,BASELINE,3,116264428,Taxi Travel Distance [km],80.21,811.37,474.22,9484.44,20,731.16
2026-05-08T18:03:15.285015700Z,TaxiAlgorithmP2PCollector,5,1000,20,100,1,nearest,1,4,1,BASELINE,3,116264428,Client Waiting Time [min],0.58,552.17,157.75,12935.75,82,551.5899999999999
2026-05-08T18:03:15.285015700Z,TaxiAlgorithmP2PCollector,5,1000,20,100,1,nearest,1,4,1,BASELINE,3,116264428,Client Travel Time [min],554.0,56025.0,13294.1,1329410.0,100,55471.0
2026-05-08T18:03:15.285015700Z,TaxiAlgorithmP2PCollector,5,1000,20,100,1,nearest,1,4,1,BASELINE,3,116264428,Calculation Time [millis],0.0,185.0,0.45,26621.0,59809,185.0
2026-05-08T18:03:15.285015700Z,TaxiAlgorithmP2PCollector,5,1000,20,100,1,nearest,1,4,1,BASELINE,3,116264428,Custom Time [micros],0.0,0.0,0.0,0.0,59809,0.0
2026-05-08T18:03:44.893256800Z,TaxiAlgorithmP2PCollector,5,1000,20,100,1,nearest,1,4,1,BASELINE,4,116264429,Taxi Travel Distance [km],99.58,1127.95,493.3,9865.99,20,1028.3700000000001
2026-05-08T18:03:44.893256800Z,TaxiAlgorithmP2PCollector,5,1000,20,100,1,nearest,1,4,1,BASELINE,4,116264429,Client Waiting Time [min],0.27,844.32,223.59,15427.8,69,844.0500000000001
2026-05-08T18:03:44.893256800Z,TaxiAlgorithmP2PCollector,5,1000,20,100,1,nearest,1,4,1,BASELINE,4,116264429,Client Travel Time [min],1114.0,60582.0,20318.33,2031833.0,100,59468.0
2026-05-08T18:03:44.893256800Z,TaxiAlgorithmP2PCollector,5,1000,20,100,1,nearest,1,4,1,BASELINE,4,116264429,Calculation Time [millis],0.0,179.0,0.46,28881.0,63447,179.0
2026-05-08T18:03:44.893256800Z,TaxiAlgorithmP2PCollector,5,1000,20,100,1,nearest,1,4,1,BASELINE,4,116264429,Custom Time [micros],0.0,0.0,0.0,0.0,63447,0.0
2026-05-08T18:04:20.486142400Z,TaxiAlgorithmP2PCollector,5,1000,20,100,1,nearest,1,4,1,BASELINE,5,116264430,Taxi Travel Distance [km],25.96,1016.33,403.51,8070.29,20,990.37
2026-05-08T18:04:20.486142400Z,TaxiAlgorithmP2PCollector,5,1000,20,100,1,nearest,1,4,1,BASELINE,5,116264430,Client Waiting Time [min],0.35,728.83,194.63,9537.03,49,728.48
2026-05-08T18:04:20.486142400Z,TaxiAlgorithmP2PCollector,5,1000,20,100,1,nearest,1,4,1,BASELINE,5,116264430,Client Travel Time [min],843.0,74319.0,23541.32,2354132.0,100,73476.0
2026-05-08T18:04:20.486142400Z,TaxiAlgorithmP2PCollector,5,1000,20,100,1,nearest,1,4,1,BASELINE,5,116264430,Calculation Time [millis],0.0,178.0,0.46,34723.0,75937,178.0
2026-05-08T18:04:20.486142400Z,TaxiAlgorithmP2PCollector,5,1000,20,100,1,nearest,1,4,1,BASELINE,5,116264430,Custom Time [micros],0.0,0.0,0.0,0.0,75937,0.0
2026-05-08T18:04:59.274235700Z,TaxiAlgorithmP2PCollector,5,1000,20,100,1,nearest,1,4,1,BASELINE,6,116264431,Taxi Travel Distance [km],139.74,1213.39,449.29,8985.81,20,1073.65
2026-05-08T18:04:59.274235700Z,TaxiAlgorithmP2PCollector,5,1000,20,100,1,nearest,1,4,1,BASELINE,6,116264431,Client Waiting Time [min],3.1,499.23,143.11,9588.15,67,496.13
2026-05-08T18:04:59.274235700Z,TaxiAlgorithmP2PCollector,5,1000,20,100,1,nearest,1,4,1,BASELINE,6,116264431,Client Travel Time [min],1192.0,78900.0,18866.71,1886671.0,100,77708.0
2026-05-08T18:04:59.274235700Z,TaxiAlgorithmP2PCollector,5,1000,20,100,1,nearest,1,4,1,BASELINE,6,116264431,Calculation Time [millis],0.0,199.0,0.46,38015.0,83285,199.0
2026-05-08T18:04:59.274235700Z,TaxiAlgorithmP2PCollector,5,1000,20,100,1,nearest,1,4,1,BASELINE,6,116264431,Custom Time [micros],0.0,0.0,0.0,0.0,83285,0.0
2026-05-08T18:05:34.638694Z,TaxiAlgorithmP2PCollector,5,1000,20,100,1,nearest,1,4,1,BASELINE,7,116264432,Taxi Travel Distance [km],26.26,1652.57,403.49,8069.74,20,1626.31
2026-05-08T18:05:34.638694Z,TaxiAlgorithmP2PCollector,5,1000,20,100,1,nearest,1,4,1,BASELINE,7,116264432,Client Waiting Time [min],2.68,937.92,212.58,11266.73,53,935.24
2026-05-08T18:05:34.638694Z,TaxiAlgorithmP2PCollector,5,1000,20,100,1,nearest,1,4,1,BASELINE,7,116264432,Client Travel Time [min],1363.0,72347.0,23560.07,2356007.0,100,70984.0
2026-05-08T18:05:34.638694Z,TaxiAlgorithmP2PCollector,5,1000,20,100,1,nearest,1,4,1,BASELINE,7,116264432,Calculation Time [millis],0.0,184.0,0.46,34622.0,75283,184.0
2026-05-08T18:05:34.638694Z,TaxiAlgorithmP2PCollector,5,1000,20,100,1,nearest,1,4,1,BASELINE,7,116264432,Custom Time [micros],0.0,0.0,0.0,0.0,75283,0.0
2026-05-08T18:06:10.857156900Z,TaxiAlgorithmP2PCollector,5,1000,20,100,1,nearest,1,4,1,BASELINE,8,116264433,Taxi Travel Distance [km],84.84,1680.17,721.12,14422.48,20,1595.3300000000002
2026-05-08T18:06:10.857156900Z,TaxiAlgorithmP2PCollector,5,1000,20,100,1,nearest,1,4,1,BASELINE,8,116264433,Client Waiting Time [min],0.63,940.43,224.16,16587.88,74,939.8
2026-05-08T18:06:10.857156900Z,TaxiAlgorithmP2PCollector,5,1000,20,100,1,nearest,1,4,1,BASELINE,8,116264433,Client Travel Time [min],895.0,73854.0,18845.13,1884513.0,100,72959.0
2026-05-08T18:06:10.857156900Z,TaxiAlgorithmP2PCollector,5,1000,20,100,1,nearest,1,4,1,BASELINE,8,116264433,Calculation Time [millis],0.0,182.0,0.45,35454.0,77967,182.0
2026-05-08T18:06:10.857156900Z,TaxiAlgorithmP2PCollector,5,1000,20,100,1,nearest,1,4,1,BASELINE,8,116264433,Custom Time [micros],0.0,0.0,0.0,0.0,77967,0.0
2026-05-08T18:06:42.566540200Z,TaxiAlgorithmP2PCollector,5,1000,20,100,1,nearest,1,4,1,BASELINE,9,116264434,Taxi Travel Distance [km],39.01,1489.81,522.78,10455.51,20,1450.8
2026-05-08T18:06:42.566540200Z,TaxiAlgorithmP2PCollector,5,1000,20,100,1,nearest,1,4,1,BASELINE,9,116264434,Client Waiting Time [min],0.12,758.52,216.66,15382.98,71,758.4
2026-05-08T18:06:42.566540200Z,TaxiAlgorithmP2PCollector,5,1000,20,100,1,nearest,1,4,1,BASELINE,9,116264434,Client Travel Time [min],1291.0,63404.0,17377.7,1737770.0,100,62113.0
2026-05-08T18:06:42.566540200Z,TaxiAlgorithmP2PCollector,5,1000,20,100,1,nearest,1,4,1,BASELINE,9,116264434,Calculation Time [millis],0.0,173.0,0.45,30841.0,68020,173.0
2026-05-08T18:06:42.566540200Z,TaxiAlgorithmP2PCollector,5,1000,20,100,1,nearest,1,4,1,BASELINE,9,116264434,Custom Time [micros],0.0,0.0,0.0,0.0,68020,0.0
2026-05-08T18:07:15.588727100Z,TaxiAlgorithmP2PCollector,5,1000,20,100,1,nearest,1,4,1,BASELINE,10,116264435,Taxi Travel Distance [km],21.32,1553.13,417.23,8344.63,20,1531.8100000000002
2026-05-08T18:07:15.588727100Z,TaxiAlgorithmP2PCollector,5,1000,20,100,1,nearest,1,4,1,BASELINE,10,116264435,Client Waiting Time [min],1.83,646.05,134.87,5934.1,44,644.2199999999999
2026-05-08T18:07:15.588727100Z,TaxiAlgorithmP2PCollector,5,1000,20,100,1,nearest,1,4,1,BASELINE,10,116264435,Client Travel Time [min],1702.0,68532.0,22828.82,2282882.0,100,66830.0
2026-05-08T18:07:15.588727100Z,TaxiAlgorithmP2PCollector,5,1000,20,100,1,nearest,1,4,1,BASELINE,10,116264435,Calculation Time [millis],0.0,174.0,0.46,32090.0,70503,174.0
2026-05-08T18:07:15.588727100Z,TaxiAlgorithmP2PCollector,5,1000,20,100,1,nearest,1,4,1,BASELINE,10,116264435,Custom Time [micros],0.0,0.0,0.0,0.0,70503,0.0
2026-05-08T18:07:16.181766400Z,TaxiAlgorithmP2PCollector,5,5000,5,25,1,nearest,1,4,1,BASELINE,1,116264426,Taxi Travel Distance [km],102.18,127.35,115.87,579.33,5,25.169999999999987
2026-05-08T18:07:16.181766400Z,TaxiAlgorithmP2PCollector,5,5000,5,25,1,nearest,1,4,1,BASELINE,1,116264426,Client Waiting Time [min],0.18,50.17,13.7,328.92,24,49.99
2026-05-08T18:07:16.181766400Z,TaxiAlgorithmP2PCollector,5,5000,5,25,1,nearest,1,4,1,BASELINE,1,116264426,Client Travel Time [min],77.0,3686.0,1241.24,31031.0,25,3609.0
2026-05-08T18:07:16.181766400Z,TaxiAlgorithmP2PCollector,5,5000,5,25,1,nearest,1,4,1,BASELINE,1,116264426,Calculation Time [millis],0.0,0.0,0.02,172.0,6913,0.0
2026-05-08T18:07:16.181766400Z,TaxiAlgorithmP2PCollector,5,5000,5,25,1,nearest,1,4,1,BASELINE,1,116264426,Custom Time [micros],0.0,0.0,0.0,0.0,6913,0.0
2026-05-08T18:07:16.383776Z,TaxiAlgorithmP2PCollector,5,5000,5,25,1,nearest,1,4,1,BASELINE,2,116264427,Taxi Travel Distance [km],83.43,112.21,98.76,493.79,5,28.779999999999987
2026-05-08T18:07:16.383776Z,TaxiAlgorithmP2PCollector,5,5000,5,25,1,nearest,1,4,1,BASELINE,2,116264427,Client Waiting Time [min],0.88,37.85,12.17,304.35,25,36.97
2026-05-08T18:07:16.383776Z,TaxiAlgorithmP2PCollector,5,5000,5,25,1,nearest,1,4,1,BASELINE,2,116264427,Client Travel Time [min],388.0,2974.0,1210.8,30270.0,25,2586.0
2026-05-08T18:07:16.383776Z,TaxiAlgorithmP2PCollector,5,5000,5,25,1,nearest,1,4,1,BASELINE,2,116264427,Calculation Time [millis],0.0,0.0,0.02,127.0,5629,0.0
2026-05-08T18:07:16.383776Z,TaxiAlgorithmP2PCollector,5,5000,5,25,1,nearest,1,4,1,BASELINE,2,116264427,Custom Time [micros],0.0,0.0,0.0,0.0,5629,0.0
2026-05-08T18:07:16.913352300Z,TaxiAlgorithmP2PCollector,5,5000,5,25,1,nearest,1,4,1,BASELINE,3,116264428,Taxi Travel Distance [km],39.35,149.67,108.72,543.61,5,110.32
2026-05-08T18:07:16.913352300Z,TaxiAlgorithmP2PCollector,5,5000,5,25,1,nearest,1,4,1,BASELINE,3,116264428,Client Waiting Time [min],1.02,90.02,15.94,382.57,24,89.0
2026-05-08T18:07:16.913352300Z,TaxiAlgorithmP2PCollector,5,5000,5,25,1,nearest,1,4,1,BASELINE,3,116264428,Client Travel Time [min],373.0,11111.0,1793.0,44825.0,25,10738.0
2026-05-08T18:07:16.913352300Z,TaxiAlgorithmP2PCollector,5,5000,5,25,1,nearest,1,4,1,BASELINE,3,116264428,Calculation Time [millis],0.0,0.0,0.03,402.0,14386,0.0
2026-05-08T18:07:16.913352300Z,TaxiAlgorithmP2PCollector,5,5000,5,25,1,nearest,1,4,1,BASELINE,3,116264428,Custom Time [micros],0.0,0.0,0.0,0.0,14386,0.0
2026-05-08T18:07:17.162351700Z,TaxiAlgorithmP2PCollector,5,5000,5,25,1,nearest,1,4,1,BASELINE,4,116264429,Taxi Travel Distance [km],72.76,131.21,107.36,536.79,5,58.45
2026-05-08T18:07:17.162351700Z,TaxiAlgorithmP2PCollector,5,5000,5,25,1,nearest,1,4,1,BASELINE,4,116264429,Client Waiting Time [min],0.98,65.58,15.88,397.0,25,64.6
2026-05-08T18:07:17.162351700Z,TaxiAlgorithmP2PCollector,5,5000,5,25,1,nearest,1,4,1,BASELINE,4,116264429,Client Travel Time [min],267.0,4164.0,1380.8,34520.0,25,3897.0
2026-05-08T18:07:17.162351700Z,TaxiAlgorithmP2PCollector,5,5000,5,25,1,nearest,1,4,1,BASELINE,4,116264429,Calculation Time [millis],0.0,0.0,0.02,155.0,6318,0.0
2026-05-08T18:07:17.162351700Z,TaxiAlgorithmP2PCollector,5,5000,5,25,1,nearest,1,4,1,BASELINE,4,116264429,Custom Time [micros],0.0,0.0,0.0,0.0,6318,0.0
2026-05-08T18:07:17.488895300Z,TaxiAlgorithmP2PCollector,5,5000,5,25,1,nearest,1,4,1,BASELINE,5,116264430,Taxi Travel Distance [km],72.1,190.82,111.1,555.51,5,118.72
2026-05-08T18:07:17.488895300Z,TaxiAlgorithmP2PCollector,5,5000,5,25,1,nearest,1,4,1,BASELINE,5,116264430,Client Waiting Time [min],2.28,93.13,22.62,565.47,25,90.85
2026-05-08T18:07:17.488895300Z,TaxiAlgorithmP2PCollector,5,5000,5,25,1,nearest,1,4,1,BASELINE,5,116264430,Client Travel Time [min],310.0,5951.0,1778.36,44459.0,25,5641.0
2026-05-08T18:07:17.488895300Z,TaxiAlgorithmP2PCollector,5,5000,5,25,1,nearest,1,4,1,BASELINE,5,116264430,Calculation Time [millis],0.0,0.0,0.03,256.0,10090,0.0
2026-05-08T18:07:17.488895300Z,TaxiAlgorithmP2PCollector,5,5000,5,25,1,nearest,1,4,1,BASELINE,5,116264430,Custom Time [micros],0.0,0.0,0.0,0.0,10090,0.0
2026-05-08T18:07:17.737895100Z,TaxiAlgorithmP2PCollector,5,5000,5,25,1,nearest,1,4,1,BASELINE,6,116264431,Taxi Travel Distance [km],98.73,126.09,115.42,577.11,5,27.36
2026-05-08T18:07:17.737895100Z,TaxiAlgorithmP2PCollector,5,5000,5,25,1,nearest,1,4,1,BASELINE,6,116264431,Client Waiting Time [min],0.87,52.43,12.65,316.35,25,51.56
2026-05-08T18:07:17.737895100Z,TaxiAlgorithmP2PCollector,5,5000,5,25,1,nearest,1,4,1,BASELINE,6,116264431,Client Travel Time [min],267.0,3613.0,1216.92,30423.0,25,3346.0
2026-05-08T18:07:17.737895100Z,TaxiAlgorithmP2PCollector,5,5000,5,25,1,nearest,1,4,1,BASELINE,6,116264431,Calculation Time [millis],0.0,0.0,0.02,157.0,6311,0.0
2026-05-08T18:07:17.737895100Z,TaxiAlgorithmP2PCollector,5,5000,5,25,1,nearest,1,4,1,BASELINE,6,116264431,Custom Time [micros],0.0,0.0,0.0,0.0,6311,0.0
2026-05-08T18:07:17.952895200Z,TaxiAlgorithmP2PCollector,5,5000,5,25,1,nearest,1,4,1,BASELINE,7,116264432,Taxi Travel Distance [km],98.32,136.97,114.01,570.06,5,38.650000000000006
2026-05-08T18:07:17.952895200Z,TaxiAlgorithmP2PCollector,5,5000,5,25,1,nearest,1,4,1,BASELINE,7,116264432,Client Waiting Time [min],0.52,56.17,11.71,281.03,24,55.65
2026-05-08T18:07:17.952895200Z,TaxiAlgorithmP2PCollector,5,5000,5,25,1,nearest,1,4,1,BASELINE,7,116264432,Client Travel Time [min],160.0,3764.0,1164.76,29119.0,25,3604.0
2026-05-08T18:07:17.952895200Z,TaxiAlgorithmP2PCollector,5,5000,5,25,1,nearest,1,4,1,BASELINE,7,116264432,Calculation Time [millis],0.0,0.0,0.02,141.0,6790,0.0
2026-05-08T18:07:17.952895200Z,TaxiAlgorithmP2PCollector,5,5000,5,25,1,nearest,1,4,1,BASELINE,7,116264432,Custom Time [micros],0.0,0.0,0.0,0.0,6790,0.0
2026-05-08T18:07:18.139895400Z,TaxiAlgorithmP2PCollector,5,5000,5,25,1,nearest,1,4,1,BASELINE,8,116264433,Taxi Travel Distance [km],85.03,116.47,105.52,527.6,5,31.439999999999998
2026-05-08T18:07:18.139895400Z,TaxiAlgorithmP2PCollector,5,5000,5,25,1,nearest,1,4,1,BASELINE,8,116264433,Client Waiting Time [min],1.3,55.08,13.97,349.18,25,53.78
2026-05-08T18:07:18.139895400Z,TaxiAlgorithmP2PCollector,5,5000,5,25,1,nearest,1,4,1,BASELINE,8,116264433,Client Travel Time [min],295.0,3923.0,1344.28,33607.0,25,3628.0
2026-05-08T18:07:18.139895400Z,TaxiAlgorithmP2PCollector,5,5000,5,25,1,nearest,1,4,1,BASELINE,8,116264433,Calculation Time [millis],0.0,0.0,0.02,137.0,6244,0.0
2026-05-08T18:07:18.139895400Z,TaxiAlgorithmP2PCollector,5,5000,5,25,1,nearest,1,4,1,BASELINE,8,116264433,Custom Time [micros],0.0,0.0,0.0,0.0,6244,0.0
2026-05-08T18:07:18.420135200Z,TaxiAlgorithmP2PCollector,5,5000,5,25,1,nearest,1,4,1,BASELINE,9,116264434,Taxi Travel Distance [km],78.79,137.38,109.48,547.4,5,58.58999999999999
2026-05-08T18:07:18.420135200Z,TaxiAlgorithmP2PCollector,5,5000,5,25,1,nearest,1,4,1,BASELINE,9,116264434,Client Waiting Time [min],0.18,51.68,11.78,294.38,25,51.5
2026-05-08T18:07:18.420135200Z,TaxiAlgorithmP2PCollector,5,5000,5,25,1,nearest,1,4,1,BASELINE,9,116264434,Client Travel Time [min],197.0,3613.0,1084.6,27115.0,25,3416.0
2026-05-08T18:07:18.420135200Z,TaxiAlgorithmP2PCollector,5,5000,5,25,1,nearest,1,4,1,BASELINE,9,116264434,Calculation Time [millis],0.0,24.0,0.03,193.0,7099,24.0
2026-05-08T18:07:18.420135200Z,TaxiAlgorithmP2PCollector,5,5000,5,25,1,nearest,1,4,1,BASELINE,9,116264434,Custom Time [micros],0.0,0.0,0.0,0.0,7099,0.0
2026-05-08T18:07:18.734140200Z,TaxiAlgorithmP2PCollector,5,5000,5,25,1,nearest,1,4,1,BASELINE,10,116264435,Taxi Travel Distance [km],21.36,192.04,108.6,543.0,5,170.68
2026-05-08T18:07:18.734140200Z,TaxiAlgorithmP2PCollector,5,5000,5,25,1,nearest,1,4,1,BASELINE,10,116264435,Client Waiting Time [min],1.1,113.0,20.96,524.07,25,111.9
2026-05-08T18:07:18.734140200Z,TaxiAlgorithmP2PCollector,5,5000,5,25,1,nearest,1,4,1,BASELINE,10,116264435,Client Travel Time [min],261.0,6870.0,1565.68,39142.0,25,6609.0
2026-05-08T18:07:18.734140200Z,TaxiAlgorithmP2PCollector,5,5000,5,25,1,nearest,1,4,1,BASELINE,10,116264435,Calculation Time [millis],0.0,0.0,0.02,252.0,11022,0.0
2026-05-08T18:07:18.734140200Z,TaxiAlgorithmP2PCollector,5,5000,5,25,1,nearest,1,4,1,BASELINE,10,116264435,Custom Time [micros],0.0,0.0,0.0,0.0,11022,0.0
2026-05-08T18:07:19.139829100Z,TaxiAlgorithmP2PCollector,5,5000,10,25,1,nearest,1,4,1,BASELINE,1,116264426,Taxi Travel Distance [km],56.07,112.86,82.24,822.37,10,56.79
2026-05-08T18:07:19.139829100Z,TaxiAlgorithmP2PCollector,5,5000,10,25,1,nearest,1,4,1,BASELINE,1,116264426,Client Waiting Time [min],0.95,17.23,6.23,149.5,24,16.28
2026-05-08T18:07:19.139829100Z,TaxiAlgorithmP2PCollector,5,5000,10,25,1,nearest,1,4,1,BASELINE,1,116264426,Client Travel Time [min],198.0,1554.0,836.12,20903.0,25,1356.0
2026-05-08T18:07:19.139829100Z,TaxiAlgorithmP2PCollector,5,5000,10,25,1,nearest,1,4,1,BASELINE,1,116264426,Calculation Time [millis],0.0,0.0,0.05,308.0,5674,0.0
2026-05-08T18:07:19.139829100Z,TaxiAlgorithmP2PCollector,5,5000,10,25,1,nearest,1,4,1,BASELINE,1,116264426,Custom Time [micros],0.0,0.0,0.0,0.0,5674,0.0
2026-05-08T18:07:19.510836900Z,TaxiAlgorithmP2PCollector,5,5000,10,25,1,nearest,1,4,1,BASELINE,2,116264427,Taxi Travel Distance [km],37.34,98.07,70.09,700.88,10,60.72999999999999
2026-05-08T18:07:19.510836900Z,TaxiAlgorithmP2PCollector,5,5000,10,25,1,nearest,1,4,1,BASELINE,2,116264427,Client Waiting Time [min],0.9,33.93,6.68,167.05,25,33.03
2026-05-08T18:07:19.510836900Z,TaxiAlgorithmP2PCollector,5,5000,10,25,1,nearest,1,4,1,BASELINE,2,116264427,Client Travel Time [min],338.0,2679.0,913.6,22840.0,25,2341.0
2026-05-08T18:07:19.510836900Z,TaxiAlgorithmP2PCollector,5,5000,10,25,1,nearest,1,4,1,BASELINE,2,116264427,Calculation Time [millis],0.0,0.0,0.05,275.0,5276,0.0
2026-05-08T18:07:19.510836900Z,TaxiAlgorithmP2PCollector,5,5000,10,25,1,nearest,1,4,1,BASELINE,2,116264427,Custom Time [micros],0.0,0.0,0.0,0.0,5276,0.0
2026-05-08T18:07:19.727836900Z,TaxiAlgorithmP2PCollector,5,5000,10,25,1,nearest,1,4,1,BASELINE,3,116264428,Taxi Travel Distance [km],49.13,95.05,67.85,678.54,10,45.919999999999995
2026-05-08T18:07:19.727836900Z,TaxiAlgorithmP2PCollector,5,5000,10,25,1,nearest,1,4,1,BASELINE,3,116264428,Client Waiting Time [min],1.58,14.75,5.7,142.42,25,13.17
2026-05-08T18:07:19.727836900Z,TaxiAlgorithmP2PCollector,5,5000,10,25,1,nearest,1,4,1,BASELINE,3,116264428,Client Travel Time [min],423.0,1382.0,844.8,21120.0,25,959.0
2026-05-08T18:07:19.727836900Z,TaxiAlgorithmP2PCollector,5,5000,10,25,1,nearest,1,4,1,BASELINE,3,116264428,Calculation Time [millis],0.0,0.0,0.02,135.0,6158,0.0
2026-05-08T18:07:19.727836900Z,TaxiAlgorithmP2PCollector,5,5000,10,25,1,nearest,1,4,1,BASELINE,3,116264428,Custom Time [micros],0.0,0.0,0.0,0.0,6158,0.0
2026-05-08T18:07:20.147523300Z,TaxiAlgorithmP2PCollector,5,5000,10,25,1,nearest,1,4,1,BASELINE,4,116264429,Taxi Travel Distance [km],51.89,100.06,78.7,786.96,10,48.17
2026-05-08T18:07:20.147523300Z,TaxiAlgorithmP2PCollector,5,5000,10,25,1,nearest,1,4,1,BASELINE,4,116264429,Client Waiting Time [min],1.47,29.8,7.46,186.48,25,28.330000000000002
2026-05-08T18:07:20.147523300Z,TaxiAlgorithmP2PCollector,5,5000,10,25,1,nearest,1,4,1,BASELINE,4,116264429,Client Travel Time [min],251.0,2119.0,908.84,22721.0,25,1868.0
2026-05-08T18:07:20.147523300Z,TaxiAlgorithmP2PCollector,5,5000,10,25,1,nearest,1,4,1,BASELINE,4,116264429,Calculation Time [millis],0.0,26.0,0.06,336.0,5595,26.0
2026-05-08T18:07:20.147523300Z,TaxiAlgorithmP2PCollector,5,5000,10,25,1,nearest,1,4,1,BASELINE,4,116264429,Custom Time [micros],0.0,0.0,0.0,0.0,5595,0.0
2026-05-08T18:07:20.512524300Z,TaxiAlgorithmP2PCollector,5,5000,10,25,1,nearest,1,4,1,BASELINE,5,116264430,Taxi Travel Distance [km],31.92,95.83,71.62,716.22,10,63.91
2026-05-08T18:07:20.512524300Z,TaxiAlgorithmP2PCollector,5,5000,10,25,1,nearest,1,4,1,BASELINE,5,116264430,Client Waiting Time [min],0.35,26.55,6.87,171.63,25,26.2
2026-05-08T18:07:20.512524300Z,TaxiAlgorithmP2PCollector,5,5000,10,25,1,nearest,1,4,1,BASELINE,5,116264430,Client Travel Time [min],345.0,1912.0,867.64,21691.0,25,1567.0
2026-05-08T18:07:20.512524300Z,TaxiAlgorithmP2PCollector,5,5000,10,25,1,nearest,1,4,1,BASELINE,5,116264430,Calculation Time [millis],0.0,0.0,0.05,291.0,5831,0.0
2026-05-08T18:07:20.512524300Z,TaxiAlgorithmP2PCollector,5,5000,10,25,1,nearest,1,4,1,BASELINE,5,116264430,Custom Time [micros],0.0,0.0,0.0,0.0,5831,0.0
2026-05-08T18:07:20.794527100Z,TaxiAlgorithmP2PCollector,5,5000,10,25,1,nearest,1,4,1,BASELINE,6,116264431,Taxi Travel Distance [km],61.42,110.48,79.41,794.12,10,49.06
2026-05-08T18:07:20.794527100Z,TaxiAlgorithmP2PCollector,5,5000,10,25,1,nearest,1,4,1,BASELINE,6,116264431,Client Waiting Time [min],1.02,18.57,6.06,151.43,25,17.55
2026-05-08T18:07:20.794527100Z,TaxiAlgorithmP2PCollector,5,5000,10,25,1,nearest,1,4,1,BASELINE,6,116264431,Client Travel Time [min],168.0,1736.0,862.72,21568.0,25,1568.0
2026-05-08T18:07:20.794527100Z,TaxiAlgorithmP2PCollector,5,5000,10,25,1,nearest,1,4,1,BASELINE,6,116264431,Calculation Time [millis],0.0,0.0,0.03,186.0,6121,0.0
2026-05-08T18:07:20.794527100Z,TaxiAlgorithmP2PCollector,5,5000,10,25,1,nearest,1,4,1,BASELINE,6,116264431,Custom Time [micros],0.0,0.0,0.0,0.0,6121,0.0
2026-05-08T18:07:21.348524900Z,TaxiAlgorithmP2PCollector,5,5000,10,25,1,nearest,1,4,1,BASELINE,7,116264432,Taxi Travel Distance [km],33.48,112.44,85.12,851.25,10,78.96000000000001
2026-05-08T18:07:21.348524900Z,TaxiAlgorithmP2PCollector,5,5000,10,25,1,nearest,1,4,1,BASELINE,7,116264432,Client Waiting Time [min],0.17,54.92,8.33,199.85,24,54.75
2026-05-08T18:07:21.348524900Z,TaxiAlgorithmP2PCollector,5,5000,10,25,1,nearest,1,4,1,BASELINE,7,116264432,Client Travel Time [min],160.0,3692.0,975.8,24395.0,25,3532.0
2026-05-08T18:07:21.348524900Z,TaxiAlgorithmP2PCollector,5,5000,10,25,1,nearest,1,4,1,BASELINE,7,116264432,Calculation Time [millis],0.0,0.0,0.08,469.0,5698,0.0
2026-05-08T18:07:21.348524900Z,TaxiAlgorithmP2PCollector,5,5000,10,25,1,nearest,1,4,1,BASELINE,7,116264432,Custom Time [micros],0.0,0.0,0.0,0.0,5698,0.0
2026-05-08T18:07:21.750527100Z,TaxiAlgorithmP2PCollector,5,5000,10,25,1,nearest,1,4,1,BASELINE,8,116264433,Taxi Travel Distance [km],75.76,98.82,83.73,837.25,10,23.059999999999988
2026-05-08T18:07:21.750527100Z,TaxiAlgorithmP2PCollector,5,5000,10,25,1,nearest,1,4,1,BASELINE,8,116264433,Client Waiting Time [min],0.73,31.8,6.87,171.72,25,31.07
2026-05-08T18:07:21.750527100Z,TaxiAlgorithmP2PCollector,5,5000,10,25,1,nearest,1,4,1,BASELINE,8,116264433,Client Travel Time [min],262.0,2751.0,949.24,23731.0,25,2489.0
2026-05-08T18:07:21.750527100Z,TaxiAlgorithmP2PCollector,5,5000,10,25,1,nearest,1,4,1,BASELINE,8,116264433,Calculation Time [millis],0.0,0.0,0.05,269.0,5940,0.0
2026-05-08T18:07:21.750527100Z,TaxiAlgorithmP2PCollector,5,5000,10,25,1,nearest,1,4,1,BASELINE,8,116264433,Custom Time [micros],0.0,0.0,0.0,0.0,5940,0.0
2026-05-08T18:07:22.150526800Z,TaxiAlgorithmP2PCollector,5,5000,10,25,1,nearest,1,4,1,BASELINE,9,116264434,Taxi Travel Distance [km],20.28,109.2,69.62,696.19,10,88.92
2026-05-08T18:07:22.150526800Z,TaxiAlgorithmP2PCollector,5,5000,10,25,1,nearest,1,4,1,BASELINE,9,116264434,Client Waiting Time [min],1.0,30.78,6.17,154.18,25,29.78
2026-05-08T18:07:22.150526800Z,TaxiAlgorithmP2PCollector,5,5000,10,25,1,nearest,1,4,1,BASELINE,9,116264434,Client Travel Time [min],250.0,2241.0,748.76,18719.0,25,1991.0
2026-05-08T18:07:22.150526800Z,TaxiAlgorithmP2PCollector,5,5000,10,25,1,nearest,1,4,1,BASELINE,9,116264434,Calculation Time [millis],0.0,28.0,0.05,290.0,5943,28.0
2026-05-08T18:07:22.150526800Z,TaxiAlgorithmP2PCollector,5,5000,10,25,1,nearest,1,4,1,BASELINE,9,116264434,Custom Time [micros],0.0,0.0,0.0,0.0,5943,0.0
2026-05-08T18:07:22.369526800Z,TaxiAlgorithmP2PCollector,5,5000,10,25,1,nearest,1,4,1,BASELINE,10,116264435,Taxi Travel Distance [km],42.72,71.61,53.9,539.01,10,28.89
2026-05-08T18:07:22.369526800Z,TaxiAlgorithmP2PCollector,5,5000,10,25,1,nearest,1,4,1,BASELINE,10,116264435,Client Waiting Time [min],0.73,15.0,4.68,117.12,25,14.27
2026-05-08T18:07:22.369526800Z,TaxiAlgorithmP2PCollector,5,5000,10,25,1,nearest,1,4,1,BASELINE,10,116264435,Client Travel Time [min],167.0,1273.0,624.6,15615.0,25,1106.0
2026-05-08T18:07:22.369526800Z,TaxiAlgorithmP2PCollector,5,5000,10,25,1,nearest,1,4,1,BASELINE,10,116264435,Calculation Time [millis],0.0,0.0,0.02,138.0,5602,0.0
2026-05-08T18:07:22.369526800Z,TaxiAlgorithmP2PCollector,5,5000,10,25,1,nearest,1,4,1,BASELINE,10,116264435,Custom Time [micros],0.0,0.0,0.0,0.0,5602,0.0
2026-05-08T18:07:23.513572600Z,TaxiAlgorithmP2PCollector,5,5000,10,50,1,nearest,1,4,1,BASELINE,1,116264426,Taxi Travel Distance [km],105.32,241.23,188.29,1882.94,10,135.91
2026-05-08T18:07:23.513572600Z,TaxiAlgorithmP2PCollector,5,5000,10,50,1,nearest,1,4,1,BASELINE,1,116264426,Client Waiting Time [min],1.55,152.97,34.75,1702.75,49,151.42
2026-05-08T18:07:23.513572600Z,TaxiAlgorithmP2PCollector,5,5000,10,50,1,nearest,1,4,1,BASELINE,1,116264426,Client Travel Time [min],481.0,9847.0,2856.94,142847.0,50,9366.0
2026-05-08T18:07:23.513572600Z,TaxiAlgorithmP2PCollector,5,5000,10,50,1,nearest,1,4,1,BASELINE,1,116264426,Calculation Time [millis],0.0,0.0,0.09,1026.0,11246,0.0
2026-05-08T18:07:23.513572600Z,TaxiAlgorithmP2PCollector,5,5000,10,50,1,nearest,1,4,1,BASELINE,1,116264426,Custom Time [micros],0.0,0.0,0.0,0.0,11246,0.0
2026-05-08T18:07:24.744572600Z,TaxiAlgorithmP2PCollector,5,5000,10,50,1,nearest,1,4,1,BASELINE,2,116264427,Taxi Travel Distance [km],59.66,231.68,177.45,1774.49,10,172.02
2026-05-08T18:07:24.744572600Z,TaxiAlgorithmP2PCollector,5,5000,10,50,1,nearest,1,4,1,BASELINE,2,116264427,Client Waiting Time [min],1.97,124.3,29.82,1431.47,48,122.33
2026-05-08T18:07:24.744572600Z,TaxiAlgorithmP2PCollector,5,5000,10,50,1,nearest,1,4,1,BASELINE,2,116264427,Client Travel Time [min],470.0,8894.0,2554.68,127734.0,50,8424.0
2026-05-08T18:07:24.744572600Z,TaxiAlgorithmP2PCollector,5,5000,10,50,1,nearest,1,4,1,BASELINE,2,116264427,Calculation Time [millis],0.0,30.0,0.1,1026.0,10690,30.0
2026-05-08T18:07:24.744572600Z,TaxiAlgorithmP2PCollector,5,5000,10,50,1,nearest,1,4,1,BASELINE,2,116264427,Custom Time [micros],0.0,0.0,0.0,0.0,10690,0.0
2026-05-08T18:07:26.802147700Z,TaxiAlgorithmP2PCollector,5,5000,10,50,1,nearest,1,4,1,BASELINE,3,116264428,Taxi Travel Distance [km],41.59,366.37,180.35,1803.49,10,324.78
2026-05-08T18:07:26.802147700Z,TaxiAlgorithmP2PCollector,5,5000,10,50,1,nearest,1,4,1,BASELINE,3,116264428,Client Waiting Time [min],1.22,168.85,37.97,1708.5,45,167.63
2026-05-08T18:07:26.802147700Z,TaxiAlgorithmP2PCollector,5,5000,10,50,1,nearest,1,4,1,BASELINE,3,116264428,Client Travel Time [min],492.0,15112.0,3946.86,197343.0,50,14620.0
2026-05-08T18:07:26.802147700Z,TaxiAlgorithmP2PCollector,5,5000,10,50,1,nearest,1,4,1,BASELINE,3,116264428,Calculation Time [millis],0.0,48.0,0.11,1861.0,17508,48.0
2026-05-08T18:07:26.802147700Z,TaxiAlgorithmP2PCollector,5,5000,10,50,1,nearest,1,4,1,BASELINE,3,116264428,Custom Time [micros],0.0,0.0,0.0,0.0,17508,0.0
2026-05-08T18:07:30.044972200Z,TaxiAlgorithmP2PCollector,5,5000,10,50,1,nearest,1,4,1,BASELINE,4,116264429,Taxi Travel Distance [km],116.04,201.49,160.02,1600.18,10,85.45
2026-05-08T18:07:30.044972200Z,TaxiAlgorithmP2PCollector,5,5000,10,50,1,nearest,1,4,1,BASELINE,4,116264429,Client Waiting Time [min],2.35,88.83,23.71,995.72,42,86.48
2026-05-08T18:07:30.044972200Z,TaxiAlgorithmP2PCollector,5,5000,10,50,1,nearest,1,4,1,BASELINE,4,116264429,Client Travel Time [min],660.0,24537.0,4262.32,213116.0,50,23877.0
2026-05-08T18:07:30.044972200Z,TaxiAlgorithmP2PCollector,5,5000,10,50,1,nearest,1,4,1,BASELINE,4,116264429,Calculation Time [millis],0.0,66.0,0.11,3002.0,27940,66.0
2026-05-08T18:07:30.044972200Z,TaxiAlgorithmP2PCollector,5,5000,10,50,1,nearest,1,4,1,BASELINE,4,116264429,Custom Time [micros],0.0,0.0,0.0,0.0,27940,0.0
2026-05-08T18:07:31.349523200Z,TaxiAlgorithmP2PCollector,5,5000,10,50,1,nearest,1,4,1,BASELINE,5,116264430,Taxi Travel Distance [km],50.16,247.09,187.22,1872.23,10,196.93
2026-05-08T18:07:31.349523200Z,TaxiAlgorithmP2PCollector,5,5000,10,50,1,nearest,1,4,1,BASELINE,5,116264430,Client Waiting Time [min],1.45,157.3,44.39,2130.52,48,155.85000000000002
2026-05-08T18:07:31.349523200Z,TaxiAlgorithmP2PCollector,5,5000,10,50,1,nearest,1,4,1,BASELINE,5,116264430,Client Travel Time [min],457.0,10284.0,3659.0,182950.0,50,9827.0
2026-05-08T18:07:31.349523200Z,TaxiAlgorithmP2PCollector,5,5000,10,50,1,nearest,1,4,1,BASELINE,5,116264430,Calculation Time [millis],0.0,33.0,0.09,1103.0,11829,33.0
2026-05-08T18:07:31.349523200Z,TaxiAlgorithmP2PCollector,5,5000,10,50,1,nearest,1,4,1,BASELINE,5,116264430,Custom Time [micros],0.0,0.0,0.0,0.0,11829,0.0
2026-05-08T18:07:34.482947500Z,TaxiAlgorithmP2PCollector,5,5000,10,50,1,nearest,1,4,1,BASELINE,6,116264431,Taxi Travel Distance [km],164.83,568.79,321.32,3213.24,10,403.9599999999999
2026-05-08T18:07:34.482947500Z,TaxiAlgorithmP2PCollector,5,5000,10,50,1,nearest,1,4,1,BASELINE,6,116264431,Client Waiting Time [min],0.97,427.8,63.31,3038.87,48,426.83
2026-05-08T18:07:34.482947500Z,TaxiAlgorithmP2PCollector,5,5000,10,50,1,nearest,1,4,1,BASELINE,6,116264431,Client Travel Time [min],327.0,25828.0,4706.76,235338.0,50,25501.0
2026-05-08T18:07:34.482947500Z,TaxiAlgorithmP2PCollector,5,5000,10,50,1,nearest,1,4,1,BASELINE,6,116264431,Calculation Time [millis],0.0,76.0,0.1,2969.0,29207,76.0
2026-05-08T18:07:34.482947500Z,TaxiAlgorithmP2PCollector,5,5000,10,50,1,nearest,1,4,1,BASELINE,6,116264431,Custom Time [micros],0.0,0.0,0.0,0.0,29207,0.0
2026-05-08T18:07:38.217214Z,TaxiAlgorithmP2PCollector,5,5000,10,50,1,nearest,1,4,1,BASELINE,7,116264432,Taxi Travel Distance [km],89.36,358.17,179.52,1795.23,10,268.81
2026-05-08T18:07:38.217214Z,TaxiAlgorithmP2PCollector,5,5000,10,50,1,nearest,1,4,1,BASELINE,7,116264432,Client Waiting Time [min],0.1,256.53,38.09,1638.02,43,256.42999999999995
2026-05-08T18:07:38.217214Z,TaxiAlgorithmP2PCollector,5,5000,10,50,1,nearest,1,4,1,BASELINE,7,116264432,Client Travel Time [min],160.0,31850.0,5021.44,251072.0,50,31690.0
2026-05-08T18:07:38.217214Z,TaxiAlgorithmP2PCollector,5,5000,10,50,1,nearest,1,4,1,BASELINE,7,116264432,Calculation Time [millis],0.0,77.0,0.1,3517.0,33893,77.0
2026-05-08T18:07:38.217214Z,TaxiAlgorithmP2PCollector,5,5000,10,50,1,nearest,1,4,1,BASELINE,7,116264432,Custom Time [micros],0.0,0.0,0.0,0.0,33893,0.0
2026-05-08T18:07:40.301822500Z,TaxiAlgorithmP2PCollector,5,5000,10,50,1,nearest,1,4,1,BASELINE,8,116264433,Taxi Travel Distance [km],61.61,406.41,181.0,1810.04,10,344.8
2026-05-08T18:07:40.301822500Z,TaxiAlgorithmP2PCollector,5,5000,10,50,1,nearest,1,4,1,BASELINE,8,116264433,Client Waiting Time [min],2.08,164.47,45.29,2219.32,49,162.39
2026-05-08T18:07:40.301822500Z,TaxiAlgorithmP2PCollector,5,5000,10,50,1,nearest,1,4,1,BASELINE,8,116264433,Client Travel Time [min],364.0,15725.0,3754.78,187739.0,50,15361.0
2026-05-08T18:07:40.301822500Z,TaxiAlgorithmP2PCollector,5,5000,10,50,1,nearest,1,4,1,BASELINE,8,116264433,Calculation Time [millis],0.0,21.0,0.1,1872.0,19146,21.0
2026-05-08T18:07:40.301822500Z,TaxiAlgorithmP2PCollector,5,5000,10,50,1,nearest,1,4,1,BASELINE,8,116264433,Custom Time [micros],0.0,0.0,0.0,0.0,19146,0.0
2026-05-08T18:07:44.666817300Z,TaxiAlgorithmP2PCollector,5,5000,10,50,1,nearest,1,4,1,BASELINE,9,116264434,Taxi Travel Distance [km],81.93,519.64,217.39,2173.88,10,437.71
2026-05-08T18:07:44.666817300Z,TaxiAlgorithmP2PCollector,5,5000,10,50,1,nearest,1,4,1,BASELINE,9,116264434,Client Waiting Time [min],0.97,251.13,44.36,1907.45,43,250.16
2026-05-08T18:07:44.666817300Z,TaxiAlgorithmP2PCollector,5,5000,10,50,1,nearest,1,4,1,BASELINE,9,116264434,Client Travel Time [min],798.0,35052.0,5339.96,266998.0,50,34254.0
2026-05-08T18:07:44.666817300Z,TaxiAlgorithmP2PCollector,5,5000,10,50,1,nearest,1,4,1,BASELINE,9,116264434,Calculation Time [millis],0.0,100.0,0.11,4059.0,38462,100.0
2026-05-08T18:07:44.666817300Z,TaxiAlgorithmP2PCollector,5,5000,10,50,1,nearest,1,4,1,BASELINE,9,116264434,Custom Time [micros],0.0,0.0,0.0,0.0,38462,0.0
2026-05-08T18:07:45.899405500Z,TaxiAlgorithmP2PCollector,5,5000,10,50,1,nearest,1,4,1,BASELINE,10,116264435,Taxi Travel Distance [km],112.33,243.18,198.88,1988.85,10,130.85000000000002
2026-05-08T18:07:45.899405500Z,TaxiAlgorithmP2PCollector,5,5000,10,50,1,nearest,1,4,1,BASELINE,10,116264435,Client Waiting Time [min],1.28,117.18,27.46,1345.58,49,115.9
2026-05-08T18:07:45.899405500Z,TaxiAlgorithmP2PCollector,5,5000,10,50,1,nearest,1,4,1,BASELINE,10,116264435,Client Travel Time [min],510.0,7394.0,2627.24,131362.0,50,6884.0
2026-05-08T18:07:45.899405500Z,TaxiAlgorithmP2PCollector,5,5000,10,50,1,nearest,1,4,1,BASELINE,10,116264435,Calculation Time [millis],0.0,31.0,0.09,1030.0,11811,31.0
2026-05-08T18:07:45.899405500Z,TaxiAlgorithmP2PCollector,5,5000,10,50,1,nearest,1,4,1,BASELINE,10,116264435,Custom Time [micros],0.0,0.0,0.0,0.0,11811,0.0
2026-05-08T18:07:49.733409500Z,TaxiAlgorithmP2PCollector,5,5000,20,50,1,nearest,1,4,1,BASELINE,1,116264426,Taxi Travel Distance [km],23.27,211.27,130.78,2615.63,20,188.0
2026-05-08T18:07:49.733409500Z,TaxiAlgorithmP2PCollector,5,5000,20,50,1,nearest,1,4,1,BASELINE,1,116264426,Client Waiting Time [min],0.42,108.72,18.56,909.25,49,108.3
2026-05-08T18:07:49.733409500Z,TaxiAlgorithmP2PCollector,5,5000,20,50,1,nearest,1,4,1,BASELINE,1,116264426,Client Travel Time [min],390.0,6815.0,1967.6,98380.0,50,6425.0
2026-05-08T18:07:49.733409500Z,TaxiAlgorithmP2PCollector,5,5000,20,50,1,nearest,1,4,1,BASELINE,1,116264426,Calculation Time [millis],0.0,104.0,0.37,3707.0,9892,104.0
2026-05-08T18:07:49.733409500Z,TaxiAlgorithmP2PCollector,5,5000,20,50,1,nearest,1,4,1,BASELINE,1,116264426,Custom Time [micros],0.0,0.0,0.0,0.0,9892,0.0
2026-05-08T18:07:56.560726500Z,TaxiAlgorithmP2PCollector,5,5000,20,50,1,nearest,1,4,1,BASELINE,2,116264427,Taxi Travel Distance [km],31.49,362.9,196.39,3927.87,20,331.40999999999997
2026-05-08T18:07:56.560726500Z,TaxiAlgorithmP2PCollector,5,5000,20,50,1,nearest,1,4,1,BASELINE,2,116264427,Client Waiting Time [min],0.35,253.63,20.61,989.4,48,253.28
2026-05-08T18:07:56.560726500Z,TaxiAlgorithmP2PCollector,5,5000,20,50,1,nearest,1,4,1,BASELINE,2,116264427,Client Travel Time [min],373.0,15664.0,2199.26,109963.0,50,15291.0
2026-05-08T18:07:56.560726500Z,TaxiAlgorithmP2PCollector,5,5000,20,50,1,nearest,1,4,1,BASELINE,2,116264427,Calculation Time [millis],0.0,141.0,0.39,6623.0,16887,141.0
2026-05-08T18:07:56.560726500Z,TaxiAlgorithmP2PCollector,5,5000,20,50,1,nearest,1,4,1,BASELINE,2,116264427,Custom Time [micros],0.0,0.0,0.0,0.0,16887,0.0
2026-05-08T18:07:59.046684100Z,TaxiAlgorithmP2PCollector,5,5000,20,50,1,nearest,1,4,1,BASELINE,3,116264428,Taxi Travel Distance [km],40.78,145.6,114.18,2283.6,20,104.82
2026-05-08T18:07:59.046684100Z,TaxiAlgorithmP2PCollector,5,5000,20,50,1,nearest,1,4,1,BASELINE,3,116264428,Client Waiting Time [min],1.2,74.38,14.58,728.88,50,73.17999999999999
2026-05-08T18:07:59.046684100Z,TaxiAlgorithmP2PCollector,5,5000,20,50,1,nearest,1,4,1,BASELINE,3,116264428,Client Travel Time [min],575.0,4978.0,1732.7,86635.0,50,4403.0
2026-05-08T18:07:59.046684100Z,TaxiAlgorithmP2PCollector,5,5000,20,50,1,nearest,1,4,1,BASELINE,3,116264428,Calculation Time [millis],0.0,63.0,0.31,2202.0,6992,63.0
2026-05-08T18:07:59.046684100Z,TaxiAlgorithmP2PCollector,5,5000,20,50,1,nearest,1,4,1,BASELINE,3,116264428,Custom Time [micros],0.0,0.0,0.0,0.0,6992,0.0
2026-05-08T18:08:01.875574Z,TaxiAlgorithmP2PCollector,5,5000,20,50,1,nearest,1,4,1,BASELINE,4,116264429,Taxi Travel Distance [km],18.24,172.06,120.14,2402.83,20,153.82
2026-05-08T18:08:01.875574Z,TaxiAlgorithmP2PCollector,5,5000,20,50,1,nearest,1,4,1,BASELINE,4,116264429,Client Waiting Time [min],1.22,47.7,12.6,630.02,50,46.480000000000004
2026-05-08T18:08:01.875574Z,TaxiAlgorithmP2PCollector,5,5000,20,50,1,nearest,1,4,1,BASELINE,4,116264429,Client Travel Time [min],331.0,3286.0,1581.34,79067.0,50,2955.0
2026-05-08T18:08:01.875574Z,TaxiAlgorithmP2PCollector,5,5000,20,50,1,nearest,1,4,1,BASELINE,4,116264429,Calculation Time [millis],0.0,45.0,0.33,2688.0,8150,45.0
2026-05-08T18:08:01.875574Z,TaxiAlgorithmP2PCollector,5,5000,20,50,1,nearest,1,4,1,BASELINE,4,116264429,Custom Time [micros],0.0,0.0,0.0,0.0,8150,0.0
2026-05-08T18:08:04.150178500Z,TaxiAlgorithmP2PCollector,5,5000,20,50,1,nearest,1,4,1,BASELINE,5,116264430,Taxi Travel Distance [km],78.48,152.4,119.64,2392.8,20,73.92
2026-05-08T18:08:04.150178500Z,TaxiAlgorithmP2PCollector,5,5000,20,50,1,nearest,1,4,1,BASELINE,5,116264430,Client Waiting Time [min],2.0,65.1,13.72,686.02,50,63.099999999999994
2026-05-08T18:08:04.150178500Z,TaxiAlgorithmP2PCollector,5,5000,20,50,1,nearest,1,4,1,BASELINE,5,116264430,Client Travel Time [min],555.0,4113.0,1797.44,89872.0,50,3558.0
2026-05-08T18:08:04.150178500Z,TaxiAlgorithmP2PCollector,5,5000,20,50,1,nearest,1,4,1,BASELINE,5,116264430,Calculation Time [millis],0.0,65.0,0.28,2026.0,7268,65.0
2026-05-08T18:08:04.150178500Z,TaxiAlgorithmP2PCollector,5,5000,20,50,1,nearest,1,4,1,BASELINE,5,116264430,Custom Time [micros],0.0,0.0,0.0,0.0,7268,0.0
2026-05-08T18:08:06.452566600Z,TaxiAlgorithmP2PCollector,5,5000,20,50,1,nearest,1,4,1,BASELINE,6,116264431,Taxi Travel Distance [km],97.34,158.92,136.67,2733.34,20,61.579999999999984
2026-05-08T18:08:06.452566600Z,TaxiAlgorithmP2PCollector,5,5000,20,50,1,nearest,1,4,1,BASELINE,6,116264431,Client Waiting Time [min],0.97,55.9,11.5,574.9,50,54.93
2026-05-08T18:08:06.452566600Z,TaxiAlgorithmP2PCollector,5,5000,20,50,1,nearest,1,4,1,BASELINE,6,116264431,Client Travel Time [min],253.0,4341.0,1692.56,84628.0,50,4088.0
2026-05-08T18:08:06.452566600Z,TaxiAlgorithmP2PCollector,5,5000,20,50,1,nearest,1,4,1,BASELINE,6,116264431,Calculation Time [millis],0.0,55.0,0.29,2213.0,7544,55.0
2026-05-08T18:08:06.452566600Z,TaxiAlgorithmP2PCollector,5,5000,20,50,1,nearest,1,4,1,BASELINE,6,116264431,Custom Time [micros],0.0,0.0,0.0,0.0,7544,0.0
2026-05-08T18:08:10.131141400Z,TaxiAlgorithmP2PCollector,5,5000,20,50,1,nearest,1,4,1,BASELINE,7,116264432,Taxi Travel Distance [km],54.88,214.41,140.55,2811.05,20,159.53
2026-05-08T18:08:10.131141400Z,TaxiAlgorithmP2PCollector,5,5000,20,50,1,nearest,1,4,1,BASELINE,7,116264432,Client Waiting Time [min],0.37,128.53,15.46,772.92,50,128.16
2026-05-08T18:08:10.131141400Z,TaxiAlgorithmP2PCollector,5,5000,20,50,1,nearest,1,4,1,BASELINE,7,116264432,Client Travel Time [min],160.0,8251.0,1740.46,87023.0,50,8091.0
2026-05-08T18:08:10.131141400Z,TaxiAlgorithmP2PCollector,5,5000,20,50,1,nearest,1,4,1,BASELINE,7,116264432,Calculation Time [millis],0.0,86.0,0.34,3504.0,10222,86.0
2026-05-08T18:08:10.131141400Z,TaxiAlgorithmP2PCollector,5,5000,20,50,1,nearest,1,4,1,BASELINE,7,116264432,Custom Time [micros],0.0,0.0,0.0,0.0,10222,0.0
2026-05-08T18:08:12.449343900Z,TaxiAlgorithmP2PCollector,5,5000,20,50,1,nearest,1,4,1,BASELINE,8,116264433,Taxi Travel Distance [km],42.94,158.54,108.68,2173.6,20,115.6
2026-05-08T18:08:12.449343900Z,TaxiAlgorithmP2PCollector,5,5000,20,50,1,nearest,1,4,1,BASELINE,8,116264433,Client Waiting Time [min],0.67,73.78,17.81,890.52,50,73.11
2026-05-08T18:08:12.449343900Z,TaxiAlgorithmP2PCollector,5,5000,20,50,1,nearest,1,4,1,BASELINE,8,116264433,Client Travel Time [min],228.0,4922.0,1947.24,97362.0,50,4694.0
2026-05-08T18:08:12.449343900Z,TaxiAlgorithmP2PCollector,5,5000,20,50,1,nearest,1,4,1,BASELINE,8,116264433,Calculation Time [millis],0.0,31.0,0.26,2097.0,8062,31.0
2026-05-08T18:08:12.449343900Z,TaxiAlgorithmP2PCollector,5,5000,20,50,1,nearest,1,4,1,BASELINE,8,116264433,Custom Time [micros],0.0,0.0,0.0,0.0,8062,0.0
2026-05-08T18:08:18.241708800Z,TaxiAlgorithmP2PCollector,5,5000,20,50,1,nearest,1,4,1,BASELINE,9,116264434,Taxi Travel Distance [km],20.97,303.52,164.39,3287.74,20,282.54999999999995
2026-05-08T18:08:18.241708800Z,TaxiAlgorithmP2PCollector,5,5000,20,50,1,nearest,1,4,1,BASELINE,9,116264434,Client Waiting Time [min],0.67,174.83,21.8,1089.93,50,174.16000000000003
2026-05-08T18:08:18.241708800Z,TaxiAlgorithmP2PCollector,5,5000,20,50,1,nearest,1,4,1,BASELINE,9,116264434,Client Travel Time [min],218.0,10786.0,2130.44,106522.0,50,10568.0
2026-05-08T18:08:18.241708800Z,TaxiAlgorithmP2PCollector,5,5000,20,50,1,nearest,1,4,1,BASELINE,9,116264434,Calculation Time [millis],0.0,120.0,0.39,5512.0,14082,120.0
2026-05-08T18:08:18.241708800Z,TaxiAlgorithmP2PCollector,5,5000,20,50,1,nearest,1,4,1,BASELINE,9,116264434,Custom Time [micros],0.0,0.0,0.0,0.0,14082,0.0
2026-05-08T18:08:21.686773800Z,TaxiAlgorithmP2PCollector,5,5000,20,50,1,nearest,1,4,1,BASELINE,10,116264435,Taxi Travel Distance [km],33.52,198.6,142.12,2842.35,20,165.07999999999998
2026-05-08T18:08:21.686773800Z,TaxiAlgorithmP2PCollector,5,5000,20,50,1,nearest,1,4,1,BASELINE,10,116264435,Client Waiting Time [min],0.58,78.93,13.83,691.3,50,78.35000000000001
2026-05-08T18:08:21.686773800Z,TaxiAlgorithmP2PCollector,5,5000,20,50,1,nearest,1,4,1,BASELINE,10,116264435,Client Travel Time [min],257.0,5200.0,1769.94,88497.0,50,4943.0
2026-05-08T18:08:21.686773800Z,TaxiAlgorithmP2PCollector,5,5000,20,50,1,nearest,1,4,1,BASELINE,10,116264435,Calculation Time [millis],0.0,68.0,0.33,3168.0,9458,68.0
2026-05-08T18:08:21.686773800Z,TaxiAlgorithmP2PCollector,5,5000,20,50,1,nearest,1,4,1,BASELINE,10,116264435,Custom Time [micros],0.0,0.0,0.0,0.0,9458,0.0
2026-05-08T18:08:31.395129300Z,TaxiAlgorithmP2PCollector,5,5000,20,100,1,nearest,1,4,1,BASELINE,1,116264426,Taxi Travel Distance [km],37.55,508.25,386.71,7734.24,20,470.7
2026-05-08T18:08:31.395129300Z,TaxiAlgorithmP2PCollector,5,5000,20,100,1,nearest,1,4,1,BASELINE,1,116264426,Client Waiting Time [min],0.28,339.93,80.69,7826.78,97,339.65000000000003
2026-05-08T18:08:31.395129300Z,TaxiAlgorithmP2PCollector,5,5000,20,100,1,nearest,1,4,1,BASELINE,1,116264426,Client Travel Time [min],539.0,22690.0,6454.0,645400.0,100,22151.0
2026-05-08T18:08:31.395129300Z,TaxiAlgorithmP2PCollector,5,5000,20,100,1,nearest,1,4,1,BASELINE,1,116264426,Calculation Time [millis],0.0,187.0,0.37,9270.0,25185,187.0
2026-05-08T18:08:31.395129300Z,TaxiAlgorithmP2PCollector,5,5000,20,100,1,nearest,1,4,1,BASELINE,1,116264426,Custom Time [micros],0.0,0.0,0.0,0.0,25185,0.0
2026-05-08T18:09:00.749706900Z,TaxiAlgorithmP2PCollector,5,5000,20,100,1,nearest,1,4,1,BASELINE,2,116264427,Taxi Travel Distance [km],168.92,1441.1,581.92,11638.5,20,1272.1799999999998
2026-05-08T18:09:00.749706900Z,TaxiAlgorithmP2PCollector,5,5000,20,100,1,nearest,1,4,1,BASELINE,2,116264427,Client Waiting Time [min],0.88,702.4,114.44,10528.13,92,701.52
2026-05-08T18:09:00.749706900Z,TaxiAlgorithmP2PCollector,5,5000,20,100,1,nearest,1,4,1,BASELINE,2,116264427,Client Travel Time [min],676.0,61857.0,10015.77,1001577.0,100,61181.0
2026-05-08T18:09:00.749706900Z,TaxiAlgorithmP2PCollector,5,5000,20,100,1,nearest,1,4,1,BASELINE,2,116264427,Calculation Time [millis],0.0,188.0,0.44,28864.0,65630,188.0
2026-05-08T18:09:00.749706900Z,TaxiAlgorithmP2PCollector,5,5000,20,100,1,nearest,1,4,1,BASELINE,2,116264427,Custom Time [micros],0.0,0.0,0.0,0.0,65630,0.0
2026-05-08T18:09:10.897456400Z,TaxiAlgorithmP2PCollector,5,5000,20,100,1,nearest,1,4,1,BASELINE,3,116264428,Taxi Travel Distance [km],165.88,498.32,372.94,7458.86,20,332.44
2026-05-08T18:09:10.897456400Z,TaxiAlgorithmP2PCollector,5,5000,20,100,1,nearest,1,4,1,BASELINE,3,116264428,Client Waiting Time [min],0.82,340.07,86.6,8313.53,96,339.25
2026-05-08T18:09:10.897456400Z,TaxiAlgorithmP2PCollector,5,5000,20,100,1,nearest,1,4,1,BASELINE,3,116264428,Client Travel Time [min],857.0,20738.0,7018.24,701824.0,100,19881.0
2026-05-08T18:09:10.897456400Z,TaxiAlgorithmP2PCollector,5,5000,20,100,1,nearest,1,4,1,BASELINE,3,116264428,Calculation Time [millis],0.0,181.0,0.42,9549.0,22793,181.0
2026-05-08T18:09:10.897456400Z,TaxiAlgorithmP2PCollector,5,5000,20,100,1,nearest,1,4,1,BASELINE,3,116264428,Custom Time [micros],0.0,0.0,0.0,0.0,22793,0.0
2026-05-08T18:09:27.397653300Z,TaxiAlgorithmP2PCollector,5,5000,20,100,1,nearest,1,4,1,BASELINE,4,116264429,Taxi Travel Distance [km],5.13,727.69,395.61,7912.28,20,722.5600000000001
2026-05-08T18:09:27.397653300Z,TaxiAlgorithmP2PCollector,5,5000,20,100,1,nearest,1,4,1,BASELINE,4,116264429,Client Waiting Time [min],0.28,600.95,114.23,10966.1,96,600.6700000000001
2026-05-08T18:09:27.397653300Z,TaxiAlgorithmP2PCollector,5,5000,20,100,1,nearest,1,4,1,BASELINE,4,116264429,Client Travel Time [min],893.0,36368.0,8587.01,858701.0,100,35475.0
2026-05-08T18:09:27.397653300Z,TaxiAlgorithmP2PCollector,5,5000,20,100,1,nearest,1,4,1,BASELINE,4,116264429,Calculation Time [millis],0.0,158.0,0.43,16167.0,37932,158.0
2026-05-08T18:09:27.397653300Z,TaxiAlgorithmP2PCollector,5,5000,20,100,1,nearest,1,4,1,BASELINE,4,116264429,Custom Time [micros],0.0,0.0,0.0,0.0,37932,0.0
2026-05-08T18:09:46.023276200Z,TaxiAlgorithmP2PCollector,5,5000,20,100,1,nearest,1,4,1,BASELINE,5,116264430,Taxi Travel Distance [km],90.2,918.71,532.45,10649.0,20,828.51
2026-05-08T18:09:46.023276200Z,TaxiAlgorithmP2PCollector,5,5000,20,100,1,nearest,1,4,1,BASELINE,5,116264430,Client Waiting Time [min],1.37,626.57,92.3,8860.63,96,625.2
2026-05-08T18:09:46.023276200Z,TaxiAlgorithmP2PCollector,5,5000,20,100,1,nearest,1,4,1,BASELINE,5,116264430,Client Travel Time [min],954.0,37755.0,7441.73,744173.0,100,36801.0
2026-05-08T18:09:46.023276200Z,TaxiAlgorithmP2PCollector,5,5000,20,100,1,nearest,1,4,1,BASELINE,5,116264430,Calculation Time [millis],0.0,192.0,0.43,18057.0,41854,192.0
2026-05-08T18:09:46.023276200Z,TaxiAlgorithmP2PCollector,5,5000,20,100,1,nearest,1,4,1,BASELINE,5,116264430,Custom Time [micros],0.0,0.0,0.0,0.0,41854,0.0
2026-05-08T18:10:08.790311100Z,TaxiAlgorithmP2PCollector,5,5000,20,100,1,nearest,1,4,1,BASELINE,6,116264431,Taxi Travel Distance [km],72.62,1118.8,487.13,9742.6,20,1046.1799999999998
2026-05-08T18:10:08.790311100Z,TaxiAlgorithmP2PCollector,5,5000,20,100,1,nearest,1,4,1,BASELINE,6,116264431,Client Waiting Time [min],0.43,594.55,107.2,10291.35,96,594.12
2026-05-08T18:10:08.790311100Z,TaxiAlgorithmP2PCollector,5,5000,20,100,1,nearest,1,4,1,BASELINE,6,116264431,Client Travel Time [min],825.0,47458.0,8596.03,859603.0,100,46633.0
2026-05-08T18:10:08.790311100Z,TaxiAlgorithmP2PCollector,5,5000,20,100,1,nearest,1,4,1,BASELINE,6,116264431,Calculation Time [millis],0.0,167.0,0.44,22286.0,50924,167.0
2026-05-08T18:10:08.790311100Z,TaxiAlgorithmP2PCollector,5,5000,20,100,1,nearest,1,4,1,BASELINE,6,116264431,Custom Time [micros],0.0,0.0,0.0,0.0,50924,0.0
2026-05-08T18:10:22.696477200Z,TaxiAlgorithmP2PCollector,5,5000,20,100,1,nearest,1,4,1,BASELINE,7,116264432,Taxi Travel Distance [km],78.33,721.83,500.96,10019.19,20,643.5
2026-05-08T18:10:22.696477200Z,TaxiAlgorithmP2PCollector,5,5000,20,100,1,nearest,1,4,1,BASELINE,7,116264432,Client Waiting Time [min],1.62,489.93,108.26,9851.65,91,488.31
2026-05-08T18:10:22.696477200Z,TaxiAlgorithmP2PCollector,5,5000,20,100,1,nearest,1,4,1,BASELINE,7,116264432,Client Travel Time [min],617.0,31123.0,8387.38,838738.0,100,30506.0
2026-05-08T18:10:22.696477200Z,TaxiAlgorithmP2PCollector,5,5000,20,100,1,nearest,1,4,1,BASELINE,7,116264432,Calculation Time [millis],0.0,175.0,0.41,13411.0,32852,175.0
2026-05-08T18:10:22.696477200Z,TaxiAlgorithmP2PCollector,5,5000,20,100,1,nearest,1,4,1,BASELINE,7,116264432,Custom Time [micros],0.0,0.0,0.0,0.0,32852,0.0
2026-05-08T18:10:36.236174500Z,TaxiAlgorithmP2PCollector,5,5000,20,100,1,nearest,1,4,1,BASELINE,8,116264433,Taxi Travel Distance [km],170.25,693.68,450.51,9010.19,20,523.43
2026-05-08T18:10:36.236174500Z,TaxiAlgorithmP2PCollector,5,5000,20,100,1,nearest,1,4,1,BASELINE,8,116264433,Client Waiting Time [min],0.87,476.55,105.58,10241.43,97,475.68
2026-05-08T18:10:36.236174500Z,TaxiAlgorithmP2PCollector,5,5000,20,100,1,nearest,1,4,1,BASELINE,8,116264433,Client Travel Time [min],484.0,29536.0,8198.95,819895.0,100,29052.0
2026-05-08T18:10:36.236174500Z,TaxiAlgorithmP2PCollector,5,5000,20,100,1,nearest,1,4,1,BASELINE,8,116264433,Calculation Time [millis],0.0,163.0,0.41,13102.0,31774,163.0
2026-05-08T18:10:36.236174500Z,TaxiAlgorithmP2PCollector,5,5000,20,100,1,nearest,1,4,1,BASELINE,8,116264433,Custom Time [micros],0.0,0.0,0.0,0.0,31774,0.0
2026-05-08T18:10:56.639134800Z,TaxiAlgorithmP2PCollector,5,5000,20,100,1,nearest,1,4,1,BASELINE,9,116264434,Taxi Travel Distance [km],100.43,1014.96,495.65,9913.02,20,914.53
2026-05-08T18:10:56.639134800Z,TaxiAlgorithmP2PCollector,5,5000,20,100,1,nearest,1,4,1,BASELINE,9,116264434,Client Waiting Time [min],0.77,732.42,97.61,9077.83,93,731.65
2026-05-08T18:10:56.639134800Z,TaxiAlgorithmP2PCollector,5,5000,20,100,1,nearest,1,4,1,BASELINE,9,116264434,Client Travel Time [min],646.0,44208.0,7707.46,770746.0,100,43562.0
2026-05-08T18:10:56.639134800Z,TaxiAlgorithmP2PCollector,5,5000,20,100,1,nearest,1,4,1,BASELINE,9,116264434,Calculation Time [millis],0.0,169.0,0.43,19920.0,46164,169.0
2026-05-08T18:10:56.639134800Z,TaxiAlgorithmP2PCollector,5,5000,20,100,1,nearest,1,4,1,BASELINE,9,116264434,Custom Time [micros],0.0,0.0,0.0,0.0,46164,0.0
2026-05-08T18:11:19.090355700Z,TaxiAlgorithmP2PCollector,5,5000,20,100,1,nearest,1,4,1,BASELINE,10,116264435,Taxi Travel Distance [km],27.13,1013.66,394.78,7895.61,20,986.53
2026-05-08T18:11:19.090355700Z,TaxiAlgorithmP2PCollector,5,5000,20,100,1,nearest,1,4,1,BASELINE,10,116264435,Client Waiting Time [min],0.82,601.55,111.38,10247.18,92,600.7299999999999
2026-05-08T18:11:19.090355700Z,TaxiAlgorithmP2PCollector,5,5000,20,100,1,nearest,1,4,1,BASELINE,10,116264435,Client Travel Time [min],432.0,48961.0,9254.12,925412.0,100,48529.0
2026-05-08T18:11:19.090355700Z,TaxiAlgorithmP2PCollector,5,5000,20,100,1,nearest,1,4,1,BASELINE,10,116264435,Calculation Time [millis],0.0,172.0,0.44,21904.0,49631,172.0
2026-05-08T18:11:19.090355700Z,TaxiAlgorithmP2PCollector,5,5000,20,100,1,nearest,1,4,1,BASELINE,10,116264435,Custom Time [micros],0.0,0.0,0.0,0.0,49631,0.0
2026-05-08T18:11:19.620903Z,TaxiAlgorithmP2PCollector,5,10000,5,25,1,nearest,1,4,1,BASELINE,1,116264426,Taxi Travel Distance [km],116.85,137.74,130.23,651.17,5,20.890000000000015
2026-05-08T18:11:19.620903Z,TaxiAlgorithmP2PCollector,5,10000,5,25,1,nearest,1,4,1,BASELINE,1,116264426,Client Waiting Time [min],2.25,46.33,13.5,337.58,25,44.08
2026-05-08T18:11:19.620903Z,TaxiAlgorithmP2PCollector,5,10000,5,25,1,nearest,1,4,1,BASELINE,1,116264426,Client Travel Time [min],543.0,3150.0,1245.64,31141.0,25,2607.0
2026-05-08T18:11:19.620903Z,TaxiAlgorithmP2PCollector,5,10000,5,25,1,nearest,1,4,1,BASELINE,1,116264426,Calculation Time [millis],0.0,0.0,0.02,160.0,7216,0.0
2026-05-08T18:11:19.620903Z,TaxiAlgorithmP2PCollector,5,10000,5,25,1,nearest,1,4,1,BASELINE,1,116264426,Custom Time [micros],0.0,0.0,0.0,0.0,7216,0.0
2026-05-08T18:11:19.903902200Z,TaxiAlgorithmP2PCollector,5,10000,5,25,1,nearest,1,4,1,BASELINE,2,116264427,Taxi Travel Distance [km],91.64,122.62,110.49,552.46,5,30.980000000000004
2026-05-08T18:11:19.903902200Z,TaxiAlgorithmP2PCollector,5,10000,5,25,1,nearest,1,4,1,BASELINE,2,116264427,Client Waiting Time [min],1.27,32.77,12.87,321.63,25,31.500000000000004
2026-05-08T18:11:19.903902200Z,TaxiAlgorithmP2PCollector,5,10000,5,25,1,nearest,1,4,1,BASELINE,2,116264427,Client Travel Time [min],523.0,2608.0,1257.32,31433.0,25,2085.0
2026-05-08T18:11:19.903902200Z,TaxiAlgorithmP2PCollector,5,10000,5,25,1,nearest,1,4,1,BASELINE,2,116264427,Calculation Time [millis],0.0,47.0,0.03,205.0,6035,47.0
2026-05-08T18:11:19.903902200Z,TaxiAlgorithmP2PCollector,5,10000,5,25,1,nearest,1,4,1,BASELINE,2,116264427,Custom Time [micros],0.0,0.0,0.0,0.0,6035,0.0
2026-05-08T18:11:20.092160700Z,TaxiAlgorithmP2PCollector,5,10000,5,25,1,nearest,1,4,1,BASELINE,3,116264428,Taxi Travel Distance [km],78.57,103.32,92.49,462.43,5,24.75
2026-05-08T18:11:20.092160700Z,TaxiAlgorithmP2PCollector,5,10000,5,25,1,nearest,1,4,1,BASELINE,3,116264428,Client Waiting Time [min],1.58,24.73,8.87,221.67,25,23.15
2026-05-08T18:11:20.092160700Z,TaxiAlgorithmP2PCollector,5,10000,5,25,1,nearest,1,4,1,BASELINE,3,116264428,Client Travel Time [min],323.0,2190.0,1011.6,25290.0,25,1867.0
2026-05-08T18:11:20.092160700Z,TaxiAlgorithmP2PCollector,5,10000,5,25,1,nearest,1,4,1,BASELINE,3,116264428,Calculation Time [millis],0.0,0.0,0.02,120.0,5782,0.0
2026-05-08T18:11:20.092160700Z,TaxiAlgorithmP2PCollector,5,10000,5,25,1,nearest,1,4,1,BASELINE,3,116264428,Custom Time [micros],0.0,0.0,0.0,0.0,5782,0.0
2026-05-08T18:11:20.277933300Z,TaxiAlgorithmP2PCollector,5,10000,5,25,1,nearest,1,4,1,BASELINE,4,116264429,Taxi Travel Distance [km],106.31,127.2,118.62,593.11,5,20.89
2026-05-08T18:11:20.277933300Z,TaxiAlgorithmP2PCollector,5,10000,5,25,1,nearest,1,4,1,BASELINE,4,116264429,Client Waiting Time [min],2.43,67.15,13.34,333.5,25,64.72
2026-05-08T18:11:20.277933300Z,TaxiAlgorithmP2PCollector,5,10000,5,25,1,nearest,1,4,1,BASELINE,4,116264429,Client Travel Time [min],304.0,4262.0,1252.32,31308.0,25,3958.0
2026-05-08T18:11:20.277933300Z,TaxiAlgorithmP2PCollector,5,10000,5,25,1,nearest,1,4,1,BASELINE,4,116264429,Calculation Time [millis],0.0,0.0,0.02,128.0,6300,0.0
2026-05-08T18:11:20.277933300Z,TaxiAlgorithmP2PCollector,5,10000,5,25,1,nearest,1,4,1,BASELINE,4,116264429,Custom Time [micros],0.0,0.0,0.0,0.0,6300,0.0
2026-05-08T18:11:20.480930800Z,TaxiAlgorithmP2PCollector,5,10000,5,25,1,nearest,1,4,1,BASELINE,5,116264430,Taxi Travel Distance [km],80.95,106.85,94.36,471.79,5,25.89999999999999
2026-05-08T18:11:20.480930800Z,TaxiAlgorithmP2PCollector,5,10000,5,25,1,nearest,1,4,1,BASELINE,5,116264430,Client Waiting Time [min],1.12,37.47,10.47,261.63,25,36.35
2026-05-08T18:11:20.480930800Z,TaxiAlgorithmP2PCollector,5,10000,5,25,1,nearest,1,4,1,BASELINE,5,116264430,Client Travel Time [min],342.0,2652.0,1092.56,27314.0,25,2310.0
2026-05-08T18:11:20.480930800Z,TaxiAlgorithmP2PCollector,5,10000,5,25,1,nearest,1,4,1,BASELINE,5,116264430,Calculation Time [millis],0.0,0.0,0.02,144.0,6243,0.0
2026-05-08T18:11:20.480930800Z,TaxiAlgorithmP2PCollector,5,10000,5,25,1,nearest,1,4,1,BASELINE,5,116264430,Custom Time [micros],0.0,0.0,0.0,0.0,6243,0.0
2026-05-08T18:11:20.682930800Z,TaxiAlgorithmP2PCollector,5,10000,5,25,1,nearest,1,4,1,BASELINE,6,116264431,Taxi Travel Distance [km],95.64,130.81,112.59,562.94,5,35.17
2026-05-08T18:11:20.682930800Z,TaxiAlgorithmP2PCollector,5,10000,5,25,1,nearest,1,4,1,BASELINE,6,116264431,Client Waiting Time [min],1.33,47.43,10.91,272.68,25,46.1
2026-05-08T18:11:20.682930800Z,TaxiAlgorithmP2PCollector,5,10000,5,25,1,nearest,1,4,1,BASELINE,6,116264431,Client Travel Time [min],244.0,2947.0,1124.2,28105.0,25,2703.0
2026-05-08T18:11:20.682930800Z,TaxiAlgorithmP2PCollector,5,10000,5,25,1,nearest,1,4,1,BASELINE,6,116264431,Calculation Time [millis],0.0,0.0,0.02,121.0,6448,0.0
2026-05-08T18:11:20.682930800Z,TaxiAlgorithmP2PCollector,5,10000,5,25,1,nearest,1,4,1,BASELINE,6,116264431,Custom Time [micros],0.0,0.0,0.0,0.0,6448,0.0
2026-05-08T18:11:20.836931700Z,TaxiAlgorithmP2PCollector,5,10000,5,25,1,nearest,1,4,1,BASELINE,7,116264432,Taxi Travel Distance [km],85.77,133.03,106.2,531.01,5,47.260000000000005
2026-05-08T18:11:20.836931700Z,TaxiAlgorithmP2PCollector,5,10000,5,25,1,nearest,1,4,1,BASELINE,7,116264432,Client Waiting Time [min],1.35,25.65,9.43,235.75,25,24.299999999999997
2026-05-08T18:11:20.836931700Z,TaxiAlgorithmP2PCollector,5,10000,5,25,1,nearest,1,4,1,BASELINE,7,116264432,Client Travel Time [min],230.0,2045.0,1032.92,25823.0,25,1815.0
2026-05-08T18:11:20.836931700Z,TaxiAlgorithmP2PCollector,5,10000,5,25,1,nearest,1,4,1,BASELINE,7,116264432,Calculation Time [millis],0.0,0.0,0.01,85.0,6476,0.0
2026-05-08T18:11:20.836931700Z,TaxiAlgorithmP2PCollector,5,10000,5,25,1,nearest,1,4,1,BASELINE,7,116264432,Custom Time [micros],0.0,0.0,0.0,0.0,6476,0.0
2026-05-08T18:11:21.025761400Z,TaxiAlgorithmP2PCollector,5,10000,5,25,1,nearest,1,4,1,BASELINE,8,116264433,Taxi Travel Distance [km],98.08,110.53,102.58,512.88,5,12.450000000000003
2026-05-08T18:11:21.025761400Z,TaxiAlgorithmP2PCollector,5,10000,5,25,1,nearest,1,4,1,BASELINE,8,116264433,Client Waiting Time [min],2.27,35.8,12.47,311.8,25,33.529999999999994
2026-05-08T18:11:21.025761400Z,TaxiAlgorithmP2PCollector,5,10000,5,25,1,nearest,1,4,1,BASELINE,8,116264433,Client Travel Time [min],367.0,2647.0,1266.96,31674.0,25,2280.0
2026-05-08T18:11:21.025761400Z,TaxiAlgorithmP2PCollector,5,10000,5,25,1,nearest,1,4,1,BASELINE,8,116264433,Calculation Time [millis],0.0,0.0,0.02,139.0,6044,0.0
2026-05-08T18:11:21.025761400Z,TaxiAlgorithmP2PCollector,5,10000,5,25,1,nearest,1,4,1,BASELINE,8,116264433,Custom Time [micros],0.0,0.0,0.0,0.0,6044,0.0
2026-05-08T18:11:21.167626300Z,TaxiAlgorithmP2PCollector,5,10000,5,25,1,nearest,1,4,1,BASELINE,9,116264434,Taxi Travel Distance [km],62.12,112.1,83.04,415.22,5,49.98
2026-05-08T18:11:21.167626300Z,TaxiAlgorithmP2PCollector,5,10000,5,25,1,nearest,1,4,1,BASELINE,9,116264434,Client Waiting Time [min],0.18,16.67,6.5,162.43,25,16.490000000000002
2026-05-08T18:11:21.167626300Z,TaxiAlgorithmP2PCollector,5,10000,5,25,1,nearest,1,4,1,BASELINE,9,116264434,Client Travel Time [min],197.0,1832.0,793.04,19826.0,25,1635.0
2026-05-08T18:11:21.167626300Z,TaxiAlgorithmP2PCollector,5,10000,5,25,1,nearest,1,4,1,BASELINE,9,116264434,Calculation Time [millis],0.0,0.0,0.01,49.0,5718,0.0
2026-05-08T18:11:21.167626300Z,TaxiAlgorithmP2PCollector,5,10000,5,25,1,nearest,1,4,1,BASELINE,9,116264434,Custom Time [micros],0.0,0.0,0.0,0.0,5718,0.0
2026-05-08T18:11:21.325196800Z,TaxiAlgorithmP2PCollector,5,10000,5,25,1,nearest,1,4,1,BASELINE,10,116264435,Taxi Travel Distance [km],78.73,92.64,84.71,423.54,5,13.909999999999997
2026-05-08T18:11:21.325196800Z,TaxiAlgorithmP2PCollector,5,10000,5,25,1,nearest,1,4,1,BASELINE,10,116264435,Client Waiting Time [min],1.53,25.9,10.0,249.9,25,24.369999999999997
2026-05-08T18:11:21.325196800Z,TaxiAlgorithmP2PCollector,5,10000,5,25,1,nearest,1,4,1,BASELINE,10,116264435,Client Travel Time [min],398.0,1838.0,950.68,23767.0,25,1440.0
2026-05-08T18:11:21.325196800Z,TaxiAlgorithmP2PCollector,5,10000,5,25,1,nearest,1,4,1,BASELINE,10,116264435,Calculation Time [millis],0.0,0.0,0.01,96.0,6714,0.0
2026-05-08T18:11:21.325196800Z,TaxiAlgorithmP2PCollector,5,10000,5,25,1,nearest,1,4,1,BASELINE,10,116264435,Custom Time [micros],0.0,0.0,0.0,0.0,6714,0.0
2026-05-08T18:11:21.387196600Z,TaxiAlgorithmP2PCollector,5,10000,10,25,1,nearest,1,4,1,BASELINE,1,116264426,Taxi Travel Distance [km],14.74,93.4,54.2,542.04,10,78.66000000000001
2026-05-08T18:11:21.387196600Z,TaxiAlgorithmP2PCollector,5,10000,10,25,1,nearest,1,4,1,BASELINE,1,116264426,Client Waiting Time [min],0.83,16.42,8.73,218.28,25,15.590000000000002
2026-05-08T18:11:21.387196600Z,TaxiAlgorithmP2PCollector,5,10000,10,25,1,nearest,1,4,1,BASELINE,1,116264426,Client Travel Time [min],92.0,1662.0,978.4,24460.0,25,1570.0
2026-05-08T18:11:21.387196600Z,TaxiAlgorithmP2PCollector,5,10000,10,25,1,nearest,1,4,1,BASELINE,1,116264426,Calculation Time [millis],0.0,0.0,0.0,11.0,5934,0.0
2026-05-08T18:11:21.387196600Z,TaxiAlgorithmP2PCollector,5,10000,10,25,1,nearest,1,4,1,BASELINE,1,116264426,Custom Time [micros],0.0,0.0,0.0,0.0,5934,0.0
2026-05-08T18:11:21.527196Z,TaxiAlgorithmP2PCollector,5,10000,10,25,1,nearest,1,4,1,BASELINE,2,116264427,Taxi Travel Distance [km],27.16,95.45,55.08,550.8,10,68.29
2026-05-08T18:11:21.527196Z,TaxiAlgorithmP2PCollector,5,10000,10,25,1,nearest,1,4,1,BASELINE,2,116264427,Client Waiting Time [min],0.97,15.7,7.28,181.98,25,14.729999999999999
2026-05-08T18:11:21.527196Z,TaxiAlgorithmP2PCollector,5,10000,10,25,1,nearest,1,4,1,BASELINE,2,116264427,Client Travel Time [min],689.0,1701.0,959.48,23987.0,25,1012.0
2026-05-08T18:11:21.527196Z,TaxiAlgorithmP2PCollector,5,10000,10,25,1,nearest,1,4,1,BASELINE,2,116264427,Calculation Time [millis],0.0,24.0,0.01,61.0,5125,24.0
2026-05-08T18:11:21.527196Z,TaxiAlgorithmP2PCollector,5,10000,10,25,1,nearest,1,4,1,BASELINE,2,116264427,Custom Time [micros],0.0,0.0,0.0,0.0,5125,0.0
2026-05-08T18:11:21.651197400Z,TaxiAlgorithmP2PCollector,5,10000,10,25,1,nearest,1,4,1,BASELINE,3,116264428,Taxi Travel Distance [km],10.29,75.56,53.68,536.8,10,65.27000000000001
2026-05-08T18:11:21.651197400Z,TaxiAlgorithmP2PCollector,5,10000,10,25,1,nearest,1,4,1,BASELINE,3,116264428,Client Waiting Time [min],0.9,16.72,7.13,178.15,25,15.819999999999999
2026-05-08T18:11:21.651197400Z,TaxiAlgorithmP2PCollector,5,10000,10,25,1,nearest,1,4,1,BASELINE,3,116264428,Client Travel Time [min],380.0,1441.0,932.8,23320.0,25,1061.0
2026-05-08T18:11:21.651197400Z,TaxiAlgorithmP2PCollector,5,10000,10,25,1,nearest,1,4,1,BASELINE,3,116264428,Calculation Time [millis],0.0,0.0,0.01,56.0,6143,0.0
2026-05-08T18:11:21.651197400Z,TaxiAlgorithmP2PCollector,5,10000,10,25,1,nearest,1,4,1,BASELINE,3,116264428,Custom Time [micros],0.0,0.0,0.0,0.0,6143,0.0
2026-05-08T18:11:21.776196Z,TaxiAlgorithmP2PCollector,5,10000,10,25,1,nearest,1,4,1,BASELINE,4,116264429,Taxi Travel Distance [km],26.02,109.71,61.32,613.15,10,83.69
2026-05-08T18:11:21.776196Z,TaxiAlgorithmP2PCollector,5,10000,10,25,1,nearest,1,4,1,BASELINE,4,116264429,Client Waiting Time [min],2.18,15.22,8.07,201.63,25,13.040000000000001
2026-05-08T18:11:21.776196Z,TaxiAlgorithmP2PCollector,5,10000,10,25,1,nearest,1,4,1,BASELINE,4,116264429,Client Travel Time [min],267.0,1472.0,955.36,23884.0,25,1205.0
2026-05-08T18:11:21.776196Z,TaxiAlgorithmP2PCollector,5,10000,10,25,1,nearest,1,4,1,BASELINE,4,116264429,Calculation Time [millis],0.0,0.0,0.01,72.0,6040,0.0
2026-05-08T18:11:21.776196Z,TaxiAlgorithmP2PCollector,5,10000,10,25,1,nearest,1,4,1,BASELINE,4,116264429,Custom Time [micros],0.0,0.0,0.0,0.0,6040,0.0
2026-05-08T18:11:21.854195900Z,TaxiAlgorithmP2PCollector,5,10000,10,25,1,nearest,1,4,1,BASELINE,5,116264430,Taxi Travel Distance [km],12.11,73.27,49.58,495.8,10,61.16
2026-05-08T18:11:21.854195900Z,TaxiAlgorithmP2PCollector,5,10000,10,25,1,nearest,1,4,1,BASELINE,5,116264430,Client Waiting Time [min],0.98,13.2,6.82,170.45,25,12.219999999999999
2026-05-08T18:11:21.854195900Z,TaxiAlgorithmP2PCollector,5,10000,10,25,1,nearest,1,4,1,BASELINE,5,116264430,Client Travel Time [min],281.0,1441.0,873.96,21849.0,25,1160.0
2026-05-08T18:11:21.854195900Z,TaxiAlgorithmP2PCollector,5,10000,10,25,1,nearest,1,4,1,BASELINE,5,116264430,Calculation Time [millis],0.0,0.0,0.0,18.0,5733,0.0
2026-05-08T18:11:21.854195900Z,TaxiAlgorithmP2PCollector,5,10000,10,25,1,nearest,1,4,1,BASELINE,5,116264430,Custom Time [micros],0.0,0.0,0.0,0.0,5733,0.0
2026-05-08T18:11:21.961198500Z,TaxiAlgorithmP2PCollector,5,10000,10,25,1,nearest,1,4,1,BASELINE,6,116264431,Taxi Travel Distance [km],12.27,94.03,56.23,562.31,10,81.76
2026-05-08T18:11:21.961198500Z,TaxiAlgorithmP2PCollector,5,10000,10,25,1,nearest,1,4,1,BASELINE,6,116264431,Client Waiting Time [min],0.52,15.45,7.86,196.38,25,14.93
2026-05-08T18:11:21.961198500Z,TaxiAlgorithmP2PCollector,5,10000,10,25,1,nearest,1,4,1,BASELINE,6,116264431,Client Travel Time [min],125.0,1649.0,975.96,24399.0,25,1524.0
2026-05-08T18:11:21.961198500Z,TaxiAlgorithmP2PCollector,5,10000,10,25,1,nearest,1,4,1,BASELINE,6,116264431,Calculation Time [millis],0.0,0.0,0.0,28.0,6034,0.0
2026-05-08T18:11:21.961198500Z,TaxiAlgorithmP2PCollector,5,10000,10,25,1,nearest,1,4,1,BASELINE,6,116264431,Custom Time [micros],0.0,0.0,0.0,0.0,6034,0.0
2026-05-08T18:11:22.023196900Z,TaxiAlgorithmP2PCollector,5,10000,10,25,1,nearest,1,4,1,BASELINE,7,116264432,Taxi Travel Distance [km],12.54,100.38,49.4,494.01,10,87.84
2026-05-08T18:11:22.023196900Z,TaxiAlgorithmP2PCollector,5,10000,10,25,1,nearest,1,4,1,BASELINE,7,116264432,Client Waiting Time [min],1.23,14.8,7.13,178.22,25,13.57
2026-05-08T18:11:22.023196900Z,TaxiAlgorithmP2PCollector,5,10000,10,25,1,nearest,1,4,1,BASELINE,7,116264432,Client Travel Time [min],462.0,1359.0,893.4,22335.0,25,897.0
2026-05-08T18:11:22.023196900Z,TaxiAlgorithmP2PCollector,5,10000,10,25,1,nearest,1,4,1,BASELINE,7,116264432,Calculation Time [millis],0.0,0.0,0.0,14.0,5732,0.0
2026-05-08T18:11:22.023196900Z,TaxiAlgorithmP2PCollector,5,10000,10,25,1,nearest,1,4,1,BASELINE,7,116264432,Custom Time [micros],0.0,0.0,0.0,0.0,5732,0.0
2026-05-08T18:11:22.223197800Z,TaxiAlgorithmP2PCollector,5,10000,10,25,1,nearest,1,4,1,BASELINE,8,116264433,Taxi Travel Distance [km],53.0,100.61,74.58,745.84,10,47.61
2026-05-08T18:11:22.223197800Z,TaxiAlgorithmP2PCollector,5,10000,10,25,1,nearest,1,4,1,BASELINE,8,116264433,Client Waiting Time [min],0.73,21.08,9.59,239.77,25,20.349999999999998
2026-05-08T18:11:22.223197800Z,TaxiAlgorithmP2PCollector,5,10000,10,25,1,nearest,1,4,1,BASELINE,8,116264433,Client Travel Time [min],262.0,1747.0,1119.12,27978.0,25,1485.0
2026-05-08T18:11:22.223197800Z,TaxiAlgorithmP2PCollector,5,10000,10,25,1,nearest,1,4,1,BASELINE,8,116264433,Calculation Time [millis],0.0,0.0,0.02,124.0,6112,0.0
2026-05-08T18:11:22.223197800Z,TaxiAlgorithmP2PCollector,5,10000,10,25,1,nearest,1,4,1,BASELINE,8,116264433,Custom Time [micros],0.0,0.0,0.0,0.0,6112,0.0
2026-05-08T18:11:22.300198700Z,TaxiAlgorithmP2PCollector,5,10000,10,25,1,nearest,1,4,1,BASELINE,9,116264434,Taxi Travel Distance [km],7.28,98.18,43.96,439.6,10,90.9
2026-05-08T18:11:22.300198700Z,TaxiAlgorithmP2PCollector,5,10000,10,25,1,nearest,1,4,1,BASELINE,9,116264434,Client Waiting Time [min],0.92,16.75,6.73,168.3,25,15.83
2026-05-08T18:11:22.300198700Z,TaxiAlgorithmP2PCollector,5,10000,10,25,1,nearest,1,4,1,BASELINE,9,116264434,Client Travel Time [min],351.0,1318.0,791.88,19797.0,25,967.0
2026-05-08T18:11:22.300198700Z,TaxiAlgorithmP2PCollector,5,10000,10,25,1,nearest,1,4,1,BASELINE,9,116264434,Calculation Time [millis],0.0,0.0,0.0,9.0,6085,0.0
2026-05-08T18:11:22.300198700Z,TaxiAlgorithmP2PCollector,5,10000,10,25,1,nearest,1,4,1,BASELINE,9,116264434,Custom Time [micros],0.0,0.0,0.0,0.0,6085,0.0
2026-05-08T18:11:22.424755Z,TaxiAlgorithmP2PCollector,5,10000,10,25,1,nearest,1,4,1,BASELINE,10,116264435,Taxi Travel Distance [km],10.68,94.37,53.54,535.37,10,83.69
2026-05-08T18:11:22.424755Z,TaxiAlgorithmP2PCollector,5,10000,10,25,1,nearest,1,4,1,BASELINE,10,116264435,Client Waiting Time [min],2.02,18.4,8.71,217.7,25,16.38
2026-05-08T18:11:22.424755Z,TaxiAlgorithmP2PCollector,5,10000,10,25,1,nearest,1,4,1,BASELINE,10,116264435,Client Travel Time [min],498.0,1474.0,868.32,21708.0,25,976.0
2026-05-08T18:11:22.424755Z,TaxiAlgorithmP2PCollector,5,10000,10,25,1,nearest,1,4,1,BASELINE,10,116264435,Calculation Time [millis],0.0,0.0,0.01,71.0,6342,0.0
2026-05-08T18:11:22.424755Z,TaxiAlgorithmP2PCollector,5,10000,10,25,1,nearest,1,4,1,BASELINE,10,116264435,Custom Time [micros],0.0,0.0,0.0,0.0,6342,0.0
2026-05-08T18:11:23.278936900Z,TaxiAlgorithmP2PCollector,5,10000,10,50,1,nearest,1,4,1,BASELINE,1,116264426,Taxi Travel Distance [km],164.16,187.28,172.58,1725.82,10,23.120000000000005
2026-05-08T18:11:23.278936900Z,TaxiAlgorithmP2PCollector,5,10000,10,50,1,nearest,1,4,1,BASELINE,1,116264426,Client Waiting Time [min],2.25,93.48,25.96,1272.12,49,91.23
2026-05-08T18:11:23.278936900Z,TaxiAlgorithmP2PCollector,5,10000,10,50,1,nearest,1,4,1,BASELINE,1,116264426,Client Travel Time [min],610.0,6525.0,2372.84,118642.0,50,5915.0
2026-05-08T18:11:23.278936900Z,TaxiAlgorithmP2PCollector,5,10000,10,50,1,nearest,1,4,1,BASELINE,1,116264426,Calculation Time [millis],0.0,39.0,0.09,767.0,8781,39.0
2026-05-08T18:11:23.278936900Z,TaxiAlgorithmP2PCollector,5,10000,10,50,1,nearest,1,4,1,BASELINE,1,116264426,Custom Time [micros],0.0,0.0,0.0,0.0,8781,0.0
2026-05-08T18:11:24.104220900Z,TaxiAlgorithmP2PCollector,5,10000,10,50,1,nearest,1,4,1,BASELINE,2,116264427,Taxi Travel Distance [km],135.04,200.81,162.85,1628.51,10,65.77000000000001
2026-05-08T18:11:24.104220900Z,TaxiAlgorithmP2PCollector,5,10000,10,50,1,nearest,1,4,1,BASELINE,2,116264427,Client Waiting Time [min],1.58,118.28,26.23,1285.25,49,116.7
2026-05-08T18:11:24.104220900Z,TaxiAlgorithmP2PCollector,5,10000,10,50,1,nearest,1,4,1,BASELINE,2,116264427,Client Travel Time [min],260.0,8562.0,2355.12,117756.0,50,8302.0
2026-05-08T18:11:24.104220900Z,TaxiAlgorithmP2PCollector,5,10000,10,50,1,nearest,1,4,1,BASELINE,2,116264427,Calculation Time [millis],0.0,0.0,0.08,737.0,9334,0.0
2026-05-08T18:11:24.104220900Z,TaxiAlgorithmP2PCollector,5,10000,10,50,1,nearest,1,4,1,BASELINE,2,116264427,Custom Time [micros],0.0,0.0,0.0,0.0,9334,0.0
2026-05-08T18:11:24.984220500Z,TaxiAlgorithmP2PCollector,5,10000,10,50,1,nearest,1,4,1,BASELINE,3,116264428,Taxi Travel Distance [km],135.17,178.07,162.34,1623.38,10,42.900000000000006
2026-05-08T18:11:24.984220500Z,TaxiAlgorithmP2PCollector,5,10000,10,50,1,nearest,1,4,1,BASELINE,3,116264428,Client Waiting Time [min],0.87,96.38,23.72,1186.05,50,95.50999999999999
2026-05-08T18:11:24.984220500Z,TaxiAlgorithmP2PCollector,5,10000,10,50,1,nearest,1,4,1,BASELINE,3,116264428,Client Travel Time [min],580.0,6225.0,2215.12,110756.0,50,5645.0
2026-05-08T18:11:24.984220500Z,TaxiAlgorithmP2PCollector,5,10000,10,50,1,nearest,1,4,1,BASELINE,3,116264428,Calculation Time [millis],0.0,30.0,0.08,728.0,8997,30.0
2026-05-08T18:11:24.984220500Z,TaxiAlgorithmP2PCollector,5,10000,10,50,1,nearest,1,4,1,BASELINE,3,116264428,Custom Time [micros],0.0,0.0,0.0,0.0,8997,0.0
2026-05-08T18:11:25.789884400Z,TaxiAlgorithmP2PCollector,5,10000,10,50,1,nearest,1,4,1,BASELINE,4,116264429,Taxi Travel Distance [km],150.98,201.38,170.56,1705.64,10,50.400000000000006
2026-05-08T18:11:25.789884400Z,TaxiAlgorithmP2PCollector,5,10000,10,50,1,nearest,1,4,1,BASELINE,4,116264429,Client Waiting Time [min],2.37,83.45,24.4,1171.12,48,81.08
2026-05-08T18:11:25.789884400Z,TaxiAlgorithmP2PCollector,5,10000,10,50,1,nearest,1,4,1,BASELINE,4,116264429,Client Travel Time [min],1019.0,5103.0,2337.86,116893.0,50,4084.0
2026-05-08T18:11:25.789884400Z,TaxiAlgorithmP2PCollector,5,10000,10,50,1,nearest,1,4,1,BASELINE,4,116264429,Calculation Time [millis],0.0,0.0,0.07,700.0,9820,0.0
2026-05-08T18:11:25.789884400Z,TaxiAlgorithmP2PCollector,5,10000,10,50,1,nearest,1,4,1,BASELINE,4,116264429,Custom Time [micros],0.0,0.0,0.0,0.0,9820,0.0
2026-05-08T18:11:26.580801600Z,TaxiAlgorithmP2PCollector,5,10000,10,50,1,nearest,1,4,1,BASELINE,5,116264430,Taxi Travel Distance [km],146.98,188.46,163.45,1634.51,10,41.48000000000002
2026-05-08T18:11:26.580801600Z,TaxiAlgorithmP2PCollector,5,10000,10,50,1,nearest,1,4,1,BASELINE,5,116264430,Client Waiting Time [min],2.93,81.42,30.95,1547.27,50,78.49
2026-05-08T18:11:26.580801600Z,TaxiAlgorithmP2PCollector,5,10000,10,50,1,nearest,1,4,1,BASELINE,5,116264430,Client Travel Time [min],726.0,5644.0,2748.86,137443.0,50,4918.0
2026-05-08T18:11:26.580801600Z,TaxiAlgorithmP2PCollector,5,10000,10,50,1,nearest,1,4,1,BASELINE,5,116264430,Calculation Time [millis],0.0,27.0,0.07,666.0,9241,27.0
2026-05-08T18:11:26.580801600Z,TaxiAlgorithmP2PCollector,5,10000,10,50,1,nearest,1,4,1,BASELINE,5,116264430,Custom Time [micros],0.0,0.0,0.0,0.0,9241,0.0
2026-05-08T18:11:27.421835200Z,TaxiAlgorithmP2PCollector,5,10000,10,50,1,nearest,1,4,1,BASELINE,6,116264431,Taxi Travel Distance [km],155.23,192.79,172.47,1724.71,10,37.56
2026-05-08T18:11:27.421835200Z,TaxiAlgorithmP2PCollector,5,10000,10,50,1,nearest,1,4,1,BASELINE,6,116264431,Client Waiting Time [min],2.02,83.45,28.14,1407.15,50,81.43
2026-05-08T18:11:27.421835200Z,TaxiAlgorithmP2PCollector,5,10000,10,50,1,nearest,1,4,1,BASELINE,6,116264431,Client Travel Time [min],587.0,5866.0,2657.68,132884.0,50,5279.0
2026-05-08T18:11:27.421835200Z,TaxiAlgorithmP2PCollector,5,10000,10,50,1,nearest,1,4,1,BASELINE,6,116264431,Calculation Time [millis],0.0,0.0,0.08,712.0,9152,0.0
2026-05-08T18:11:27.421835200Z,TaxiAlgorithmP2PCollector,5,10000,10,50,1,nearest,1,4,1,BASELINE,6,116264431,Custom Time [micros],0.0,0.0,0.0,0.0,9152,0.0
2026-05-08T18:11:28.463758800Z,TaxiAlgorithmP2PCollector,5,10000,10,50,1,nearest,1,4,1,BASELINE,7,116264432,Taxi Travel Distance [km],158.16,214.15,177.38,1773.83,10,55.99000000000001
2026-05-08T18:11:28.463758800Z,TaxiAlgorithmP2PCollector,5,10000,10,50,1,nearest,1,4,1,BASELINE,7,116264432,Client Waiting Time [min],0.52,95.8,23.51,1175.73,50,95.28
2026-05-08T18:11:28.463758800Z,TaxiAlgorithmP2PCollector,5,10000,10,50,1,nearest,1,4,1,BASELINE,7,116264432,Client Travel Time [min],160.0,6224.0,2251.5,112575.0,50,6064.0
2026-05-08T18:11:28.463758800Z,TaxiAlgorithmP2PCollector,5,10000,10,50,1,nearest,1,4,1,BASELINE,7,116264432,Calculation Time [millis],0.0,23.0,0.08,904.0,10724,23.0
2026-05-08T18:11:28.463758800Z,TaxiAlgorithmP2PCollector,5,10000,10,50,1,nearest,1,4,1,BASELINE,7,116264432,Custom Time [micros],0.0,0.0,0.0,0.0,10724,0.0
2026-05-08T18:11:29.318740200Z,TaxiAlgorithmP2PCollector,5,10000,10,50,1,nearest,1,4,1,BASELINE,8,116264433,Taxi Travel Distance [km],125.47,182.83,157.75,1577.47,10,57.360000000000014
2026-05-08T18:11:29.318740200Z,TaxiAlgorithmP2PCollector,5,10000,10,50,1,nearest,1,4,1,BASELINE,8,116264433,Client Waiting Time [min],2.62,89.17,24.79,1214.77,49,86.55
2026-05-08T18:11:29.318740200Z,TaxiAlgorithmP2PCollector,5,10000,10,50,1,nearest,1,4,1,BASELINE,8,116264433,Client Travel Time [min],677.0,6173.0,2371.3,118565.0,50,5496.0
2026-05-08T18:11:29.318740200Z,TaxiAlgorithmP2PCollector,5,10000,10,50,1,nearest,1,4,1,BASELINE,8,116264433,Calculation Time [millis],0.0,35.0,0.08,701.0,8859,35.0
2026-05-08T18:11:29.318740200Z,TaxiAlgorithmP2PCollector,5,10000,10,50,1,nearest,1,4,1,BASELINE,8,116264433,Custom Time [micros],0.0,0.0,0.0,0.0,8859,0.0
2026-05-08T18:11:30.144236800Z,TaxiAlgorithmP2PCollector,5,10000,10,50,1,nearest,1,4,1,BASELINE,9,116264434,Taxi Travel Distance [km],103.81,206.68,171.59,1715.86,10,102.87
2026-05-08T18:11:30.144236800Z,TaxiAlgorithmP2PCollector,5,10000,10,50,1,nearest,1,4,1,BASELINE,9,116264434,Client Waiting Time [min],0.25,101.22,28.23,1383.37,49,100.97
2026-05-08T18:11:30.144236800Z,TaxiAlgorithmP2PCollector,5,10000,10,50,1,nearest,1,4,1,BASELINE,9,116264434,Client Travel Time [min],91.0,6453.0,2628.18,131409.0,50,6362.0
2026-05-08T18:11:30.144236800Z,TaxiAlgorithmP2PCollector,5,10000,10,50,1,nearest,1,4,1,BASELINE,9,116264434,Calculation Time [millis],0.0,0.0,0.07,733.0,10189,0.0
2026-05-08T18:11:30.144236800Z,TaxiAlgorithmP2PCollector,5,10000,10,50,1,nearest,1,4,1,BASELINE,9,116264434,Custom Time [micros],0.0,0.0,0.0,0.0,10189,0.0
2026-05-08T18:11:31.014332800Z,TaxiAlgorithmP2PCollector,5,10000,10,50,1,nearest,1,4,1,BASELINE,10,116264435,Taxi Travel Distance [km],140.92,176.33,160.3,1603.02,10,35.410000000000025
2026-05-08T18:11:31.014332800Z,TaxiAlgorithmP2PCollector,5,10000,10,50,1,nearest,1,4,1,BASELINE,10,116264435,Client Waiting Time [min],0.58,90.53,22.24,1112.22,50,89.95
2026-05-08T18:11:31.014332800Z,TaxiAlgorithmP2PCollector,5,10000,10,50,1,nearest,1,4,1,BASELINE,10,116264435,Client Travel Time [min],500.0,5732.0,2239.46,111973.0,50,5232.0
2026-05-08T18:11:31.014332800Z,TaxiAlgorithmP2PCollector,5,10000,10,50,1,nearest,1,4,1,BASELINE,10,116264435,Calculation Time [millis],0.0,30.0,0.08,736.0,9239,30.0
2026-05-08T18:11:31.014332800Z,TaxiAlgorithmP2PCollector,5,10000,10,50,1,nearest,1,4,1,BASELINE,10,116264435,Custom Time [micros],0.0,0.0,0.0,0.0,9239,0.0
2026-05-08T18:11:32.509855Z,TaxiAlgorithmP2PCollector,5,10000,20,50,1,nearest,1,4,1,BASELINE,1,116264426,Taxi Travel Distance [km],79.22,135.01,106.52,2130.31,20,55.78999999999999
2026-05-08T18:11:32.509855Z,TaxiAlgorithmP2PCollector,5,10000,20,50,1,nearest,1,4,1,BASELINE,1,116264426,Client Waiting Time [min],0.77,37.22,9.8,489.75,50,36.449999999999996
2026-05-08T18:11:32.509855Z,TaxiAlgorithmP2PCollector,5,10000,20,50,1,nearest,1,4,1,BASELINE,1,116264426,Client Travel Time [min],475.0,3179.0,1445.06,72253.0,50,2704.0
2026-05-08T18:11:32.509855Z,TaxiAlgorithmP2PCollector,5,10000,20,50,1,nearest,1,4,1,BASELINE,1,116264426,Calculation Time [millis],0.0,48.0,0.2,1360.0,6967,48.0
2026-05-08T18:11:32.509855Z,TaxiAlgorithmP2PCollector,5,10000,20,50,1,nearest,1,4,1,BASELINE,1,116264426,Custom Time [micros],0.0,0.0,0.0,0.0,6967,0.0
2026-05-08T18:11:34.200430600Z,TaxiAlgorithmP2PCollector,5,10000,20,50,1,nearest,1,4,1,BASELINE,2,116264427,Taxi Travel Distance [km],89.2,132.79,107.67,2153.38,20,43.58999999999999
2026-05-08T18:11:34.200430600Z,TaxiAlgorithmP2PCollector,5,10000,20,50,1,nearest,1,4,1,BASELINE,2,116264427,Client Waiting Time [min],1.4,40.77,11.6,580.22,50,39.370000000000005
2026-05-08T18:11:34.200430600Z,TaxiAlgorithmP2PCollector,5,10000,20,50,1,nearest,1,4,1,BASELINE,2,116264427,Client Travel Time [min],579.0,3374.0,1569.8,78490.0,50,2795.0
2026-05-08T18:11:34.200430600Z,TaxiAlgorithmP2PCollector,5,10000,20,50,1,nearest,1,4,1,BASELINE,2,116264427,Calculation Time [millis],0.0,55.0,0.24,1566.0,6512,55.0
2026-05-08T18:11:34.200430600Z,TaxiAlgorithmP2PCollector,5,10000,20,50,1,nearest,1,4,1,BASELINE,2,116264427,Custom Time [micros],0.0,0.0,0.0,0.0,6512,0.0
2026-05-08T18:11:35.506429300Z,TaxiAlgorithmP2PCollector,5,10000,20,50,1,nearest,1,4,1,BASELINE,3,116264428,Taxi Travel Distance [km],56.85,129.91,96.46,1929.13,20,73.06
2026-05-08T18:11:35.506429300Z,TaxiAlgorithmP2PCollector,5,10000,20,50,1,nearest,1,4,1,BASELINE,3,116264428,Client Waiting Time [min],1.17,32.03,10.17,508.25,50,30.86
2026-05-08T18:11:35.506429300Z,TaxiAlgorithmP2PCollector,5,10000,20,50,1,nearest,1,4,1,BASELINE,3,116264428,Client Travel Time [min],548.0,2868.0,1498.54,74927.0,50,2320.0
2026-05-08T18:11:35.506429300Z,TaxiAlgorithmP2PCollector,5,10000,20,50,1,nearest,1,4,1,BASELINE,3,116264428,Calculation Time [millis],0.0,37.0,0.16,1169.0,7394,37.0
2026-05-08T18:11:35.506429300Z,TaxiAlgorithmP2PCollector,5,10000,20,50,1,nearest,1,4,1,BASELINE,3,116264428,Custom Time [micros],0.0,0.0,0.0,0.0,7394,0.0
2026-05-08T18:11:36.656428900Z,TaxiAlgorithmP2PCollector,5,10000,20,50,1,nearest,1,4,1,BASELINE,4,116264429,Taxi Travel Distance [km],61.24,131.74,105.81,2116.22,20,70.5
2026-05-08T18:11:36.656428900Z,TaxiAlgorithmP2PCollector,5,10000,20,50,1,nearest,1,4,1,BASELINE,4,116264429,Client Waiting Time [min],1.23,44.48,12.08,603.97,50,43.25
2026-05-08T18:11:36.656428900Z,TaxiAlgorithmP2PCollector,5,10000,20,50,1,nearest,1,4,1,BASELINE,4,116264429,Client Travel Time [min],341.0,4443.0,1571.62,78581.0,50,4102.0
2026-05-08T18:11:36.656428900Z,TaxiAlgorithmP2PCollector,5,10000,20,50,1,nearest,1,4,1,BASELINE,4,116264429,Calculation Time [millis],0.0,1.0,0.15,1047.0,6933,1.0
2026-05-08T18:11:36.656428900Z,TaxiAlgorithmP2PCollector,5,10000,20,50,1,nearest,1,4,1,BASELINE,4,116264429,Custom Time [micros],0.0,0.0,0.0,0.0,6933,0.0
2026-05-08T18:11:38.480949700Z,TaxiAlgorithmP2PCollector,5,10000,20,50,1,nearest,1,4,1,BASELINE,5,116264430,Taxi Travel Distance [km],83.59,133.37,110.33,2206.55,20,49.78
2026-05-08T18:11:38.480949700Z,TaxiAlgorithmP2PCollector,5,10000,20,50,1,nearest,1,4,1,BASELINE,5,116264430,Client Waiting Time [min],1.68,37.18,10.91,545.42,50,35.5
2026-05-08T18:11:38.480949700Z,TaxiAlgorithmP2PCollector,5,10000,20,50,1,nearest,1,4,1,BASELINE,5,116264430,Client Travel Time [min],684.0,3302.0,1649.32,82466.0,50,2618.0
2026-05-08T18:11:38.480949700Z,TaxiAlgorithmP2PCollector,5,10000,20,50,1,nearest,1,4,1,BASELINE,5,116264430,Calculation Time [millis],0.0,23.0,0.24,1610.0,6726,23.0
2026-05-08T18:11:38.480949700Z,TaxiAlgorithmP2PCollector,5,10000,20,50,1,nearest,1,4,1,BASELINE,5,116264430,Custom Time [micros],0.0,0.0,0.0,0.0,6726,0.0
2026-05-08T18:11:40.557528200Z,TaxiAlgorithmP2PCollector,5,10000,20,50,1,nearest,1,4,1,BASELINE,6,116264431,Taxi Travel Distance [km],89.22,157.61,123.45,2468.94,20,68.39000000000001
2026-05-08T18:11:40.557528200Z,TaxiAlgorithmP2PCollector,5,10000,20,50,1,nearest,1,4,1,BASELINE,6,116264431,Client Waiting Time [min],1.58,47.32,13.81,690.4,50,45.74
2026-05-08T18:11:40.557528200Z,TaxiAlgorithmP2PCollector,5,10000,20,50,1,nearest,1,4,1,BASELINE,6,116264431,Client Travel Time [min],315.0,4093.0,1844.08,92204.0,50,3778.0
2026-05-08T18:11:40.557528200Z,TaxiAlgorithmP2PCollector,5,10000,20,50,1,nearest,1,4,1,BASELINE,6,116264431,Calculation Time [millis],0.0,57.0,0.24,1813.0,7530,57.0
2026-05-08T18:11:40.557528200Z,TaxiAlgorithmP2PCollector,5,10000,20,50,1,nearest,1,4,1,BASELINE,6,116264431,Custom Time [micros],0.0,0.0,0.0,0.0,7530,0.0
2026-05-08T18:11:41.857525800Z,TaxiAlgorithmP2PCollector,5,10000,20,50,1,nearest,1,4,1,BASELINE,7,116264432,Taxi Travel Distance [km],94.65,137.71,113.75,2275.08,20,43.06
2026-05-08T18:11:41.857525800Z,TaxiAlgorithmP2PCollector,5,10000,20,50,1,nearest,1,4,1,BASELINE,7,116264432,Client Waiting Time [min],0.52,30.08,10.79,539.47,50,29.56
2026-05-08T18:11:41.857525800Z,TaxiAlgorithmP2PCollector,5,10000,20,50,1,nearest,1,4,1,BASELINE,7,116264432,Client Travel Time [min],160.0,3032.0,1487.76,74388.0,50,2872.0
2026-05-08T18:11:41.857525800Z,TaxiAlgorithmP2PCollector,5,10000,20,50,1,nearest,1,4,1,BASELINE,7,116264432,Calculation Time [millis],0.0,0.0,0.17,1187.0,7133,0.0
2026-05-08T18:11:41.857525800Z,TaxiAlgorithmP2PCollector,5,10000,20,50,1,nearest,1,4,1,BASELINE,7,116264432,Custom Time [micros],0.0,0.0,0.0,0.0,7133,0.0
2026-05-08T18:11:43.393785200Z,TaxiAlgorithmP2PCollector,5,10000,20,50,1,nearest,1,4,1,BASELINE,8,116264433,Taxi Travel Distance [km],75.18,129.5,110.57,2211.33,20,54.31999999999999
2026-05-08T18:11:43.393785200Z,TaxiAlgorithmP2PCollector,5,10000,20,50,1,nearest,1,4,1,BASELINE,8,116264433,Client Waiting Time [min],0.73,31.05,10.53,526.4,50,30.32
2026-05-08T18:11:43.393785200Z,TaxiAlgorithmP2PCollector,5,10000,20,50,1,nearest,1,4,1,BASELINE,8,116264433,Client Travel Time [min],465.0,3362.0,1549.46,77473.0,50,2897.0
2026-05-08T18:11:43.393785200Z,TaxiAlgorithmP2PCollector,5,10000,20,50,1,nearest,1,4,1,BASELINE,8,116264433,Calculation Time [millis],0.0,1.0,0.19,1311.0,7005,1.0
2026-05-08T18:11:43.393785200Z,TaxiAlgorithmP2PCollector,5,10000,20,50,1,nearest,1,4,1,BASELINE,8,116264433,Custom Time [micros],0.0,0.0,0.0,0.0,7005,0.0
2026-05-08T18:11:44.624833800Z,TaxiAlgorithmP2PCollector,5,10000,20,50,1,nearest,1,4,1,BASELINE,9,116264434,Taxi Travel Distance [km],76.75,137.48,100.64,2012.7,20,60.72999999999999
2026-05-08T18:11:44.624833800Z,TaxiAlgorithmP2PCollector,5,10000,20,50,1,nearest,1,4,1,BASELINE,9,116264434,Client Waiting Time [min],1.15,30.8,11.55,577.57,50,29.650000000000002
2026-05-08T18:11:44.624833800Z,TaxiAlgorithmP2PCollector,5,10000,20,50,1,nearest,1,4,1,BASELINE,9,116264434,Client Travel Time [min],270.0,3557.0,1563.9,78195.0,50,3287.0
2026-05-08T18:11:44.624833800Z,TaxiAlgorithmP2PCollector,5,10000,20,50,1,nearest,1,4,1,BASELINE,9,116264434,Calculation Time [millis],0.0,9.0,0.14,1018.0,7281,9.0
2026-05-08T18:11:44.624833800Z,TaxiAlgorithmP2PCollector,5,10000,20,50,1,nearest,1,4,1,BASELINE,9,116264434,Custom Time [micros],0.0,0.0,0.0,0.0,7281,0.0
2026-05-08T18:11:46.232096900Z,TaxiAlgorithmP2PCollector,5,10000,20,50,1,nearest,1,4,1,BASELINE,10,116264435,Taxi Travel Distance [km],93.21,152.07,117.16,2343.15,20,58.86
2026-05-08T18:11:46.232096900Z,TaxiAlgorithmP2PCollector,5,10000,20,50,1,nearest,1,4,1,BASELINE,10,116264435,Client Waiting Time [min],0.58,31.98,11.39,569.72,50,31.400000000000002
2026-05-08T18:11:46.232096900Z,TaxiAlgorithmP2PCollector,5,10000,20,50,1,nearest,1,4,1,BASELINE,10,116264435,Client Travel Time [min],446.0,3010.0,1649.42,82471.0,50,2564.0
2026-05-08T18:11:46.232096900Z,TaxiAlgorithmP2PCollector,5,10000,20,50,1,nearest,1,4,1,BASELINE,10,116264435,Calculation Time [millis],0.0,18.0,0.19,1429.0,7644,18.0
2026-05-08T18:11:46.232096900Z,TaxiAlgorithmP2PCollector,5,10000,20,50,1,nearest,1,4,1,BASELINE,10,116264435,Custom Time [micros],0.0,0.0,0.0,0.0,7644,0.0
2026-05-08T18:11:52.514354200Z,TaxiAlgorithmP2PCollector,5,10000,20,100,1,nearest,1,4,1,BASELINE,1,116264426,Taxi Travel Distance [km],235.04,364.51,321.93,6438.63,20,129.47
2026-05-08T18:11:52.514354200Z,TaxiAlgorithmP2PCollector,5,10000,20,100,1,nearest,1,4,1,BASELINE,1,116264426,Client Waiting Time [min],2.82,221.42,59.7,5850.58,98,218.6
2026-05-08T18:11:52.514354200Z,TaxiAlgorithmP2PCollector,5,10000,20,100,1,nearest,1,4,1,BASELINE,1,116264426,Client Travel Time [min],1502.0,13738.0,5230.66,523066.0,100,12236.0
2026-05-08T18:11:52.514354200Z,TaxiAlgorithmP2PCollector,5,10000,20,100,1,nearest,1,4,1,BASELINE,1,116264426,Calculation Time [millis],0.0,125.0,0.36,6031.0,16639,125.0
2026-05-08T18:11:52.514354200Z,TaxiAlgorithmP2PCollector,5,10000,20,100,1,nearest,1,4,1,BASELINE,1,116264426,Custom Time [micros],0.0,0.0,0.0,0.0,16639,0.0
2026-05-08T18:12:07.782851Z,TaxiAlgorithmP2PCollector,5,10000,20,100,1,nearest,1,4,1,BASELINE,2,116264427,Taxi Travel Distance [km],224.37,798.82,584.31,11686.13,20,574.45
2026-05-08T18:12:07.782851Z,TaxiAlgorithmP2PCollector,5,10000,20,100,1,nearest,1,4,1,BASELINE,2,116264427,Client Waiting Time [min],1.2,565.63,108.78,10660.33,98,564.43
2026-05-08T18:12:07.782851Z,TaxiAlgorithmP2PCollector,5,10000,20,100,1,nearest,1,4,1,BASELINE,2,116264427,Client Travel Time [min],858.0,34929.0,8210.37,821037.0,100,34071.0
2026-05-08T18:12:07.782851Z,TaxiAlgorithmP2PCollector,5,10000,20,100,1,nearest,1,4,1,BASELINE,2,116264427,Calculation Time [millis],0.0,183.0,0.4,14696.0,36288,183.0
2026-05-08T18:12:07.782851Z,TaxiAlgorithmP2PCollector,5,10000,20,100,1,nearest,1,4,1,BASELINE,2,116264427,Custom Time [micros],0.0,0.0,0.0,0.0,36288,0.0
2026-05-08T18:12:13.952450600Z,TaxiAlgorithmP2PCollector,5,10000,20,100,1,nearest,1,4,1,BASELINE,3,116264428,Taxi Travel Distance [km],249.68,370.03,318.54,6370.87,20,120.34999999999997
2026-05-08T18:12:13.952450600Z,TaxiAlgorithmP2PCollector,5,10000,20,100,1,nearest,1,4,1,BASELINE,3,116264428,Client Waiting Time [min],1.32,229.53,62.83,6283.02,100,228.21
2026-05-08T18:12:13.952450600Z,TaxiAlgorithmP2PCollector,5,10000,20,100,1,nearest,1,4,1,BASELINE,3,116264428,Client Travel Time [min],728.0,14433.0,5439.34,543934.0,100,13705.0
2026-05-08T18:12:13.952450600Z,TaxiAlgorithmP2PCollector,5,10000,20,100,1,nearest,1,4,1,BASELINE,3,116264428,Calculation Time [millis],0.0,120.0,0.33,5630.0,17163,120.0
2026-05-08T18:12:13.952450600Z,TaxiAlgorithmP2PCollector,5,10000,20,100,1,nearest,1,4,1,BASELINE,3,116264428,Custom Time [micros],0.0,0.0,0.0,0.0,17163,0.0
2026-05-08T18:12:21.180573300Z,TaxiAlgorithmP2PCollector,5,10000,20,100,1,nearest,1,4,1,BASELINE,4,116264429,Taxi Travel Distance [km],187.92,407.12,331.11,6622.17,20,219.20000000000002
2026-05-08T18:12:21.180573300Z,TaxiAlgorithmP2PCollector,5,10000,20,100,1,nearest,1,4,1,BASELINE,4,116264429,Client Waiting Time [min],1.12,261.73,70.28,6887.17,98,260.61
2026-05-08T18:12:21.180573300Z,TaxiAlgorithmP2PCollector,5,10000,20,100,1,nearest,1,4,1,BASELINE,4,116264429,Client Travel Time [min],850.0,16919.0,6038.84,603884.0,100,16069.0
2026-05-08T18:12:21.180573300Z,TaxiAlgorithmP2PCollector,5,10000,20,100,1,nearest,1,4,1,BASELINE,4,116264429,Calculation Time [millis],0.0,105.0,0.38,7039.0,18734,105.0
2026-05-08T18:12:21.180573300Z,TaxiAlgorithmP2PCollector,5,10000,20,100,1,nearest,1,4,1,BASELINE,4,116264429,Custom Time [micros],0.0,0.0,0.0,0.0,18734,0.0
2026-05-08T18:12:27.474734Z,TaxiAlgorithmP2PCollector,5,10000,20,100,1,nearest,1,4,1,BASELINE,5,116264430,Taxi Travel Distance [km],176.55,362.54,307.55,6150.95,20,185.99
2026-05-08T18:12:27.474734Z,TaxiAlgorithmP2PCollector,5,10000,20,100,1,nearest,1,4,1,BASELINE,5,116264430,Client Waiting Time [min],0.5,195.82,60.22,5961.35,99,195.32
2026-05-08T18:12:27.474734Z,TaxiAlgorithmP2PCollector,5,10000,20,100,1,nearest,1,4,1,BASELINE,5,116264430,Client Travel Time [min],1048.0,13575.0,5453.96,545396.0,100,12527.0
2026-05-08T18:12:27.474734Z,TaxiAlgorithmP2PCollector,5,10000,20,100,1,nearest,1,4,1,BASELINE,5,116264430,Calculation Time [millis],0.0,126.0,0.36,6002.0,16566,126.0
2026-05-08T18:12:27.474734Z,TaxiAlgorithmP2PCollector,5,10000,20,100,1,nearest,1,4,1,BASELINE,5,116264430,Custom Time [micros],0.0,0.0,0.0,0.0,16566,0.0
2026-05-08T18:12:34.961697600Z,TaxiAlgorithmP2PCollector,5,10000,20,100,1,nearest,1,4,1,BASELINE,6,116264431,Taxi Travel Distance [km],127.54,438.44,348.43,6968.65,20,310.9
2026-05-08T18:12:34.961697600Z,TaxiAlgorithmP2PCollector,5,10000,20,100,1,nearest,1,4,1,BASELINE,6,116264431,Client Waiting Time [min],0.85,275.33,68.71,6733.13,98,274.47999999999996
2026-05-08T18:12:34.961697600Z,TaxiAlgorithmP2PCollector,5,10000,20,100,1,nearest,1,4,1,BASELINE,6,116264431,Client Travel Time [min],785.0,18193.0,5837.63,583763.0,100,17408.0
2026-05-08T18:12:34.961697600Z,TaxiAlgorithmP2PCollector,5,10000,20,100,1,nearest,1,4,1,BASELINE,6,116264431,Calculation Time [millis],0.0,132.0,0.36,7218.0,20252,132.0
2026-05-08T18:12:34.961697600Z,TaxiAlgorithmP2PCollector,5,10000,20,100,1,nearest,1,4,1,BASELINE,6,116264431,Custom Time [micros],0.0,0.0,0.0,0.0,20252,0.0
2026-05-08T18:12:41.543648800Z,TaxiAlgorithmP2PCollector,5,10000,20,100,1,nearest,1,4,1,BASELINE,7,116264432,Taxi Travel Distance [km],222.08,420.35,318.89,6377.81,20,198.27
2026-05-08T18:12:41.543648800Z,TaxiAlgorithmP2PCollector,5,10000,20,100,1,nearest,1,4,1,BASELINE,7,116264432,Client Waiting Time [min],1.68,247.03,62.74,6085.8,97,245.35
2026-05-08T18:12:41.543648800Z,TaxiAlgorithmP2PCollector,5,10000,20,100,1,nearest,1,4,1,BASELINE,7,116264432,Client Travel Time [min],617.0,17386.0,5446.46,544646.0,100,16769.0
2026-05-08T18:12:41.543648800Z,TaxiAlgorithmP2PCollector,5,10000,20,100,1,nearest,1,4,1,BASELINE,7,116264432,Calculation Time [millis],0.0,141.0,0.32,6198.0,19180,141.0
2026-05-08T18:12:41.543648800Z,TaxiAlgorithmP2PCollector,5,10000,20,100,1,nearest,1,4,1,BASELINE,7,116264432,Custom Time [micros],0.0,0.0,0.0,0.0,19180,0.0
2026-05-08T18:12:49.979775200Z,TaxiAlgorithmP2PCollector,5,10000,20,100,1,nearest,1,4,1,BASELINE,8,116264433,Taxi Travel Distance [km],270.17,460.53,398.44,7968.75,20,190.35999999999996
2026-05-08T18:12:49.979775200Z,TaxiAlgorithmP2PCollector,5,10000,20,100,1,nearest,1,4,1,BASELINE,8,116264433,Client Waiting Time [min],1.18,270.62,75.24,7298.65,97,269.44
2026-05-08T18:12:49.979775200Z,TaxiAlgorithmP2PCollector,5,10000,20,100,1,nearest,1,4,1,BASELINE,8,116264433,Client Travel Time [min],464.0,17457.0,6426.43,642643.0,100,16993.0
2026-05-08T18:12:49.979775200Z,TaxiAlgorithmP2PCollector,5,10000,20,100,1,nearest,1,4,1,BASELINE,8,116264433,Calculation Time [millis],0.0,159.0,0.36,8134.0,22305,159.0
2026-05-08T18:12:49.979775200Z,TaxiAlgorithmP2PCollector,5,10000,20,100,1,nearest,1,4,1,BASELINE,8,116264433,Custom Time [micros],0.0,0.0,0.0,0.0,22305,0.0
2026-05-08T18:13:01.683647600Z,TaxiAlgorithmP2PCollector,5,10000,20,100,1,nearest,1,4,1,BASELINE,9,116264434,Taxi Travel Distance [km],249.83,604.24,450.07,9001.39,20,354.40999999999997
2026-05-08T18:13:01.683647600Z,TaxiAlgorithmP2PCollector,5,10000,20,100,1,nearest,1,4,1,BASELINE,9,116264434,Client Waiting Time [min],0.65,375.13,67.85,6513.63,96,374.48
2026-05-08T18:13:01.683647600Z,TaxiAlgorithmP2PCollector,5,10000,20,100,1,nearest,1,4,1,BASELINE,9,116264434,Client Travel Time [min],507.0,23469.0,5804.27,580427.0,100,22962.0
2026-05-08T18:13:01.683647600Z,TaxiAlgorithmP2PCollector,5,10000,20,100,1,nearest,1,4,1,BASELINE,9,116264434,Calculation Time [millis],0.0,153.0,0.41,11317.0,27811,153.0
2026-05-08T18:13:01.683647600Z,TaxiAlgorithmP2PCollector,5,10000,20,100,1,nearest,1,4,1,BASELINE,9,116264434,Custom Time [micros],0.0,0.0,0.0,0.0,27811,0.0
2026-05-08T18:13:10.473092300Z,TaxiAlgorithmP2PCollector,5,10000,20,100,1,nearest,1,4,1,BASELINE,10,116264435,Taxi Travel Distance [km],179.06,484.63,354.96,7099.12,20,305.57
2026-05-08T18:13:10.473092300Z,TaxiAlgorithmP2PCollector,5,10000,20,100,1,nearest,1,4,1,BASELINE,10,116264435,Client Waiting Time [min],0.82,297.03,72.91,6999.5,96,296.21
2026-05-08T18:13:10.473092300Z,TaxiAlgorithmP2PCollector,5,10000,20,100,1,nearest,1,4,1,BASELINE,10,116264435,Client Travel Time [min],713.0,18405.0,6089.47,608947.0,100,17692.0
2026-05-08T18:13:10.473092300Z,TaxiAlgorithmP2PCollector,5,10000,20,100,1,nearest,1,4,1,BASELINE,10,116264435,Calculation Time [millis],0.0,175.0,0.38,8427.0,22256,175.0
2026-05-08T18:13:10.473092300Z,TaxiAlgorithmP2PCollector,5,10000,20,100,1,nearest,1,4,1,BASELINE,10,116264435,Custom Time [micros],0.0,0.0,0.0,0.0,22256,0.0
2026-05-08T18:13:10.771148300Z,TaxiAlgorithmP2PCollector,5,20000,5,25,1,nearest,1,4,1,BASELINE,1,116264426,Taxi Travel Distance [km],91.86,131.32,114.21,571.04,5,39.459999999999994
2026-05-08T18:13:10.771148300Z,TaxiAlgorithmP2PCollector,5,20000,5,25,1,nearest,1,4,1,BASELINE,1,116264426,Client Waiting Time [min],1.5,24.73,12.21,305.15,25,23.23
2026-05-08T18:13:10.771148300Z,TaxiAlgorithmP2PCollector,5,20000,5,25,1,nearest,1,4,1,BASELINE,1,116264426,Client Travel Time [min],278.0,1734.0,1177.96,29449.0,25,1456.0
2026-05-08T18:13:10.771148300Z,TaxiAlgorithmP2PCollector,5,20000,5,25,1,nearest,1,4,1,BASELINE,1,116264426,Calculation Time [millis],0.0,0.0,0.02,155.0,6513,0.0
2026-05-08T18:13:10.771148300Z,TaxiAlgorithmP2PCollector,5,20000,5,25,1,nearest,1,4,1,BASELINE,1,116264426,Custom Time [micros],0.0,0.0,0.0,0.0,6513,0.0
2026-05-08T18:13:11.235149300Z,TaxiAlgorithmP2PCollector,5,20000,5,25,1,nearest,1,4,1,BASELINE,2,116264427,Taxi Travel Distance [km],97.68,122.39,106.77,533.86,5,24.709999999999994
2026-05-08T18:13:11.235149300Z,TaxiAlgorithmP2PCollector,5,20000,5,25,1,nearest,1,4,1,BASELINE,2,116264427,Client Waiting Time [min],2.65,54.42,16.85,421.28,25,51.77
2026-05-08T18:13:11.235149300Z,TaxiAlgorithmP2PCollector,5,20000,5,25,1,nearest,1,4,1,BASELINE,2,116264427,Client Travel Time [min],618.0,3434.0,1488.76,37219.0,25,2816.0
2026-05-08T18:13:11.235149300Z,TaxiAlgorithmP2PCollector,5,20000,5,25,1,nearest,1,4,1,BASELINE,2,116264427,Calculation Time [millis],0.0,1.0,0.06,362.0,6354,1.0
2026-05-08T18:13:11.235149300Z,TaxiAlgorithmP2PCollector,5,20000,5,25,1,nearest,1,4,1,BASELINE,2,116264427,Custom Time [micros],0.0,0.0,0.0,0.0,6354,0.0
2026-05-08T18:13:11.657148400Z,TaxiAlgorithmP2PCollector,5,20000,5,25,1,nearest,1,4,1,BASELINE,3,116264428,Taxi Travel Distance [km],92.53,122.53,107.57,537.85,5,30.0
2026-05-08T18:13:11.657148400Z,TaxiAlgorithmP2PCollector,5,20000,5,25,1,nearest,1,4,1,BASELINE,3,116264428,Client Waiting Time [min],1.12,47.7,15.59,389.7,25,46.580000000000005
2026-05-08T18:13:11.657148400Z,TaxiAlgorithmP2PCollector,5,20000,5,25,1,nearest,1,4,1,BASELINE,3,116264428,Client Travel Time [min],476.0,3450.0,1402.32,35058.0,25,2974.0
2026-05-08T18:13:11.657148400Z,TaxiAlgorithmP2PCollector,5,20000,5,25,1,nearest,1,4,1,BASELINE,3,116264428,Calculation Time [millis],0.0,1.0,0.05,315.0,6544,1.0
2026-05-08T18:13:11.657148400Z,TaxiAlgorithmP2PCollector,5,20000,5,25,1,nearest,1,4,1,BASELINE,3,116264428,Custom Time [micros],0.0,0.0,0.0,0.0,6544,0.0
2026-05-08T18:13:11.939148800Z,TaxiAlgorithmP2PCollector,5,20000,5,25,1,nearest,1,4,1,BASELINE,4,116264429,Taxi Travel Distance [km],96.04,116.4,108.38,541.92,5,20.36
2026-05-08T18:13:11.939148800Z,TaxiAlgorithmP2PCollector,5,20000,5,25,1,nearest,1,4,1,BASELINE,4,116264429,Client Waiting Time [min],3.65,31.65,12.07,301.82,25,28.0
2026-05-08T18:13:11.939148800Z,TaxiAlgorithmP2PCollector,5,20000,5,25,1,nearest,1,4,1,BASELINE,4,116264429,Client Travel Time [min],304.0,2261.0,1180.16,29504.0,25,1957.0
2026-05-08T18:13:11.939148800Z,TaxiAlgorithmP2PCollector,5,20000,5,25,1,nearest,1,4,1,BASELINE,4,116264429,Calculation Time [millis],0.0,0.0,0.03,181.0,5938,0.0
2026-05-08T18:13:11.939148800Z,TaxiAlgorithmP2PCollector,5,20000,5,25,1,nearest,1,4,1,BASELINE,4,116264429,Custom Time [micros],0.0,0.0,0.0,0.0,5938,0.0
2026-05-08T18:13:12.388150200Z,TaxiAlgorithmP2PCollector,5,20000,5,25,1,nearest,1,4,1,BASELINE,5,116264430,Taxi Travel Distance [km],66.58,128.29,107.94,539.72,5,61.709999999999994
2026-05-08T18:13:12.388150200Z,TaxiAlgorithmP2PCollector,5,20000,5,25,1,nearest,1,4,1,BASELINE,5,116264430,Client Waiting Time [min],4.32,57.0,17.99,449.77,25,52.68
2026-05-08T18:13:12.388150200Z,TaxiAlgorithmP2PCollector,5,20000,5,25,1,nearest,1,4,1,BASELINE,5,116264430,Client Travel Time [min],653.0,3682.0,1526.8,38170.0,25,3029.0
2026-05-08T18:13:12.388150200Z,TaxiAlgorithmP2PCollector,5,20000,5,25,1,nearest,1,4,1,BASELINE,5,116264430,Calculation Time [millis],0.0,35.0,0.05,379.0,7118,35.0
2026-05-08T18:13:12.388150200Z,TaxiAlgorithmP2PCollector,5,20000,5,25,1,nearest,1,4,1,BASELINE,5,116264430,Custom Time [micros],0.0,0.0,0.0,0.0,7118,0.0
2026-05-08T18:13:12.605147300Z,TaxiAlgorithmP2PCollector,5,20000,5,25,1,nearest,1,4,1,BASELINE,6,116264431,Taxi Travel Distance [km],93.08,111.05,103.11,515.55,5,17.97
2026-05-08T18:13:12.605147300Z,TaxiAlgorithmP2PCollector,5,20000,5,25,1,nearest,1,4,1,BASELINE,6,116264431,Client Waiting Time [min],1.33,34.27,9.65,241.37,25,32.940000000000005
2026-05-08T18:13:12.605147300Z,TaxiAlgorithmP2PCollector,5,20000,5,25,1,nearest,1,4,1,BASELINE,6,116264431,Client Travel Time [min],295.0,2080.0,1053.64,26341.0,25,1785.0
2026-05-08T18:13:12.605147300Z,TaxiAlgorithmP2PCollector,5,20000,5,25,1,nearest,1,4,1,BASELINE,6,116264431,Calculation Time [millis],0.0,0.0,0.02,131.0,6160,0.0
2026-05-08T18:13:12.605147300Z,TaxiAlgorithmP2PCollector,5,20000,5,25,1,nearest,1,4,1,BASELINE,6,116264431,Custom Time [micros],0.0,0.0,0.0,0.0,6160,0.0
2026-05-08T18:13:12.837147200Z,TaxiAlgorithmP2PCollector,5,20000,5,25,1,nearest,1,4,1,BASELINE,7,116264432,Taxi Travel Distance [km],92.24,120.03,103.8,518.99,5,27.790000000000006
2026-05-08T18:13:12.837147200Z,TaxiAlgorithmP2PCollector,5,20000,5,25,1,nearest,1,4,1,BASELINE,7,116264432,Client Waiting Time [min],2.78,29.57,10.4,260.02,25,26.79
2026-05-08T18:13:12.837147200Z,TaxiAlgorithmP2PCollector,5,20000,5,25,1,nearest,1,4,1,BASELINE,7,116264432,Client Travel Time [min],462.0,2043.0,1089.36,27234.0,25,1581.0
2026-05-08T18:13:12.837147200Z,TaxiAlgorithmP2PCollector,5,20000,5,25,1,nearest,1,4,1,BASELINE,7,116264432,Calculation Time [millis],0.0,0.0,0.02,123.0,6051,0.0
2026-05-08T18:13:12.837147200Z,TaxiAlgorithmP2PCollector,5,20000,5,25,1,nearest,1,4,1,BASELINE,7,116264432,Custom Time [micros],0.0,0.0,0.0,0.0,6051,0.0
2026-05-08T18:13:13.041151100Z,TaxiAlgorithmP2PCollector,5,20000,5,25,1,nearest,1,4,1,BASELINE,8,116264433,Taxi Travel Distance [km],96.44,118.38,102.68,513.39,5,21.939999999999998
2026-05-08T18:13:13.041151100Z,TaxiAlgorithmP2PCollector,5,20000,5,25,1,nearest,1,4,1,BASELINE,8,116264433,Client Waiting Time [min],2.27,24.03,11.01,275.27,25,21.76
2026-05-08T18:13:13.041151100Z,TaxiAlgorithmP2PCollector,5,20000,5,25,1,nearest,1,4,1,BASELINE,8,116264433,Client Travel Time [min],367.0,2154.0,1184.08,29602.0,25,1787.0
2026-05-08T18:13:13.041151100Z,TaxiAlgorithmP2PCollector,5,20000,5,25,1,nearest,1,4,1,BASELINE,8,116264433,Calculation Time [millis],0.0,0.0,0.02,130.0,5839,0.0
2026-05-08T18:13:13.041151100Z,TaxiAlgorithmP2PCollector,5,20000,5,25,1,nearest,1,4,1,BASELINE,8,116264433,Custom Time [micros],0.0,0.0,0.0,0.0,5839,0.0
2026-05-08T18:13:13.241150700Z,TaxiAlgorithmP2PCollector,5,20000,5,25,1,nearest,1,4,1,BASELINE,9,116264434,Taxi Travel Distance [km],65.05,126.11,95.68,478.41,5,61.06
2026-05-08T18:13:13.241150700Z,TaxiAlgorithmP2PCollector,5,20000,5,25,1,nearest,1,4,1,BASELINE,9,116264434,Client Waiting Time [min],0.67,30.32,8.25,206.3,25,29.65
2026-05-08T18:13:13.241150700Z,TaxiAlgorithmP2PCollector,5,20000,5,25,1,nearest,1,4,1,BASELINE,9,116264434,Client Travel Time [min],239.0,2062.0,896.16,22404.0,25,1823.0
2026-05-08T18:13:13.241150700Z,TaxiAlgorithmP2PCollector,5,20000,5,25,1,nearest,1,4,1,BASELINE,9,116264434,Calculation Time [millis],0.0,0.0,0.02,123.0,6146,0.0
2026-05-08T18:13:13.241150700Z,TaxiAlgorithmP2PCollector,5,20000,5,25,1,nearest,1,4,1,BASELINE,9,116264434,Custom Time [micros],0.0,0.0,0.0,0.0,6146,0.0
2026-05-08T18:13:13.459147400Z,TaxiAlgorithmP2PCollector,5,20000,5,25,1,nearest,1,4,1,BASELINE,10,116264435,Taxi Travel Distance [km],66.55,112.0,93.63,468.16,5,45.45
2026-05-08T18:13:13.459147400Z,TaxiAlgorithmP2PCollector,5,20000,5,25,1,nearest,1,4,1,BASELINE,10,116264435,Client Waiting Time [min],2.52,27.02,11.19,279.78,25,24.5
2026-05-08T18:13:13.459147400Z,TaxiAlgorithmP2PCollector,5,20000,5,25,1,nearest,1,4,1,BASELINE,10,116264435,Client Travel Time [min],430.0,2039.0,1022.08,25552.0,25,1609.0
2026-05-08T18:13:13.459147400Z,TaxiAlgorithmP2PCollector,5,20000,5,25,1,nearest,1,4,1,BASELINE,10,116264435,Calculation Time [millis],0.0,0.0,0.02,127.0,6797,0.0
2026-05-08T18:13:13.459147400Z,TaxiAlgorithmP2PCollector,5,20000,5,25,1,nearest,1,4,1,BASELINE,10,116264435,Custom Time [micros],0.0,0.0,0.0,0.0,6797,0.0
2026-05-08T18:13:13.537147600Z,TaxiAlgorithmP2PCollector,5,20000,10,25,1,nearest,1,4,1,BASELINE,1,116264426,Taxi Travel Distance [km],16.9,93.4,54.4,543.96,10,76.5
2026-05-08T18:13:13.537147600Z,TaxiAlgorithmP2PCollector,5,20000,10,25,1,nearest,1,4,1,BASELINE,1,116264426,Client Waiting Time [min],0.83,17.92,8.79,219.7,25,17.090000000000003
2026-05-08T18:13:13.537147600Z,TaxiAlgorithmP2PCollector,5,20000,10,25,1,nearest,1,4,1,BASELINE,1,116264426,Client Travel Time [min],92.0,1662.0,981.8,24545.0,25,1570.0
2026-05-08T18:13:13.537147600Z,TaxiAlgorithmP2PCollector,5,20000,10,25,1,nearest,1,4,1,BASELINE,1,116264426,Calculation Time [millis],0.0,0.0,0.0,10.0,5975,0.0
2026-05-08T18:13:13.537147600Z,TaxiAlgorithmP2PCollector,5,20000,10,25,1,nearest,1,4,1,BASELINE,1,116264426,Custom Time [micros],0.0,0.0,0.0,0.0,5975,0.0
2026-05-08T18:13:13.665148200Z,TaxiAlgorithmP2PCollector,5,20000,10,25,1,nearest,1,4,1,BASELINE,2,116264427,Taxi Travel Distance [km],28.08,83.79,53.76,537.58,10,55.71000000000001
2026-05-08T18:13:13.665148200Z,TaxiAlgorithmP2PCollector,5,20000,10,25,1,nearest,1,4,1,BASELINE,2,116264427,Client Waiting Time [min],1.03,18.08,7.21,180.3,25,17.049999999999997
2026-05-08T18:13:13.665148200Z,TaxiAlgorithmP2PCollector,5,20000,10,25,1,nearest,1,4,1,BASELINE,2,116264427,Client Travel Time [min],355.0,2028.0,955.68,23892.0,25,1673.0
2026-05-08T18:13:13.665148200Z,TaxiAlgorithmP2PCollector,5,20000,10,25,1,nearest,1,4,1,BASELINE,2,116264427,Calculation Time [millis],0.0,0.0,0.01,30.0,5019,0.0
2026-05-08T18:13:13.665148200Z,TaxiAlgorithmP2PCollector,5,20000,10,25,1,nearest,1,4,1,BASELINE,2,116264427,Custom Time [micros],0.0,0.0,0.0,0.0,5019,0.0
2026-05-08T18:13:13.743147300Z,TaxiAlgorithmP2PCollector,5,20000,10,25,1,nearest,1,4,1,BASELINE,3,116264428,Taxi Travel Distance [km],27.35,79.84,52.36,523.65,10,52.49
2026-05-08T18:13:13.743147300Z,TaxiAlgorithmP2PCollector,5,20000,10,25,1,nearest,1,4,1,BASELINE,3,116264428,Client Waiting Time [min],0.42,14.6,7.0,175.08,25,14.18
2026-05-08T18:13:13.743147300Z,TaxiAlgorithmP2PCollector,5,20000,10,25,1,nearest,1,4,1,BASELINE,3,116264428,Client Travel Time [min],333.0,1505.0,926.4,23160.0,25,1172.0
2026-05-08T18:13:13.743147300Z,TaxiAlgorithmP2PCollector,5,20000,10,25,1,nearest,1,4,1,BASELINE,3,116264428,Calculation Time [millis],0.0,0.0,0.0,21.0,6026,0.0
2026-05-08T18:13:13.743147300Z,TaxiAlgorithmP2PCollector,5,20000,10,25,1,nearest,1,4,1,BASELINE,3,116264428,Custom Time [micros],0.0,0.0,0.0,0.0,6026,0.0
2026-05-08T18:13:13.865149400Z,TaxiAlgorithmP2PCollector,5,20000,10,25,1,nearest,1,4,1,BASELINE,4,116264429,Taxi Travel Distance [km],7.79,94.64,49.67,496.74,10,86.85
2026-05-08T18:13:13.865149400Z,TaxiAlgorithmP2PCollector,5,20000,10,25,1,nearest,1,4,1,BASELINE,4,116264429,Client Waiting Time [min],1.35,18.42,6.73,168.13,25,17.07
2026-05-08T18:13:13.865149400Z,TaxiAlgorithmP2PCollector,5,20000,10,25,1,nearest,1,4,1,BASELINE,4,116264429,Client Travel Time [min],267.0,1510.0,876.24,21906.0,25,1243.0
2026-05-08T18:13:13.865149400Z,TaxiAlgorithmP2PCollector,5,20000,10,25,1,nearest,1,4,1,BASELINE,4,116264429,Calculation Time [millis],0.0,0.0,0.0,22.0,5563,0.0
2026-05-08T18:13:13.865149400Z,TaxiAlgorithmP2PCollector,5,20000,10,25,1,nearest,1,4,1,BASELINE,4,116264429,Custom Time [micros],0.0,0.0,0.0,0.0,5563,0.0
2026-05-08T18:13:13.961146900Z,TaxiAlgorithmP2PCollector,5,20000,10,25,1,nearest,1,4,1,BASELINE,5,116264430,Taxi Travel Distance [km],24.37,70.91,46.86,468.6,10,46.53999999999999
2026-05-08T18:13:13.961146900Z,TaxiAlgorithmP2PCollector,5,20000,10,25,1,nearest,1,4,1,BASELINE,5,116264430,Client Waiting Time [min],1.28,13.2,6.29,157.13,25,11.92
2026-05-08T18:13:13.961146900Z,TaxiAlgorithmP2PCollector,5,20000,10,25,1,nearest,1,4,1,BASELINE,5,116264430,Client Travel Time [min],402.0,1441.0,841.96,21049.0,25,1039.0
2026-05-08T18:13:13.961146900Z,TaxiAlgorithmP2PCollector,5,20000,10,25,1,nearest,1,4,1,BASELINE,5,116264430,Calculation Time [millis],0.0,0.0,0.0,24.0,5540,0.0
2026-05-08T18:13:13.961146900Z,TaxiAlgorithmP2PCollector,5,20000,10,25,1,nearest,1,4,1,BASELINE,5,116264430,Custom Time [micros],0.0,0.0,0.0,0.0,5540,0.0
2026-05-08T18:13:14.039146700Z,TaxiAlgorithmP2PCollector,5,20000,10,25,1,nearest,1,4,1,BASELINE,6,116264431,Taxi Travel Distance [km],0.0,108.91,54.63,546.32,10,108.91
2026-05-08T18:13:14.039146700Z,TaxiAlgorithmP2PCollector,5,20000,10,25,1,nearest,1,4,1,BASELINE,6,116264431,Client Waiting Time [min],0.77,15.67,8.06,201.48,25,14.9
2026-05-08T18:13:14.039146700Z,TaxiAlgorithmP2PCollector,5,20000,10,25,1,nearest,1,4,1,BASELINE,6,116264431,Client Travel Time [min],147.0,1763.0,988.52,24713.0,25,1616.0
2026-05-08T18:13:14.039146700Z,TaxiAlgorithmP2PCollector,5,20000,10,25,1,nearest,1,4,1,BASELINE,6,116264431,Calculation Time [millis],0.0,0.0,0.0,13.0,6148,0.0
2026-05-08T18:13:14.039146700Z,TaxiAlgorithmP2PCollector,5,20000,10,25,1,nearest,1,4,1,BASELINE,6,116264431,Custom Time [micros],0.0,0.0,0.0,0.0,6148,0.0
2026-05-08T18:13:14.148147100Z,TaxiAlgorithmP2PCollector,5,20000,10,25,1,nearest,1,4,1,BASELINE,7,116264432,Taxi Travel Distance [km],12.1,83.68,49.45,494.52,10,71.58000000000001
2026-05-08T18:13:14.148147100Z,TaxiAlgorithmP2PCollector,5,20000,10,25,1,nearest,1,4,1,BASELINE,7,116264432,Client Waiting Time [min],1.03,16.05,7.11,177.73,25,15.020000000000001
2026-05-08T18:13:14.148147100Z,TaxiAlgorithmP2PCollector,5,20000,10,25,1,nearest,1,4,1,BASELINE,7,116264432,Client Travel Time [min],298.0,1473.0,892.28,22307.0,25,1175.0
2026-05-08T18:13:14.148147100Z,TaxiAlgorithmP2PCollector,5,20000,10,25,1,nearest,1,4,1,BASELINE,7,116264432,Calculation Time [millis],0.0,0.0,0.0,17.0,5600,0.0
2026-05-08T18:13:14.148147100Z,TaxiAlgorithmP2PCollector,5,20000,10,25,1,nearest,1,4,1,BASELINE,7,116264432,Custom Time [micros],0.0,0.0,0.0,0.0,5600,0.0
2026-05-08T18:13:14.255148300Z,TaxiAlgorithmP2PCollector,5,20000,10,25,1,nearest,1,4,1,BASELINE,8,116264433,Taxi Travel Distance [km],17.75,91.77,55.2,551.99,10,74.02
2026-05-08T18:13:14.255148300Z,TaxiAlgorithmP2PCollector,5,20000,10,25,1,nearest,1,4,1,BASELINE,8,116264433,Client Waiting Time [min],0.73,15.43,7.06,176.53,25,14.7
2026-05-08T18:13:14.255148300Z,TaxiAlgorithmP2PCollector,5,20000,10,25,1,nearest,1,4,1,BASELINE,8,116264433,Client Travel Time [min],262.0,1704.0,969.96,24249.0,25,1442.0
2026-05-08T18:13:14.255148300Z,TaxiAlgorithmP2PCollector,5,20000,10,25,1,nearest,1,4,1,BASELINE,8,116264433,Calculation Time [millis],0.0,0.0,0.0,26.0,5922,0.0
2026-05-08T18:13:14.255148300Z,TaxiAlgorithmP2PCollector,5,20000,10,25,1,nearest,1,4,1,BASELINE,8,116264433,Custom Time [micros],0.0,0.0,0.0,0.0,5922,0.0
2026-05-08T18:13:14.316146800Z,TaxiAlgorithmP2PCollector,5,20000,10,25,1,nearest,1,4,1,BASELINE,9,116264434,Taxi Travel Distance [km],0.0,112.98,45.17,451.66,10,112.98
2026-05-08T18:13:14.316146800Z,TaxiAlgorithmP2PCollector,5,20000,10,25,1,nearest,1,4,1,BASELINE,9,116264434,Client Waiting Time [min],0.65,14.25,6.93,173.17,25,13.6
2026-05-08T18:13:14.316146800Z,TaxiAlgorithmP2PCollector,5,20000,10,25,1,nearest,1,4,1,BASELINE,9,116264434,Client Travel Time [min],337.0,1482.0,803.52,20088.0,25,1145.0
2026-05-08T18:13:14.316146800Z,TaxiAlgorithmP2PCollector,5,20000,10,25,1,nearest,1,4,1,BASELINE,9,116264434,Calculation Time [millis],0.0,0.0,0.0,13.0,6104,0.0
2026-05-08T18:13:14.316146800Z,TaxiAlgorithmP2PCollector,5,20000,10,25,1,nearest,1,4,1,BASELINE,9,116264434,Custom Time [micros],0.0,0.0,0.0,0.0,6104,0.0
2026-05-08T18:13:14.425147500Z,TaxiAlgorithmP2PCollector,5,20000,10,25,1,nearest,1,4,1,BASELINE,10,116264435,Taxi Travel Distance [km],17.7,103.6,45.15,451.47,10,85.89999999999999
2026-05-08T18:13:14.425147500Z,TaxiAlgorithmP2PCollector,5,20000,10,25,1,nearest,1,4,1,BASELINE,10,116264435,Client Waiting Time [min],2.1,15.6,7.69,192.13,25,13.5
2026-05-08T18:13:14.425147500Z,TaxiAlgorithmP2PCollector,5,20000,10,25,1,nearest,1,4,1,BASELINE,10,116264435,Client Travel Time [min],388.0,1427.0,808.24,20206.0,25,1039.0
2026-05-08T18:13:14.425147500Z,TaxiAlgorithmP2PCollector,5,20000,10,25,1,nearest,1,4,1,BASELINE,10,116264435,Calculation Time [millis],0.0,0.0,0.0,16.0,5977,0.0
2026-05-08T18:13:14.425147500Z,TaxiAlgorithmP2PCollector,5,20000,10,25,1,nearest,1,4,1,BASELINE,10,116264435,Custom Time [micros],0.0,0.0,0.0,0.0,5977,0.0
2026-05-08T18:13:15.389171Z,TaxiAlgorithmP2PCollector,5,20000,10,50,1,nearest,1,4,1,BASELINE,1,116264426,Taxi Travel Distance [km],140.16,180.84,162.25,1622.48,10,40.68000000000001
2026-05-08T18:13:15.389171Z,TaxiAlgorithmP2PCollector,5,20000,10,50,1,nearest,1,4,1,BASELINE,1,116264426,Client Waiting Time [min],1.03,89.33,27.55,1377.35,50,88.3
2026-05-08T18:13:15.389171Z,TaxiAlgorithmP2PCollector,5,20000,10,50,1,nearest,1,4,1,BASELINE,1,116264426,Client Travel Time [min],723.0,6287.0,2462.58,123129.0,50,5564.0
2026-05-08T18:13:15.389171Z,TaxiAlgorithmP2PCollector,5,20000,10,50,1,nearest,1,4,1,BASELINE,1,116264426,Calculation Time [millis],0.0,20.0,0.1,887.0,8699,20.0
2026-05-08T18:13:15.389171Z,TaxiAlgorithmP2PCollector,5,20000,10,50,1,nearest,1,4,1,BASELINE,1,116264426,Custom Time [micros],0.0,0.0,0.0,0.0,8699,0.0
2026-05-08T18:13:16.384202Z,TaxiAlgorithmP2PCollector,5,20000,10,50,1,nearest,1,4,1,BASELINE,2,116264427,Taxi Travel Distance [km],140.38,201.08,163.49,1634.88,10,60.70000000000002
2026-05-08T18:13:16.384202Z,TaxiAlgorithmP2PCollector,5,20000,10,50,1,nearest,1,4,1,BASELINE,2,116264427,Client Waiting Time [min],1.55,103.45,27.94,1369.22,49,101.9
2026-05-08T18:13:16.384202Z,TaxiAlgorithmP2PCollector,5,20000,10,50,1,nearest,1,4,1,BASELINE,2,116264427,Client Travel Time [min],684.0,7715.0,2463.98,123199.0,50,7031.0
2026-05-08T18:13:16.384202Z,TaxiAlgorithmP2PCollector,5,20000,10,50,1,nearest,1,4,1,BASELINE,2,116264427,Calculation Time [millis],0.0,31.0,0.09,825.0,9194,31.0
2026-05-08T18:13:16.384202Z,TaxiAlgorithmP2PCollector,5,20000,10,50,1,nearest,1,4,1,BASELINE,2,116264427,Custom Time [micros],0.0,0.0,0.0,0.0,9194,0.0
2026-05-08T18:13:17.390802100Z,TaxiAlgorithmP2PCollector,5,20000,10,50,1,nearest,1,4,1,BASELINE,3,116264428,Taxi Travel Distance [km],147.84,193.28,168.94,1689.45,10,45.44
2026-05-08T18:13:17.390802100Z,TaxiAlgorithmP2PCollector,5,20000,10,50,1,nearest,1,4,1,BASELINE,3,116264428,Client Waiting Time [min],3.23,100.9,32.89,1644.48,50,97.67
2026-05-08T18:13:17.390802100Z,TaxiAlgorithmP2PCollector,5,20000,10,50,1,nearest,1,4,1,BASELINE,3,116264428,Client Travel Time [min],580.0,7105.0,2753.86,137693.0,50,6525.0
2026-05-08T18:13:17.390802100Z,TaxiAlgorithmP2PCollector,5,20000,10,50,1,nearest,1,4,1,BASELINE,3,116264428,Calculation Time [millis],0.0,1.0,0.09,886.0,9388,1.0
2026-05-08T18:13:17.390802100Z,TaxiAlgorithmP2PCollector,5,20000,10,50,1,nearest,1,4,1,BASELINE,3,116264428,Custom Time [micros],0.0,0.0,0.0,0.0,9388,0.0
2026-05-08T18:13:18.477614300Z,TaxiAlgorithmP2PCollector,5,20000,10,50,1,nearest,1,4,1,BASELINE,4,116264429,Taxi Travel Distance [km],147.85,183.26,166.41,1664.13,10,35.41
2026-05-08T18:13:18.477614300Z,TaxiAlgorithmP2PCollector,5,20000,10,50,1,nearest,1,4,1,BASELINE,4,116264429,Client Waiting Time [min],2.65,87.6,28.08,1375.93,49,84.94999999999999
2026-05-08T18:13:18.477614300Z,TaxiAlgorithmP2PCollector,5,20000,10,50,1,nearest,1,4,1,BASELINE,4,116264429,Client Travel Time [min],867.0,5947.0,2492.8,124640.0,50,5080.0
2026-05-08T18:13:18.477614300Z,TaxiAlgorithmP2PCollector,5,20000,10,50,1,nearest,1,4,1,BASELINE,4,116264429,Calculation Time [millis],0.0,24.0,0.11,937.0,8697,24.0
2026-05-08T18:13:18.477614300Z,TaxiAlgorithmP2PCollector,5,20000,10,50,1,nearest,1,4,1,BASELINE,4,116264429,Custom Time [micros],0.0,0.0,0.0,0.0,8697,0.0
2026-05-08T18:13:19.662774100Z,TaxiAlgorithmP2PCollector,5,20000,10,50,1,nearest,1,4,1,BASELINE,5,116264430,Taxi Travel Distance [km],155.8,225.69,180.92,1809.23,10,69.88999999999999
2026-05-08T18:13:19.662774100Z,TaxiAlgorithmP2PCollector,5,20000,10,50,1,nearest,1,4,1,BASELINE,5,116264430,Client Waiting Time [min],1.45,122.77,39.86,1993.0,50,121.32
2026-05-08T18:13:19.662774100Z,TaxiAlgorithmP2PCollector,5,20000,10,50,1,nearest,1,4,1,BASELINE,5,116264430,Client Travel Time [min],788.0,8613.0,3263.94,163197.0,50,7825.0
2026-05-08T18:13:19.662774100Z,TaxiAlgorithmP2PCollector,5,20000,10,50,1,nearest,1,4,1,BASELINE,5,116264430,Calculation Time [millis],0.0,34.0,0.1,1050.0,10620,34.0
2026-05-08T18:13:19.662774100Z,TaxiAlgorithmP2PCollector,5,20000,10,50,1,nearest,1,4,1,BASELINE,5,116264430,Custom Time [micros],0.0,0.0,0.0,0.0,10620,0.0
2026-05-08T18:13:20.799838200Z,TaxiAlgorithmP2PCollector,5,20000,10,50,1,nearest,1,4,1,BASELINE,6,116264431,Taxi Travel Distance [km],147.92,203.56,175.24,1752.36,10,55.640000000000015
2026-05-08T18:13:20.799838200Z,TaxiAlgorithmP2PCollector,5,20000,10,50,1,nearest,1,4,1,BASELINE,6,116264431,Client Waiting Time [min],1.35,104.95,34.45,1722.47,50,103.60000000000001
2026-05-08T18:13:20.799838200Z,TaxiAlgorithmP2PCollector,5,20000,10,50,1,nearest,1,4,1,BASELINE,6,116264431,Client Travel Time [min],715.0,7210.0,3025.34,151267.0,50,6495.0
2026-05-08T18:13:20.799838200Z,TaxiAlgorithmP2PCollector,5,20000,10,50,1,nearest,1,4,1,BASELINE,6,116264431,Calculation Time [millis],0.0,1.0,0.1,1020.0,9889,1.0
2026-05-08T18:13:20.799838200Z,TaxiAlgorithmP2PCollector,5,20000,10,50,1,nearest,1,4,1,BASELINE,6,116264431,Custom Time [micros],0.0,0.0,0.0,0.0,9889,0.0
2026-05-08T18:13:21.964896700Z,TaxiAlgorithmP2PCollector,5,20000,10,50,1,nearest,1,4,1,BASELINE,7,116264432,Taxi Travel Distance [km],152.78,210.87,176.95,1769.46,10,58.09
2026-05-08T18:13:21.964896700Z,TaxiAlgorithmP2PCollector,5,20000,10,50,1,nearest,1,4,1,BASELINE,7,116264432,Client Waiting Time [min],1.72,92.9,31.75,1587.33,50,91.18
2026-05-08T18:13:21.964896700Z,TaxiAlgorithmP2PCollector,5,20000,10,50,1,nearest,1,4,1,BASELINE,7,116264432,Client Travel Time [min],683.0,6272.0,2738.86,136943.0,50,5589.0
2026-05-08T18:13:21.964896700Z,TaxiAlgorithmP2PCollector,5,20000,10,50,1,nearest,1,4,1,BASELINE,7,116264432,Calculation Time [millis],0.0,18.0,0.1,1016.0,9685,18.0
2026-05-08T18:13:21.964896700Z,TaxiAlgorithmP2PCollector,5,20000,10,50,1,nearest,1,4,1,BASELINE,7,116264432,Custom Time [micros],0.0,0.0,0.0,0.0,9685,0.0
2026-05-08T18:13:23.157828700Z,TaxiAlgorithmP2PCollector,5,20000,10,50,1,nearest,1,4,1,BASELINE,8,116264433,Taxi Travel Distance [km],173.11,214.62,188.57,1885.73,10,41.50999999999999
2026-05-08T18:13:23.157828700Z,TaxiAlgorithmP2PCollector,5,20000,10,50,1,nearest,1,4,1,BASELINE,8,116264433,Client Waiting Time [min],2.37,113.27,39.66,1943.38,49,110.89999999999999
2026-05-08T18:13:23.157828700Z,TaxiAlgorithmP2PCollector,5,20000,10,50,1,nearest,1,4,1,BASELINE,8,116264433,Client Travel Time [min],821.0,7170.0,3235.7,161785.0,50,6349.0
2026-05-08T18:13:23.157828700Z,TaxiAlgorithmP2PCollector,5,20000,10,50,1,nearest,1,4,1,BASELINE,8,116264433,Calculation Time [millis],0.0,30.0,0.1,1044.0,10384,30.0
2026-05-08T18:13:23.157828700Z,TaxiAlgorithmP2PCollector,5,20000,10,50,1,nearest,1,4,1,BASELINE,8,116264433,Custom Time [micros],0.0,0.0,0.0,0.0,10384,0.0
2026-05-08T18:13:24.204843300Z,TaxiAlgorithmP2PCollector,5,20000,10,50,1,nearest,1,4,1,BASELINE,9,116264434,Taxi Travel Distance [km],135.52,192.9,164.7,1646.98,10,57.379999999999995
2026-05-08T18:13:24.204843300Z,TaxiAlgorithmP2PCollector,5,20000,10,50,1,nearest,1,4,1,BASELINE,9,116264434,Client Waiting Time [min],0.25,88.15,28.22,1354.63,48,87.9
2026-05-08T18:13:24.204843300Z,TaxiAlgorithmP2PCollector,5,20000,10,50,1,nearest,1,4,1,BASELINE,9,116264434,Client Travel Time [min],91.0,5985.0,2631.94,131597.0,50,5894.0
2026-05-08T18:13:24.204843300Z,TaxiAlgorithmP2PCollector,5,20000,10,50,1,nearest,1,4,1,BASELINE,9,116264434,Calculation Time [millis],0.0,31.0,0.1,912.0,8894,31.0
2026-05-08T18:13:24.204843300Z,TaxiAlgorithmP2PCollector,5,20000,10,50,1,nearest,1,4,1,BASELINE,9,116264434,Custom Time [micros],0.0,0.0,0.0,0.0,8894,0.0
2026-05-08T18:13:25.150843400Z,TaxiAlgorithmP2PCollector,5,20000,10,50,1,nearest,1,4,1,BASELINE,10,116264435,Taxi Travel Distance [km],158.33,213.69,174.92,1749.17,10,55.359999999999985
2026-05-08T18:13:25.150843400Z,TaxiAlgorithmP2PCollector,5,20000,10,50,1,nearest,1,4,1,BASELINE,10,116264435,Client Waiting Time [min],3.85,109.4,32.57,1628.57,50,105.55000000000001
2026-05-08T18:13:25.150843400Z,TaxiAlgorithmP2PCollector,5,20000,10,50,1,nearest,1,4,1,BASELINE,10,116264435,Client Travel Time [min],629.0,7317.0,2838.44,141922.0,50,6688.0
2026-05-08T18:13:25.150843400Z,TaxiAlgorithmP2PCollector,5,20000,10,50,1,nearest,1,4,1,BASELINE,10,116264435,Calculation Time [millis],0.0,1.0,0.09,871.0,10195,1.0
2026-05-08T18:13:25.150843400Z,TaxiAlgorithmP2PCollector,5,20000,10,50,1,nearest,1,4,1,BASELINE,10,116264435,Custom Time [micros],0.0,0.0,0.0,0.0,10195,0.0
2026-05-08T18:13:25.944843900Z,TaxiAlgorithmP2PCollector,5,20000,20,50,1,nearest,1,4,1,BASELINE,1,116264426,Taxi Travel Distance [km],57.61,148.89,97.39,1947.78,20,91.27999999999999
2026-05-08T18:13:25.944843900Z,TaxiAlgorithmP2PCollector,5,20000,20,50,1,nearest,1,4,1,BASELINE,1,116264426,Client Waiting Time [min],2.25,30.67,15.56,777.82,50,28.42
2026-05-08T18:13:25.944843900Z,TaxiAlgorithmP2PCollector,5,20000,20,50,1,nearest,1,4,1,BASELINE,1,116264426,Client Travel Time [min],662.0,2831.0,1791.12,89556.0,50,2169.0
2026-05-08T18:13:25.944843900Z,TaxiAlgorithmP2PCollector,5,20000,20,50,1,nearest,1,4,1,BASELINE,1,116264426,Calculation Time [millis],0.0,23.0,0.09,663.0,7575,23.0
2026-05-08T18:13:25.944843900Z,TaxiAlgorithmP2PCollector,5,20000,20,50,1,nearest,1,4,1,BASELINE,1,116264426,Custom Time [micros],0.0,0.0,0.0,0.0,7575,0.0
2026-05-08T18:13:27.094878700Z,TaxiAlgorithmP2PCollector,5,20000,20,50,1,nearest,1,4,1,BASELINE,2,116264427,Taxi Travel Distance [km],65.97,131.15,100.71,2014.2,20,65.18
2026-05-08T18:13:27.094878700Z,TaxiAlgorithmP2PCollector,5,20000,20,50,1,nearest,1,4,1,BASELINE,2,116264427,Client Waiting Time [min],0.6,32.65,14.31,715.7,50,32.05
2026-05-08T18:13:27.094878700Z,TaxiAlgorithmP2PCollector,5,20000,20,50,1,nearest,1,4,1,BASELINE,2,116264427,Client Travel Time [min],530.0,3593.0,1737.2,86860.0,50,3063.0
2026-05-08T18:13:27.094878700Z,TaxiAlgorithmP2PCollector,5,20000,20,50,1,nearest,1,4,1,BASELINE,2,116264427,Calculation Time [millis],0.0,34.0,0.14,1043.0,7221,34.0
2026-05-08T18:13:27.094878700Z,TaxiAlgorithmP2PCollector,5,20000,20,50,1,nearest,1,4,1,BASELINE,2,116264427,Custom Time [micros],0.0,0.0,0.0,0.0,7221,0.0
2026-05-08T18:13:28.322423Z,TaxiAlgorithmP2PCollector,5,20000,20,50,1,nearest,1,4,1,BASELINE,3,116264428,Taxi Travel Distance [km],80.03,131.69,105.61,2112.26,20,51.66
2026-05-08T18:13:28.322423Z,TaxiAlgorithmP2PCollector,5,20000,20,50,1,nearest,1,4,1,BASELINE,3,116264428,Client Waiting Time [min],1.35,38.15,16.3,815.13,50,36.8
2026-05-08T18:13:28.322423Z,TaxiAlgorithmP2PCollector,5,20000,20,50,1,nearest,1,4,1,BASELINE,3,116264428,Client Travel Time [min],580.0,3608.0,1867.46,93373.0,50,3028.0
2026-05-08T18:13:28.322423Z,TaxiAlgorithmP2PCollector,5,20000,20,50,1,nearest,1,4,1,BASELINE,3,116264428,Calculation Time [millis],0.0,1.0,0.16,1150.0,7366,1.0
2026-05-08T18:13:28.322423Z,TaxiAlgorithmP2PCollector,5,20000,20,50,1,nearest,1,4,1,BASELINE,3,116264428,Custom Time [micros],0.0,0.0,0.0,0.0,7366,0.0
2026-05-08T18:13:28.882422500Z,TaxiAlgorithmP2PCollector,5,20000,20,50,1,nearest,1,4,1,BASELINE,4,116264429,Taxi Travel Distance [km],76.27,145.34,96.69,1933.77,20,69.07000000000001
2026-05-08T18:13:28.882422500Z,TaxiAlgorithmP2PCollector,5,20000,20,50,1,nearest,1,4,1,BASELINE,4,116264429,Client Waiting Time [min],1.4,28.68,13.53,676.63,50,27.28
2026-05-08T18:13:28.882422500Z,TaxiAlgorithmP2PCollector,5,20000,20,50,1,nearest,1,4,1,BASELINE,4,116264429,Client Travel Time [min],355.0,2877.0,1664.88,83244.0,50,2522.0
2026-05-08T18:13:28.882422500Z,TaxiAlgorithmP2PCollector,5,20000,20,50,1,nearest,1,4,1,BASELINE,4,116264429,Calculation Time [millis],0.0,20.0,0.05,362.0,7484,20.0
2026-05-08T18:13:28.882422500Z,TaxiAlgorithmP2PCollector,5,20000,20,50,1,nearest,1,4,1,BASELINE,4,116264429,Custom Time [micros],0.0,0.0,0.0,0.0,7484,0.0
2026-05-08T18:13:30.225033900Z,TaxiAlgorithmP2PCollector,5,20000,20,50,1,nearest,1,4,1,BASELINE,5,116264430,Taxi Travel Distance [km],74.44,135.73,105.33,2106.61,20,61.28999999999999
2026-05-08T18:13:30.225033900Z,TaxiAlgorithmP2PCollector,5,20000,20,50,1,nearest,1,4,1,BASELINE,5,116264430,Client Waiting Time [min],1.38,34.83,15.99,799.42,50,33.449999999999996
2026-05-08T18:13:30.225033900Z,TaxiAlgorithmP2PCollector,5,20000,20,50,1,nearest,1,4,1,BASELINE,5,116264430,Client Travel Time [min],854.0,3255.0,1954.12,97706.0,50,2401.0
2026-05-08T18:13:30.225033900Z,TaxiAlgorithmP2PCollector,5,20000,20,50,1,nearest,1,4,1,BASELINE,5,116264430,Calculation Time [millis],0.0,43.0,0.18,1262.0,7190,43.0
2026-05-08T18:13:30.225033900Z,TaxiAlgorithmP2PCollector,5,20000,20,50,1,nearest,1,4,1,BASELINE,5,116264430,Custom Time [micros],0.0,0.0,0.0,0.0,7190,0.0
2026-05-08T18:13:31.493902Z,TaxiAlgorithmP2PCollector,5,20000,20,50,1,nearest,1,4,1,BASELINE,6,116264431,Taxi Travel Distance [km],86.65,149.85,110.29,2205.75,20,63.19999999999999
2026-05-08T18:13:31.493902Z,TaxiAlgorithmP2PCollector,5,20000,20,50,1,nearest,1,4,1,BASELINE,6,116264431,Client Waiting Time [min],3.58,37.15,15.34,767.17,50,33.57
2026-05-08T18:13:31.493902Z,TaxiAlgorithmP2PCollector,5,20000,20,50,1,nearest,1,4,1,BASELINE,6,116264431,Client Travel Time [min],835.0,3733.0,1941.56,97078.0,50,2898.0
2026-05-08T18:13:31.493902Z,TaxiAlgorithmP2PCollector,5,20000,20,50,1,nearest,1,4,1,BASELINE,6,116264431,Calculation Time [millis],0.0,1.0,0.16,1184.0,7256,1.0
2026-05-08T18:13:31.493902Z,TaxiAlgorithmP2PCollector,5,20000,20,50,1,nearest,1,4,1,BASELINE,6,116264431,Custom Time [micros],0.0,0.0,0.0,0.0,7256,0.0
2026-05-08T18:13:31.990668Z,TaxiAlgorithmP2PCollector,5,20000,20,50,1,nearest,1,4,1,BASELINE,7,116264432,Taxi Travel Distance [km],71.2,134.71,94.83,1896.52,20,63.510000000000005
2026-05-08T18:13:31.990668Z,TaxiAlgorithmP2PCollector,5,20000,20,50,1,nearest,1,4,1,BASELINE,7,116264432,Client Waiting Time [min],0.52,30.43,13.77,688.45,50,29.91
2026-05-08T18:13:31.990668Z,TaxiAlgorithmP2PCollector,5,20000,20,50,1,nearest,1,4,1,BASELINE,7,116264432,Client Travel Time [min],160.0,3546.0,1671.14,83557.0,50,3386.0
2026-05-08T18:13:31.990668Z,TaxiAlgorithmP2PCollector,5,20000,20,50,1,nearest,1,4,1,BASELINE,7,116264432,Calculation Time [millis],0.0,19.0,0.03,278.0,8403,19.0
2026-05-08T18:13:31.990668Z,TaxiAlgorithmP2PCollector,5,20000,20,50,1,nearest,1,4,1,BASELINE,7,116264432,Custom Time [micros],0.0,0.0,0.0,0.0,8403,0.0
2026-05-08T18:13:32.651270100Z,TaxiAlgorithmP2PCollector,5,20000,20,50,1,nearest,1,4,1,BASELINE,8,116264433,Taxi Travel Distance [km],64.35,128.74,102.38,2047.54,20,64.39000000000001
2026-05-08T18:13:32.651270100Z,TaxiAlgorithmP2PCollector,5,20000,20,50,1,nearest,1,4,1,BASELINE,8,116264433,Client Waiting Time [min],1.27,29.33,13.95,697.6,50,28.06
2026-05-08T18:13:32.651270100Z,TaxiAlgorithmP2PCollector,5,20000,20,50,1,nearest,1,4,1,BASELINE,8,116264433,Client Travel Time [min],401.0,3171.0,1759.06,87953.0,50,2770.0
2026-05-08T18:13:32.651270100Z,TaxiAlgorithmP2PCollector,5,20000,20,50,1,nearest,1,4,1,BASELINE,8,116264433,Calculation Time [millis],0.0,1.0,0.08,568.0,7395,1.0
2026-05-08T18:13:32.651270100Z,TaxiAlgorithmP2PCollector,5,20000,20,50,1,nearest,1,4,1,BASELINE,8,116264433,Custom Time [micros],0.0,0.0,0.0,0.0,7395,0.0
2026-05-08T18:13:33.289271Z,TaxiAlgorithmP2PCollector,5,20000,20,50,1,nearest,1,4,1,BASELINE,9,116264434,Taxi Travel Distance [km],50.85,134.88,93.39,1867.74,20,84.03
2026-05-08T18:13:33.289271Z,TaxiAlgorithmP2PCollector,5,20000,20,50,1,nearest,1,4,1,BASELINE,9,116264434,Client Waiting Time [min],0.9,27.85,12.68,633.88,50,26.950000000000003
2026-05-08T18:13:33.289271Z,TaxiAlgorithmP2PCollector,5,20000,20,50,1,nearest,1,4,1,BASELINE,9,116264434,Client Travel Time [min],411.0,3607.0,1635.74,81787.0,50,3196.0
2026-05-08T18:13:33.289271Z,TaxiAlgorithmP2PCollector,5,20000,20,50,1,nearest,1,4,1,BASELINE,9,116264434,Calculation Time [millis],0.0,0.0,0.07,519.0,7017,0.0
2026-05-08T18:13:33.289271Z,TaxiAlgorithmP2PCollector,5,20000,20,50,1,nearest,1,4,1,BASELINE,9,116264434,Custom Time [micros],0.0,0.0,0.0,0.0,7017,0.0
2026-05-08T18:13:33.901604200Z,TaxiAlgorithmP2PCollector,5,20000,20,50,1,nearest,1,4,1,BASELINE,10,116264435,Taxi Travel Distance [km],39.59,141.13,99.96,1999.2,20,101.53999999999999
2026-05-08T18:13:33.901604200Z,TaxiAlgorithmP2PCollector,5,20000,20,50,1,nearest,1,4,1,BASELINE,10,116264435,Client Waiting Time [min],1.37,27.77,13.65,682.48,50,26.4
2026-05-08T18:13:33.901604200Z,TaxiAlgorithmP2PCollector,5,20000,20,50,1,nearest,1,4,1,BASELINE,10,116264435,Client Travel Time [min],387.0,2857.0,1789.3,89465.0,50,2470.0
2026-05-08T18:13:33.901604200Z,TaxiAlgorithmP2PCollector,5,20000,20,50,1,nearest,1,4,1,BASELINE,10,116264435,Calculation Time [millis],0.0,17.0,0.07,505.0,7530,17.0
2026-05-08T18:13:33.901604200Z,TaxiAlgorithmP2PCollector,5,20000,20,50,1,nearest,1,4,1,BASELINE,10,116264435,Custom Time [micros],0.0,0.0,0.0,0.0,7530,0.0
2026-05-08T18:13:39.151738100Z,TaxiAlgorithmP2PCollector,5,20000,20,100,1,nearest,1,4,1,BASELINE,1,116264426,Taxi Travel Distance [km],266.96,329.26,287.91,5758.28,20,62.30000000000001
2026-05-08T18:13:39.151738100Z,TaxiAlgorithmP2PCollector,5,20000,20,100,1,nearest,1,4,1,BASELINE,1,116264426,Client Waiting Time [min],2.58,185.97,59.22,5862.87,99,183.39
2026-05-08T18:13:39.151738100Z,TaxiAlgorithmP2PCollector,5,20000,20,100,1,nearest,1,4,1,BASELINE,1,116264426,Client Travel Time [min],777.0,13480.0,5220.92,522092.0,100,12703.0
2026-05-08T18:13:39.151738100Z,TaxiAlgorithmP2PCollector,5,20000,20,100,1,nearest,1,4,1,BASELINE,1,116264426,Calculation Time [millis],0.0,100.0,0.34,5080.0,15010,100.0
2026-05-08T18:13:39.151738100Z,TaxiAlgorithmP2PCollector,5,20000,20,100,1,nearest,1,4,1,BASELINE,1,116264426,Custom Time [micros],0.0,0.0,0.0,0.0,15010,0.0
2026-05-08T18:13:46.012013800Z,TaxiAlgorithmP2PCollector,5,20000,20,100,1,nearest,1,4,1,BASELINE,2,116264427,Taxi Travel Distance [km],290.28,381.1,334.78,6695.6,20,90.82000000000005
2026-05-08T18:13:46.012013800Z,TaxiAlgorithmP2PCollector,5,20000,20,100,1,nearest,1,4,1,BASELINE,2,116264427,Client Waiting Time [min],5.13,239.65,83.82,8298.12,99,234.52
2026-05-08T18:13:46.012013800Z,TaxiAlgorithmP2PCollector,5,20000,20,100,1,nearest,1,4,1,BASELINE,2,116264427,Client Travel Time [min],1239.0,16229.0,6738.32,673832.0,100,14990.0
2026-05-08T18:13:46.012013800Z,TaxiAlgorithmP2PCollector,5,20000,20,100,1,nearest,1,4,1,BASELINE,2,116264427,Calculation Time [millis],0.0,120.0,0.37,6558.0,17588,120.0
2026-05-08T18:13:46.012013800Z,TaxiAlgorithmP2PCollector,5,20000,20,100,1,nearest,1,4,1,BASELINE,2,116264427,Custom Time [micros],0.0,0.0,0.0,0.0,17588,0.0
2026-05-08T18:13:51.211873Z,TaxiAlgorithmP2PCollector,5,20000,20,100,1,nearest,1,4,1,BASELINE,3,116264428,Taxi Travel Distance [km],231.33,367.07,273.82,5476.49,20,135.73999999999998
2026-05-08T18:13:51.211873Z,TaxiAlgorithmP2PCollector,5,20000,20,100,1,nearest,1,4,1,BASELINE,3,116264428,Client Waiting Time [min],2.83,170.63,59.72,5911.78,99,167.79999999999998
2026-05-08T18:13:51.211873Z,TaxiAlgorithmP2PCollector,5,20000,20,100,1,nearest,1,4,1,BASELINE,3,116264428,Client Travel Time [min],974.0,12072.0,5313.78,531378.0,100,11098.0
2026-05-08T18:13:51.211873Z,TaxiAlgorithmP2PCollector,5,20000,20,100,1,nearest,1,4,1,BASELINE,3,116264428,Calculation Time [millis],0.0,111.0,0.3,4908.0,16583,111.0
2026-05-08T18:13:51.211873Z,TaxiAlgorithmP2PCollector,5,20000,20,100,1,nearest,1,4,1,BASELINE,3,116264428,Custom Time [micros],0.0,0.0,0.0,0.0,16583,0.0
2026-05-08T18:13:56.525984300Z,TaxiAlgorithmP2PCollector,5,20000,20,100,1,nearest,1,4,1,BASELINE,4,116264429,Taxi Travel Distance [km],276.56,338.65,304.93,6098.57,20,62.089999999999975
2026-05-08T18:13:56.525984300Z,TaxiAlgorithmP2PCollector,5,20000,20,100,1,nearest,1,4,1,BASELINE,4,116264429,Client Waiting Time [min],0.57,201.25,67.81,6712.78,99,200.68
2026-05-08T18:13:56.525984300Z,TaxiAlgorithmP2PCollector,5,20000,20,100,1,nearest,1,4,1,BASELINE,4,116264429,Client Travel Time [min],1266.0,13621.0,5822.21,582221.0,100,12355.0
2026-05-08T18:13:56.525984300Z,TaxiAlgorithmP2PCollector,5,20000,20,100,1,nearest,1,4,1,BASELINE,4,116264429,Calculation Time [millis],0.0,101.0,0.33,5127.0,15574,101.0
2026-05-08T18:13:56.525984300Z,TaxiAlgorithmP2PCollector,5,20000,20,100,1,nearest,1,4,1,BASELINE,4,116264429,Custom Time [micros],0.0,0.0,0.0,0.0,15574,0.0
2026-05-08T18:14:02.219926700Z,TaxiAlgorithmP2PCollector,5,20000,20,100,1,nearest,1,4,1,BASELINE,5,116264430,Taxi Travel Distance [km],174.53,364.61,296.09,5921.8,20,190.08
2026-05-08T18:14:02.219926700Z,TaxiAlgorithmP2PCollector,5,20000,20,100,1,nearest,1,4,1,BASELINE,5,116264430,Client Waiting Time [min],1.9,227.95,66.25,6625.32,100,226.04999999999998
2026-05-08T18:14:02.219926700Z,TaxiAlgorithmP2PCollector,5,20000,20,100,1,nearest,1,4,1,BASELINE,5,116264430,Client Travel Time [min],1048.0,15762.0,5762.5,576250.0,100,14714.0
2026-05-08T18:14:02.219926700Z,TaxiAlgorithmP2PCollector,5,20000,20,100,1,nearest,1,4,1,BASELINE,5,116264430,Calculation Time [millis],0.0,115.0,0.32,5432.0,17018,115.0
2026-05-08T18:14:02.219926700Z,TaxiAlgorithmP2PCollector,5,20000,20,100,1,nearest,1,4,1,BASELINE,5,116264430,Custom Time [micros],0.0,0.0,0.0,0.0,17018,0.0
2026-05-08T18:14:07.425233200Z,TaxiAlgorithmP2PCollector,5,20000,20,100,1,nearest,1,4,1,BASELINE,6,116264431,Taxi Travel Distance [km],243.14,334.58,281.37,5627.49,20,91.44
2026-05-08T18:14:07.425233200Z,TaxiAlgorithmP2PCollector,5,20000,20,100,1,nearest,1,4,1,BASELINE,6,116264431,Client Waiting Time [min],5.58,226.05,65.14,6448.95,99,220.47
2026-05-08T18:14:07.425233200Z,TaxiAlgorithmP2PCollector,5,20000,20,100,1,nearest,1,4,1,BASELINE,6,116264431,Client Travel Time [min],918.0,15030.0,5606.67,560667.0,100,14112.0
2026-05-08T18:14:07.425233200Z,TaxiAlgorithmP2PCollector,5,20000,20,100,1,nearest,1,4,1,BASELINE,6,116264431,Calculation Time [millis],0.0,99.0,0.31,4980.0,15815,99.0
2026-05-08T18:14:07.425233200Z,TaxiAlgorithmP2PCollector,5,20000,20,100,1,nearest,1,4,1,BASELINE,6,116264431,Custom Time [micros],0.0,0.0,0.0,0.0,15815,0.0
2026-05-08T18:14:13.449614600Z,TaxiAlgorithmP2PCollector,5,20000,20,100,1,nearest,1,4,1,BASELINE,7,116264432,Taxi Travel Distance [km],240.25,373.66,307.53,6150.56,20,133.41000000000003
2026-05-08T18:14:13.449614600Z,TaxiAlgorithmP2PCollector,5,20000,20,100,1,nearest,1,4,1,BASELINE,7,116264432,Client Waiting Time [min],0.82,211.12,74.05,7256.62,98,210.3
2026-05-08T18:14:13.449614600Z,TaxiAlgorithmP2PCollector,5,20000,20,100,1,nearest,1,4,1,BASELINE,7,116264432,Client Travel Time [min],467.0,14873.0,6089.9,608990.0,100,14406.0
2026-05-08T18:14:13.449614600Z,TaxiAlgorithmP2PCollector,5,20000,20,100,1,nearest,1,4,1,BASELINE,7,116264432,Calculation Time [millis],0.0,127.0,0.34,5742.0,16995,127.0
2026-05-08T18:14:13.449614600Z,TaxiAlgorithmP2PCollector,5,20000,20,100,1,nearest,1,4,1,BASELINE,7,116264432,Custom Time [micros],0.0,0.0,0.0,0.0,16995,0.0
2026-05-08T18:14:19.268566400Z,TaxiAlgorithmP2PCollector,5,20000,20,100,1,nearest,1,4,1,BASELINE,8,116264433,Taxi Travel Distance [km],205.55,351.78,310.11,6202.28,20,146.22999999999996
2026-05-08T18:14:19.268566400Z,TaxiAlgorithmP2PCollector,5,20000,20,100,1,nearest,1,4,1,BASELINE,8,116264433,Client Waiting Time [min],0.93,218.53,68.33,6696.78,98,217.6
2026-05-08T18:14:19.268566400Z,TaxiAlgorithmP2PCollector,5,20000,20,100,1,nearest,1,4,1,BASELINE,8,116264433,Client Travel Time [min],564.0,13195.0,5933.57,593357.0,100,12631.0
2026-05-08T18:14:19.268566400Z,TaxiAlgorithmP2PCollector,5,20000,20,100,1,nearest,1,4,1,BASELINE,8,116264433,Calculation Time [millis],0.0,131.0,0.34,5612.0,16659,131.0
2026-05-08T18:14:19.268566400Z,TaxiAlgorithmP2PCollector,5,20000,20,100,1,nearest,1,4,1,BASELINE,8,116264433,Custom Time [micros],0.0,0.0,0.0,0.0,16659,0.0
2026-05-08T18:14:23.817051800Z,TaxiAlgorithmP2PCollector,5,20000,20,100,1,nearest,1,4,1,BASELINE,9,116264434,Taxi Travel Distance [km],230.3,324.78,273.72,5474.47,20,94.47999999999996
2026-05-08T18:14:23.817051800Z,TaxiAlgorithmP2PCollector,5,20000,20,100,1,nearest,1,4,1,BASELINE,9,116264434,Client Waiting Time [min],2.13,208.55,59.07,5848.03,99,206.42000000000002
2026-05-08T18:14:23.817051800Z,TaxiAlgorithmP2PCollector,5,20000,20,100,1,nearest,1,4,1,BASELINE,9,116264434,Client Travel Time [min],460.0,13848.0,5175.86,517586.0,100,13388.0
2026-05-08T18:14:23.817051800Z,TaxiAlgorithmP2PCollector,5,20000,20,100,1,nearest,1,4,1,BASELINE,9,116264434,Calculation Time [millis],0.0,101.0,0.3,4366.0,14745,101.0
2026-05-08T18:14:23.817051800Z,TaxiAlgorithmP2PCollector,5,20000,20,100,1,nearest,1,4,1,BASELINE,9,116264434,Custom Time [micros],0.0,0.0,0.0,0.0,14745,0.0
2026-05-08T18:14:29.196497100Z,TaxiAlgorithmP2PCollector,5,20000,20,100,1,nearest,1,4,1,BASELINE,10,116264435,Taxi Travel Distance [km],242.78,347.61,293.0,5860.03,20,104.83000000000001
2026-05-08T18:14:29.196497100Z,TaxiAlgorithmP2PCollector,5,20000,20,100,1,nearest,1,4,1,BASELINE,10,116264435,Client Waiting Time [min],2.77,223.45,68.48,6642.65,97,220.67999999999998
2026-05-08T18:14:29.196497100Z,TaxiAlgorithmP2PCollector,5,20000,20,100,1,nearest,1,4,1,BASELINE,10,116264435,Client Travel Time [min],755.0,15333.0,5763.64,576364.0,100,14578.0
2026-05-08T18:14:29.196497100Z,TaxiAlgorithmP2PCollector,5,20000,20,100,1,nearest,1,4,1,BASELINE,10,116264435,Calculation Time [millis],0.0,99.0,0.32,5179.0,16137,99.0
2026-05-08T18:14:29.196497100Z,TaxiAlgorithmP2PCollector,5,20000,20,100,1,nearest,1,4,1,BASELINE,10,116264435,Custom Time [micros],0.0,0.0,0.0,0.0,16137,0.0
2026-05-08T18:14:29.399179300Z,TaxiAlgorithmSinglePassenger,0,-1,5,25,1,n/a,-1,-1,-1,BASELINE,1,116264426,Taxi Travel Distance [km],87.18,119.66,103.5,517.51,5,32.47999999999999
2026-05-08T18:14:29.399179300Z,TaxiAlgorithmSinglePassenger,0,-1,5,25,1,n/a,-1,-1,-1,BASELINE,1,116264426,Client Waiting Time [min],1.37,31.93,9.98,249.62,25,30.56
2026-05-08T18:14:29.399179300Z,TaxiAlgorithmSinglePassenger,0,-1,5,25,1,n/a,-1,-1,-1,BASELINE,1,116264426,Client Travel Time [min],124.0,1919.0,1050.12,26253.0,25,1795.0
2026-05-08T18:14:29.399179300Z,TaxiAlgorithmSinglePassenger,0,-1,5,25,1,n/a,-1,-1,-1,BASELINE,1,116264426,Calculation Time [millis],0.0,1.0,0.0,4.0,6182,1.0
2026-05-08T18:14:29.399179300Z,TaxiAlgorithmSinglePassenger,0,-1,5,25,1,n/a,-1,-1,-1,BASELINE,1,116264426,Custom Time [micros],0.0,0.0,0.0,0.0,6182,0.0
2026-05-08T18:14:29.493179Z,TaxiAlgorithmSinglePassenger,0,-1,5,25,1,n/a,-1,-1,-1,BASELINE,2,116264427,Taxi Travel Distance [km],93.28,118.86,101.73,508.67,5,25.58
2026-05-08T18:14:29.493179Z,TaxiAlgorithmSinglePassenger,0,-1,5,25,1,n/a,-1,-1,-1,BASELINE,2,116264427,Client Waiting Time [min],1.55,48.4,12.49,312.18,25,46.85
2026-05-08T18:14:29.493179Z,TaxiAlgorithmSinglePassenger,0,-1,5,25,1,n/a,-1,-1,-1,BASELINE,2,116264427,Client Travel Time [min],514.0,3405.0,1241.48,31037.0,25,2891.0
2026-05-08T18:14:29.493179Z,TaxiAlgorithmSinglePassenger,0,-1,5,25,1,n/a,-1,-1,-1,BASELINE,2,116264427,Calculation Time [millis],0.0,0.0,0.0,2.0,5657,0.0
2026-05-08T18:14:29.493179Z,TaxiAlgorithmSinglePassenger,0,-1,5,25,1,n/a,-1,-1,-1,BASELINE,2,116264427,Custom Time [micros],0.0,0.0,0.0,0.0,5657,0.0
2026-05-08T18:14:29.571180900Z,TaxiAlgorithmSinglePassenger,0,-1,5,25,1,n/a,-1,-1,-1,BASELINE,3,116264428,Taxi Travel Distance [km],90.32,108.66,97.43,487.14,5,18.340000000000003
2026-05-08T18:14:29.571180900Z,TaxiAlgorithmSinglePassenger,0,-1,5,25,1,n/a,-1,-1,-1,BASELINE,3,116264428,Client Waiting Time [min],1.58,33.62,10.11,252.67,25,32.04
2026-05-08T18:14:29.571180900Z,TaxiAlgorithmSinglePassenger,0,-1,5,25,1,n/a,-1,-1,-1,BASELINE,3,116264428,Client Travel Time [min],502.0,2653.0,1088.56,27214.0,25,2151.0
2026-05-08T18:14:29.571180900Z,TaxiAlgorithmSinglePassenger,0,-1,5,25,1,n/a,-1,-1,-1,BASELINE,3,116264428,Calculation Time [millis],0.0,0.0,0.0,3.0,5763,0.0
2026-05-08T18:14:29.571180900Z,TaxiAlgorithmSinglePassenger,0,-1,5,25,1,n/a,-1,-1,-1,BASELINE,3,116264428,Custom Time [micros],0.0,0.0,0.0,0.0,5763,0.0
2026-05-08T18:14:29.633179700Z,TaxiAlgorithmSinglePassenger,0,-1,5,25,1,n/a,-1,-1,-1,BASELINE,4,116264429,Taxi Travel Distance [km],86.23,118.38,101.48,507.42,5,32.14999999999999
2026-05-08T18:14:29.633179700Z,TaxiAlgorithmSinglePassenger,0,-1,5,25,1,n/a,-1,-1,-1,BASELINE,4,116264429,Client Waiting Time [min],1.83,18.92,9.39,234.73,25,17.090000000000003
2026-05-08T18:14:29.633179700Z,TaxiAlgorithmSinglePassenger,0,-1,5,25,1,n/a,-1,-1,-1,BASELINE,4,116264429,Client Travel Time [min],195.0,1634.0,1026.76,25669.0,25,1439.0
2026-05-08T18:14:29.633179700Z,TaxiAlgorithmSinglePassenger,0,-1,5,25,1,n/a,-1,-1,-1,BASELINE,4,116264429,Calculation Time [millis],0.0,0.0,0.0,2.0,5994,0.0
2026-05-08T18:14:29.633179700Z,TaxiAlgorithmSinglePassenger,0,-1,5,25,1,n/a,-1,-1,-1,BASELINE,4,116264429,Custom Time [micros],0.0,0.0,0.0,0.0,5994,0.0
2026-05-08T18:14:29.709180700Z,TaxiAlgorithmSinglePassenger,0,-1,5,25,1,n/a,-1,-1,-1,BASELINE,5,116264430,Taxi Travel Distance [km],80.08,113.97,97.9,489.48,5,33.89
2026-05-08T18:14:29.709180700Z,TaxiAlgorithmSinglePassenger,0,-1,5,25,1,n/a,-1,-1,-1,BASELINE,5,116264430,Client Waiting Time [min],3.23,29.63,11.01,275.3,25,26.4
2026-05-08T18:14:29.709180700Z,TaxiAlgorithmSinglePassenger,0,-1,5,25,1,n/a,-1,-1,-1,BASELINE,5,116264430,Client Travel Time [min],537.0,2393.0,1128.56,28214.0,25,1856.0
2026-05-08T18:14:29.709180700Z,TaxiAlgorithmSinglePassenger,0,-1,5,25,1,n/a,-1,-1,-1,BASELINE,5,116264430,Calculation Time [millis],0.0,0.0,0.0,1.0,6532,0.0
2026-05-08T18:14:29.709180700Z,TaxiAlgorithmSinglePassenger,0,-1,5,25,1,n/a,-1,-1,-1,BASELINE,5,116264430,Custom Time [micros],0.0,0.0,0.0,0.0,6532,0.0
2026-05-08T18:14:29.771178800Z,TaxiAlgorithmSinglePassenger,0,-1,5,25,1,n/a,-1,-1,-1,BASELINE,6,116264431,Taxi Travel Distance [km],74.12,126.47,99.51,497.55,5,52.349999999999994
2026-05-08T18:14:29.771178800Z,TaxiAlgorithmSinglePassenger,0,-1,5,25,1,n/a,-1,-1,-1,BASELINE,6,116264431,Client Waiting Time [min],2.0,21.57,8.51,212.7,25,19.57
2026-05-08T18:14:29.771178800Z,TaxiAlgorithmSinglePassenger,0,-1,5,25,1,n/a,-1,-1,-1,BASELINE,6,116264431,Client Travel Time [min],309.0,2135.0,988.88,24722.0,25,1826.0
2026-05-08T18:14:29.771178800Z,TaxiAlgorithmSinglePassenger,0,-1,5,25,1,n/a,-1,-1,-1,BASELINE,6,116264431,Calculation Time [millis],0.0,0.0,0.0,1.0,6520,0.0
2026-05-08T18:14:29.771178800Z,TaxiAlgorithmSinglePassenger,0,-1,5,25,1,n/a,-1,-1,-1,BASELINE,6,116264431,Custom Time [micros],0.0,0.0,0.0,0.0,6520,0.0
2026-05-08T18:14:29.832179300Z,TaxiAlgorithmSinglePassenger,0,-1,5,25,1,n/a,-1,-1,-1,BASELINE,7,116264432,Taxi Travel Distance [km],83.67,122.82,102.38,511.92,5,39.14999999999999
2026-05-08T18:14:29.832179300Z,TaxiAlgorithmSinglePassenger,0,-1,5,25,1,n/a,-1,-1,-1,BASELINE,7,116264432,Client Waiting Time [min],0.52,29.58,9.33,233.23,25,29.06
2026-05-08T18:14:29.832179300Z,TaxiAlgorithmSinglePassenger,0,-1,5,25,1,n/a,-1,-1,-1,BASELINE,7,116264432,Client Travel Time [min],160.0,2219.0,1029.52,25738.0,25,2059.0
2026-05-08T18:14:29.832179300Z,TaxiAlgorithmSinglePassenger,0,-1,5,25,1,n/a,-1,-1,-1,BASELINE,7,116264432,Calculation Time [millis],0.0,0.0,0.0,1.0,6081,0.0
2026-05-08T18:14:29.832179300Z,TaxiAlgorithmSinglePassenger,0,-1,5,25,1,n/a,-1,-1,-1,BASELINE,7,116264432,Custom Time [micros],0.0,0.0,0.0,0.0,6081,0.0
2026-05-08T18:14:29.895181Z,TaxiAlgorithmSinglePassenger,0,-1,5,25,1,n/a,-1,-1,-1,BASELINE,8,116264433,Taxi Travel Distance [km],91.2,109.27,102.94,514.72,5,18.069999999999993
2026-05-08T18:14:29.895181Z,TaxiAlgorithmSinglePassenger,0,-1,5,25,1,n/a,-1,-1,-1,BASELINE,8,116264433,Client Waiting Time [min],1.25,34.05,8.6,215.1,25,32.8
2026-05-08T18:14:29.895181Z,TaxiAlgorithmSinglePassenger,0,-1,5,25,1,n/a,-1,-1,-1,BASELINE,8,116264433,Client Travel Time [min],306.0,2370.0,1050.04,26251.0,25,2064.0
2026-05-08T18:14:29.895181Z,TaxiAlgorithmSinglePassenger,0,-1,5,25,1,n/a,-1,-1,-1,BASELINE,8,116264433,Calculation Time [millis],0.0,0.0,0.0,1.0,5853,0.0
2026-05-08T18:14:29.895181Z,TaxiAlgorithmSinglePassenger,0,-1,5,25,1,n/a,-1,-1,-1,BASELINE,8,116264433,Custom Time [micros],0.0,0.0,0.0,0.0,5853,0.0
2026-05-08T18:14:29.957180600Z,TaxiAlgorithmSinglePassenger,0,-1,5,25,1,n/a,-1,-1,-1,BASELINE,9,116264434,Taxi Travel Distance [km],51.63,107.66,74.41,372.03,5,56.029999999999994
2026-05-08T18:14:29.957180600Z,TaxiAlgorithmSinglePassenger,0,-1,5,25,1,n/a,-1,-1,-1,BASELINE,9,116264434,Client Waiting Time [min],0.18,9.95,4.73,118.25,25,9.77
2026-05-08T18:14:29.957180600Z,TaxiAlgorithmSinglePassenger,0,-1,5,25,1,n/a,-1,-1,-1,BASELINE,9,116264434,Client Travel Time [min],197.0,1191.0,689.96,17249.0,25,994.0
2026-05-08T18:14:29.957180600Z,TaxiAlgorithmSinglePassenger,0,-1,5,25,1,n/a,-1,-1,-1,BASELINE,9,116264434,Calculation Time [millis],0.0,0.0,0.0,0.0,6018,0.0
2026-05-08T18:14:29.957180600Z,TaxiAlgorithmSinglePassenger,0,-1,5,25,1,n/a,-1,-1,-1,BASELINE,9,116264434,Custom Time [micros],0.0,0.0,0.0,0.0,6018,0.0
2026-05-08T18:14:30.035178700Z,TaxiAlgorithmSinglePassenger,0,-1,5,25,1,n/a,-1,-1,-1,BASELINE,10,116264435,Taxi Travel Distance [km],65.63,90.38,78.34,391.69,5,24.75
2026-05-08T18:14:30.035178700Z,TaxiAlgorithmSinglePassenger,0,-1,5,25,1,n/a,-1,-1,-1,BASELINE,10,116264435,Client Waiting Time [min],1.17,18.9,8.34,208.55,25,17.729999999999997
2026-05-08T18:14:30.035178700Z,TaxiAlgorithmSinglePassenger,0,-1,5,25,1,n/a,-1,-1,-1,BASELINE,10,116264435,Client Travel Time [min],398.0,1404.0,855.4,21385.0,25,1006.0
2026-05-08T18:14:30.035178700Z,TaxiAlgorithmSinglePassenger,0,-1,5,25,1,n/a,-1,-1,-1,BASELINE,10,116264435,Calculation Time [millis],0.0,0.0,0.0,1.0,6280,0.0
2026-05-08T18:14:30.035178700Z,TaxiAlgorithmSinglePassenger,0,-1,5,25,1,n/a,-1,-1,-1,BASELINE,10,116264435,Custom Time [micros],0.0,0.0,0.0,0.0,6280,0.0
2026-05-08T18:14:30.097180700Z,TaxiAlgorithmSinglePassenger,0,-1,10,25,1,n/a,-1,-1,-1,BASELINE,1,116264426,Taxi Travel Distance [km],5.0,69.12,36.58,365.8,10,64.12
2026-05-08T18:14:30.097180700Z,TaxiAlgorithmSinglePassenger,0,-1,10,25,1,n/a,-1,-1,-1,BASELINE,1,116264426,Client Waiting Time [min],0.15,9.77,3.43,85.72,25,9.62
2026-05-08T18:14:30.097180700Z,TaxiAlgorithmSinglePassenger,0,-1,10,25,1,n/a,-1,-1,-1,BASELINE,1,116264426,Client Travel Time [min],65.0,1330.0,660.28,16507.0,25,1265.0
2026-05-08T18:14:30.097180700Z,TaxiAlgorithmSinglePassenger,0,-1,10,25,1,n/a,-1,-1,-1,BASELINE,1,116264426,Calculation Time [millis],0.0,0.0,0.0,0.0,5401,0.0
2026-05-08T18:14:30.097180700Z,TaxiAlgorithmSinglePassenger,0,-1,10,25,1,n/a,-1,-1,-1,BASELINE,1,116264426,Custom Time [micros],0.0,0.0,0.0,0.0,5401,0.0
2026-05-08T18:14:30.174180500Z,TaxiAlgorithmSinglePassenger,0,-1,10,25,1,n/a,-1,-1,-1,BASELINE,2,116264427,Taxi Travel Distance [km],21.28,71.64,41.51,415.08,10,50.36
2026-05-08T18:14:30.174180500Z,TaxiAlgorithmSinglePassenger,0,-1,10,25,1,n/a,-1,-1,-1,BASELINE,2,116264427,Client Waiting Time [min],0.55,9.7,3.75,93.83,25,9.149999999999999
2026-05-08T18:14:30.174180500Z,TaxiAlgorithmSinglePassenger,0,-1,10,25,1,n/a,-1,-1,-1,BASELINE,2,116264427,Client Travel Time [min],355.0,1335.0,748.52,18713.0,25,980.0
2026-05-08T18:14:30.174180500Z,TaxiAlgorithmSinglePassenger,0,-1,10,25,1,n/a,-1,-1,-1,BASELINE,2,116264427,Calculation Time [millis],0.0,0.0,0.0,0.0,4835,0.0
2026-05-08T18:14:30.174180500Z,TaxiAlgorithmSinglePassenger,0,-1,10,25,1,n/a,-1,-1,-1,BASELINE,2,116264427,Custom Time [micros],0.0,0.0,0.0,0.0,4835,0.0
2026-05-08T18:14:30.237179900Z,TaxiAlgorithmSinglePassenger,0,-1,10,25,1,n/a,-1,-1,-1,BASELINE,3,116264428,Taxi Travel Distance [km],14.76,72.39,39.74,397.42,10,57.63
2026-05-08T18:14:30.237179900Z,TaxiAlgorithmSinglePassenger,0,-1,10,25,1,n/a,-1,-1,-1,BASELINE,3,116264428,Client Waiting Time [min],0.38,11.83,3.5,87.4,25,11.45
2026-05-08T18:14:30.237179900Z,TaxiAlgorithmSinglePassenger,0,-1,10,25,1,n/a,-1,-1,-1,BASELINE,3,116264428,Client Travel Time [min],323.0,1397.0,716.16,17904.0,25,1074.0
2026-05-08T18:14:30.237179900Z,TaxiAlgorithmSinglePassenger,0,-1,10,25,1,n/a,-1,-1,-1,BASELINE,3,116264428,Calculation Time [millis],0.0,0.0,0.0,0.0,5688,0.0
2026-05-08T18:14:30.237179900Z,TaxiAlgorithmSinglePassenger,0,-1,10,25,1,n/a,-1,-1,-1,BASELINE,3,116264428,Custom Time [micros],0.0,0.0,0.0,0.0,5688,0.0
2026-05-08T18:14:30.314178300Z,TaxiAlgorithmSinglePassenger,0,-1,10,25,1,n/a,-1,-1,-1,BASELINE,4,116264429,Taxi Travel Distance [km],0.0,66.46,37.57,375.72,10,66.46
2026-05-08T18:14:30.314178300Z,TaxiAlgorithmSinglePassenger,0,-1,10,25,1,n/a,-1,-1,-1,BASELINE,4,116264429,Client Waiting Time [min],0.47,6.48,3.4,85.07,25,6.010000000000001
2026-05-08T18:14:30.314178300Z,TaxiAlgorithmSinglePassenger,0,-1,10,25,1,n/a,-1,-1,-1,BASELINE,4,116264429,Client Travel Time [min],168.0,1062.0,677.16,16929.0,25,894.0
2026-05-08T18:14:30.314178300Z,TaxiAlgorithmSinglePassenger,0,-1,10,25,1,n/a,-1,-1,-1,BASELINE,4,116264429,Calculation Time [millis],0.0,0.0,0.0,0.0,5521,0.0
2026-05-08T18:14:30.314178300Z,TaxiAlgorithmSinglePassenger,0,-1,10,25,1,n/a,-1,-1,-1,BASELINE,4,116264429,Custom Time [micros],0.0,0.0,0.0,0.0,5521,0.0
2026-05-08T18:14:30.391182500Z,TaxiAlgorithmSinglePassenger,0,-1,10,25,1,n/a,-1,-1,-1,BASELINE,5,116264430,Taxi Travel Distance [km],13.76,52.35,37.17,371.66,10,38.59
2026-05-08T18:14:30.391182500Z,TaxiAlgorithmSinglePassenger,0,-1,10,25,1,n/a,-1,-1,-1,BASELINE,5,116264430,Client Waiting Time [min],0.85,6.75,3.4,85.12,25,5.9
2026-05-08T18:14:30.391182500Z,TaxiAlgorithmSinglePassenger,0,-1,10,25,1,n/a,-1,-1,-1,BASELINE,5,116264430,Client Travel Time [min],216.0,1178.0,669.4,16735.0,25,962.0
2026-05-08T18:14:30.391182500Z,TaxiAlgorithmSinglePassenger,0,-1,10,25,1,n/a,-1,-1,-1,BASELINE,5,116264430,Calculation Time [millis],0.0,0.0,0.0,0.0,5593,0.0
2026-05-08T18:14:30.391182500Z,TaxiAlgorithmSinglePassenger,0,-1,10,25,1,n/a,-1,-1,-1,BASELINE,5,116264430,Custom Time [micros],0.0,0.0,0.0,0.0,5593,0.0
2026-05-08T18:14:30.453181900Z,TaxiAlgorithmSinglePassenger,0,-1,10,25,1,n/a,-1,-1,-1,BASELINE,6,116264431,Taxi Travel Distance [km],9.52,77.26,38.81,388.13,10,67.74000000000001
2026-05-08T18:14:30.453181900Z,TaxiAlgorithmSinglePassenger,0,-1,10,25,1,n/a,-1,-1,-1,BASELINE,6,116264431,Client Waiting Time [min],0.52,10.48,3.25,81.27,25,9.96
2026-05-08T18:14:30.453181900Z,TaxiAlgorithmSinglePassenger,0,-1,10,25,1,n/a,-1,-1,-1,BASELINE,6,116264431,Client Travel Time [min],125.0,1301.0,700.08,17502.0,25,1176.0
2026-05-08T18:14:30.453181900Z,TaxiAlgorithmSinglePassenger,0,-1,10,25,1,n/a,-1,-1,-1,BASELINE,6,116264431,Calculation Time [millis],0.0,0.0,0.0,0.0,5471,0.0
2026-05-08T18:14:30.453181900Z,TaxiAlgorithmSinglePassenger,0,-1,10,25,1,n/a,-1,-1,-1,BASELINE,6,116264431,Custom Time [micros],0.0,0.0,0.0,0.0,5471,0.0
2026-05-08T18:14:30.515178800Z,TaxiAlgorithmSinglePassenger,0,-1,10,25,1,n/a,-1,-1,-1,BASELINE,7,116264432,Taxi Travel Distance [km],14.61,52.02,35.38,353.8,10,37.410000000000004
2026-05-08T18:14:30.515178800Z,TaxiAlgorithmSinglePassenger,0,-1,10,25,1,n/a,-1,-1,-1,BASELINE,7,116264432,Client Waiting Time [min],0.52,8.13,2.86,71.58,25,7.610000000000001
2026-05-08T18:14:30.515178800Z,TaxiAlgorithmSinglePassenger,0,-1,10,25,1,n/a,-1,-1,-1,BASELINE,7,116264432,Client Travel Time [min],160.0,1086.0,637.68,15942.0,25,926.0
2026-05-08T18:14:30.515178800Z,TaxiAlgorithmSinglePassenger,0,-1,10,25,1,n/a,-1,-1,-1,BASELINE,7,116264432,Calculation Time [millis],0.0,0.0,0.0,0.0,5406,0.0
2026-05-08T18:14:30.515178800Z,TaxiAlgorithmSinglePassenger,0,-1,10,25,1,n/a,-1,-1,-1,BASELINE,7,116264432,Custom Time [micros],0.0,0.0,0.0,0.0,5406,0.0
2026-05-08T18:14:30.593178900Z,TaxiAlgorithmSinglePassenger,0,-1,10,25,1,n/a,-1,-1,-1,BASELINE,8,116264433,Taxi Travel Distance [km],13.35,73.97,42.52,425.17,10,60.62
2026-05-08T18:14:30.593178900Z,TaxiAlgorithmSinglePassenger,0,-1,10,25,1,n/a,-1,-1,-1,BASELINE,8,116264433,Client Waiting Time [min],0.27,8.08,3.65,91.18,25,7.8100000000000005
2026-05-08T18:14:30.593178900Z,TaxiAlgorithmSinglePassenger,0,-1,10,25,1,n/a,-1,-1,-1,BASELINE,8,116264433,Client Travel Time [min],262.0,1230.0,765.4,19135.0,25,968.0
2026-05-08T18:14:30.593178900Z,TaxiAlgorithmSinglePassenger,0,-1,10,25,1,n/a,-1,-1,-1,BASELINE,8,116264433,Calculation Time [millis],0.0,0.0,0.0,0.0,5674,0.0
2026-05-08T18:14:30.593178900Z,TaxiAlgorithmSinglePassenger,0,-1,10,25,1,n/a,-1,-1,-1,BASELINE,8,116264433,Custom Time [micros],0.0,0.0,0.0,0.0,5674,0.0
2026-05-08T18:14:30.655179900Z,TaxiAlgorithmSinglePassenger,0,-1,10,25,1,n/a,-1,-1,-1,BASELINE,9,116264434,Taxi Travel Distance [km],6.88,50.18,29.57,295.69,10,43.3
2026-05-08T18:14:30.655179900Z,TaxiAlgorithmSinglePassenger,0,-1,10,25,1,n/a,-1,-1,-1,BASELINE,9,116264434,Client Waiting Time [min],0.18,5.95,2.4,60.02,25,5.7700000000000005
2026-05-08T18:14:30.655179900Z,TaxiAlgorithmSinglePassenger,0,-1,10,25,1,n/a,-1,-1,-1,BASELINE,9,116264434,Client Travel Time [min],197.0,984.0,532.08,13302.0,25,787.0
2026-05-08T18:14:30.655179900Z,TaxiAlgorithmSinglePassenger,0,-1,10,25,1,n/a,-1,-1,-1,BASELINE,9,116264434,Calculation Time [millis],0.0,0.0,0.0,0.0,5811,0.0
2026-05-08T18:14:30.655179900Z,TaxiAlgorithmSinglePassenger,0,-1,10,25,1,n/a,-1,-1,-1,BASELINE,9,116264434,Custom Time [micros],0.0,0.0,0.0,0.0,5811,0.0
2026-05-08T18:14:30.717178800Z,TaxiAlgorithmSinglePassenger,0,-1,10,25,1,n/a,-1,-1,-1,BASELINE,10,116264435,Taxi Travel Distance [km],0.0,51.31,28.39,283.92,10,51.31
2026-05-08T18:14:30.717178800Z,TaxiAlgorithmSinglePassenger,0,-1,10,25,1,n/a,-1,-1,-1,BASELINE,10,116264435,Client Waiting Time [min],1.17,5.63,2.75,68.77,25,4.46
2026-05-08T18:14:30.717178800Z,TaxiAlgorithmSinglePassenger,0,-1,10,25,1,n/a,-1,-1,-1,BASELINE,10,116264435,Client Travel Time [min],227.0,965.0,512.28,12807.0,25,738.0
2026-05-08T18:14:30.717178800Z,TaxiAlgorithmSinglePassenger,0,-1,10,25,1,n/a,-1,-1,-1,BASELINE,10,116264435,Calculation Time [millis],0.0,0.0,0.0,0.0,5484,0.0
2026-05-08T18:14:30.717178800Z,TaxiAlgorithmSinglePassenger,0,-1,10,25,1,n/a,-1,-1,-1,BASELINE,10,116264435,Custom Time [micros],0.0,0.0,0.0,0.0,5484,0.0
2026-05-08T18:14:30.795182200Z,TaxiAlgorithmSinglePassenger,0,-1,10,50,1,n/a,-1,-1,-1,BASELINE,1,116264426,Taxi Travel Distance [km],162.16,198.39,181.86,1818.58,10,36.22999999999999
2026-05-08T18:14:30.795182200Z,TaxiAlgorithmSinglePassenger,0,-1,10,50,1,n/a,-1,-1,-1,BASELINE,1,116264426,Client Waiting Time [min],2.25,87.12,28.84,1384.35,48,84.87
2026-05-08T18:14:30.795182200Z,TaxiAlgorithmSinglePassenger,0,-1,10,50,1,n/a,-1,-1,-1,BASELINE,1,116264426,Client Travel Time [min],788.0,6502.0,2571.3,128565.0,50,5714.0
2026-05-08T18:14:30.795182200Z,TaxiAlgorithmSinglePassenger,0,-1,10,50,1,n/a,-1,-1,-1,BASELINE,1,116264426,Calculation Time [millis],0.0,0.0,0.0,4.0,9596,0.0
2026-05-08T18:14:30.795182200Z,TaxiAlgorithmSinglePassenger,0,-1,10,50,1,n/a,-1,-1,-1,BASELINE,1,116264426,Custom Time [micros],0.0,0.0,0.0,0.0,9596,0.0
2026-05-08T18:14:30.873180400Z,TaxiAlgorithmSinglePassenger,0,-1,10,50,1,n/a,-1,-1,-1,BASELINE,2,116264427,Taxi Travel Distance [km],161.05,208.45,181.74,1817.41,10,47.39999999999998
2026-05-08T18:14:30.873180400Z,TaxiAlgorithmSinglePassenger,0,-1,10,50,1,n/a,-1,-1,-1,BASELINE,2,116264427,Client Waiting Time [min],3.78,107.38,37.44,1834.45,49,103.6
2026-05-08T18:14:30.873180400Z,TaxiAlgorithmSinglePassenger,0,-1,10,50,1,n/a,-1,-1,-1,BASELINE,2,116264427,Client Travel Time [min],688.0,7026.0,3002.12,150106.0,50,6338.0
2026-05-08T18:14:30.873180400Z,TaxiAlgorithmSinglePassenger,0,-1,10,50,1,n/a,-1,-1,-1,BASELINE,2,116264427,Calculation Time [millis],0.0,0.0,0.0,5.0,9555,0.0
2026-05-08T18:14:30.873180400Z,TaxiAlgorithmSinglePassenger,0,-1,10,50,1,n/a,-1,-1,-1,BASELINE,2,116264427,Custom Time [micros],0.0,0.0,0.0,0.0,9555,0.0
2026-05-08T18:14:30.951177900Z,TaxiAlgorithmSinglePassenger,0,-1,10,50,1,n/a,-1,-1,-1,BASELINE,3,116264428,Taxi Travel Distance [km],149.14,192.91,168.32,1683.22,10,43.77000000000001
2026-05-08T18:14:30.951177900Z,TaxiAlgorithmSinglePassenger,0,-1,10,50,1,n/a,-1,-1,-1,BASELINE,3,116264428,Client Waiting Time [min],1.13,113.07,29.41,1470.5,50,111.94
2026-05-08T18:14:30.951177900Z,TaxiAlgorithmSinglePassenger,0,-1,10,50,1,n/a,-1,-1,-1,BASELINE,3,116264428,Client Travel Time [min],580.0,8096.0,2557.0,127850.0,50,7516.0
2026-05-08T18:14:30.951177900Z,TaxiAlgorithmSinglePassenger,0,-1,10,50,1,n/a,-1,-1,-1,BASELINE,3,116264428,Calculation Time [millis],0.0,0.0,0.0,4.0,9345,0.0
2026-05-08T18:14:30.951177900Z,TaxiAlgorithmSinglePassenger,0,-1,10,50,1,n/a,-1,-1,-1,BASELINE,3,116264428,Custom Time [micros],0.0,0.0,0.0,0.0,9345,0.0
2026-05-08T18:14:31.027181200Z,TaxiAlgorithmSinglePassenger,0,-1,10,50,1,n/a,-1,-1,-1,BASELINE,4,116264429,Taxi Travel Distance [km],155.78,197.06,179.43,1794.34,10,41.28
2026-05-08T18:14:31.027181200Z,TaxiAlgorithmSinglePassenger,0,-1,10,50,1,n/a,-1,-1,-1,BASELINE,4,116264429,Client Waiting Time [min],1.38,97.58,31.19,1528.18,49,96.2
2026-05-08T18:14:31.027181200Z,TaxiAlgorithmSinglePassenger,0,-1,10,50,1,n/a,-1,-1,-1,BASELINE,4,116264429,Client Travel Time [min],971.0,6068.0,2677.32,133866.0,50,5097.0
2026-05-08T18:14:31.027181200Z,TaxiAlgorithmSinglePassenger,0,-1,10,50,1,n/a,-1,-1,-1,BASELINE,4,116264429,Calculation Time [millis],0.0,0.0,0.0,4.0,9750,0.0
2026-05-08T18:14:31.027181200Z,TaxiAlgorithmSinglePassenger,0,-1,10,50,1,n/a,-1,-1,-1,BASELINE,4,116264429,Custom Time [micros],0.0,0.0,0.0,0.0,9750,0.0
2026-05-08T18:14:31.136179700Z,TaxiAlgorithmSinglePassenger,0,-1,10,50,1,n/a,-1,-1,-1,BASELINE,5,116264430,Taxi Travel Distance [km],178.23,234.96,201.05,2010.49,10,56.73000000000002
2026-05-08T18:14:31.136179700Z,TaxiAlgorithmSinglePassenger,0,-1,10,50,1,n/a,-1,-1,-1,BASELINE,5,116264430,Client Waiting Time [min],1.45,135.32,47.14,2357.02,50,133.87
2026-05-08T18:14:31.136179700Z,TaxiAlgorithmSinglePassenger,0,-1,10,50,1,n/a,-1,-1,-1,BASELINE,5,116264430,Client Travel Time [min],651.0,9126.0,3689.02,184451.0,50,8475.0
2026-05-08T18:14:31.136179700Z,TaxiAlgorithmSinglePassenger,0,-1,10,50,1,n/a,-1,-1,-1,BASELINE,5,116264430,Calculation Time [millis],0.0,0.0,0.0,6.0,11173,0.0
2026-05-08T18:14:31.136179700Z,TaxiAlgorithmSinglePassenger,0,-1,10,50,1,n/a,-1,-1,-1,BASELINE,5,116264430,Custom Time [micros],0.0,0.0,0.0,0.0,11173,0.0
2026-05-08T18:14:31.197179300Z,TaxiAlgorithmSinglePassenger,0,-1,10,50,1,n/a,-1,-1,-1,BASELINE,6,116264431,Taxi Travel Distance [km],190.38,240.88,205.29,2052.9,10,50.5
2026-05-08T18:14:31.197179300Z,TaxiAlgorithmSinglePassenger,0,-1,10,50,1,n/a,-1,-1,-1,BASELINE,6,116264431,Client Waiting Time [min],1.33,133.05,44.11,2161.18,49,131.72
2026-05-08T18:14:31.197179300Z,TaxiAlgorithmSinglePassenger,0,-1,10,50,1,n/a,-1,-1,-1,BASELINE,6,116264431,Client Travel Time [min],295.0,9560.0,3628.56,181428.0,50,9265.0
2026-05-08T18:14:31.197179300Z,TaxiAlgorithmSinglePassenger,0,-1,10,50,1,n/a,-1,-1,-1,BASELINE,6,116264431,Calculation Time [millis],0.0,0.0,0.0,6.0,12104,0.0
2026-05-08T18:14:31.197179300Z,TaxiAlgorithmSinglePassenger,0,-1,10,50,1,n/a,-1,-1,-1,BASELINE,6,116264431,Custom Time [micros],0.0,0.0,0.0,0.0,12104,0.0
2026-05-08T18:14:31.261180Z,TaxiAlgorithmSinglePassenger,0,-1,10,50,1,n/a,-1,-1,-1,BASELINE,7,116264432,Taxi Travel Distance [km],159.41,196.53,178.04,1780.42,10,37.120000000000005
2026-05-08T18:14:31.261180Z,TaxiAlgorithmSinglePassenger,0,-1,10,50,1,n/a,-1,-1,-1,BASELINE,7,116264432,Client Waiting Time [min],0.1,91.37,28.43,1392.93,49,91.27000000000001
2026-05-08T18:14:31.261180Z,TaxiAlgorithmSinglePassenger,0,-1,10,50,1,n/a,-1,-1,-1,BASELINE,7,116264432,Client Travel Time [min],160.0,6035.0,2599.42,129971.0,50,5875.0
2026-05-08T18:14:31.261180Z,TaxiAlgorithmSinglePassenger,0,-1,10,50,1,n/a,-1,-1,-1,BASELINE,7,116264432,Calculation Time [millis],0.0,0.0,0.0,5.0,9053,0.0
2026-05-08T18:14:31.261180Z,TaxiAlgorithmSinglePassenger,0,-1,10,50,1,n/a,-1,-1,-1,BASELINE,7,116264432,Custom Time [micros],0.0,0.0,0.0,0.0,9053,0.0
2026-05-08T18:14:31.338706500Z,TaxiAlgorithmSinglePassenger,0,-1,10,50,1,n/a,-1,-1,-1,BASELINE,8,116264433,Taxi Travel Distance [km],160.92,194.84,173.93,1739.31,10,33.920000000000016
2026-05-08T18:14:31.338706500Z,TaxiAlgorithmSinglePassenger,0,-1,10,50,1,n/a,-1,-1,-1,BASELINE,8,116264433,Client Waiting Time [min],1.3,100.05,32.89,1611.38,49,98.75
2026-05-08T18:14:31.338706500Z,TaxiAlgorithmSinglePassenger,0,-1,10,50,1,n/a,-1,-1,-1,BASELINE,8,116264433,Client Travel Time [min],707.0,7219.0,2853.0,142650.0,50,6512.0
2026-05-08T18:14:31.338706500Z,TaxiAlgorithmSinglePassenger,0,-1,10,50,1,n/a,-1,-1,-1,BASELINE,8,116264433,Calculation Time [millis],0.0,0.0,0.0,5.0,9577,0.0
2026-05-08T18:14:31.338706500Z,TaxiAlgorithmSinglePassenger,0,-1,10,50,1,n/a,-1,-1,-1,BASELINE,8,116264433,Custom Time [micros],0.0,0.0,0.0,0.0,9577,0.0
2026-05-08T18:14:31.416705900Z,TaxiAlgorithmSinglePassenger,0,-1,10,50,1,n/a,-1,-1,-1,BASELINE,9,116264434,Taxi Travel Distance [km],150.94,205.14,178.34,1783.38,10,54.19999999999999
2026-05-08T18:14:31.416705900Z,TaxiAlgorithmSinglePassenger,0,-1,10,50,1,n/a,-1,-1,-1,BASELINE,9,116264434,Client Waiting Time [min],2.4,97.05,30.03,1441.2,48,94.64999999999999
2026-05-08T18:14:31.416705900Z,TaxiAlgorithmSinglePassenger,0,-1,10,50,1,n/a,-1,-1,-1,BASELINE,9,116264434,Client Travel Time [min],270.0,6825.0,2786.0,139300.0,50,6555.0
2026-05-08T18:14:31.416705900Z,TaxiAlgorithmSinglePassenger,0,-1,10,50,1,n/a,-1,-1,-1,BASELINE,9,116264434,Calculation Time [millis],0.0,0.0,0.0,5.0,10042,0.0
2026-05-08T18:14:31.416705900Z,TaxiAlgorithmSinglePassenger,0,-1,10,50,1,n/a,-1,-1,-1,BASELINE,9,116264434,Custom Time [micros],0.0,0.0,0.0,0.0,10042,0.0
2026-05-08T18:14:31.494703Z,TaxiAlgorithmSinglePassenger,0,-1,10,50,1,n/a,-1,-1,-1,BASELINE,10,116264435,Taxi Travel Distance [km],165.26,210.88,182.44,1824.36,10,45.620000000000005
2026-05-08T18:14:31.494703Z,TaxiAlgorithmSinglePassenger,0,-1,10,50,1,n/a,-1,-1,-1,BASELINE,10,116264435,Client Waiting Time [min],0.58,129.03,29.96,1468.18,49,128.45
2026-05-08T18:14:31.494703Z,TaxiAlgorithmSinglePassenger,0,-1,10,50,1,n/a,-1,-1,-1,BASELINE,10,116264435,Client Travel Time [min],926.0,7762.0,2739.42,136971.0,50,6836.0
2026-05-08T18:14:31.494703Z,TaxiAlgorithmSinglePassenger,0,-1,10,50,1,n/a,-1,-1,-1,BASELINE,10,116264435,Calculation Time [millis],0.0,0.0,0.0,5.0,9858,0.0
2026-05-08T18:14:31.494703Z,TaxiAlgorithmSinglePassenger,0,-1,10,50,1,n/a,-1,-1,-1,BASELINE,10,116264435,Custom Time [micros],0.0,0.0,0.0,0.0,9858,0.0
2026-05-08T18:14:31.571707100Z,TaxiAlgorithmSinglePassenger,0,-1,20,50,1,n/a,-1,-1,-1,BASELINE,1,116264426,Taxi Travel Distance [km],33.1,135.58,70.72,1414.46,20,102.48000000000002
2026-05-08T18:14:31.571707100Z,TaxiAlgorithmSinglePassenger,0,-1,20,50,1,n/a,-1,-1,-1,BASELINE,1,116264426,Client Waiting Time [min],1.08,24.75,6.86,342.93,50,23.67
2026-05-08T18:14:31.571707100Z,TaxiAlgorithmSinglePassenger,0,-1,20,50,1,n/a,-1,-1,-1,BASELINE,1,116264426,Client Travel Time [min],510.0,2325.0,1274.46,63723.0,50,1815.0
2026-05-08T18:14:31.571707100Z,TaxiAlgorithmSinglePassenger,0,-1,20,50,1,n/a,-1,-1,-1,BASELINE,1,116264426,Calculation Time [millis],0.0,0.0,0.0,1.0,6779,0.0
2026-05-08T18:14:31.571707100Z,TaxiAlgorithmSinglePassenger,0,-1,20,50,1,n/a,-1,-1,-1,BASELINE,1,116264426,Custom Time [micros],0.0,0.0,0.0,0.0,6779,0.0
2026-05-08T18:14:31.650704800Z,TaxiAlgorithmSinglePassenger,0,-1,20,50,1,n/a,-1,-1,-1,BASELINE,2,116264427,Taxi Travel Distance [km],42.15,128.54,77.18,1543.62,20,86.38999999999999
2026-05-08T18:14:31.650704800Z,TaxiAlgorithmSinglePassenger,0,-1,20,50,1,n/a,-1,-1,-1,BASELINE,2,116264427,Client Waiting Time [min],0.57,24.92,8.43,421.73,50,24.35
2026-05-08T18:14:31.650704800Z,TaxiAlgorithmSinglePassenger,0,-1,20,50,1,n/a,-1,-1,-1,BASELINE,2,116264427,Client Travel Time [min],360.0,3688.0,1390.32,69516.0,50,3328.0
2026-05-08T18:14:31.650704800Z,TaxiAlgorithmSinglePassenger,0,-1,20,50,1,n/a,-1,-1,-1,BASELINE,2,116264427,Calculation Time [millis],0.0,0.0,0.0,1.0,6521,0.0
2026-05-08T18:14:31.650704800Z,TaxiAlgorithmSinglePassenger,0,-1,20,50,1,n/a,-1,-1,-1,BASELINE,2,116264427,Custom Time [micros],0.0,0.0,0.0,0.0,6521,0.0
2026-05-08T18:14:31.728705900Z,TaxiAlgorithmSinglePassenger,0,-1,20,50,1,n/a,-1,-1,-1,BASELINE,3,116264428,Taxi Travel Distance [km],19.86,98.37,72.81,1456.23,20,78.51
2026-05-08T18:14:31.728705900Z,TaxiAlgorithmSinglePassenger,0,-1,20,50,1,n/a,-1,-1,-1,BASELINE,3,116264428,Client Waiting Time [min],0.38,18.52,6.9,344.82,50,18.14
2026-05-08T18:14:31.728705900Z,TaxiAlgorithmSinglePassenger,0,-1,20,50,1,n/a,-1,-1,-1,BASELINE,3,116264428,Client Travel Time [min],535.0,2168.0,1309.26,65463.0,50,1633.0
2026-05-08T18:14:31.728705900Z,TaxiAlgorithmSinglePassenger,0,-1,20,50,1,n/a,-1,-1,-1,BASELINE,3,116264428,Calculation Time [millis],0.0,0.0,0.0,1.0,6483,0.0
2026-05-08T18:14:31.728705900Z,TaxiAlgorithmSinglePassenger,0,-1,20,50,1,n/a,-1,-1,-1,BASELINE,3,116264428,Custom Time [micros],0.0,0.0,0.0,0.0,6483,0.0
2026-05-08T18:14:31.806706300Z,TaxiAlgorithmSinglePassenger,0,-1,20,50,1,n/a,-1,-1,-1,BASELINE,4,116264429,Taxi Travel Distance [km],18.81,118.89,67.22,1344.5,20,100.08
2026-05-08T18:14:31.806706300Z,TaxiAlgorithmSinglePassenger,0,-1,20,50,1,n/a,-1,-1,-1,BASELINE,4,116264429,Client Waiting Time [min],1.35,12.3,5.93,296.27,50,10.950000000000001
2026-05-08T18:14:31.806706300Z,TaxiAlgorithmSinglePassenger,0,-1,20,50,1,n/a,-1,-1,-1,BASELINE,4,116264429,Client Travel Time [min],310.0,2455.0,1209.46,60473.0,50,2145.0
2026-05-08T18:14:31.806706300Z,TaxiAlgorithmSinglePassenger,0,-1,20,50,1,n/a,-1,-1,-1,BASELINE,4,116264429,Calculation Time [millis],0.0,0.0,0.0,1.0,7062,0.0
2026-05-08T18:14:31.806706300Z,TaxiAlgorithmSinglePassenger,0,-1,20,50,1,n/a,-1,-1,-1,BASELINE,4,116264429,Custom Time [micros],0.0,0.0,0.0,0.0,7062,0.0
2026-05-08T18:14:31.883704500Z,TaxiAlgorithmSinglePassenger,0,-1,20,50,1,n/a,-1,-1,-1,BASELINE,5,116264430,Taxi Travel Distance [km],55.81,124.88,79.28,1585.52,20,69.07
2026-05-08T18:14:31.883704500Z,TaxiAlgorithmSinglePassenger,0,-1,20,50,1,n/a,-1,-1,-1,BASELINE,5,116264430,Client Waiting Time [min],1.25,23.77,7.03,351.53,50,22.52
2026-05-08T18:14:31.883704500Z,TaxiAlgorithmSinglePassenger,0,-1,20,50,1,n/a,-1,-1,-1,BASELINE,5,116264430,Client Travel Time [min],524.0,2317.0,1425.14,71257.0,50,1793.0
2026-05-08T18:14:31.883704500Z,TaxiAlgorithmSinglePassenger,0,-1,20,50,1,n/a,-1,-1,-1,BASELINE,5,116264430,Calculation Time [millis],0.0,0.0,0.0,1.0,6332,0.0
2026-05-08T18:14:31.883704500Z,TaxiAlgorithmSinglePassenger,0,-1,20,50,1,n/a,-1,-1,-1,BASELINE,5,116264430,Custom Time [micros],0.0,0.0,0.0,0.0,6332,0.0
2026-05-08T18:14:31.959703400Z,TaxiAlgorithmSinglePassenger,0,-1,20,50,1,n/a,-1,-1,-1,BASELINE,6,116264431,Taxi Travel Distance [km],41.41,145.82,86.36,1727.17,20,104.41
2026-05-08T18:14:31.959703400Z,TaxiAlgorithmSinglePassenger,0,-1,20,50,1,n/a,-1,-1,-1,BASELINE,6,116264431,Client Waiting Time [min],1.33,35.25,9.0,450.12,50,33.92
2026-05-08T18:14:31.959703400Z,TaxiAlgorithmSinglePassenger,0,-1,20,50,1,n/a,-1,-1,-1,BASELINE,6,116264431,Client Travel Time [min],295.0,4041.0,1567.0,78350.0,50,3746.0
2026-05-08T18:14:31.959703400Z,TaxiAlgorithmSinglePassenger,0,-1,20,50,1,n/a,-1,-1,-1,BASELINE,6,116264431,Calculation Time [millis],0.0,0.0,0.0,1.0,8426,0.0
2026-05-08T18:14:31.959703400Z,TaxiAlgorithmSinglePassenger,0,-1,20,50,1,n/a,-1,-1,-1,BASELINE,6,116264431,Custom Time [micros],0.0,0.0,0.0,0.0,8426,0.0
2026-05-08T18:14:32.036705100Z,TaxiAlgorithmSinglePassenger,0,-1,20,50,1,n/a,-1,-1,-1,BASELINE,7,116264432,Taxi Travel Distance [km],0.0,129.81,65.66,1313.14,20,129.81
2026-05-08T18:14:32.036705100Z,TaxiAlgorithmSinglePassenger,0,-1,20,50,1,n/a,-1,-1,-1,BASELINE,7,116264432,Client Waiting Time [min],0.1,19.4,5.6,280.07,50,19.299999999999997
2026-05-08T18:14:32.036705100Z,TaxiAlgorithmSinglePassenger,0,-1,20,50,1,n/a,-1,-1,-1,BASELINE,7,116264432,Client Travel Time [min],160.0,2676.0,1181.82,59091.0,50,2516.0
2026-05-08T18:14:32.036705100Z,TaxiAlgorithmSinglePassenger,0,-1,20,50,1,n/a,-1,-1,-1,BASELINE,7,116264432,Calculation Time [millis],0.0,0.0,0.0,1.0,7200,0.0
2026-05-08T18:14:32.036705100Z,TaxiAlgorithmSinglePassenger,0,-1,20,50,1,n/a,-1,-1,-1,BASELINE,7,116264432,Custom Time [micros],0.0,0.0,0.0,0.0,7200,0.0
2026-05-08T18:14:32.114705700Z,TaxiAlgorithmSinglePassenger,0,-1,20,50,1,n/a,-1,-1,-1,BASELINE,8,116264433,Taxi Travel Distance [km],0.0,125.31,74.83,1496.67,20,125.31
2026-05-08T18:14:32.114705700Z,TaxiAlgorithmSinglePassenger,0,-1,20,50,1,n/a,-1,-1,-1,BASELINE,8,116264433,Client Waiting Time [min],0.73,21.25,7.08,354.1,50,20.52
2026-05-08T18:14:32.114705700Z,TaxiAlgorithmSinglePassenger,0,-1,20,50,1,n/a,-1,-1,-1,BASELINE,8,116264433,Client Travel Time [min],481.0,2983.0,1348.58,67429.0,50,2502.0
2026-05-08T18:14:32.114705700Z,TaxiAlgorithmSinglePassenger,0,-1,20,50,1,n/a,-1,-1,-1,BASELINE,8,116264433,Calculation Time [millis],0.0,0.0,0.0,1.0,6740,0.0
2026-05-08T18:14:32.114705700Z,TaxiAlgorithmSinglePassenger,0,-1,20,50,1,n/a,-1,-1,-1,BASELINE,8,116264433,Custom Time [micros],0.0,0.0,0.0,0.0,6740,0.0
2026-05-08T18:14:32.192706Z,TaxiAlgorithmSinglePassenger,0,-1,20,50,1,n/a,-1,-1,-1,BASELINE,9,116264434,Taxi Travel Distance [km],31.78,117.35,72.12,1442.32,20,85.57
2026-05-08T18:14:32.192706Z,TaxiAlgorithmSinglePassenger,0,-1,20,50,1,n/a,-1,-1,-1,BASELINE,9,116264434,Client Waiting Time [min],0.25,21.52,7.01,350.53,50,21.27
2026-05-08T18:14:32.192706Z,TaxiAlgorithmSinglePassenger,0,-1,20,50,1,n/a,-1,-1,-1,BASELINE,9,116264434,Client Travel Time [min],91.0,2920.0,1297.62,64881.0,50,2829.0
2026-05-08T18:14:32.192706Z,TaxiAlgorithmSinglePassenger,0,-1,20,50,1,n/a,-1,-1,-1,BASELINE,9,116264434,Calculation Time [millis],0.0,0.0,0.0,1.0,6644,0.0
2026-05-08T18:14:32.192706Z,TaxiAlgorithmSinglePassenger,0,-1,20,50,1,n/a,-1,-1,-1,BASELINE,9,116264434,Custom Time [micros],0.0,0.0,0.0,0.0,6644,0.0
2026-05-08T18:14:32.285705900Z,TaxiAlgorithmSinglePassenger,0,-1,20,50,1,n/a,-1,-1,-1,BASELINE,10,116264435,Taxi Travel Distance [km],9.67,121.35,71.45,1429.01,20,111.67999999999999
2026-05-08T18:14:32.285705900Z,TaxiAlgorithmSinglePassenger,0,-1,20,50,1,n/a,-1,-1,-1,BASELINE,10,116264435,Client Waiting Time [min],0.58,12.42,5.18,259.02,50,11.84
2026-05-08T18:14:32.285705900Z,TaxiAlgorithmSinglePassenger,0,-1,20,50,1,n/a,-1,-1,-1,BASELINE,10,116264435,Client Travel Time [min],402.0,2459.0,1283.36,64168.0,50,2057.0
2026-05-08T18:14:32.285705900Z,TaxiAlgorithmSinglePassenger,0,-1,20,50,1,n/a,-1,-1,-1,BASELINE,10,116264435,Calculation Time [millis],0.0,0.0,0.0,1.0,6854,0.0
2026-05-08T18:14:32.285705900Z,TaxiAlgorithmSinglePassenger,0,-1,20,50,1,n/a,-1,-1,-1,BASELINE,10,116264435,Custom Time [micros],0.0,0.0,0.0,0.0,6854,0.0
2026-05-08T18:14:32.454705100Z,TaxiAlgorithmSinglePassenger,0,-1,20,100,1,n/a,-1,-1,-1,BASELINE,1,116264426,Taxi Travel Distance [km],320.07,423.48,365.04,7300.75,20,103.41000000000003
2026-05-08T18:14:32.454705100Z,TaxiAlgorithmSinglePassenger,0,-1,20,100,1,n/a,-1,-1,-1,BASELINE,1,116264426,Client Waiting Time [min],4.17,247.38,92.75,9181.78,99,243.21
2026-05-08T18:14:32.454705100Z,TaxiAlgorithmSinglePassenger,0,-1,20,100,1,n/a,-1,-1,-1,BASELINE,1,116264426,Client Travel Time [min],872.0,17499.0,7157.14,715714.0,100,16627.0
2026-05-08T18:14:32.454705100Z,TaxiAlgorithmSinglePassenger,0,-1,20,100,1,n/a,-1,-1,-1,BASELINE,1,116264426,Calculation Time [millis],0.0,0.0,0.0,25.0,19026,0.0
2026-05-08T18:14:32.454705100Z,TaxiAlgorithmSinglePassenger,0,-1,20,100,1,n/a,-1,-1,-1,BASELINE,1,116264426,Custom Time [micros],0.0,0.0,0.0,0.0,19026,0.0
2026-05-08T18:14:32.671706600Z,TaxiAlgorithmSinglePassenger,0,-1,20,100,1,n/a,-1,-1,-1,BASELINE,2,116264427,Taxi Travel Distance [km],341.76,444.11,377.12,7542.32,20,102.35000000000002
2026-05-08T18:14:32.671706600Z,TaxiAlgorithmSinglePassenger,0,-1,20,100,1,n/a,-1,-1,-1,BASELINE,2,116264427,Client Waiting Time [min],3.57,269.92,107.78,10777.52,100,266.35
2026-05-08T18:14:32.671706600Z,TaxiAlgorithmSinglePassenger,0,-1,20,100,1,n/a,-1,-1,-1,BASELINE,2,116264427,Client Travel Time [min],1388.0,18129.0,8149.5,814950.0,100,16741.0
2026-05-08T18:14:32.671706600Z,TaxiAlgorithmSinglePassenger,0,-1,20,100,1,n/a,-1,-1,-1,BASELINE,2,116264427,Calculation Time [millis],0.0,0.0,0.0,28.0,20892,0.0
2026-05-08T18:14:32.671706600Z,TaxiAlgorithmSinglePassenger,0,-1,20,100,1,n/a,-1,-1,-1,BASELINE,2,116264427,Custom Time [micros],0.0,0.0,0.0,0.0,20892,0.0
2026-05-08T18:14:32.829706200Z,TaxiAlgorithmSinglePassenger,0,-1,20,100,1,n/a,-1,-1,-1,BASELINE,3,116264428,Taxi Travel Distance [km],315.45,413.63,358.82,7176.38,20,98.18
2026-05-08T18:14:32.829706200Z,TaxiAlgorithmSinglePassenger,0,-1,20,100,1,n/a,-1,-1,-1,BASELINE,3,116264428,Client Waiting Time [min],2.37,264.38,101.11,10009.97,99,262.01
2026-05-08T18:14:32.829706200Z,TaxiAlgorithmSinglePassenger,0,-1,20,100,1,n/a,-1,-1,-1,BASELINE,3,116264428,Client Travel Time [min],728.0,16464.0,7701.41,770141.0,100,15736.0
2026-05-08T18:14:32.829706200Z,TaxiAlgorithmSinglePassenger,0,-1,20,100,1,n/a,-1,-1,-1,BASELINE,3,116264428,Calculation Time [millis],0.0,0.0,0.0,21.0,19088,0.0
2026-05-08T18:14:32.829706200Z,TaxiAlgorithmSinglePassenger,0,-1,20,100,1,n/a,-1,-1,-1,BASELINE,3,116264428,Custom Time [micros],0.0,0.0,0.0,0.0,19088,0.0
2026-05-08T18:14:32.997708Z,TaxiAlgorithmSinglePassenger,0,-1,20,100,1,n/a,-1,-1,-1,BASELINE,4,116264429,Taxi Travel Distance [km],319.74,410.3,361.73,7234.56,20,90.56
2026-05-08T18:14:32.997708Z,TaxiAlgorithmSinglePassenger,0,-1,20,100,1,n/a,-1,-1,-1,BASELINE,4,116264429,Client Waiting Time [min],1.73,271.65,96.05,9508.52,99,269.91999999999996
2026-05-08T18:14:32.997708Z,TaxiAlgorithmSinglePassenger,0,-1,20,100,1,n/a,-1,-1,-1,BASELINE,4,116264429,Client Travel Time [min],906.0,17234.0,7451.14,745114.0,100,16328.0
2026-05-08T18:14:32.997708Z,TaxiAlgorithmSinglePassenger,0,-1,20,100,1,n/a,-1,-1,-1,BASELINE,4,116264429,Calculation Time [millis],0.0,0.0,0.0,20.0,18793,0.0
2026-05-08T18:14:32.997708Z,TaxiAlgorithmSinglePassenger,0,-1,20,100,1,n/a,-1,-1,-1,BASELINE,4,116264429,Custom Time [micros],0.0,0.0,0.0,0.0,18793,0.0
2026-05-08T18:14:33.154705400Z,TaxiAlgorithmSinglePassenger,0,-1,20,100,1,n/a,-1,-1,-1,BASELINE,5,116264430,Taxi Travel Distance [km],312.98,408.56,360.75,7214.95,20,95.57999999999998
2026-05-08T18:14:33.154705400Z,TaxiAlgorithmSinglePassenger,0,-1,20,100,1,n/a,-1,-1,-1,BASELINE,5,116264430,Client Waiting Time [min],1.9,254.93,95.47,9546.83,100,253.03
2026-05-08T18:14:33.154705400Z,TaxiAlgorithmSinglePassenger,0,-1,20,100,1,n/a,-1,-1,-1,BASELINE,5,116264430,Client Travel Time [min],1048.0,16520.0,7464.27,746427.0,100,15472.0
2026-05-08T18:14:33.154705400Z,TaxiAlgorithmSinglePassenger,0,-1,20,100,1,n/a,-1,-1,-1,BASELINE,5,116264430,Calculation Time [millis],0.0,0.0,0.0,20.0,19143,0.0
2026-05-08T18:14:33.154705400Z,TaxiAlgorithmSinglePassenger,0,-1,20,100,1,n/a,-1,-1,-1,BASELINE,5,116264430,Custom Time [micros],0.0,0.0,0.0,0.0,19143,0.0
2026-05-08T18:14:33.293706700Z,TaxiAlgorithmSinglePassenger,0,-1,20,100,1,n/a,-1,-1,-1,BASELINE,6,116264431,Taxi Travel Distance [km],311.9,411.5,351.39,7027.87,20,99.60000000000002
2026-05-08T18:14:33.293706700Z,TaxiAlgorithmSinglePassenger,0,-1,20,100,1,n/a,-1,-1,-1,BASELINE,6,116264431,Client Waiting Time [min],1.57,230.73,96.63,9566.77,99,229.16
2026-05-08T18:14:33.293706700Z,TaxiAlgorithmSinglePassenger,0,-1,20,100,1,n/a,-1,-1,-1,BASELINE,6,116264431,Client Travel Time [min],1174.0,16577.0,7419.99,741999.0,100,15403.0
2026-05-08T18:14:33.293706700Z,TaxiAlgorithmSinglePassenger,0,-1,20,100,1,n/a,-1,-1,-1,BASELINE,6,116264431,Calculation Time [millis],0.0,0.0,0.0,20.0,18839,0.0
2026-05-08T18:14:33.293706700Z,TaxiAlgorithmSinglePassenger,0,-1,20,100,1,n/a,-1,-1,-1,BASELINE,6,116264431,Custom Time [micros],0.0,0.0,0.0,0.0,18839,0.0
2026-05-08T18:14:33.463704600Z,TaxiAlgorithmSinglePassenger,0,-1,20,100,1,n/a,-1,-1,-1,BASELINE,7,116264432,Taxi Travel Distance [km],325.47,445.58,371.2,7423.91,20,120.10999999999996
2026-05-08T18:14:33.463704600Z,TaxiAlgorithmSinglePassenger,0,-1,20,100,1,n/a,-1,-1,-1,BASELINE,7,116264432,Client Waiting Time [min],0.75,268.17,102.7,9962.12,97,267.42
2026-05-08T18:14:33.463704600Z,TaxiAlgorithmSinglePassenger,0,-1,20,100,1,n/a,-1,-1,-1,BASELINE,7,116264432,Client Travel Time [min],617.0,19059.0,7771.88,777188.0,100,18442.0
2026-05-08T18:14:33.463704600Z,TaxiAlgorithmSinglePassenger,0,-1,20,100,1,n/a,-1,-1,-1,BASELINE,7,116264432,Calculation Time [millis],0.0,0.0,0.0,20.0,20444,0.0
2026-05-08T18:14:33.463704600Z,TaxiAlgorithmSinglePassenger,0,-1,20,100,1,n/a,-1,-1,-1,BASELINE,7,116264432,Custom Time [micros],0.0,0.0,0.0,0.0,20444,0.0
2026-05-08T18:14:33.618702500Z,TaxiAlgorithmSinglePassenger,0,-1,20,100,1,n/a,-1,-1,-1,BASELINE,8,116264433,Taxi Travel Distance [km],335.79,432.61,377.61,7552.19,20,96.82
2026-05-08T18:14:33.618702500Z,TaxiAlgorithmSinglePassenger,0,-1,20,100,1,n/a,-1,-1,-1,BASELINE,8,116264433,Client Waiting Time [min],1.23,264.42,103.72,10060.95,97,263.19
2026-05-08T18:14:33.618702500Z,TaxiAlgorithmSinglePassenger,0,-1,20,100,1,n/a,-1,-1,-1,BASELINE,8,116264433,Client Travel Time [min],1277.0,16650.0,7965.18,796518.0,100,15373.0
2026-05-08T18:14:33.618702500Z,TaxiAlgorithmSinglePassenger,0,-1,20,100,1,n/a,-1,-1,-1,BASELINE,8,116264433,Calculation Time [millis],0.0,0.0,0.0,20.0,20050,0.0
2026-05-08T18:14:33.618702500Z,TaxiAlgorithmSinglePassenger,0,-1,20,100,1,n/a,-1,-1,-1,BASELINE,8,116264433,Custom Time [micros],0.0,0.0,0.0,0.0,20050,0.0
2026-05-08T18:14:33.774705500Z,TaxiAlgorithmSinglePassenger,0,-1,20,100,1,n/a,-1,-1,-1,BASELINE,9,116264434,Taxi Travel Distance [km],314.46,405.48,352.42,7048.49,20,91.02000000000004
2026-05-08T18:14:33.774705500Z,TaxiAlgorithmSinglePassenger,0,-1,20,100,1,n/a,-1,-1,-1,BASELINE,9,116264434,Client Waiting Time [min],2.25,243.75,96.35,9345.78,97,241.5
2026-05-08T18:14:33.774705500Z,TaxiAlgorithmSinglePassenger,0,-1,20,100,1,n/a,-1,-1,-1,BASELINE,9,116264434,Client Travel Time [min],460.0,15654.0,7282.28,728228.0,100,15194.0
2026-05-08T18:14:33.774705500Z,TaxiAlgorithmSinglePassenger,0,-1,20,100,1,n/a,-1,-1,-1,BASELINE,9,116264434,Calculation Time [millis],0.0,0.0,0.0,19.0,18447,0.0
2026-05-08T18:14:33.774705500Z,TaxiAlgorithmSinglePassenger,0,-1,20,100,1,n/a,-1,-1,-1,BASELINE,9,116264434,Custom Time [micros],0.0,0.0,0.0,0.0,18447,0.0
2026-05-08T18:14:33.928704500Z,TaxiAlgorithmSinglePassenger,0,-1,20,100,1,n/a,-1,-1,-1,BASELINE,10,116264435,Taxi Travel Distance [km],325.2,423.85,360.99,7219.71,20,98.65000000000003
2026-05-08T18:14:33.928704500Z,TaxiAlgorithmSinglePassenger,0,-1,20,100,1,n/a,-1,-1,-1,BASELINE,10,116264435,Client Waiting Time [min],2.33,256.13,104.41,10023.72,96,253.79999999999998
2026-05-08T18:14:33.928704500Z,TaxiAlgorithmSinglePassenger,0,-1,20,100,1,n/a,-1,-1,-1,BASELINE,10,116264435,Client Travel Time [min],1034.0,17739.0,7869.97,786997.0,100,16705.0
2026-05-08T18:14:33.928704500Z,TaxiAlgorithmSinglePassenger,0,-1,20,100,1,n/a,-1,-1,-1,BASELINE,10,116264435,Calculation Time [millis],0.0,0.0,0.0,20.0,19432,0.0
2026-05-08T18:14:33.928704500Z,TaxiAlgorithmSinglePassenger,0,-1,20,100,1,n/a,-1,-1,-1,BASELINE,10,116264435,Custom Time [micros],0.0,0.0,0.0,0.0,19432,0.0
2026-05-08T18:14:34.580705400Z,TaxiAlgorithmVehicleRouting,0,-1,5,25,1,n/a,-1,-1,-1,BASELINE,1,116264426,Taxi Travel Distance [km],77.5,116.86,92.19,460.96,5,39.36
2026-05-08T18:14:34.580705400Z,TaxiAlgorithmVehicleRouting,0,-1,5,25,1,n/a,-1,-1,-1,BASELINE,1,116264426,Client Waiting Time [min],1.35,35.17,11.36,829.33,73,33.82
2026-05-08T18:14:34.580705400Z,TaxiAlgorithmVehicleRouting,0,-1,5,25,1,n/a,-1,-1,-1,BASELINE,1,116264426,Client Travel Time [min],125.0,2286.0,1025.24,25631.0,25,2161.0
2026-05-08T18:14:34.580705400Z,TaxiAlgorithmVehicleRouting,0,-1,5,25,1,n/a,-1,-1,-1,BASELINE,1,116264426,Calculation Time [millis],0.0,100.0,0.05,320.0,5864,100.0
2026-05-08T18:14:34.580705400Z,TaxiAlgorithmVehicleRouting,0,-1,5,25,1,n/a,-1,-1,-1,BASELINE,1,116264426,Custom Time [micros],0.0,0.0,0.0,0.0,5864,0.0
2026-05-08T18:14:35.495705100Z,TaxiAlgorithmVehicleRouting,0,-1,5,25,1,n/a,-1,-1,-1,BASELINE,2,116264427,Taxi Travel Distance [km],104.05,117.06,110.7,553.52,5,13.010000000000005
2026-05-08T18:14:35.495705100Z,TaxiAlgorithmVehicleRouting,0,-1,5,25,1,n/a,-1,-1,-1,BASELINE,2,116264427,Client Waiting Time [min],0.73,62.45,17.43,1254.9,72,61.720000000000006
2026-05-08T18:14:35.495705100Z,TaxiAlgorithmVehicleRouting,0,-1,5,25,1,n/a,-1,-1,-1,BASELINE,2,116264427,Client Travel Time [min],586.0,4211.0,1849.96,46249.0,25,3625.0
2026-05-08T18:14:35.495705100Z,TaxiAlgorithmVehicleRouting,0,-1,5,25,1,n/a,-1,-1,-1,BASELINE,2,116264427,Calculation Time [millis],0.0,90.0,0.14,798.0,5872,90.0
2026-05-08T18:14:35.495705100Z,TaxiAlgorithmVehicleRouting,0,-1,5,25,1,n/a,-1,-1,-1,BASELINE,2,116264427,Custom Time [micros],0.0,0.0,0.0,0.0,5872,0.0
2026-05-08T18:14:35.974738Z,TaxiAlgorithmVehicleRouting,0,-1,5,25,1,n/a,-1,-1,-1,BASELINE,3,116264428,Taxi Travel Distance [km],76.36,104.27,93.35,466.74,5,27.909999999999997
2026-05-08T18:14:35.974738Z,TaxiAlgorithmVehicleRouting,0,-1,5,25,1,n/a,-1,-1,-1,BASELINE,3,116264428,Client Waiting Time [min],2.12,41.8,12.72,1042.98,82,39.68
2026-05-08T18:14:35.974738Z,TaxiAlgorithmVehicleRouting,0,-1,5,25,1,n/a,-1,-1,-1,BASELINE,3,116264428,Client Travel Time [min],275.0,2701.0,1201.6,30040.0,25,2426.0
2026-05-08T18:14:35.974738Z,TaxiAlgorithmVehicleRouting,0,-1,5,25,1,n/a,-1,-1,-1,BASELINE,3,116264428,Calculation Time [millis],0.0,55.0,0.07,429.0,5731,55.0
2026-05-08T18:14:35.974738Z,TaxiAlgorithmVehicleRouting,0,-1,5,25,1,n/a,-1,-1,-1,BASELINE,3,116264428,Custom Time [micros],0.0,0.0,0.0,0.0,5731,0.0
2026-05-08T18:14:36.252738Z,TaxiAlgorithmVehicleRouting,0,-1,5,25,1,n/a,-1,-1,-1,BASELINE,4,116264429,Taxi Travel Distance [km],72.83,107.39,96.65,483.27,5,34.56
2026-05-08T18:14:36.252738Z,TaxiAlgorithmVehicleRouting,0,-1,5,25,1,n/a,-1,-1,-1,BASELINE,4,116264429,Client Waiting Time [min],1.98,37.28,11.36,840.43,74,35.300000000000004
2026-05-08T18:14:36.252738Z,TaxiAlgorithmVehicleRouting,0,-1,5,25,1,n/a,-1,-1,-1,BASELINE,4,116264429,Client Travel Time [min],315.0,2537.0,1053.64,26341.0,25,2222.0
2026-05-08T18:14:36.252738Z,TaxiAlgorithmVehicleRouting,0,-1,5,25,1,n/a,-1,-1,-1,BASELINE,4,116264429,Calculation Time [millis],0.0,22.0,0.04,224.0,5582,22.0
2026-05-08T18:14:36.252738Z,TaxiAlgorithmVehicleRouting,0,-1,5,25,1,n/a,-1,-1,-1,BASELINE,4,116264429,Custom Time [micros],0.0,0.0,0.0,0.0,5582,0.0
2026-05-08T18:14:36.717738Z,TaxiAlgorithmVehicleRouting,0,-1,5,25,1,n/a,-1,-1,-1,BASELINE,5,116264430,Taxi Travel Distance [km],80.88,105.1,92.12,460.6,5,24.22
2026-05-08T18:14:36.717738Z,TaxiAlgorithmVehicleRouting,0,-1,5,25,1,n/a,-1,-1,-1,BASELINE,5,116264430,Client Waiting Time [min],1.32,48.65,11.42,1107.53,97,47.33
2026-05-08T18:14:36.717738Z,TaxiAlgorithmVehicleRouting,0,-1,5,25,1,n/a,-1,-1,-1,BASELINE,5,116264430,Client Travel Time [min],260.0,3063.0,1173.44,29336.0,25,2803.0
2026-05-08T18:14:36.717738Z,TaxiAlgorithmVehicleRouting,0,-1,5,25,1,n/a,-1,-1,-1,BASELINE,5,116264430,Calculation Time [millis],0.0,40.0,0.07,406.0,6003,40.0
2026-05-08T18:14:36.717738Z,TaxiAlgorithmVehicleRouting,0,-1,5,25,1,n/a,-1,-1,-1,BASELINE,5,116264430,Custom Time [micros],0.0,0.0,0.0,0.0,6003,0.0
2026-05-08T18:14:37.045252700Z,TaxiAlgorithmVehicleRouting,0,-1,5,25,1,n/a,-1,-1,-1,BASELINE,6,116264431,Taxi Travel Distance [km],78.09,115.76,98.9,494.5,5,37.67
2026-05-08T18:14:37.045252700Z,TaxiAlgorithmVehicleRouting,0,-1,5,25,1,n/a,-1,-1,-1,BASELINE,6,116264431,Client Waiting Time [min],2.05,29.88,10.57,655.45,62,27.83
2026-05-08T18:14:37.045252700Z,TaxiAlgorithmVehicleRouting,0,-1,5,25,1,n/a,-1,-1,-1,BASELINE,6,116264431,Client Travel Time [min],307.0,1824.0,1053.84,26346.0,25,1517.0
2026-05-08T18:14:37.045252700Z,TaxiAlgorithmVehicleRouting,0,-1,5,25,1,n/a,-1,-1,-1,BASELINE,6,116264431,Calculation Time [millis],0.0,48.0,0.05,277.0,5988,48.0
2026-05-08T18:14:37.045252700Z,TaxiAlgorithmVehicleRouting,0,-1,5,25,1,n/a,-1,-1,-1,BASELINE,6,116264431,Custom Time [micros],0.0,0.0,0.0,0.0,5988,0.0
2026-05-08T18:14:37.312253700Z,TaxiAlgorithmVehicleRouting,0,-1,5,25,1,n/a,-1,-1,-1,BASELINE,7,116264432,Taxi Travel Distance [km],69.85,109.58,93.25,466.25,5,39.730000000000004
2026-05-08T18:14:37.312253700Z,TaxiAlgorithmVehicleRouting,0,-1,5,25,1,n/a,-1,-1,-1,BASELINE,7,116264432,Client Waiting Time [min],0.52,43.53,10.31,690.85,67,43.01
2026-05-08T18:14:37.312253700Z,TaxiAlgorithmVehicleRouting,0,-1,5,25,1,n/a,-1,-1,-1,BASELINE,7,116264432,Client Travel Time [min],161.0,2774.0,1031.56,25789.0,25,2613.0
2026-05-08T18:14:37.312253700Z,TaxiAlgorithmVehicleRouting,0,-1,5,25,1,n/a,-1,-1,-1,BASELINE,7,116264432,Calculation Time [millis],0.0,31.0,0.04,216.0,5799,31.0
2026-05-08T18:14:37.312253700Z,TaxiAlgorithmVehicleRouting,0,-1,5,25,1,n/a,-1,-1,-1,BASELINE,7,116264432,Custom Time [micros],0.0,0.0,0.0,0.0,5799,0.0
2026-05-08T18:14:37.651767800Z,TaxiAlgorithmVehicleRouting,0,-1,5,25,1,n/a,-1,-1,-1,BASELINE,8,116264433,Taxi Travel Distance [km],92.46,105.64,97.55,487.74,5,13.180000000000007
2026-05-08T18:14:37.651767800Z,TaxiAlgorithmVehicleRouting,0,-1,5,25,1,n/a,-1,-1,-1,BASELINE,8,116264433,Client Waiting Time [min],1.12,39.92,10.74,805.63,75,38.800000000000004
2026-05-08T18:14:37.651767800Z,TaxiAlgorithmVehicleRouting,0,-1,5,25,1,n/a,-1,-1,-1,BASELINE,8,116264433,Client Travel Time [min],306.0,2507.0,1094.8,27370.0,25,2201.0
2026-05-08T18:14:37.651767800Z,TaxiAlgorithmVehicleRouting,0,-1,5,25,1,n/a,-1,-1,-1,BASELINE,8,116264433,Calculation Time [millis],0.0,31.0,0.05,279.0,5746,31.0
2026-05-08T18:14:37.651767800Z,TaxiAlgorithmVehicleRouting,0,-1,5,25,1,n/a,-1,-1,-1,BASELINE,8,116264433,Custom Time [micros],0.0,0.0,0.0,0.0,5746,0.0
2026-05-08T18:14:37.873779700Z,TaxiAlgorithmVehicleRouting,0,-1,5,25,1,n/a,-1,-1,-1,BASELINE,9,116264434,Taxi Travel Distance [km],50.78,104.87,73.09,365.46,5,54.09
2026-05-08T18:14:37.873779700Z,TaxiAlgorithmVehicleRouting,0,-1,5,25,1,n/a,-1,-1,-1,BASELINE,9,116264434,Client Waiting Time [min],0.18,30.6,7.81,593.92,76,30.42
2026-05-08T18:14:37.873779700Z,TaxiAlgorithmVehicleRouting,0,-1,5,25,1,n/a,-1,-1,-1,BASELINE,9,116264434,Client Travel Time [min],197.0,1940.0,765.44,19136.0,25,1743.0
2026-05-08T18:14:37.873779700Z,TaxiAlgorithmVehicleRouting,0,-1,5,25,1,n/a,-1,-1,-1,BASELINE,9,116264434,Calculation Time [millis],0.0,15.0,0.03,162.0,5695,15.0
2026-05-08T18:14:37.873779700Z,TaxiAlgorithmVehicleRouting,0,-1,5,25,1,n/a,-1,-1,-1,BASELINE,9,116264434,Custom Time [micros],0.0,0.0,0.0,0.0,5695,0.0
2026-05-08T18:14:38.108779300Z,TaxiAlgorithmVehicleRouting,0,-1,5,25,1,n/a,-1,-1,-1,BASELINE,10,116264435,Taxi Travel Distance [km],53.99,92.13,72.27,361.35,5,38.13999999999999
2026-05-08T18:14:38.108779300Z,TaxiAlgorithmVehicleRouting,0,-1,5,25,1,n/a,-1,-1,-1,BASELINE,10,116264435,Client Waiting Time [min],1.17,21.38,8.05,515.15,64,20.21
2026-05-08T18:14:38.108779300Z,TaxiAlgorithmVehicleRouting,0,-1,5,25,1,n/a,-1,-1,-1,BASELINE,10,116264435,Client Travel Time [min],267.0,1533.0,786.04,19651.0,25,1266.0
2026-05-08T18:14:38.108779300Z,TaxiAlgorithmVehicleRouting,0,-1,5,25,1,n/a,-1,-1,-1,BASELINE,10,116264435,Calculation Time [millis],0.0,24.0,0.03,189.0,5871,24.0
2026-05-08T18:14:38.108779300Z,TaxiAlgorithmVehicleRouting,0,-1,5,25,1,n/a,-1,-1,-1,BASELINE,10,116264435,Custom Time [micros],0.0,0.0,0.0,0.0,5871,0.0
2026-05-08T18:14:38.323779100Z,TaxiAlgorithmVehicleRouting,0,-1,10,25,1,n/a,-1,-1,-1,BASELINE,1,116264426,Taxi Travel Distance [km],9.34,83.95,37.31,373.15,10,74.61
2026-05-08T18:14:38.323779100Z,TaxiAlgorithmVehicleRouting,0,-1,10,25,1,n/a,-1,-1,-1,BASELINE,1,116264426,Client Waiting Time [min],0.15,19.85,7.74,503.03,65,19.700000000000003
2026-05-08T18:14:38.323779100Z,TaxiAlgorithmVehicleRouting,0,-1,10,25,1,n/a,-1,-1,-1,BASELINE,1,116264426,Client Travel Time [min],65.0,1340.0,739.2,18480.0,25,1275.0
2026-05-08T18:14:38.323779100Z,TaxiAlgorithmVehicleRouting,0,-1,10,25,1,n/a,-1,-1,-1,BASELINE,1,116264426,Calculation Time [millis],0.0,11.0,0.03,152.0,5411,11.0
2026-05-08T18:14:38.323779100Z,TaxiAlgorithmVehicleRouting,0,-1,10,25,1,n/a,-1,-1,-1,BASELINE,1,116264426,Custom Time [micros],0.0,0.0,0.0,0.0,5411,0.0
2026-05-08T18:14:38.605379200Z,TaxiAlgorithmVehicleRouting,0,-1,10,25,1,n/a,-1,-1,-1,BASELINE,2,116264427,Taxi Travel Distance [km],0.0,84.31,40.9,409.04,10,84.31
2026-05-08T18:14:38.605379200Z,TaxiAlgorithmVehicleRouting,0,-1,10,25,1,n/a,-1,-1,-1,BASELINE,2,116264427,Client Waiting Time [min],0.62,22.2,8.0,751.87,94,21.58
2026-05-08T18:14:38.605379200Z,TaxiAlgorithmVehicleRouting,0,-1,10,25,1,n/a,-1,-1,-1,BASELINE,2,116264427,Client Travel Time [min],356.0,1406.0,833.16,20829.0,25,1050.0
2026-05-08T18:14:38.605379200Z,TaxiAlgorithmVehicleRouting,0,-1,10,25,1,n/a,-1,-1,-1,BASELINE,2,116264427,Calculation Time [millis],0.0,14.0,0.05,233.0,4646,14.0
2026-05-08T18:14:38.605379200Z,TaxiAlgorithmVehicleRouting,0,-1,10,25,1,n/a,-1,-1,-1,BASELINE,2,116264427,Custom Time [micros],0.0,0.0,0.0,0.0,4646,0.0
2026-05-08T18:14:38.886421200Z,TaxiAlgorithmVehicleRouting,0,-1,10,25,1,n/a,-1,-1,-1,BASELINE,3,116264428,Taxi Travel Distance [km],14.41,72.11,42.09,420.92,10,57.7
2026-05-08T18:14:38.886421200Z,TaxiAlgorithmVehicleRouting,0,-1,10,25,1,n/a,-1,-1,-1,BASELINE,3,116264428,Client Waiting Time [min],0.83,18.32,7.39,591.33,80,17.490000000000002
2026-05-08T18:14:38.886421200Z,TaxiAlgorithmVehicleRouting,0,-1,10,25,1,n/a,-1,-1,-1,BASELINE,3,116264428,Client Travel Time [min],323.0,1164.0,807.64,20191.0,25,841.0
2026-05-08T18:14:38.886421200Z,TaxiAlgorithmVehicleRouting,0,-1,10,25,1,n/a,-1,-1,-1,BASELINE,3,116264428,Calculation Time [millis],0.0,23.0,0.04,229.0,5744,23.0
2026-05-08T18:14:38.886421200Z,TaxiAlgorithmVehicleRouting,0,-1,10,25,1,n/a,-1,-1,-1,BASELINE,3,116264428,Custom Time [micros],0.0,0.0,0.0,0.0,5744,0.0
2026-05-08T18:14:39.102420600Z,TaxiAlgorithmVehicleRouting,0,-1,10,25,1,n/a,-1,-1,-1,BASELINE,4,116264429,Taxi Travel Distance [km],0.0,71.78,40.13,401.32,10,71.78
2026-05-08T18:14:39.102420600Z,TaxiAlgorithmVehicleRouting,0,-1,10,25,1,n/a,-1,-1,-1,BASELINE,4,116264429,Client Waiting Time [min],0.47,17.53,7.1,561.12,79,17.060000000000002
2026-05-08T18:14:39.102420600Z,TaxiAlgorithmVehicleRouting,0,-1,10,25,1,n/a,-1,-1,-1,BASELINE,4,116264429,Client Travel Time [min],256.0,1146.0,737.2,18430.0,25,890.0
2026-05-08T18:14:39.102420600Z,TaxiAlgorithmVehicleRouting,0,-1,10,25,1,n/a,-1,-1,-1,BASELINE,4,116264429,Calculation Time [millis],0.0,12.0,0.03,158.0,5522,12.0
2026-05-08T18:14:39.102420600Z,TaxiAlgorithmVehicleRouting,0,-1,10,25,1,n/a,-1,-1,-1,BASELINE,4,116264429,Custom Time [micros],0.0,0.0,0.0,0.0,5522,0.0
2026-05-08T18:14:39.385420900Z,TaxiAlgorithmVehicleRouting,0,-1,10,25,1,n/a,-1,-1,-1,BASELINE,5,116264430,Taxi Travel Distance [km],25.61,53.53,39.86,398.62,10,27.92
2026-05-08T18:14:39.385420900Z,TaxiAlgorithmVehicleRouting,0,-1,10,25,1,n/a,-1,-1,-1,BASELINE,5,116264430,Client Waiting Time [min],0.85,26.65,7.71,739.72,96,25.799999999999997
2026-05-08T18:14:39.385420900Z,TaxiAlgorithmVehicleRouting,0,-1,10,25,1,n/a,-1,-1,-1,BASELINE,5,116264430,Client Travel Time [min],217.0,1612.0,759.44,18986.0,25,1395.0
2026-05-08T18:14:39.385420900Z,TaxiAlgorithmVehicleRouting,0,-1,10,25,1,n/a,-1,-1,-1,BASELINE,5,116264430,Calculation Time [millis],0.0,22.0,0.04,222.0,5725,22.0
2026-05-08T18:14:39.385420900Z,TaxiAlgorithmVehicleRouting,0,-1,10,25,1,n/a,-1,-1,-1,BASELINE,5,116264430,Custom Time [micros],0.0,0.0,0.0,0.0,5725,0.0
2026-05-08T18:14:39.617420100Z,TaxiAlgorithmVehicleRouting,0,-1,10,25,1,n/a,-1,-1,-1,BASELINE,6,116264431,Taxi Travel Distance [km],20.23,54.89,39.35,393.52,10,34.66
2026-05-08T18:14:39.617420100Z,TaxiAlgorithmVehicleRouting,0,-1,10,25,1,n/a,-1,-1,-1,BASELINE,6,116264431,Client Waiting Time [min],0.52,19.55,6.07,473.23,78,19.03
2026-05-08T18:14:39.617420100Z,TaxiAlgorithmVehicleRouting,0,-1,10,25,1,n/a,-1,-1,-1,BASELINE,6,116264431,Client Travel Time [min],128.0,1245.0,725.16,18129.0,25,1117.0
2026-05-08T18:14:39.617420100Z,TaxiAlgorithmVehicleRouting,0,-1,10,25,1,n/a,-1,-1,-1,BASELINE,6,116264431,Calculation Time [millis],0.0,19.0,0.03,185.0,5406,19.0
2026-05-08T18:14:39.617420100Z,TaxiAlgorithmVehicleRouting,0,-1,10,25,1,n/a,-1,-1,-1,BASELINE,6,116264431,Custom Time [micros],0.0,0.0,0.0,0.0,5406,0.0
2026-05-08T18:14:39.834935100Z,TaxiAlgorithmVehicleRouting,0,-1,10,25,1,n/a,-1,-1,-1,BASELINE,7,116264432,Taxi Travel Distance [km],12.85,62.21,36.86,368.57,10,49.36
2026-05-08T18:14:39.834935100Z,TaxiAlgorithmVehicleRouting,0,-1,10,25,1,n/a,-1,-1,-1,BASELINE,7,116264432,Client Waiting Time [min],0.52,15.37,6.35,431.88,68,14.85
2026-05-08T18:14:39.834935100Z,TaxiAlgorithmVehicleRouting,0,-1,10,25,1,n/a,-1,-1,-1,BASELINE,7,116264432,Client Travel Time [min],161.0,1275.0,698.36,17459.0,25,1114.0
2026-05-08T18:14:39.834935100Z,TaxiAlgorithmVehicleRouting,0,-1,10,25,1,n/a,-1,-1,-1,BASELINE,7,116264432,Calculation Time [millis],0.0,14.0,0.03,151.0,5407,14.0
2026-05-08T18:14:39.834935100Z,TaxiAlgorithmVehicleRouting,0,-1,10,25,1,n/a,-1,-1,-1,BASELINE,7,116264432,Custom Time [micros],0.0,0.0,0.0,0.0,5407,0.0
2026-05-08T18:14:40.099934700Z,TaxiAlgorithmVehicleRouting,0,-1,10,25,1,n/a,-1,-1,-1,BASELINE,8,116264433,Taxi Travel Distance [km],16.28,70.72,43.42,434.22,10,54.44
2026-05-08T18:14:40.099934700Z,TaxiAlgorithmVehicleRouting,0,-1,10,25,1,n/a,-1,-1,-1,BASELINE,8,116264433,Client Waiting Time [min],0.27,22.23,7.85,659.77,84,21.96
2026-05-08T18:14:40.099934700Z,TaxiAlgorithmVehicleRouting,0,-1,10,25,1,n/a,-1,-1,-1,BASELINE,8,116264433,Client Travel Time [min],263.0,1395.0,821.04,20526.0,25,1132.0
2026-05-08T18:14:40.099934700Z,TaxiAlgorithmVehicleRouting,0,-1,10,25,1,n/a,-1,-1,-1,BASELINE,8,116264433,Calculation Time [millis],0.0,18.0,0.04,208.0,5770,18.0
2026-05-08T18:14:40.099934700Z,TaxiAlgorithmVehicleRouting,0,-1,10,25,1,n/a,-1,-1,-1,BASELINE,8,116264433,Custom Time [micros],0.0,0.0,0.0,0.0,5770,0.0
2026-05-08T18:14:40.269936600Z,TaxiAlgorithmVehicleRouting,0,-1,10,25,1,n/a,-1,-1,-1,BASELINE,9,116264434,Taxi Travel Distance [km],0.0,50.18,29.77,297.67,10,50.18
2026-05-08T18:14:40.269936600Z,TaxiAlgorithmVehicleRouting,0,-1,10,25,1,n/a,-1,-1,-1,BASELINE,9,116264434,Client Waiting Time [min],0.18,15.58,5.02,356.18,71,15.4
2026-05-08T18:14:40.269936600Z,TaxiAlgorithmVehicleRouting,0,-1,10,25,1,n/a,-1,-1,-1,BASELINE,9,116264434,Client Travel Time [min],198.0,964.0,542.12,13553.0,25,766.0
2026-05-08T18:14:40.269936600Z,TaxiAlgorithmVehicleRouting,0,-1,10,25,1,n/a,-1,-1,-1,BASELINE,9,116264434,Calculation Time [millis],0.0,9.0,0.02,127.0,5690,9.0
2026-05-08T18:14:40.269936600Z,TaxiAlgorithmVehicleRouting,0,-1,10,25,1,n/a,-1,-1,-1,BASELINE,9,116264434,Custom Time [micros],0.0,0.0,0.0,0.0,5690,0.0
2026-05-08T18:14:40.517935500Z,TaxiAlgorithmVehicleRouting,0,-1,10,25,1,n/a,-1,-1,-1,BASELINE,10,116264435,Taxi Travel Distance [km],0.0,54.37,31.21,312.12,10,54.37
2026-05-08T18:14:40.517935500Z,TaxiAlgorithmVehicleRouting,0,-1,10,25,1,n/a,-1,-1,-1,BASELINE,10,116264435,Client Waiting Time [min],1.17,21.23,5.91,419.52,71,20.060000000000002
2026-05-08T18:14:40.517935500Z,TaxiAlgorithmVehicleRouting,0,-1,10,25,1,n/a,-1,-1,-1,BASELINE,10,116264435,Client Travel Time [min],228.0,1362.0,600.76,15019.0,25,1134.0
2026-05-08T18:14:40.517935500Z,TaxiAlgorithmVehicleRouting,0,-1,10,25,1,n/a,-1,-1,-1,BASELINE,10,116264435,Calculation Time [millis],0.0,16.0,0.03,184.0,5518,16.0
2026-05-08T18:14:40.517935500Z,TaxiAlgorithmVehicleRouting,0,-1,10,25,1,n/a,-1,-1,-1,BASELINE,10,116264435,Custom Time [micros],0.0,0.0,0.0,0.0,5518,0.0
2026-05-08T18:14:48.856500100Z,TaxiAlgorithmVehicleRouting,0,-1,10,50,1,n/a,-1,-1,-1,BASELINE,1,116264426,Taxi Travel Distance [km],134.86,175.21,161.04,1610.45,10,40.349999999999994
2026-05-08T18:14:48.856500100Z,TaxiAlgorithmVehicleRouting,0,-1,10,50,1,n/a,-1,-1,-1,BASELINE,1,116264426,Client Waiting Time [min],2.48,89.95,24.29,6316.17,260,87.47
2026-05-08T18:14:48.856500100Z,TaxiAlgorithmVehicleRouting,0,-1,10,50,1,n/a,-1,-1,-1,BASELINE,1,116264426,Client Travel Time [min],719.0,6312.0,2632.78,131639.0,50,5593.0
2026-05-08T18:14:48.856500100Z,TaxiAlgorithmVehicleRouting,0,-1,10,50,1,n/a,-1,-1,-1,BASELINE,1,116264426,Calculation Time [millis],0.0,804.0,1.03,8281.0,8038,804.0
2026-05-08T18:14:48.856500100Z,TaxiAlgorithmVehicleRouting,0,-1,10,50,1,n/a,-1,-1,-1,BASELINE,1,116264426,Custom Time [micros],0.0,0.0,0.0,0.0,8038,0.0
2026-05-08T18:15:02.633218300Z,TaxiAlgorithmVehicleRouting,0,-1,10,50,1,n/a,-1,-1,-1,BASELINE,2,116264427,Taxi Travel Distance [km],144.38,180.48,166.64,1666.43,10,36.099999999999994
2026-05-08T18:15:02.633218300Z,TaxiAlgorithmVehicleRouting,0,-1,10,50,1,n/a,-1,-1,-1,BASELINE,2,116264427,Client Waiting Time [min],0.97,106.27,29.3,6973.75,238,105.3
2026-05-08T18:15:02.633218300Z,TaxiAlgorithmVehicleRouting,0,-1,10,50,1,n/a,-1,-1,-1,BASELINE,2,116264427,Client Travel Time [min],518.0,7119.0,3338.3,166915.0,50,6601.0
2026-05-08T18:15:02.633218300Z,TaxiAlgorithmVehicleRouting,0,-1,10,50,1,n/a,-1,-1,-1,BASELINE,2,116264427,Calculation Time [millis],0.0,758.0,1.67,13703.0,8206,758.0
2026-05-08T18:15:02.633218300Z,TaxiAlgorithmVehicleRouting,0,-1,10,50,1,n/a,-1,-1,-1,BASELINE,2,116264427,Custom Time [micros],0.0,0.0,0.0,0.0,8206,0.0
2026-05-08T18:15:12.361788900Z,TaxiAlgorithmVehicleRouting,0,-1,10,50,1,n/a,-1,-1,-1,BASELINE,3,116264428,Taxi Travel Distance [km],142.91,167.36,155.78,1557.78,10,24.450000000000017
2026-05-08T18:15:12.361788900Z,TaxiAlgorithmVehicleRouting,0,-1,10,50,1,n/a,-1,-1,-1,BASELINE,3,116264428,Client Waiting Time [min],1.13,108.7,24.18,6866.5,284,107.57000000000001
2026-05-08T18:15:12.361788900Z,TaxiAlgorithmVehicleRouting,0,-1,10,50,1,n/a,-1,-1,-1,BASELINE,3,116264428,Client Travel Time [min],571.0,7002.0,2885.72,144286.0,50,6431.0
2026-05-08T18:15:12.361788900Z,TaxiAlgorithmVehicleRouting,0,-1,10,50,1,n/a,-1,-1,-1,BASELINE,3,116264428,Calculation Time [millis],0.0,596.0,1.2,9672.0,8064,596.0
2026-05-08T18:15:12.361788900Z,TaxiAlgorithmVehicleRouting,0,-1,10,50,1,n/a,-1,-1,-1,BASELINE,3,116264428,Custom Time [micros],0.0,0.0,0.0,0.0,8064,0.0
2026-05-08T18:15:19.644306Z,TaxiAlgorithmVehicleRouting,0,-1,10,50,1,n/a,-1,-1,-1,BASELINE,4,116264429,Taxi Travel Distance [km],140.9,165.77,155.03,1550.34,10,24.870000000000005
2026-05-08T18:15:19.644306Z,TaxiAlgorithmVehicleRouting,0,-1,10,50,1,n/a,-1,-1,-1,BASELINE,4,116264429,Client Waiting Time [min],1.38,81.95,19.76,5847.88,296,80.57000000000001
2026-05-08T18:15:19.644306Z,TaxiAlgorithmVehicleRouting,0,-1,10,50,1,n/a,-1,-1,-1,BASELINE,4,116264429,Client Travel Time [min],424.0,5286.0,2447.2,122360.0,50,4862.0
2026-05-08T18:15:19.644306Z,TaxiAlgorithmVehicleRouting,0,-1,10,50,1,n/a,-1,-1,-1,BASELINE,4,116264429,Calculation Time [millis],0.0,447.0,0.91,7219.0,7967,447.0
2026-05-08T18:15:19.644306Z,TaxiAlgorithmVehicleRouting,0,-1,10,50,1,n/a,-1,-1,-1,BASELINE,4,116264429,Custom Time [micros],0.0,0.0,0.0,0.0,7967,0.0
2026-05-08T18:15:34.529370300Z,TaxiAlgorithmVehicleRouting,0,-1,10,50,1,n/a,-1,-1,-1,BASELINE,5,116264430,Taxi Travel Distance [km],158.78,187.66,173.36,1733.58,10,28.879999999999995
2026-05-08T18:15:34.529370300Z,TaxiAlgorithmVehicleRouting,0,-1,10,50,1,n/a,-1,-1,-1,BASELINE,5,116264430,Client Waiting Time [min],1.03,125.52,26.71,7050.28,264,124.49
2026-05-08T18:15:34.529370300Z,TaxiAlgorithmVehicleRouting,0,-1,10,50,1,n/a,-1,-1,-1,BASELINE,5,116264430,Client Travel Time [min],398.0,7856.0,3659.4,182970.0,50,7458.0
2026-05-08T18:15:34.529370300Z,TaxiAlgorithmVehicleRouting,0,-1,10,50,1,n/a,-1,-1,-1,BASELINE,5,116264430,Calculation Time [millis],0.0,1222.0,1.63,14806.0,9064,1222.0
2026-05-08T18:15:34.529370300Z,TaxiAlgorithmVehicleRouting,0,-1,10,50,1,n/a,-1,-1,-1,BASELINE,5,116264430,Custom Time [micros],0.0,0.0,0.0,0.0,9064,0.0
2026-05-08T18:15:45.291354400Z,TaxiAlgorithmVehicleRouting,0,-1,10,50,1,n/a,-1,-1,-1,BASELINE,6,116264431,Taxi Travel Distance [km],150.36,191.03,171.01,1710.15,10,40.66999999999999
2026-05-08T18:15:45.291354400Z,TaxiAlgorithmVehicleRouting,0,-1,10,50,1,n/a,-1,-1,-1,BASELINE,6,116264431,Client Waiting Time [min],0.57,116.25,22.73,6387.67,281,115.68
2026-05-08T18:15:45.291354400Z,TaxiAlgorithmVehicleRouting,0,-1,10,50,1,n/a,-1,-1,-1,BASELINE,6,116264431,Client Travel Time [min],297.0,7164.0,3056.88,152844.0,50,6867.0
2026-05-08T18:15:45.291354400Z,TaxiAlgorithmVehicleRouting,0,-1,10,50,1,n/a,-1,-1,-1,BASELINE,6,116264431,Calculation Time [millis],0.0,764.0,1.2,10694.0,8940,764.0
2026-05-08T18:15:45.291354400Z,TaxiAlgorithmVehicleRouting,0,-1,10,50,1,n/a,-1,-1,-1,BASELINE,6,116264431,Custom Time [micros],0.0,0.0,0.0,0.0,8940,0.0
2026-05-08T18:15:52.458320600Z,TaxiAlgorithmVehicleRouting,0,-1,10,50,1,n/a,-1,-1,-1,BASELINE,7,116264432,Taxi Travel Distance [km],145.64,170.49,160.86,1608.57,10,24.850000000000023
2026-05-08T18:15:52.458320600Z,TaxiAlgorithmVehicleRouting,0,-1,10,50,1,n/a,-1,-1,-1,BASELINE,7,116264432,Client Waiting Time [min],0.1,108.15,21.04,6122.98,291,108.05000000000001
2026-05-08T18:15:52.458320600Z,TaxiAlgorithmVehicleRouting,0,-1,10,50,1,n/a,-1,-1,-1,BASELINE,7,116264432,Client Travel Time [min],162.0,6967.0,2752.82,137641.0,50,6805.0
2026-05-08T18:15:52.458320600Z,TaxiAlgorithmVehicleRouting,0,-1,10,50,1,n/a,-1,-1,-1,BASELINE,7,116264432,Calculation Time [millis],0.0,602.0,0.88,7090.0,8031,602.0
2026-05-08T18:15:52.458320600Z,TaxiAlgorithmVehicleRouting,0,-1,10,50,1,n/a,-1,-1,-1,BASELINE,7,116264432,Custom Time [micros],0.0,0.0,0.0,0.0,8031,0.0
2026-05-08T18:16:10.329552600Z,TaxiAlgorithmVehicleRouting,0,-1,10,50,1,n/a,-1,-1,-1,BASELINE,8,116264433,Taxi Travel Distance [km],158.69,181.01,174.09,1740.9,10,22.319999999999993
2026-05-08T18:16:10.329552600Z,TaxiAlgorithmVehicleRouting,0,-1,10,50,1,n/a,-1,-1,-1,BASELINE,8,116264433,Client Waiting Time [min],1.3,128.68,29.8,7419.15,249,127.38000000000001
2026-05-08T18:16:10.329552600Z,TaxiAlgorithmVehicleRouting,0,-1,10,50,1,n/a,-1,-1,-1,BASELINE,8,116264433,Client Travel Time [min],860.0,7805.0,3773.04,188652.0,50,6945.0
2026-05-08T18:16:10.329552600Z,TaxiAlgorithmVehicleRouting,0,-1,10,50,1,n/a,-1,-1,-1,BASELINE,8,116264433,Calculation Time [millis],0.0,1522.0,2.01,17798.0,8839,1522.0
2026-05-08T18:16:10.329552600Z,TaxiAlgorithmVehicleRouting,0,-1,10,50,1,n/a,-1,-1,-1,BASELINE,8,116264433,Custom Time [micros],0.0,0.0,0.0,0.0,8839,0.0
2026-05-08T18:16:20.788604800Z,TaxiAlgorithmVehicleRouting,0,-1,10,50,1,n/a,-1,-1,-1,BASELINE,9,116264434,Taxi Travel Distance [km],144.04,179.86,161.13,1611.29,10,35.82000000000002
2026-05-08T18:16:20.788604800Z,TaxiAlgorithmVehicleRouting,0,-1,10,50,1,n/a,-1,-1,-1,BASELINE,9,116264434,Client Waiting Time [min],1.32,89.27,22.67,6438.88,284,87.95
2026-05-08T18:16:20.788604800Z,TaxiAlgorithmVehicleRouting,0,-1,10,50,1,n/a,-1,-1,-1,BASELINE,9,116264434,Client Travel Time [min],256.0,5611.0,2814.9,140745.0,50,5355.0
2026-05-08T18:16:20.788604800Z,TaxiAlgorithmVehicleRouting,0,-1,10,50,1,n/a,-1,-1,-1,BASELINE,9,116264434,Calculation Time [millis],0.0,654.0,1.25,10384.0,8309,654.0
2026-05-08T18:16:20.788604800Z,TaxiAlgorithmVehicleRouting,0,-1,10,50,1,n/a,-1,-1,-1,BASELINE,9,116264434,Custom Time [micros],0.0,0.0,0.0,0.0,8309,0.0
2026-05-08T18:16:30.162618400Z,TaxiAlgorithmVehicleRouting,0,-1,10,50,1,n/a,-1,-1,-1,BASELINE,10,116264435,Taxi Travel Distance [km],162.21,174.72,170.31,1703.12,10,12.509999999999991
2026-05-08T18:16:30.162618400Z,TaxiAlgorithmVehicleRouting,0,-1,10,50,1,n/a,-1,-1,-1,BASELINE,10,116264435,Client Waiting Time [min],0.58,122.07,25.0,6374.65,255,121.49
2026-05-08T18:16:30.162618400Z,TaxiAlgorithmVehicleRouting,0,-1,10,50,1,n/a,-1,-1,-1,BASELINE,10,116264435,Client Travel Time [min],398.0,7722.0,2909.12,145456.0,50,7324.0
2026-05-08T18:16:30.162618400Z,TaxiAlgorithmVehicleRouting,0,-1,10,50,1,n/a,-1,-1,-1,BASELINE,10,116264435,Calculation Time [millis],0.0,904.0,1.12,9308.0,8285,904.0
2026-05-08T18:16:30.162618400Z,TaxiAlgorithmVehicleRouting,0,-1,10,50,1,n/a,-1,-1,-1,BASELINE,10,116264435,Custom Time [micros],0.0,0.0,0.0,0.0,8285,0.0
2026-05-08T18:16:33.061076700Z,TaxiAlgorithmVehicleRouting,0,-1,20,50,1,n/a,-1,-1,-1,BASELINE,1,116264426,Taxi Travel Distance [km],18.87,118.45,68.68,1373.63,20,99.58
2026-05-08T18:16:33.061076700Z,TaxiAlgorithmVehicleRouting,0,-1,20,50,1,n/a,-1,-1,-1,BASELINE,1,116264426,Client Waiting Time [min],0.45,62.67,15.18,5281.55,348,62.22
2026-05-08T18:16:33.061076700Z,TaxiAlgorithmVehicleRouting,0,-1,20,50,1,n/a,-1,-1,-1,BASELINE,1,116264426,Client Travel Time [min],124.0,4310.0,1427.74,71387.0,50,4186.0
2026-05-08T18:16:33.061076700Z,TaxiAlgorithmVehicleRouting,0,-1,20,50,1,n/a,-1,-1,-1,BASELINE,1,116264426,Calculation Time [millis],0.0,219.0,0.43,2838.0,6640,219.0
2026-05-08T18:16:33.061076700Z,TaxiAlgorithmVehicleRouting,0,-1,20,50,1,n/a,-1,-1,-1,BASELINE,1,116264426,Custom Time [micros],0.0,0.0,0.0,0.0,6640,0.0
2026-05-08T18:16:36.919330900Z,TaxiAlgorithmVehicleRouting,0,-1,20,50,1,n/a,-1,-1,-1,BASELINE,2,116264427,Taxi Travel Distance [km],0.0,143.39,71.26,1425.23,20,143.39
2026-05-08T18:16:36.919330900Z,TaxiAlgorithmVehicleRouting,0,-1,20,50,1,n/a,-1,-1,-1,BASELINE,2,116264427,Client Waiting Time [min],0.55,70.38,16.93,6736.55,398,69.83
2026-05-08T18:16:36.919330900Z,TaxiAlgorithmVehicleRouting,0,-1,20,50,1,n/a,-1,-1,-1,BASELINE,2,116264427,Client Travel Time [min],239.0,4930.0,1620.02,81001.0,50,4691.0
2026-05-08T18:16:36.919330900Z,TaxiAlgorithmVehicleRouting,0,-1,20,50,1,n/a,-1,-1,-1,BASELINE,2,116264427,Calculation Time [millis],0.0,210.0,0.57,3789.0,6691,210.0
2026-05-08T18:16:36.919330900Z,TaxiAlgorithmVehicleRouting,0,-1,20,50,1,n/a,-1,-1,-1,BASELINE,2,116264427,Custom Time [micros],0.0,0.0,0.0,0.0,6691,0.0
2026-05-08T18:16:39.887536700Z,TaxiAlgorithmVehicleRouting,0,-1,20,50,1,n/a,-1,-1,-1,BASELINE,3,116264428,Taxi Travel Distance [km],5.29,109.43,67.95,1359.0,20,104.14
2026-05-08T18:16:39.887536700Z,TaxiAlgorithmVehicleRouting,0,-1,20,50,1,n/a,-1,-1,-1,BASELINE,3,116264428,Client Waiting Time [min],0.38,67.85,14.52,5676.67,391,67.47
2026-05-08T18:16:39.887536700Z,TaxiAlgorithmVehicleRouting,0,-1,20,50,1,n/a,-1,-1,-1,BASELINE,3,116264428,Client Travel Time [min],536.0,4971.0,1487.62,74381.0,50,4435.0
2026-05-08T18:16:39.887536700Z,TaxiAlgorithmVehicleRouting,0,-1,20,50,1,n/a,-1,-1,-1,BASELINE,3,116264428,Calculation Time [millis],0.0,108.0,0.44,2900.0,6596,108.0
2026-05-08T18:16:39.887536700Z,TaxiAlgorithmVehicleRouting,0,-1,20,50,1,n/a,-1,-1,-1,BASELINE,3,116264428,Custom Time [micros],0.0,0.0,0.0,0.0,6596,0.0
2026-05-08T18:16:42.109551Z,TaxiAlgorithmVehicleRouting,0,-1,20,50,1,n/a,-1,-1,-1,BASELINE,4,116264429,Taxi Travel Distance [km],0.0,127.86,65.96,1319.27,20,127.86
2026-05-08T18:16:42.109551Z,TaxiAlgorithmVehicleRouting,0,-1,20,50,1,n/a,-1,-1,-1,BASELINE,4,116264429,Client Waiting Time [min],0.93,44.73,13.52,5125.48,379,43.8
2026-05-08T18:16:42.109551Z,TaxiAlgorithmVehicleRouting,0,-1,20,50,1,n/a,-1,-1,-1,BASELINE,4,116264429,Client Travel Time [min],280.0,3066.0,1408.3,70415.0,50,2786.0
2026-05-08T18:16:42.109551Z,TaxiAlgorithmVehicleRouting,0,-1,20,50,1,n/a,-1,-1,-1,BASELINE,4,116264429,Calculation Time [millis],0.0,132.0,0.32,2164.0,6694,132.0
2026-05-08T18:16:42.109551Z,TaxiAlgorithmVehicleRouting,0,-1,20,50,1,n/a,-1,-1,-1,BASELINE,4,116264429,Custom Time [micros],0.0,0.0,0.0,0.0,6694,0.0
2026-05-08T18:16:45.724390900Z,TaxiAlgorithmVehicleRouting,0,-1,20,50,1,n/a,-1,-1,-1,BASELINE,5,116264430,Taxi Travel Distance [km],33.25,109.36,76.25,1524.98,20,76.11
2026-05-08T18:16:45.724390900Z,TaxiAlgorithmVehicleRouting,0,-1,20,50,1,n/a,-1,-1,-1,BASELINE,5,116264430,Client Waiting Time [min],0.6,48.65,16.14,7232.55,448,48.05
2026-05-08T18:16:45.724390900Z,TaxiAlgorithmVehicleRouting,0,-1,20,50,1,n/a,-1,-1,-1,BASELINE,5,116264430,Client Travel Time [min],458.0,2922.0,1608.0,80400.0,50,2464.0
2026-05-08T18:16:45.724390900Z,TaxiAlgorithmVehicleRouting,0,-1,20,50,1,n/a,-1,-1,-1,BASELINE,5,116264430,Calculation Time [millis],0.0,271.0,0.55,3525.0,6448,271.0
2026-05-08T18:16:45.724390900Z,TaxiAlgorithmVehicleRouting,0,-1,20,50,1,n/a,-1,-1,-1,BASELINE,5,116264430,Custom Time [micros],0.0,0.0,0.0,0.0,6448,0.0
2026-05-08T18:16:49.527125800Z,TaxiAlgorithmVehicleRouting,0,-1,20,50,1,n/a,-1,-1,-1,BASELINE,6,116264431,Taxi Travel Distance [km],0.0,119.93,76.67,1533.45,20,119.93
2026-05-08T18:16:49.527125800Z,TaxiAlgorithmVehicleRouting,0,-1,20,50,1,n/a,-1,-1,-1,BASELINE,6,116264431,Client Waiting Time [min],1.05,49.25,16.96,7600.25,448,48.2
2026-05-08T18:16:49.527125800Z,TaxiAlgorithmVehicleRouting,0,-1,20,50,1,n/a,-1,-1,-1,BASELINE,6,116264431,Client Travel Time [min],297.0,3215.0,1677.34,83867.0,50,2918.0
2026-05-08T18:16:49.527125800Z,TaxiAlgorithmVehicleRouting,0,-1,20,50,1,n/a,-1,-1,-1,BASELINE,6,116264431,Calculation Time [millis],0.0,401.0,0.56,3739.0,6665,401.0
2026-05-08T18:16:49.527125800Z,TaxiAlgorithmVehicleRouting,0,-1,20,50,1,n/a,-1,-1,-1,BASELINE,6,116264431,Custom Time [micros],0.0,0.0,0.0,0.0,6665,0.0
2026-05-08T18:16:51.404646300Z,TaxiAlgorithmVehicleRouting,0,-1,20,50,1,n/a,-1,-1,-1,BASELINE,7,116264432,Taxi Travel Distance [km],0.0,109.94,62.91,1258.15,20,109.94
2026-05-08T18:16:51.404646300Z,TaxiAlgorithmVehicleRouting,0,-1,20,50,1,n/a,-1,-1,-1,BASELINE,7,116264432,Client Waiting Time [min],0.1,36.73,12.04,4142.35,344,36.629999999999995
2026-05-08T18:16:51.404646300Z,TaxiAlgorithmVehicleRouting,0,-1,20,50,1,n/a,-1,-1,-1,BASELINE,7,116264432,Client Travel Time [min],161.0,2445.0,1291.28,64564.0,50,2284.0
2026-05-08T18:16:51.404646300Z,TaxiAlgorithmVehicleRouting,0,-1,20,50,1,n/a,-1,-1,-1,BASELINE,7,116264432,Calculation Time [millis],0.0,89.0,0.27,1827.0,6715,89.0
2026-05-08T18:16:51.404646300Z,TaxiAlgorithmVehicleRouting,0,-1,20,50,1,n/a,-1,-1,-1,BASELINE,7,116264432,Custom Time [micros],0.0,0.0,0.0,0.0,6715,0.0
2026-05-08T18:16:54.099828300Z,TaxiAlgorithmVehicleRouting,0,-1,20,50,1,n/a,-1,-1,-1,BASELINE,8,116264433,Taxi Travel Distance [km],0.0,120.74,69.35,1387.01,20,120.74
2026-05-08T18:16:54.099828300Z,TaxiAlgorithmVehicleRouting,0,-1,20,50,1,n/a,-1,-1,-1,BASELINE,8,116264433,Client Waiting Time [min],0.77,45.52,14.38,5822.1,405,44.75
2026-05-08T18:16:54.099828300Z,TaxiAlgorithmVehicleRouting,0,-1,20,50,1,n/a,-1,-1,-1,BASELINE,8,116264433,Client Travel Time [min],483.0,3233.0,1514.22,75711.0,50,2750.0
2026-05-08T18:16:54.099828300Z,TaxiAlgorithmVehicleRouting,0,-1,20,50,1,n/a,-1,-1,-1,BASELINE,8,116264433,Calculation Time [millis],0.0,130.0,0.41,2632.0,6403,130.0
2026-05-08T18:16:54.099828300Z,TaxiAlgorithmVehicleRouting,0,-1,20,50,1,n/a,-1,-1,-1,BASELINE,8,116264433,Custom Time [micros],0.0,0.0,0.0,0.0,6403,0.0
2026-05-08T18:16:57.518728500Z,TaxiAlgorithmVehicleRouting,0,-1,20,50,1,n/a,-1,-1,-1,BASELINE,9,116264434,Taxi Travel Distance [km],6.8,121.26,66.97,1339.45,20,114.46000000000001
2026-05-08T18:16:57.518728500Z,TaxiAlgorithmVehicleRouting,0,-1,20,50,1,n/a,-1,-1,-1,BASELINE,9,116264434,Client Waiting Time [min],0.18,57.73,14.07,5319.42,378,57.55
2026-05-08T18:16:57.518728500Z,TaxiAlgorithmVehicleRouting,0,-1,20,50,1,n/a,-1,-1,-1,BASELINE,9,116264434,Client Travel Time [min],93.0,3612.0,1482.6,74130.0,50,3519.0
2026-05-08T18:16:57.518728500Z,TaxiAlgorithmVehicleRouting,0,-1,20,50,1,n/a,-1,-1,-1,BASELINE,9,116264434,Calculation Time [millis],0.0,238.0,0.54,3322.0,6097,238.0
2026-05-08T18:16:57.518728500Z,TaxiAlgorithmVehicleRouting,0,-1,20,50,1,n/a,-1,-1,-1,BASELINE,9,116264434,Custom Time [micros],0.0,0.0,0.0,0.0,6097,0.0
2026-05-08T18:16:59.697730900Z,TaxiAlgorithmVehicleRouting,0,-1,20,50,1,n/a,-1,-1,-1,BASELINE,10,116264435,Taxi Travel Distance [km],31.28,105.14,72.0,1439.91,20,73.86
2026-05-08T18:16:59.697730900Z,TaxiAlgorithmVehicleRouting,0,-1,20,50,1,n/a,-1,-1,-1,BASELINE,10,116264435,Client Waiting Time [min],0.58,41.68,13.09,5196.55,397,41.1
2026-05-08T18:16:59.697730900Z,TaxiAlgorithmVehicleRouting,0,-1,20,50,1,n/a,-1,-1,-1,BASELINE,10,116264435,Client Travel Time [min],289.0,2668.0,1390.22,69511.0,50,2379.0
2026-05-08T18:16:59.697730900Z,TaxiAlgorithmVehicleRouting,0,-1,20,50,1,n/a,-1,-1,-1,BASELINE,10,116264435,Calculation Time [millis],0.0,96.0,0.31,2094.0,6764,96.0
2026-05-08T18:16:59.697730900Z,TaxiAlgorithmVehicleRouting,0,-1,20,50,1,n/a,-1,-1,-1,BASELINE,10,116264435,Custom Time [micros],0.0,0.0,0.0,0.0,6764,0.0
2026-05-08T18:21:31.723501200Z,TaxiAlgorithmVehicleRouting,0,-1,20,100,1,n/a,-1,-1,-1,BASELINE,1,116264426,Taxi Travel Distance [km],262.52,305.37,287.97,5759.31,20,42.85000000000002
2026-05-08T18:21:31.723501200Z,TaxiAlgorithmVehicleRouting,0,-1,20,100,1,n/a,-1,-1,-1,BASELINE,1,116264426,Client Waiting Time [min],2.67,190.83,34.02,28476.38,837,188.16000000000003
2026-05-08T18:21:31.723501200Z,TaxiAlgorithmVehicleRouting,0,-1,20,100,1,n/a,-1,-1,-1,BASELINE,1,116264426,Client Travel Time [min],563.0,13216.0,6462.14,646214.0,100,12653.0
2026-05-08T18:21:31.723501200Z,TaxiAlgorithmVehicleRouting,0,-1,20,100,1,n/a,-1,-1,-1,BASELINE,1,116264426,Calculation Time [millis],0.0,10001.0,19.7,271933.0,13802,10001.0
2026-05-08T18:21:31.723501200Z,TaxiAlgorithmVehicleRouting,0,-1,20,100,1,n/a,-1,-1,-1,BASELINE,1,116264426,Custom Time [micros],0.0,0.0,0.0,0.0,13802,0.0
2026-05-08T18:27:44.384502900Z,TaxiAlgorithmVehicleRouting,0,-1,20,100,1,n/a,-1,-1,-1,BASELINE,2,116264427,Taxi Travel Distance [km],270.85,332.92,310.11,6202.24,20,62.06999999999999
2026-05-08T18:27:44.384502900Z,TaxiAlgorithmVehicleRouting,0,-1,20,100,1,n/a,-1,-1,-1,BASELINE,2,116264427,Client Waiting Time [min],1.23,228.17,37.44,27409.67,732,226.94
2026-05-08T18:27:44.384502900Z,TaxiAlgorithmVehicleRouting,0,-1,20,100,1,n/a,-1,-1,-1,BASELINE,2,116264427,Client Travel Time [min],1626.0,14679.0,7540.92,754092.0,100,13053.0
2026-05-08T18:27:44.384502900Z,TaxiAlgorithmVehicleRouting,0,-1,20,100,1,n/a,-1,-1,-1,BASELINE,2,116264427,Calculation Time [millis],0.0,10002.0,24.38,372555.0,15281,10002.0
2026-05-08T18:27:44.384502900Z,TaxiAlgorithmVehicleRouting,0,-1,20,100,1,n/a,-1,-1,-1,BASELINE,2,116264427,Custom Time [micros],0.0,0.0,0.0,0.0,15281,0.0
2026-05-08T18:33:21.416237400Z,TaxiAlgorithmVehicleRouting,0,-1,20,100,1,n/a,-1,-1,-1,BASELINE,3,116264428,Taxi Travel Distance [km],274.62,327.28,295.92,5918.39,20,52.65999999999997
2026-05-08T18:33:21.416237400Z,TaxiAlgorithmVehicleRouting,0,-1,20,100,1,n/a,-1,-1,-1,BASELINE,3,116264428,Client Waiting Time [min],1.12,207.1,35.27,26595.02,754,205.98
2026-05-08T18:33:21.416237400Z,TaxiAlgorithmVehicleRouting,0,-1,20,100,1,n/a,-1,-1,-1,BASELINE,3,116264428,Client Travel Time [min],868.0,12557.0,7178.38,717838.0,100,11689.0
2026-05-08T18:33:21.416237400Z,TaxiAlgorithmVehicleRouting,0,-1,20,100,1,n/a,-1,-1,-1,BASELINE,3,116264428,Calculation Time [millis],0.0,10002.0,22.74,336934.0,14818,10002.0
2026-05-08T18:33:21.416237400Z,TaxiAlgorithmVehicleRouting,0,-1,20,100,1,n/a,-1,-1,-1,BASELINE,3,116264428,Custom Time [micros],0.0,0.0,0.0,0.0,14818,0.0
2026-05-08T18:38:51.508965400Z,TaxiAlgorithmVehicleRouting,0,-1,20,100,1,n/a,-1,-1,-1,BASELINE,4,116264429,Taxi Travel Distance [km],289.68,339.92,318.29,6365.73,20,50.24000000000001
2026-05-08T18:38:51.508965400Z,TaxiAlgorithmVehicleRouting,0,-1,20,100,1,n/a,-1,-1,-1,BASELINE,4,116264429,Client Waiting Time [min],0.37,241.08,35.55,24209.72,681,240.71
2026-05-08T18:38:51.508965400Z,TaxiAlgorithmVehicleRouting,0,-1,20,100,1,n/a,-1,-1,-1,BASELINE,4,116264429,Client Travel Time [min],662.0,14674.0,7766.81,776681.0,100,14012.0
2026-05-08T18:38:51.508965400Z,TaxiAlgorithmVehicleRouting,0,-1,20,100,1,n/a,-1,-1,-1,BASELINE,4,116264429,Calculation Time [millis],0.0,10002.0,21.09,329989.0,15649,10002.0
2026-05-08T18:38:51.508965400Z,TaxiAlgorithmVehicleRouting,0,-1,20,100,1,n/a,-1,-1,-1,BASELINE,4,116264429,Custom Time [micros],0.0,0.0,0.0,0.0,15649,0.0
2026-05-08T18:43:55.147170700Z,TaxiAlgorithmVehicleRouting,0,-1,20,100,1,n/a,-1,-1,-1,BASELINE,5,116264430,Taxi Travel Distance [km],286.4,327.97,310.34,6206.7,20,41.57000000000005
2026-05-08T18:43:55.147170700Z,TaxiAlgorithmVehicleRouting,0,-1,20,100,1,n/a,-1,-1,-1,BASELINE,5,116264430,Client Waiting Time [min],0.95,207.13,35.1,29412.83,838,206.18
2026-05-08T18:43:55.147170700Z,TaxiAlgorithmVehicleRouting,0,-1,20,100,1,n/a,-1,-1,-1,BASELINE,5,116264430,Client Travel Time [min],1062.0,14780.0,7195.8,719580.0,100,13718.0
2026-05-08T18:43:55.147170700Z,TaxiAlgorithmVehicleRouting,0,-1,20,100,1,n/a,-1,-1,-1,BASELINE,5,116264430,Calculation Time [millis],0.0,10002.0,20.26,303544.0,14982,10002.0
2026-05-08T18:43:55.147170700Z,TaxiAlgorithmVehicleRouting,0,-1,20,100,1,n/a,-1,-1,-1,BASELINE,5,116264430,Custom Time [micros],0.0,0.0,0.0,0.0,14982,0.0
2026-05-08T18:48:49.302984800Z,TaxiAlgorithmVehicleRouting,0,-1,20,100,1,n/a,-1,-1,-1,BASELINE,6,116264431,Taxi Travel Distance [km],209.22,333.68,287.01,5740.22,20,124.46000000000001
2026-05-08T18:48:49.302984800Z,TaxiAlgorithmVehicleRouting,0,-1,20,100,1,n/a,-1,-1,-1,BASELINE,6,116264431,Client Waiting Time [min],0.43,178.6,31.63,23755.85,751,178.17
2026-05-08T18:48:49.302984800Z,TaxiAlgorithmVehicleRouting,0,-1,20,100,1,n/a,-1,-1,-1,BASELINE,6,116264431,Client Travel Time [min],693.0,13074.0,6551.01,655101.0,100,12381.0
2026-05-08T18:48:49.302984800Z,TaxiAlgorithmVehicleRouting,0,-1,20,100,1,n/a,-1,-1,-1,BASELINE,6,116264431,Calculation Time [millis],0.0,10002.0,19.47,294043.0,15100,10002.0
2026-05-08T18:48:49.302984800Z,TaxiAlgorithmVehicleRouting,0,-1,20,100,1,n/a,-1,-1,-1,BASELINE,6,116264431,Custom Time [micros],0.0,0.0,0.0,0.0,15100,0.0
2026-05-08T18:53:46.368942400Z,TaxiAlgorithmVehicleRouting,0,-1,20,100,1,n/a,-1,-1,-1,BASELINE,7,116264432,Taxi Travel Distance [km],284.19,314.78,300.13,6002.64,20,30.589999999999975
2026-05-08T18:53:46.368942400Z,TaxiAlgorithmVehicleRouting,0,-1,20,100,1,n/a,-1,-1,-1,BASELINE,7,116264432,Client Waiting Time [min],0.45,221.95,33.21,24744.87,745,221.5
2026-05-08T18:53:46.368942400Z,TaxiAlgorithmVehicleRouting,0,-1,20,100,1,n/a,-1,-1,-1,BASELINE,7,116264432,Client Travel Time [min],466.0,14354.0,7159.7,715970.0,100,13888.0
2026-05-08T18:53:46.368942400Z,TaxiAlgorithmVehicleRouting,0,-1,20,100,1,n/a,-1,-1,-1,BASELINE,7,116264432,Calculation Time [millis],0.0,10002.0,20.47,296951.0,14507,10002.0
2026-05-08T18:53:46.368942400Z,TaxiAlgorithmVehicleRouting,0,-1,20,100,1,n/a,-1,-1,-1,BASELINE,7,116264432,Custom Time [micros],0.0,0.0,0.0,0.0,14507,0.0
2026-05-08T18:59:13.177024400Z,TaxiAlgorithmVehicleRouting,0,-1,20,100,1,n/a,-1,-1,-1,BASELINE,8,116264433,Taxi Travel Distance [km],279.9,331.48,314.56,6291.12,20,51.58000000000004
2026-05-08T18:59:13.177024400Z,TaxiAlgorithmVehicleRouting,0,-1,20,100,1,n/a,-1,-1,-1,BASELINE,8,116264433,Client Waiting Time [min],0.62,215.48,34.55,25843.93,748,214.85999999999999
2026-05-08T18:59:13.177024400Z,TaxiAlgorithmVehicleRouting,0,-1,20,100,1,n/a,-1,-1,-1,BASELINE,8,116264433,Client Travel Time [min],469.0,14876.0,7180.37,718037.0,100,14407.0
2026-05-08T18:59:13.177024400Z,TaxiAlgorithmVehicleRouting,0,-1,20,100,1,n/a,-1,-1,-1,BASELINE,8,116264433,Calculation Time [millis],0.0,10001.0,20.96,326709.0,15586,10001.0
2026-05-08T18:59:13.177024400Z,TaxiAlgorithmVehicleRouting,0,-1,20,100,1,n/a,-1,-1,-1,BASELINE,8,116264433,Custom Time [micros],0.0,0.0,0.0,0.0,15586,0.0
2026-05-08T19:04:03.163142Z,TaxiAlgorithmVehicleRouting,0,-1,20,100,1,n/a,-1,-1,-1,BASELINE,9,116264434,Taxi Travel Distance [km],255.07,310.1,286.35,5726.95,20,55.03000000000003
2026-05-08T19:04:03.163142Z,TaxiAlgorithmVehicleRouting,0,-1,20,100,1,n/a,-1,-1,-1,BASELINE,9,116264434,Client Waiting Time [min],1.68,212.17,33.11,26918.8,813,210.48999999999998
2026-05-08T19:04:03.163142Z,TaxiAlgorithmVehicleRouting,0,-1,20,100,1,n/a,-1,-1,-1,BASELINE,9,116264434,Client Travel Time [min],468.0,13326.0,6527.68,652768.0,100,12858.0
2026-05-08T19:04:03.163142Z,TaxiAlgorithmVehicleRouting,0,-1,20,100,1,n/a,-1,-1,-1,BASELINE,9,116264434,Calculation Time [millis],0.0,10001.0,20.37,289873.0,14233,10001.0
2026-05-08T19:04:03.163142Z,TaxiAlgorithmVehicleRouting,0,-1,20,100,1,n/a,-1,-1,-1,BASELINE,9,116264434,Custom Time [micros],0.0,0.0,0.0,0.0,14233,0.0
2026-05-08T19:09:06.993073700Z,TaxiAlgorithmVehicleRouting,0,-1,20,100,1,n/a,-1,-1,-1,BASELINE,10,116264435,Taxi Travel Distance [km],115.91,353.0,302.23,6044.7,20,237.09
2026-05-08T19:09:06.993073700Z,TaxiAlgorithmVehicleRouting,0,-1,20,100,1,n/a,-1,-1,-1,BASELINE,10,116264435,Client Waiting Time [min],1.43,225.97,38.19,25891.15,678,224.54
2026-05-08T19:09:06.993073700Z,TaxiAlgorithmVehicleRouting,0,-1,20,100,1,n/a,-1,-1,-1,BASELINE,10,116264435,Client Travel Time [min],478.0,15639.0,7446.05,744605.0,100,15161.0
2026-05-08T19:09:06.993073700Z,TaxiAlgorithmVehicleRouting,0,-1,20,100,1,n/a,-1,-1,-1,BASELINE,10,116264435,Calculation Time [millis],0.0,10002.0,18.55,303719.0,16375,10002.0
2026-05-08T19:09:06.993073700Z,TaxiAlgorithmVehicleRouting,0,-1,20,100,1,n/a,-1,-1,-1,BASELINE,10,116264435,Custom Time [micros],0.0,0.0,0.0,0.0,16375,0.0
