taxiCount,clientCount,taxiSeatCount,spawnScenario,kHops,p2pRequestRepublishTicks,p2pRqsRadius,p2pStrategy,p2pOverlayMinNeighbors,p2pOverlayMaxNeighbors,p2pOverlayShortcuts,p2pOverlayMaxDistanceFactor,p2pTopologyScanTicks,idleRoamingMode,seedCurrentPass0,seedExtendedPass0,seedCurrentPass5,seedExtendedPass5,seedCurrentPass10,seedExtendedPass10,seedCurrentPass15,seedExtendedPass15,seeds
39,638,1,BASELINE,0,15,1000,greedy,0,4,0,1,2000,none,0.0,0.0,0.0,0.0,0.0,0.0,0.0,0.0,10
39,638,1,BASELINE,0,15,1000,greedy,0,4,0,1,2000,past-avg,0.0,0.0,0.0,0.0,0.0,0.0,0.0,0.0,10
39,638,1,BASELINE,0,15,1000,greedy,0,4,0,1,2000,past-avg-revisit,0.0,0.0,0.0,0.0,0.0,0.0,0.0,0.0,10
39,638,1,BASELINE,0,15,1000,greedy,0,4,0,1,2000,past-avg-total,0.0,0.0,0.0,0.0,0.0,0.0,0.0,0.0,10
39,638,1,BASELINE,0,15,1000,greedy,0,4,0,1,2000,random,0.0,0.0,0.0,0.0,0.0,0.0,0.0,0.0,10
39,638,1,BASELINE,0,15,1000,greedy,0,4,1,1,2000,none,0.0,0.0,0.0,0.0,0.0,0.0,0.0,0.0,10
39,638,1,BASELINE,0,15,1000,greedy,0,4,1,1,2000,past-avg,0.0,0.0,0.0,0.0,0.0,0.0,0.0,0.0,10
39,638,1,BASELINE,0,15,1000,greedy,0,4,1,1,2000,past-avg-revisit,0.0,0.0,0.0,0.0,0.0,0.0,0.0,0.0,10
39,638,1,BASELINE,0,15,1000,greedy,0,4,1,1,2000,past-avg-total,0.0,0.0,0.0,0.0,0.0,0.0,0.0,0.0,10
39,638,1,BASELINE,0,15,1000,greedy,0,4,1,1,2000,random,0.0,0.0,0.0,0.0,0.0,0.0,0.0,0.0,10
39,638,1,BASELINE,0,15,1000,greedy,1,4,0,1,2000,none,0.0,0.0,0.0,0.0,0.0,0.0,0.0,0.0,10
39,638,1,BASELINE,0,15,1000,greedy,1,4,0,1,2000,past-avg,0.0,0.0,0.0,0.0,0.0,0.0,0.0,0.0,10
39,638,1,BASELINE,0,15,1000,greedy,1,4,0,1,2000,past-avg-revisit,0.0,0.0,0.0,0.0,0.0,0.0,0.0,0.0,10
39,638,1,BASELINE,0,15,1000,greedy,1,4,0,1,2000,past-avg-total,0.0,0.0,0.0,0.0,0.0,0.0,0.0,0.0,10
39,638,1,BASELINE,0,15,1000,greedy,1,4,0,1,2000,random,0.0,0.0,0.0,0.0,0.0,0.0,0.0,0.0,10
39,638,1,BASELINE,0,15,1000,greedy,1,4,1,1,2000,none,0.0,0.0,0.0,0.0,0.0,0.0,0.0,0.0,10
39,638,1,BASELINE,0,15,1000,greedy,1,4,1,1,2000,past-avg,0.0,0.0,0.0,0.0,0.0,0.0,0.0,0.0,10
39,638,1,BASELINE,0,15,1000,greedy,1,4,1,1,2000,past-avg-revisit,0.0,0.0,0.0,0.0,0.0,0.0,0.0,0.0,10
39,638,1,BASELINE,0,15,1000,greedy,1,4,1,1,2000,past-avg-total,0.0,0.0,0.0,0.0,0.0,0.0,0.0,0.0,10
39,638,1,BASELINE,0,15,1000,greedy,1,4,1,1,2000,random,0.0,0.0,0.0,0.0,0.0,0.0,0.0,0.0,10
39,638,1,BASELINE,0,15,1000,nearest,0,4,0,1,2000,none,0.0,0.0,0.0,0.0,0.0,0.0,0.0,0.0,10
39,638,1,BASELINE,0,15,1000,nearest,0,4,0,1,2000,past-avg,0.0,0.0,0.0,0.0,0.0,0.0,0.0,0.0,10
39,638,1,BASELINE,0,15,1000,nearest,0,4,0,1,2000,past-avg-revisit,0.0,0.0,0.0,0.0,0.0,0.0,0.0,0.0,10
39,638,1,BASELINE,0,15,1000,nearest,0,4,0,1,2000,past-avg-total,0.0,0.0,0.0,0.0,0.0,0.0,0.0,0.0,10
39,638,1,BASELINE,0,15,1000,nearest,0,4,0,1,2000,random,0.0,0.0,0.0,0.0,0.0,0.0,0.0,0.0,10
39,638,1,BASELINE,0,15,1000,nearest,0,4,1,1,2000,none,0.0,0.0,0.0,0.0,0.0,0.0,0.0,0.0,10
39,638,1,BASELINE,0,15,1000,nearest,0,4,1,1,2000,past-avg,0.0,0.0,0.0,0.0,0.0,0.0,0.0,0.0,10
39,638,1,BASELINE,0,15,1000,nearest,0,4,1,1,2000,past-avg-revisit,0.0,0.0,0.0,0.0,0.0,0.0,0.0,0.0,10
39,638,1,BASELINE,0,15,1000,nearest,0,4,1,1,2000,past-avg-total,0.0,0.0,0.0,0.0,0.0,0.0,0.0,0.0,10
39,638,1,BASELINE,0,15,1000,nearest,0,4,1,1,2000,random,0.0,0.0,0.0,0.0,0.0,0.0,0.0,0.0,10
39,638,1,BASELINE,0,15,1000,nearest,1,4,0,1,2000,none,0.0,0.0,0.0,0.0,0.0,0.0,0.0,0.0,10
39,638,1,BASELINE,0,15,1000,nearest,1,4,0,1,2000,past-avg,0.0,0.0,0.0,0.0,0.0,0.0,0.0,0.0,10
39,638,1,BASELINE,0,15,1000,nearest,1,4,0,1,2000,past-avg-revisit,0.0,0.0,0.0,0.0,0.0,0.0,0.0,0.0,10
39,638,1,BASELINE,0,15,1000,nearest,1,4,0,1,2000,past-avg-total,0.0,0.0,0.0,0.0,0.0,0.0,0.0,0.0,10
39,638,1,BASELINE,0,15,1000,nearest,1,4,0,1,2000,random,0.0,0.0,0.0,0.0,0.0,0.0,0.0,0.0,10
39,638,1,BASELINE,0,15,1000,nearest,1,4,1,1,2000,none,0.0,0.0,0.0,0.0,0.0,0.0,0.0,0.0,10
39,638,1,BASELINE,0,15,1000,nearest,1,4,1,1,2000,past-avg,0.0,0.0,0.0,0.0,0.0,0.0,0.0,0.0,10
39,638,1,BASELINE,0,15,1000,nearest,1,4,1,1,2000,past-avg-revisit,0.0,0.0,0.0,0.0,0.0,0.0,0.0,0.0,10
39,638,1,BASELINE,0,15,1000,nearest,1,4,1,1,2000,past-avg-total,0.0,0.0,0.0,0.0,0.0,0.0,0.0,0.0,10
39,638,1,BASELINE,0,15,1000,nearest,1,4,1,1,2000,random,0.0,0.0,0.0,0.0,0.0,0.0,0.0,0.0,10
39,638,1,BASELINE,0,15,2000,greedy,0,4,0,1,2000,none,0.0,0.0,0.0,0.0,0.0,0.0,0.0,0.0,10
39,638,1,BASELINE,0,15,2000,greedy,0,4,0,1,2000,past-avg,0.0,0.0,0.0,0.0,0.0,0.0,0.0,0.0,10
39,638,1,BASELINE,0,15,2000,greedy,0,4,0,1,2000,past-avg-revisit,0.0,0.0,0.0,0.0,0.0,0.0,0.0,0.0,10
39,638,1,BASELINE,0,15,2000,greedy,0,4,0,1,2000,past-avg-total,0.0,0.0,0.0,0.0,0.0,0.0,0.0,0.0,10
39,638,1,BASELINE,0,15,2000,greedy,0,4,0,1,2000,random,0.0,0.0,0.0,0.0,0.0,0.0,0.0,0.0,10
39,638,1,BASELINE,0,15,2000,greedy,0,4,1,1,2000,none,0.0,0.0,0.0,0.0,0.0,0.0,0.0,0.0,10
39,638,1,BASELINE,0,15,2000,greedy,0,4,1,1,2000,past-avg,0.0,0.0,0.0,0.0,0.0,0.0,0.0,0.0,10
39,638,1,BASELINE,0,15,2000,greedy,0,4,1,1,2000,past-avg-revisit,0.0,0.0,0.0,0.0,0.0,0.0,0.0,0.0,10
39,638,1,BASELINE,0,15,2000,greedy,0,4,1,1,2000,past-avg-total,0.0,0.0,0.0,0.0,0.0,0.0,0.0,0.0,10
39,638,1,BASELINE,0,15,2000,greedy,0,4,1,1,2000,random,0.0,0.0,0.0,0.0,0.0,0.0,0.0,0.0,10
39,638,1,BASELINE,0,15,2000,greedy,1,4,0,1,2000,none,0.0,0.0,0.0,0.0,0.0,0.0,0.0,0.0,10
39,638,1,BASELINE,0,15,2000,greedy,1,4,0,1,2000,past-avg,0.0,0.0,0.0,0.0,0.0,0.0,0.0,0.0,10
39,638,1,BASELINE,0,15,2000,greedy,1,4,0,1,2000,past-avg-revisit,0.0,0.0,0.0,0.0,0.0,0.0,0.0,0.0,10
39,638,1,BASELINE,0,15,2000,greedy,1,4,0,1,2000,past-avg-total,0.0,0.0,0.0,0.0,0.0,0.0,0.0,0.0,10
39,638,1,BASELINE,0,15,2000,greedy,1,4,0,1,2000,random,0.0,0.0,0.0,0.0,0.0,0.0,0.0,0.0,10
39,638,1,BASELINE,0,15,2000,greedy,1,4,1,1,2000,none,0.0,0.0,0.0,0.0,0.0,0.0,0.0,0.0,10
39,638,1,BASELINE,0,15,2000,greedy,1,4,1,1,2000,past-avg,0.0,0.0,0.0,0.0,0.0,0.0,0.0,0.0,10
39,638,1,BASELINE,0,15,2000,greedy,1,4,1,1,2000,past-avg-revisit,0.0,0.0,0.0,0.0,0.0,0.0,0.0,0.0,10
39,638,1,BASELINE,0,15,2000,greedy,1,4,1,1,2000,past-avg-total,0.0,0.0,0.0,0.0,0.0,0.0,0.0,0.0,10
39,638,1,BASELINE,0,15,2000,greedy,1,4,1,1,2000,random,0.0,0.0,0.0,0.0,0.0,0.0,0.0,0.0,10
39,638,1,BASELINE,0,15,2000,nearest,0,4,0,1,2000,none,0.0,0.0,0.0,0.0,0.0,0.0,0.0,0.0,10
39,638,1,BASELINE,0,15,2000,nearest,0,4,0,1,2000,past-avg,0.0,0.0,0.0,0.0,0.0,0.0,0.0,0.0,10
39,638,1,BASELINE,0,15,2000,nearest,0,4,0,1,2000,past-avg-revisit,0.0,0.0,0.0,0.0,0.0,0.0,0.0,0.0,10
39,638,1,BASELINE,0,15,2000,nearest,0,4,0,1,2000,past-avg-total,0.0,0.0,0.0,0.0,0.0,0.0,0.0,0.0,10
39,638,1,BASELINE,0,15,2000,nearest,0,4,0,1,2000,random,0.0,0.0,0.0,0.0,0.0,0.0,0.0,0.0,10
39,638,1,BASELINE,0,15,2000,nearest,0,4,1,1,2000,none,0.0,0.0,0.0,0.0,0.0,0.0,0.0,0.0,10
39,638,1,BASELINE,0,15,2000,nearest,0,4,1,1,2000,past-avg,0.0,0.0,0.0,0.0,0.0,0.0,0.0,0.0,10
39,638,1,BASELINE,0,15,2000,nearest,0,4,1,1,2000,past-avg-revisit,0.0,0.0,0.0,0.0,0.0,0.0,0.0,0.0,10
39,638,1,BASELINE,0,15,2000,nearest,0,4,1,1,2000,past-avg-total,0.0,0.0,0.0,0.0,0.0,0.0,0.0,0.0,10
39,638,1,BASELINE,0,15,2000,nearest,0,4,1,1,2000,random,0.0,0.0,0.0,0.0,0.0,0.0,0.0,0.0,10
39,638,1,BASELINE,0,15,2000,nearest,1,4,0,1,2000,none,0.0,0.0,0.0,0.0,0.0,0.0,0.0,0.0,10
39,638,1,BASELINE,0,15,2000,nearest,1,4,0,1,2000,past-avg,0.0,0.0,0.0,0.0,0.0,0.0,0.0,0.0,10
39,638,1,BASELINE,0,15,2000,nearest,1,4,0,1,2000,past-avg-revisit,0.0,0.0,0.0,0.0,0.0,0.0,0.0,0.0,10
39,638,1,BASELINE,0,15,2000,nearest,1,4,0,1,2000,past-avg-total,0.0,0.0,0.0,0.0,0.0,0.0,0.0,0.0,10
39,638,1,BASELINE,0,15,2000,nearest,1,4,0,1,2000,random,0.0,0.0,0.0,0.0,0.0,0.0,0.0,0.0,10
39,638,1,BASELINE,0,15,2000,nearest,1,4,1,1,2000,none,0.0,0.0,0.0,0.0,0.0,0.0,0.0,0.0,10
39,638,1,BASELINE,0,15,2000,nearest,1,4,1,1,2000,past-avg,0.0,0.0,0.0,0.0,0.0,0.0,0.0,0.0,10
39,638,1,BASELINE,0,15,2000,nearest,1,4,1,1,2000,past-avg-revisit,0.0,0.0,0.0,0.0,0.0,0.0,0.0,0.0,10
39,638,1,BASELINE,0,15,2000,nearest,1,4,1,1,2000,past-avg-total,0.0,0.0,0.0,0.0,0.0,0.0,0.0,0.0,10
39,638,1,BASELINE,0,15,2000,nearest,1,4,1,1,2000,random,0.0,0.0,0.0,0.0,0.0,0.0,0.0,0.0,10
39,638,1,BASELINE,0,15,3000,greedy,0,4,0,1,2000,none,0.0,0.0,0.0,0.0,0.0,0.0,0.0,0.0,10
39,638,1,BASELINE,0,15,3000,greedy,0,4,0,1,2000,past-avg,0.0,0.0,0.0,0.0,0.0,0.0,0.0,0.0,10
39,638,1,BASELINE,0,15,3000,greedy,0,4,0,1,2000,past-avg-revisit,0.0,0.0,0.0,0.0,0.0,0.0,0.0,0.0,10
39,638,1,BASELINE,0,15,3000,greedy,0,4,0,1,2000,past-avg-total,0.0,0.0,0.0,0.0,0.0,0.0,0.0,0.0,10
39,638,1,BASELINE,0,15,3000,greedy,0,4,0,1,2000,random,0.0,0.0,0.0,0.0,0.0,0.0,0.0,0.0,10
39,638,1,BASELINE,0,15,3000,greedy,0,4,1,1,2000,none,0.0,0.0,0.0,0.0,0.0,0.0,0.0,0.0,10
39,638,1,BASELINE,0,15,3000,greedy,0,4,1,1,2000,past-avg,0.0,0.0,0.0,0.0,0.0,0.0,0.0,0.0,10
39,638,1,BASELINE,0,15,3000,greedy,0,4,1,1,2000,past-avg-revisit,0.0,0.0,0.0,0.0,0.0,0.0,0.0,0.0,10
39,638,1,BASELINE,0,15,3000,greedy,0,4,1,1,2000,past-avg-total,0.0,0.0,0.0,0.0,0.0,0.0,0.0,0.0,10
39,638,1,BASELINE,0,15,3000,greedy,0,4,1,1,2000,random,0.0,0.0,0.0,0.0,0.0,0.0,0.0,0.0,10
39,638,1,BASELINE,0,15,3000,greedy,1,4,0,1,2000,none,0.0,0.0,0.0,0.0,0.0,0.0,0.0,0.0,10
39,638,1,BASELINE,0,15,3000,greedy,1,4,0,1,2000,past-avg,0.0,0.0,0.0,0.0,0.0,0.0,0.0,0.0,10
39,638,1,BASELINE,0,15,3000,greedy,1,4,0,1,2000,past-avg-revisit,0.0,0.0,0.0,0.0,0.0,0.0,0.0,0.0,10
39,638,1,BASELINE,0,15,3000,greedy,1,4,0,1,2000,past-avg-total,0.0,0.0,0.0,0.0,0.0,0.0,0.0,0.0,10
39,638,1,BASELINE,0,15,3000,greedy,1,4,0,1,2000,random,0.0,0.0,0.0,0.0,0.0,0.0,0.0,0.0,10
39,638,1,BASELINE,0,15,3000,greedy,1,4,1,1,2000,none,0.0,0.0,0.0,0.0,0.0,0.0,0.0,0.0,10
39,638,1,BASELINE,0,15,3000,greedy,1,4,1,1,2000,past-avg,0.0,0.0,0.0,0.0,0.0,0.0,0.0,0.0,10
39,638,1,BASELINE,0,15,3000,greedy,1,4,1,1,2000,past-avg-revisit,0.0,0.0,0.0,0.0,0.0,0.0,0.0,0.0,10
39,638,1,BASELINE,0,15,3000,greedy,1,4,1,1,2000,past-avg-total,0.0,0.0,0.0,0.0,0.0,0.0,0.0,0.0,10
39,638,1,BASELINE,0,15,3000,greedy,1,4,1,1,2000,random,0.0,0.0,0.0,0.0,0.0,0.0,0.0,0.0,10
39,638,1,BASELINE,0,15,3000,nearest,0,4,0,1,2000,none,0.0,0.0,0.0,0.0,0.0,0.0,0.0,0.0,10
39,638,1,BASELINE,0,15,3000,nearest,0,4,0,1,2000,past-avg,0.0,0.0,0.0,0.0,0.0,0.0,0.0,0.0,10
39,638,1,BASELINE,0,15,3000,nearest,0,4,0,1,2000,past-avg-revisit,0.0,0.0,0.0,0.0,0.0,0.0,0.0,0.0,10
39,638,1,BASELINE,0,15,3000,nearest,0,4,0,1,2000,past-avg-total,0.0,0.0,0.0,0.0,0.0,0.0,0.0,0.0,10
39,638,1,BASELINE,0,15,3000,nearest,0,4,0,1,2000,random,0.0,0.0,0.0,0.0,0.0,0.0,0.0,0.0,10
39,638,1,BASELINE,0,15,3000,nearest,0,4,1,1,2000,none,0.0,0.0,0.0,0.0,0.0,0.0,0.0,0.0,10
39,638,1,BASELINE,0,15,3000,nearest,0,4,1,1,2000,past-avg,0.0,0.0,0.0,0.0,0.0,0.0,0.0,0.0,10
39,638,1,BASELINE,0,15,3000,nearest,0,4,1,1,2000,past-avg-revisit,0.0,0.0,0.0,0.0,0.0,0.0,0.0,0.0,10
39,638,1,BASELINE,0,15,3000,nearest,0,4,1,1,2000,past-avg-total,0.0,0.0,0.0,0.0,0.0,0.0,0.0,0.0,10
39,638,1,BASELINE,0,15,3000,nearest,0,4,1,1,2000,random,0.0,0.0,0.0,0.0,0.0,0.0,0.0,0.0,10
39,638,1,BASELINE,0,15,3000,nearest,1,4,0,1,2000,none,0.0,0.0,0.0,0.0,0.0,0.0,0.0,0.0,10
39,638,1,BASELINE,0,15,3000,nearest,1,4,0,1,2000,past-avg,0.0,0.0,0.0,0.0,0.0,0.0,0.0,0.0,10
39,638,1,BASELINE,0,15,3000,nearest,1,4,0,1,2000,past-avg-revisit,0.0,0.0,0.0,0.0,0.0,0.0,0.0,0.0,10
39,638,1,BASELINE,0,15,3000,nearest,1,4,0,1,2000,past-avg-total,0.0,0.0,0.0,0.0,0.0,0.0,0.0,0.0,10
39,638,1,BASELINE,0,15,3000,nearest,1,4,0,1,2000,random,0.0,0.0,0.0,0.0,0.0,0.0,0.0,0.0,10
39,638,1,BASELINE,0,15,3000,nearest,1,4,1,1,2000,none,0.0,0.0,0.0,0.0,0.0,0.0,0.0,0.0,10
39,638,1,BASELINE,0,15,3000,nearest,1,4,1,1,2000,past-avg,0.0,0.0,0.0,0.0,0.0,0.0,0.0,0.0,10
39,638,1,BASELINE,0,15,3000,nearest,1,4,1,1,2000,past-avg-revisit,0.0,0.0,0.0,0.0,0.0,0.0,0.0,0.0,10
39,638,1,BASELINE,0,15,3000,nearest,1,4,1,1,2000,past-avg-total,0.0,0.0,0.0,0.0,0.0,0.0,0.0,0.0,10
39,638,1,BASELINE,0,15,3000,nearest,1,4,1,1,2000,random,0.0,0.0,0.0,0.0,0.0,0.0,0.0,0.0,10
39,638,1,BASELINE,1,15,1000,greedy,0,4,0,1,2000,none,0.0,0.0,0.0,0.0,0.0,0.0,0.0,0.0,10
39,638,1,BASELINE,1,15,1000,greedy,0,4,0,1,2000,past-avg,0.0,0.0,0.0,0.0,0.0,0.0,0.0,0.0,10
39,638,1,BASELINE,1,15,1000,greedy,0,4,0,1,2000,past-avg-revisit,0.0,0.0,0.0,0.0,0.0,0.0,0.0,0.0,10
39,638,1,BASELINE,1,15,1000,greedy,0,4,0,1,2000,past-avg-total,0.0,0.0,0.0,0.0,0.0,0.0,0.0,0.0,10
39,638,1,BASELINE,1,15,1000,greedy,0,4,0,1,2000,random,0.0,0.0,0.0,0.0,0.0,0.0,0.0,0.0,10
39,638,1,BASELINE,1,15,1000,greedy,0,4,1,1,2000,none,0.0,0.0,0.0,0.0,0.0,0.0,0.0,0.0,10
39,638,1,BASELINE,1,15,1000,greedy,0,4,1,1,2000,past-avg,0.0,0.0,0.0,0.0,0.0,0.0,0.0,0.0,10
39,638,1,BASELINE,1,15,1000,greedy,0,4,1,1,2000,past-avg-revisit,0.0,0.0,0.0,0.0,0.0,0.0,0.0,0.0,10
39,638,1,BASELINE,1,15,1000,greedy,0,4,1,1,2000,past-avg-total,0.0,0.0,0.0,0.0,0.0,0.0,0.0,0.0,10
39,638,1,BASELINE,1,15,1000,greedy,0,4,1,1,2000,random,0.0,0.0,0.0,0.0,0.0,0.0,0.0,0.0,10
39,638,1,BASELINE,1,15,1000,greedy,1,4,0,1,2000,none,0.0,0.0,0.0,0.0,0.0,0.0,0.0,0.0,10
39,638,1,BASELINE,1,15,1000,greedy,1,4,0,1,2000,past-avg,0.0,0.0,0.0,0.0,0.0,0.0,0.0,0.0,10
39,638,1,BASELINE,1,15,1000,greedy,1,4,0,1,2000,past-avg-revisit,0.0,0.0,0.0,0.0,0.0,0.0,0.0,0.0,10
39,638,1,BASELINE,1,15,1000,greedy,1,4,0,1,2000,past-avg-total,0.0,0.0,0.0,0.0,0.0,0.0,0.0,0.0,10
39,638,1,BASELINE,1,15,1000,greedy,1,4,0,1,2000,random,0.0,0.0,0.0,0.0,0.0,0.0,0.0,0.0,10
39,638,1,BASELINE,1,15,1000,greedy,1,4,1,1,2000,none,0.0,0.0,0.0,0.0,0.0,0.0,0.0,0.0,10
39,638,1,BASELINE,1,15,1000,greedy,1,4,1,1,2000,past-avg,0.0,0.0,0.0,0.0,0.0,0.0,0.0,0.0,10
39,638,1,BASELINE,1,15,1000,greedy,1,4,1,1,2000,past-avg-revisit,0.0,0.0,0.0,0.0,0.0,0.0,0.0,0.0,10
39,638,1,BASELINE,1,15,1000,greedy,1,4,1,1,2000,past-avg-total,0.0,0.0,0.0,0.0,0.0,0.0,0.0,0.0,10
39,638,1,BASELINE,1,15,1000,greedy,1,4,1,1,2000,random,0.0,0.0,0.0,0.0,0.0,0.0,0.0,0.0,10
39,638,1,BASELINE,1,15,1000,nearest,0,4,0,1,2000,none,0.0,0.0,0.0,0.0,0.0,0.0,0.0,0.0,10
39,638,1,BASELINE,1,15,1000,nearest,0,4,0,1,2000,past-avg,0.0,0.0,0.0,0.0,0.0,0.0,0.0,0.0,10
39,638,1,BASELINE,1,15,1000,nearest,0,4,0,1,2000,past-avg-revisit,0.0,0.0,0.0,0.0,0.0,0.0,0.0,0.0,10
39,638,1,BASELINE,1,15,1000,nearest,0,4,0,1,2000,past-avg-total,0.0,0.0,0.0,0.0,0.0,0.0,0.0,0.0,10
39,638,1,BASELINE,1,15,1000,nearest,0,4,0,1,2000,random,0.0,0.0,0.0,0.0,0.0,0.0,0.0,0.0,10
39,638,1,BASELINE,1,15,1000,nearest,0,4,1,1,2000,none,0.0,0.0,0.0,0.0,0.0,0.0,0.0,0.0,10
39,638,1,BASELINE,1,15,1000,nearest,0,4,1,1,2000,past-avg,0.0,0.0,0.0,0.0,0.0,0.0,0.0,0.0,10
39,638,1,BASELINE,1,15,1000,nearest,0,4,1,1,2000,past-avg-revisit,0.0,0.0,0.0,0.0,0.0,0.0,0.0,0.0,10
39,638,1,BASELINE,1,15,1000,nearest,0,4,1,1,2000,past-avg-total,0.0,0.0,0.0,0.0,0.0,0.0,0.0,0.0,10
39,638,1,BASELINE,1,15,1000,nearest,0,4,1,1,2000,random,0.0,0.0,0.0,0.0,0.0,0.0,0.0,0.0,10
39,638,1,BASELINE,1,15,1000,nearest,1,4,0,1,2000,none,0.0,0.0,0.0,0.0,0.0,0.0,0.0,0.0,10
39,638,1,BASELINE,1,15,1000,nearest,1,4,0,1,2000,past-avg,0.0,0.0,0.0,0.0,0.0,0.0,0.0,0.0,10
39,638,1,BASELINE,1,15,1000,nearest,1,4,0,1,2000,past-avg-revisit,0.0,0.0,0.0,0.0,0.0,0.0,0.0,0.0,10
39,638,1,BASELINE,1,15,1000,nearest,1,4,0,1,2000,past-avg-total,0.0,0.0,0.0,0.0,0.0,0.0,0.0,0.0,10
39,638,1,BASELINE,1,15,1000,nearest,1,4,0,1,2000,random,0.0,0.0,0.0,0.0,0.0,0.0,0.0,0.0,10
39,638,1,BASELINE,1,15,1000,nearest,1,4,1,1,2000,none,0.0,0.0,0.0,0.0,0.0,0.0,0.0,0.0,10
39,638,1,BASELINE,1,15,1000,nearest,1,4,1,1,2000,past-avg,0.0,0.0,0.0,0.0,0.0,0.0,0.0,0.0,10
39,638,1,BASELINE,1,15,1000,nearest,1,4,1,1,2000,past-avg-revisit,0.0,0.0,0.0,0.0,0.0,0.0,0.0,0.0,10
39,638,1,BASELINE,1,15,1000,nearest,1,4,1,1,2000,past-avg-total,0.0,0.0,0.0,0.0,0.0,0.0,0.0,0.0,10
39,638,1,BASELINE,1,15,1000,nearest,1,4,1,1,2000,random,0.0,0.0,0.0,0.0,0.0,0.0,0.0,0.0,10
39,638,1,BASELINE,1,15,2000,greedy,0,4,0,1,2000,none,0.0,0.0,0.0,0.0,0.0,0.0,0.0,0.0,10
39,638,1,BASELINE,1,15,2000,greedy,0,4,0,1,2000,past-avg,0.0,0.0,0.0,0.0,0.0,0.0,0.0,0.0,10
39,638,1,BASELINE,1,15,2000,greedy,0,4,0,1,2000,past-avg-revisit,0.0,0.0,0.0,0.0,0.0,0.0,0.0,0.0,10
39,638,1,BASELINE,1,15,2000,greedy,0,4,0,1,2000,past-avg-total,0.0,0.0,0.0,0.0,0.0,0.0,0.0,0.0,10
39,638,1,BASELINE,1,15,2000,greedy,0,4,0,1,2000,random,0.0,0.0,0.0,0.0,0.0,0.0,0.0,0.0,10
39,638,1,BASELINE,1,15,2000,greedy,0,4,1,1,2000,none,0.0,0.0,0.0,0.0,0.0,0.0,0.0,0.0,10
39,638,1,BASELINE,1,15,2000,greedy,0,4,1,1,2000,past-avg,0.0,0.0,0.0,0.0,0.0,0.0,0.0,0.0,10
39,638,1,BASELINE,1,15,2000,greedy,0,4,1,1,2000,past-avg-revisit,0.0,0.0,0.0,0.0,0.0,0.0,0.0,0.0,10
39,638,1,BASELINE,1,15,2000,greedy,0,4,1,1,2000,past-avg-total,0.0,0.0,0.0,0.0,0.0,0.0,0.0,0.0,10
39,638,1,BASELINE,1,15,2000,greedy,0,4,1,1,2000,random,0.0,0.0,0.0,0.0,0.0,0.0,0.0,0.0,10
39,638,1,BASELINE,1,15,2000,greedy,1,4,0,1,2000,none,0.0,0.0,0.0,0.0,0.0,0.0,0.0,0.0,10
39,638,1,BASELINE,1,15,2000,greedy,1,4,0,1,2000,past-avg,0.0,0.0,0.0,0.0,0.0,0.0,0.0,0.0,10
39,638,1,BASELINE,1,15,2000,greedy,1,4,0,1,2000,past-avg-revisit,0.0,0.0,0.0,0.0,0.0,0.0,0.0,0.0,10
39,638,1,BASELINE,1,15,2000,greedy,1,4,0,1,2000,past-avg-total,0.0,0.0,0.0,0.0,0.0,0.0,0.0,0.0,10
39,638,1,BASELINE,1,15,2000,greedy,1,4,0,1,2000,random,0.0,0.0,0.0,0.0,0.0,0.0,0.0,0.0,10
39,638,1,BASELINE,1,15,2000,greedy,1,4,1,1,2000,none,0.0,0.0,0.0,0.0,0.0,0.0,0.0,0.0,10
39,638,1,BASELINE,1,15,2000,greedy,1,4,1,1,2000,past-avg,0.0,0.0,0.0,0.0,0.0,0.0,0.0,0.0,10
39,638,1,BASELINE,1,15,2000,greedy,1,4,1,1,2000,past-avg-revisit,0.0,0.0,0.0,0.0,0.0,0.0,0.0,0.0,10
39,638,1,BASELINE,1,15,2000,greedy,1,4,1,1,2000,past-avg-total,0.0,0.0,0.0,0.0,0.0,0.0,0.0,0.0,10
39,638,1,BASELINE,1,15,2000,greedy,1,4,1,1,2000,random,0.0,0.0,0.0,0.0,0.0,0.0,0.0,0.0,10
39,638,1,BASELINE,1,15,2000,nearest,0,4,0,1,2000,none,0.0,0.0,0.0,0.0,0.0,0.0,0.0,0.0,10
39,638,1,BASELINE,1,15,2000,nearest,0,4,0,1,2000,past-avg,0.0,0.0,0.0,0.0,0.0,0.0,0.0,0.0,10
39,638,1,BASELINE,1,15,2000,nearest,0,4,0,1,2000,past-avg-revisit,0.0,0.0,0.0,0.0,0.0,0.0,0.0,0.0,10
39,638,1,BASELINE,1,15,2000,nearest,0,4,0,1,2000,past-avg-total,0.0,0.0,0.0,0.0,0.0,0.0,0.0,0.0,10
39,638,1,BASELINE,1,15,2000,nearest,0,4,0,1,2000,random,0.0,0.0,0.0,0.0,0.0,0.0,0.0,0.0,10
39,638,1,BASELINE,1,15,2000,nearest,0,4,1,1,2000,none,0.0,0.0,0.0,0.0,0.0,0.0,0.0,0.0,10
39,638,1,BASELINE,1,15,2000,nearest,0,4,1,1,2000,past-avg,0.0,0.0,0.0,0.0,0.0,0.0,0.0,0.0,10
39,638,1,BASELINE,1,15,2000,nearest,0,4,1,1,2000,past-avg-revisit,0.0,0.0,0.0,0.0,0.0,0.0,0.0,0.0,10
39,638,1,BASELINE,1,15,2000,nearest,0,4,1,1,2000,past-avg-total,0.0,0.0,0.0,0.0,0.0,0.0,0.0,0.0,10
39,638,1,BASELINE,1,15,2000,nearest,0,4,1,1,2000,random,0.0,0.0,0.0,0.0,0.0,0.0,0.0,0.0,10
39,638,1,BASELINE,1,15,2000,nearest,1,4,0,1,2000,none,0.0,0.0,0.0,0.0,0.0,0.0,0.0,0.0,10
39,638,1,BASELINE,1,15,2000,nearest,1,4,0,1,2000,past-avg,0.0,0.0,0.0,0.0,0.0,0.0,0.0,0.0,10
39,638,1,BASELINE,1,15,2000,nearest,1,4,0,1,2000,past-avg-revisit,0.0,0.0,0.0,0.0,0.0,0.0,0.0,0.0,10
39,638,1,BASELINE,1,15,2000,nearest,1,4,0,1,2000,past-avg-total,0.0,0.0,0.0,0.0,0.0,0.0,0.0,0.0,10
39,638,1,BASELINE,1,15,2000,nearest,1,4,0,1,2000,random,0.0,0.0,0.0,0.0,0.0,0.0,0.0,0.0,10
39,638,1,BASELINE,1,15,2000,nearest,1,4,1,1,2000,none,0.0,0.0,0.0,0.0,0.0,0.0,0.0,0.0,10
39,638,1,BASELINE,1,15,2000,nearest,1,4,1,1,2000,past-avg,0.0,0.0,0.0,0.0,0.0,0.0,0.0,0.0,10
39,638,1,BASELINE,1,15,2000,nearest,1,4,1,1,2000,past-avg-revisit,0.0,0.0,0.0,0.0,0.0,0.0,0.0,0.0,10
39,638,1,BASELINE,1,15,2000,nearest,1,4,1,1,2000,past-avg-total,0.0,0.0,0.0,0.0,0.0,0.0,0.0,0.0,10
39,638,1,BASELINE,1,15,2000,nearest,1,4,1,1,2000,random,0.0,0.0,0.0,0.0,0.0,0.0,0.0,0.0,10
39,638,1,BASELINE,1,15,3000,greedy,0,4,0,1,2000,none,0.0,0.0,0.0,0.0,0.0,0.0,0.0,0.0,10
39,638,1,BASELINE,1,15,3000,greedy,0,4,0,1,2000,past-avg,0.0,0.0,0.0,0.0,0.0,0.0,0.0,0.0,10
39,638,1,BASELINE,1,15,3000,greedy,0,4,0,1,2000,past-avg-revisit,0.0,0.0,0.0,0.0,0.0,0.0,0.0,0.0,10
39,638,1,BASELINE,1,15,3000,greedy,0,4,0,1,2000,past-avg-total,0.0,0.0,0.0,0.0,0.0,0.0,0.0,0.0,10
39,638,1,BASELINE,1,15,3000,greedy,0,4,0,1,2000,random,0.0,0.0,0.0,0.0,0.0,0.0,0.0,0.0,10
39,638,1,BASELINE,1,15,3000,greedy,0,4,1,1,2000,none,0.0,0.0,0.0,0.0,0.0,0.0,0.0,0.0,10
39,638,1,BASELINE,1,15,3000,greedy,0,4,1,1,2000,past-avg,0.0,0.0,0.0,0.0,0.0,0.0,0.0,0.0,10
39,638,1,BASELINE,1,15,3000,greedy,0,4,1,1,2000,past-avg-revisit,0.0,0.0,0.0,0.0,0.0,0.0,0.0,0.0,10
39,638,1,BASELINE,1,15,3000,greedy,0,4,1,1,2000,past-avg-total,0.0,0.0,0.0,0.0,0.0,0.0,0.0,0.0,10
39,638,1,BASELINE,1,15,3000,greedy,0,4,1,1,2000,random,0.0,0.0,0.0,0.0,0.0,0.0,0.0,0.0,10
39,638,1,BASELINE,1,15,3000,greedy,1,4,0,1,2000,none,0.0,0.0,0.0,0.0,0.0,0.0,0.0,0.0,10
39,638,1,BASELINE,1,15,3000,greedy,1,4,0,1,2000,past-avg,0.0,0.0,0.0,0.0,0.0,0.0,0.0,0.0,10
39,638,1,BASELINE,1,15,3000,greedy,1,4,0,1,2000,past-avg-revisit,0.0,0.0,0.0,0.0,0.0,0.0,0.0,0.0,10
39,638,1,BASELINE,1,15,3000,greedy,1,4,0,1,2000,past-avg-total,0.0,0.0,0.0,0.0,0.0,0.0,0.0,0.0,10
39,638,1,BASELINE,1,15,3000,greedy,1,4,0,1,2000,random,0.0,0.0,0.0,0.0,0.0,0.0,0.0,0.0,10
39,638,1,BASELINE,1,15,3000,greedy,1,4,1,1,2000,none,0.0,0.0,0.0,0.0,0.0,0.0,0.0,0.0,10
39,638,1,BASELINE,1,15,3000,greedy,1,4,1,1,2000,past-avg,0.0,0.0,0.0,0.0,0.0,0.0,0.0,0.0,10
39,638,1,BASELINE,1,15,3000,greedy,1,4,1,1,2000,past-avg-revisit,0.0,0.0,0.0,0.0,0.0,0.0,0.0,0.0,10
39,638,1,BASELINE,1,15,3000,greedy,1,4,1,1,2000,past-avg-total,0.0,0.0,0.0,0.0,0.0,0.0,0.0,0.0,10
39,638,1,BASELINE,1,15,3000,greedy,1,4,1,1,2000,random,0.0,0.0,0.0,0.0,0.0,0.0,0.0,0.0,10
39,638,1,BASELINE,1,15,3000,nearest,0,4,0,1,2000,none,0.0,0.0,0.0,0.0,0.0,0.0,0.0,0.0,10
39,638,1,BASELINE,1,15,3000,nearest,0,4,0,1,2000,past-avg,0.0,0.0,0.0,0.0,0.0,0.0,0.0,0.0,10
39,638,1,BASELINE,1,15,3000,nearest,0,4,0,1,2000,past-avg-revisit,0.0,0.0,0.0,0.0,0.0,0.0,0.0,0.0,10
39,638,1,BASELINE,1,15,3000,nearest,0,4,0,1,2000,past-avg-total,0.0,0.0,0.0,0.0,0.0,0.0,0.0,0.0,10
39,638,1,BASELINE,1,15,3000,nearest,0,4,0,1,2000,random,0.0,0.0,0.0,0.0,0.0,0.0,0.0,0.0,10
39,638,1,BASELINE,1,15,3000,nearest,0,4,1,1,2000,none,0.0,0.0,0.0,0.0,0.0,0.0,0.0,0.0,10
39,638,1,BASELINE,1,15,3000,nearest,0,4,1,1,2000,past-avg,0.0,0.0,0.0,0.0,0.0,0.0,0.0,0.0,10
39,638,1,BASELINE,1,15,3000,nearest,0,4,1,1,2000,past-avg-revisit,0.0,0.0,0.0,0.0,0.0,0.0,0.0,0.0,10
39,638,1,BASELINE,1,15,3000,nearest,0,4,1,1,2000,past-avg-total,0.0,0.0,0.0,0.0,0.0,0.0,0.0,0.0,10
39,638,1,BASELINE,1,15,3000,nearest,0,4,1,1,2000,random,0.0,0.0,0.0,0.0,0.0,0.0,0.0,0.0,10
39,638,1,BASELINE,1,15,3000,nearest,1,4,0,1,2000,none,0.0,0.0,0.0,0.0,0.0,0.0,0.0,0.0,10
39,638,1,BASELINE,1,15,3000,nearest,1,4,0,1,2000,past-avg,0.0,0.0,0.0,0.0,0.0,0.0,0.0,0.0,10
39,638,1,BASELINE,1,15,3000,nearest,1,4,0,1,2000,past-avg-revisit,0.0,0.0,0.0,0.0,0.0,0.0,0.0,0.0,10
39,638,1,BASELINE,1,15,3000,nearest,1,4,0,1,2000,past-avg-total,0.0,0.0,0.0,0.0,0.0,0.0,0.0,0.0,10
39,638,1,BASELINE,1,15,3000,nearest,1,4,0,1,2000,random,0.0,0.0,0.0,0.0,0.0,0.0,0.0,0.0,10
39,638,1,BASELINE,1,15,3000,nearest,1,4,1,1,2000,none,0.0,0.0,0.0,0.0,0.0,0.0,0.0,0.0,10
39,638,1,BASELINE,1,15,3000,nearest,1,4,1,1,2000,past-avg,0.0,0.0,0.0,0.0,0.0,0.0,0.0,0.0,10
39,638,1,BASELINE,1,15,3000,nearest,1,4,1,1,2000,past-avg-revisit,0.0,0.0,0.0,0.0,0.0,0.0,0.0,0.0,10
39,638,1,BASELINE,1,15,3000,nearest,1,4,1,1,2000,past-avg-total,0.0,0.0,0.0,0.0,0.0,0.0,0.0,0.0,10
39,638,1,BASELINE,1,15,3000,nearest,1,4,1,1,2000,random,0.0,0.0,0.0,0.0,0.0,0.0,0.0,0.0,10
39,638,1,BASELINE,2,15,1000,greedy,0,4,0,1,2000,none,0.0,0.0,0.0,0.0,0.0,0.0,0.0,0.0,10
39,638,1,BASELINE,2,15,1000,greedy,0,4,0,1,2000,past-avg,0.0,0.0,0.0,0.0,0.0,0.0,0.0,0.0,10
39,638,1,BASELINE,2,15,1000,greedy,0,4,0,1,2000,past-avg-revisit,0.0,0.0,0.0,0.0,0.0,0.0,0.0,0.0,10
39,638,1,BASELINE,2,15,1000,greedy,0,4,0,1,2000,past-avg-total,0.0,0.0,0.0,0.0,0.0,0.0,0.0,0.0,10
39,638,1,BASELINE,2,15,1000,greedy,0,4,0,1,2000,random,0.0,0.0,0.0,0.0,0.0,0.0,0.0,0.0,10
39,638,1,BASELINE,2,15,1000,greedy,0,4,1,1,2000,none,0.0,0.0,0.0,0.0,0.0,0.0,0.0,0.0,10
39,638,1,BASELINE,2,15,1000,greedy,0,4,1,1,2000,past-avg,0.0,0.0,0.0,0.0,0.0,0.0,0.0,0.0,10
39,638,1,BASELINE,2,15,1000,greedy,0,4,1,1,2000,past-avg-revisit,0.0,0.0,0.0,0.0,0.0,0.0,0.0,0.0,10
39,638,1,BASELINE,2,15,1000,greedy,0,4,1,1,2000,past-avg-total,0.0,0.0,0.0,0.0,0.0,0.0,0.0,0.0,10
39,638,1,BASELINE,2,15,1000,greedy,0,4,1,1,2000,random,0.0,0.0,0.0,0.0,0.0,0.0,0.0,0.0,10
39,638,1,BASELINE,2,15,1000,greedy,1,4,0,1,2000,none,0.0,0.0,0.0,0.0,0.0,0.0,0.0,0.0,10
39,638,1,BASELINE,2,15,1000,greedy,1,4,0,1,2000,past-avg,0.0,0.0,0.0,0.0,0.0,0.0,0.0,0.0,10
39,638,1,BASELINE,2,15,1000,greedy,1,4,0,1,2000,past-avg-revisit,0.0,0.0,0.0,0.0,0.0,0.0,0.0,0.0,10
39,638,1,BASELINE,2,15,1000,greedy,1,4,0,1,2000,past-avg-total,0.0,0.0,0.0,0.0,0.0,0.0,0.0,0.0,10
39,638,1,BASELINE,2,15,1000,greedy,1,4,0,1,2000,random,0.0,0.0,0.0,0.0,0.0,0.0,0.0,0.0,10
39,638,1,BASELINE,2,15,1000,greedy,1,4,1,1,2000,none,0.0,0.0,0.0,0.0,0.0,0.0,0.0,0.0,10
39,638,1,BASELINE,2,15,1000,greedy,1,4,1,1,2000,past-avg,0.0,0.0,0.0,0.0,0.0,0.0,0.0,0.0,10
39,638,1,BASELINE,2,15,1000,greedy,1,4,1,1,2000,past-avg-revisit,0.0,0.0,0.0,0.0,0.0,0.0,0.0,0.0,10
39,638,1,BASELINE,2,15,1000,greedy,1,4,1,1,2000,past-avg-total,0.0,0.0,0.0,0.0,0.0,0.0,0.0,0.0,10
39,638,1,BASELINE,2,15,1000,greedy,1,4,1,1,2000,random,0.0,0.0,0.0,0.0,0.0,0.0,0.0,0.0,10
39,638,1,BASELINE,2,15,1000,nearest,0,4,0,1,2000,none,0.0,0.0,0.0,0.0,0.0,0.0,0.0,0.0,10
39,638,1,BASELINE,2,15,1000,nearest,0,4,0,1,2000,past-avg,0.0,0.0,0.0,0.0,0.0,0.0,0.0,0.0,10
39,638,1,BASELINE,2,15,1000,nearest,0,4,0,1,2000,past-avg-revisit,0.0,0.0,0.0,0.0,0.0,0.0,0.0,0.0,10
39,638,1,BASELINE,2,15,1000,nearest,0,4,0,1,2000,past-avg-total,0.0,0.0,0.0,0.0,0.0,0.0,0.0,0.0,10
39,638,1,BASELINE,2,15,1000,nearest,0,4,0,1,2000,random,0.0,0.0,0.0,0.0,0.0,0.0,0.0,0.0,10
39,638,1,BASELINE,2,15,1000,nearest,0,4,1,1,2000,none,0.0,0.0,0.0,0.0,0.0,0.0,0.0,0.0,10
39,638,1,BASELINE,2,15,1000,nearest,0,4,1,1,2000,past-avg,0.0,0.0,0.0,0.0,0.0,0.0,0.0,0.0,10
39,638,1,BASELINE,2,15,1000,nearest,0,4,1,1,2000,past-avg-revisit,0.0,0.0,0.0,0.0,0.0,0.0,0.0,0.0,10
39,638,1,BASELINE,2,15,1000,nearest,0,4,1,1,2000,past-avg-total,0.0,0.0,0.0,0.0,0.0,0.0,0.0,0.0,10
39,638,1,BASELINE,2,15,1000,nearest,0,4,1,1,2000,random,0.0,0.0,0.0,0.0,0.0,0.0,0.0,0.0,10
39,638,1,BASELINE,2,15,1000,nearest,1,4,0,1,2000,none,0.0,0.0,0.0,0.0,0.0,0.0,0.0,0.0,10
39,638,1,BASELINE,2,15,1000,nearest,1,4,0,1,2000,past-avg,0.0,0.0,0.0,0.0,0.0,0.0,0.0,0.0,10
39,638,1,BASELINE,2,15,1000,nearest,1,4,0,1,2000,past-avg-revisit,0.0,0.0,0.0,0.0,0.0,0.0,0.0,0.0,10
39,638,1,BASELINE,2,15,1000,nearest,1,4,0,1,2000,past-avg-total,0.0,0.0,0.0,0.0,0.0,0.0,0.0,0.0,10
39,638,1,BASELINE,2,15,1000,nearest,1,4,0,1,2000,random,0.0,0.0,0.0,0.0,0.0,0.0,0.0,0.0,10
39,638,1,BASELINE,2,15,1000,nearest,1,4,1,1,2000,none,0.0,0.0,0.0,0.0,0.0,0.0,0.0,0.0,10
39,638,1,BASELINE,2,15,1000,nearest,1,4,1,1,2000,past-avg,0.0,0.0,0.0,0.0,0.0,0.0,0.0,0.0,10
39,638,1,BASELINE,2,15,1000,nearest,1,4,1,1,2000,past-avg-revisit,0.0,0.0,0.0,0.0,0.0,0.0,0.0,0.0,10
39,638,1,BASELINE,2,15,1000,nearest,1,4,1,1,2000,past-avg-total,0.0,0.0,0.0,0.0,0.0,0.0,0.0,0.0,10
39,638,1,BASELINE,2,15,1000,nearest,1,4,1,1,2000,random,0.0,0.0,0.0,0.0,0.0,0.0,0.0,0.0,10
39,638,1,BASELINE,2,15,2000,greedy,0,4,0,1,2000,none,0.0,0.0,0.0,0.0,0.0,0.0,0.0,0.0,10
39,638,1,BASELINE,2,15,2000,greedy,0,4,0,1,2000,past-avg,0.0,0.0,0.0,0.0,0.0,0.0,0.0,0.0,10
39,638,1,BASELINE,2,15,2000,greedy,0,4,0,1,2000,past-avg-revisit,0.0,0.0,0.0,0.0,0.0,0.0,0.0,0.0,10
39,638,1,BASELINE,2,15,2000,greedy,0,4,0,1,2000,past-avg-total,0.0,0.0,0.0,0.0,0.0,0.0,0.0,0.0,10
39,638,1,BASELINE,2,15,2000,greedy,0,4,0,1,2000,random,0.0,0.0,0.0,0.0,0.0,0.0,0.0,0.0,10
39,638,1,BASELINE,2,15,2000,greedy,0,4,1,1,2000,none,0.0,0.0,0.0,0.0,0.0,0.0,0.0,0.0,10
39,638,1,BASELINE,2,15,2000,greedy,0,4,1,1,2000,past-avg,0.0,0.0,0.0,0.0,0.0,0.0,0.0,0.0,10
39,638,1,BASELINE,2,15,2000,greedy,0,4,1,1,2000,past-avg-revisit,0.0,0.0,0.0,0.0,0.0,0.0,0.0,0.0,10
39,638,1,BASELINE,2,15,2000,greedy,0,4,1,1,2000,past-avg-total,0.0,0.0,0.0,0.0,0.0,0.0,0.0,0.0,10
39,638,1,BASELINE,2,15,2000,greedy,0,4,1,1,2000,random,0.0,0.0,0.0,0.0,0.0,0.0,0.0,0.0,10
39,638,1,BASELINE,2,15,2000,greedy,1,4,0,1,2000,none,0.0,0.0,0.0,0.0,0.0,0.0,0.0,0.0,10
39,638,1,BASELINE,2,15,2000,greedy,1,4,0,1,2000,past-avg,0.0,0.0,0.0,0.0,0.0,0.0,0.0,0.0,10
39,638,1,BASELINE,2,15,2000,greedy,1,4,0,1,2000,past-avg-revisit,0.0,0.0,0.0,0.0,0.0,0.0,0.0,0.0,10
39,638,1,BASELINE,2,15,2000,greedy,1,4,0,1,2000,past-avg-total,0.0,0.0,0.0,0.0,0.0,0.0,0.0,0.0,10
39,638,1,BASELINE,2,15,2000,greedy,1,4,0,1,2000,random,0.0,0.0,0.0,0.0,0.0,0.0,0.0,0.0,10
39,638,1,BASELINE,2,15,2000,greedy,1,4,1,1,2000,none,0.0,0.0,0.0,0.0,0.0,0.0,0.0,0.0,10
39,638,1,BASELINE,2,15,2000,greedy,1,4,1,1,2000,past-avg,0.0,0.0,0.0,0.0,0.0,0.0,0.0,0.0,10
39,638,1,BASELINE,2,15,2000,greedy,1,4,1,1,2000,past-avg-revisit,0.0,0.0,0.0,0.0,0.0,0.0,0.0,0.0,10
39,638,1,BASELINE,2,15,2000,greedy,1,4,1,1,2000,past-avg-total,0.0,0.0,0.0,0.0,0.0,0.0,0.0,0.0,10
39,638,1,BASELINE,2,15,2000,greedy,1,4,1,1,2000,random,0.0,0.0,0.0,0.0,0.0,0.0,0.0,0.0,10
39,638,1,BASELINE,2,15,2000,nearest,0,4,0,1,2000,none,0.0,0.0,0.0,0.0,0.0,0.0,0.0,0.0,10
39,638,1,BASELINE,2,15,2000,nearest,0,4,0,1,2000,past-avg,0.0,0.0,0.0,0.0,0.0,0.0,0.0,0.0,10
39,638,1,BASELINE,2,15,2000,nearest,0,4,0,1,2000,past-avg-revisit,0.0,0.0,0.0,0.0,0.0,0.0,0.0,0.0,10
39,638,1,BASELINE,2,15,2000,nearest,0,4,0,1,2000,past-avg-total,0.0,0.0,0.0,0.0,0.0,0.0,0.0,0.0,10
39,638,1,BASELINE,2,15,2000,nearest,0,4,0,1,2000,random,0.0,0.0,0.0,0.0,0.0,0.0,0.0,0.0,10
39,638,1,BASELINE,2,15,2000,nearest,0,4,1,1,2000,none,0.0,0.0,0.0,0.0,0.0,0.0,0.0,0.0,10
39,638,1,BASELINE,2,15,2000,nearest,0,4,1,1,2000,past-avg,0.0,0.0,0.0,0.0,0.0,0.0,0.0,0.0,10
39,638,1,BASELINE,2,15,2000,nearest,0,4,1,1,2000,past-avg-revisit,0.0,0.0,0.0,0.0,0.0,0.0,0.0,0.0,10
39,638,1,BASELINE,2,15,2000,nearest,0,4,1,1,2000,past-avg-total,0.0,0.0,0.0,0.0,0.0,0.0,0.0,0.0,10
39,638,1,BASELINE,2,15,2000,nearest,0,4,1,1,2000,random,0.0,0.0,0.0,0.0,0.0,0.0,0.0,0.0,10
39,638,1,BASELINE,2,15,2000,nearest,1,4,0,1,2000,none,0.0,0.0,0.0,0.0,0.0,0.0,0.0,0.0,10
39,638,1,BASELINE,2,15,2000,nearest,1,4,0,1,2000,past-avg,0.0,0.0,0.0,0.0,0.0,0.0,0.0,0.0,10
39,638,1,BASELINE,2,15,2000,nearest,1,4,0,1,2000,past-avg-revisit,0.0,0.0,0.0,0.0,0.0,0.0,0.0,0.0,10
39,638,1,BASELINE,2,15,2000,nearest,1,4,0,1,2000,past-avg-total,0.0,0.0,0.0,0.0,0.0,0.0,0.0,0.0,10
39,638,1,BASELINE,2,15,2000,nearest,1,4,0,1,2000,random,0.0,0.0,0.0,0.0,0.0,0.0,0.0,0.0,10
39,638,1,BASELINE,2,15,2000,nearest,1,4,1,1,2000,none,0.0,0.0,0.0,0.0,0.0,0.0,0.0,0.0,10
39,638,1,BASELINE,2,15,2000,nearest,1,4,1,1,2000,past-avg,0.0,0.0,0.0,0.0,0.0,0.0,0.0,0.0,10
39,638,1,BASELINE,2,15,2000,nearest,1,4,1,1,2000,past-avg-revisit,0.0,0.0,0.0,0.0,0.0,0.0,0.0,0.0,10
39,638,1,BASELINE,2,15,2000,nearest,1,4,1,1,2000,past-avg-total,0.0,0.0,0.0,0.0,0.0,0.0,0.0,0.0,10
39,638,1,BASELINE,2,15,2000,nearest,1,4,1,1,2000,random,0.0,0.0,0.0,0.0,0.0,0.0,0.0,0.0,10
39,638,1,BASELINE,2,15,3000,greedy,0,4,0,1,2000,none,0.0,0.0,0.0,0.0,0.0,0.0,0.0,0.0,10
39,638,1,BASELINE,2,15,3000,greedy,0,4,0,1,2000,past-avg,0.0,0.0,0.0,0.0,0.0,0.0,0.0,0.0,10
39,638,1,BASELINE,2,15,3000,greedy,0,4,0,1,2000,past-avg-revisit,0.0,0.0,0.0,0.0,0.0,0.0,0.0,0.0,10
39,638,1,BASELINE,2,15,3000,greedy,0,4,0,1,2000,past-avg-total,0.0,0.0,0.0,0.0,0.0,0.0,0.0,0.0,10
39,638,1,BASELINE,2,15,3000,greedy,0,4,0,1,2000,random,0.0,0.0,0.0,0.0,0.0,0.0,0.0,0.0,10
39,638,1,BASELINE,2,15,3000,greedy,0,4,1,1,2000,none,0.0,0.0,0.0,0.0,0.0,0.0,0.0,0.0,10
39,638,1,BASELINE,2,15,3000,greedy,0,4,1,1,2000,past-avg,0.0,0.0,0.0,0.0,0.0,0.0,0.0,0.0,10
39,638,1,BASELINE,2,15,3000,greedy,0,4,1,1,2000,past-avg-revisit,0.0,0.0,0.0,0.0,0.0,0.0,0.0,0.0,10
39,638,1,BASELINE,2,15,3000,greedy,0,4,1,1,2000,past-avg-total,0.0,0.0,0.0,0.0,0.0,0.0,0.0,0.0,10
39,638,1,BASELINE,2,15,3000,greedy,0,4,1,1,2000,random,0.0,0.0,0.0,0.0,0.0,0.0,0.0,0.0,10
39,638,1,BASELINE,2,15,3000,greedy,1,4,0,1,2000,none,0.0,0.0,0.0,0.0,0.0,0.0,0.0,0.0,10
39,638,1,BASELINE,2,15,3000,greedy,1,4,0,1,2000,past-avg,0.0,0.0,0.0,0.0,0.0,0.0,0.0,0.0,10
39,638,1,BASELINE,2,15,3000,greedy,1,4,0,1,2000,past-avg-revisit,0.0,0.0,0.0,0.0,0.0,0.0,0.0,0.0,10
39,638,1,BASELINE,2,15,3000,greedy,1,4,0,1,2000,past-avg-total,0.0,0.0,0.0,0.0,0.0,0.0,0.0,0.0,10
39,638,1,BASELINE,2,15,3000,greedy,1,4,0,1,2000,random,0.0,0.0,0.0,0.0,0.0,0.0,0.0,0.0,10
39,638,1,BASELINE,2,15,3000,greedy,1,4,1,1,2000,none,0.0,0.0,0.0,0.0,0.0,0.0,0.0,0.0,10
39,638,1,BASELINE,2,15,3000,greedy,1,4,1,1,2000,past-avg,0.0,0.0,0.0,0.0,0.0,0.0,0.0,0.0,10
39,638,1,BASELINE,2,15,3000,greedy,1,4,1,1,2000,past-avg-revisit,0.0,0.0,0.0,0.0,0.0,0.0,0.0,0.0,10
39,638,1,BASELINE,2,15,3000,greedy,1,4,1,1,2000,past-avg-total,0.0,0.0,0.0,0.0,0.0,0.0,0.0,0.0,10
39,638,1,BASELINE,2,15,3000,greedy,1,4,1,1,2000,random,0.0,0.0,0.0,0.0,0.0,0.0,0.0,0.0,10
39,638,1,BASELINE,2,15,3000,nearest,0,4,0,1,2000,none,0.0,0.0,0.0,0.0,0.0,0.0,0.0,0.0,10
39,638,1,BASELINE,2,15,3000,nearest,0,4,0,1,2000,past-avg,0.0,0.0,0.0,0.0,0.0,0.0,0.0,0.0,10
39,638,1,BASELINE,2,15,3000,nearest,0,4,0,1,2000,past-avg-revisit,0.0,0.0,0.0,0.0,0.0,0.0,0.0,0.0,10
39,638,1,BASELINE,2,15,3000,nearest,0,4,0,1,2000,past-avg-total,0.0,0.0,0.0,0.0,0.0,0.0,0.0,0.0,10
39,638,1,BASELINE,2,15,3000,nearest,0,4,0,1,2000,random,0.0,0.0,0.0,0.0,0.0,0.0,0.0,0.0,10
39,638,1,BASELINE,2,15,3000,nearest,0,4,1,1,2000,none,0.0,0.0,0.0,0.0,0.0,0.0,0.0,0.0,10
39,638,1,BASELINE,2,15,3000,nearest,0,4,1,1,2000,past-avg,0.0,0.0,0.0,0.0,0.0,0.0,0.0,0.0,10
39,638,1,BASELINE,2,15,3000,nearest,0,4,1,1,2000,past-avg-revisit,0.0,0.0,0.0,0.0,0.0,0.0,0.0,0.0,10
39,638,1,BASELINE,2,15,3000,nearest,0,4,1,1,2000,past-avg-total,0.0,0.0,0.0,0.0,0.0,0.0,0.0,0.0,10
39,638,1,BASELINE,2,15,3000,nearest,0,4,1,1,2000,random,0.0,0.0,0.0,0.0,0.0,0.0,0.0,0.0,10
39,638,1,BASELINE,2,15,3000,nearest,1,4,0,1,2000,none,0.0,0.0,0.0,0.0,0.0,0.0,0.0,0.0,10
39,638,1,BASELINE,2,15,3000,nearest,1,4,0,1,2000,past-avg,0.0,0.0,0.0,0.0,0.0,0.0,0.0,0.0,10
39,638,1,BASELINE,2,15,3000,nearest,1,4,0,1,2000,past-avg-revisit,0.0,0.0,0.0,0.0,0.0,0.0,0.0,0.0,10
39,638,1,BASELINE,2,15,3000,nearest,1,4,0,1,2000,past-avg-total,0.0,0.0,0.0,0.0,0.0,0.0,0.0,0.0,10
39,638,1,BASELINE,2,15,3000,nearest,1,4,0,1,2000,random,0.0,0.0,0.0,0.0,0.0,0.0,0.0,0.0,10
39,638,1,BASELINE,2,15,3000,nearest,1,4,1,1,2000,none,0.0,0.0,0.0,0.0,0.0,0.0,0.0,0.0,10
39,638,1,BASELINE,2,15,3000,nearest,1,4,1,1,2000,past-avg,0.0,0.0,0.0,0.0,0.0,0.0,0.0,0.0,10
39,638,1,BASELINE,2,15,3000,nearest,1,4,1,1,2000,past-avg-revisit,0.0,0.0,0.0,0.0,0.0,0.0,0.0,0.0,10
39,638,1,BASELINE,2,15,3000,nearest,1,4,1,1,2000,past-avg-total,0.0,0.0,0.0,0.0,0.0,0.0,0.0,0.0,10
39,638,1,BASELINE,2,15,3000,nearest,1,4,1,1,2000,random,0.0,0.0,0.0,0.0,0.0,0.0,0.0,0.0,10
39,638,1,RUSH_HOUR,0,15,1000,greedy,0,4,0,1,2000,none,0.0,0.0,0.0,0.0,0.0,0.0,0.0,0.0,10
39,638,1,RUSH_HOUR,0,15,1000,greedy,0,4,0,1,2000,past-avg,0.0,0.0,0.0,0.0,0.0,0.0,0.0,0.0,10
39,638,1,RUSH_HOUR,0,15,1000,greedy,0,4,0,1,2000,past-avg-revisit,0.0,0.0,0.0,0.0,0.0,0.0,0.0,0.0,10
39,638,1,RUSH_HOUR,0,15,1000,greedy,0,4,0,1,2000,past-avg-total,0.0,0.0,0.0,0.0,0.0,0.0,0.0,0.0,10
39,638,1,RUSH_HOUR,0,15,1000,greedy,0,4,0,1,2000,random,0.0,0.0,0.0,0.0,0.0,0.0,0.0,0.0,10
39,638,1,RUSH_HOUR,0,15,1000,greedy,0,4,1,1,2000,none,0.0,0.0,0.0,0.0,0.0,0.0,0.0,0.0,10
39,638,1,RUSH_HOUR,0,15,1000,greedy,0,4,1,1,2000,past-avg,0.0,0.0,0.0,0.0,0.0,0.0,0.0,0.0,10
39,638,1,RUSH_HOUR,0,15,1000,greedy,0,4,1,1,2000,past-avg-revisit,0.0,0.0,0.0,0.0,0.0,0.0,0.0,0.0,10
39,638,1,RUSH_HOUR,0,15,1000,greedy,0,4,1,1,2000,past-avg-total,0.0,0.0,0.0,0.0,0.0,0.0,0.0,0.0,10
39,638,1,RUSH_HOUR,0,15,1000,greedy,0,4,1,1,2000,random,0.0,0.0,0.0,0.0,0.0,0.0,0.0,0.0,10
39,638,1,RUSH_HOUR,0,15,1000,greedy,1,4,0,1,2000,none,0.0,0.0,0.0,0.0,0.0,0.0,0.0,0.0,10
39,638,1,RUSH_HOUR,0,15,1000,greedy,1,4,0,1,2000,past-avg,0.0,0.0,0.0,0.0,0.0,0.0,0.0,0.0,10
39,638,1,RUSH_HOUR,0,15,1000,greedy,1,4,0,1,2000,past-avg-revisit,0.0,0.0,0.0,0.0,0.0,0.0,0.0,0.0,10
39,638,1,RUSH_HOUR,0,15,1000,greedy,1,4,0,1,2000,past-avg-total,0.0,0.0,0.0,0.0,0.0,0.0,0.0,0.0,10
39,638,1,RUSH_HOUR,0,15,1000,greedy,1,4,0,1,2000,random,0.0,0.0,0.0,0.0,0.0,0.0,0.0,0.0,10
39,638,1,RUSH_HOUR,0,15,1000,greedy,1,4,1,1,2000,none,0.0,0.0,0.0,0.0,0.0,0.0,0.0,0.0,10
39,638,1,RUSH_HOUR,0,15,1000,greedy,1,4,1,1,2000,past-avg,0.0,0.0,0.0,0.0,0.0,0.0,0.0,0.0,10
39,638,1,RUSH_HOUR,0,15,1000,greedy,1,4,1,1,2000,past-avg-revisit,0.0,0.0,0.0,0.0,0.0,0.0,0.0,0.0,10
39,638,1,RUSH_HOUR,0,15,1000,greedy,1,4,1,1,2000,past-avg-total,0.0,0.0,0.0,0.0,0.0,0.0,0.0,0.0,10
39,638,1,RUSH_HOUR,0,15,1000,greedy,1,4,1,1,2000,random,0.0,0.0,0.0,0.0,0.0,0.0,0.0,0.0,10
39,638,1,RUSH_HOUR,0,15,1000,nearest,0,4,0,1,2000,none,0.0,0.0,0.0,0.0,0.0,0.0,0.0,0.0,10
39,638,1,RUSH_HOUR,0,15,1000,nearest,0,4,0,1,2000,past-avg,0.0,0.0,0.0,0.0,0.0,0.0,0.0,0.0,10
39,638,1,RUSH_HOUR,0,15,1000,nearest,0,4,0,1,2000,past-avg-revisit,0.0,0.0,0.0,0.0,0.0,0.0,0.0,0.0,10
39,638,1,RUSH_HOUR,0,15,1000,nearest,0,4,0,1,2000,past-avg-total,0.0,0.0,0.0,0.0,0.0,0.0,0.0,0.0,10
39,638,1,RUSH_HOUR,0,15,1000,nearest,0,4,0,1,2000,random,0.0,0.0,0.0,0.0,0.0,0.0,0.0,0.0,10
39,638,1,RUSH_HOUR,0,15,1000,nearest,0,4,1,1,2000,none,0.0,0.0,0.0,0.0,0.0,0.0,0.0,0.0,10
39,638,1,RUSH_HOUR,0,15,1000,nearest,0,4,1,1,2000,past-avg,0.0,0.0,0.0,0.0,0.0,0.0,0.0,0.0,10
39,638,1,RUSH_HOUR,0,15,1000,nearest,0,4,1,1,2000,past-avg-revisit,0.0,0.0,0.0,0.0,0.0,0.0,0.0,0.0,10
39,638,1,RUSH_HOUR,0,15,1000,nearest,0,4,1,1,2000,past-avg-total,0.0,0.0,0.0,0.0,0.0,0.0,0.0,0.0,10
39,638,1,RUSH_HOUR,0,15,1000,nearest,0,4,1,1,2000,random,0.0,0.0,0.0,0.0,0.0,0.0,0.0,0.0,10
39,638,1,RUSH_HOUR,0,15,1000,nearest,1,4,0,1,2000,none,0.0,0.0,0.0,0.0,0.0,0.0,0.0,0.0,10
39,638,1,RUSH_HOUR,0,15,1000,nearest,1,4,0,1,2000,past-avg,0.0,0.0,0.0,0.0,0.0,0.0,0.0,0.0,10
39,638,1,RUSH_HOUR,0,15,1000,nearest,1,4,0,1,2000,past-avg-revisit,0.0,0.0,0.0,0.0,0.0,0.0,0.0,0.0,10
39,638,1,RUSH_HOUR,0,15,1000,nearest,1,4,0,1,2000,past-avg-total,0.0,0.0,0.0,0.0,0.0,0.0,0.0,0.0,10
39,638,1,RUSH_HOUR,0,15,1000,nearest,1,4,0,1,2000,random,0.0,0.0,0.0,0.0,0.0,0.0,0.0,0.0,10
39,638,1,RUSH_HOUR,0,15,1000,nearest,1,4,1,1,2000,none,0.0,0.0,0.0,0.0,0.0,0.0,0.0,0.0,10
39,638,1,RUSH_HOUR,0,15,1000,nearest,1,4,1,1,2000,past-avg,0.0,0.0,0.0,0.0,0.0,0.0,0.0,0.0,10
39,638,1,RUSH_HOUR,0,15,1000,nearest,1,4,1,1,2000,past-avg-revisit,0.0,0.0,0.0,0.0,0.0,0.0,0.0,0.0,10
39,638,1,RUSH_HOUR,0,15,1000,nearest,1,4,1,1,2000,past-avg-total,0.0,0.0,0.0,0.0,0.0,0.0,0.0,0.0,10
39,638,1,RUSH_HOUR,0,15,1000,nearest,1,4,1,1,2000,random,0.0,0.0,0.0,0.0,0.0,0.0,0.0,0.0,10
39,638,1,RUSH_HOUR,0,15,2000,greedy,0,4,0,1,2000,none,0.0,0.0,0.0,0.0,0.0,0.0,0.0,0.0,10
39,638,1,RUSH_HOUR,0,15,2000,greedy,0,4,0,1,2000,past-avg,0.0,0.0,0.0,0.0,0.0,0.0,0.0,0.0,10
39,638,1,RUSH_HOUR,0,15,2000,greedy,0,4,0,1,2000,past-avg-revisit,0.0,0.0,0.0,0.0,0.0,0.0,0.0,0.0,10
39,638,1,RUSH_HOUR,0,15,2000,greedy,0,4,0,1,2000,past-avg-total,0.0,0.0,0.0,0.0,0.0,0.0,0.0,0.0,10
39,638,1,RUSH_HOUR,0,15,2000,greedy,0,4,0,1,2000,random,0.0,0.0,0.0,0.0,0.0,0.0,0.0,0.0,10
39,638,1,RUSH_HOUR,0,15,2000,greedy,0,4,1,1,2000,none,0.0,0.0,0.0,0.0,0.0,0.0,0.0,0.0,10
39,638,1,RUSH_HOUR,0,15,2000,greedy,0,4,1,1,2000,past-avg,0.0,0.0,0.0,0.0,0.0,0.0,0.0,0.0,10
39,638,1,RUSH_HOUR,0,15,2000,greedy,0,4,1,1,2000,past-avg-revisit,0.0,0.0,0.0,0.0,0.0,0.0,0.0,0.0,10
39,638,1,RUSH_HOUR,0,15,2000,greedy,0,4,1,1,2000,past-avg-total,0.0,0.0,0.0,0.0,0.0,0.0,0.0,0.0,10
39,638,1,RUSH_HOUR,0,15,2000,greedy,0,4,1,1,2000,random,0.0,0.0,0.0,0.0,0.0,0.0,0.0,0.0,10
39,638,1,RUSH_HOUR,0,15,2000,greedy,1,4,0,1,2000,none,0.0,0.0,0.0,0.0,0.0,0.0,0.0,0.0,10
39,638,1,RUSH_HOUR,0,15,2000,greedy,1,4,0,1,2000,past-avg,0.0,0.0,0.0,0.0,0.0,0.0,0.0,0.0,10
39,638,1,RUSH_HOUR,0,15,2000,greedy,1,4,0,1,2000,past-avg-revisit,0.0,0.0,0.0,0.0,0.0,0.0,0.0,0.0,10
39,638,1,RUSH_HOUR,0,15,2000,greedy,1,4,0,1,2000,past-avg-total,0.0,0.0,0.0,0.0,0.0,0.0,0.0,0.0,10
39,638,1,RUSH_HOUR,0,15,2000,greedy,1,4,0,1,2000,random,0.0,0.0,0.0,0.0,0.0,0.0,0.0,0.0,10
39,638,1,RUSH_HOUR,0,15,2000,greedy,1,4,1,1,2000,none,0.0,0.0,0.0,0.0,0.0,0.0,0.0,0.0,10
39,638,1,RUSH_HOUR,0,15,2000,greedy,1,4,1,1,2000,past-avg,0.0,0.0,0.0,0.0,0.0,0.0,0.0,0.0,10
39,638,1,RUSH_HOUR,0,15,2000,greedy,1,4,1,1,2000,past-avg-revisit,0.0,0.0,0.0,0.0,0.0,0.0,0.0,0.0,10
39,638,1,RUSH_HOUR,0,15,2000,greedy,1,4,1,1,2000,past-avg-total,0.0,0.0,0.0,0.0,0.0,0.0,0.0,0.0,10
39,638,1,RUSH_HOUR,0,15,2000,greedy,1,4,1,1,2000,random,0.0,0.0,0.0,0.0,0.0,0.0,0.0,0.0,10
39,638,1,RUSH_HOUR,0,15,2000,nearest,0,4,0,1,2000,none,0.0,0.0,0.0,0.0,0.0,0.0,0.0,0.0,10
39,638,1,RUSH_HOUR,0,15,2000,nearest,0,4,0,1,2000,past-avg,0.0,0.0,0.0,0.0,0.0,0.0,0.0,0.0,10
39,638,1,RUSH_HOUR,0,15,2000,nearest,0,4,0,1,2000,past-avg-revisit,0.0,0.0,0.0,0.0,0.0,0.0,0.0,0.0,10
39,638,1,RUSH_HOUR,0,15,2000,nearest,0,4,0,1,2000,past-avg-total,0.0,0.0,0.0,0.0,0.0,0.0,0.0,0.0,10
39,638,1,RUSH_HOUR,0,15,2000,nearest,0,4,0,1,2000,random,0.0,0.0,0.0,0.0,0.0,0.0,0.0,0.0,10
39,638,1,RUSH_HOUR,0,15,2000,nearest,0,4,1,1,2000,none,0.0,0.0,0.0,0.0,0.0,0.0,0.0,0.0,10
39,638,1,RUSH_HOUR,0,15,2000,nearest,0,4,1,1,2000,past-avg,0.0,0.0,0.0,0.0,0.0,0.0,0.0,0.0,10
39,638,1,RUSH_HOUR,0,15,2000,nearest,0,4,1,1,2000,past-avg-revisit,0.0,0.0,0.0,0.0,0.0,0.0,0.0,0.0,10
39,638,1,RUSH_HOUR,0,15,2000,nearest,0,4,1,1,2000,past-avg-total,0.0,0.0,0.0,0.0,0.0,0.0,0.0,0.0,10
39,638,1,RUSH_HOUR,0,15,2000,nearest,0,4,1,1,2000,random,0.0,0.0,0.0,0.0,0.0,0.0,0.0,0.0,10
39,638,1,RUSH_HOUR,0,15,2000,nearest,1,4,0,1,2000,none,0.0,0.0,0.0,0.0,0.0,0.0,0.0,0.0,10
39,638,1,RUSH_HOUR,0,15,2000,nearest,1,4,0,1,2000,past-avg,0.0,0.0,0.0,0.0,0.0,0.0,0.0,0.0,10
39,638,1,RUSH_HOUR,0,15,2000,nearest,1,4,0,1,2000,past-avg-revisit,0.0,0.0,0.0,0.0,0.0,0.0,0.0,0.0,10
39,638,1,RUSH_HOUR,0,15,2000,nearest,1,4,0,1,2000,past-avg-total,0.0,0.0,0.0,0.0,0.0,0.0,0.0,0.0,10
39,638,1,RUSH_HOUR,0,15,2000,nearest,1,4,0,1,2000,random,0.0,0.0,0.0,0.0,0.0,0.0,0.0,0.0,10
39,638,1,RUSH_HOUR,0,15,2000,nearest,1,4,1,1,2000,none,0.0,0.0,0.0,0.0,0.0,0.0,0.0,0.0,10
39,638,1,RUSH_HOUR,0,15,2000,nearest,1,4,1,1,2000,past-avg,0.0,0.0,0.0,0.0,0.0,0.0,0.0,0.0,10
39,638,1,RUSH_HOUR,0,15,2000,nearest,1,4,1,1,2000,past-avg-revisit,0.0,0.0,0.0,0.0,0.0,0.0,0.0,0.0,10
39,638,1,RUSH_HOUR,0,15,2000,nearest,1,4,1,1,2000,past-avg-total,0.0,0.0,0.0,0.0,0.0,0.0,0.0,0.0,10
39,638,1,RUSH_HOUR,0,15,2000,nearest,1,4,1,1,2000,random,0.0,0.0,0.0,0.0,0.0,0.0,0.0,0.0,10
39,638,1,RUSH_HOUR,0,15,3000,greedy,0,4,0,1,2000,none,0.0,0.0,0.0,0.0,0.0,0.0,0.0,0.0,10
39,638,1,RUSH_HOUR,0,15,3000,greedy,0,4,0,1,2000,past-avg,0.0,0.0,0.0,0.0,0.0,0.0,0.0,0.0,10
39,638,1,RUSH_HOUR,0,15,3000,greedy,0,4,0,1,2000,past-avg-revisit,0.0,0.0,0.0,0.0,0.0,0.0,0.0,0.0,10
39,638,1,RUSH_HOUR,0,15,3000,greedy,0,4,0,1,2000,past-avg-total,0.0,0.0,0.0,0.0,0.0,0.0,0.0,0.0,10
39,638,1,RUSH_HOUR,0,15,3000,greedy,0,4,0,1,2000,random,0.0,0.0,0.0,0.0,0.0,0.0,0.0,0.0,10
39,638,1,RUSH_HOUR,0,15,3000,greedy,0,4,1,1,2000,none,0.0,0.0,0.0,0.0,0.0,0.0,0.0,0.0,10
39,638,1,RUSH_HOUR,0,15,3000,greedy,0,4,1,1,2000,past-avg,0.0,0.0,0.0,0.0,0.0,0.0,0.0,0.0,10
39,638,1,RUSH_HOUR,0,15,3000,greedy,0,4,1,1,2000,past-avg-revisit,0.0,0.0,0.0,0.0,0.0,0.0,0.0,0.0,10
39,638,1,RUSH_HOUR,0,15,3000,greedy,0,4,1,1,2000,past-avg-total,0.0,0.0,0.0,0.0,0.0,0.0,0.0,0.0,10
39,638,1,RUSH_HOUR,0,15,3000,greedy,0,4,1,1,2000,random,0.0,0.0,0.0,0.0,0.0,0.0,0.0,0.0,10
39,638,1,RUSH_HOUR,0,15,3000,greedy,1,4,0,1,2000,none,0.0,0.0,0.0,0.0,0.0,0.0,0.0,0.0,10
39,638,1,RUSH_HOUR,0,15,3000,greedy,1,4,0,1,2000,past-avg,0.0,0.0,0.0,0.0,0.0,0.0,0.0,0.0,10
39,638,1,RUSH_HOUR,0,15,3000,greedy,1,4,0,1,2000,past-avg-revisit,0.0,0.0,0.0,0.0,0.0,0.0,0.0,0.0,10
39,638,1,RUSH_HOUR,0,15,3000,greedy,1,4,0,1,2000,past-avg-total,0.0,0.0,0.0,0.0,0.0,0.0,0.0,0.0,10
39,638,1,RUSH_HOUR,0,15,3000,greedy,1,4,0,1,2000,random,0.0,0.0,0.0,0.0,0.0,0.0,0.0,0.0,10
39,638,1,RUSH_HOUR,0,15,3000,greedy,1,4,1,1,2000,none,0.0,0.0,0.0,0.0,0.0,0.0,0.0,0.0,10
39,638,1,RUSH_HOUR,0,15,3000,greedy,1,4,1,1,2000,past-avg,0.0,0.0,0.0,0.0,0.0,0.0,0.0,0.0,10
39,638,1,RUSH_HOUR,0,15,3000,greedy,1,4,1,1,2000,past-avg-revisit,0.0,0.0,0.0,0.0,0.0,0.0,0.0,0.0,10
39,638,1,RUSH_HOUR,0,15,3000,greedy,1,4,1,1,2000,past-avg-total,0.0,0.0,0.0,0.0,0.0,0.0,0.0,0.0,10
39,638,1,RUSH_HOUR,0,15,3000,greedy,1,4,1,1,2000,random,0.0,0.0,0.0,0.0,0.0,0.0,0.0,0.0,10
39,638,1,RUSH_HOUR,0,15,3000,nearest,0,4,0,1,2000,none,0.0,0.0,0.0,0.0,0.0,0.0,0.0,0.0,10
39,638,1,RUSH_HOUR,0,15,3000,nearest,0,4,0,1,2000,past-avg,0.0,0.0,0.0,0.0,0.0,0.0,0.0,0.0,10
39,638,1,RUSH_HOUR,0,15,3000,nearest,0,4,0,1,2000,past-avg-revisit,0.0,0.0,0.0,0.0,0.0,0.0,0.0,0.0,10
39,638,1,RUSH_HOUR,0,15,3000,nearest,0,4,0,1,2000,past-avg-total,0.0,0.0,0.0,0.0,0.0,0.0,0.0,0.0,10
39,638,1,RUSH_HOUR,0,15,3000,nearest,0,4,0,1,2000,random,0.0,0.0,0.0,0.0,0.0,0.0,0.0,0.0,10
39,638,1,RUSH_HOUR,0,15,3000,nearest,0,4,1,1,2000,none,0.0,0.0,0.0,0.0,0.0,0.0,0.0,0.0,10
39,638,1,RUSH_HOUR,0,15,3000,nearest,0,4,1,1,2000,past-avg,0.0,0.0,0.0,0.0,0.0,0.0,0.0,0.0,10
39,638,1,RUSH_HOUR,0,15,3000,nearest,0,4,1,1,2000,past-avg-revisit,0.0,0.0,0.0,0.0,0.0,0.0,0.0,0.0,10
39,638,1,RUSH_HOUR,0,15,3000,nearest,0,4,1,1,2000,past-avg-total,0.0,0.0,0.0,0.0,0.0,0.0,0.0,0.0,10
39,638,1,RUSH_HOUR,0,15,3000,nearest,0,4,1,1,2000,random,0.0,0.0,0.0,0.0,0.0,0.0,0.0,0.0,10
39,638,1,RUSH_HOUR,0,15,3000,nearest,1,4,0,1,2000,none,0.0,0.0,0.0,0.0,0.0,0.0,0.0,0.0,10
39,638,1,RUSH_HOUR,0,15,3000,nearest,1,4,0,1,2000,past-avg,0.0,0.0,0.0,0.0,0.0,0.0,0.0,0.0,10
39,638,1,RUSH_HOUR,0,15,3000,nearest,1,4,0,1,2000,past-avg-revisit,0.0,0.0,0.0,0.0,0.0,0.0,0.0,0.0,10
39,638,1,RUSH_HOUR,0,15,3000,nearest,1,4,0,1,2000,past-avg-total,0.0,0.0,0.0,0.0,0.0,0.0,0.0,0.0,10
39,638,1,RUSH_HOUR,0,15,3000,nearest,1,4,0,1,2000,random,0.0,0.0,0.0,0.0,0.0,0.0,0.0,0.0,10
39,638,1,RUSH_HOUR,0,15,3000,nearest,1,4,1,1,2000,none,0.0,0.0,0.0,0.0,0.0,0.0,0.0,0.0,10
39,638,1,RUSH_HOUR,0,15,3000,nearest,1,4,1,1,2000,past-avg,0.0,0.0,0.0,0.0,0.0,0.0,0.0,0.0,10
39,638,1,RUSH_HOUR,0,15,3000,nearest,1,4,1,1,2000,past-avg-revisit,0.0,0.0,0.0,0.0,0.0,0.0,0.0,0.0,10
39,638,1,RUSH_HOUR,0,15,3000,nearest,1,4,1,1,2000,past-avg-total,0.0,0.0,0.0,0.0,0.0,0.0,0.0,0.0,10
39,638,1,RUSH_HOUR,0,15,3000,nearest,1,4,1,1,2000,random,0.0,0.0,0.0,0.0,0.0,0.0,0.0,0.0,10
39,638,1,RUSH_HOUR,1,15,1000,greedy,0,4,0,1,2000,none,0.0,0.0,0.0,0.0,0.0,0.0,0.0,0.0,10
39,638,1,RUSH_HOUR,1,15,1000,greedy,0,4,0,1,2000,past-avg,0.0,0.0,0.0,0.0,0.0,0.0,0.0,0.0,10
39,638,1,RUSH_HOUR,1,15,1000,greedy,0,4,0,1,2000,past-avg-revisit,0.0,0.0,0.0,0.0,0.0,0.0,0.0,0.0,10
39,638,1,RUSH_HOUR,1,15,1000,greedy,0,4,0,1,2000,past-avg-total,0.0,0.0,0.0,0.0,0.0,0.0,0.0,0.0,10
39,638,1,RUSH_HOUR,1,15,1000,greedy,0,4,0,1,2000,random,0.0,0.0,0.0,0.0,0.0,0.0,0.0,0.0,10
39,638,1,RUSH_HOUR,1,15,1000,greedy,0,4,1,1,2000,none,0.0,0.0,0.0,0.0,0.0,0.0,0.0,0.0,10
39,638,1,RUSH_HOUR,1,15,1000,greedy,0,4,1,1,2000,past-avg,0.0,0.0,0.0,0.0,0.0,0.0,0.0,0.0,10
39,638,1,RUSH_HOUR,1,15,1000,greedy,0,4,1,1,2000,past-avg-revisit,0.0,0.0,0.0,0.0,0.0,0.0,0.0,0.0,10
39,638,1,RUSH_HOUR,1,15,1000,greedy,0,4,1,1,2000,past-avg-total,0.0,0.0,0.0,0.0,0.0,0.0,0.0,0.0,10
39,638,1,RUSH_HOUR,1,15,1000,greedy,0,4,1,1,2000,random,0.0,0.0,0.0,0.0,0.0,0.0,0.0,0.0,10
39,638,1,RUSH_HOUR,1,15,1000,greedy,1,4,0,1,2000,none,0.0,0.0,0.0,0.0,0.0,0.0,0.0,0.0,10
39,638,1,RUSH_HOUR,1,15,1000,greedy,1,4,0,1,2000,past-avg,0.0,0.0,0.0,0.0,0.0,0.0,0.0,0.0,10
39,638,1,RUSH_HOUR,1,15,1000,greedy,1,4,0,1,2000,past-avg-revisit,0.0,0.0,0.0,0.0,0.0,0.0,0.0,0.0,10
39,638,1,RUSH_HOUR,1,15,1000,greedy,1,4,0,1,2000,past-avg-total,0.0,0.0,0.0,0.0,0.0,0.0,0.0,0.0,10
39,638,1,RUSH_HOUR,1,15,1000,greedy,1,4,0,1,2000,random,0.0,0.0,0.0,0.0,0.0,0.0,0.0,0.0,10
39,638,1,RUSH_HOUR,1,15,1000,greedy,1,4,1,1,2000,none,0.0,0.0,0.0,0.0,0.0,0.0,0.0,0.0,10
39,638,1,RUSH_HOUR,1,15,1000,greedy,1,4,1,1,2000,past-avg,0.0,0.0,0.0,0.0,0.0,0.0,0.0,0.0,10
39,638,1,RUSH_HOUR,1,15,1000,greedy,1,4,1,1,2000,past-avg-revisit,0.0,0.0,0.0,0.0,0.0,0.0,0.0,0.0,10
39,638,1,RUSH_HOUR,1,15,1000,greedy,1,4,1,1,2000,past-avg-total,0.0,0.0,0.0,0.0,0.0,0.0,0.0,0.0,10
39,638,1,RUSH_HOUR,1,15,1000,greedy,1,4,1,1,2000,random,0.0,0.0,0.0,0.0,0.0,0.0,0.0,0.0,10
39,638,1,RUSH_HOUR,1,15,1000,nearest,0,4,0,1,2000,none,0.0,0.0,0.0,0.0,0.0,0.0,0.0,0.0,10
39,638,1,RUSH_HOUR,1,15,1000,nearest,0,4,0,1,2000,past-avg,0.0,0.0,0.0,0.0,0.0,0.0,0.0,0.0,10
39,638,1,RUSH_HOUR,1,15,1000,nearest,0,4,0,1,2000,past-avg-revisit,0.0,0.0,0.0,0.0,0.0,0.0,0.0,0.0,10
39,638,1,RUSH_HOUR,1,15,1000,nearest,0,4,0,1,2000,past-avg-total,0.0,0.0,0.0,0.0,0.0,0.0,0.0,0.0,10
39,638,1,RUSH_HOUR,1,15,1000,nearest,0,4,0,1,2000,random,0.0,0.0,0.0,0.0,0.0,0.0,0.0,0.0,10
39,638,1,RUSH_HOUR,1,15,1000,nearest,0,4,1,1,2000,none,0.0,0.0,0.0,0.0,0.0,0.0,0.0,0.0,10
39,638,1,RUSH_HOUR,1,15,1000,nearest,0,4,1,1,2000,past-avg,0.0,0.0,0.0,0.0,0.0,0.0,0.0,0.0,10
39,638,1,RUSH_HOUR,1,15,1000,nearest,0,4,1,1,2000,past-avg-revisit,0.0,0.0,0.0,0.0,0.0,0.0,0.0,0.0,10
39,638,1,RUSH_HOUR,1,15,1000,nearest,0,4,1,1,2000,past-avg-total,0.0,0.0,0.0,0.0,0.0,0.0,0.0,0.0,10
39,638,1,RUSH_HOUR,1,15,1000,nearest,0,4,1,1,2000,random,0.0,0.0,0.0,0.0,0.0,0.0,0.0,0.0,10
39,638,1,RUSH_HOUR,1,15,1000,nearest,1,4,0,1,2000,none,0.0,0.0,0.0,0.0,0.0,0.0,0.0,0.0,10
39,638,1,RUSH_HOUR,1,15,1000,nearest,1,4,0,1,2000,past-avg,0.0,0.0,0.0,0.0,0.0,0.0,0.0,0.0,10
39,638,1,RUSH_HOUR,1,15,1000,nearest,1,4,0,1,2000,past-avg-revisit,0.0,0.0,0.0,0.0,0.0,0.0,0.0,0.0,10
39,638,1,RUSH_HOUR,1,15,1000,nearest,1,4,0,1,2000,past-avg-total,0.0,0.0,0.0,0.0,0.0,0.0,0.0,0.0,10
39,638,1,RUSH_HOUR,1,15,1000,nearest,1,4,0,1,2000,random,0.0,0.0,0.0,0.0,0.0,0.0,0.0,0.0,10
39,638,1,RUSH_HOUR,1,15,1000,nearest,1,4,1,1,2000,none,0.0,0.0,0.0,0.0,0.0,0.0,0.0,0.0,10
39,638,1,RUSH_HOUR,1,15,1000,nearest,1,4,1,1,2000,past-avg,0.0,0.0,0.0,0.0,0.0,0.0,0.0,0.0,10
39,638,1,RUSH_HOUR,1,15,1000,nearest,1,4,1,1,2000,past-avg-revisit,0.0,0.0,0.0,0.0,0.0,0.0,0.0,0.0,10
39,638,1,RUSH_HOUR,1,15,1000,nearest,1,4,1,1,2000,past-avg-total,0.0,0.0,0.0,0.0,0.0,0.0,0.0,0.0,10
39,638,1,RUSH_HOUR,1,15,1000,nearest,1,4,1,1,2000,random,0.0,0.0,0.0,0.0,0.0,0.0,0.0,0.0,10
39,638,1,RUSH_HOUR,1,15,2000,greedy,0,4,0,1,2000,none,0.0,0.0,0.0,0.0,0.0,0.0,0.0,0.0,10
39,638,1,RUSH_HOUR,1,15,2000,greedy,0,4,0,1,2000,past-avg,0.0,0.0,0.0,0.0,0.0,0.0,0.0,0.0,10
39,638,1,RUSH_HOUR,1,15,2000,greedy,0,4,0,1,2000,past-avg-revisit,0.0,0.0,0.0,0.0,0.0,0.0,0.0,0.0,10
39,638,1,RUSH_HOUR,1,15,2000,greedy,0,4,0,1,2000,past-avg-total,0.0,0.0,0.0,0.0,0.0,0.0,0.0,0.0,10
39,638,1,RUSH_HOUR,1,15,2000,greedy,0,4,0,1,2000,random,0.0,0.0,0.0,0.0,0.0,0.0,0.0,0.0,10
39,638,1,RUSH_HOUR,1,15,2000,greedy,0,4,1,1,2000,none,0.0,0.0,0.0,0.0,0.0,0.0,0.0,0.0,10
39,638,1,RUSH_HOUR,1,15,2000,greedy,0,4,1,1,2000,past-avg,0.0,0.0,0.0,0.0,0.0,0.0,0.0,0.0,10
39,638,1,RUSH_HOUR,1,15,2000,greedy,0,4,1,1,2000,past-avg-revisit,0.0,0.0,0.0,0.0,0.0,0.0,0.0,0.0,10
39,638,1,RUSH_HOUR,1,15,2000,greedy,0,4,1,1,2000,past-avg-total,0.0,0.0,0.0,0.0,0.0,0.0,0.0,0.0,10
39,638,1,RUSH_HOUR,1,15,2000,greedy,0,4,1,1,2000,random,0.0,0.0,0.0,0.0,0.0,0.0,0.0,0.0,10
39,638,1,RUSH_HOUR,1,15,2000,greedy,1,4,0,1,2000,none,0.0,0.0,0.0,0.0,0.0,0.0,0.0,0.0,10
39,638,1,RUSH_HOUR,1,15,2000,greedy,1,4,0,1,2000,past-avg,0.0,0.0,0.0,0.0,0.0,0.0,0.0,0.0,10
39,638,1,RUSH_HOUR,1,15,2000,greedy,1,4,0,1,2000,past-avg-revisit,0.0,0.0,0.0,0.0,0.0,0.0,0.0,0.0,10
39,638,1,RUSH_HOUR,1,15,2000,greedy,1,4,0,1,2000,past-avg-total,0.0,0.0,0.0,0.0,0.0,0.0,0.0,0.0,10
39,638,1,RUSH_HOUR,1,15,2000,greedy,1,4,0,1,2000,random,0.0,0.0,0.0,0.0,0.0,0.0,0.0,0.0,10
39,638,1,RUSH_HOUR,1,15,2000,greedy,1,4,1,1,2000,none,0.0,0.0,0.0,0.0,0.0,0.0,0.0,0.0,10
39,638,1,RUSH_HOUR,1,15,2000,greedy,1,4,1,1,2000,past-avg,0.0,0.0,0.0,0.0,0.0,0.0,0.0,0.0,10
39,638,1,RUSH_HOUR,1,15,2000,greedy,1,4,1,1,2000,past-avg-revisit,0.0,0.0,0.0,0.0,0.0,0.0,0.0,0.0,10
39,638,1,RUSH_HOUR,1,15,2000,greedy,1,4,1,1,2000,past-avg-total,0.0,0.0,0.0,0.0,0.0,0.0,0.0,0.0,10
39,638,1,RUSH_HOUR,1,15,2000,greedy,1,4,1,1,2000,random,0.0,0.0,0.0,0.0,0.0,0.0,0.0,0.0,10
39,638,1,RUSH_HOUR,1,15,2000,nearest,0,4,0,1,2000,none,0.0,0.0,0.0,0.0,0.0,0.0,0.0,0.0,10
39,638,1,RUSH_HOUR,1,15,2000,nearest,0,4,0,1,2000,past-avg,0.0,0.0,0.0,0.0,0.0,0.0,0.0,0.0,10
39,638,1,RUSH_HOUR,1,15,2000,nearest,0,4,0,1,2000,past-avg-revisit,0.0,0.0,0.0,0.0,0.0,0.0,0.0,0.0,10
39,638,1,RUSH_HOUR,1,15,2000,nearest,0,4,0,1,2000,past-avg-total,0.0,0.0,0.0,0.0,0.0,0.0,0.0,0.0,10
39,638,1,RUSH_HOUR,1,15,2000,nearest,0,4,0,1,2000,random,0.0,0.0,0.0,0.0,0.0,0.0,0.0,0.0,10
39,638,1,RUSH_HOUR,1,15,2000,nearest,0,4,1,1,2000,none,0.0,0.0,0.0,0.0,0.0,0.0,0.0,0.0,10
39,638,1,RUSH_HOUR,1,15,2000,nearest,0,4,1,1,2000,past-avg,0.0,0.0,0.0,0.0,0.0,0.0,0.0,0.0,10
39,638,1,RUSH_HOUR,1,15,2000,nearest,0,4,1,1,2000,past-avg-revisit,0.0,0.0,0.0,0.0,0.0,0.0,0.0,0.0,10
39,638,1,RUSH_HOUR,1,15,2000,nearest,0,4,1,1,2000,past-avg-total,0.0,0.0,0.0,0.0,0.0,0.0,0.0,0.0,10
39,638,1,RUSH_HOUR,1,15,2000,nearest,0,4,1,1,2000,random,0.0,0.0,0.0,0.0,0.0,0.0,0.0,0.0,10
39,638,1,RUSH_HOUR,1,15,2000,nearest,1,4,0,1,2000,none,0.0,0.0,0.0,0.0,0.0,0.0,0.0,0.0,10
39,638,1,RUSH_HOUR,1,15,2000,nearest,1,4,0,1,2000,past-avg,0.0,0.0,0.0,0.0,0.0,0.0,0.0,0.0,10
39,638,1,RUSH_HOUR,1,15,2000,nearest,1,4,0,1,2000,past-avg-revisit,0.0,0.0,0.0,0.0,0.0,0.0,0.0,0.0,10
39,638,1,RUSH_HOUR,1,15,2000,nearest,1,4,0,1,2000,past-avg-total,0.0,0.0,0.0,0.0,0.0,0.0,0.0,0.0,10
39,638,1,RUSH_HOUR,1,15,2000,nearest,1,4,0,1,2000,random,0.0,0.0,0.0,0.0,0.0,0.0,0.0,0.0,10
39,638,1,RUSH_HOUR,1,15,2000,nearest,1,4,1,1,2000,none,0.0,0.0,0.0,0.0,0.0,0.0,0.0,0.0,10
39,638,1,RUSH_HOUR,1,15,2000,nearest,1,4,1,1,2000,past-avg,0.0,0.0,0.0,0.0,0.0,0.0,0.0,0.0,10
39,638,1,RUSH_HOUR,1,15,2000,nearest,1,4,1,1,2000,past-avg-revisit,0.0,0.0,0.0,0.0,0.0,0.0,0.0,0.0,10
39,638,1,RUSH_HOUR,1,15,2000,nearest,1,4,1,1,2000,past-avg-total,0.0,0.0,0.0,0.0,0.0,0.0,0.0,0.0,10
39,638,1,RUSH_HOUR,1,15,2000,nearest,1,4,1,1,2000,random,0.0,0.0,0.0,0.0,0.0,0.0,0.0,0.0,10
39,638,1,RUSH_HOUR,1,15,3000,greedy,0,4,0,1,2000,none,0.0,0.0,0.0,0.0,0.0,0.0,0.0,0.0,10
39,638,1,RUSH_HOUR,1,15,3000,greedy,0,4,0,1,2000,past-avg,0.0,0.0,0.0,0.0,0.0,0.0,0.0,0.0,10
39,638,1,RUSH_HOUR,1,15,3000,greedy,0,4,0,1,2000,past-avg-revisit,0.0,0.0,0.0,0.0,0.0,0.0,0.0,0.0,10
39,638,1,RUSH_HOUR,1,15,3000,greedy,0,4,0,1,2000,past-avg-total,0.0,0.0,0.0,0.0,0.0,0.0,0.0,0.0,10
39,638,1,RUSH_HOUR,1,15,3000,greedy,0,4,0,1,2000,random,0.0,0.0,0.0,0.0,0.0,0.0,0.0,0.0,10
39,638,1,RUSH_HOUR,1,15,3000,greedy,0,4,1,1,2000,none,0.0,0.0,0.0,0.0,0.0,0.0,0.0,0.0,10
39,638,1,RUSH_HOUR,1,15,3000,greedy,0,4,1,1,2000,past-avg,0.0,0.0,0.0,0.0,0.0,0.0,0.0,0.0,10
39,638,1,RUSH_HOUR,1,15,3000,greedy,0,4,1,1,2000,past-avg-revisit,0.0,0.0,0.0,0.0,0.0,0.0,0.0,0.0,10
39,638,1,RUSH_HOUR,1,15,3000,greedy,0,4,1,1,2000,past-avg-total,0.0,0.0,0.0,0.0,0.0,0.0,0.0,0.0,10
39,638,1,RUSH_HOUR,1,15,3000,greedy,0,4,1,1,2000,random,0.0,0.0,0.0,0.0,0.0,0.0,0.0,0.0,10
39,638,1,RUSH_HOUR,1,15,3000,greedy,1,4,0,1,2000,none,0.0,0.0,0.0,0.0,0.0,0.0,0.0,0.0,10
39,638,1,RUSH_HOUR,1,15,3000,greedy,1,4,0,1,2000,past-avg,0.0,0.0,0.0,0.0,0.0,0.0,0.0,0.0,10
39,638,1,RUSH_HOUR,1,15,3000,greedy,1,4,0,1,2000,past-avg-revisit,0.0,0.0,0.0,0.0,0.0,0.0,0.0,0.0,10
39,638,1,RUSH_HOUR,1,15,3000,greedy,1,4,0,1,2000,past-avg-total,0.0,0.0,0.0,0.0,0.0,0.0,0.0,0.0,10
39,638,1,RUSH_HOUR,1,15,3000,greedy,1,4,0,1,2000,random,0.0,0.0,0.0,0.0,0.0,0.0,0.0,0.0,10
39,638,1,RUSH_HOUR,1,15,3000,greedy,1,4,1,1,2000,none,0.0,0.0,0.0,0.0,0.0,0.0,0.0,0.0,10
39,638,1,RUSH_HOUR,1,15,3000,greedy,1,4,1,1,2000,past-avg,0.0,0.0,0.0,0.0,0.0,0.0,0.0,0.0,10
39,638,1,RUSH_HOUR,1,15,3000,greedy,1,4,1,1,2000,past-avg-revisit,0.0,0.0,0.0,0.0,0.0,0.0,0.0,0.0,10
39,638,1,RUSH_HOUR,1,15,3000,greedy,1,4,1,1,2000,past-avg-total,0.0,0.0,0.0,0.0,0.0,0.0,0.0,0.0,10
39,638,1,RUSH_HOUR,1,15,3000,greedy,1,4,1,1,2000,random,0.0,0.0,0.0,0.0,0.0,0.0,0.0,0.0,10
39,638,1,RUSH_HOUR,1,15,3000,nearest,0,4,0,1,2000,none,0.0,0.0,0.0,0.0,0.0,0.0,0.0,0.0,10
39,638,1,RUSH_HOUR,1,15,3000,nearest,0,4,0,1,2000,past-avg,0.0,0.0,0.0,0.0,0.0,0.0,0.0,0.0,10
39,638,1,RUSH_HOUR,1,15,3000,nearest,0,4,0,1,2000,past-avg-revisit,0.0,0.0,0.0,0.0,0.0,0.0,0.0,0.0,10
39,638,1,RUSH_HOUR,1,15,3000,nearest,0,4,0,1,2000,past-avg-total,0.0,0.0,0.0,0.0,0.0,0.0,0.0,0.0,10
39,638,1,RUSH_HOUR,1,15,3000,nearest,0,4,0,1,2000,random,0.0,0.0,0.0,0.0,0.0,0.0,0.0,0.0,10
39,638,1,RUSH_HOUR,1,15,3000,nearest,0,4,1,1,2000,none,0.0,0.0,0.0,0.0,0.0,0.0,0.0,0.0,10
39,638,1,RUSH_HOUR,1,15,3000,nearest,0,4,1,1,2000,past-avg,0.0,0.0,0.0,0.0,0.0,0.0,0.0,0.0,10
39,638,1,RUSH_HOUR,1,15,3000,nearest,0,4,1,1,2000,past-avg-revisit,0.0,0.0,0.0,0.0,0.0,0.0,0.0,0.0,10
39,638,1,RUSH_HOUR,1,15,3000,nearest,0,4,1,1,2000,past-avg-total,0.0,0.0,0.0,0.0,0.0,0.0,0.0,0.0,10
39,638,1,RUSH_HOUR,1,15,3000,nearest,0,4,1,1,2000,random,0.0,0.0,0.0,0.0,0.0,0.0,0.0,0.0,10
39,638,1,RUSH_HOUR,1,15,3000,nearest,1,4,0,1,2000,none,0.0,0.0,0.0,0.0,0.0,0.0,0.0,0.0,10
39,638,1,RUSH_HOUR,1,15,3000,nearest,1,4,0,1,2000,past-avg,0.0,0.0,0.0,0.0,0.0,0.0,0.0,0.0,10
39,638,1,RUSH_HOUR,1,15,3000,nearest,1,4,0,1,2000,past-avg-revisit,0.0,0.0,0.0,0.0,0.0,0.0,0.0,0.0,10
39,638,1,RUSH_HOUR,1,15,3000,nearest,1,4,0,1,2000,past-avg-total,0.0,0.0,0.0,0.0,0.0,0.0,0.0,0.0,10
39,638,1,RUSH_HOUR,1,15,3000,nearest,1,4,0,1,2000,random,0.0,0.0,0.0,0.0,0.0,0.0,0.0,0.0,10
39,638,1,RUSH_HOUR,1,15,3000,nearest,1,4,1,1,2000,none,0.0,0.0,0.0,0.0,0.0,0.0,0.0,0.0,10
39,638,1,RUSH_HOUR,1,15,3000,nearest,1,4,1,1,2000,past-avg,0.0,0.0,0.0,0.0,0.0,0.0,0.0,0.0,10
39,638,1,RUSH_HOUR,1,15,3000,nearest,1,4,1,1,2000,past-avg-revisit,0.0,0.0,0.0,0.0,0.0,0.0,0.0,0.0,10
39,638,1,RUSH_HOUR,1,15,3000,nearest,1,4,1,1,2000,past-avg-total,0.0,0.0,0.0,0.0,0.0,0.0,0.0,0.0,10
39,638,1,RUSH_HOUR,1,15,3000,nearest,1,4,1,1,2000,random,0.0,0.0,0.0,0.0,0.0,0.0,0.0,0.0,10
39,638,1,RUSH_HOUR,2,15,1000,greedy,0,4,0,1,2000,none,0.0,0.0,0.0,0.0,0.0,0.0,0.0,0.0,10
39,638,1,RUSH_HOUR,2,15,1000,greedy,0,4,0,1,2000,past-avg,0.0,0.0,0.0,0.0,0.0,0.0,0.0,0.0,10
39,638,1,RUSH_HOUR,2,15,1000,greedy,0,4,0,1,2000,past-avg-revisit,0.0,0.0,0.0,0.0,0.0,0.0,0.0,0.0,10
39,638,1,RUSH_HOUR,2,15,1000,greedy,0,4,0,1,2000,past-avg-total,0.0,0.0,0.0,0.0,0.0,0.0,0.0,0.0,10
39,638,1,RUSH_HOUR,2,15,1000,greedy,0,4,0,1,2000,random,0.0,0.0,0.0,0.0,0.0,0.0,0.0,0.0,10
39,638,1,RUSH_HOUR,2,15,1000,greedy,0,4,1,1,2000,none,0.0,0.0,0.0,0.0,0.0,0.0,0.0,0.0,10
39,638,1,RUSH_HOUR,2,15,1000,greedy,0,4,1,1,2000,past-avg,0.0,0.0,0.0,0.0,0.0,0.0,0.0,0.0,10
39,638,1,RUSH_HOUR,2,15,1000,greedy,0,4,1,1,2000,past-avg-revisit,0.0,0.0,0.0,0.0,0.0,0.0,0.0,0.0,10
39,638,1,RUSH_HOUR,2,15,1000,greedy,0,4,1,1,2000,past-avg-total,0.0,0.0,0.0,0.0,0.0,0.0,0.0,0.0,10
39,638,1,RUSH_HOUR,2,15,1000,greedy,0,4,1,1,2000,random,0.0,0.0,0.0,0.0,0.0,0.0,0.0,0.0,10
39,638,1,RUSH_HOUR,2,15,1000,greedy,1,4,0,1,2000,none,0.0,0.0,0.0,0.0,0.0,0.0,0.0,0.0,10
39,638,1,RUSH_HOUR,2,15,1000,greedy,1,4,0,1,2000,past-avg,0.0,0.0,0.0,0.0,0.0,0.0,0.0,0.0,10
39,638,1,RUSH_HOUR,2,15,1000,greedy,1,4,0,1,2000,past-avg-revisit,0.0,0.0,0.0,0.0,0.0,0.0,0.0,0.0,10
39,638,1,RUSH_HOUR,2,15,1000,greedy,1,4,0,1,2000,past-avg-total,0.0,0.0,0.0,0.0,0.0,0.0,0.0,0.0,10
39,638,1,RUSH_HOUR,2,15,1000,greedy,1,4,0,1,2000,random,0.0,0.0,0.0,0.0,0.0,0.0,0.0,0.0,10
39,638,1,RUSH_HOUR,2,15,1000,greedy,1,4,1,1,2000,none,0.0,0.0,0.0,0.0,0.0,0.0,0.0,0.0,10
39,638,1,RUSH_HOUR,2,15,1000,greedy,1,4,1,1,2000,past-avg,0.0,0.0,0.0,0.0,0.0,0.0,0.0,0.0,10
39,638,1,RUSH_HOUR,2,15,1000,greedy,1,4,1,1,2000,past-avg-revisit,0.0,0.0,0.0,0.0,0.0,0.0,0.0,0.0,10
39,638,1,RUSH_HOUR,2,15,1000,greedy,1,4,1,1,2000,past-avg-total,0.0,0.0,0.0,0.0,0.0,0.0,0.0,0.0,10
39,638,1,RUSH_HOUR,2,15,1000,greedy,1,4,1,1,2000,random,0.0,0.0,0.0,0.0,0.0,0.0,0.0,0.0,10
39,638,1,RUSH_HOUR,2,15,1000,nearest,0,4,0,1,2000,none,0.0,0.0,0.0,0.0,0.0,0.0,0.0,0.0,10
39,638,1,RUSH_HOUR,2,15,1000,nearest,0,4,0,1,2000,past-avg,0.0,0.0,0.0,0.0,0.0,0.0,0.0,0.0,10
39,638,1,RUSH_HOUR,2,15,1000,nearest,0,4,0,1,2000,past-avg-revisit,0.0,0.0,0.0,0.0,0.0,0.0,0.0,0.0,10
39,638,1,RUSH_HOUR,2,15,1000,nearest,0,4,0,1,2000,past-avg-total,0.0,0.0,0.0,0.0,0.0,0.0,0.0,0.0,10
39,638,1,RUSH_HOUR,2,15,1000,nearest,0,4,0,1,2000,random,0.0,0.0,0.0,0.0,0.0,0.0,0.0,0.0,10
39,638,1,RUSH_HOUR,2,15,1000,nearest,0,4,1,1,2000,none,0.0,0.0,0.0,0.0,0.0,0.0,0.0,0.0,10
39,638,1,RUSH_HOUR,2,15,1000,nearest,0,4,1,1,2000,past-avg,0.0,0.0,0.0,0.0,0.0,0.0,0.0,0.0,10
39,638,1,RUSH_HOUR,2,15,1000,nearest,0,4,1,1,2000,past-avg-revisit,0.0,0.0,0.0,0.0,0.0,0.0,0.0,0.0,10
39,638,1,RUSH_HOUR,2,15,1000,nearest,0,4,1,1,2000,past-avg-total,0.0,0.0,0.0,0.0,0.0,0.0,0.0,0.0,10
39,638,1,RUSH_HOUR,2,15,1000,nearest,0,4,1,1,2000,random,0.0,0.0,0.0,0.0,0.0,0.0,0.0,0.0,10
39,638,1,RUSH_HOUR,2,15,1000,nearest,1,4,0,1,2000,none,0.0,0.0,0.0,0.0,0.0,0.0,0.0,0.0,10
39,638,1,RUSH_HOUR,2,15,1000,nearest,1,4,0,1,2000,past-avg,0.0,0.0,0.0,0.0,0.0,0.0,0.0,0.0,10
39,638,1,RUSH_HOUR,2,15,1000,nearest,1,4,0,1,2000,past-avg-revisit,0.0,0.0,0.0,0.0,0.0,0.0,0.0,0.0,10
39,638,1,RUSH_HOUR,2,15,1000,nearest,1,4,0,1,2000,past-avg-total,0.0,0.0,0.0,0.0,0.0,0.0,0.0,0.0,10
39,638,1,RUSH_HOUR,2,15,1000,nearest,1,4,0,1,2000,random,0.0,0.0,0.0,0.0,0.0,0.0,0.0,0.0,10
39,638,1,RUSH_HOUR,2,15,1000,nearest,1,4,1,1,2000,none,0.0,0.0,0.0,0.0,0.0,0.0,0.0,0.0,10
39,638,1,RUSH_HOUR,2,15,1000,nearest,1,4,1,1,2000,past-avg,0.0,0.0,0.0,0.0,0.0,0.0,0.0,0.0,10
39,638,1,RUSH_HOUR,2,15,1000,nearest,1,4,1,1,2000,past-avg-revisit,0.0,0.0,0.0,0.0,0.0,0.0,0.0,0.0,10
39,638,1,RUSH_HOUR,2,15,1000,nearest,1,4,1,1,2000,past-avg-total,0.0,0.0,0.0,0.0,0.0,0.0,0.0,0.0,10
39,638,1,RUSH_HOUR,2,15,1000,nearest,1,4,1,1,2000,random,0.0,0.0,0.0,0.0,0.0,0.0,0.0,0.0,10
39,638,1,RUSH_HOUR,2,15,2000,greedy,0,4,0,1,2000,none,0.0,0.0,0.0,0.0,0.0,0.0,0.0,0.0,10
39,638,1,RUSH_HOUR,2,15,2000,greedy,0,4,0,1,2000,past-avg,0.0,0.0,0.0,0.0,0.0,0.0,0.0,0.0,10
39,638,1,RUSH_HOUR,2,15,2000,greedy,0,4,0,1,2000,past-avg-revisit,0.0,0.0,0.0,0.0,0.0,0.0,0.0,0.0,10
39,638,1,RUSH_HOUR,2,15,2000,greedy,0,4,0,1,2000,past-avg-total,0.0,0.0,0.0,0.0,0.0,0.0,0.0,0.0,10
39,638,1,RUSH_HOUR,2,15,2000,greedy,0,4,0,1,2000,random,0.0,0.0,0.0,0.0,0.0,0.0,0.0,0.0,10
39,638,1,RUSH_HOUR,2,15,2000,greedy,0,4,1,1,2000,none,0.0,0.0,0.0,0.0,0.0,0.0,0.0,0.0,10
39,638,1,RUSH_HOUR,2,15,2000,greedy,0,4,1,1,2000,past-avg,0.0,0.0,0.0,0.0,0.0,0.0,0.0,0.0,10
39,638,1,RUSH_HOUR,2,15,2000,greedy,0,4,1,1,2000,past-avg-revisit,0.0,0.0,0.0,0.0,0.0,0.0,0.0,0.0,10
39,638,1,RUSH_HOUR,2,15,2000,greedy,0,4,1,1,2000,past-avg-total,0.0,0.0,0.0,0.0,0.0,0.0,0.0,0.0,10
39,638,1,RUSH_HOUR,2,15,2000,greedy,0,4,1,1,2000,random,0.0,0.0,0.0,0.0,0.0,0.0,0.0,0.0,10
39,638,1,RUSH_HOUR,2,15,2000,greedy,1,4,0,1,2000,none,0.0,0.0,0.0,0.0,0.0,0.0,0.0,0.0,10
39,638,1,RUSH_HOUR,2,15,2000,greedy,1,4,0,1,2000,past-avg,0.0,0.0,0.0,0.0,0.0,0.0,0.0,0.0,10
39,638,1,RUSH_HOUR,2,15,2000,greedy,1,4,0,1,2000,past-avg-revisit,0.0,0.0,0.0,0.0,0.0,0.0,0.0,0.0,10
39,638,1,RUSH_HOUR,2,15,2000,greedy,1,4,0,1,2000,past-avg-total,0.0,0.0,0.0,0.0,0.0,0.0,0.0,0.0,10
39,638,1,RUSH_HOUR,2,15,2000,greedy,1,4,0,1,2000,random,0.0,0.0,0.0,0.0,0.0,0.0,0.0,0.0,10
39,638,1,RUSH_HOUR,2,15,2000,greedy,1,4,1,1,2000,none,0.0,0.0,0.0,0.0,0.0,0.0,0.0,0.0,10
39,638,1,RUSH_HOUR,2,15,2000,greedy,1,4,1,1,2000,past-avg,0.0,0.0,0.0,0.0,0.0,0.0,0.0,0.0,10
39,638,1,RUSH_HOUR,2,15,2000,greedy,1,4,1,1,2000,past-avg-revisit,0.0,0.0,0.0,0.0,0.0,0.0,0.0,0.0,10
39,638,1,RUSH_HOUR,2,15,2000,greedy,1,4,1,1,2000,past-avg-total,0.0,0.0,0.0,0.0,0.0,0.0,0.0,0.0,10
39,638,1,RUSH_HOUR,2,15,2000,greedy,1,4,1,1,2000,random,0.0,0.0,0.0,0.0,0.0,0.0,0.0,0.0,10
39,638,1,RUSH_HOUR,2,15,2000,nearest,0,4,0,1,2000,none,0.0,0.0,0.0,0.0,0.0,0.0,0.0,0.0,10
39,638,1,RUSH_HOUR,2,15,2000,nearest,0,4,0,1,2000,past-avg,0.0,0.0,0.0,0.0,0.0,0.0,0.0,0.0,10
39,638,1,RUSH_HOUR,2,15,2000,nearest,0,4,0,1,2000,past-avg-revisit,0.0,0.0,0.0,0.0,0.0,0.0,0.0,0.0,10
39,638,1,RUSH_HOUR,2,15,2000,nearest,0,4,0,1,2000,past-avg-total,0.0,0.0,0.0,0.0,0.0,0.0,0.0,0.0,10
39,638,1,RUSH_HOUR,2,15,2000,nearest,0,4,0,1,2000,random,0.0,0.0,0.0,0.0,0.0,0.0,0.0,0.0,10
39,638,1,RUSH_HOUR,2,15,2000,nearest,0,4,1,1,2000,none,0.0,0.0,0.0,0.0,0.0,0.0,0.0,0.0,10
39,638,1,RUSH_HOUR,2,15,2000,nearest,0,4,1,1,2000,past-avg,0.0,0.0,0.0,0.0,0.0,0.0,0.0,0.0,10
39,638,1,RUSH_HOUR,2,15,2000,nearest,0,4,1,1,2000,past-avg-revisit,0.0,0.0,0.0,0.0,0.0,0.0,0.0,0.0,10
39,638,1,RUSH_HOUR,2,15,2000,nearest,0,4,1,1,2000,past-avg-total,0.0,0.0,0.0,0.0,0.0,0.0,0.0,0.0,10
39,638,1,RUSH_HOUR,2,15,2000,nearest,0,4,1,1,2000,random,0.0,0.0,0.0,0.0,0.0,0.0,0.0,0.0,10
39,638,1,RUSH_HOUR,2,15,2000,nearest,1,4,0,1,2000,none,0.0,0.0,0.0,0.0,0.0,0.0,0.0,0.0,10
39,638,1,RUSH_HOUR,2,15,2000,nearest,1,4,0,1,2000,past-avg,0.0,0.0,0.0,0.0,0.0,0.0,0.0,0.0,10
39,638,1,RUSH_HOUR,2,15,2000,nearest,1,4,0,1,2000,past-avg-revisit,0.0,0.0,0.0,0.0,0.0,0.0,0.0,0.0,10
39,638,1,RUSH_HOUR,2,15,2000,nearest,1,4,0,1,2000,past-avg-total,0.0,0.0,0.0,0.0,0.0,0.0,0.0,0.0,10
39,638,1,RUSH_HOUR,2,15,2000,nearest,1,4,0,1,2000,random,0.0,0.0,0.0,0.0,0.0,0.0,0.0,0.0,10
39,638,1,RUSH_HOUR,2,15,2000,nearest,1,4,1,1,2000,none,0.0,0.0,0.0,0.0,0.0,0.0,0.0,0.0,10
39,638,1,RUSH_HOUR,2,15,2000,nearest,1,4,1,1,2000,past-avg,0.0,0.0,0.0,0.0,0.0,0.0,0.0,0.0,10
39,638,1,RUSH_HOUR,2,15,2000,nearest,1,4,1,1,2000,past-avg-revisit,0.0,0.0,0.0,0.0,0.0,0.0,0.0,0.0,10
39,638,1,RUSH_HOUR,2,15,2000,nearest,1,4,1,1,2000,past-avg-total,0.0,0.0,0.0,0.0,0.0,0.0,0.0,0.0,10
39,638,1,RUSH_HOUR,2,15,2000,nearest,1,4,1,1,2000,random,0.0,0.0,0.0,0.0,0.0,0.0,0.0,0.0,10
39,638,1,RUSH_HOUR,2,15,3000,greedy,0,4,0,1,2000,none,0.0,0.0,0.0,0.0,0.0,0.0,0.0,0.0,10
39,638,1,RUSH_HOUR,2,15,3000,greedy,0,4,0,1,2000,past-avg,0.0,0.0,0.0,0.0,0.0,0.0,0.0,0.0,10
39,638,1,RUSH_HOUR,2,15,3000,greedy,0,4,0,1,2000,past-avg-revisit,0.0,0.0,0.0,0.0,0.0,0.0,0.0,0.0,10
39,638,1,RUSH_HOUR,2,15,3000,greedy,0,4,0,1,2000,past-avg-total,0.0,0.0,0.0,0.0,0.0,0.0,0.0,0.0,10
39,638,1,RUSH_HOUR,2,15,3000,greedy,0,4,0,1,2000,random,0.0,0.0,0.0,0.0,0.0,0.0,0.0,0.0,10
39,638,1,RUSH_HOUR,2,15,3000,greedy,0,4,1,1,2000,none,0.0,0.0,0.0,0.0,0.0,0.0,0.0,0.0,10
39,638,1,RUSH_HOUR,2,15,3000,greedy,0,4,1,1,2000,past-avg,0.0,0.0,0.0,0.0,0.0,0.0,0.0,0.0,10
39,638,1,RUSH_HOUR,2,15,3000,greedy,0,4,1,1,2000,past-avg-revisit,0.0,0.0,0.0,0.0,0.0,0.0,0.0,0.0,10
39,638,1,RUSH_HOUR,2,15,3000,greedy,0,4,1,1,2000,past-avg-total,0.0,0.0,0.0,0.0,0.0,0.0,0.0,0.0,10
39,638,1,RUSH_HOUR,2,15,3000,greedy,0,4,1,1,2000,random,0.0,0.0,0.0,0.0,0.0,0.0,0.0,0.0,10
39,638,1,RUSH_HOUR,2,15,3000,greedy,1,4,0,1,2000,none,0.0,0.0,0.0,0.0,0.0,0.0,0.0,0.0,10
39,638,1,RUSH_HOUR,2,15,3000,greedy,1,4,0,1,2000,past-avg,0.0,0.0,0.0,0.0,0.0,0.0,0.0,0.0,10
39,638,1,RUSH_HOUR,2,15,3000,greedy,1,4,0,1,2000,past-avg-revisit,0.0,0.0,0.0,0.0,0.0,0.0,0.0,0.0,10
39,638,1,RUSH_HOUR,2,15,3000,greedy,1,4,0,1,2000,past-avg-total,0.0,0.0,0.0,0.0,0.0,0.0,0.0,0.0,10
39,638,1,RUSH_HOUR,2,15,3000,greedy,1,4,0,1,2000,random,0.0,0.0,0.0,0.0,0.0,0.0,0.0,0.0,10
39,638,1,RUSH_HOUR,2,15,3000,greedy,1,4,1,1,2000,none,0.0,0.0,0.0,0.0,0.0,0.0,0.0,0.0,10
39,638,1,RUSH_HOUR,2,15,3000,greedy,1,4,1,1,2000,past-avg,0.0,0.0,0.0,0.0,0.0,0.0,0.0,0.0,10
39,638,1,RUSH_HOUR,2,15,3000,greedy,1,4,1,1,2000,past-avg-revisit,0.0,0.0,0.0,0.0,0.0,0.0,0.0,0.0,10
39,638,1,RUSH_HOUR,2,15,3000,greedy,1,4,1,1,2000,past-avg-total,0.0,0.0,0.0,0.0,0.0,0.0,0.0,0.0,10
39,638,1,RUSH_HOUR,2,15,3000,greedy,1,4,1,1,2000,random,0.0,0.0,0.0,0.0,0.0,0.0,0.0,0.0,10
39,638,1,RUSH_HOUR,2,15,3000,nearest,0,4,0,1,2000,none,0.0,0.0,0.0,0.0,0.0,0.0,0.0,0.0,10
39,638,1,RUSH_HOUR,2,15,3000,nearest,0,4,0,1,2000,past-avg,0.0,0.0,0.0,0.0,0.0,0.0,0.0,0.0,10
39,638,1,RUSH_HOUR,2,15,3000,nearest,0,4,0,1,2000,past-avg-revisit,0.0,0.0,0.0,0.0,0.0,0.0,0.0,0.0,10
39,638,1,RUSH_HOUR,2,15,3000,nearest,0,4,0,1,2000,past-avg-total,0.0,0.0,0.0,0.0,0.0,0.0,0.0,0.0,10
39,638,1,RUSH_HOUR,2,15,3000,nearest,0,4,0,1,2000,random,0.0,0.0,0.0,0.0,0.0,0.0,0.0,0.0,10
39,638,1,RUSH_HOUR,2,15,3000,nearest,0,4,1,1,2000,none,0.0,0.0,0.0,0.0,0.0,0.0,0.0,0.0,10
39,638,1,RUSH_HOUR,2,15,3000,nearest,0,4,1,1,2000,past-avg,0.0,0.0,0.0,0.0,0.0,0.0,0.0,0.0,10
39,638,1,RUSH_HOUR,2,15,3000,nearest,0,4,1,1,2000,past-avg-revisit,0.0,0.0,0.0,0.0,0.0,0.0,0.0,0.0,10
39,638,1,RUSH_HOUR,2,15,3000,nearest,0,4,1,1,2000,past-avg-total,0.0,0.0,0.0,0.0,0.0,0.0,0.0,0.0,10
39,638,1,RUSH_HOUR,2,15,3000,nearest,0,4,1,1,2000,random,0.0,0.0,0.0,0.0,0.0,0.0,0.0,0.0,10
39,638,1,RUSH_HOUR,2,15,3000,nearest,1,4,0,1,2000,none,0.0,0.0,0.0,0.0,0.0,0.0,0.0,0.0,10
39,638,1,RUSH_HOUR,2,15,3000,nearest,1,4,0,1,2000,past-avg,0.0,0.0,0.0,0.0,0.0,0.0,0.0,0.0,10
39,638,1,RUSH_HOUR,2,15,3000,nearest,1,4,0,1,2000,past-avg-revisit,0.0,0.0,0.0,0.0,0.0,0.0,0.0,0.0,10
39,638,1,RUSH_HOUR,2,15,3000,nearest,1,4,0,1,2000,past-avg-total,0.0,0.0,0.0,0.0,0.0,0.0,0.0,0.0,10
39,638,1,RUSH_HOUR,2,15,3000,nearest,1,4,0,1,2000,random,0.0,0.0,0.0,0.0,0.0,0.0,0.0,0.0,10
39,638,1,RUSH_HOUR,2,15,3000,nearest,1,4,1,1,2000,none,0.0,0.0,0.0,0.0,0.0,0.0,0.0,0.0,10
39,638,1,RUSH_HOUR,2,15,3000,nearest,1,4,1,1,2000,past-avg,0.0,0.0,0.0,0.0,0.0,0.0,0.0,0.0,10
39,638,1,RUSH_HOUR,2,15,3000,nearest,1,4,1,1,2000,past-avg-revisit,0.0,0.0,0.0,0.0,0.0,0.0,0.0,0.0,10
39,638,1,RUSH_HOUR,2,15,3000,nearest,1,4,1,1,2000,past-avg-total,0.0,0.0,0.0,0.0,0.0,0.0,0.0,0.0,10
39,638,1,RUSH_HOUR,2,15,3000,nearest,1,4,1,1,2000,random,0.0,0.0,0.0,0.0,0.0,0.0,0.0,0.0,10
39,638,1,SPATIAL_IMBALANCE,0,15,1000,greedy,0,4,0,1,2000,none,0.0,0.0,0.0,0.0,0.0,0.0,0.0,0.0,10
39,638,1,SPATIAL_IMBALANCE,0,15,1000,greedy,0,4,0,1,2000,past-avg,0.0,0.0,0.0,0.0,0.0,0.0,0.0,0.0,10
39,638,1,SPATIAL_IMBALANCE,0,15,1000,greedy,0,4,0,1,2000,past-avg-revisit,0.0,0.0,0.0,0.0,0.0,0.0,0.0,0.0,10
39,638,1,SPATIAL_IMBALANCE,0,15,1000,greedy,0,4,0,1,2000,past-avg-total,0.0,0.0,0.0,0.0,0.0,0.0,0.0,0.0,10
39,638,1,SPATIAL_IMBALANCE,0,15,1000,greedy,0,4,0,1,2000,random,0.0,0.0,0.0,0.0,0.0,0.0,0.0,0.0,10
39,638,1,SPATIAL_IMBALANCE,0,15,1000,greedy,0,4,1,1,2000,none,0.0,0.0,0.0,0.0,0.0,0.0,0.0,0.0,10
39,638,1,SPATIAL_IMBALANCE,0,15,1000,greedy,0,4,1,1,2000,past-avg,0.0,0.0,0.0,0.0,0.0,0.0,0.0,0.0,10
39,638,1,SPATIAL_IMBALANCE,0,15,1000,greedy,0,4,1,1,2000,past-avg-revisit,0.0,0.0,0.0,0.0,0.0,0.0,0.0,0.0,10
39,638,1,SPATIAL_IMBALANCE,0,15,1000,greedy,0,4,1,1,2000,past-avg-total,0.0,0.0,0.0,0.0,0.0,0.0,0.0,0.0,10
39,638,1,SPATIAL_IMBALANCE,0,15,1000,greedy,0,4,1,1,2000,random,0.0,0.0,0.0,0.0,0.0,0.0,0.0,0.0,10
39,638,1,SPATIAL_IMBALANCE,0,15,1000,greedy,1,4,0,1,2000,none,0.0,0.0,0.0,0.0,0.0,0.0,0.0,0.0,10
39,638,1,SPATIAL_IMBALANCE,0,15,1000,greedy,1,4,0,1,2000,past-avg,0.0,0.0,0.0,0.0,0.0,0.0,0.0,0.0,10
39,638,1,SPATIAL_IMBALANCE,0,15,1000,greedy,1,4,0,1,2000,past-avg-revisit,0.0,0.0,0.0,0.0,0.0,0.0,0.0,0.0,10
39,638,1,SPATIAL_IMBALANCE,0,15,1000,greedy,1,4,0,1,2000,past-avg-total,0.0,0.0,0.0,0.0,0.0,0.0,0.0,0.0,10
39,638,1,SPATIAL_IMBALANCE,0,15,1000,greedy,1,4,0,1,2000,random,0.0,0.0,0.0,0.0,0.0,0.0,0.0,0.0,10
39,638,1,SPATIAL_IMBALANCE,0,15,1000,greedy,1,4,1,1,2000,none,0.0,0.0,0.0,0.0,0.0,0.0,0.0,0.0,10
39,638,1,SPATIAL_IMBALANCE,0,15,1000,greedy,1,4,1,1,2000,past-avg,0.0,0.0,0.0,0.0,0.0,0.0,0.0,0.0,10
39,638,1,SPATIAL_IMBALANCE,0,15,1000,greedy,1,4,1,1,2000,past-avg-revisit,0.0,0.0,0.0,0.0,0.0,0.0,0.0,0.0,10
39,638,1,SPATIAL_IMBALANCE,0,15,1000,greedy,1,4,1,1,2000,past-avg-total,0.0,0.0,0.0,0.0,0.0,0.0,0.0,0.0,10
39,638,1,SPATIAL_IMBALANCE,0,15,1000,greedy,1,4,1,1,2000,random,0.0,0.0,0.0,0.0,0.0,0.0,0.0,0.0,10
39,638,1,SPATIAL_IMBALANCE,0,15,1000,nearest,0,4,0,1,2000,none,0.0,0.0,0.0,0.0,0.0,0.0,0.0,0.0,10
39,638,1,SPATIAL_IMBALANCE,0,15,1000,nearest,0,4,0,1,2000,past-avg,0.0,0.0,0.0,0.0,0.0,0.0,0.0,0.0,10
39,638,1,SPATIAL_IMBALANCE,0,15,1000,nearest,0,4,0,1,2000,past-avg-revisit,0.0,0.0,0.0,0.0,0.0,0.0,0.0,0.0,10
39,638,1,SPATIAL_IMBALANCE,0,15,1000,nearest,0,4,0,1,2000,past-avg-total,0.0,0.0,0.0,0.0,0.0,0.0,0.0,0.0,10
39,638,1,SPATIAL_IMBALANCE,0,15,1000,nearest,0,4,0,1,2000,random,0.0,0.0,0.0,0.0,0.0,0.0,0.0,0.0,10
39,638,1,SPATIAL_IMBALANCE,0,15,1000,nearest,0,4,1,1,2000,none,0.0,0.0,0.0,0.0,0.0,0.0,0.0,0.0,10
39,638,1,SPATIAL_IMBALANCE,0,15,1000,nearest,0,4,1,1,2000,past-avg,0.0,0.0,0.0,0.0,0.0,0.0,0.0,0.0,10
39,638,1,SPATIAL_IMBALANCE,0,15,1000,nearest,0,4,1,1,2000,past-avg-revisit,0.0,0.0,0.0,0.0,0.0,0.0,0.0,0.0,10
39,638,1,SPATIAL_IMBALANCE,0,15,1000,nearest,0,4,1,1,2000,past-avg-total,0.0,0.0,0.0,0.0,0.0,0.0,0.0,0.0,10
39,638,1,SPATIAL_IMBALANCE,0,15,1000,nearest,0,4,1,1,2000,random,0.0,0.0,0.0,0.0,0.0,0.0,0.0,0.0,10
39,638,1,SPATIAL_IMBALANCE,0,15,1000,nearest,1,4,0,1,2000,none,0.0,0.0,0.0,0.0,0.0,0.0,0.0,0.0,10
39,638,1,SPATIAL_IMBALANCE,0,15,1000,nearest,1,4,0,1,2000,past-avg,0.0,0.0,0.0,0.0,0.0,0.0,0.0,0.0,10
39,638,1,SPATIAL_IMBALANCE,0,15,1000,nearest,1,4,0,1,2000,past-avg-revisit,0.0,0.0,0.0,0.0,0.0,0.0,0.0,0.0,10
39,638,1,SPATIAL_IMBALANCE,0,15,1000,nearest,1,4,0,1,2000,past-avg-total,0.0,0.0,0.0,0.0,0.0,0.0,0.0,0.0,10
39,638,1,SPATIAL_IMBALANCE,0,15,1000,nearest,1,4,0,1,2000,random,0.0,0.0,0.0,0.0,0.0,0.0,0.0,0.0,10
39,638,1,SPATIAL_IMBALANCE,0,15,1000,nearest,1,4,1,1,2000,none,0.0,0.0,0.0,0.0,0.0,0.0,0.0,0.0,10
39,638,1,SPATIAL_IMBALANCE,0,15,1000,nearest,1,4,1,1,2000,past-avg,0.0,0.0,0.0,0.0,0.0,0.0,0.0,0.0,10
39,638,1,SPATIAL_IMBALANCE,0,15,1000,nearest,1,4,1,1,2000,past-avg-revisit,0.0,0.0,0.0,0.0,0.0,0.0,0.0,0.0,10
39,638,1,SPATIAL_IMBALANCE,0,15,1000,nearest,1,4,1,1,2000,past-avg-total,0.0,0.0,0.0,0.0,0.0,0.0,0.0,0.0,10
39,638,1,SPATIAL_IMBALANCE,0,15,1000,nearest,1,4,1,1,2000,random,0.0,0.0,0.0,0.0,0.0,0.0,0.0,0.0,10
39,638,1,SPATIAL_IMBALANCE,0,15,2000,greedy,0,4,0,1,2000,none,0.0,0.0,0.0,0.0,0.0,0.0,0.0,0.0,10
39,638,1,SPATIAL_IMBALANCE,0,15,2000,greedy,0,4,0,1,2000,past-avg,0.0,0.0,0.0,0.0,0.0,0.0,0.7,0.7,10
39,638,1,SPATIAL_IMBALANCE,0,15,2000,greedy,0,4,0,1,2000,past-avg-revisit,0.0,0.0,0.0,0.0,0.0,0.0,0.0,0.0,10
39,638,1,SPATIAL_IMBALANCE,0,15,2000,greedy,0,4,0,1,2000,past-avg-total,0.0,0.0,0.0,0.0,0.0,0.0,0.3,0.3,10
39,638,1,SPATIAL_IMBALANCE,0,15,2000,greedy,0,4,0,1,2000,random,0.0,0.0,0.0,0.0,0.0,0.0,0.0,0.0,10
39,638,1,SPATIAL_IMBALANCE,0,15,2000,greedy,0,4,1,1,2000,none,0.0,0.0,0.0,0.0,0.0,0.0,0.0,0.0,10
39,638,1,SPATIAL_IMBALANCE,0,15,2000,greedy,0,4,1,1,2000,past-avg,0.0,0.0,0.0,0.0,0.0,0.0,0.7,0.7,10
39,638,1,SPATIAL_IMBALANCE,0,15,2000,greedy,0,4,1,1,2000,past-avg-revisit,0.0,0.0,0.0,0.0,0.0,0.0,0.0,0.0,10
39,638,1,SPATIAL_IMBALANCE,0,15,2000,greedy,0,4,1,1,2000,past-avg-total,0.0,0.0,0.0,0.0,0.0,0.0,0.3,0.3,10
39,638,1,SPATIAL_IMBALANCE,0,15,2000,greedy,0,4,1,1,2000,random,0.0,0.0,0.0,0.0,0.0,0.0,0.0,0.0,10
39,638,1,SPATIAL_IMBALANCE,0,15,2000,greedy,1,4,0,1,2000,none,0.0,0.0,0.0,0.0,0.0,0.0,0.0,0.0,10
39,638,1,SPATIAL_IMBALANCE,0,15,2000,greedy,1,4,0,1,2000,past-avg,0.0,0.0,0.0,0.0,0.0,0.0,0.7,0.7,10
39,638,1,SPATIAL_IMBALANCE,0,15,2000,greedy,1,4,0,1,2000,past-avg-revisit,0.0,0.0,0.0,0.0,0.0,0.0,0.0,0.0,10
39,638,1,SPATIAL_IMBALANCE,0,15,2000,greedy,1,4,0,1,2000,past-avg-total,0.0,0.0,0.0,0.0,0.0,0.0,0.3,0.3,10
39,638,1,SPATIAL_IMBALANCE,0,15,2000,greedy,1,4,0,1,2000,random,0.0,0.0,0.0,0.0,0.0,0.0,0.0,0.0,10
39,638,1,SPATIAL_IMBALANCE,0,15,2000,greedy,1,4,1,1,2000,none,0.0,0.0,0.0,0.0,0.0,0.0,0.0,0.0,10
39,638,1,SPATIAL_IMBALANCE,0,15,2000,greedy,1,4,1,1,2000,past-avg,0.0,0.0,0.0,0.0,0.0,0.0,0.7,0.7,10
39,638,1,SPATIAL_IMBALANCE,0,15,2000,greedy,1,4,1,1,2000,past-avg-revisit,0.0,0.0,0.0,0.0,0.0,0.0,0.0,0.0,10
39,638,1,SPATIAL_IMBALANCE,0,15,2000,greedy,1,4,1,1,2000,past-avg-total,0.0,0.0,0.0,0.0,0.0,0.0,0.3,0.3,10
39,638,1,SPATIAL_IMBALANCE,0,15,2000,greedy,1,4,1,1,2000,random,0.0,0.0,0.0,0.0,0.0,0.0,0.0,0.0,10
39,638,1,SPATIAL_IMBALANCE,0,15,2000,nearest,0,4,0,1,2000,none,0.0,0.0,0.0,0.0,0.0,0.0,0.0,0.0,10
39,638,1,SPATIAL_IMBALANCE,0,15,2000,nearest,0,4,0,1,2000,past-avg,0.0,0.0,0.0,0.0,0.0,0.0,0.7,0.7,10
39,638,1,SPATIAL_IMBALANCE,0,15,2000,nearest,0,4,0,1,2000,past-avg-revisit,0.0,0.0,0.0,0.0,0.0,0.0,0.0,0.0,10
39,638,1,SPATIAL_IMBALANCE,0,15,2000,nearest,0,4,0,1,2000,past-avg-total,0.0,0.0,0.0,0.0,0.0,0.0,0.3,0.3,10
39,638,1,SPATIAL_IMBALANCE,0,15,2000,nearest,0,4,0,1,2000,random,0.0,0.0,0.0,0.0,0.0,0.0,0.0,0.0,10
39,638,1,SPATIAL_IMBALANCE,0,15,2000,nearest,0,4,1,1,2000,none,0.0,0.0,0.0,0.0,0.0,0.0,0.0,0.0,10
39,638,1,SPATIAL_IMBALANCE,0,15,2000,nearest,0,4,1,1,2000,past-avg,0.0,0.0,0.0,0.0,0.0,0.0,0.7,0.7,10
39,638,1,SPATIAL_IMBALANCE,0,15,2000,nearest,0,4,1,1,2000,past-avg-revisit,0.0,0.0,0.0,0.0,0.0,0.0,0.0,0.0,10
39,638,1,SPATIAL_IMBALANCE,0,15,2000,nearest,0,4,1,1,2000,past-avg-total,0.0,0.0,0.0,0.0,0.0,0.0,0.3,0.3,10
39,638,1,SPATIAL_IMBALANCE,0,15,2000,nearest,0,4,1,1,2000,random,0.0,0.0,0.0,0.0,0.0,0.0,0.0,0.0,10
39,638,1,SPATIAL_IMBALANCE,0,15,2000,nearest,1,4,0,1,2000,none,0.0,0.0,0.0,0.0,0.0,0.0,0.0,0.0,10
39,638,1,SPATIAL_IMBALANCE,0,15,2000,nearest,1,4,0,1,2000,past-avg,0.0,0.0,0.0,0.0,0.0,0.0,0.7,0.7,10
39,638,1,SPATIAL_IMBALANCE,0,15,2000,nearest,1,4,0,1,2000,past-avg-revisit,0.0,0.0,0.0,0.0,0.0,0.0,0.0,0.0,10
39,638,1,SPATIAL_IMBALANCE,0,15,2000,nearest,1,4,0,1,2000,past-avg-total,0.0,0.0,0.0,0.0,0.0,0.0,0.3,0.3,10
39,638,1,SPATIAL_IMBALANCE,0,15,2000,nearest,1,4,0,1,2000,random,0.0,0.0,0.0,0.0,0.0,0.0,0.0,0.0,10
39,638,1,SPATIAL_IMBALANCE,0,15,2000,nearest,1,4,1,1,2000,none,0.0,0.0,0.0,0.0,0.0,0.0,0.0,0.0,10
39,638,1,SPATIAL_IMBALANCE,0,15,2000,nearest,1,4,1,1,2000,past-avg,0.0,0.0,0.0,0.0,0.0,0.0,0.7,0.7,10
39,638,1,SPATIAL_IMBALANCE,0,15,2000,nearest,1,4,1,1,2000,past-avg-revisit,0.0,0.0,0.0,0.0,0.0,0.0,0.0,0.0,10
39,638,1,SPATIAL_IMBALANCE,0,15,2000,nearest,1,4,1,1,2000,past-avg-total,0.0,0.0,0.0,0.0,0.0,0.0,0.3,0.3,10
39,638,1,SPATIAL_IMBALANCE,0,15,2000,nearest,1,4,1,1,2000,random,0.0,0.0,0.0,0.0,0.0,0.0,0.0,0.0,10
39,638,1,SPATIAL_IMBALANCE,0,15,3000,greedy,0,4,0,1,2000,none,0.0,0.0,0.0,0.0,0.0,0.0,0.0,0.0,10
39,638,1,SPATIAL_IMBALANCE,0,15,3000,greedy,0,4,0,1,2000,past-avg,0.0,0.0,0.0,0.0,0.0,0.0,0.0,0.0,10
39,638,1,SPATIAL_IMBALANCE,0,15,3000,greedy,0,4,0,1,2000,past-avg-revisit,0.0,0.0,0.0,0.0,0.0,0.0,0.0,0.0,10
39,638,1,SPATIAL_IMBALANCE,0,15,3000,greedy,0,4,0,1,2000,past-avg-total,0.0,0.0,0.0,0.0,0.0,0.0,0.0,0.0,10
39,638,1,SPATIAL_IMBALANCE,0,15,3000,greedy,0,4,0,1,2000,random,0.0,0.0,0.0,0.0,0.0,0.0,0.0,0.0,10
39,638,1,SPATIAL_IMBALANCE,0,15,3000,greedy,0,4,1,1,2000,none,0.0,0.0,0.0,0.0,0.0,0.0,0.0,0.0,10
39,638,1,SPATIAL_IMBALANCE,0,15,3000,greedy,0,4,1,1,2000,past-avg,0.0,0.0,0.0,0.0,0.0,0.0,0.0,0.0,10
39,638,1,SPATIAL_IMBALANCE,0,15,3000,greedy,0,4,1,1,2000,past-avg-revisit,0.0,0.0,0.0,0.0,0.0,0.0,0.0,0.0,10
39,638,1,SPATIAL_IMBALANCE,0,15,3000,greedy,0,4,1,1,2000,past-avg-total,0.0,0.0,0.0,0.0,0.0,0.0,0.0,0.0,10
39,638,1,SPATIAL_IMBALANCE,0,15,3000,greedy,0,4,1,1,2000,random,0.0,0.0,0.0,0.0,0.0,0.0,0.0,0.0,10
39,638,1,SPATIAL_IMBALANCE,0,15,3000,greedy,1,4,0,1,2000,none,0.0,0.0,0.0,0.0,0.0,0.0,0.0,0.0,10
39,638,1,SPATIAL_IMBALANCE,0,15,3000,greedy,1,4,0,1,2000,past-avg,0.0,0.0,0.0,0.0,0.0,0.0,0.0,0.0,10
39,638,1,SPATIAL_IMBALANCE,0,15,3000,greedy,1,4,0,1,2000,past-avg-revisit,0.0,0.0,0.0,0.0,0.0,0.0,0.0,0.0,10
39,638,1,SPATIAL_IMBALANCE,0,15,3000,greedy,1,4,0,1,2000,past-avg-total,0.0,0.0,0.0,0.0,0.0,0.0,0.0,0.0,10
39,638,1,SPATIAL_IMBALANCE,0,15,3000,greedy,1,4,0,1,2000,random,0.0,0.0,0.0,0.0,0.0,0.0,0.0,0.0,10
39,638,1,SPATIAL_IMBALANCE,0,15,3000,greedy,1,4,1,1,2000,none,0.0,0.0,0.0,0.0,0.0,0.0,0.0,0.0,10
39,638,1,SPATIAL_IMBALANCE,0,15,3000,greedy,1,4,1,1,2000,past-avg,0.0,0.0,0.0,0.0,0.0,0.0,0.0,0.0,10
39,638,1,SPATIAL_IMBALANCE,0,15,3000,greedy,1,4,1,1,2000,past-avg-revisit,0.0,0.0,0.0,0.0,0.0,0.0,0.0,0.0,10
39,638,1,SPATIAL_IMBALANCE,0,15,3000,greedy,1,4,1,1,2000,past-avg-total,0.0,0.0,0.0,0.0,0.0,0.0,0.0,0.0,10
39,638,1,SPATIAL_IMBALANCE,0,15,3000,greedy,1,4,1,1,2000,random,0.0,0.0,0.0,0.0,0.0,0.0,0.0,0.0,10
39,638,1,SPATIAL_IMBALANCE,0,15,3000,nearest,0,4,0,1,2000,none,0.0,0.0,0.0,0.0,0.0,0.0,0.0,0.0,10
39,638,1,SPATIAL_IMBALANCE,0,15,3000,nearest,0,4,0,1,2000,past-avg,0.0,0.0,0.0,0.0,0.0,0.0,0.0,0.0,10
39,638,1,SPATIAL_IMBALANCE,0,15,3000,nearest,0,4,0,1,2000,past-avg-revisit,0.0,0.0,0.0,0.0,0.0,0.0,0.0,0.0,10
39,638,1,SPATIAL_IMBALANCE,0,15,3000,nearest,0,4,0,1,2000,past-avg-total,0.0,0.0,0.0,0.0,0.0,0.0,0.0,0.0,10
39,638,1,SPATIAL_IMBALANCE,0,15,3000,nearest,0,4,0,1,2000,random,0.0,0.0,0.0,0.0,0.0,0.0,0.0,0.0,10
39,638,1,SPATIAL_IMBALANCE,0,15,3000,nearest,0,4,1,1,2000,none,0.0,0.0,0.0,0.0,0.0,0.0,0.0,0.0,10
39,638,1,SPATIAL_IMBALANCE,0,15,3000,nearest,0,4,1,1,2000,past-avg,0.0,0.0,0.0,0.0,0.0,0.0,0.0,0.0,10
39,638,1,SPATIAL_IMBALANCE,0,15,3000,nearest,0,4,1,1,2000,past-avg-revisit,0.0,0.0,0.0,0.0,0.0,0.0,0.0,0.0,10
39,638,1,SPATIAL_IMBALANCE,0,15,3000,nearest,0,4,1,1,2000,past-avg-total,0.0,0.0,0.0,0.0,0.0,0.0,0.0,0.0,10
39,638,1,SPATIAL_IMBALANCE,0,15,3000,nearest,0,4,1,1,2000,random,0.0,0.0,0.0,0.0,0.0,0.0,0.0,0.0,10
39,638,1,SPATIAL_IMBALANCE,0,15,3000,nearest,1,4,0,1,2000,none,0.0,0.0,0.0,0.0,0.0,0.0,0.0,0.0,10
39,638,1,SPATIAL_IMBALANCE,0,15,3000,nearest,1,4,0,1,2000,past-avg,0.0,0.0,0.0,0.0,0.0,0.0,0.0,0.0,10
39,638,1,SPATIAL_IMBALANCE,0,15,3000,nearest,1,4,0,1,2000,past-avg-revisit,0.0,0.0,0.0,0.0,0.0,0.0,0.0,0.0,10
39,638,1,SPATIAL_IMBALANCE,0,15,3000,nearest,1,4,0,1,2000,past-avg-total,0.0,0.0,0.0,0.0,0.0,0.0,0.0,0.0,10
39,638,1,SPATIAL_IMBALANCE,0,15,3000,nearest,1,4,0,1,2000,random,0.0,0.0,0.0,0.0,0.0,0.0,0.0,0.0,10
39,638,1,SPATIAL_IMBALANCE,0,15,3000,nearest,1,4,1,1,2000,none,0.0,0.0,0.0,0.0,0.0,0.0,0.0,0.0,10
39,638,1,SPATIAL_IMBALANCE,0,15,3000,nearest,1,4,1,1,2000,past-avg,0.0,0.0,0.0,0.0,0.0,0.0,0.0,0.0,10
39,638,1,SPATIAL_IMBALANCE,0,15,3000,nearest,1,4,1,1,2000,past-avg-revisit,0.0,0.0,0.0,0.0,0.0,0.0,0.0,0.0,10
39,638,1,SPATIAL_IMBALANCE,0,15,3000,nearest,1,4,1,1,2000,past-avg-total,0.0,0.0,0.0,0.0,0.0,0.0,0.0,0.0,10
39,638,1,SPATIAL_IMBALANCE,0,15,3000,nearest,1,4,1,1,2000,random,0.0,0.0,0.0,0.0,0.0,0.0,0.0,0.0,10
39,638,1,SPATIAL_IMBALANCE,1,15,1000,greedy,0,4,0,1,2000,none,0.0,0.0,0.0,0.0,0.0,0.0,0.0,0.0,10
39,638,1,SPATIAL_IMBALANCE,1,15,1000,greedy,0,4,0,1,2000,past-avg,0.0,0.0,0.0,0.0,0.0,0.0,0.0,0.0,10
39,638,1,SPATIAL_IMBALANCE,1,15,1000,greedy,0,4,0,1,2000,past-avg-revisit,0.0,0.0,0.0,0.0,0.0,0.0,0.0,0.0,10
39,638,1,SPATIAL_IMBALANCE,1,15,1000,greedy,0,4,0,1,2000,past-avg-total,0.0,0.0,0.0,0.0,0.0,0.0,0.0,0.0,10
39,638,1,SPATIAL_IMBALANCE,1,15,1000,greedy,0,4,0,1,2000,random,0.0,0.0,0.0,0.0,0.0,0.0,0.0,0.0,10
39,638,1,SPATIAL_IMBALANCE,1,15,1000,greedy,0,4,1,1,2000,none,0.0,0.0,0.0,0.0,0.0,0.0,0.0,0.0,10
39,638,1,SPATIAL_IMBALANCE,1,15,1000,greedy,0,4,1,1,2000,past-avg,0.0,0.0,0.0,0.0,0.0,0.0,0.0,0.0,10
39,638,1,SPATIAL_IMBALANCE,1,15,1000,greedy,0,4,1,1,2000,past-avg-revisit,0.0,0.0,0.0,0.0,0.0,0.0,0.0,0.0,10
39,638,1,SPATIAL_IMBALANCE,1,15,1000,greedy,0,4,1,1,2000,past-avg-total,0.0,0.0,0.0,0.0,0.0,0.0,0.0,0.0,10
39,638,1,SPATIAL_IMBALANCE,1,15,1000,greedy,0,4,1,1,2000,random,0.0,0.0,0.0,0.0,0.0,0.0,0.0,0.0,10
39,638,1,SPATIAL_IMBALANCE,1,15,1000,greedy,1,4,0,1,2000,none,0.0,0.0,0.0,0.0,0.0,0.0,0.0,0.0,10
39,638,1,SPATIAL_IMBALANCE,1,15,1000,greedy,1,4,0,1,2000,past-avg,0.0,0.0,0.0,0.0,0.0,0.0,0.0,0.0,10
39,638,1,SPATIAL_IMBALANCE,1,15,1000,greedy,1,4,0,1,2000,past-avg-revisit,0.0,0.0,0.0,0.0,0.0,0.0,0.0,0.0,10
39,638,1,SPATIAL_IMBALANCE,1,15,1000,greedy,1,4,0,1,2000,past-avg-total,0.0,0.0,0.0,0.0,0.0,0.0,0.0,0.0,10
39,638,1,SPATIAL_IMBALANCE,1,15,1000,greedy,1,4,0,1,2000,random,0.0,0.0,0.0,0.0,0.0,0.0,0.0,0.0,10
39,638,1,SPATIAL_IMBALANCE,1,15,1000,greedy,1,4,1,1,2000,none,0.0,0.0,0.0,0.0,0.0,0.0,0.0,0.0,10
39,638,1,SPATIAL_IMBALANCE,1,15,1000,greedy,1,4,1,1,2000,past-avg,0.0,0.0,0.0,0.0,0.0,0.0,0.0,0.0,10
39,638,1,SPATIAL_IMBALANCE,1,15,1000,greedy,1,4,1,1,2000,past-avg-revisit,0.0,0.0,0.0,0.0,0.0,0.0,0.0,0.0,10
39,638,1,SPATIAL_IMBALANCE,1,15,1000,greedy,1,4,1,1,2000,past-avg-total,0.0,0.0,0.0,0.0,0.0,0.0,0.0,0.0,10
39,638,1,SPATIAL_IMBALANCE,1,15,1000,greedy,1,4,1,1,2000,random,0.0,0.0,0.0,0.0,0.0,0.0,0.0,0.0,10
39,638,1,SPATIAL_IMBALANCE,1,15,1000,nearest,0,4,0,1,2000,none,0.0,0.0,0.0,0.0,0.0,0.0,0.0,0.0,10
39,638,1,SPATIAL_IMBALANCE,1,15,1000,nearest,0,4,0,1,2000,past-avg,0.0,0.0,0.0,0.0,0.0,0.0,0.0,0.0,10
39,638,1,SPATIAL_IMBALANCE,1,15,1000,nearest,0,4,0,1,2000,past-avg-revisit,0.0,0.0,0.0,0.0,0.0,0.0,0.0,0.0,10
39,638,1,SPATIAL_IMBALANCE,1,15,1000,nearest,0,4,0,1,2000,past-avg-total,0.0,0.0,0.0,0.0,0.0,0.0,0.0,0.0,10
39,638,1,SPATIAL_IMBALANCE,1,15,1000,nearest,0,4,0,1,2000,random,0.0,0.0,0.0,0.0,0.0,0.0,0.0,0.0,10
39,638,1,SPATIAL_IMBALANCE,1,15,1000,nearest,0,4,1,1,2000,none,0.0,0.0,0.0,0.0,0.0,0.0,0.0,0.0,10
39,638,1,SPATIAL_IMBALANCE,1,15,1000,nearest,0,4,1,1,2000,past-avg,0.0,0.0,0.0,0.0,0.0,0.0,0.0,0.0,10
39,638,1,SPATIAL_IMBALANCE,1,15,1000,nearest,0,4,1,1,2000,past-avg-revisit,0.0,0.0,0.0,0.0,0.0,0.0,0.0,0.0,10
39,638,1,SPATIAL_IMBALANCE,1,15,1000,nearest,0,4,1,1,2000,past-avg-total,0.0,0.0,0.0,0.0,0.0,0.0,0.0,0.0,10
39,638,1,SPATIAL_IMBALANCE,1,15,1000,nearest,0,4,1,1,2000,random,0.0,0.0,0.0,0.0,0.0,0.0,0.0,0.0,10
39,638,1,SPATIAL_IMBALANCE,1,15,1000,nearest,1,4,0,1,2000,none,0.0,0.0,0.0,0.0,0.0,0.0,0.0,0.0,10
39,638,1,SPATIAL_IMBALANCE,1,15,1000,nearest,1,4,0,1,2000,past-avg,0.0,0.0,0.0,0.0,0.0,0.0,0.0,0.0,10
39,638,1,SPATIAL_IMBALANCE,1,15,1000,nearest,1,4,0,1,2000,past-avg-revisit,0.0,0.0,0.0,0.0,0.0,0.0,0.0,0.0,10
39,638,1,SPATIAL_IMBALANCE,1,15,1000,nearest,1,4,0,1,2000,past-avg-total,0.0,0.0,0.0,0.0,0.0,0.0,0.0,0.0,10
39,638,1,SPATIAL_IMBALANCE,1,15,1000,nearest,1,4,0,1,2000,random,0.0,0.0,0.0,0.0,0.0,0.0,0.0,0.0,10
39,638,1,SPATIAL_IMBALANCE,1,15,1000,nearest,1,4,1,1,2000,none,0.0,0.0,0.0,0.0,0.0,0.0,0.0,0.0,10
39,638,1,SPATIAL_IMBALANCE,1,15,1000,nearest,1,4,1,1,2000,past-avg,0.0,0.0,0.0,0.0,0.0,0.0,0.0,0.0,10
39,638,1,SPATIAL_IMBALANCE,1,15,1000,nearest,1,4,1,1,2000,past-avg-revisit,0.0,0.0,0.0,0.0,0.0,0.0,0.0,0.0,10
39,638,1,SPATIAL_IMBALANCE,1,15,1000,nearest,1,4,1,1,2000,past-avg-total,0.0,0.0,0.0,0.0,0.0,0.0,0.0,0.0,10
39,638,1,SPATIAL_IMBALANCE,1,15,1000,nearest,1,4,1,1,2000,random,0.0,0.0,0.0,0.0,0.0,0.0,0.0,0.0,10
39,638,1,SPATIAL_IMBALANCE,1,15,2000,greedy,0,4,0,1,2000,none,0.0,0.0,0.0,0.0,0.0,0.0,0.0,0.0,10
39,638,1,SPATIAL_IMBALANCE,1,15,2000,greedy,0,4,0,1,2000,past-avg,0.0,0.0,0.0,0.0,0.0,0.0,0.5,0.5,10
39,638,1,SPATIAL_IMBALANCE,1,15,2000,greedy,0,4,0,1,2000,past-avg-revisit,0.0,0.0,0.0,0.0,0.0,0.0,0.0,0.0,10
39,638,1,SPATIAL_IMBALANCE,1,15,2000,greedy,0,4,0,1,2000,past-avg-total,0.0,0.0,0.0,0.0,0.0,0.0,0.5,0.5,10
39,638,1,SPATIAL_IMBALANCE,1,15,2000,greedy,0,4,0,1,2000,random,0.0,0.0,0.0,0.0,0.0,0.0,0.0,0.0,10
39,638,1,SPATIAL_IMBALANCE,1,15,2000,greedy,0,4,1,1,2000,none,0.0,0.0,0.0,0.0,0.0,0.0,0.0,0.0,10
39,638,1,SPATIAL_IMBALANCE,1,15,2000,greedy,0,4,1,1,2000,past-avg,0.0,0.0,0.0,0.0,0.0,0.0,0.7,0.7,10
39,638,1,SPATIAL_IMBALANCE,1,15,2000,greedy,0,4,1,1,2000,past-avg-revisit,0.0,0.0,0.0,0.0,0.0,0.0,0.0,0.0,10
39,638,1,SPATIAL_IMBALANCE,1,15,2000,greedy,0,4,1,1,2000,past-avg-total,0.0,0.0,0.0,0.0,0.0,0.0,0.6,0.6,10
39,638,1,SPATIAL_IMBALANCE,1,15,2000,greedy,0,4,1,1,2000,random,0.0,0.0,0.0,0.0,0.0,0.0,0.0,0.0,10
39,638,1,SPATIAL_IMBALANCE,1,15,2000,greedy,1,4,0,1,2000,none,0.0,0.0,0.0,0.0,0.0,0.0,0.0,0.0,10
39,638,1,SPATIAL_IMBALANCE,1,15,2000,greedy,1,4,0,1,2000,past-avg,0.0,0.0,0.0,0.0,0.0,0.0,0.5,0.5,10
39,638,1,SPATIAL_IMBALANCE,1,15,2000,greedy,1,4,0,1,2000,past-avg-revisit,0.0,0.0,0.0,0.0,0.0,0.0,0.0,0.0,10
39,638,1,SPATIAL_IMBALANCE,1,15,2000,greedy,1,4,0,1,2000,past-avg-total,0.0,0.0,0.0,0.0,0.0,0.0,0.5,0.5,10
39,638,1,SPATIAL_IMBALANCE,1,15,2000,greedy,1,4,0,1,2000,random,0.0,0.0,0.0,0.0,0.0,0.0,0.0,0.0,10
39,638,1,SPATIAL_IMBALANCE,1,15,2000,greedy,1,4,1,1,2000,none,0.0,0.0,0.0,0.0,0.0,0.0,0.0,0.0,10
39,638,1,SPATIAL_IMBALANCE,1,15,2000,greedy,1,4,1,1,2000,past-avg,0.0,0.0,0.0,0.0,0.0,0.0,0.7,0.7,10
39,638,1,SPATIAL_IMBALANCE,1,15,2000,greedy,1,4,1,1,2000,past-avg-revisit,0.0,0.0,0.0,0.0,0.0,0.0,0.0,0.0,10
39,638,1,SPATIAL_IMBALANCE,1,15,2000,greedy,1,4,1,1,2000,past-avg-total,0.0,0.0,0.0,0.0,0.0,0.0,0.6,0.6,10
39,638,1,SPATIAL_IMBALANCE,1,15,2000,greedy,1,4,1,1,2000,random,0.0,0.0,0.0,0.0,0.0,0.0,0.0,0.0,10
39,638,1,SPATIAL_IMBALANCE,1,15,2000,nearest,0,4,0,1,2000,none,0.0,0.0,0.0,0.0,0.0,0.0,0.0,0.0,10
39,638,1,SPATIAL_IMBALANCE,1,15,2000,nearest,0,4,0,1,2000,past-avg,0.0,0.0,0.0,0.0,0.0,0.0,0.5,0.5,10
39,638,1,SPATIAL_IMBALANCE,1,15,2000,nearest,0,4,0,1,2000,past-avg-revisit,0.0,0.0,0.0,0.0,0.0,0.0,0.0,0.0,10
39,638,1,SPATIAL_IMBALANCE,1,15,2000,nearest,0,4,0,1,2000,past-avg-total,0.0,0.0,0.0,0.0,0.0,0.0,0.5,0.5,10
39,638,1,SPATIAL_IMBALANCE,1,15,2000,nearest,0,4,0,1,2000,random,0.0,0.0,0.0,0.0,0.0,0.0,0.0,0.0,10
39,638,1,SPATIAL_IMBALANCE,1,15,2000,nearest,0,4,1,1,2000,none,0.0,0.0,0.0,0.0,0.0,0.0,0.0,0.0,10
39,638,1,SPATIAL_IMBALANCE,1,15,2000,nearest,0,4,1,1,2000,past-avg,0.0,0.0,0.0,0.0,0.0,0.0,0.7,0.7,10
39,638,1,SPATIAL_IMBALANCE,1,15,2000,nearest,0,4,1,1,2000,past-avg-revisit,0.0,0.0,0.0,0.0,0.0,0.0,0.0,0.0,10
39,638,1,SPATIAL_IMBALANCE,1,15,2000,nearest,0,4,1,1,2000,past-avg-total,0.0,0.0,0.0,0.0,0.0,0.0,0.6,0.6,10
39,638,1,SPATIAL_IMBALANCE,1,15,2000,nearest,0,4,1,1,2000,random,0.0,0.0,0.0,0.0,0.0,0.0,0.0,0.0,10
39,638,1,SPATIAL_IMBALANCE,1,15,2000,nearest,1,4,0,1,2000,none,0.0,0.0,0.0,0.0,0.0,0.0,0.0,0.0,10
39,638,1,SPATIAL_IMBALANCE,1,15,2000,nearest,1,4,0,1,2000,past-avg,0.0,0.0,0.0,0.0,0.0,0.0,0.5,0.5,10
39,638,1,SPATIAL_IMBALANCE,1,15,2000,nearest,1,4,0,1,2000,past-avg-revisit,0.0,0.0,0.0,0.0,0.0,0.0,0.0,0.0,10
39,638,1,SPATIAL_IMBALANCE,1,15,2000,nearest,1,4,0,1,2000,past-avg-total,0.0,0.0,0.0,0.0,0.0,0.0,0.5,0.5,10
39,638,1,SPATIAL_IMBALANCE,1,15,2000,nearest,1,4,0,1,2000,random,0.0,0.0,0.0,0.0,0.0,0.0,0.0,0.0,10
39,638,1,SPATIAL_IMBALANCE,1,15,2000,nearest,1,4,1,1,2000,none,0.0,0.0,0.0,0.0,0.0,0.0,0.0,0.0,10
39,638,1,SPATIAL_IMBALANCE,1,15,2000,nearest,1,4,1,1,2000,past-avg,0.0,0.0,0.0,0.0,0.0,0.0,0.7,0.7,10
39,638,1,SPATIAL_IMBALANCE,1,15,2000,nearest,1,4,1,1,2000,past-avg-revisit,0.0,0.0,0.0,0.0,0.0,0.0,0.0,0.0,10
39,638,1,SPATIAL_IMBALANCE,1,15,2000,nearest,1,4,1,1,2000,past-avg-total,0.0,0.0,0.0,0.0,0.0,0.0,0.6,0.6,10
39,638,1,SPATIAL_IMBALANCE,1,15,2000,nearest,1,4,1,1,2000,random,0.0,0.0,0.0,0.0,0.0,0.0,0.0,0.0,10
39,638,1,SPATIAL_IMBALANCE,1,15,3000,greedy,0,4,0,1,2000,none,0.0,0.0,0.0,0.0,0.0,0.0,0.0,0.0,10
39,638,1,SPATIAL_IMBALANCE,1,15,3000,greedy,0,4,0,1,2000,past-avg,0.0,0.0,0.0,0.0,0.0,0.0,0.0,0.0,10
39,638,1,SPATIAL_IMBALANCE,1,15,3000,greedy,0,4,0,1,2000,past-avg-revisit,0.0,0.0,0.0,0.0,0.0,0.0,0.0,0.0,10
39,638,1,SPATIAL_IMBALANCE,1,15,3000,greedy,0,4,0,1,2000,past-avg-total,0.0,0.0,0.0,0.0,0.0,0.0,0.0,0.0,10
39,638,1,SPATIAL_IMBALANCE,1,15,3000,greedy,0,4,0,1,2000,random,0.0,0.0,0.0,0.0,0.0,0.0,0.0,0.0,10
39,638,1,SPATIAL_IMBALANCE,1,15,3000,greedy,0,4,1,1,2000,none,0.0,0.0,0.0,0.0,0.0,0.0,0.0,0.0,10
39,638,1,SPATIAL_IMBALANCE,1,15,3000,greedy,0,4,1,1,2000,past-avg,0.0,0.0,0.0,0.0,0.0,0.0,0.0,0.0,10
39,638,1,SPATIAL_IMBALANCE,1,15,3000,greedy,0,4,1,1,2000,past-avg-revisit,0.0,0.0,0.0,0.0,0.0,0.0,0.0,0.0,10
39,638,1,SPATIAL_IMBALANCE,1,15,3000,greedy,0,4,1,1,2000,past-avg-total,0.0,0.0,0.0,0.0,0.0,0.0,0.0,0.0,10
39,638,1,SPATIAL_IMBALANCE,1,15,3000,greedy,0,4,1,1,2000,random,0.0,0.0,0.0,0.0,0.0,0.0,0.0,0.0,10
39,638,1,SPATIAL_IMBALANCE,1,15,3000,greedy,1,4,0,1,2000,none,0.0,0.0,0.0,0.0,0.0,0.0,0.0,0.0,10
39,638,1,SPATIAL_IMBALANCE,1,15,3000,greedy,1,4,0,1,2000,past-avg,0.0,0.0,0.0,0.0,0.0,0.0,0.0,0.0,10
39,638,1,SPATIAL_IMBALANCE,1,15,3000,greedy,1,4,0,1,2000,past-avg-revisit,0.0,0.0,0.0,0.0,0.0,0.0,0.0,0.0,10
39,638,1,SPATIAL_IMBALANCE,1,15,3000,greedy,1,4,0,1,2000,past-avg-total,0.0,0.0,0.0,0.0,0.0,0.0,0.0,0.0,10
39,638,1,SPATIAL_IMBALANCE,1,15,3000,greedy,1,4,0,1,2000,random,0.0,0.0,0.0,0.0,0.0,0.0,0.0,0.0,10
39,638,1,SPATIAL_IMBALANCE,1,15,3000,greedy,1,4,1,1,2000,none,0.0,0.0,0.0,0.0,0.0,0.0,0.0,0.0,10
39,638,1,SPATIAL_IMBALANCE,1,15,3000,greedy,1,4,1,1,2000,past-avg,0.0,0.0,0.0,0.0,0.0,0.0,0.0,0.0,10
39,638,1,SPATIAL_IMBALANCE,1,15,3000,greedy,1,4,1,1,2000,past-avg-revisit,0.0,0.0,0.0,0.0,0.0,0.0,0.0,0.0,10
39,638,1,SPATIAL_IMBALANCE,1,15,3000,greedy,1,4,1,1,2000,past-avg-total,0.0,0.0,0.0,0.0,0.0,0.0,0.0,0.0,10
39,638,1,SPATIAL_IMBALANCE,1,15,3000,greedy,1,4,1,1,2000,random,0.0,0.0,0.0,0.0,0.0,0.0,0.0,0.0,10
39,638,1,SPATIAL_IMBALANCE,1,15,3000,nearest,0,4,0,1,2000,none,0.0,0.0,0.0,0.0,0.0,0.0,0.0,0.0,10
39,638,1,SPATIAL_IMBALANCE,1,15,3000,nearest,0,4,0,1,2000,past-avg,0.0,0.0,0.0,0.0,0.0,0.0,0.0,0.0,10
39,638,1,SPATIAL_IMBALANCE,1,15,3000,nearest,0,4,0,1,2000,past-avg-revisit,0.0,0.0,0.0,0.0,0.0,0.0,0.0,0.0,10
39,638,1,SPATIAL_IMBALANCE,1,15,3000,nearest,0,4,0,1,2000,past-avg-total,0.0,0.0,0.0,0.0,0.0,0.0,0.0,0.0,10
39,638,1,SPATIAL_IMBALANCE,1,15,3000,nearest,0,4,0,1,2000,random,0.0,0.0,0.0,0.0,0.0,0.0,0.0,0.0,10
39,638,1,SPATIAL_IMBALANCE,1,15,3000,nearest,0,4,1,1,2000,none,0.0,0.0,0.0,0.0,0.0,0.0,0.0,0.0,10
39,638,1,SPATIAL_IMBALANCE,1,15,3000,nearest,0,4,1,1,2000,past-avg,0.0,0.0,0.0,0.0,0.0,0.0,0.0,0.0,10
39,638,1,SPATIAL_IMBALANCE,1,15,3000,nearest,0,4,1,1,2000,past-avg-revisit,0.0,0.0,0.0,0.0,0.0,0.0,0.0,0.0,10
39,638,1,SPATIAL_IMBALANCE,1,15,3000,nearest,0,4,1,1,2000,past-avg-total,0.0,0.0,0.0,0.0,0.0,0.0,0.0,0.0,10
39,638,1,SPATIAL_IMBALANCE,1,15,3000,nearest,0,4,1,1,2000,random,0.0,0.0,0.0,0.0,0.0,0.0,0.0,0.0,10
39,638,1,SPATIAL_IMBALANCE,1,15,3000,nearest,1,4,0,1,2000,none,0.0,0.0,0.0,0.0,0.0,0.0,0.0,0.0,10
39,638,1,SPATIAL_IMBALANCE,1,15,3000,nearest,1,4,0,1,2000,past-avg,0.0,0.0,0.0,0.0,0.0,0.0,0.0,0.0,10
39,638,1,SPATIAL_IMBALANCE,1,15,3000,nearest,1,4,0,1,2000,past-avg-revisit,0.0,0.0,0.0,0.0,0.0,0.0,0.0,0.0,10
39,638,1,SPATIAL_IMBALANCE,1,15,3000,nearest,1,4,0,1,2000,past-avg-total,0.0,0.0,0.0,0.0,0.0,0.0,0.0,0.0,10
39,638,1,SPATIAL_IMBALANCE,1,15,3000,nearest,1,4,0,1,2000,random,0.0,0.0,0.0,0.0,0.0,0.0,0.0,0.0,10
39,638,1,SPATIAL_IMBALANCE,1,15,3000,nearest,1,4,1,1,2000,none,0.0,0.0,0.0,0.0,0.0,0.0,0.0,0.0,10
39,638,1,SPATIAL_IMBALANCE,1,15,3000,nearest,1,4,1,1,2000,past-avg,0.0,0.0,0.0,0.0,0.0,0.0,0.0,0.0,10
39,638,1,SPATIAL_IMBALANCE,1,15,3000,nearest,1,4,1,1,2000,past-avg-revisit,0.0,0.0,0.0,0.0,0.0,0.0,0.0,0.0,10
39,638,1,SPATIAL_IMBALANCE,1,15,3000,nearest,1,4,1,1,2000,past-avg-total,0.0,0.0,0.0,0.0,0.0,0.0,0.0,0.0,10
39,638,1,SPATIAL_IMBALANCE,1,15,3000,nearest,1,4,1,1,2000,random,0.0,0.0,0.0,0.0,0.0,0.0,0.0,0.0,10
39,638,1,SPATIAL_IMBALANCE,2,15,1000,greedy,0,4,0,1,2000,none,0.0,0.0,0.0,0.0,0.0,0.0,0.0,0.0,10
39,638,1,SPATIAL_IMBALANCE,2,15,1000,greedy,0,4,0,1,2000,past-avg,0.0,0.0,0.0,0.0,0.0,0.0,0.0,0.0,10
39,638,1,SPATIAL_IMBALANCE,2,15,1000,greedy,0,4,0,1,2000,past-avg-revisit,0.0,0.0,0.0,0.0,0.0,0.0,0.0,0.0,10
39,638,1,SPATIAL_IMBALANCE,2,15,1000,greedy,0,4,0,1,2000,past-avg-total,0.0,0.0,0.0,0.0,0.0,0.0,0.0,0.0,10
39,638,1,SPATIAL_IMBALANCE,2,15,1000,greedy,0,4,0,1,2000,random,0.0,0.0,0.0,0.0,0.0,0.0,0.0,0.0,10
39,638,1,SPATIAL_IMBALANCE,2,15,1000,greedy,0,4,1,1,2000,none,0.0,0.0,0.0,0.0,0.0,0.0,0.0,0.0,10
39,638,1,SPATIAL_IMBALANCE,2,15,1000,greedy,0,4,1,1,2000,past-avg,0.0,0.0,0.0,0.0,0.0,0.0,0.0,0.0,10
39,638,1,SPATIAL_IMBALANCE,2,15,1000,greedy,0,4,1,1,2000,past-avg-revisit,0.0,0.0,0.0,0.0,0.0,0.0,0.0,0.0,10
39,638,1,SPATIAL_IMBALANCE,2,15,1000,greedy,0,4,1,1,2000,past-avg-total,0.0,0.0,0.0,0.0,0.0,0.0,0.0,0.0,10
39,638,1,SPATIAL_IMBALANCE,2,15,1000,greedy,0,4,1,1,2000,random,0.0,0.0,0.0,0.0,0.0,0.0,0.0,0.0,10
39,638,1,SPATIAL_IMBALANCE,2,15,1000,greedy,1,4,0,1,2000,none,0.0,0.0,0.0,0.0,0.0,0.0,0.0,0.0,10
39,638,1,SPATIAL_IMBALANCE,2,15,1000,greedy,1,4,0,1,2000,past-avg,0.0,0.0,0.0,0.0,0.0,0.0,0.0,0.0,10
39,638,1,SPATIAL_IMBALANCE,2,15,1000,greedy,1,4,0,1,2000,past-avg-revisit,0.0,0.0,0.0,0.0,0.0,0.0,0.0,0.0,10
39,638,1,SPATIAL_IMBALANCE,2,15,1000,greedy,1,4,0,1,2000,past-avg-total,0.0,0.0,0.0,0.0,0.0,0.0,0.0,0.0,10
39,638,1,SPATIAL_IMBALANCE,2,15,1000,greedy,1,4,0,1,2000,random,0.0,0.0,0.0,0.0,0.0,0.0,0.0,0.0,10
39,638,1,SPATIAL_IMBALANCE,2,15,1000,greedy,1,4,1,1,2000,none,0.0,0.0,0.0,0.0,0.0,0.0,0.0,0.0,10
39,638,1,SPATIAL_IMBALANCE,2,15,1000,greedy,1,4,1,1,2000,past-avg,0.0,0.0,0.0,0.0,0.0,0.0,0.0,0.0,10
39,638,1,SPATIAL_IMBALANCE,2,15,1000,greedy,1,4,1,1,2000,past-avg-revisit,0.0,0.0,0.0,0.0,0.0,0.0,0.0,0.0,10
39,638,1,SPATIAL_IMBALANCE,2,15,1000,greedy,1,4,1,1,2000,past-avg-total,0.0,0.0,0.0,0.0,0.0,0.0,0.0,0.0,10
39,638,1,SPATIAL_IMBALANCE,2,15,1000,greedy,1,4,1,1,2000,random,0.0,0.0,0.0,0.0,0.0,0.0,0.0,0.0,10
39,638,1,SPATIAL_IMBALANCE,2,15,1000,nearest,0,4,0,1,2000,none,0.0,0.0,0.0,0.0,0.0,0.0,0.0,0.0,10
39,638,1,SPATIAL_IMBALANCE,2,15,1000,nearest,0,4,0,1,2000,past-avg,0.0,0.0,0.0,0.0,0.0,0.0,0.0,0.0,10
39,638,1,SPATIAL_IMBALANCE,2,15,1000,nearest,0,4,0,1,2000,past-avg-revisit,0.0,0.0,0.0,0.0,0.0,0.0,0.0,0.0,10
39,638,1,SPATIAL_IMBALANCE,2,15,1000,nearest,0,4,0,1,2000,past-avg-total,0.0,0.0,0.0,0.0,0.0,0.0,0.0,0.0,10
39,638,1,SPATIAL_IMBALANCE,2,15,1000,nearest,0,4,0,1,2000,random,0.0,0.0,0.0,0.0,0.0,0.0,0.0,0.0,10
39,638,1,SPATIAL_IMBALANCE,2,15,1000,nearest,0,4,1,1,2000,none,0.0,0.0,0.0,0.0,0.0,0.0,0.0,0.0,10
39,638,1,SPATIAL_IMBALANCE,2,15,1000,nearest,0,4,1,1,2000,past-avg,0.0,0.0,0.0,0.0,0.0,0.0,0.0,0.0,10
39,638,1,SPATIAL_IMBALANCE,2,15,1000,nearest,0,4,1,1,2000,past-avg-revisit,0.0,0.0,0.0,0.0,0.0,0.0,0.0,0.0,10
39,638,1,SPATIAL_IMBALANCE,2,15,1000,nearest,0,4,1,1,2000,past-avg-total,0.0,0.0,0.0,0.0,0.0,0.0,0.0,0.0,10
39,638,1,SPATIAL_IMBALANCE,2,15,1000,nearest,0,4,1,1,2000,random,0.0,0.0,0.0,0.0,0.0,0.0,0.0,0.0,10
39,638,1,SPATIAL_IMBALANCE,2,15,1000,nearest,1,4,0,1,2000,none,0.0,0.0,0.0,0.0,0.0,0.0,0.0,0.0,10
39,638,1,SPATIAL_IMBALANCE,2,15,1000,nearest,1,4,0,1,2000,past-avg,0.0,0.0,0.0,0.0,0.0,0.0,0.0,0.0,10
39,638,1,SPATIAL_IMBALANCE,2,15,1000,nearest,1,4,0,1,2000,past-avg-revisit,0.0,0.0,0.0,0.0,0.0,0.0,0.0,0.0,10
39,638,1,SPATIAL_IMBALANCE,2,15,1000,nearest,1,4,0,1,2000,past-avg-total,0.0,0.0,0.0,0.0,0.0,0.0,0.0,0.0,10
39,638,1,SPATIAL_IMBALANCE,2,15,1000,nearest,1,4,0,1,2000,random,0.0,0.0,0.0,0.0,0.0,0.0,0.0,0.0,10
39,638,1,SPATIAL_IMBALANCE,2,15,1000,nearest,1,4,1,1,2000,none,0.0,0.0,0.0,0.0,0.0,0.0,0.0,0.0,10
39,638,1,SPATIAL_IMBALANCE,2,15,1000,nearest,1,4,1,1,2000,past-avg,0.0,0.0,0.0,0.0,0.0,0.0,0.0,0.0,10
39,638,1,SPATIAL_IMBALANCE,2,15,1000,nearest,1,4,1,1,2000,past-avg-revisit,0.0,0.0,0.0,0.0,0.0,0.0,0.0,0.0,10
39,638,1,SPATIAL_IMBALANCE,2,15,1000,nearest,1,4,1,1,2000,past-avg-total,0.0,0.0,0.0,0.0,0.0,0.0,0.0,0.0,10
39,638,1,SPATIAL_IMBALANCE,2,15,1000,nearest,1,4,1,1,2000,random,0.0,0.0,0.0,0.0,0.0,0.0,0.0,0.0,10
39,638,1,SPATIAL_IMBALANCE,2,15,2000,greedy,0,4,0,1,2000,none,0.0,0.0,0.0,0.0,0.0,0.0,0.0,0.0,10
39,638,1,SPATIAL_IMBALANCE,2,15,2000,greedy,0,4,0,1,2000,past-avg,0.0,0.0,0.0,0.0,0.0,0.0,0.5,0.5,10
39,638,1,SPATIAL_IMBALANCE,2,15,2000,greedy,0,4,0,1,2000,past-avg-revisit,0.0,0.0,0.0,0.0,0.0,0.0,0.0,0.0,10
39,638,1,SPATIAL_IMBALANCE,2,15,2000,greedy,0,4,0,1,2000,past-avg-total,0.0,0.0,0.0,0.0,0.0,0.0,0.6,0.6,10
39,638,1,SPATIAL_IMBALANCE,2,15,2000,greedy,0,4,0,1,2000,random,0.0,0.0,0.0,0.0,0.0,0.0,0.0,0.0,10
39,638,1,SPATIAL_IMBALANCE,2,15,2000,greedy,0,4,1,1,2000,none,0.0,0.0,0.0,0.0,0.0,0.0,0.0,0.0,10
39,638,1,SPATIAL_IMBALANCE,2,15,2000,greedy,0,4,1,1,2000,past-avg,0.0,0.0,0.0,0.0,0.0,0.0,0.5,0.5,10
39,638,1,SPATIAL_IMBALANCE,2,15,2000,greedy,0,4,1,1,2000,past-avg-revisit,0.0,0.0,0.0,0.0,0.0,0.0,0.0,0.0,10
39,638,1,SPATIAL_IMBALANCE,2,15,2000,greedy,0,4,1,1,2000,past-avg-total,0.0,0.0,0.0,0.0,0.0,0.0,0.6,0.6,10
39,638,1,SPATIAL_IMBALANCE,2,15,2000,greedy,0,4,1,1,2000,random,0.0,0.0,0.0,0.0,0.0,0.0,0.0,0.0,10
39,638,1,SPATIAL_IMBALANCE,2,15,2000,greedy,1,4,0,1,2000,none,0.0,0.0,0.0,0.0,0.0,0.0,0.0,0.0,10
39,638,1,SPATIAL_IMBALANCE,2,15,2000,greedy,1,4,0,1,2000,past-avg,0.0,0.0,0.0,0.0,0.0,0.0,0.5,0.5,10
39,638,1,SPATIAL_IMBALANCE,2,15,2000,greedy,1,4,0,1,2000,past-avg-revisit,0.0,0.0,0.0,0.0,0.0,0.0,0.0,0.0,10
39,638,1,SPATIAL_IMBALANCE,2,15,2000,greedy,1,4,0,1,2000,past-avg-total,0.0,0.0,0.0,0.0,0.0,0.0,0.6,0.6,10
39,638,1,SPATIAL_IMBALANCE,2,15,2000,greedy,1,4,0,1,2000,random,0.0,0.0,0.0,0.0,0.0,0.0,0.0,0.0,10
39,638,1,SPATIAL_IMBALANCE,2,15,2000,greedy,1,4,1,1,2000,none,0.0,0.0,0.0,0.0,0.0,0.0,0.0,0.0,10
39,638,1,SPATIAL_IMBALANCE,2,15,2000,greedy,1,4,1,1,2000,past-avg,0.0,0.0,0.0,0.0,0.0,0.0,0.5,0.5,10
39,638,1,SPATIAL_IMBALANCE,2,15,2000,greedy,1,4,1,1,2000,past-avg-revisit,0.0,0.0,0.0,0.0,0.0,0.0,0.0,0.0,10
39,638,1,SPATIAL_IMBALANCE,2,15,2000,greedy,1,4,1,1,2000,past-avg-total,0.0,0.0,0.0,0.0,0.0,0.0,0.6,0.6,10
39,638,1,SPATIAL_IMBALANCE,2,15,2000,greedy,1,4,1,1,2000,random,0.0,0.0,0.0,0.0,0.0,0.0,0.0,0.0,10
39,638,1,SPATIAL_IMBALANCE,2,15,2000,nearest,0,4,0,1,2000,none,0.0,0.0,0.0,0.0,0.0,0.0,0.0,0.0,10
39,638,1,SPATIAL_IMBALANCE,2,15,2000,nearest,0,4,0,1,2000,past-avg,0.0,0.0,0.0,0.0,0.0,0.0,0.5,0.5,10
39,638,1,SPATIAL_IMBALANCE,2,15,2000,nearest,0,4,0,1,2000,past-avg-revisit,0.0,0.0,0.0,0.0,0.0,0.0,0.0,0.0,10
39,638,1,SPATIAL_IMBALANCE,2,15,2000,nearest,0,4,0,1,2000,past-avg-total,0.0,0.0,0.0,0.0,0.0,0.0,0.6,0.6,10
39,638,1,SPATIAL_IMBALANCE,2,15,2000,nearest,0,4,0,1,2000,random,0.0,0.0,0.0,0.0,0.0,0.0,0.0,0.0,10
39,638,1,SPATIAL_IMBALANCE,2,15,2000,nearest,0,4,1,1,2000,none,0.0,0.0,0.0,0.0,0.0,0.0,0.0,0.0,10
39,638,1,SPATIAL_IMBALANCE,2,15,2000,nearest,0,4,1,1,2000,past-avg,0.0,0.0,0.0,0.0,0.0,0.0,0.5,0.5,10
39,638,1,SPATIAL_IMBALANCE,2,15,2000,nearest,0,4,1,1,2000,past-avg-revisit,0.0,0.0,0.0,0.0,0.0,0.0,0.0,0.0,10
39,638,1,SPATIAL_IMBALANCE,2,15,2000,nearest,0,4,1,1,2000,past-avg-total,0.0,0.0,0.0,0.0,0.0,0.0,0.6,0.6,10
39,638,1,SPATIAL_IMBALANCE,2,15,2000,nearest,0,4,1,1,2000,random,0.0,0.0,0.0,0.0,0.0,0.0,0.0,0.0,10
39,638,1,SPATIAL_IMBALANCE,2,15,2000,nearest,1,4,0,1,2000,none,0.0,0.0,0.0,0.0,0.0,0.0,0.0,0.0,10
39,638,1,SPATIAL_IMBALANCE,2,15,2000,nearest,1,4,0,1,2000,past-avg,0.0,0.0,0.0,0.0,0.0,0.0,0.5,0.5,10
39,638,1,SPATIAL_IMBALANCE,2,15,2000,nearest,1,4,0,1,2000,past-avg-revisit,0.0,0.0,0.0,0.0,0.0,0.0,0.0,0.0,10
39,638,1,SPATIAL_IMBALANCE,2,15,2000,nearest,1,4,0,1,2000,past-avg-total,0.0,0.0,0.0,0.0,0.0,0.0,0.6,0.6,10
39,638,1,SPATIAL_IMBALANCE,2,15,2000,nearest,1,4,0,1,2000,random,0.0,0.0,0.0,0.0,0.0,0.0,0.0,0.0,10
39,638,1,SPATIAL_IMBALANCE,2,15,2000,nearest,1,4,1,1,2000,none,0.0,0.0,0.0,0.0,0.0,0.0,0.0,0.0,10
39,638,1,SPATIAL_IMBALANCE,2,15,2000,nearest,1,4,1,1,2000,past-avg,0.0,0.0,0.0,0.0,0.0,0.0,0.5,0.5,10
39,638,1,SPATIAL_IMBALANCE,2,15,2000,nearest,1,4,1,1,2000,past-avg-revisit,0.0,0.0,0.0,0.0,0.0,0.0,0.0,0.0,10
39,638,1,SPATIAL_IMBALANCE,2,15,2000,nearest,1,4,1,1,2000,past-avg-total,0.0,0.0,0.0,0.0,0.0,0.0,0.6,0.6,10
39,638,1,SPATIAL_IMBALANCE,2,15,2000,nearest,1,4,1,1,2000,random,0.0,0.0,0.0,0.0,0.0,0.0,0.0,0.0,10
39,638,1,SPATIAL_IMBALANCE,2,15,3000,greedy,0,4,0,1,2000,none,0.0,0.0,0.0,0.0,0.0,0.0,0.0,0.0,10
39,638,1,SPATIAL_IMBALANCE,2,15,3000,greedy,0,4,0,1,2000,past-avg,0.0,0.0,0.0,0.0,0.0,0.0,0.0,0.0,10
39,638,1,SPATIAL_IMBALANCE,2,15,3000,greedy,0,4,0,1,2000,past-avg-revisit,0.0,0.0,0.0,0.0,0.0,0.0,0.0,0.0,10
39,638,1,SPATIAL_IMBALANCE,2,15,3000,greedy,0,4,0,1,2000,past-avg-total,0.0,0.0,0.0,0.0,0.0,0.0,0.0,0.0,10
39,638,1,SPATIAL_IMBALANCE,2,15,3000,greedy,0,4,0,1,2000,random,0.0,0.0,0.0,0.0,0.0,0.0,0.0,0.0,10
39,638,1,SPATIAL_IMBALANCE,2,15,3000,greedy,0,4,1,1,2000,none,0.0,0.0,0.0,0.0,0.0,0.0,0.0,0.0,10
39,638,1,SPATIAL_IMBALANCE,2,15,3000,greedy,0,4,1,1,2000,past-avg,0.0,0.0,0.0,0.0,0.0,0.0,0.0,0.0,10
39,638,1,SPATIAL_IMBALANCE,2,15,3000,greedy,0,4,1,1,2000,past-avg-revisit,0.0,0.0,0.0,0.0,0.0,0.0,0.0,0.0,10
39,638,1,SPATIAL_IMBALANCE,2,15,3000,greedy,0,4,1,1,2000,past-avg-total,0.0,0.0,0.0,0.0,0.0,0.0,0.0,0.0,10
39,638,1,SPATIAL_IMBALANCE,2,15,3000,greedy,0,4,1,1,2000,random,0.0,0.0,0.0,0.0,0.0,0.0,0.0,0.0,10
39,638,1,SPATIAL_IMBALANCE,2,15,3000,greedy,1,4,0,1,2000,none,0.0,0.0,0.0,0.0,0.0,0.0,0.0,0.0,10
39,638,1,SPATIAL_IMBALANCE,2,15,3000,greedy,1,4,0,1,2000,past-avg,0.0,0.0,0.0,0.0,0.0,0.0,0.0,0.0,10
39,638,1,SPATIAL_IMBALANCE,2,15,3000,greedy,1,4,0,1,2000,past-avg-revisit,0.0,0.0,0.0,0.0,0.0,0.0,0.0,0.0,10
39,638,1,SPATIAL_IMBALANCE,2,15,3000,greedy,1,4,0,1,2000,past-avg-total,0.0,0.0,0.0,0.0,0.0,0.0,0.0,0.0,10
39,638,1,SPATIAL_IMBALANCE,2,15,3000,greedy,1,4,0,1,2000,random,0.0,0.0,0.0,0.0,0.0,0.0,0.0,0.0,10
39,638,1,SPATIAL_IMBALANCE,2,15,3000,greedy,1,4,1,1,2000,none,0.0,0.0,0.0,0.0,0.0,0.0,0.0,0.0,10
39,638,1,SPATIAL_IMBALANCE,2,15,3000,greedy,1,4,1,1,2000,past-avg,0.0,0.0,0.0,0.0,0.0,0.0,0.0,0.0,10
39,638,1,SPATIAL_IMBALANCE,2,15,3000,greedy,1,4,1,1,2000,past-avg-revisit,0.0,0.0,0.0,0.0,0.0,0.0,0.0,0.0,10
39,638,1,SPATIAL_IMBALANCE,2,15,3000,greedy,1,4,1,1,2000,past-avg-total,0.0,0.0,0.0,0.0,0.0,0.0,0.0,0.0,10
39,638,1,SPATIAL_IMBALANCE,2,15,3000,greedy,1,4,1,1,2000,random,0.0,0.0,0.0,0.0,0.0,0.0,0.0,0.0,10
39,638,1,SPATIAL_IMBALANCE,2,15,3000,nearest,0,4,0,1,2000,none,0.0,0.0,0.0,0.0,0.0,0.0,0.0,0.0,10
39,638,1,SPATIAL_IMBALANCE,2,15,3000,nearest,0,4,0,1,2000,past-avg,0.0,0.0,0.0,0.0,0.0,0.0,0.0,0.0,10
39,638,1,SPATIAL_IMBALANCE,2,15,3000,nearest,0,4,0,1,2000,past-avg-revisit,0.0,0.0,0.0,0.0,0.0,0.0,0.0,0.0,10
39,638,1,SPATIAL_IMBALANCE,2,15,3000,nearest,0,4,0,1,2000,past-avg-total,0.0,0.0,0.0,0.0,0.0,0.0,0.0,0.0,10
39,638,1,SPATIAL_IMBALANCE,2,15,3000,nearest,0,4,0,1,2000,random,0.0,0.0,0.0,0.0,0.0,0.0,0.0,0.0,10
39,638,1,SPATIAL_IMBALANCE,2,15,3000,nearest,0,4,1,1,2000,none,0.0,0.0,0.0,0.0,0.0,0.0,0.0,0.0,10
39,638,1,SPATIAL_IMBALANCE,2,15,3000,nearest,0,4,1,1,2000,past-avg,0.0,0.0,0.0,0.0,0.0,0.0,0.0,0.0,10
39,638,1,SPATIAL_IMBALANCE,2,15,3000,nearest,0,4,1,1,2000,past-avg-revisit,0.0,0.0,0.0,0.0,0.0,0.0,0.0,0.0,10
39,638,1,SPATIAL_IMBALANCE,2,15,3000,nearest,0,4,1,1,2000,past-avg-total,0.0,0.0,0.0,0.0,0.0,0.0,0.0,0.0,10
39,638,1,SPATIAL_IMBALANCE,2,15,3000,nearest,0,4,1,1,2000,random,0.0,0.0,0.0,0.0,0.0,0.0,0.0,0.0,10
39,638,1,SPATIAL_IMBALANCE,2,15,3000,nearest,1,4,0,1,2000,none,0.0,0.0,0.0,0.0,0.0,0.0,0.0,0.0,10
39,638,1,SPATIAL_IMBALANCE,2,15,3000,nearest,1,4,0,1,2000,past-avg,0.0,0.0,0.0,0.0,0.0,0.0,0.0,0.0,10
39,638,1,SPATIAL_IMBALANCE,2,15,3000,nearest,1,4,0,1,2000,past-avg-revisit,0.0,0.0,0.0,0.0,0.0,0.0,0.0,0.0,10
39,638,1,SPATIAL_IMBALANCE,2,15,3000,nearest,1,4,0,1,2000,past-avg-total,0.0,0.0,0.0,0.0,0.0,0.0,0.0,0.0,10
39,638,1,SPATIAL_IMBALANCE,2,15,3000,nearest,1,4,0,1,2000,random,0.0,0.0,0.0,0.0,0.0,0.0,0.0,0.0,10
39,638,1,SPATIAL_IMBALANCE,2,15,3000,nearest,1,4,1,1,2000,none,0.0,0.0,0.0,0.0,0.0,0.0,0.0,0.0,10
39,638,1,SPATIAL_IMBALANCE,2,15,3000,nearest,1,4,1,1,2000,past-avg,0.0,0.0,0.0,0.0,0.0,0.0,0.0,0.0,10
39,638,1,SPATIAL_IMBALANCE,2,15,3000,nearest,1,4,1,1,2000,past-avg-revisit,0.0,0.0,0.0,0.0,0.0,0.0,0.0,0.0,10
39,638,1,SPATIAL_IMBALANCE,2,15,3000,nearest,1,4,1,1,2000,past-avg-total,0.0,0.0,0.0,0.0,0.0,0.0,0.0,0.0,10
39,638,1,SPATIAL_IMBALANCE,2,15,3000,nearest,1,4,1,1,2000,random,0.0,0.0,0.0,0.0,0.0,0.0,0.0,0.0,10
39,638,1,SPATIAL_ISLANDS,0,15,1000,greedy,0,4,0,1,2000,none,0.0,0.0,0.0,0.0,0.0,0.0,0.0,0.0,10
39,638,1,SPATIAL_ISLANDS,0,15,1000,greedy,0,4,0,1,2000,past-avg,0.0,0.0,0.0,0.0,0.0,0.0,0.0,0.0,10
39,638,1,SPATIAL_ISLANDS,0,15,1000,greedy,0,4,0,1,2000,past-avg-revisit,0.0,0.0,0.0,0.0,0.0,0.0,0.0,0.0,10
39,638,1,SPATIAL_ISLANDS,0,15,1000,greedy,0,4,0,1,2000,past-avg-total,0.0,0.0,0.0,0.0,0.0,0.0,0.0,0.0,10
39,638,1,SPATIAL_ISLANDS,0,15,1000,greedy,0,4,0,1,2000,random,0.0,0.0,0.0,0.0,0.0,0.0,0.0,0.0,10
39,638,1,SPATIAL_ISLANDS,0,15,1000,greedy,0,4,1,1,2000,none,0.0,0.0,0.0,0.0,0.0,0.0,0.0,0.0,10
39,638,1,SPATIAL_ISLANDS,0,15,1000,greedy,0,4,1,1,2000,past-avg,0.0,0.0,0.0,0.0,0.0,0.0,0.0,0.0,10
39,638,1,SPATIAL_ISLANDS,0,15,1000,greedy,0,4,1,1,2000,past-avg-revisit,0.0,0.0,0.0,0.0,0.0,0.0,0.0,0.0,10
39,638,1,SPATIAL_ISLANDS,0,15,1000,greedy,0,4,1,1,2000,past-avg-total,0.0,0.0,0.0,0.0,0.0,0.0,0.0,0.0,10
39,638,1,SPATIAL_ISLANDS,0,15,1000,greedy,0,4,1,1,2000,random,0.0,0.0,0.0,0.0,0.0,0.0,0.0,0.0,10
39,638,1,SPATIAL_ISLANDS,0,15,1000,greedy,1,4,0,1,2000,none,0.0,0.0,0.0,0.0,0.0,0.0,0.0,0.0,10
39,638,1,SPATIAL_ISLANDS,0,15,1000,greedy,1,4,0,1,2000,past-avg,0.0,0.0,0.0,0.0,0.0,0.0,0.0,0.0,10
39,638,1,SPATIAL_ISLANDS,0,15,1000,greedy,1,4,0,1,2000,past-avg-revisit,0.0,0.0,0.0,0.0,0.0,0.0,0.0,0.0,10
39,638,1,SPATIAL_ISLANDS,0,15,1000,greedy,1,4,0,1,2000,past-avg-total,0.0,0.0,0.0,0.0,0.0,0.0,0.0,0.0,10
39,638,1,SPATIAL_ISLANDS,0,15,1000,greedy,1,4,0,1,2000,random,0.0,0.0,0.0,0.0,0.0,0.0,0.0,0.0,10
39,638,1,SPATIAL_ISLANDS,0,15,1000,greedy,1,4,1,1,2000,none,0.0,0.0,0.0,0.0,0.0,0.0,0.0,0.0,10
39,638,1,SPATIAL_ISLANDS,0,15,1000,greedy,1,4,1,1,2000,past-avg,0.0,0.0,0.0,0.0,0.0,0.0,0.0,0.0,10
39,638,1,SPATIAL_ISLANDS,0,15,1000,greedy,1,4,1,1,2000,past-avg-revisit,0.0,0.0,0.0,0.0,0.0,0.0,0.0,0.0,10
39,638,1,SPATIAL_ISLANDS,0,15,1000,greedy,1,4,1,1,2000,past-avg-total,0.0,0.0,0.0,0.0,0.0,0.0,0.0,0.0,10
39,638,1,SPATIAL_ISLANDS,0,15,1000,greedy,1,4,1,1,2000,random,0.0,0.0,0.0,0.0,0.0,0.0,0.0,0.0,10
39,638,1,SPATIAL_ISLANDS,0,15,1000,nearest,0,4,0,1,2000,none,0.0,0.0,0.0,0.0,0.0,0.0,0.0,0.0,10
39,638,1,SPATIAL_ISLANDS,0,15,1000,nearest,0,4,0,1,2000,past-avg,0.0,0.0,0.0,0.0,0.0,0.0,0.0,0.0,10
39,638,1,SPATIAL_ISLANDS,0,15,1000,nearest,0,4,0,1,2000,past-avg-revisit,0.0,0.0,0.0,0.0,0.0,0.0,0.0,0.0,10
39,638,1,SPATIAL_ISLANDS,0,15,1000,nearest,0,4,0,1,2000,past-avg-total,0.0,0.0,0.0,0.0,0.0,0.0,0.0,0.0,10
39,638,1,SPATIAL_ISLANDS,0,15,1000,nearest,0,4,0,1,2000,random,0.0,0.0,0.0,0.0,0.0,0.0,0.0,0.0,10
39,638,1,SPATIAL_ISLANDS,0,15,1000,nearest,0,4,1,1,2000,none,0.0,0.0,0.0,0.0,0.0,0.0,0.0,0.0,10
39,638,1,SPATIAL_ISLANDS,0,15,1000,nearest,0,4,1,1,2000,past-avg,0.0,0.0,0.0,0.0,0.0,0.0,0.0,0.0,10
39,638,1,SPATIAL_ISLANDS,0,15,1000,nearest,0,4,1,1,2000,past-avg-revisit,0.0,0.0,0.0,0.0,0.0,0.0,0.0,0.0,10
39,638,1,SPATIAL_ISLANDS,0,15,1000,nearest,0,4,1,1,2000,past-avg-total,0.0,0.0,0.0,0.0,0.0,0.0,0.0,0.0,10
39,638,1,SPATIAL_ISLANDS,0,15,1000,nearest,0,4,1,1,2000,random,0.0,0.0,0.0,0.0,0.0,0.0,0.0,0.0,10
39,638,1,SPATIAL_ISLANDS,0,15,1000,nearest,1,4,0,1,2000,none,0.0,0.0,0.0,0.0,0.0,0.0,0.0,0.0,10
39,638,1,SPATIAL_ISLANDS,0,15,1000,nearest,1,4,0,1,2000,past-avg,0.0,0.0,0.0,0.0,0.0,0.0,0.0,0.0,10
39,638,1,SPATIAL_ISLANDS,0,15,1000,nearest,1,4,0,1,2000,past-avg-revisit,0.0,0.0,0.0,0.0,0.0,0.0,0.0,0.0,10
39,638,1,SPATIAL_ISLANDS,0,15,1000,nearest,1,4,0,1,2000,past-avg-total,0.0,0.0,0.0,0.0,0.0,0.0,0.0,0.0,10
39,638,1,SPATIAL_ISLANDS,0,15,1000,nearest,1,4,0,1,2000,random,0.0,0.0,0.0,0.0,0.0,0.0,0.0,0.0,10
39,638,1,SPATIAL_ISLANDS,0,15,1000,nearest,1,4,1,1,2000,none,0.0,0.0,0.0,0.0,0.0,0.0,0.0,0.0,10
39,638,1,SPATIAL_ISLANDS,0,15,1000,nearest,1,4,1,1,2000,past-avg,0.0,0.0,0.0,0.0,0.0,0.0,0.0,0.0,10
39,638,1,SPATIAL_ISLANDS,0,15,1000,nearest,1,4,1,1,2000,past-avg-revisit,0.0,0.0,0.0,0.0,0.0,0.0,0.0,0.0,10
39,638,1,SPATIAL_ISLANDS,0,15,1000,nearest,1,4,1,1,2000,past-avg-total,0.0,0.0,0.0,0.0,0.0,0.0,0.0,0.0,10
39,638,1,SPATIAL_ISLANDS,0,15,1000,nearest,1,4,1,1,2000,random,0.0,0.0,0.0,0.0,0.0,0.0,0.0,0.0,10
39,638,1,SPATIAL_ISLANDS,0,15,2000,greedy,0,4,0,1,2000,none,0.0,0.0,0.0,0.0,0.0,0.0,0.0,0.0,10
39,638,1,SPATIAL_ISLANDS,0,15,2000,greedy,0,4,0,1,2000,past-avg,0.0,0.0,0.0,0.0,0.0,0.0,0.7,0.7,10
39,638,1,SPATIAL_ISLANDS,0,15,2000,greedy,0,4,0,1,2000,past-avg-revisit,0.0,0.0,0.0,0.0,0.0,0.0,0.0,0.0,10
39,638,1,SPATIAL_ISLANDS,0,15,2000,greedy,0,4,0,1,2000,past-avg-total,0.0,0.0,0.0,0.0,0.0,0.0,0.6,0.6,10
39,638,1,SPATIAL_ISLANDS,0,15,2000,greedy,0,4,0,1,2000,random,0.0,0.0,0.0,0.0,0.0,0.0,0.0,0.0,10
39,638,1,SPATIAL_ISLANDS,0,15,2000,greedy,0,4,1,1,2000,none,0.0,0.0,0.0,0.0,0.0,0.0,0.0,0.0,10
39,638,1,SPATIAL_ISLANDS,0,15,2000,greedy,0,4,1,1,2000,past-avg,0.0,0.0,0.0,0.0,0.0,0.0,0.7,0.7,10
39,638,1,SPATIAL_ISLANDS,0,15,2000,greedy,0,4,1,1,2000,past-avg-revisit,0.0,0.0,0.0,0.0,0.0,0.0,0.0,0.0,10
39,638,1,SPATIAL_ISLANDS,0,15,2000,greedy,0,4,1,1,2000,past-avg-total,0.0,0.0,0.0,0.0,0.0,0.0,0.6,0.6,10
39,638,1,SPATIAL_ISLANDS,0,15,2000,greedy,0,4,1,1,2000,random,0.0,0.0,0.0,0.0,0.0,0.0,0.0,0.0,10
39,638,1,SPATIAL_ISLANDS,0,15,2000,greedy,1,4,0,1,2000,none,0.0,0.0,0.0,0.0,0.0,0.0,0.0,0.0,10
39,638,1,SPATIAL_ISLANDS,0,15,2000,greedy,1,4,0,1,2000,past-avg,0.0,0.0,0.0,0.0,0.0,0.0,0.7,0.7,10
39,638,1,SPATIAL_ISLANDS,0,15,2000,greedy,1,4,0,1,2000,past-avg-revisit,0.0,0.0,0.0,0.0,0.0,0.0,0.0,0.0,10
39,638,1,SPATIAL_ISLANDS,0,15,2000,greedy,1,4,0,1,2000,past-avg-total,0.0,0.0,0.0,0.0,0.0,0.0,0.6,0.6,10
39,638,1,SPATIAL_ISLANDS,0,15,2000,greedy,1,4,0,1,2000,random,0.0,0.0,0.0,0.0,0.0,0.0,0.0,0.0,10
39,638,1,SPATIAL_ISLANDS,0,15,2000,greedy,1,4,1,1,2000,none,0.0,0.0,0.0,0.0,0.0,0.0,0.0,0.0,10
39,638,1,SPATIAL_ISLANDS,0,15,2000,greedy,1,4,1,1,2000,past-avg,0.0,0.0,0.0,0.0,0.0,0.0,0.7,0.7,10
39,638,1,SPATIAL_ISLANDS,0,15,2000,greedy,1,4,1,1,2000,past-avg-revisit,0.0,0.0,0.0,0.0,0.0,0.0,0.0,0.0,10
39,638,1,SPATIAL_ISLANDS,0,15,2000,greedy,1,4,1,1,2000,past-avg-total,0.0,0.0,0.0,0.0,0.0,0.0,0.6,0.6,10
39,638,1,SPATIAL_ISLANDS,0,15,2000,greedy,1,4,1,1,2000,random,0.0,0.0,0.0,0.0,0.0,0.0,0.0,0.0,10
39,638,1,SPATIAL_ISLANDS,0,15,2000,nearest,0,4,0,1,2000,none,0.0,0.0,0.0,0.0,0.0,0.0,0.0,0.0,10
39,638,1,SPATIAL_ISLANDS,0,15,2000,nearest,0,4,0,1,2000,past-avg,0.0,0.0,0.0,0.0,0.0,0.0,0.7,0.7,10
39,638,1,SPATIAL_ISLANDS,0,15,2000,nearest,0,4,0,1,2000,past-avg-revisit,0.0,0.0,0.0,0.0,0.0,0.0,0.0,0.0,10
39,638,1,SPATIAL_ISLANDS,0,15,2000,nearest,0,4,0,1,2000,past-avg-total,0.0,0.0,0.0,0.0,0.0,0.0,0.6,0.6,10
39,638,1,SPATIAL_ISLANDS,0,15,2000,nearest,0,4,0,1,2000,random,0.0,0.0,0.0,0.0,0.0,0.0,0.0,0.0,10
39,638,1,SPATIAL_ISLANDS,0,15,2000,nearest,0,4,1,1,2000,none,0.0,0.0,0.0,0.0,0.0,0.0,0.0,0.0,10
39,638,1,SPATIAL_ISLANDS,0,15,2000,nearest,0,4,1,1,2000,past-avg,0.0,0.0,0.0,0.0,0.0,0.0,0.7,0.7,10
39,638,1,SPATIAL_ISLANDS,0,15,2000,nearest,0,4,1,1,2000,past-avg-revisit,0.0,0.0,0.0,0.0,0.0,0.0,0.0,0.0,10
39,638,1,SPATIAL_ISLANDS,0,15,2000,nearest,0,4,1,1,2000,past-avg-total,0.0,0.0,0.0,0.0,0.0,0.0,0.6,0.6,10
39,638,1,SPATIAL_ISLANDS,0,15,2000,nearest,0,4,1,1,2000,random,0.0,0.0,0.0,0.0,0.0,0.0,0.0,0.0,10
39,638,1,SPATIAL_ISLANDS,0,15,2000,nearest,1,4,0,1,2000,none,0.0,0.0,0.0,0.0,0.0,0.0,0.0,0.0,10
39,638,1,SPATIAL_ISLANDS,0,15,2000,nearest,1,4,0,1,2000,past-avg,0.0,0.0,0.0,0.0,0.0,0.0,0.7,0.7,10
39,638,1,SPATIAL_ISLANDS,0,15,2000,nearest,1,4,0,1,2000,past-avg-revisit,0.0,0.0,0.0,0.0,0.0,0.0,0.0,0.0,10
39,638,1,SPATIAL_ISLANDS,0,15,2000,nearest,1,4,0,1,2000,past-avg-total,0.0,0.0,0.0,0.0,0.0,0.0,0.6,0.6,10
39,638,1,SPATIAL_ISLANDS,0,15,2000,nearest,1,4,0,1,2000,random,0.0,0.0,0.0,0.0,0.0,0.0,0.0,0.0,10
39,638,1,SPATIAL_ISLANDS,0,15,2000,nearest,1,4,1,1,2000,none,0.0,0.0,0.0,0.0,0.0,0.0,0.0,0.0,10
39,638,1,SPATIAL_ISLANDS,0,15,2000,nearest,1,4,1,1,2000,past-avg,0.0,0.0,0.0,0.0,0.0,0.0,0.7,0.7,10
39,638,1,SPATIAL_ISLANDS,0,15,2000,nearest,1,4,1,1,2000,past-avg-revisit,0.0,0.0,0.0,0.0,0.0,0.0,0.0,0.0,10
39,638,1,SPATIAL_ISLANDS,0,15,2000,nearest,1,4,1,1,2000,past-avg-total,0.0,0.0,0.0,0.0,0.0,0.0,0.6,0.6,10
39,638,1,SPATIAL_ISLANDS,0,15,2000,nearest,1,4,1,1,2000,random,0.0,0.0,0.0,0.0,0.0,0.0,0.0,0.0,10
39,638,1,SPATIAL_ISLANDS,0,15,3000,greedy,0,4,0,1,2000,none,0.0,0.0,0.0,0.0,0.0,0.0,0.0,0.0,10
39,638,1,SPATIAL_ISLANDS,0,15,3000,greedy,0,4,0,1,2000,past-avg,0.0,0.0,0.0,0.0,0.2,0.2,1.0,1.0,10
39,638,1,SPATIAL_ISLANDS,0,15,3000,greedy,0,4,0,1,2000,past-avg-revisit,0.0,0.0,0.0,0.0,0.1,0.1,0.2,0.2,10
39,638,1,SPATIAL_ISLANDS,0,15,3000,greedy,0,4,0,1,2000,past-avg-total,0.0,0.0,0.0,0.0,0.2,0.2,1.0,1.0,10
39,638,1,SPATIAL_ISLANDS,0,15,3000,greedy,0,4,0,1,2000,random,0.0,0.0,0.0,0.0,0.0,0.0,0.3,0.3,10
39,638,1,SPATIAL_ISLANDS,0,15,3000,greedy,0,4,1,1,2000,none,0.0,0.0,0.0,0.0,0.0,0.0,0.0,0.0,10
39,638,1,SPATIAL_ISLANDS,0,15,3000,greedy,0,4,1,1,2000,past-avg,0.0,0.0,0.0,0.0,0.2,0.2,1.0,1.0,10
39,638,1,SPATIAL_ISLANDS,0,15,3000,greedy,0,4,1,1,2000,past-avg-revisit,0.0,0.0,0.0,0.0,0.1,0.1,0.2,0.2,10
39,638,1,SPATIAL_ISLANDS,0,15,3000,greedy,0,4,1,1,2000,past-avg-total,0.0,0.0,0.0,0.0,0.2,0.2,1.0,1.0,10
39,638,1,SPATIAL_ISLANDS,0,15,3000,greedy,0,4,1,1,2000,random,0.0,0.0,0.0,0.0,0.0,0.0,0.3,0.3,10
39,638,1,SPATIAL_ISLANDS,0,15,3000,greedy,1,4,0,1,2000,none,0.0,0.0,0.0,0.0,0.0,0.0,0.0,0.0,10
39,638,1,SPATIAL_ISLANDS,0,15,3000,greedy,1,4,0,1,2000,past-avg,0.0,0.0,0.0,0.0,0.2,0.2,1.0,1.0,10
39,638,1,SPATIAL_ISLANDS,0,15,3000,greedy,1,4,0,1,2000,past-avg-revisit,0.0,0.0,0.0,0.0,0.1,0.1,0.2,0.2,10
39,638,1,SPATIAL_ISLANDS,0,15,3000,greedy,1,4,0,1,2000,past-avg-total,0.0,0.0,0.0,0.0,0.2,0.2,1.0,1.0,10
39,638,1,SPATIAL_ISLANDS,0,15,3000,greedy,1,4,0,1,2000,random,0.0,0.0,0.0,0.0,0.0,0.0,0.3,0.3,10
39,638,1,SPATIAL_ISLANDS,0,15,3000,greedy,1,4,1,1,2000,none,0.0,0.0,0.0,0.0,0.0,0.0,0.0,0.0,10
39,638,1,SPATIAL_ISLANDS,0,15,3000,greedy,1,4,1,1,2000,past-avg,0.0,0.0,0.0,0.0,0.2,0.2,1.0,1.0,10
39,638,1,SPATIAL_ISLANDS,0,15,3000,greedy,1,4,1,1,2000,past-avg-revisit,0.0,0.0,0.0,0.0,0.1,0.1,0.2,0.2,10
39,638,1,SPATIAL_ISLANDS,0,15,3000,greedy,1,4,1,1,2000,past-avg-total,0.0,0.0,0.0,0.0,0.2,0.2,1.0,1.0,10
39,638,1,SPATIAL_ISLANDS,0,15,3000,greedy,1,4,1,1,2000,random,0.0,0.0,0.0,0.0,0.0,0.0,0.3,0.3,10
39,638,1,SPATIAL_ISLANDS,0,15,3000,nearest,0,4,0,1,2000,none,0.0,0.0,0.0,0.0,0.0,0.0,0.0,0.0,10
39,638,1,SPATIAL_ISLANDS,0,15,3000,nearest,0,4,0,1,2000,past-avg,0.0,0.0,0.0,0.0,0.2,0.2,1.0,1.0,10
39,638,1,SPATIAL_ISLANDS,0,15,3000,nearest,0,4,0,1,2000,past-avg-revisit,0.0,0.0,0.0,0.0,0.1,0.1,0.2,0.2,10
39,638,1,SPATIAL_ISLANDS,0,15,3000,nearest,0,4,0,1,2000,past-avg-total,0.0,0.0,0.0,0.0,0.2,0.2,1.0,1.0,10
39,638,1,SPATIAL_ISLANDS,0,15,3000,nearest,0,4,0,1,2000,random,0.0,0.0,0.0,0.0,0.0,0.0,0.3,0.3,10
39,638,1,SPATIAL_ISLANDS,0,15,3000,nearest,0,4,1,1,2000,none,0.0,0.0,0.0,0.0,0.0,0.0,0.0,0.0,10
39,638,1,SPATIAL_ISLANDS,0,15,3000,nearest,0,4,1,1,2000,past-avg,0.0,0.0,0.0,0.0,0.2,0.2,1.0,1.0,10
39,638,1,SPATIAL_ISLANDS,0,15,3000,nearest,0,4,1,1,2000,past-avg-revisit,0.0,0.0,0.0,0.0,0.1,0.1,0.2,0.2,10
39,638,1,SPATIAL_ISLANDS,0,15,3000,nearest,0,4,1,1,2000,past-avg-total,0.0,0.0,0.0,0.0,0.2,0.2,1.0,1.0,10
39,638,1,SPATIAL_ISLANDS,0,15,3000,nearest,0,4,1,1,2000,random,0.0,0.0,0.0,0.0,0.0,0.0,0.3,0.3,10
39,638,1,SPATIAL_ISLANDS,0,15,3000,nearest,1,4,0,1,2000,none,0.0,0.0,0.0,0.0,0.0,0.0,0.0,0.0,10
39,638,1,SPATIAL_ISLANDS,0,15,3000,nearest,1,4,0,1,2000,past-avg,0.0,0.0,0.0,0.0,0.2,0.2,1.0,1.0,10
39,638,1,SPATIAL_ISLANDS,0,15,3000,nearest,1,4,0,1,2000,past-avg-revisit,0.0,0.0,0.0,0.0,0.1,0.1,0.2,0.2,10
39,638,1,SPATIAL_ISLANDS,0,15,3000,nearest,1,4,0,1,2000,past-avg-total,0.0,0.0,0.0,0.0,0.2,0.2,1.0,1.0,10
39,638,1,SPATIAL_ISLANDS,0,15,3000,nearest,1,4,0,1,2000,random,0.0,0.0,0.0,0.0,0.0,0.0,0.3,0.3,10
39,638,1,SPATIAL_ISLANDS,0,15,3000,nearest,1,4,1,1,2000,none,0.0,0.0,0.0,0.0,0.0,0.0,0.0,0.0,10
39,638,1,SPATIAL_ISLANDS,0,15,3000,nearest,1,4,1,1,2000,past-avg,0.0,0.0,0.0,0.0,0.2,0.2,1.0,1.0,10
39,638,1,SPATIAL_ISLANDS,0,15,3000,nearest,1,4,1,1,2000,past-avg-revisit,0.0,0.0,0.0,0.0,0.1,0.1,0.2,0.2,10
39,638,1,SPATIAL_ISLANDS,0,15,3000,nearest,1,4,1,1,2000,past-avg-total,0.0,0.0,0.0,0.0,0.2,0.2,1.0,1.0,10
39,638,1,SPATIAL_ISLANDS,0,15,3000,nearest,1,4,1,1,2000,random,0.0,0.0,0.0,0.0,0.0,0.0,0.3,0.3,10
39,638,1,SPATIAL_ISLANDS,1,15,1000,greedy,0,4,0,1,2000,none,0.0,0.0,0.0,0.0,0.0,0.0,0.0,0.0,10
39,638,1,SPATIAL_ISLANDS,1,15,1000,greedy,0,4,0,1,2000,past-avg,0.0,0.0,0.0,0.0,0.0,0.0,0.0,0.0,10
39,638,1,SPATIAL_ISLANDS,1,15,1000,greedy,0,4,0,1,2000,past-avg-revisit,0.0,0.0,0.0,0.0,0.0,0.0,0.0,0.0,10
39,638,1,SPATIAL_ISLANDS,1,15,1000,greedy,0,4,0,1,2000,past-avg-total,0.0,0.0,0.0,0.0,0.0,0.0,0.0,0.0,10
39,638,1,SPATIAL_ISLANDS,1,15,1000,greedy,0,4,0,1,2000,random,0.0,0.0,0.0,0.0,0.0,0.0,0.0,0.0,10
39,638,1,SPATIAL_ISLANDS,1,15,1000,greedy,0,4,1,1,2000,none,0.0,0.0,0.0,0.0,0.0,0.0,0.0,0.0,10
39,638,1,SPATIAL_ISLANDS,1,15,1000,greedy,0,4,1,1,2000,past-avg,0.0,0.0,0.0,0.0,0.0,0.0,0.0,0.0,10
39,638,1,SPATIAL_ISLANDS,1,15,1000,greedy,0,4,1,1,2000,past-avg-revisit,0.0,0.0,0.0,0.0,0.0,0.0,0.0,0.0,10
39,638,1,SPATIAL_ISLANDS,1,15,1000,greedy,0,4,1,1,2000,past-avg-total,0.0,0.0,0.0,0.0,0.0,0.0,0.0,0.0,10
39,638,1,SPATIAL_ISLANDS,1,15,1000,greedy,0,4,1,1,2000,random,0.0,0.0,0.0,0.0,0.0,0.0,0.0,0.0,10
39,638,1,SPATIAL_ISLANDS,1,15,1000,greedy,1,4,0,1,2000,none,0.0,0.0,0.0,0.0,0.0,0.0,0.0,0.0,10
39,638,1,SPATIAL_ISLANDS,1,15,1000,greedy,1,4,0,1,2000,past-avg,0.0,0.0,0.0,0.0,0.0,0.0,0.0,0.0,10
39,638,1,SPATIAL_ISLANDS,1,15,1000,greedy,1,4,0,1,2000,past-avg-revisit,0.0,0.0,0.0,0.0,0.0,0.0,0.0,0.0,10
39,638,1,SPATIAL_ISLANDS,1,15,1000,greedy,1,4,0,1,2000,past-avg-total,0.0,0.0,0.0,0.0,0.0,0.0,0.0,0.0,10
39,638,1,SPATIAL_ISLANDS,1,15,1000,greedy,1,4,0,1,2000,random,0.0,0.0,0.0,0.0,0.0,0.0,0.0,0.0,10
39,638,1,SPATIAL_ISLANDS,1,15,1000,greedy,1,4,1,1,2000,none,0.0,0.0,0.0,0.0,0.0,0.0,0.0,0.0,10
39,638,1,SPATIAL_ISLANDS,1,15,1000,greedy,1,4,1,1,2000,past-avg,0.0,0.0,0.0,0.0,0.0,0.0,0.0,0.0,10
39,638,1,SPATIAL_ISLANDS,1,15,1000,greedy,1,4,1,1,2000,past-avg-revisit,0.0,0.0,0.0,0.0,0.0,0.0,0.0,0.0,10
39,638,1,SPATIAL_ISLANDS,1,15,1000,greedy,1,4,1,1,2000,past-avg-total,0.0,0.0,0.0,0.0,0.0,0.0,0.0,0.0,10
39,638,1,SPATIAL_ISLANDS,1,15,1000,greedy,1,4,1,1,2000,random,0.0,0.0,0.0,0.0,0.0,0.0,0.0,0.0,10
39,638,1,SPATIAL_ISLANDS,1,15,1000,nearest,0,4,0,1,2000,none,0.0,0.0,0.0,0.0,0.0,0.0,0.0,0.0,10
39,638,1,SPATIAL_ISLANDS,1,15,1000,nearest,0,4,0,1,2000,past-avg,0.0,0.0,0.0,0.0,0.0,0.0,0.0,0.0,10
39,638,1,SPATIAL_ISLANDS,1,15,1000,nearest,0,4,0,1,2000,past-avg-revisit,0.0,0.0,0.0,0.0,0.0,0.0,0.0,0.0,10
39,638,1,SPATIAL_ISLANDS,1,15,1000,nearest,0,4,0,1,2000,past-avg-total,0.0,0.0,0.0,0.0,0.0,0.0,0.0,0.0,10
39,638,1,SPATIAL_ISLANDS,1,15,1000,nearest,0,4,0,1,2000,random,0.0,0.0,0.0,0.0,0.0,0.0,0.0,0.0,10
39,638,1,SPATIAL_ISLANDS,1,15,1000,nearest,0,4,1,1,2000,none,0.0,0.0,0.0,0.0,0.0,0.0,0.0,0.0,10
39,638,1,SPATIAL_ISLANDS,1,15,1000,nearest,0,4,1,1,2000,past-avg,0.0,0.0,0.0,0.0,0.0,0.0,0.0,0.0,10
39,638,1,SPATIAL_ISLANDS,1,15,1000,nearest,0,4,1,1,2000,past-avg-revisit,0.0,0.0,0.0,0.0,0.0,0.0,0.0,0.0,10
39,638,1,SPATIAL_ISLANDS,1,15,1000,nearest,0,4,1,1,2000,past-avg-total,0.0,0.0,0.0,0.0,0.0,0.0,0.0,0.0,10
39,638,1,SPATIAL_ISLANDS,1,15,1000,nearest,0,4,1,1,2000,random,0.0,0.0,0.0,0.0,0.0,0.0,0.0,0.0,10
39,638,1,SPATIAL_ISLANDS,1,15,1000,nearest,1,4,0,1,2000,none,0.0,0.0,0.0,0.0,0.0,0.0,0.0,0.0,10
39,638,1,SPATIAL_ISLANDS,1,15,1000,nearest,1,4,0,1,2000,past-avg,0.0,0.0,0.0,0.0,0.0,0.0,0.0,0.0,10
39,638,1,SPATIAL_ISLANDS,1,15,1000,nearest,1,4,0,1,2000,past-avg-revisit,0.0,0.0,0.0,0.0,0.0,0.0,0.0,0.0,10
39,638,1,SPATIAL_ISLANDS,1,15,1000,nearest,1,4,0,1,2000,past-avg-total,0.0,0.0,0.0,0.0,0.0,0.0,0.0,0.0,10
39,638,1,SPATIAL_ISLANDS,1,15,1000,nearest,1,4,0,1,2000,random,0.0,0.0,0.0,0.0,0.0,0.0,0.0,0.0,10
39,638,1,SPATIAL_ISLANDS,1,15,1000,nearest,1,4,1,1,2000,none,0.0,0.0,0.0,0.0,0.0,0.0,0.0,0.0,10
39,638,1,SPATIAL_ISLANDS,1,15,1000,nearest,1,4,1,1,2000,past-avg,0.0,0.0,0.0,0.0,0.0,0.0,0.0,0.0,10
39,638,1,SPATIAL_ISLANDS,1,15,1000,nearest,1,4,1,1,2000,past-avg-revisit,0.0,0.0,0.0,0.0,0.0,0.0,0.0,0.0,10
39,638,1,SPATIAL_ISLANDS,1,15,1000,nearest,1,4,1,1,2000,past-avg-total,0.0,0.0,0.0,0.0,0.0,0.0,0.0,0.0,10
39,638,1,SPATIAL_ISLANDS,1,15,1000,nearest,1,4,1,1,2000,random,0.0,0.0,0.0,0.0,0.0,0.0,0.0,0.0,10
39,638,1,SPATIAL_ISLANDS,1,15,2000,greedy,0,4,0,1,2000,none,0.0,0.0,0.0,0.0,0.0,0.0,0.0,0.0,10
39,638,1,SPATIAL_ISLANDS,1,15,2000,greedy,0,4,0,1,2000,past-avg,0.0,0.0,0.0,0.0,0.0,0.0,0.6,0.6,10
39,638,1,SPATIAL_ISLANDS,1,15,2000,greedy,0,4,0,1,2000,past-avg-revisit,0.0,0.0,0.0,0.0,0.0,0.0,0.0,0.0,10
39,638,1,SPATIAL_ISLANDS,1,15,2000,greedy,0,4,0,1,2000,past-avg-total,0.0,0.0,0.0,0.0,0.0,0.0,0.5,0.5,10
39,638,1,SPATIAL_ISLANDS,1,15,2000,greedy,0,4,0,1,2000,random,0.0,0.0,0.0,0.0,0.0,0.0,0.0,0.0,10
39,638,1,SPATIAL_ISLANDS,1,15,2000,greedy,0,4,1,1,2000,none,0.0,0.0,0.0,0.0,0.0,0.0,0.0,0.0,10
39,638,1,SPATIAL_ISLANDS,1,15,2000,greedy,0,4,1,1,2000,past-avg,0.0,0.0,0.0,0.0,0.0,0.0,0.4,0.4,10
39,638,1,SPATIAL_ISLANDS,1,15,2000,greedy,0,4,1,1,2000,past-avg-revisit,0.0,0.0,0.0,0.0,0.0,0.0,0.0,0.0,10
39,638,1,SPATIAL_ISLANDS,1,15,2000,greedy,0,4,1,1,2000,past-avg-total,0.0,0.0,0.0,0.0,0.0,0.0,0.6,0.6,10
39,638,1,SPATIAL_ISLANDS,1,15,2000,greedy,0,4,1,1,2000,random,0.0,0.0,0.0,0.0,0.0,0.0,0.0,0.0,10
39,638,1,SPATIAL_ISLANDS,1,15,2000,greedy,1,4,0,1,2000,none,0.0,0.0,0.0,0.0,0.0,0.0,0.0,0.0,10
39,638,1,SPATIAL_ISLANDS,1,15,2000,greedy,1,4,0,1,2000,past-avg,0.0,0.0,0.0,0.0,0.0,0.0,0.6,0.6,10
39,638,1,SPATIAL_ISLANDS,1,15,2000,greedy,1,4,0,1,2000,past-avg-revisit,0.0,0.0,0.0,0.0,0.0,0.0,0.0,0.0,10
39,638,1,SPATIAL_ISLANDS,1,15,2000,greedy,1,4,0,1,2000,past-avg-total,0.0,0.0,0.0,0.0,0.0,0.0,0.5,0.5,10
39,638,1,SPATIAL_ISLANDS,1,15,2000,greedy,1,4,0,1,2000,random,0.0,0.0,0.0,0.0,0.0,0.0,0.0,0.0,10
39,638,1,SPATIAL_ISLANDS,1,15,2000,greedy,1,4,1,1,2000,none,0.0,0.0,0.0,0.0,0.0,0.0,0.0,0.0,10
39,638,1,SPATIAL_ISLANDS,1,15,2000,greedy,1,4,1,1,2000,past-avg,0.0,0.0,0.0,0.0,0.0,0.0,0.4,0.4,10
39,638,1,SPATIAL_ISLANDS,1,15,2000,greedy,1,4,1,1,2000,past-avg-revisit,0.0,0.0,0.0,0.0,0.0,0.0,0.0,0.0,10
39,638,1,SPATIAL_ISLANDS,1,15,2000,greedy,1,4,1,1,2000,past-avg-total,0.0,0.0,0.0,0.0,0.0,0.0,0.6,0.6,10
39,638,1,SPATIAL_ISLANDS,1,15,2000,greedy,1,4,1,1,2000,random,0.0,0.0,0.0,0.0,0.0,0.0,0.0,0.0,10
39,638,1,SPATIAL_ISLANDS,1,15,2000,nearest,0,4,0,1,2000,none,0.0,0.0,0.0,0.0,0.0,0.0,0.0,0.0,10
39,638,1,SPATIAL_ISLANDS,1,15,2000,nearest,0,4,0,1,2000,past-avg,0.0,0.0,0.0,0.0,0.0,0.0,0.6,0.6,10
39,638,1,SPATIAL_ISLANDS,1,15,2000,nearest,0,4,0,1,2000,past-avg-revisit,0.0,0.0,0.0,0.0,0.0,0.0,0.0,0.0,10
39,638,1,SPATIAL_ISLANDS,1,15,2000,nearest,0,4,0,1,2000,past-avg-total,0.0,0.0,0.0,0.0,0.0,0.0,0.5,0.5,10
39,638,1,SPATIAL_ISLANDS,1,15,2000,nearest,0,4,0,1,2000,random,0.0,0.0,0.0,0.0,0.0,0.0,0.0,0.0,10
39,638,1,SPATIAL_ISLANDS,1,15,2000,nearest,0,4,1,1,2000,none,0.0,0.0,0.0,0.0,0.0,0.0,0.0,0.0,10
39,638,1,SPATIAL_ISLANDS,1,15,2000,nearest,0,4,1,1,2000,past-avg,0.0,0.0,0.0,0.0,0.0,0.0,0.4,0.4,10
39,638,1,SPATIAL_ISLANDS,1,15,2000,nearest,0,4,1,1,2000,past-avg-revisit,0.0,0.0,0.0,0.0,0.0,0.0,0.0,0.0,10
39,638,1,SPATIAL_ISLANDS,1,15,2000,nearest,0,4,1,1,2000,past-avg-total,0.0,0.0,0.0,0.0,0.0,0.0,0.6,0.6,10
39,638,1,SPATIAL_ISLANDS,1,15,2000,nearest,0,4,1,1,2000,random,0.0,0.0,0.0,0.0,0.0,0.0,0.0,0.0,10
39,638,1,SPATIAL_ISLANDS,1,15,2000,nearest,1,4,0,1,2000,none,0.0,0.0,0.0,0.0,0.0,0.0,0.0,0.0,10
39,638,1,SPATIAL_ISLANDS,1,15,2000,nearest,1,4,0,1,2000,past-avg,0.0,0.0,0.0,0.0,0.0,0.0,0.6,0.6,10
39,638,1,SPATIAL_ISLANDS,1,15,2000,nearest,1,4,0,1,2000,past-avg-revisit,0.0,0.0,0.0,0.0,0.0,0.0,0.0,0.0,10
39,638,1,SPATIAL_ISLANDS,1,15,2000,nearest,1,4,0,1,2000,past-avg-total,0.0,0.0,0.0,0.0,0.0,0.0,0.5,0.5,10
39,638,1,SPATIAL_ISLANDS,1,15,2000,nearest,1,4,0,1,2000,random,0.0,0.0,0.0,0.0,0.0,0.0,0.0,0.0,10
39,638,1,SPATIAL_ISLANDS,1,15,2000,nearest,1,4,1,1,2000,none,0.0,0.0,0.0,0.0,0.0,0.0,0.0,0.0,10
39,638,1,SPATIAL_ISLANDS,1,15,2000,nearest,1,4,1,1,2000,past-avg,0.0,0.0,0.0,0.0,0.0,0.0,0.4,0.4,10
39,638,1,SPATIAL_ISLANDS,1,15,2000,nearest,1,4,1,1,2000,past-avg-revisit,0.0,0.0,0.0,0.0,0.0,0.0,0.0,0.0,10
39,638,1,SPATIAL_ISLANDS,1,15,2000,nearest,1,4,1,1,2000,past-avg-total,0.0,0.0,0.0,0.0,0.0,0.0,0.6,0.6,10
39,638,1,SPATIAL_ISLANDS,1,15,2000,nearest,1,4,1,1,2000,random,0.0,0.0,0.0,0.0,0.0,0.0,0.0,0.0,10
39,638,1,SPATIAL_ISLANDS,1,15,3000,greedy,0,4,0,1,2000,none,0.0,0.0,0.0,0.0,0.0,0.0,0.0,0.0,10
39,638,1,SPATIAL_ISLANDS,1,15,3000,greedy,0,4,0,1,2000,past-avg,0.0,0.0,0.0,0.0,0.3,0.3,1.0,1.0,10
39,638,1,SPATIAL_ISLANDS,1,15,3000,greedy,0,4,0,1,2000,past-avg-revisit,0.0,0.0,0.0,0.0,0.0,0.0,0.1,0.1,10
39,638,1,SPATIAL_ISLANDS,1,15,3000,greedy,0,4,0,1,2000,past-avg-total,0.0,0.0,0.0,0.0,0.2,0.2,1.0,1.0,10
39,638,1,SPATIAL_ISLANDS,1,15,3000,greedy,0,4,0,1,2000,random,0.0,0.0,0.0,0.0,0.0,0.0,0.3,0.3,10
39,638,1,SPATIAL_ISLANDS,1,15,3000,greedy,0,4,1,1,2000,none,0.0,0.0,0.0,0.0,0.0,0.0,0.0,0.0,10
39,638,1,SPATIAL_ISLANDS,1,15,3000,greedy,0,4,1,1,2000,past-avg,0.0,0.0,0.0,0.0,0.2,0.2,1.0,1.0,10
39,638,1,SPATIAL_ISLANDS,1,15,3000,greedy,0,4,1,1,2000,past-avg-revisit,0.0,0.0,0.0,0.0,0.1,0.1,0.4,0.4,10
39,638,1,SPATIAL_ISLANDS,1,15,3000,greedy,0,4,1,1,2000,past-avg-total,0.0,0.0,0.0,0.0,0.1,0.1,1.0,1.0,10
39,638,1,SPATIAL_ISLANDS,1,15,3000,greedy,0,4,1,1,2000,random,0.0,0.0,0.0,0.0,0.0,0.0,0.4,0.4,10
39,638,1,SPATIAL_ISLANDS,1,15,3000,greedy,1,4,0,1,2000,none,0.0,0.0,0.0,0.0,0.0,0.0,0.0,0.0,10
39,638,1,SPATIAL_ISLANDS,1,15,3000,greedy,1,4,0,1,2000,past-avg,0.0,0.0,0.0,0.0,0.3,0.3,1.0,1.0,10
39,638,1,SPATIAL_ISLANDS,1,15,3000,greedy,1,4,0,1,2000,past-avg-revisit,0.0,0.0,0.0,0.0,0.0,0.0,0.1,0.1,10
39,638,1,SPATIAL_ISLANDS,1,15,3000,greedy,1,4,0,1,2000,past-avg-total,0.0,0.0,0.0,0.0,0.2,0.2,1.0,1.0,10
39,638,1,SPATIAL_ISLANDS,1,15,3000,greedy,1,4,0,1,2000,random,0.0,0.0,0.0,0.0,0.0,0.0,0.3,0.3,10
39,638,1,SPATIAL_ISLANDS,1,15,3000,greedy,1,4,1,1,2000,none,0.0,0.0,0.0,0.0,0.0,0.0,0.0,0.0,10
39,638,1,SPATIAL_ISLANDS,1,15,3000,greedy,1,4,1,1,2000,past-avg,0.0,0.0,0.0,0.0,0.2,0.2,1.0,1.0,10
39,638,1,SPATIAL_ISLANDS,1,15,3000,greedy,1,4,1,1,2000,past-avg-revisit,0.0,0.0,0.0,0.0,0.1,0.1,0.4,0.4,10
39,638,1,SPATIAL_ISLANDS,1,15,3000,greedy,1,4,1,1,2000,past-avg-total,0.0,0.0,0.0,0.0,0.1,0.1,1.0,1.0,10
39,638,1,SPATIAL_ISLANDS,1,15,3000,greedy,1,4,1,1,2000,random,0.0,0.0,0.0,0.0,0.0,0.0,0.4,0.4,10
39,638,1,SPATIAL_ISLANDS,1,15,3000,nearest,0,4,0,1,2000,none,0.0,0.0,0.0,0.0,0.0,0.0,0.0,0.0,10
39,638,1,SPATIAL_ISLANDS,1,15,3000,nearest,0,4,0,1,2000,past-avg,0.0,0.0,0.0,0.0,0.3,0.3,1.0,1.0,10
39,638,1,SPATIAL_ISLANDS,1,15,3000,nearest,0,4,0,1,2000,past-avg-revisit,0.0,0.0,0.0,0.0,0.0,0.0,0.1,0.1,10
39,638,1,SPATIAL_ISLANDS,1,15,3000,nearest,0,4,0,1,2000,past-avg-total,0.0,0.0,0.0,0.0,0.2,0.2,1.0,1.0,10
39,638,1,SPATIAL_ISLANDS,1,15,3000,nearest,0,4,0,1,2000,random,0.0,0.0,0.0,0.0,0.0,0.0,0.3,0.3,10
39,638,1,SPATIAL_ISLANDS,1,15,3000,nearest,0,4,1,1,2000,none,0.0,0.0,0.0,0.0,0.0,0.0,0.0,0.0,10
39,638,1,SPATIAL_ISLANDS,1,15,3000,nearest,0,4,1,1,2000,past-avg,0.0,0.0,0.0,0.0,0.2,0.2,1.0,1.0,10
39,638,1,SPATIAL_ISLANDS,1,15,3000,nearest,0,4,1,1,2000,past-avg-revisit,0.0,0.0,0.0,0.0,0.1,0.1,0.4,0.4,10
39,638,1,SPATIAL_ISLANDS,1,15,3000,nearest,0,4,1,1,2000,past-avg-total,0.0,0.0,0.0,0.0,0.1,0.1,1.0,1.0,10
39,638,1,SPATIAL_ISLANDS,1,15,3000,nearest,0,4,1,1,2000,random,0.0,0.0,0.0,0.0,0.0,0.0,0.4,0.4,10
39,638,1,SPATIAL_ISLANDS,1,15,3000,nearest,1,4,0,1,2000,none,0.0,0.0,0.0,0.0,0.0,0.0,0.0,0.0,10
39,638,1,SPATIAL_ISLANDS,1,15,3000,nearest,1,4,0,1,2000,past-avg,0.0,0.0,0.0,0.0,0.3,0.3,1.0,1.0,10
39,638,1,SPATIAL_ISLANDS,1,15,3000,nearest,1,4,0,1,2000,past-avg-revisit,0.0,0.0,0.0,0.0,0.0,0.0,0.1,0.1,10
39,638,1,SPATIAL_ISLANDS,1,15,3000,nearest,1,4,0,1,2000,past-avg-total,0.0,0.0,0.0,0.0,0.2,0.2,1.0,1.0,10
39,638,1,SPATIAL_ISLANDS,1,15,3000,nearest,1,4,0,1,2000,random,0.0,0.0,0.0,0.0,0.0,0.0,0.3,0.3,10
39,638,1,SPATIAL_ISLANDS,1,15,3000,nearest,1,4,1,1,2000,none,0.0,0.0,0.0,0.0,0.0,0.0,0.0,0.0,10
39,638,1,SPATIAL_ISLANDS,1,15,3000,nearest,1,4,1,1,2000,past-avg,0.0,0.0,0.0,0.0,0.2,0.2,1.0,1.0,10
39,638,1,SPATIAL_ISLANDS,1,15,3000,nearest,1,4,1,1,2000,past-avg-revisit,0.0,0.0,0.0,0.0,0.1,0.1,0.4,0.4,10
39,638,1,SPATIAL_ISLANDS,1,15,3000,nearest,1,4,1,1,2000,past-avg-total,0.0,0.0,0.0,0.0,0.1,0.1,1.0,1.0,10
39,638,1,SPATIAL_ISLANDS,1,15,3000,nearest,1,4,1,1,2000,random,0.0,0.0,0.0,0.0,0.0,0.0,0.4,0.4,10
39,638,1,SPATIAL_ISLANDS,2,15,1000,greedy,0,4,0,1,2000,none,0.0,0.0,0.0,0.0,0.0,0.0,0.0,0.0,10
39,638,1,SPATIAL_ISLANDS,2,15,1000,greedy,0,4,0,1,2000,past-avg,0.0,0.0,0.0,0.0,0.0,0.0,0.0,0.0,10
39,638,1,SPATIAL_ISLANDS,2,15,1000,greedy,0,4,0,1,2000,past-avg-revisit,0.0,0.0,0.0,0.0,0.0,0.0,0.0,0.0,10
39,638,1,SPATIAL_ISLANDS,2,15,1000,greedy,0,4,0,1,2000,past-avg-total,0.0,0.0,0.0,0.0,0.0,0.0,0.0,0.0,10
39,638,1,SPATIAL_ISLANDS,2,15,1000,greedy,0,4,0,1,2000,random,0.0,0.0,0.0,0.0,0.0,0.0,0.0,0.0,10
39,638,1,SPATIAL_ISLANDS,2,15,1000,greedy,0,4,1,1,2000,none,0.0,0.0,0.0,0.0,0.0,0.0,0.0,0.0,10
39,638,1,SPATIAL_ISLANDS,2,15,1000,greedy,0,4,1,1,2000,past-avg,0.0,0.0,0.0,0.0,0.0,0.0,0.0,0.0,10
39,638,1,SPATIAL_ISLANDS,2,15,1000,greedy,0,4,1,1,2000,past-avg-revisit,0.0,0.0,0.0,0.0,0.0,0.0,0.0,0.0,10
39,638,1,SPATIAL_ISLANDS,2,15,1000,greedy,0,4,1,1,2000,past-avg-total,0.0,0.0,0.0,0.0,0.0,0.0,0.0,0.0,10
39,638,1,SPATIAL_ISLANDS,2,15,1000,greedy,0,4,1,1,2000,random,0.0,0.0,0.0,0.0,0.0,0.0,0.0,0.0,10
39,638,1,SPATIAL_ISLANDS,2,15,1000,greedy,1,4,0,1,2000,none,0.0,0.0,0.0,0.0,0.0,0.0,0.0,0.0,10
39,638,1,SPATIAL_ISLANDS,2,15,1000,greedy,1,4,0,1,2000,past-avg,0.0,0.0,0.0,0.0,0.0,0.0,0.0,0.0,10
39,638,1,SPATIAL_ISLANDS,2,15,1000,greedy,1,4,0,1,2000,past-avg-revisit,0.0,0.0,0.0,0.0,0.0,0.0,0.0,0.0,10
39,638,1,SPATIAL_ISLANDS,2,15,1000,greedy,1,4,0,1,2000,past-avg-total,0.0,0.0,0.0,0.0,0.0,0.0,0.0,0.0,10
39,638,1,SPATIAL_ISLANDS,2,15,1000,greedy,1,4,0,1,2000,random,0.0,0.0,0.0,0.0,0.0,0.0,0.0,0.0,10
39,638,1,SPATIAL_ISLANDS,2,15,1000,greedy,1,4,1,1,2000,none,0.0,0.0,0.0,0.0,0.0,0.0,0.0,0.0,10
39,638,1,SPATIAL_ISLANDS,2,15,1000,greedy,1,4,1,1,2000,past-avg,0.0,0.0,0.0,0.0,0.0,0.0,0.0,0.0,10
39,638,1,SPATIAL_ISLANDS,2,15,1000,greedy,1,4,1,1,2000,past-avg-revisit,0.0,0.0,0.0,0.0,0.0,0.0,0.0,0.0,10
39,638,1,SPATIAL_ISLANDS,2,15,1000,greedy,1,4,1,1,2000,past-avg-total,0.0,0.0,0.0,0.0,0.0,0.0,0.0,0.0,10
39,638,1,SPATIAL_ISLANDS,2,15,1000,greedy,1,4,1,1,2000,random,0.0,0.0,0.0,0.0,0.0,0.0,0.0,0.0,10
39,638,1,SPATIAL_ISLANDS,2,15,1000,nearest,0,4,0,1,2000,none,0.0,0.0,0.0,0.0,0.0,0.0,0.0,0.0,10
39,638,1,SPATIAL_ISLANDS,2,15,1000,nearest,0,4,0,1,2000,past-avg,0.0,0.0,0.0,0.0,0.0,0.0,0.0,0.0,10
39,638,1,SPATIAL_ISLANDS,2,15,1000,nearest,0,4,0,1,2000,past-avg-revisit,0.0,0.0,0.0,0.0,0.0,0.0,0.0,0.0,10
39,638,1,SPATIAL_ISLANDS,2,15,1000,nearest,0,4,0,1,2000,past-avg-total,0.0,0.0,0.0,0.0,0.0,0.0,0.0,0.0,10
39,638,1,SPATIAL_ISLANDS,2,15,1000,nearest,0,4,0,1,2000,random,0.0,0.0,0.0,0.0,0.0,0.0,0.0,0.0,10
39,638,1,SPATIAL_ISLANDS,2,15,1000,nearest,0,4,1,1,2000,none,0.0,0.0,0.0,0.0,0.0,0.0,0.0,0.0,10
39,638,1,SPATIAL_ISLANDS,2,15,1000,nearest,0,4,1,1,2000,past-avg,0.0,0.0,0.0,0.0,0.0,0.0,0.0,0.0,10
39,638,1,SPATIAL_ISLANDS,2,15,1000,nearest,0,4,1,1,2000,past-avg-revisit,0.0,0.0,0.0,0.0,0.0,0.0,0.0,0.0,10
39,638,1,SPATIAL_ISLANDS,2,15,1000,nearest,0,4,1,1,2000,past-avg-total,0.0,0.0,0.0,0.0,0.0,0.0,0.0,0.0,10
39,638,1,SPATIAL_ISLANDS,2,15,1000,nearest,0,4,1,1,2000,random,0.0,0.0,0.0,0.0,0.0,0.0,0.0,0.0,10
39,638,1,SPATIAL_ISLANDS,2,15,1000,nearest,1,4,0,1,2000,none,0.0,0.0,0.0,0.0,0.0,0.0,0.0,0.0,10
39,638,1,SPATIAL_ISLANDS,2,15,1000,nearest,1,4,0,1,2000,past-avg,0.0,0.0,0.0,0.0,0.0,0.0,0.0,0.0,10
39,638,1,SPATIAL_ISLANDS,2,15,1000,nearest,1,4,0,1,2000,past-avg-revisit,0.0,0.0,0.0,0.0,0.0,0.0,0.0,0.0,10
39,638,1,SPATIAL_ISLANDS,2,15,1000,nearest,1,4,0,1,2000,past-avg-total,0.0,0.0,0.0,0.0,0.0,0.0,0.0,0.0,10
39,638,1,SPATIAL_ISLANDS,2,15,1000,nearest,1,4,0,1,2000,random,0.0,0.0,0.0,0.0,0.0,0.0,0.0,0.0,10
39,638,1,SPATIAL_ISLANDS,2,15,1000,nearest,1,4,1,1,2000,none,0.0,0.0,0.0,0.0,0.0,0.0,0.0,0.0,10
39,638,1,SPATIAL_ISLANDS,2,15,1000,nearest,1,4,1,1,2000,past-avg,0.0,0.0,0.0,0.0,0.0,0.0,0.0,0.0,10
39,638,1,SPATIAL_ISLANDS,2,15,1000,nearest,1,4,1,1,2000,past-avg-revisit,0.0,0.0,0.0,0.0,0.0,0.0,0.0,0.0,10
39,638,1,SPATIAL_ISLANDS,2,15,1000,nearest,1,4,1,1,2000,past-avg-total,0.0,0.0,0.0,0.0,0.0,0.0,0.0,0.0,10
39,638,1,SPATIAL_ISLANDS,2,15,1000,nearest,1,4,1,1,2000,random,0.0,0.0,0.0,0.0,0.0,0.0,0.0,0.0,10
39,638,1,SPATIAL_ISLANDS,2,15,2000,greedy,0,4,0,1,2000,none,0.0,0.0,0.0,0.0,0.0,0.0,0.0,0.0,10
39,638,1,SPATIAL_ISLANDS,2,15,2000,greedy,0,4,0,1,2000,past-avg,0.0,0.0,0.0,0.0,0.0,0.0,0.7,0.7,10
39,638,1,SPATIAL_ISLANDS,2,15,2000,greedy,0,4,0,1,2000,past-avg-revisit,0.0,0.0,0.0,0.0,0.0,0.0,0.0,0.0,10
39,638,1,SPATIAL_ISLANDS,2,15,2000,greedy,0,4,0,1,2000,past-avg-total,0.0,0.0,0.0,0.0,0.0,0.0,0.4,0.4,10
39,638,1,SPATIAL_ISLANDS,2,15,2000,greedy,0,4,0,1,2000,random,0.0,0.0,0.0,0.0,0.0,0.0,0.0,0.0,10
39,638,1,SPATIAL_ISLANDS,2,15,2000,greedy,0,4,1,1,2000,none,0.0,0.0,0.0,0.0,0.0,0.0,0.0,0.0,10
39,638,1,SPATIAL_ISLANDS,2,15,2000,greedy,0,4,1,1,2000,past-avg,0.0,0.0,0.0,0.0,0.0,0.0,0.4,0.4,10
39,638,1,SPATIAL_ISLANDS,2,15,2000,greedy,0,4,1,1,2000,past-avg-revisit,0.0,0.0,0.0,0.0,0.0,0.0,0.0,0.0,10
39,638,1,SPATIAL_ISLANDS,2,15,2000,greedy,0,4,1,1,2000,past-avg-total,0.0,0.0,0.0,0.0,0.0,0.0,0.7,0.7,10
39,638,1,SPATIAL_ISLANDS,2,15,2000,greedy,0,4,1,1,2000,random,0.0,0.0,0.0,0.0,0.0,0.0,0.0,0.0,10
39,638,1,SPATIAL_ISLANDS,2,15,2000,greedy,1,4,0,1,2000,none,0.0,0.0,0.0,0.0,0.0,0.0,0.0,0.0,10
39,638,1,SPATIAL_ISLANDS,2,15,2000,greedy,1,4,0,1,2000,past-avg,0.0,0.0,0.0,0.0,0.0,0.0,0.7,0.7,10
39,638,1,SPATIAL_ISLANDS,2,15,2000,greedy,1,4,0,1,2000,past-avg-revisit,0.0,0.0,0.0,0.0,0.0,0.0,0.0,0.0,10
39,638,1,SPATIAL_ISLANDS,2,15,2000,greedy,1,4,0,1,2000,past-avg-total,0.0,0.0,0.0,0.0,0.0,0.0,0.3,0.3,10
39,638,1,SPATIAL_ISLANDS,2,15,2000,greedy,1,4,0,1,2000,random,0.0,0.0,0.0,0.0,0.0,0.0,0.0,0.0,10
39,638,1,SPATIAL_ISLANDS,2,15,2000,greedy,1,4,1,1,2000,none,0.0,0.0,0.0,0.0,0.0,0.0,0.0,0.0,10
39,638,1,SPATIAL_ISLANDS,2,15,2000,greedy,1,4,1,1,2000,past-avg,0.0,0.0,0.0,0.0,0.0,0.0,0.4,0.4,10
39,638,1,SPATIAL_ISLANDS,2,15,2000,greedy,1,4,1,1,2000,past-avg-revisit,0.0,0.0,0.0,0.0,0.0,0.0,0.0,0.0,10
39,638,1,SPATIAL_ISLANDS,2,15,2000,greedy,1,4,1,1,2000,past-avg-total,0.0,0.0,0.0,0.0,0.0,0.0,0.7,0.7,10
39,638,1,SPATIAL_ISLANDS,2,15,2000,greedy,1,4,1,1,2000,random,0.0,0.0,0.0,0.0,0.0,0.0,0.0,0.0,10
39,638,1,SPATIAL_ISLANDS,2,15,2000,nearest,0,4,0,1,2000,none,0.0,0.0,0.0,0.0,0.0,0.0,0.0,0.0,10
39,638,1,SPATIAL_ISLANDS,2,15,2000,nearest,0,4,0,1,2000,past-avg,0.0,0.0,0.0,0.0,0.0,0.0,0.7,0.7,10
39,638,1,SPATIAL_ISLANDS,2,15,2000,nearest,0,4,0,1,2000,past-avg-revisit,0.0,0.0,0.0,0.0,0.0,0.0,0.0,0.0,10
39,638,1,SPATIAL_ISLANDS,2,15,2000,nearest,0,4,0,1,2000,past-avg-total,0.0,0.0,0.0,0.0,0.0,0.0,0.4,0.4,10
39,638,1,SPATIAL_ISLANDS,2,15,2000,nearest,0,4,0,1,2000,random,0.0,0.0,0.0,0.0,0.0,0.0,0.0,0.0,10
39,638,1,SPATIAL_ISLANDS,2,15,2000,nearest,0,4,1,1,2000,none,0.0,0.0,0.0,0.0,0.0,0.0,0.0,0.0,10
39,638,1,SPATIAL_ISLANDS,2,15,2000,nearest,0,4,1,1,2000,past-avg,0.0,0.0,0.0,0.0,0.0,0.0,0.4,0.4,10
39,638,1,SPATIAL_ISLANDS,2,15,2000,nearest,0,4,1,1,2000,past-avg-revisit,0.0,0.0,0.0,0.0,0.0,0.0,0.0,0.0,10
39,638,1,SPATIAL_ISLANDS,2,15,2000,nearest,0,4,1,1,2000,past-avg-total,0.0,0.0,0.0,0.0,0.0,0.0,0.7,0.7,10
39,638,1,SPATIAL_ISLANDS,2,15,2000,nearest,0,4,1,1,2000,random,0.0,0.0,0.0,0.0,0.0,0.0,0.0,0.0,10
39,638,1,SPATIAL_ISLANDS,2,15,2000,nearest,1,4,0,1,2000,none,0.0,0.0,0.0,0.0,0.0,0.0,0.0,0.0,10
39,638,1,SPATIAL_ISLANDS,2,15,2000,nearest,1,4,0,1,2000,past-avg,0.0,0.0,0.0,0.0,0.0,0.0,0.7,0.7,10
39,638,1,SPATIAL_ISLANDS,2,15,2000,nearest,1,4,0,1,2000,past-avg-revisit,0.0,0.0,0.0,0.0,0.0,0.0,0.0,0.0,10
39,638,1,SPATIAL_ISLANDS,2,15,2000,nearest,1,4,0,1,2000,past-avg-total,0.0,0.0,0.0,0.0,0.0,0.0,0.3,0.3,10
39,638,1,SPATIAL_ISLANDS,2,15,2000,nearest,1,4,0,1,2000,random,0.0,0.0,0.0,0.0,0.0,0.0,0.0,0.0,10
39,638,1,SPATIAL_ISLANDS,2,15,2000,nearest,1,4,1,1,2000,none,0.0,0.0,0.0,0.0,0.0,0.0,0.0,0.0,10
39,638,1,SPATIAL_ISLANDS,2,15,2000,nearest,1,4,1,1,2000,past-avg,0.0,0.0,0.0,0.0,0.0,0.0,0.4,0.4,10
39,638,1,SPATIAL_ISLANDS,2,15,2000,nearest,1,4,1,1,2000,past-avg-revisit,0.0,0.0,0.0,0.0,0.0,0.0,0.0,0.0,10
39,638,1,SPATIAL_ISLANDS,2,15,2000,nearest,1,4,1,1,2000,past-avg-total,0.0,0.0,0.0,0.0,0.0,0.0,0.7,0.7,10
39,638,1,SPATIAL_ISLANDS,2,15,2000,nearest,1,4,1,1,2000,random,0.0,0.0,0.0,0.0,0.0,0.0,0.0,0.0,10
39,638,1,SPATIAL_ISLANDS,2,15,3000,greedy,0,4,0,1,2000,none,0.0,0.0,0.0,0.0,0.0,0.0,0.0,0.0,10
39,638,1,SPATIAL_ISLANDS,2,15,3000,greedy,0,4,0,1,2000,past-avg,0.0,0.0,0.0,0.0,0.3,0.3,1.0,1.0,10
39,638,1,SPATIAL_ISLANDS,2,15,3000,greedy,0,4,0,1,2000,past-avg-revisit,0.0,0.0,0.0,0.0,0.1,0.1,0.4,0.4,10
39,638,1,SPATIAL_ISLANDS,2,15,3000,greedy,0,4,0,1,2000,past-avg-total,0.0,0.0,0.0,0.0,0.3,0.3,1.0,1.0,10
39,638,1,SPATIAL_ISLANDS,2,15,3000,greedy,0,4,0,1,2000,random,0.0,0.0,0.0,0.0,0.0,0.0,0.3,0.3,10
39,638,1,SPATIAL_ISLANDS,2,15,3000,greedy,0,4,1,1,2000,none,0.0,0.0,0.0,0.0,0.0,0.0,0.0,0.0,10
39,638,1,SPATIAL_ISLANDS,2,15,3000,greedy,0,4,1,1,2000,past-avg,0.0,0.0,0.0,0.0,0.3,0.3,1.0,1.0,10
39,638,1,SPATIAL_ISLANDS,2,15,3000,greedy,0,4,1,1,2000,past-avg-revisit,0.0,0.0,0.0,0.0,0.2,0.2,0.4,0.4,10
39,638,1,SPATIAL_ISLANDS,2,15,3000,greedy,0,4,1,1,2000,past-avg-total,0.0,0.0,0.0,0.0,0.2,0.2,1.0,1.0,10
39,638,1,SPATIAL_ISLANDS,2,15,3000,greedy,0,4,1,1,2000,random,0.0,0.0,0.0,0.0,0.0,0.0,0.5,0.5,10
39,638,1,SPATIAL_ISLANDS,2,15,3000,greedy,1,4,0,1,2000,none,0.0,0.0,0.0,0.0,0.0,0.0,0.0,0.0,10
39,638,1,SPATIAL_ISLANDS,2,15,3000,greedy,1,4,0,1,2000,past-avg,0.0,0.0,0.0,0.0,0.3,0.3,1.0,1.0,10
39,638,1,SPATIAL_ISLANDS,2,15,3000,greedy,1,4,0,1,2000,past-avg-revisit,0.0,0.0,0.0,0.0,0.1,0.1,0.4,0.4,10
39,638,1,SPATIAL_ISLANDS,2,15,3000,greedy,1,4,0,1,2000,past-avg-total,0.0,0.0,0.0,0.0,0.3,0.3,1.0,1.0,10
39,638,1,SPATIAL_ISLANDS,2,15,3000,greedy,1,4,0,1,2000,random,0.0,0.0,0.0,0.0,0.0,0.0,0.3,0.3,10
39,638,1,SPATIAL_ISLANDS,2,15,3000,greedy,1,4,1,1,2000,none,0.0,0.0,0.0,0.0,0.0,0.0,0.0,0.0,10
39,638,1,SPATIAL_ISLANDS,2,15,3000,greedy,1,4,1,1,2000,past-avg,0.0,0.0,0.0,0.0,0.3,0.3,1.0,1.0,10
39,638,1,SPATIAL_ISLANDS,2,15,3000,greedy,1,4,1,1,2000,past-avg-revisit,0.0,0.0,0.0,0.0,0.2,0.2,0.4,0.4,10
39,638,1,SPATIAL_ISLANDS,2,15,3000,greedy,1,4,1,1,2000,past-avg-total,0.0,0.0,0.0,0.0,0.2,0.2,1.0,1.0,10
39,638,1,SPATIAL_ISLANDS,2,15,3000,greedy,1,4,1,1,2000,random,0.0,0.0,0.0,0.0,0.0,0.0,0.5,0.5,10
39,638,1,SPATIAL_ISLANDS,2,15,3000,nearest,0,4,0,1,2000,none,0.0,0.0,0.0,0.0,0.0,0.0,0.0,0.0,10
39,638,1,SPATIAL_ISLANDS,2,15,3000,nearest,0,4,0,1,2000,past-avg,0.0,0.0,0.0,0.0,0.3,0.3,1.0,1.0,10
39,638,1,SPATIAL_ISLANDS,2,15,3000,nearest,0,4,0,1,2000,past-avg-revisit,0.0,0.0,0.0,0.0,0.1,0.1,0.4,0.4,10
39,638,1,SPATIAL_ISLANDS,2,15,3000,nearest,0,4,0,1,2000,past-avg-total,0.0,0.0,0.0,0.0,0.3,0.3,1.0,1.0,10
39,638,1,SPATIAL_ISLANDS,2,15,3000,nearest,0,4,0,1,2000,random,0.0,0.0,0.0,0.0,0.0,0.0,0.3,0.3,10
39,638,1,SPATIAL_ISLANDS,2,15,3000,nearest,0,4,1,1,2000,none,0.0,0.0,0.0,0.0,0.0,0.0,0.0,0.0,10
39,638,1,SPATIAL_ISLANDS,2,15,3000,nearest,0,4,1,1,2000,past-avg,0.0,0.0,0.0,0.0,0.3,0.3,1.0,1.0,10
39,638,1,SPATIAL_ISLANDS,2,15,3000,nearest,0,4,1,1,2000,past-avg-revisit,0.0,0.0,0.0,0.0,0.2,0.2,0.4,0.4,10
39,638,1,SPATIAL_ISLANDS,2,15,3000,nearest,0,4,1,1,2000,past-avg-total,0.0,0.0,0.0,0.0,0.2,0.2,1.0,1.0,10
39,638,1,SPATIAL_ISLANDS,2,15,3000,nearest,0,4,1,1,2000,random,0.0,0.0,0.0,0.0,0.0,0.0,0.5,0.5,10
39,638,1,SPATIAL_ISLANDS,2,15,3000,nearest,1,4,0,1,2000,none,0.0,0.0,0.0,0.0,0.0,0.0,0.0,0.0,10
39,638,1,SPATIAL_ISLANDS,2,15,3000,nearest,1,4,0,1,2000,past-avg,0.0,0.0,0.0,0.0,0.3,0.3,1.0,1.0,10
39,638,1,SPATIAL_ISLANDS,2,15,3000,nearest,1,4,0,1,2000,past-avg-revisit,0.0,0.0,0.0,0.0,0.1,0.1,0.4,0.4,10
39,638,1,SPATIAL_ISLANDS,2,15,3000,nearest,1,4,0,1,2000,past-avg-total,0.0,0.0,0.0,0.0,0.3,0.3,1.0,1.0,10
39,638,1,SPATIAL_ISLANDS,2,15,3000,nearest,1,4,0,1,2000,random,0.0,0.0,0.0,0.0,0.0,0.0,0.3,0.3,10
39,638,1,SPATIAL_ISLANDS,2,15,3000,nearest,1,4,1,1,2000,none,0.0,0.0,0.0,0.0,0.0,0.0,0.0,0.0,10
39,638,1,SPATIAL_ISLANDS,2,15,3000,nearest,1,4,1,1,2000,past-avg,0.0,0.0,0.0,0.0,0.3,0.3,1.0,1.0,10
39,638,1,SPATIAL_ISLANDS,2,15,3000,nearest,1,4,1,1,2000,past-avg-revisit,0.0,0.0,0.0,0.0,0.2,0.2,0.4,0.4,10
39,638,1,SPATIAL_ISLANDS,2,15,3000,nearest,1,4,1,1,2000,past-avg-total,0.0,0.0,0.0,0.0,0.2,0.2,1.0,1.0,10
39,638,1,SPATIAL_ISLANDS,2,15,3000,nearest,1,4,1,1,2000,random,0.0,0.0,0.0,0.0,0.0,0.0,0.5,0.5,10
1685,27762,1,BASELINE,0,15,1000,greedy,0,4,0,1,2000,none,0.0,0.0,0.0,0.0,0.0,0.0,0.0,0.0,10
1685,27762,1,BASELINE,0,15,1000,greedy,0,4,0,1,2000,past-avg,0.0,0.0,0.0,0.0,0.0,0.0,0.0,0.0,10
1685,27762,1,BASELINE,0,15,1000,greedy,0,4,0,1,2000,past-avg-revisit,0.0,0.0,0.0,0.0,0.0,0.0,0.0,0.0,10
1685,27762,1,BASELINE,0,15,1000,greedy,0,4,0,1,2000,past-avg-total,0.0,0.0,0.0,0.0,0.0,0.0,0.0,0.0,10
1685,27762,1,BASELINE,0,15,1000,greedy,0,4,0,1,2000,random,0.0,0.0,0.0,0.0,0.0,0.0,0.0,0.0,10
1685,27762,1,BASELINE,0,15,1000,greedy,0,4,1,1,2000,none,0.0,0.0,0.0,0.0,0.0,0.0,0.0,0.0,10
1685,27762,1,BASELINE,0,15,1000,greedy,0,4,1,1,2000,past-avg,0.0,0.0,0.0,0.0,0.0,0.0,0.0,0.0,10
1685,27762,1,BASELINE,0,15,1000,greedy,0,4,1,1,2000,past-avg-revisit,0.0,0.0,0.0,0.0,0.0,0.0,0.0,0.0,10
1685,27762,1,BASELINE,0,15,1000,greedy,0,4,1,1,2000,past-avg-total,0.0,0.0,0.0,0.0,0.0,0.0,0.0,0.0,10
1685,27762,1,BASELINE,0,15,1000,greedy,0,4,1,1,2000,random,0.0,0.0,0.0,0.0,0.0,0.0,0.0,0.0,10
1685,27762,1,BASELINE,0,15,1000,greedy,1,4,0,1,2000,none,0.0,0.0,0.0,0.0,0.0,0.0,0.0,0.0,10
1685,27762,1,BASELINE,0,15,1000,greedy,1,4,0,1,2000,past-avg,0.0,0.0,0.0,0.0,0.0,0.0,0.0,0.0,10
1685,27762,1,BASELINE,0,15,1000,greedy,1,4,0,1,2000,past-avg-revisit,0.0,0.0,0.0,0.0,0.0,0.0,0.0,0.0,10
1685,27762,1,BASELINE,0,15,1000,greedy,1,4,0,1,2000,past-avg-total,0.0,0.0,0.0,0.0,0.0,0.0,0.0,0.0,10
1685,27762,1,BASELINE,0,15,1000,greedy,1,4,0,1,2000,random,0.0,0.0,0.0,0.0,0.0,0.0,0.0,0.0,10
1685,27762,1,BASELINE,0,15,1000,greedy,1,4,1,1,2000,none,0.0,0.0,0.0,0.0,0.0,0.0,0.0,0.0,10
1685,27762,1,BASELINE,0,15,1000,greedy,1,4,1,1,2000,past-avg,0.0,0.0,0.0,0.0,0.0,0.0,0.0,0.0,10
1685,27762,1,BASELINE,0,15,1000,greedy,1,4,1,1,2000,past-avg-revisit,0.0,0.0,0.0,0.0,0.0,0.0,0.0,0.0,10
1685,27762,1,BASELINE,0,15,1000,greedy,1,4,1,1,2000,past-avg-total,0.0,0.0,0.0,0.0,0.0,0.0,0.0,0.0,10
1685,27762,1,BASELINE,0,15,1000,greedy,1,4,1,1,2000,random,0.0,0.0,0.0,0.0,0.0,0.0,0.0,0.0,10
1685,27762,1,BASELINE,0,15,1000,nearest,0,4,0,1,2000,none,0.0,0.0,0.0,0.0,0.0,0.0,0.0,0.0,10
1685,27762,1,BASELINE,0,15,1000,nearest,0,4,0,1,2000,past-avg,0.0,0.0,0.0,0.0,0.0,0.0,0.0,0.0,10
1685,27762,1,BASELINE,0,15,1000,nearest,0,4,0,1,2000,past-avg-revisit,0.0,0.0,0.0,0.0,0.0,0.0,0.0,0.0,10
1685,27762,1,BASELINE,0,15,1000,nearest,0,4,0,1,2000,past-avg-total,0.0,0.0,0.0,0.0,0.0,0.0,0.0,0.0,10
1685,27762,1,BASELINE,0,15,1000,nearest,0,4,0,1,2000,random,0.0,0.0,0.0,0.0,0.0,0.0,0.0,0.0,10
1685,27762,1,BASELINE,0,15,1000,nearest,0,4,1,1,2000,none,0.0,0.0,0.0,0.0,0.0,0.0,0.0,0.0,10
1685,27762,1,BASELINE,0,15,1000,nearest,0,4,1,1,2000,past-avg,0.0,0.0,0.0,0.0,0.0,0.0,0.0,0.0,10
1685,27762,1,BASELINE,0,15,1000,nearest,0,4,1,1,2000,past-avg-revisit,0.0,0.0,0.0,0.0,0.0,0.0,0.0,0.0,10
1685,27762,1,BASELINE,0,15,1000,nearest,0,4,1,1,2000,past-avg-total,0.0,0.0,0.0,0.0,0.0,0.0,0.0,0.0,10
1685,27762,1,BASELINE,0,15,1000,nearest,0,4,1,1,2000,random,0.0,0.0,0.0,0.0,0.0,0.0,0.0,0.0,10
1685,27762,1,BASELINE,0,15,1000,nearest,1,4,0,1,2000,none,0.0,0.0,0.0,0.0,0.0,0.0,0.0,0.0,10
1685,27762,1,BASELINE,0,15,1000,nearest,1,4,0,1,2000,past-avg,0.0,0.0,0.0,0.0,0.0,0.0,0.0,0.0,10
1685,27762,1,BASELINE,0,15,1000,nearest,1,4,0,1,2000,past-avg-revisit,0.0,0.0,0.0,0.0,0.0,0.0,0.0,0.0,10
1685,27762,1,BASELINE,0,15,1000,nearest,1,4,0,1,2000,past-avg-total,0.0,0.0,0.0,0.0,0.0,0.0,0.0,0.0,10
1685,27762,1,BASELINE,0,15,1000,nearest,1,4,0,1,2000,random,0.0,0.0,0.0,0.0,0.0,0.0,0.0,0.0,10
1685,27762,1,BASELINE,0,15,1000,nearest,1,4,1,1,2000,none,0.0,0.0,0.0,0.0,0.0,0.0,0.0,0.0,10
1685,27762,1,BASELINE,0,15,1000,nearest,1,4,1,1,2000,past-avg,0.0,0.0,0.0,0.0,0.0,0.0,0.0,0.0,10
1685,27762,1,BASELINE,0,15,1000,nearest,1,4,1,1,2000,past-avg-revisit,0.0,0.0,0.0,0.0,0.0,0.0,0.0,0.0,10
1685,27762,1,BASELINE,0,15,1000,nearest,1,4,1,1,2000,past-avg-total,0.0,0.0,0.0,0.0,0.0,0.0,0.0,0.0,10
1685,27762,1,BASELINE,0,15,1000,nearest,1,4,1,1,2000,random,0.0,0.0,0.0,0.0,0.0,0.0,0.0,0.0,10
1685,27762,1,BASELINE,0,15,2000,greedy,0,4,0,1,2000,none,0.0,0.0,0.0,0.0,0.0,0.0,0.0,0.0,10
1685,27762,1,BASELINE,0,15,2000,greedy,0,4,0,1,2000,past-avg,0.0,0.0,0.0,0.0,0.0,0.0,0.0,0.0,10
1685,27762,1,BASELINE,0,15,2000,greedy,0,4,0,1,2000,past-avg-revisit,0.0,0.0,0.0,0.0,0.0,0.0,0.0,0.0,10
1685,27762,1,BASELINE,0,15,2000,greedy,0,4,0,1,2000,past-avg-total,0.0,0.0,0.0,0.0,0.0,0.0,0.0,0.0,10
1685,27762,1,BASELINE,0,15,2000,greedy,0,4,0,1,2000,random,0.0,0.0,0.0,0.0,0.0,0.0,0.0,0.0,10
1685,27762,1,BASELINE,0,15,2000,greedy,0,4,1,1,2000,none,0.0,0.0,0.0,0.0,0.0,0.0,0.0,0.0,10
1685,27762,1,BASELINE,0,15,2000,greedy,0,4,1,1,2000,past-avg,0.0,0.0,0.0,0.0,0.0,0.0,0.0,0.0,10
1685,27762,1,BASELINE,0,15,2000,greedy,0,4,1,1,2000,past-avg-revisit,0.0,0.0,0.0,0.0,0.0,0.0,0.0,0.0,10
1685,27762,1,BASELINE,0,15,2000,greedy,0,4,1,1,2000,past-avg-total,0.0,0.0,0.0,0.0,0.0,0.0,0.0,0.0,10
1685,27762,1,BASELINE,0,15,2000,greedy,0,4,1,1,2000,random,0.0,0.0,0.0,0.0,0.0,0.0,0.0,0.0,10
1685,27762,1,BASELINE,0,15,2000,greedy,1,4,0,1,2000,none,0.0,0.0,0.0,0.0,0.0,0.0,0.0,0.0,10
1685,27762,1,BASELINE,0,15,2000,greedy,1,4,0,1,2000,past-avg,0.0,0.0,0.0,0.0,0.0,0.0,0.0,0.0,10
1685,27762,1,BASELINE,0,15,2000,greedy,1,4,0,1,2000,past-avg-revisit,0.0,0.0,0.0,0.0,0.0,0.0,0.0,0.0,10
1685,27762,1,BASELINE,0,15,2000,greedy,1,4,0,1,2000,past-avg-total,0.0,0.0,0.0,0.0,0.0,0.0,0.0,0.0,10
1685,27762,1,BASELINE,0,15,2000,greedy,1,4,0,1,2000,random,0.0,0.0,0.0,0.0,0.0,0.0,0.0,0.0,10
1685,27762,1,BASELINE,0,15,2000,greedy,1,4,1,1,2000,none,0.0,0.0,0.0,0.0,0.0,0.0,0.0,0.0,10
1685,27762,1,BASELINE,0,15,2000,greedy,1,4,1,1,2000,past-avg,0.0,0.0,0.0,0.0,0.0,0.0,0.0,0.0,10
1685,27762,1,BASELINE,0,15,2000,greedy,1,4,1,1,2000,past-avg-revisit,0.0,0.0,0.0,0.0,0.0,0.0,0.0,0.0,10
1685,27762,1,BASELINE,0,15,2000,greedy,1,4,1,1,2000,past-avg-total,0.0,0.0,0.0,0.0,0.0,0.0,0.0,0.0,10
1685,27762,1,BASELINE,0,15,2000,greedy,1,4,1,1,2000,random,0.0,0.0,0.0,0.0,0.0,0.0,0.0,0.0,10
1685,27762,1,BASELINE,0,15,2000,nearest,0,4,0,1,2000,none,0.0,0.0,0.0,0.0,0.0,0.0,0.0,0.0,10
1685,27762,1,BASELINE,0,15,2000,nearest,0,4,0,1,2000,past-avg,0.0,0.0,0.0,0.0,0.0,0.0,0.0,0.0,10
1685,27762,1,BASELINE,0,15,2000,nearest,0,4,0,1,2000,past-avg-revisit,0.0,0.0,0.0,0.0,0.0,0.0,0.0,0.0,10
1685,27762,1,BASELINE,0,15,2000,nearest,0,4,0,1,2000,past-avg-total,0.0,0.0,0.0,0.0,0.0,0.0,0.0,0.0,10
1685,27762,1,BASELINE,0,15,2000,nearest,0,4,0,1,2000,random,0.0,0.0,0.0,0.0,0.0,0.0,0.0,0.0,10
1685,27762,1,BASELINE,0,15,2000,nearest,0,4,1,1,2000,none,0.0,0.0,0.0,0.0,0.0,0.0,0.0,0.0,10
1685,27762,1,BASELINE,0,15,2000,nearest,0,4,1,1,2000,past-avg,0.0,0.0,0.0,0.0,0.0,0.0,0.0,0.0,10
1685,27762,1,BASELINE,0,15,2000,nearest,0,4,1,1,2000,past-avg-revisit,0.0,0.0,0.0,0.0,0.0,0.0,0.0,0.0,10
1685,27762,1,BASELINE,0,15,2000,nearest,0,4,1,1,2000,past-avg-total,0.0,0.0,0.0,0.0,0.0,0.0,0.0,0.0,10
1685,27762,1,BASELINE,0,15,2000,nearest,0,4,1,1,2000,random,0.0,0.0,0.0,0.0,0.0,0.0,0.0,0.0,10
1685,27762,1,BASELINE,0,15,2000,nearest,1,4,0,1,2000,none,0.0,0.0,0.0,0.0,0.0,0.0,0.0,0.0,10
1685,27762,1,BASELINE,0,15,2000,nearest,1,4,0,1,2000,past-avg,0.0,0.0,0.0,0.0,0.0,0.0,0.0,0.0,10
1685,27762,1,BASELINE,0,15,2000,nearest,1,4,0,1,2000,past-avg-revisit,0.0,0.0,0.0,0.0,0.0,0.0,0.0,0.0,10
1685,27762,1,BASELINE,0,15,2000,nearest,1,4,0,1,2000,past-avg-total,0.0,0.0,0.0,0.0,0.0,0.0,0.0,0.0,10
1685,27762,1,BASELINE,0,15,2000,nearest,1,4,0,1,2000,random,0.0,0.0,0.0,0.0,0.0,0.0,0.0,0.0,10
1685,27762,1,BASELINE,0,15,2000,nearest,1,4,1,1,2000,none,0.0,0.0,0.0,0.0,0.0,0.0,0.0,0.0,10
1685,27762,1,BASELINE,0,15,2000,nearest,1,4,1,1,2000,past-avg,0.0,0.0,0.0,0.0,0.0,0.0,0.0,0.0,10
1685,27762,1,BASELINE,0,15,2000,nearest,1,4,1,1,2000,past-avg-revisit,0.0,0.0,0.0,0.0,0.0,0.0,0.0,0.0,10
1685,27762,1,BASELINE,0,15,2000,nearest,1,4,1,1,2000,past-avg-total,0.0,0.0,0.0,0.0,0.0,0.0,0.0,0.0,10
1685,27762,1,BASELINE,0,15,2000,nearest,1,4,1,1,2000,random,0.0,0.0,0.0,0.0,0.0,0.0,0.0,0.0,10
1685,27762,1,BASELINE,0,15,3000,greedy,0,4,0,1,2000,none,0.0,0.0,0.0,0.0,0.0,0.0,0.0,0.0,10
1685,27762,1,BASELINE,0,15,3000,greedy,0,4,0,1,2000,past-avg,0.0,0.0,0.0,0.0,0.0,0.0,0.0,0.0,10
1685,27762,1,BASELINE,0,15,3000,greedy,0,4,0,1,2000,past-avg-revisit,0.0,0.0,0.0,0.0,0.0,0.0,0.0,0.0,10
1685,27762,1,BASELINE,0,15,3000,greedy,0,4,0,1,2000,past-avg-total,0.0,0.0,0.0,0.0,0.0,0.0,0.0,0.0,10
1685,27762,1,BASELINE,0,15,3000,greedy,0,4,0,1,2000,random,0.0,0.0,0.0,0.0,0.0,0.0,0.0,0.0,10
1685,27762,1,BASELINE,0,15,3000,greedy,0,4,1,1,2000,none,0.0,0.0,0.0,0.0,0.0,0.0,0.0,0.0,10
1685,27762,1,BASELINE,0,15,3000,greedy,0,4,1,1,2000,past-avg,0.0,0.0,0.0,0.0,0.0,0.0,0.0,0.0,10
1685,27762,1,BASELINE,0,15,3000,greedy,0,4,1,1,2000,past-avg-revisit,0.0,0.0,0.0,0.0,0.0,0.0,0.0,0.0,10
1685,27762,1,BASELINE,0,15,3000,greedy,0,4,1,1,2000,past-avg-total,0.0,0.0,0.0,0.0,0.0,0.0,0.0,0.0,10
1685,27762,1,BASELINE,0,15,3000,greedy,0,4,1,1,2000,random,0.0,0.0,0.0,0.0,0.0,0.0,0.0,0.0,10
1685,27762,1,BASELINE,0,15,3000,greedy,1,4,0,1,2000,none,0.0,0.0,0.0,0.0,0.0,0.0,0.0,0.0,10
1685,27762,1,BASELINE,0,15,3000,greedy,1,4,0,1,2000,past-avg,0.0,0.0,0.0,0.0,0.0,0.0,0.0,0.0,10
1685,27762,1,BASELINE,0,15,3000,greedy,1,4,0,1,2000,past-avg-revisit,0.0,0.0,0.0,0.0,0.0,0.0,0.0,0.0,10
1685,27762,1,BASELINE,0,15,3000,greedy,1,4,0,1,2000,past-avg-total,0.0,0.0,0.0,0.0,0.0,0.0,0.0,0.0,10
1685,27762,1,BASELINE,0,15,3000,greedy,1,4,0,1,2000,random,0.0,0.0,0.0,0.0,0.0,0.0,0.0,0.0,10
1685,27762,1,BASELINE,0,15,3000,greedy,1,4,1,1,2000,none,0.0,0.0,0.0,0.0,0.0,0.0,0.0,0.0,10
1685,27762,1,BASELINE,0,15,3000,greedy,1,4,1,1,2000,past-avg,0.0,0.0,0.0,0.0,0.0,0.0,0.0,0.0,10
1685,27762,1,BASELINE,0,15,3000,greedy,1,4,1,1,2000,past-avg-revisit,0.0,0.0,0.0,0.0,0.0,0.0,0.0,0.0,10
1685,27762,1,BASELINE,0,15,3000,greedy,1,4,1,1,2000,past-avg-total,0.0,0.0,0.0,0.0,0.0,0.0,0.0,0.0,10
1685,27762,1,BASELINE,0,15,3000,greedy,1,4,1,1,2000,random,0.0,0.0,0.0,0.0,0.0,0.0,0.0,0.0,10
1685,27762,1,BASELINE,0,15,3000,nearest,0,4,0,1,2000,none,0.0,0.0,0.0,0.0,0.0,0.0,0.0,0.0,10
1685,27762,1,BASELINE,0,15,3000,nearest,0,4,0,1,2000,past-avg,0.0,0.0,0.0,0.0,0.0,0.0,0.0,0.0,10
1685,27762,1,BASELINE,0,15,3000,nearest,0,4,0,1,2000,past-avg-revisit,0.0,0.0,0.0,0.0,0.0,0.0,0.0,0.0,10
1685,27762,1,BASELINE,0,15,3000,nearest,0,4,0,1,2000,past-avg-total,0.0,0.0,0.0,0.0,0.0,0.0,0.0,0.0,10
1685,27762,1,BASELINE,0,15,3000,nearest,0,4,0,1,2000,random,0.0,0.0,0.0,0.0,0.0,0.0,0.0,0.0,10
1685,27762,1,BASELINE,0,15,3000,nearest,0,4,1,1,2000,none,0.0,0.0,0.0,0.0,0.0,0.0,0.0,0.0,10
1685,27762,1,BASELINE,0,15,3000,nearest,0,4,1,1,2000,past-avg,0.0,0.0,0.0,0.0,0.0,0.0,0.0,0.0,10
1685,27762,1,BASELINE,0,15,3000,nearest,0,4,1,1,2000,past-avg-revisit,0.0,0.0,0.0,0.0,0.0,0.0,0.0,0.0,10
1685,27762,1,BASELINE,0,15,3000,nearest,0,4,1,1,2000,past-avg-total,0.0,0.0,0.0,0.0,0.0,0.0,0.0,0.0,10
1685,27762,1,BASELINE,0,15,3000,nearest,0,4,1,1,2000,random,0.0,0.0,0.0,0.0,0.0,0.0,0.0,0.0,10
1685,27762,1,BASELINE,0,15,3000,nearest,1,4,0,1,2000,none,0.0,0.0,0.0,0.0,0.0,0.0,0.0,0.0,10
1685,27762,1,BASELINE,0,15,3000,nearest,1,4,0,1,2000,past-avg,0.0,0.0,0.0,0.0,0.0,0.0,0.0,0.0,10
1685,27762,1,BASELINE,0,15,3000,nearest,1,4,0,1,2000,past-avg-revisit,0.0,0.0,0.0,0.0,0.0,0.0,0.0,0.0,10
1685,27762,1,BASELINE,0,15,3000,nearest,1,4,0,1,2000,past-avg-total,0.0,0.0,0.0,0.0,0.0,0.0,0.0,0.0,10
1685,27762,1,BASELINE,0,15,3000,nearest,1,4,0,1,2000,random,0.0,0.0,0.0,0.0,0.0,0.0,0.0,0.0,10
1685,27762,1,BASELINE,0,15,3000,nearest,1,4,1,1,2000,none,0.0,0.0,0.0,0.0,0.0,0.0,0.0,0.0,10
1685,27762,1,BASELINE,0,15,3000,nearest,1,4,1,1,2000,past-avg,0.0,0.0,0.0,0.0,0.0,0.0,0.0,0.0,10
1685,27762,1,BASELINE,0,15,3000,nearest,1,4,1,1,2000,past-avg-revisit,0.0,0.0,0.0,0.0,0.0,0.0,0.0,0.0,10
1685,27762,1,BASELINE,0,15,3000,nearest,1,4,1,1,2000,past-avg-total,0.0,0.0,0.0,0.0,0.0,0.0,0.0,0.0,10
1685,27762,1,BASELINE,0,15,3000,nearest,1,4,1,1,2000,random,0.0,0.0,0.0,0.0,0.0,0.0,0.0,0.0,10
1685,27762,1,BASELINE,1,15,1000,greedy,0,4,0,1,2000,none,0.0,0.0,0.0,0.0,0.0,0.0,0.0,0.0,10
1685,27762,1,BASELINE,1,15,1000,greedy,0,4,0,1,2000,past-avg,0.0,0.0,0.0,0.0,0.0,0.0,0.0,0.0,10
1685,27762,1,BASELINE,1,15,1000,greedy,0,4,0,1,2000,past-avg-revisit,0.0,0.0,0.0,0.0,0.0,0.0,0.0,0.0,10
1685,27762,1,BASELINE,1,15,1000,greedy,0,4,0,1,2000,past-avg-total,0.0,0.0,0.0,0.0,0.0,0.0,0.0,0.0,10
1685,27762,1,BASELINE,1,15,1000,greedy,0,4,0,1,2000,random,0.0,0.0,0.0,0.0,0.0,0.0,0.0,0.0,10
1685,27762,1,BASELINE,1,15,1000,greedy,0,4,1,1,2000,none,0.0,0.0,0.0,0.0,0.0,0.0,0.0,0.0,10
1685,27762,1,BASELINE,1,15,1000,greedy,0,4,1,1,2000,past-avg,0.0,0.0,0.0,0.0,0.0,0.0,0.0,0.0,10
1685,27762,1,BASELINE,1,15,1000,greedy,0,4,1,1,2000,past-avg-revisit,0.0,0.0,0.0,0.0,0.0,0.0,0.0,0.0,10
1685,27762,1,BASELINE,1,15,1000,greedy,0,4,1,1,2000,past-avg-total,0.0,0.0,0.0,0.0,0.0,0.0,0.0,0.0,10
1685,27762,1,BASELINE,1,15,1000,greedy,0,4,1,1,2000,random,0.0,0.0,0.0,0.0,0.0,0.0,0.0,0.0,10
1685,27762,1,BASELINE,1,15,1000,greedy,1,4,0,1,2000,none,0.0,0.0,0.0,0.0,0.0,0.0,0.0,0.0,10
1685,27762,1,BASELINE,1,15,1000,greedy,1,4,0,1,2000,past-avg,0.0,0.0,0.0,0.0,0.0,0.0,0.0,0.0,10
1685,27762,1,BASELINE,1,15,1000,greedy,1,4,0,1,2000,past-avg-revisit,0.0,0.0,0.0,0.0,0.0,0.0,0.0,0.0,10
1685,27762,1,BASELINE,1,15,1000,greedy,1,4,0,1,2000,past-avg-total,0.0,0.0,0.0,0.0,0.0,0.0,0.0,0.0,10
1685,27762,1,BASELINE,1,15,1000,greedy,1,4,0,1,2000,random,0.0,0.0,0.0,0.0,0.0,0.0,0.0,0.0,10
1685,27762,1,BASELINE,1,15,1000,greedy,1,4,1,1,2000,none,0.0,0.0,0.0,0.0,0.0,0.0,0.0,0.0,10
1685,27762,1,BASELINE,1,15,1000,greedy,1,4,1,1,2000,past-avg,0.0,0.0,0.0,0.0,0.0,0.0,0.0,0.0,10
1685,27762,1,BASELINE,1,15,1000,greedy,1,4,1,1,2000,past-avg-revisit,0.0,0.0,0.0,0.0,0.0,0.0,0.0,0.0,10
1685,27762,1,BASELINE,1,15,1000,greedy,1,4,1,1,2000,past-avg-total,0.0,0.0,0.0,0.0,0.0,0.0,0.0,0.0,10
1685,27762,1,BASELINE,1,15,1000,greedy,1,4,1,1,2000,random,0.0,0.0,0.0,0.0,0.0,0.0,0.0,0.0,10
1685,27762,1,BASELINE,1,15,1000,nearest,0,4,0,1,2000,none,0.0,0.0,0.0,0.0,0.0,0.0,0.0,0.0,10
1685,27762,1,BASELINE,1,15,1000,nearest,0,4,0,1,2000,past-avg,0.0,0.0,0.0,0.0,0.0,0.0,0.0,0.0,10
1685,27762,1,BASELINE,1,15,1000,nearest,0,4,0,1,2000,past-avg-revisit,0.0,0.0,0.0,0.0,0.0,0.0,0.0,0.0,10
1685,27762,1,BASELINE,1,15,1000,nearest,0,4,0,1,2000,past-avg-total,0.0,0.0,0.0,0.0,0.0,0.0,0.0,0.0,10
1685,27762,1,BASELINE,1,15,1000,nearest,0,4,0,1,2000,random,0.0,0.0,0.0,0.0,0.0,0.0,0.0,0.0,10
1685,27762,1,BASELINE,1,15,1000,nearest,0,4,1,1,2000,none,0.0,0.0,0.0,0.0,0.0,0.0,0.0,0.0,10
1685,27762,1,BASELINE,1,15,1000,nearest,0,4,1,1,2000,past-avg,0.0,0.0,0.0,0.0,0.0,0.0,0.0,0.0,10
1685,27762,1,BASELINE,1,15,1000,nearest,0,4,1,1,2000,past-avg-revisit,0.0,0.0,0.0,0.0,0.0,0.0,0.0,0.0,10
1685,27762,1,BASELINE,1,15,1000,nearest,0,4,1,1,2000,past-avg-total,0.0,0.0,0.0,0.0,0.0,0.0,0.0,0.0,10
1685,27762,1,BASELINE,1,15,1000,nearest,0,4,1,1,2000,random,0.0,0.0,0.0,0.0,0.0,0.0,0.0,0.0,10
1685,27762,1,BASELINE,1,15,1000,nearest,1,4,0,1,2000,none,0.0,0.0,0.0,0.0,0.0,0.0,0.0,0.0,10
1685,27762,1,BASELINE,1,15,1000,nearest,1,4,0,1,2000,past-avg,0.0,0.0,0.0,0.0,0.0,0.0,0.0,0.0,10
1685,27762,1,BASELINE,1,15,1000,nearest,1,4,0,1,2000,past-avg-revisit,0.0,0.0,0.0,0.0,0.0,0.0,0.0,0.0,10
1685,27762,1,BASELINE,1,15,1000,nearest,1,4,0,1,2000,past-avg-total,0.0,0.0,0.0,0.0,0.0,0.0,0.0,0.0,10
1685,27762,1,BASELINE,1,15,1000,nearest,1,4,0,1,2000,random,0.0,0.0,0.0,0.0,0.0,0.0,0.0,0.0,10
1685,27762,1,BASELINE,1,15,1000,nearest,1,4,1,1,2000,none,0.0,0.0,0.0,0.0,0.0,0.0,0.0,0.0,10
1685,27762,1,BASELINE,1,15,1000,nearest,1,4,1,1,2000,past-avg,0.0,0.0,0.0,0.0,0.0,0.0,0.0,0.0,10
1685,27762,1,BASELINE,1,15,1000,nearest,1,4,1,1,2000,past-avg-revisit,0.0,0.0,0.0,0.0,0.0,0.0,0.0,0.0,10
1685,27762,1,BASELINE,1,15,1000,nearest,1,4,1,1,2000,past-avg-total,0.0,0.0,0.0,0.0,0.0,0.0,0.0,0.0,10
1685,27762,1,BASELINE,1,15,1000,nearest,1,4,1,1,2000,random,0.0,0.0,0.0,0.0,0.0,0.0,0.0,0.0,10
1685,27762,1,BASELINE,1,15,2000,greedy,0,4,0,1,2000,none,0.0,0.0,0.0,0.0,0.0,0.0,0.0,0.0,10
1685,27762,1,BASELINE,1,15,2000,greedy,0,4,0,1,2000,past-avg,0.0,0.0,0.0,0.0,0.0,0.0,0.0,0.0,10
1685,27762,1,BASELINE,1,15,2000,greedy,0,4,0,1,2000,past-avg-revisit,0.0,0.0,0.0,0.0,0.0,0.0,0.0,0.0,10
1685,27762,1,BASELINE,1,15,2000,greedy,0,4,0,1,2000,past-avg-total,0.0,0.0,0.0,0.0,0.0,0.0,0.0,0.0,10
1685,27762,1,BASELINE,1,15,2000,greedy,0,4,0,1,2000,random,0.0,0.0,0.0,0.0,0.0,0.0,0.0,0.0,10
1685,27762,1,BASELINE,1,15,2000,greedy,0,4,1,1,2000,none,0.0,0.0,0.0,0.0,0.0,0.0,0.0,0.0,10
1685,27762,1,BASELINE,1,15,2000,greedy,0,4,1,1,2000,past-avg,0.0,0.0,0.0,0.0,0.0,0.0,0.0,0.0,10
1685,27762,1,BASELINE,1,15,2000,greedy,0,4,1,1,2000,past-avg-revisit,0.0,0.0,0.0,0.0,0.0,0.0,0.0,0.0,10
1685,27762,1,BASELINE,1,15,2000,greedy,0,4,1,1,2000,past-avg-total,0.0,0.0,0.0,0.0,0.0,0.0,0.0,0.0,10
1685,27762,1,BASELINE,1,15,2000,greedy,0,4,1,1,2000,random,0.0,0.0,0.0,0.0,0.0,0.0,0.0,0.0,10
1685,27762,1,BASELINE,1,15,2000,greedy,1,4,0,1,2000,none,0.0,0.0,0.0,0.0,0.0,0.0,0.0,0.0,10
1685,27762,1,BASELINE,1,15,2000,greedy,1,4,0,1,2000,past-avg,0.0,0.0,0.0,0.0,0.0,0.0,0.0,0.0,10
1685,27762,1,BASELINE,1,15,2000,greedy,1,4,0,1,2000,past-avg-revisit,0.0,0.0,0.0,0.0,0.0,0.0,0.0,0.0,10
1685,27762,1,BASELINE,1,15,2000,greedy,1,4,0,1,2000,past-avg-total,0.0,0.0,0.0,0.0,0.0,0.0,0.0,0.0,10
1685,27762,1,BASELINE,1,15,2000,greedy,1,4,0,1,2000,random,0.0,0.0,0.0,0.0,0.0,0.0,0.0,0.0,10
1685,27762,1,BASELINE,1,15,2000,greedy,1,4,1,1,2000,none,0.0,0.0,0.0,0.0,0.0,0.0,0.0,0.0,10
1685,27762,1,BASELINE,1,15,2000,greedy,1,4,1,1,2000,past-avg,0.0,0.0,0.0,0.0,0.0,0.0,0.0,0.0,10
1685,27762,1,BASELINE,1,15,2000,greedy,1,4,1,1,2000,past-avg-revisit,0.0,0.0,0.0,0.0,0.0,0.0,0.0,0.0,10
1685,27762,1,BASELINE,1,15,2000,greedy,1,4,1,1,2000,past-avg-total,0.0,0.0,0.0,0.0,0.0,0.0,0.0,0.0,10
1685,27762,1,BASELINE,1,15,2000,greedy,1,4,1,1,2000,random,0.0,0.0,0.0,0.0,0.0,0.0,0.0,0.0,10
1685,27762,1,BASELINE,1,15,2000,nearest,0,4,0,1,2000,none,0.0,0.0,0.0,0.0,0.0,0.0,0.0,0.0,10
1685,27762,1,BASELINE,1,15,2000,nearest,0,4,0,1,2000,past-avg,0.0,0.0,0.0,0.0,0.0,0.0,0.0,0.0,10
1685,27762,1,BASELINE,1,15,2000,nearest,0,4,0,1,2000,past-avg-revisit,0.0,0.0,0.0,0.0,0.0,0.0,0.0,0.0,10
1685,27762,1,BASELINE,1,15,2000,nearest,0,4,0,1,2000,past-avg-total,0.0,0.0,0.0,0.0,0.0,0.0,0.0,0.0,10
1685,27762,1,BASELINE,1,15,2000,nearest,0,4,0,1,2000,random,0.0,0.0,0.0,0.0,0.0,0.0,0.0,0.0,10
1685,27762,1,BASELINE,1,15,2000,nearest,0,4,1,1,2000,none,0.0,0.0,0.0,0.0,0.0,0.0,0.0,0.0,10
1685,27762,1,BASELINE,1,15,2000,nearest,0,4,1,1,2000,past-avg,0.0,0.0,0.0,0.0,0.0,0.0,0.0,0.0,10
1685,27762,1,BASELINE,1,15,2000,nearest,0,4,1,1,2000,past-avg-revisit,0.0,0.0,0.0,0.0,0.0,0.0,0.0,0.0,10
1685,27762,1,BASELINE,1,15,2000,nearest,0,4,1,1,2000,past-avg-total,0.0,0.0,0.0,0.0,0.0,0.0,0.0,0.0,10
1685,27762,1,BASELINE,1,15,2000,nearest,0,4,1,1,2000,random,0.0,0.0,0.0,0.0,0.0,0.0,0.0,0.0,10
1685,27762,1,BASELINE,1,15,2000,nearest,1,4,0,1,2000,none,0.0,0.0,0.0,0.0,0.0,0.0,0.0,0.0,10
1685,27762,1,BASELINE,1,15,2000,nearest,1,4,0,1,2000,past-avg,0.0,0.0,0.0,0.0,0.0,0.0,0.0,0.0,10
1685,27762,1,BASELINE,1,15,2000,nearest,1,4,0,1,2000,past-avg-revisit,0.0,0.0,0.0,0.0,0.0,0.0,0.0,0.0,10
1685,27762,1,BASELINE,1,15,2000,nearest,1,4,0,1,2000,past-avg-total,0.0,0.0,0.0,0.0,0.0,0.0,0.0,0.0,10
1685,27762,1,BASELINE,1,15,2000,nearest,1,4,0,1,2000,random,0.0,0.0,0.0,0.0,0.0,0.0,0.0,0.0,10
1685,27762,1,BASELINE,1,15,2000,nearest,1,4,1,1,2000,none,0.0,0.0,0.0,0.0,0.0,0.0,0.0,0.0,10
1685,27762,1,BASELINE,1,15,2000,nearest,1,4,1,1,2000,past-avg,0.0,0.0,0.0,0.0,0.0,0.0,0.0,0.0,10
1685,27762,1,BASELINE,1,15,2000,nearest,1,4,1,1,2000,past-avg-revisit,0.0,0.0,0.0,0.0,0.0,0.0,0.0,0.0,10
1685,27762,1,BASELINE,1,15,2000,nearest,1,4,1,1,2000,past-avg-total,0.0,0.0,0.0,0.0,0.0,0.0,0.0,0.0,10
1685,27762,1,BASELINE,1,15,2000,nearest,1,4,1,1,2000,random,0.0,0.0,0.0,0.0,0.0,0.0,0.0,0.0,10
1685,27762,1,BASELINE,1,15,3000,greedy,0,4,0,1,2000,none,0.0,0.0,0.0,0.0,0.0,0.0,0.0,0.0,10
1685,27762,1,BASELINE,1,15,3000,greedy,0,4,0,1,2000,past-avg,0.0,0.0,0.0,0.0,0.0,0.0,0.0,0.0,10
1685,27762,1,BASELINE,1,15,3000,greedy,0,4,0,1,2000,past-avg-revisit,0.0,0.0,0.0,0.0,0.0,0.0,0.0,0.0,10
1685,27762,1,BASELINE,1,15,3000,greedy,0,4,0,1,2000,past-avg-total,0.0,0.0,0.0,0.0,0.0,0.0,0.0,0.0,10
1685,27762,1,BASELINE,1,15,3000,greedy,0,4,0,1,2000,random,0.0,0.0,0.0,0.0,0.0,0.0,0.0,0.0,10
1685,27762,1,BASELINE,1,15,3000,greedy,0,4,1,1,2000,none,0.0,0.0,0.0,0.0,0.0,0.0,0.0,0.0,10
1685,27762,1,BASELINE,1,15,3000,greedy,0,4,1,1,2000,past-avg,0.0,0.0,0.0,0.0,0.0,0.0,0.0,0.0,10
1685,27762,1,BASELINE,1,15,3000,greedy,0,4,1,1,2000,past-avg-revisit,0.0,0.0,0.0,0.0,0.0,0.0,0.0,0.0,10
1685,27762,1,BASELINE,1,15,3000,greedy,0,4,1,1,2000,past-avg-total,0.0,0.0,0.0,0.0,0.0,0.0,0.0,0.0,10
1685,27762,1,BASELINE,1,15,3000,greedy,0,4,1,1,2000,random,0.0,0.0,0.0,0.0,0.0,0.0,0.0,0.0,10
1685,27762,1,BASELINE,1,15,3000,greedy,1,4,0,1,2000,none,0.0,0.0,0.0,0.0,0.0,0.0,0.0,0.0,10
1685,27762,1,BASELINE,1,15,3000,greedy,1,4,0,1,2000,past-avg,0.0,0.0,0.0,0.0,0.0,0.0,0.0,0.0,10
1685,27762,1,BASELINE,1,15,3000,greedy,1,4,0,1,2000,past-avg-revisit,0.0,0.0,0.0,0.0,0.0,0.0,0.0,0.0,10
1685,27762,1,BASELINE,1,15,3000,greedy,1,4,0,1,2000,past-avg-total,0.0,0.0,0.0,0.0,0.0,0.0,0.0,0.0,10
1685,27762,1,BASELINE,1,15,3000,greedy,1,4,0,1,2000,random,0.0,0.0,0.0,0.0,0.0,0.0,0.0,0.0,10
1685,27762,1,BASELINE,1,15,3000,greedy,1,4,1,1,2000,none,0.0,0.0,0.0,0.0,0.0,0.0,0.0,0.0,10
1685,27762,1,BASELINE,1,15,3000,greedy,1,4,1,1,2000,past-avg,0.0,0.0,0.0,0.0,0.0,0.0,0.0,0.0,10
1685,27762,1,BASELINE,1,15,3000,greedy,1,4,1,1,2000,past-avg-revisit,0.0,0.0,0.0,0.0,0.0,0.0,0.0,0.0,10
1685,27762,1,BASELINE,1,15,3000,greedy,1,4,1,1,2000,past-avg-total,0.0,0.0,0.0,0.0,0.0,0.0,0.0,0.0,10
1685,27762,1,BASELINE,1,15,3000,greedy,1,4,1,1,2000,random,0.0,0.0,0.0,0.0,0.0,0.0,0.0,0.0,10
1685,27762,1,BASELINE,1,15,3000,nearest,0,4,0,1,2000,none,0.0,0.0,0.0,0.0,0.0,0.0,0.0,0.0,10
1685,27762,1,BASELINE,1,15,3000,nearest,0,4,0,1,2000,past-avg,0.0,0.0,0.0,0.0,0.0,0.0,0.0,0.0,10
1685,27762,1,BASELINE,1,15,3000,nearest,0,4,0,1,2000,past-avg-revisit,0.0,0.0,0.0,0.0,0.0,0.0,0.0,0.0,10
1685,27762,1,BASELINE,1,15,3000,nearest,0,4,0,1,2000,past-avg-total,0.0,0.0,0.0,0.0,0.0,0.0,0.0,0.0,10
1685,27762,1,BASELINE,1,15,3000,nearest,0,4,0,1,2000,random,0.0,0.0,0.0,0.0,0.0,0.0,0.0,0.0,10
1685,27762,1,BASELINE,1,15,3000,nearest,0,4,1,1,2000,none,0.0,0.0,0.0,0.0,0.0,0.0,0.0,0.0,10
1685,27762,1,BASELINE,1,15,3000,nearest,0,4,1,1,2000,past-avg,0.0,0.0,0.0,0.0,0.0,0.0,0.0,0.0,10
1685,27762,1,BASELINE,1,15,3000,nearest,0,4,1,1,2000,past-avg-revisit,0.0,0.0,0.0,0.0,0.0,0.0,0.0,0.0,10
1685,27762,1,BASELINE,1,15,3000,nearest,0,4,1,1,2000,past-avg-total,0.0,0.0,0.0,0.0,0.0,0.0,0.0,0.0,10
1685,27762,1,BASELINE,1,15,3000,nearest,0,4,1,1,2000,random,0.0,0.0,0.0,0.0,0.0,0.0,0.0,0.0,10
1685,27762,1,BASELINE,1,15,3000,nearest,1,4,0,1,2000,none,0.0,0.0,0.0,0.0,0.0,0.0,0.0,0.0,10
1685,27762,1,BASELINE,1,15,3000,nearest,1,4,0,1,2000,past-avg,0.0,0.0,0.0,0.0,0.0,0.0,0.0,0.0,10
1685,27762,1,BASELINE,1,15,3000,nearest,1,4,0,1,2000,past-avg-revisit,0.0,0.0,0.0,0.0,0.0,0.0,0.0,0.0,10
1685,27762,1,BASELINE,1,15,3000,nearest,1,4,0,1,2000,past-avg-total,0.0,0.0,0.0,0.0,0.0,0.0,0.0,0.0,10
1685,27762,1,BASELINE,1,15,3000,nearest,1,4,0,1,2000,random,0.0,0.0,0.0,0.0,0.0,0.0,0.0,0.0,10
1685,27762,1,BASELINE,1,15,3000,nearest,1,4,1,1,2000,none,0.0,0.0,0.0,0.0,0.0,0.0,0.0,0.0,10
1685,27762,1,BASELINE,1,15,3000,nearest,1,4,1,1,2000,past-avg,0.0,0.0,0.0,0.0,0.0,0.0,0.0,0.0,10
1685,27762,1,BASELINE,1,15,3000,nearest,1,4,1,1,2000,past-avg-revisit,0.0,0.0,0.0,0.0,0.0,0.0,0.0,0.0,10
1685,27762,1,BASELINE,1,15,3000,nearest,1,4,1,1,2000,past-avg-total,0.0,0.0,0.0,0.0,0.0,0.0,0.0,0.0,10
1685,27762,1,BASELINE,1,15,3000,nearest,1,4,1,1,2000,random,0.0,0.0,0.0,0.0,0.0,0.0,0.0,0.0,10
1685,27762,1,BASELINE,2,15,1000,greedy,0,4,0,1,2000,none,0.0,0.0,0.0,0.0,0.0,0.0,0.0,0.0,10
1685,27762,1,BASELINE,2,15,1000,greedy,0,4,0,1,2000,past-avg,0.0,0.0,0.0,0.0,0.0,0.0,0.0,0.0,10
1685,27762,1,BASELINE,2,15,1000,greedy,0,4,0,1,2000,past-avg-revisit,0.0,0.0,0.0,0.0,0.0,0.0,0.0,0.0,10
1685,27762,1,BASELINE,2,15,1000,greedy,0,4,0,1,2000,past-avg-total,0.0,0.0,0.0,0.0,0.0,0.0,0.0,0.0,10
1685,27762,1,BASELINE,2,15,1000,greedy,0,4,0,1,2000,random,0.0,0.0,0.0,0.0,0.0,0.0,0.0,0.0,10
1685,27762,1,BASELINE,2,15,1000,greedy,0,4,1,1,2000,none,0.0,0.0,0.0,0.0,0.0,0.0,0.0,0.0,10
1685,27762,1,BASELINE,2,15,1000,greedy,0,4,1,1,2000,past-avg,0.0,0.0,0.0,0.0,0.0,0.0,0.0,0.0,10
1685,27762,1,BASELINE,2,15,1000,greedy,0,4,1,1,2000,past-avg-revisit,0.0,0.0,0.0,0.0,0.0,0.0,0.0,0.0,10
1685,27762,1,BASELINE,2,15,1000,greedy,0,4,1,1,2000,past-avg-total,0.0,0.0,0.0,0.0,0.0,0.0,0.0,0.0,10
1685,27762,1,BASELINE,2,15,1000,greedy,0,4,1,1,2000,random,0.0,0.0,0.0,0.0,0.0,0.0,0.0,0.0,10
1685,27762,1,BASELINE,2,15,1000,greedy,1,4,0,1,2000,none,0.0,0.0,0.0,0.0,0.0,0.0,0.0,0.0,10
1685,27762,1,BASELINE,2,15,1000,greedy,1,4,0,1,2000,past-avg,0.0,0.0,0.0,0.0,0.0,0.0,0.0,0.0,10
1685,27762,1,BASELINE,2,15,1000,greedy,1,4,0,1,2000,past-avg-revisit,0.0,0.0,0.0,0.0,0.0,0.0,0.0,0.0,10
1685,27762,1,BASELINE,2,15,1000,greedy,1,4,0,1,2000,past-avg-total,0.0,0.0,0.0,0.0,0.0,0.0,0.0,0.0,10
1685,27762,1,BASELINE,2,15,1000,greedy,1,4,0,1,2000,random,0.0,0.0,0.0,0.0,0.0,0.0,0.0,0.0,10
1685,27762,1,BASELINE,2,15,1000,greedy,1,4,1,1,2000,none,0.0,0.0,0.0,0.0,0.0,0.0,0.0,0.0,10
1685,27762,1,BASELINE,2,15,1000,greedy,1,4,1,1,2000,past-avg,0.0,0.0,0.0,0.0,0.0,0.0,0.0,0.0,10
1685,27762,1,BASELINE,2,15,1000,greedy,1,4,1,1,2000,past-avg-revisit,0.0,0.0,0.0,0.0,0.0,0.0,0.0,0.0,10
1685,27762,1,BASELINE,2,15,1000,greedy,1,4,1,1,2000,past-avg-total,0.0,0.0,0.0,0.0,0.0,0.0,0.0,0.0,10
1685,27762,1,BASELINE,2,15,1000,greedy,1,4,1,1,2000,random,0.0,0.0,0.0,0.0,0.0,0.0,0.0,0.0,10
1685,27762,1,BASELINE,2,15,1000,nearest,0,4,0,1,2000,none,0.0,0.0,0.0,0.0,0.0,0.0,0.0,0.0,10
1685,27762,1,BASELINE,2,15,1000,nearest,0,4,0,1,2000,past-avg,0.0,0.0,0.0,0.0,0.0,0.0,0.0,0.0,10
1685,27762,1,BASELINE,2,15,1000,nearest,0,4,0,1,2000,past-avg-revisit,0.0,0.0,0.0,0.0,0.0,0.0,0.0,0.0,10
1685,27762,1,BASELINE,2,15,1000,nearest,0,4,0,1,2000,past-avg-total,0.0,0.0,0.0,0.0,0.0,0.0,0.0,0.0,10
1685,27762,1,BASELINE,2,15,1000,nearest,0,4,0,1,2000,random,0.0,0.0,0.0,0.0,0.0,0.0,0.0,0.0,10
1685,27762,1,BASELINE,2,15,1000,nearest,0,4,1,1,2000,none,0.0,0.0,0.0,0.0,0.0,0.0,0.0,0.0,10
1685,27762,1,BASELINE,2,15,1000,nearest,0,4,1,1,2000,past-avg,0.0,0.0,0.0,0.0,0.0,0.0,0.0,0.0,10
1685,27762,1,BASELINE,2,15,1000,nearest,0,4,1,1,2000,past-avg-revisit,0.0,0.0,0.0,0.0,0.0,0.0,0.0,0.0,10
1685,27762,1,BASELINE,2,15,1000,nearest,0,4,1,1,2000,past-avg-total,0.0,0.0,0.0,0.0,0.0,0.0,0.0,0.0,10
1685,27762,1,BASELINE,2,15,1000,nearest,0,4,1,1,2000,random,0.0,0.0,0.0,0.0,0.0,0.0,0.0,0.0,10
1685,27762,1,BASELINE,2,15,1000,nearest,1,4,0,1,2000,none,0.0,0.0,0.0,0.0,0.0,0.0,0.0,0.0,10
1685,27762,1,BASELINE,2,15,1000,nearest,1,4,0,1,2000,past-avg,0.0,0.0,0.0,0.0,0.0,0.0,0.0,0.0,10
1685,27762,1,BASELINE,2,15,1000,nearest,1,4,0,1,2000,past-avg-revisit,0.0,0.0,0.0,0.0,0.0,0.0,0.0,0.0,10
1685,27762,1,BASELINE,2,15,1000,nearest,1,4,0,1,2000,past-avg-total,0.0,0.0,0.0,0.0,0.0,0.0,0.0,0.0,10
1685,27762,1,BASELINE,2,15,1000,nearest,1,4,0,1,2000,random,0.0,0.0,0.0,0.0,0.0,0.0,0.0,0.0,10
1685,27762,1,BASELINE,2,15,1000,nearest,1,4,1,1,2000,none,0.0,0.0,0.0,0.0,0.0,0.0,0.0,0.0,10
1685,27762,1,BASELINE,2,15,1000,nearest,1,4,1,1,2000,past-avg,0.0,0.0,0.0,0.0,0.0,0.0,0.0,0.0,10
1685,27762,1,BASELINE,2,15,1000,nearest,1,4,1,1,2000,past-avg-revisit,0.0,0.0,0.0,0.0,0.0,0.0,0.0,0.0,10
1685,27762,1,BASELINE,2,15,1000,nearest,1,4,1,1,2000,past-avg-total,0.0,0.0,0.0,0.0,0.0,0.0,0.0,0.0,10
1685,27762,1,BASELINE,2,15,1000,nearest,1,4,1,1,2000,random,0.0,0.0,0.0,0.0,0.0,0.0,0.0,0.0,10
1685,27762,1,BASELINE,2,15,2000,greedy,0,4,0,1,2000,none,0.0,0.0,0.0,0.0,0.0,0.0,0.0,0.0,10
1685,27762,1,BASELINE,2,15,2000,greedy,0,4,0,1,2000,past-avg,0.0,0.0,0.0,0.0,0.0,0.0,0.0,0.0,10
1685,27762,1,BASELINE,2,15,2000,greedy,0,4,0,1,2000,past-avg-revisit,0.0,0.0,0.0,0.0,0.0,0.0,0.0,0.0,10
1685,27762,1,BASELINE,2,15,2000,greedy,0,4,0,1,2000,past-avg-total,0.0,0.0,0.0,0.0,0.0,0.0,0.0,0.0,10
1685,27762,1,BASELINE,2,15,2000,greedy,0,4,0,1,2000,random,0.0,0.0,0.0,0.0,0.0,0.0,0.0,0.0,10
1685,27762,1,BASELINE,2,15,2000,greedy,0,4,1,1,2000,none,0.0,0.0,0.0,0.0,0.0,0.0,0.0,0.0,10
1685,27762,1,BASELINE,2,15,2000,greedy,0,4,1,1,2000,past-avg,0.0,0.0,0.0,0.0,0.0,0.0,0.0,0.0,10
1685,27762,1,BASELINE,2,15,2000,greedy,0,4,1,1,2000,past-avg-revisit,0.0,0.0,0.0,0.0,0.0,0.0,0.0,0.0,10
1685,27762,1,BASELINE,2,15,2000,greedy,0,4,1,1,2000,past-avg-total,0.0,0.0,0.0,0.0,0.0,0.0,0.0,0.0,10
1685,27762,1,BASELINE,2,15,2000,greedy,0,4,1,1,2000,random,0.0,0.0,0.0,0.0,0.0,0.0,0.0,0.0,10
1685,27762,1,BASELINE,2,15,2000,greedy,1,4,0,1,2000,none,0.0,0.0,0.0,0.0,0.0,0.0,0.0,0.0,10
1685,27762,1,BASELINE,2,15,2000,greedy,1,4,0,1,2000,past-avg,0.0,0.0,0.0,0.0,0.0,0.0,0.0,0.0,10
1685,27762,1,BASELINE,2,15,2000,greedy,1,4,0,1,2000,past-avg-revisit,0.0,0.0,0.0,0.0,0.0,0.0,0.0,0.0,10
1685,27762,1,BASELINE,2,15,2000,greedy,1,4,0,1,2000,past-avg-total,0.0,0.0,0.0,0.0,0.0,0.0,0.0,0.0,10
1685,27762,1,BASELINE,2,15,2000,greedy,1,4,0,1,2000,random,0.0,0.0,0.0,0.0,0.0,0.0,0.0,0.0,10
1685,27762,1,BASELINE,2,15,2000,greedy,1,4,1,1,2000,none,0.0,0.0,0.0,0.0,0.0,0.0,0.0,0.0,10
1685,27762,1,BASELINE,2,15,2000,greedy,1,4,1,1,2000,past-avg,0.0,0.0,0.0,0.0,0.0,0.0,0.0,0.0,10
1685,27762,1,BASELINE,2,15,2000,greedy,1,4,1,1,2000,past-avg-revisit,0.0,0.0,0.0,0.0,0.0,0.0,0.0,0.0,10
1685,27762,1,BASELINE,2,15,2000,greedy,1,4,1,1,2000,past-avg-total,0.0,0.0,0.0,0.0,0.0,0.0,0.0,0.0,10
1685,27762,1,BASELINE,2,15,2000,greedy,1,4,1,1,2000,random,0.0,0.0,0.0,0.0,0.0,0.0,0.0,0.0,10
1685,27762,1,BASELINE,2,15,2000,nearest,0,4,0,1,2000,none,0.0,0.0,0.0,0.0,0.0,0.0,0.0,0.0,10
1685,27762,1,BASELINE,2,15,2000,nearest,0,4,0,1,2000,past-avg,0.0,0.0,0.0,0.0,0.0,0.0,0.0,0.0,10
1685,27762,1,BASELINE,2,15,2000,nearest,0,4,0,1,2000,past-avg-revisit,0.0,0.0,0.0,0.0,0.0,0.0,0.0,0.0,10
1685,27762,1,BASELINE,2,15,2000,nearest,0,4,0,1,2000,past-avg-total,0.0,0.0,0.0,0.0,0.0,0.0,0.0,0.0,10
1685,27762,1,BASELINE,2,15,2000,nearest,0,4,0,1,2000,random,0.0,0.0,0.0,0.0,0.0,0.0,0.0,0.0,10
1685,27762,1,BASELINE,2,15,2000,nearest,0,4,1,1,2000,none,0.0,0.0,0.0,0.0,0.0,0.0,0.0,0.0,10
1685,27762,1,BASELINE,2,15,2000,nearest,0,4,1,1,2000,past-avg,0.0,0.0,0.0,0.0,0.0,0.0,0.0,0.0,10
1685,27762,1,BASELINE,2,15,2000,nearest,0,4,1,1,2000,past-avg-revisit,0.0,0.0,0.0,0.0,0.0,0.0,0.0,0.0,10
1685,27762,1,BASELINE,2,15,2000,nearest,0,4,1,1,2000,past-avg-total,0.0,0.0,0.0,0.0,0.0,0.0,0.0,0.0,10
1685,27762,1,BASELINE,2,15,2000,nearest,0,4,1,1,2000,random,0.0,0.0,0.0,0.0,0.0,0.0,0.0,0.0,10
1685,27762,1,BASELINE,2,15,2000,nearest,1,4,0,1,2000,none,0.0,0.0,0.0,0.0,0.0,0.0,0.0,0.0,10
1685,27762,1,BASELINE,2,15,2000,nearest,1,4,0,1,2000,past-avg,0.0,0.0,0.0,0.0,0.0,0.0,0.0,0.0,10
1685,27762,1,BASELINE,2,15,2000,nearest,1,4,0,1,2000,past-avg-revisit,0.0,0.0,0.0,0.0,0.0,0.0,0.0,0.0,10
1685,27762,1,BASELINE,2,15,2000,nearest,1,4,0,1,2000,past-avg-total,0.0,0.0,0.0,0.0,0.0,0.0,0.0,0.0,10
1685,27762,1,BASELINE,2,15,2000,nearest,1,4,0,1,2000,random,0.0,0.0,0.0,0.0,0.0,0.0,0.0,0.0,10
1685,27762,1,BASELINE,2,15,2000,nearest,1,4,1,1,2000,none,0.0,0.0,0.0,0.0,0.0,0.0,0.0,0.0,10
1685,27762,1,BASELINE,2,15,2000,nearest,1,4,1,1,2000,past-avg,0.0,0.0,0.0,0.0,0.0,0.0,0.0,0.0,10
1685,27762,1,BASELINE,2,15,2000,nearest,1,4,1,1,2000,past-avg-revisit,0.0,0.0,0.0,0.0,0.0,0.0,0.0,0.0,10
1685,27762,1,BASELINE,2,15,2000,nearest,1,4,1,1,2000,past-avg-total,0.0,0.0,0.0,0.0,0.0,0.0,0.0,0.0,10
1685,27762,1,BASELINE,2,15,2000,nearest,1,4,1,1,2000,random,0.0,0.0,0.0,0.0,0.0,0.0,0.0,0.0,10
1685,27762,1,BASELINE,2,15,3000,greedy,0,4,0,1,2000,none,0.0,0.0,0.0,0.0,0.0,0.0,0.0,0.0,10
1685,27762,1,BASELINE,2,15,3000,greedy,0,4,0,1,2000,past-avg,0.0,0.0,0.0,0.0,0.0,0.0,0.0,0.0,10
1685,27762,1,BASELINE,2,15,3000,greedy,0,4,0,1,2000,past-avg-revisit,0.0,0.0,0.0,0.0,0.0,0.0,0.0,0.0,10
1685,27762,1,BASELINE,2,15,3000,greedy,0,4,0,1,2000,past-avg-total,0.0,0.0,0.0,0.0,0.0,0.0,0.0,0.0,10
1685,27762,1,BASELINE,2,15,3000,greedy,0,4,0,1,2000,random,0.0,0.0,0.0,0.0,0.0,0.0,0.0,0.0,10
1685,27762,1,BASELINE,2,15,3000,greedy,0,4,1,1,2000,none,0.0,0.0,0.0,0.0,0.0,0.0,0.0,0.0,10
1685,27762,1,BASELINE,2,15,3000,greedy,0,4,1,1,2000,past-avg,0.0,0.0,0.0,0.0,0.0,0.0,0.0,0.0,10
1685,27762,1,BASELINE,2,15,3000,greedy,0,4,1,1,2000,past-avg-revisit,0.0,0.0,0.0,0.0,0.0,0.0,0.0,0.0,10
1685,27762,1,BASELINE,2,15,3000,greedy,0,4,1,1,2000,past-avg-total,0.0,0.0,0.0,0.0,0.0,0.0,0.0,0.0,10
1685,27762,1,BASELINE,2,15,3000,greedy,0,4,1,1,2000,random,0.0,0.0,0.0,0.0,0.0,0.0,0.0,0.0,10
1685,27762,1,BASELINE,2,15,3000,greedy,1,4,0,1,2000,none,0.0,0.0,0.0,0.0,0.0,0.0,0.0,0.0,10
1685,27762,1,BASELINE,2,15,3000,greedy,1,4,0,1,2000,past-avg,0.0,0.0,0.0,0.0,0.0,0.0,0.0,0.0,10
1685,27762,1,BASELINE,2,15,3000,greedy,1,4,0,1,2000,past-avg-revisit,0.0,0.0,0.0,0.0,0.0,0.0,0.0,0.0,10
1685,27762,1,BASELINE,2,15,3000,greedy,1,4,0,1,2000,past-avg-total,0.0,0.0,0.0,0.0,0.0,0.0,0.0,0.0,10
1685,27762,1,BASELINE,2,15,3000,greedy,1,4,0,1,2000,random,0.0,0.0,0.0,0.0,0.0,0.0,0.0,0.0,10
1685,27762,1,BASELINE,2,15,3000,greedy,1,4,1,1,2000,none,0.0,0.0,0.0,0.0,0.0,0.0,0.0,0.0,10
1685,27762,1,BASELINE,2,15,3000,greedy,1,4,1,1,2000,past-avg,0.0,0.0,0.0,0.0,0.0,0.0,0.0,0.0,10
1685,27762,1,BASELINE,2,15,3000,greedy,1,4,1,1,2000,past-avg-revisit,0.0,0.0,0.0,0.0,0.0,0.0,0.0,0.0,10
1685,27762,1,BASELINE,2,15,3000,greedy,1,4,1,1,2000,past-avg-total,0.0,0.0,0.0,0.0,0.0,0.0,0.0,0.0,10
1685,27762,1,BASELINE,2,15,3000,greedy,1,4,1,1,2000,random,0.0,0.0,0.0,0.0,0.0,0.0,0.0,0.0,10
1685,27762,1,BASELINE,2,15,3000,nearest,0,4,0,1,2000,none,0.0,0.0,0.0,0.0,0.0,0.0,0.0,0.0,10
1685,27762,1,BASELINE,2,15,3000,nearest,0,4,0,1,2000,past-avg,0.0,0.0,0.0,0.0,0.0,0.0,0.0,0.0,10
1685,27762,1,BASELINE,2,15,3000,nearest,0,4,0,1,2000,past-avg-revisit,0.0,0.0,0.0,0.0,0.0,0.0,0.0,0.0,10
1685,27762,1,BASELINE,2,15,3000,nearest,0,4,0,1,2000,past-avg-total,0.0,0.0,0.0,0.0,0.0,0.0,0.0,0.0,10
1685,27762,1,BASELINE,2,15,3000,nearest,0,4,0,1,2000,random,0.0,0.0,0.0,0.0,0.0,0.0,0.0,0.0,10
1685,27762,1,BASELINE,2,15,3000,nearest,0,4,1,1,2000,none,0.0,0.0,0.0,0.0,0.0,0.0,0.0,0.0,10
1685,27762,1,BASELINE,2,15,3000,nearest,0,4,1,1,2000,past-avg,0.0,0.0,0.0,0.0,0.0,0.0,0.0,0.0,10
1685,27762,1,BASELINE,2,15,3000,nearest,0,4,1,1,2000,past-avg-revisit,0.0,0.0,0.0,0.0,0.0,0.0,0.0,0.0,10
1685,27762,1,BASELINE,2,15,3000,nearest,0,4,1,1,2000,past-avg-total,0.0,0.0,0.0,0.0,0.0,0.0,0.0,0.0,10
1685,27762,1,BASELINE,2,15,3000,nearest,0,4,1,1,2000,random,0.0,0.0,0.0,0.0,0.0,0.0,0.0,0.0,10
1685,27762,1,BASELINE,2,15,3000,nearest,1,4,0,1,2000,none,0.0,0.0,0.0,0.0,0.0,0.0,0.0,0.0,10
1685,27762,1,BASELINE,2,15,3000,nearest,1,4,0,1,2000,past-avg,0.0,0.0,0.0,0.0,0.0,0.0,0.0,0.0,10
1685,27762,1,BASELINE,2,15,3000,nearest,1,4,0,1,2000,past-avg-revisit,0.0,0.0,0.0,0.0,0.0,0.0,0.0,0.0,10
1685,27762,1,BASELINE,2,15,3000,nearest,1,4,0,1,2000,past-avg-total,0.0,0.0,0.0,0.0,0.0,0.0,0.0,0.0,10
1685,27762,1,BASELINE,2,15,3000,nearest,1,4,0,1,2000,random,0.0,0.0,0.0,0.0,0.0,0.0,0.0,0.0,10
1685,27762,1,BASELINE,2,15,3000,nearest,1,4,1,1,2000,none,0.0,0.0,0.0,0.0,0.0,0.0,0.0,0.0,10
1685,27762,1,BASELINE,2,15,3000,nearest,1,4,1,1,2000,past-avg,0.0,0.0,0.0,0.0,0.0,0.0,0.0,0.0,10
1685,27762,1,BASELINE,2,15,3000,nearest,1,4,1,1,2000,past-avg-revisit,0.0,0.0,0.0,0.0,0.0,0.0,0.0,0.0,10
1685,27762,1,BASELINE,2,15,3000,nearest,1,4,1,1,2000,past-avg-total,0.0,0.0,0.0,0.0,0.0,0.0,0.0,0.0,10
1685,27762,1,BASELINE,2,15,3000,nearest,1,4,1,1,2000,random,0.0,0.0,0.0,0.0,0.0,0.0,0.0,0.0,10
1685,27762,1,RUSH_HOUR,0,15,1000,greedy,0,4,0,1,2000,none,1.0,1.0,1.0,1.0,1.0,1.0,1.0,1.0,10
1685,27762,1,RUSH_HOUR,0,15,1000,greedy,0,4,0,1,2000,past-avg,1.0,1.0,1.0,1.0,1.0,1.0,1.0,1.0,10
1685,27762,1,RUSH_HOUR,0,15,1000,greedy,0,4,0,1,2000,past-avg-revisit,1.0,1.0,1.0,1.0,1.0,1.0,1.0,1.0,10
1685,27762,1,RUSH_HOUR,0,15,1000,greedy,0,4,0,1,2000,past-avg-total,1.0,1.0,1.0,1.0,1.0,1.0,1.0,1.0,10
1685,27762,1,RUSH_HOUR,0,15,1000,greedy,0,4,0,1,2000,random,0.0,0.0,0.0,0.0,0.0,0.0,0.0,0.0,10
1685,27762,1,RUSH_HOUR,0,15,1000,greedy,0,4,1,1,2000,none,1.0,1.0,1.0,1.0,1.0,1.0,1.0,1.0,10
1685,27762,1,RUSH_HOUR,0,15,1000,greedy,0,4,1,1,2000,past-avg,1.0,1.0,1.0,1.0,1.0,1.0,1.0,1.0,10
1685,27762,1,RUSH_HOUR,0,15,1000,greedy,0,4,1,1,2000,past-avg-revisit,1.0,1.0,1.0,1.0,1.0,1.0,1.0,1.0,10
1685,27762,1,RUSH_HOUR,0,15,1000,greedy,0,4,1,1,2000,past-avg-total,1.0,1.0,1.0,1.0,1.0,1.0,1.0,1.0,10
1685,27762,1,RUSH_HOUR,0,15,1000,greedy,0,4,1,1,2000,random,0.0,0.0,0.0,0.0,0.0,0.0,0.0,0.0,10
1685,27762,1,RUSH_HOUR,0,15,1000,greedy,1,4,0,1,2000,none,1.0,1.0,1.0,1.0,1.0,1.0,1.0,1.0,10
1685,27762,1,RUSH_HOUR,0,15,1000,greedy,1,4,0,1,2000,past-avg,1.0,1.0,1.0,1.0,1.0,1.0,1.0,1.0,10
1685,27762,1,RUSH_HOUR,0,15,1000,greedy,1,4,0,1,2000,past-avg-revisit,1.0,1.0,1.0,1.0,1.0,1.0,1.0,1.0,10
1685,27762,1,RUSH_HOUR,0,15,1000,greedy,1,4,0,1,2000,past-avg-total,1.0,1.0,1.0,1.0,1.0,1.0,1.0,1.0,10
1685,27762,1,RUSH_HOUR,0,15,1000,greedy,1,4,0,1,2000,random,0.0,0.0,0.0,0.0,0.0,0.0,0.0,0.0,10
1685,27762,1,RUSH_HOUR,0,15,1000,greedy,1,4,1,1,2000,none,1.0,1.0,1.0,1.0,1.0,1.0,1.0,1.0,10
1685,27762,1,RUSH_HOUR,0,15,1000,greedy,1,4,1,1,2000,past-avg,1.0,1.0,1.0,1.0,1.0,1.0,1.0,1.0,10
1685,27762,1,RUSH_HOUR,0,15,1000,greedy,1,4,1,1,2000,past-avg-revisit,1.0,1.0,1.0,1.0,1.0,1.0,1.0,1.0,10
1685,27762,1,RUSH_HOUR,0,15,1000,greedy,1,4,1,1,2000,past-avg-total,1.0,1.0,1.0,1.0,1.0,1.0,1.0,1.0,10
1685,27762,1,RUSH_HOUR,0,15,1000,greedy,1,4,1,1,2000,random,0.0,0.0,0.0,0.0,0.0,0.0,0.0,0.0,10
1685,27762,1,RUSH_HOUR,0,15,1000,nearest,0,4,0,1,2000,none,1.0,1.0,1.0,1.0,1.0,1.0,1.0,1.0,10
1685,27762,1,RUSH_HOUR,0,15,1000,nearest,0,4,0,1,2000,past-avg,1.0,1.0,1.0,1.0,1.0,1.0,1.0,1.0,10
1685,27762,1,RUSH_HOUR,0,15,1000,nearest,0,4,0,1,2000,past-avg-revisit,1.0,1.0,1.0,1.0,1.0,1.0,1.0,1.0,10
1685,27762,1,RUSH_HOUR,0,15,1000,nearest,0,4,0,1,2000,past-avg-total,1.0,1.0,1.0,1.0,1.0,1.0,1.0,1.0,10
1685,27762,1,RUSH_HOUR,0,15,1000,nearest,0,4,0,1,2000,random,0.0,0.0,0.0,0.0,0.0,0.0,0.0,0.0,10
1685,27762,1,RUSH_HOUR,0,15,1000,nearest,0,4,1,1,2000,none,1.0,1.0,1.0,1.0,1.0,1.0,1.0,1.0,10
1685,27762,1,RUSH_HOUR,0,15,1000,nearest,0,4,1,1,2000,past-avg,1.0,1.0,1.0,1.0,1.0,1.0,1.0,1.0,10
1685,27762,1,RUSH_HOUR,0,15,1000,nearest,0,4,1,1,2000,past-avg-revisit,1.0,1.0,1.0,1.0,1.0,1.0,1.0,1.0,10
1685,27762,1,RUSH_HOUR,0,15,1000,nearest,0,4,1,1,2000,past-avg-total,1.0,1.0,1.0,1.0,1.0,1.0,1.0,1.0,10
1685,27762,1,RUSH_HOUR,0,15,1000,nearest,0,4,1,1,2000,random,0.0,0.0,0.0,0.0,0.0,0.0,0.0,0.0,10
1685,27762,1,RUSH_HOUR,0,15,1000,nearest,1,4,0,1,2000,none,1.0,1.0,1.0,1.0,1.0,1.0,1.0,1.0,10
1685,27762,1,RUSH_HOUR,0,15,1000,nearest,1,4,0,1,2000,past-avg,1.0,1.0,1.0,1.0,1.0,1.0,1.0,1.0,10
1685,27762,1,RUSH_HOUR,0,15,1000,nearest,1,4,0,1,2000,past-avg-revisit,1.0,1.0,1.0,1.0,1.0,1.0,1.0,1.0,10
1685,27762,1,RUSH_HOUR,0,15,1000,nearest,1,4,0,1,2000,past-avg-total,1.0,1.0,1.0,1.0,1.0,1.0,1.0,1.0,10
1685,27762,1,RUSH_HOUR,0,15,1000,nearest,1,4,0,1,2000,random,0.0,0.0,0.0,0.0,0.0,0.0,0.0,0.0,10
1685,27762,1,RUSH_HOUR,0,15,1000,nearest,1,4,1,1,2000,none,1.0,1.0,1.0,1.0,1.0,1.0,1.0,1.0,10
1685,27762,1,RUSH_HOUR,0,15,1000,nearest,1,4,1,1,2000,past-avg,1.0,1.0,1.0,1.0,1.0,1.0,1.0,1.0,10
1685,27762,1,RUSH_HOUR,0,15,1000,nearest,1,4,1,1,2000,past-avg-revisit,1.0,1.0,1.0,1.0,1.0,1.0,1.0,1.0,10
1685,27762,1,RUSH_HOUR,0,15,1000,nearest,1,4,1,1,2000,past-avg-total,1.0,1.0,1.0,1.0,1.0,1.0,1.0,1.0,10
1685,27762,1,RUSH_HOUR,0,15,1000,nearest,1,4,1,1,2000,random,0.0,0.0,0.0,0.0,0.0,0.0,0.0,0.0,10
1685,27762,1,RUSH_HOUR,0,15,2000,greedy,0,4,0,1,2000,none,1.0,1.0,1.0,1.0,1.0,1.0,1.0,1.0,10
1685,27762,1,RUSH_HOUR,0,15,2000,greedy,0,4,0,1,2000,past-avg,1.0,1.0,1.0,1.0,1.0,1.0,1.0,1.0,10
1685,27762,1,RUSH_HOUR,0,15,2000,greedy,0,4,0,1,2000,past-avg-revisit,1.0,1.0,1.0,1.0,1.0,1.0,1.0,1.0,10
1685,27762,1,RUSH_HOUR,0,15,2000,greedy,0,4,0,1,2000,past-avg-total,1.0,1.0,1.0,1.0,1.0,1.0,1.0,1.0,10
1685,27762,1,RUSH_HOUR,0,15,2000,greedy,0,4,0,1,2000,random,0.0,0.0,0.0,0.0,0.0,0.0,0.0,0.0,10
1685,27762,1,RUSH_HOUR,0,15,2000,greedy,0,4,1,1,2000,none,1.0,1.0,1.0,1.0,1.0,1.0,1.0,1.0,10
1685,27762,1,RUSH_HOUR,0,15,2000,greedy,0,4,1,1,2000,past-avg,1.0,1.0,1.0,1.0,1.0,1.0,1.0,1.0,10
1685,27762,1,RUSH_HOUR,0,15,2000,greedy,0,4,1,1,2000,past-avg-revisit,1.0,1.0,1.0,1.0,1.0,1.0,1.0,1.0,10
1685,27762,1,RUSH_HOUR,0,15,2000,greedy,0,4,1,1,2000,past-avg-total,1.0,1.0,1.0,1.0,1.0,1.0,1.0,1.0,10
1685,27762,1,RUSH_HOUR,0,15,2000,greedy,0,4,1,1,2000,random,0.0,0.0,0.0,0.0,0.0,0.0,0.0,0.0,10
1685,27762,1,RUSH_HOUR,0,15,2000,greedy,1,4,0,1,2000,none,1.0,1.0,1.0,1.0,1.0,1.0,1.0,1.0,10
1685,27762,1,RUSH_HOUR,0,15,2000,greedy,1,4,0,1,2000,past-avg,1.0,1.0,1.0,1.0,1.0,1.0,1.0,1.0,10
1685,27762,1,RUSH_HOUR,0,15,2000,greedy,1,4,0,1,2000,past-avg-revisit,1.0,1.0,1.0,1.0,1.0,1.0,1.0,1.0,10
1685,27762,1,RUSH_HOUR,0,15,2000,greedy,1,4,0,1,2000,past-avg-total,1.0,1.0,1.0,1.0,1.0,1.0,1.0,1.0,10
1685,27762,1,RUSH_HOUR,0,15,2000,greedy,1,4,0,1,2000,random,0.0,0.0,0.0,0.0,0.0,0.0,0.0,0.0,10
1685,27762,1,RUSH_HOUR,0,15,2000,greedy,1,4,1,1,2000,none,1.0,1.0,1.0,1.0,1.0,1.0,1.0,1.0,10
1685,27762,1,RUSH_HOUR,0,15,2000,greedy,1,4,1,1,2000,past-avg,1.0,1.0,1.0,1.0,1.0,1.0,1.0,1.0,10
1685,27762,1,RUSH_HOUR,0,15,2000,greedy,1,4,1,1,2000,past-avg-revisit,1.0,1.0,1.0,1.0,1.0,1.0,1.0,1.0,10
1685,27762,1,RUSH_HOUR,0,15,2000,greedy,1,4,1,1,2000,past-avg-total,1.0,1.0,1.0,1.0,1.0,1.0,1.0,1.0,10
1685,27762,1,RUSH_HOUR,0,15,2000,greedy,1,4,1,1,2000,random,0.0,0.0,0.0,0.0,0.0,0.0,0.0,0.0,10
1685,27762,1,RUSH_HOUR,0,15,2000,nearest,0,4,0,1,2000,none,1.0,1.0,1.0,1.0,1.0,1.0,1.0,1.0,10
1685,27762,1,RUSH_HOUR,0,15,2000,nearest,0,4,0,1,2000,past-avg,1.0,1.0,1.0,1.0,1.0,1.0,1.0,1.0,10
1685,27762,1,RUSH_HOUR,0,15,2000,nearest,0,4,0,1,2000,past-avg-revisit,1.0,1.0,1.0,1.0,1.0,1.0,1.0,1.0,10
1685,27762,1,RUSH_HOUR,0,15,2000,nearest,0,4,0,1,2000,past-avg-total,1.0,1.0,1.0,1.0,1.0,1.0,1.0,1.0,10
1685,27762,1,RUSH_HOUR,0,15,2000,nearest,0,4,0,1,2000,random,0.0,0.0,0.0,0.0,0.0,0.0,0.0,0.0,10
1685,27762,1,RUSH_HOUR,0,15,2000,nearest,0,4,1,1,2000,none,1.0,1.0,1.0,1.0,1.0,1.0,1.0,1.0,10
1685,27762,1,RUSH_HOUR,0,15,2000,nearest,0,4,1,1,2000,past-avg,1.0,1.0,1.0,1.0,1.0,1.0,1.0,1.0,10
1685,27762,1,RUSH_HOUR,0,15,2000,nearest,0,4,1,1,2000,past-avg-revisit,1.0,1.0,1.0,1.0,1.0,1.0,1.0,1.0,10
1685,27762,1,RUSH_HOUR,0,15,2000,nearest,0,4,1,1,2000,past-avg-total,1.0,1.0,1.0,1.0,1.0,1.0,1.0,1.0,10
1685,27762,1,RUSH_HOUR,0,15,2000,nearest,0,4,1,1,2000,random,0.0,0.0,0.0,0.0,0.0,0.0,0.0,0.0,10
1685,27762,1,RUSH_HOUR,0,15,2000,nearest,1,4,0,1,2000,none,1.0,1.0,1.0,1.0,1.0,1.0,1.0,1.0,10
1685,27762,1,RUSH_HOUR,0,15,2000,nearest,1,4,0,1,2000,past-avg,1.0,1.0,1.0,1.0,1.0,1.0,1.0,1.0,10
1685,27762,1,RUSH_HOUR,0,15,2000,nearest,1,4,0,1,2000,past-avg-revisit,1.0,1.0,1.0,1.0,1.0,1.0,1.0,1.0,10
1685,27762,1,RUSH_HOUR,0,15,2000,nearest,1,4,0,1,2000,past-avg-total,1.0,1.0,1.0,1.0,1.0,1.0,1.0,1.0,10
1685,27762,1,RUSH_HOUR,0,15,2000,nearest,1,4,0,1,2000,random,0.0,0.0,0.0,0.0,0.0,0.0,0.0,0.0,10
1685,27762,1,RUSH_HOUR,0,15,2000,nearest,1,4,1,1,2000,none,1.0,1.0,1.0,1.0,1.0,1.0,1.0,1.0,10
1685,27762,1,RUSH_HOUR,0,15,2000,nearest,1,4,1,1,2000,past-avg,1.0,1.0,1.0,1.0,1.0,1.0,1.0,1.0,10
1685,27762,1,RUSH_HOUR,0,15,2000,nearest,1,4,1,1,2000,past-avg-revisit,1.0,1.0,1.0,1.0,1.0,1.0,1.0,1.0,10
1685,27762,1,RUSH_HOUR,0,15,2000,nearest,1,4,1,1,2000,past-avg-total,1.0,1.0,1.0,1.0,1.0,1.0,1.0,1.0,10
1685,27762,1,RUSH_HOUR,0,15,2000,nearest,1,4,1,1,2000,random,0.0,0.0,0.0,0.0,0.0,0.0,0.0,0.0,10
1685,27762,1,RUSH_HOUR,0,15,3000,greedy,0,4,0,1,2000,none,1.0,1.0,1.0,1.0,1.0,1.0,1.0,1.0,10
1685,27762,1,RUSH_HOUR,0,15,3000,greedy,0,4,0,1,2000,past-avg,1.0,1.0,1.0,1.0,1.0,1.0,1.0,1.0,10
1685,27762,1,RUSH_HOUR,0,15,3000,greedy,0,4,0,1,2000,past-avg-revisit,1.0,1.0,1.0,1.0,1.0,1.0,1.0,1.0,10
1685,27762,1,RUSH_HOUR,0,15,3000,greedy,0,4,0,1,2000,past-avg-total,1.0,1.0,1.0,1.0,1.0,1.0,1.0,1.0,10
1685,27762,1,RUSH_HOUR,0,15,3000,greedy,0,4,0,1,2000,random,0.0,0.0,0.0,0.0,0.0,0.0,0.0,0.0,10
1685,27762,1,RUSH_HOUR,0,15,3000,greedy,0,4,1,1,2000,none,1.0,1.0,1.0,1.0,1.0,1.0,1.0,1.0,10
1685,27762,1,RUSH_HOUR,0,15,3000,greedy,0,4,1,1,2000,past-avg,1.0,1.0,1.0,1.0,1.0,1.0,1.0,1.0,10
1685,27762,1,RUSH_HOUR,0,15,3000,greedy,0,4,1,1,2000,past-avg-revisit,1.0,1.0,1.0,1.0,1.0,1.0,1.0,1.0,10
1685,27762,1,RUSH_HOUR,0,15,3000,greedy,0,4,1,1,2000,past-avg-total,1.0,1.0,1.0,1.0,1.0,1.0,1.0,1.0,10
1685,27762,1,RUSH_HOUR,0,15,3000,greedy,0,4,1,1,2000,random,0.0,0.0,0.0,0.0,0.0,0.0,0.0,0.0,10
1685,27762,1,RUSH_HOUR,0,15,3000,greedy,1,4,0,1,2000,none,1.0,1.0,1.0,1.0,1.0,1.0,1.0,1.0,10
1685,27762,1,RUSH_HOUR,0,15,3000,greedy,1,4,0,1,2000,past-avg,1.0,1.0,1.0,1.0,1.0,1.0,1.0,1.0,10
1685,27762,1,RUSH_HOUR,0,15,3000,greedy,1,4,0,1,2000,past-avg-revisit,1.0,1.0,1.0,1.0,1.0,1.0,1.0,1.0,10
1685,27762,1,RUSH_HOUR,0,15,3000,greedy,1,4,0,1,2000,past-avg-total,1.0,1.0,1.0,1.0,1.0,1.0,1.0,1.0,10
1685,27762,1,RUSH_HOUR,0,15,3000,greedy,1,4,0,1,2000,random,0.0,0.0,0.0,0.0,0.0,0.0,0.0,0.0,10
1685,27762,1,RUSH_HOUR,0,15,3000,greedy,1,4,1,1,2000,none,1.0,1.0,1.0,1.0,1.0,1.0,1.0,1.0,10
1685,27762,1,RUSH_HOUR,0,15,3000,greedy,1,4,1,1,2000,past-avg,1.0,1.0,1.0,1.0,1.0,1.0,1.0,1.0,10
1685,27762,1,RUSH_HOUR,0,15,3000,greedy,1,4,1,1,2000,past-avg-revisit,1.0,1.0,1.0,1.0,1.0,1.0,1.0,1.0,10
1685,27762,1,RUSH_HOUR,0,15,3000,greedy,1,4,1,1,2000,past-avg-total,1.0,1.0,1.0,1.0,1.0,1.0,1.0,1.0,10
1685,27762,1,RUSH_HOUR,0,15,3000,greedy,1,4,1,1,2000,random,0.0,0.0,0.0,0.0,0.0,0.0,0.0,0.0,10
1685,27762,1,RUSH_HOUR,0,15,3000,nearest,0,4,0,1,2000,none,1.0,1.0,1.0,1.0,1.0,1.0,1.0,1.0,10
1685,27762,1,RUSH_HOUR,0,15,3000,nearest,0,4,0,1,2000,past-avg,1.0,1.0,1.0,1.0,1.0,1.0,1.0,1.0,10
1685,27762,1,RUSH_HOUR,0,15,3000,nearest,0,4,0,1,2000,past-avg-revisit,1.0,1.0,1.0,1.0,1.0,1.0,1.0,1.0,10
1685,27762,1,RUSH_HOUR,0,15,3000,nearest,0,4,0,1,2000,past-avg-total,1.0,1.0,1.0,1.0,1.0,1.0,1.0,1.0,10
1685,27762,1,RUSH_HOUR,0,15,3000,nearest,0,4,0,1,2000,random,0.0,0.0,0.0,0.0,0.0,0.0,0.0,0.0,10
1685,27762,1,RUSH_HOUR,0,15,3000,nearest,0,4,1,1,2000,none,1.0,1.0,1.0,1.0,1.0,1.0,1.0,1.0,10
1685,27762,1,RUSH_HOUR,0,15,3000,nearest,0,4,1,1,2000,past-avg,1.0,1.0,1.0,1.0,1.0,1.0,1.0,1.0,10
1685,27762,1,RUSH_HOUR,0,15,3000,nearest,0,4,1,1,2000,past-avg-revisit,1.0,1.0,1.0,1.0,1.0,1.0,1.0,1.0,10
1685,27762,1,RUSH_HOUR,0,15,3000,nearest,0,4,1,1,2000,past-avg-total,1.0,1.0,1.0,1.0,1.0,1.0,1.0,1.0,10
1685,27762,1,RUSH_HOUR,0,15,3000,nearest,0,4,1,1,2000,random,0.0,0.0,0.0,0.0,0.0,0.0,0.0,0.0,10
1685,27762,1,RUSH_HOUR,0,15,3000,nearest,1,4,0,1,2000,none,1.0,1.0,1.0,1.0,1.0,1.0,1.0,1.0,10
1685,27762,1,RUSH_HOUR,0,15,3000,nearest,1,4,0,1,2000,past-avg,1.0,1.0,1.0,1.0,1.0,1.0,1.0,1.0,10
1685,27762,1,RUSH_HOUR,0,15,3000,nearest,1,4,0,1,2000,past-avg-revisit,1.0,1.0,1.0,1.0,1.0,1.0,1.0,1.0,10
1685,27762,1,RUSH_HOUR,0,15,3000,nearest,1,4,0,1,2000,past-avg-total,1.0,1.0,1.0,1.0,1.0,1.0,1.0,1.0,10
1685,27762,1,RUSH_HOUR,0,15,3000,nearest,1,4,0,1,2000,random,0.0,0.0,0.0,0.0,0.0,0.0,0.0,0.0,10
1685,27762,1,RUSH_HOUR,0,15,3000,nearest,1,4,1,1,2000,none,1.0,1.0,1.0,1.0,1.0,1.0,1.0,1.0,10
1685,27762,1,RUSH_HOUR,0,15,3000,nearest,1,4,1,1,2000,past-avg,1.0,1.0,1.0,1.0,1.0,1.0,1.0,1.0,10
1685,27762,1,RUSH_HOUR,0,15,3000,nearest,1,4,1,1,2000,past-avg-revisit,1.0,1.0,1.0,1.0,1.0,1.0,1.0,1.0,10
1685,27762,1,RUSH_HOUR,0,15,3000,nearest,1,4,1,1,2000,past-avg-total,1.0,1.0,1.0,1.0,1.0,1.0,1.0,1.0,10
1685,27762,1,RUSH_HOUR,0,15,3000,nearest,1,4,1,1,2000,random,0.0,0.0,0.0,0.0,0.0,0.0,0.0,0.0,10
1685,27762,1,RUSH_HOUR,1,15,1000,greedy,0,4,0,1,2000,none,1.0,1.0,1.0,1.0,1.0,1.0,1.0,1.0,10
1685,27762,1,RUSH_HOUR,1,15,1000,greedy,0,4,0,1,2000,past-avg,1.0,1.0,1.0,1.0,1.0,1.0,1.0,1.0,10
1685,27762,1,RUSH_HOUR,1,15,1000,greedy,0,4,0,1,2000,past-avg-revisit,1.0,1.0,1.0,1.0,1.0,1.0,1.0,1.0,10
1685,27762,1,RUSH_HOUR,1,15,1000,greedy,0,4,0,1,2000,past-avg-total,1.0,1.0,1.0,1.0,1.0,1.0,1.0,1.0,10
1685,27762,1,RUSH_HOUR,1,15,1000,greedy,0,4,0,1,2000,random,0.0,0.0,0.0,0.0,0.0,0.0,0.0,0.0,10
1685,27762,1,RUSH_HOUR,1,15,1000,greedy,0,4,1,1,2000,none,1.0,1.0,1.0,1.0,1.0,1.0,1.0,1.0,10
1685,27762,1,RUSH_HOUR,1,15,1000,greedy,0,4,1,1,2000,past-avg,1.0,1.0,1.0,1.0,1.0,1.0,1.0,1.0,10
1685,27762,1,RUSH_HOUR,1,15,1000,greedy,0,4,1,1,2000,past-avg-revisit,1.0,1.0,1.0,1.0,1.0,1.0,1.0,1.0,10
1685,27762,1,RUSH_HOUR,1,15,1000,greedy,0,4,1,1,2000,past-avg-total,1.0,1.0,1.0,1.0,1.0,1.0,1.0,1.0,10
1685,27762,1,RUSH_HOUR,1,15,1000,greedy,0,4,1,1,2000,random,0.0,0.0,0.0,0.0,0.0,0.0,0.0,0.0,10
1685,27762,1,RUSH_HOUR,1,15,1000,greedy,1,4,0,1,2000,none,1.0,1.0,1.0,1.0,1.0,1.0,1.0,1.0,10
1685,27762,1,RUSH_HOUR,1,15,1000,greedy,1,4,0,1,2000,past-avg,1.0,1.0,1.0,1.0,1.0,1.0,1.0,1.0,10
1685,27762,1,RUSH_HOUR,1,15,1000,greedy,1,4,0,1,2000,past-avg-revisit,1.0,1.0,1.0,1.0,1.0,1.0,1.0,1.0,10
1685,27762,1,RUSH_HOUR,1,15,1000,greedy,1,4,0,1,2000,past-avg-total,1.0,1.0,1.0,1.0,1.0,1.0,1.0,1.0,10
1685,27762,1,RUSH_HOUR,1,15,1000,greedy,1,4,0,1,2000,random,0.0,0.0,0.0,0.0,0.0,0.0,0.0,0.0,10
1685,27762,1,RUSH_HOUR,1,15,1000,greedy,1,4,1,1,2000,none,1.0,1.0,1.0,1.0,1.0,1.0,1.0,1.0,10
1685,27762,1,RUSH_HOUR,1,15,1000,greedy,1,4,1,1,2000,past-avg,1.0,1.0,1.0,1.0,1.0,1.0,1.0,1.0,10
1685,27762,1,RUSH_HOUR,1,15,1000,greedy,1,4,1,1,2000,past-avg-revisit,1.0,1.0,1.0,1.0,1.0,1.0,1.0,1.0,10
1685,27762,1,RUSH_HOUR,1,15,1000,greedy,1,4,1,1,2000,past-avg-total,1.0,1.0,1.0,1.0,1.0,1.0,1.0,1.0,10
1685,27762,1,RUSH_HOUR,1,15,1000,greedy,1,4,1,1,2000,random,0.0,0.0,0.0,0.0,0.0,0.0,0.0,0.0,10
1685,27762,1,RUSH_HOUR,1,15,1000,nearest,0,4,0,1,2000,none,1.0,1.0,1.0,1.0,1.0,1.0,1.0,1.0,10
1685,27762,1,RUSH_HOUR,1,15,1000,nearest,0,4,0,1,2000,past-avg,1.0,1.0,1.0,1.0,1.0,1.0,1.0,1.0,10
1685,27762,1,RUSH_HOUR,1,15,1000,nearest,0,4,0,1,2000,past-avg-revisit,1.0,1.0,1.0,1.0,1.0,1.0,1.0,1.0,10
1685,27762,1,RUSH_HOUR,1,15,1000,nearest,0,4,0,1,2000,past-avg-total,1.0,1.0,1.0,1.0,1.0,1.0,1.0,1.0,10
1685,27762,1,RUSH_HOUR,1,15,1000,nearest,0,4,0,1,2000,random,0.0,0.0,0.0,0.0,0.0,0.0,0.0,0.0,10
1685,27762,1,RUSH_HOUR,1,15,1000,nearest,0,4,1,1,2000,none,1.0,1.0,1.0,1.0,1.0,1.0,1.0,1.0,10
1685,27762,1,RUSH_HOUR,1,15,1000,nearest,0,4,1,1,2000,past-avg,1.0,1.0,1.0,1.0,1.0,1.0,1.0,1.0,10
1685,27762,1,RUSH_HOUR,1,15,1000,nearest,0,4,1,1,2000,past-avg-revisit,1.0,1.0,1.0,1.0,1.0,1.0,1.0,1.0,10
1685,27762,1,RUSH_HOUR,1,15,1000,nearest,0,4,1,1,2000,past-avg-total,1.0,1.0,1.0,1.0,1.0,1.0,1.0,1.0,10
1685,27762,1,RUSH_HOUR,1,15,1000,nearest,0,4,1,1,2000,random,0.0,0.0,0.0,0.0,0.0,0.0,0.0,0.0,10
1685,27762,1,RUSH_HOUR,1,15,1000,nearest,1,4,0,1,2000,none,1.0,1.0,1.0,1.0,1.0,1.0,1.0,1.0,10
1685,27762,1,RUSH_HOUR,1,15,1000,nearest,1,4,0,1,2000,past-avg,1.0,1.0,1.0,1.0,1.0,1.0,1.0,1.0,10
1685,27762,1,RUSH_HOUR,1,15,1000,nearest,1,4,0,1,2000,past-avg-revisit,1.0,1.0,1.0,1.0,1.0,1.0,1.0,1.0,10
1685,27762,1,RUSH_HOUR,1,15,1000,nearest,1,4,0,1,2000,past-avg-total,1.0,1.0,1.0,1.0,1.0,1.0,1.0,1.0,10
1685,27762,1,RUSH_HOUR,1,15,1000,nearest,1,4,0,1,2000,random,0.0,0.0,0.0,0.0,0.0,0.0,0.0,0.0,10
1685,27762,1,RUSH_HOUR,1,15,1000,nearest,1,4,1,1,2000,none,1.0,1.0,1.0,1.0,1.0,1.0,1.0,1.0,10
1685,27762,1,RUSH_HOUR,1,15,1000,nearest,1,4,1,1,2000,past-avg,1.0,1.0,1.0,1.0,1.0,1.0,1.0,1.0,10
1685,27762,1,RUSH_HOUR,1,15,1000,nearest,1,4,1,1,2000,past-avg-revisit,1.0,1.0,1.0,1.0,1.0,1.0,1.0,1.0,10
1685,27762,1,RUSH_HOUR,1,15,1000,nearest,1,4,1,1,2000,past-avg-total,1.0,1.0,1.0,1.0,1.0,1.0,1.0,1.0,10
1685,27762,1,RUSH_HOUR,1,15,1000,nearest,1,4,1,1,2000,random,0.0,0.0,0.0,0.0,0.0,0.0,0.0,0.0,10
1685,27762,1,RUSH_HOUR,1,15,2000,greedy,0,4,0,1,2000,none,1.0,1.0,1.0,1.0,1.0,1.0,1.0,1.0,10
1685,27762,1,RUSH_HOUR,1,15,2000,greedy,0,4,0,1,2000,past-avg,1.0,1.0,1.0,1.0,1.0,1.0,1.0,1.0,10
1685,27762,1,RUSH_HOUR,1,15,2000,greedy,0,4,0,1,2000,past-avg-revisit,1.0,1.0,1.0,1.0,1.0,1.0,1.0,1.0,10
1685,27762,1,RUSH_HOUR,1,15,2000,greedy,0,4,0,1,2000,past-avg-total,1.0,1.0,1.0,1.0,1.0,1.0,1.0,1.0,10
1685,27762,1,RUSH_HOUR,1,15,2000,greedy,0,4,0,1,2000,random,0.0,0.0,0.0,0.0,0.0,0.0,0.0,0.0,10
1685,27762,1,RUSH_HOUR,1,15,2000,greedy,0,4,1,1,2000,none,1.0,1.0,1.0,1.0,1.0,1.0,1.0,1.0,10
1685,27762,1,RUSH_HOUR,1,15,2000,greedy,0,4,1,1,2000,past-avg,1.0,1.0,1.0,1.0,1.0,1.0,1.0,1.0,10
1685,27762,1,RUSH_HOUR,1,15,2000,greedy,0,4,1,1,2000,past-avg-revisit,1.0,1.0,1.0,1.0,1.0,1.0,1.0,1.0,10
1685,27762,1,RUSH_HOUR,1,15,2000,greedy,0,4,1,1,2000,past-avg-total,1.0,1.0,1.0,1.0,1.0,1.0,1.0,1.0,10
1685,27762,1,RUSH_HOUR,1,15,2000,greedy,0,4,1,1,2000,random,0.0,0.0,0.0,0.0,0.0,0.0,0.0,0.0,10
1685,27762,1,RUSH_HOUR,1,15,2000,greedy,1,4,0,1,2000,none,1.0,1.0,1.0,1.0,1.0,1.0,1.0,1.0,10
1685,27762,1,RUSH_HOUR,1,15,2000,greedy,1,4,0,1,2000,past-avg,1.0,1.0,1.0,1.0,1.0,1.0,1.0,1.0,10
1685,27762,1,RUSH_HOUR,1,15,2000,greedy,1,4,0,1,2000,past-avg-revisit,1.0,1.0,1.0,1.0,1.0,1.0,1.0,1.0,10
1685,27762,1,RUSH_HOUR,1,15,2000,greedy,1,4,0,1,2000,past-avg-total,1.0,1.0,1.0,1.0,1.0,1.0,1.0,1.0,10
1685,27762,1,RUSH_HOUR,1,15,2000,greedy,1,4,0,1,2000,random,0.0,0.0,0.0,0.0,0.0,0.0,0.0,0.0,10
1685,27762,1,RUSH_HOUR,1,15,2000,greedy,1,4,1,1,2000,none,1.0,1.0,1.0,1.0,1.0,1.0,1.0,1.0,10
1685,27762,1,RUSH_HOUR,1,15,2000,greedy,1,4,1,1,2000,past-avg,1.0,1.0,1.0,1.0,1.0,1.0,1.0,1.0,10
1685,27762,1,RUSH_HOUR,1,15,2000,greedy,1,4,1,1,2000,past-avg-revisit,1.0,1.0,1.0,1.0,1.0,1.0,1.0,1.0,10
1685,27762,1,RUSH_HOUR,1,15,2000,greedy,1,4,1,1,2000,past-avg-total,1.0,1.0,1.0,1.0,1.0,1.0,1.0,1.0,10
1685,27762,1,RUSH_HOUR,1,15,2000,greedy,1,4,1,1,2000,random,0.0,0.0,0.0,0.0,0.0,0.0,0.0,0.0,10
1685,27762,1,RUSH_HOUR,1,15,2000,nearest,0,4,0,1,2000,none,1.0,1.0,1.0,1.0,1.0,1.0,1.0,1.0,10
1685,27762,1,RUSH_HOUR,1,15,2000,nearest,0,4,0,1,2000,past-avg,1.0,1.0,1.0,1.0,1.0,1.0,1.0,1.0,10
1685,27762,1,RUSH_HOUR,1,15,2000,nearest,0,4,0,1,2000,past-avg-revisit,1.0,1.0,1.0,1.0,1.0,1.0,1.0,1.0,10
1685,27762,1,RUSH_HOUR,1,15,2000,nearest,0,4,0,1,2000,past-avg-total,1.0,1.0,1.0,1.0,1.0,1.0,1.0,1.0,10
1685,27762,1,RUSH_HOUR,1,15,2000,nearest,0,4,0,1,2000,random,0.0,0.0,0.0,0.0,0.0,0.0,0.0,0.0,10
1685,27762,1,RUSH_HOUR,1,15,2000,nearest,0,4,1,1,2000,none,1.0,1.0,1.0,1.0,1.0,1.0,1.0,1.0,10
1685,27762,1,RUSH_HOUR,1,15,2000,nearest,0,4,1,1,2000,past-avg,1.0,1.0,1.0,1.0,1.0,1.0,1.0,1.0,10
1685,27762,1,RUSH_HOUR,1,15,2000,nearest,0,4,1,1,2000,past-avg-revisit,1.0,1.0,1.0,1.0,1.0,1.0,1.0,1.0,10
1685,27762,1,RUSH_HOUR,1,15,2000,nearest,0,4,1,1,2000,past-avg-total,1.0,1.0,1.0,1.0,1.0,1.0,1.0,1.0,10
1685,27762,1,RUSH_HOUR,1,15,2000,nearest,0,4,1,1,2000,random,0.0,0.0,0.0,0.0,0.0,0.0,0.0,0.0,10
1685,27762,1,RUSH_HOUR,1,15,2000,nearest,1,4,0,1,2000,none,1.0,1.0,1.0,1.0,1.0,1.0,1.0,1.0,10
1685,27762,1,RUSH_HOUR,1,15,2000,nearest,1,4,0,1,2000,past-avg,1.0,1.0,1.0,1.0,1.0,1.0,1.0,1.0,10
1685,27762,1,RUSH_HOUR,1,15,2000,nearest,1,4,0,1,2000,past-avg-revisit,1.0,1.0,1.0,1.0,1.0,1.0,1.0,1.0,10
1685,27762,1,RUSH_HOUR,1,15,2000,nearest,1,4,0,1,2000,past-avg-total,1.0,1.0,1.0,1.0,1.0,1.0,1.0,1.0,10
1685,27762,1,RUSH_HOUR,1,15,2000,nearest,1,4,0,1,2000,random,0.0,0.0,0.0,0.0,0.0,0.0,0.0,0.0,10
1685,27762,1,RUSH_HOUR,1,15,2000,nearest,1,4,1,1,2000,none,1.0,1.0,1.0,1.0,1.0,1.0,1.0,1.0,10
1685,27762,1,RUSH_HOUR,1,15,2000,nearest,1,4,1,1,2000,past-avg,1.0,1.0,1.0,1.0,1.0,1.0,1.0,1.0,10
1685,27762,1,RUSH_HOUR,1,15,2000,nearest,1,4,1,1,2000,past-avg-revisit,1.0,1.0,1.0,1.0,1.0,1.0,1.0,1.0,10
1685,27762,1,RUSH_HOUR,1,15,2000,nearest,1,4,1,1,2000,past-avg-total,1.0,1.0,1.0,1.0,1.0,1.0,1.0,1.0,10
1685,27762,1,RUSH_HOUR,1,15,2000,nearest,1,4,1,1,2000,random,0.0,0.0,0.0,0.0,0.0,0.0,0.0,0.0,10
1685,27762,1,RUSH_HOUR,1,15,3000,greedy,0,4,0,1,2000,none,1.0,1.0,1.0,1.0,1.0,1.0,1.0,1.0,10
1685,27762,1,RUSH_HOUR,1,15,3000,greedy,0,4,0,1,2000,past-avg,1.0,1.0,1.0,1.0,1.0,1.0,1.0,1.0,10
1685,27762,1,RUSH_HOUR,1,15,3000,greedy,0,4,0,1,2000,past-avg-revisit,1.0,1.0,1.0,1.0,1.0,1.0,1.0,1.0,10
1685,27762,1,RUSH_HOUR,1,15,3000,greedy,0,4,0,1,2000,past-avg-total,1.0,1.0,1.0,1.0,1.0,1.0,1.0,1.0,10
1685,27762,1,RUSH_HOUR,1,15,3000,greedy,0,4,0,1,2000,random,0.0,0.0,0.0,0.0,0.0,0.0,0.0,0.0,10
1685,27762,1,RUSH_HOUR,1,15,3000,greedy,0,4,1,1,2000,none,1.0,1.0,1.0,1.0,1.0,1.0,1.0,1.0,10
1685,27762,1,RUSH_HOUR,1,15,3000,greedy,0,4,1,1,2000,past-avg,1.0,1.0,1.0,1.0,1.0,1.0,1.0,1.0,10
1685,27762,1,RUSH_HOUR,1,15,3000,greedy,0,4,1,1,2000,past-avg-revisit,1.0,1.0,1.0,1.0,1.0,1.0,1.0,1.0,10
1685,27762,1,RUSH_HOUR,1,15,3000,greedy,0,4,1,1,2000,past-avg-total,1.0,1.0,1.0,1.0,1.0,1.0,1.0,1.0,10
1685,27762,1,RUSH_HOUR,1,15,3000,greedy,0,4,1,1,2000,random,0.0,0.0,0.0,0.0,0.0,0.0,0.0,0.0,10
1685,27762,1,RUSH_HOUR,1,15,3000,greedy,1,4,0,1,2000,none,1.0,1.0,1.0,1.0,1.0,1.0,1.0,1.0,10
1685,27762,1,RUSH_HOUR,1,15,3000,greedy,1,4,0,1,2000,past-avg,1.0,1.0,1.0,1.0,1.0,1.0,1.0,1.0,10
1685,27762,1,RUSH_HOUR,1,15,3000,greedy,1,4,0,1,2000,past-avg-revisit,1.0,1.0,1.0,1.0,1.0,1.0,1.0,1.0,10
1685,27762,1,RUSH_HOUR,1,15,3000,greedy,1,4,0,1,2000,past-avg-total,1.0,1.0,1.0,1.0,1.0,1.0,1.0,1.0,10
1685,27762,1,RUSH_HOUR,1,15,3000,greedy,1,4,0,1,2000,random,0.0,0.0,0.0,0.0,0.0,0.0,0.0,0.0,10
1685,27762,1,RUSH_HOUR,1,15,3000,greedy,1,4,1,1,2000,none,1.0,1.0,1.0,1.0,1.0,1.0,1.0,1.0,10
1685,27762,1,RUSH_HOUR,1,15,3000,greedy,1,4,1,1,2000,past-avg,1.0,1.0,1.0,1.0,1.0,1.0,1.0,1.0,10
1685,27762,1,RUSH_HOUR,1,15,3000,greedy,1,4,1,1,2000,past-avg-revisit,1.0,1.0,1.0,1.0,1.0,1.0,1.0,1.0,10
1685,27762,1,RUSH_HOUR,1,15,3000,greedy,1,4,1,1,2000,past-avg-total,1.0,1.0,1.0,1.0,1.0,1.0,1.0,1.0,10
1685,27762,1,RUSH_HOUR,1,15,3000,greedy,1,4,1,1,2000,random,0.0,0.0,0.0,0.0,0.0,0.0,0.0,0.0,10
1685,27762,1,RUSH_HOUR,1,15,3000,nearest,0,4,0,1,2000,none,1.0,1.0,1.0,1.0,1.0,1.0,1.0,1.0,10
1685,27762,1,RUSH_HOUR,1,15,3000,nearest,0,4,0,1,2000,past-avg,1.0,1.0,1.0,1.0,1.0,1.0,1.0,1.0,10
1685,27762,1,RUSH_HOUR,1,15,3000,nearest,0,4,0,1,2000,past-avg-revisit,1.0,1.0,1.0,1.0,1.0,1.0,1.0,1.0,10
1685,27762,1,RUSH_HOUR,1,15,3000,nearest,0,4,0,1,2000,past-avg-total,1.0,1.0,1.0,1.0,1.0,1.0,1.0,1.0,10
1685,27762,1,RUSH_HOUR,1,15,3000,nearest,0,4,0,1,2000,random,0.0,0.0,0.0,0.0,0.0,0.0,0.0,0.0,10
1685,27762,1,RUSH_HOUR,1,15,3000,nearest,0,4,1,1,2000,none,1.0,1.0,1.0,1.0,1.0,1.0,1.0,1.0,10
1685,27762,1,RUSH_HOUR,1,15,3000,nearest,0,4,1,1,2000,past-avg,1.0,1.0,1.0,1.0,1.0,1.0,1.0,1.0,10
1685,27762,1,RUSH_HOUR,1,15,3000,nearest,0,4,1,1,2000,past-avg-revisit,1.0,1.0,1.0,1.0,1.0,1.0,1.0,1.0,10
1685,27762,1,RUSH_HOUR,1,15,3000,nearest,0,4,1,1,2000,past-avg-total,1.0,1.0,1.0,1.0,1.0,1.0,1.0,1.0,10
1685,27762,1,RUSH_HOUR,1,15,3000,nearest,0,4,1,1,2000,random,0.0,0.0,0.0,0.0,0.0,0.0,0.0,0.0,10
1685,27762,1,RUSH_HOUR,1,15,3000,nearest,1,4,0,1,2000,none,1.0,1.0,1.0,1.0,1.0,1.0,1.0,1.0,10
1685,27762,1,RUSH_HOUR,1,15,3000,nearest,1,4,0,1,2000,past-avg,1.0,1.0,1.0,1.0,1.0,1.0,1.0,1.0,10
1685,27762,1,RUSH_HOUR,1,15,3000,nearest,1,4,0,1,2000,past-avg-revisit,1.0,1.0,1.0,1.0,1.0,1.0,1.0,1.0,10
1685,27762,1,RUSH_HOUR,1,15,3000,nearest,1,4,0,1,2000,past-avg-total,1.0,1.0,1.0,1.0,1.0,1.0,1.0,1.0,10
1685,27762,1,RUSH_HOUR,1,15,3000,nearest,1,4,0,1,2000,random,0.0,0.0,0.0,0.0,0.0,0.0,0.0,0.0,10
1685,27762,1,RUSH_HOUR,1,15,3000,nearest,1,4,1,1,2000,none,1.0,1.0,1.0,1.0,1.0,1.0,1.0,1.0,10
1685,27762,1,RUSH_HOUR,1,15,3000,nearest,1,4,1,1,2000,past-avg,1.0,1.0,1.0,1.0,1.0,1.0,1.0,1.0,10
1685,27762,1,RUSH_HOUR,1,15,3000,nearest,1,4,1,1,2000,past-avg-revisit,1.0,1.0,1.0,1.0,1.0,1.0,1.0,1.0,10
1685,27762,1,RUSH_HOUR,1,15,3000,nearest,1,4,1,1,2000,past-avg-total,1.0,1.0,1.0,1.0,1.0,1.0,1.0,1.0,10
1685,27762,1,RUSH_HOUR,1,15,3000,nearest,1,4,1,1,2000,random,0.0,0.0,0.0,0.0,0.0,0.0,0.0,0.0,10
1685,27762,1,RUSH_HOUR,2,15,1000,greedy,0,4,0,1,2000,none,1.0,1.0,1.0,1.0,1.0,1.0,1.0,1.0,10
1685,27762,1,RUSH_HOUR,2,15,1000,greedy,0,4,0,1,2000,past-avg,1.0,1.0,1.0,1.0,1.0,1.0,1.0,1.0,10
1685,27762,1,RUSH_HOUR,2,15,1000,greedy,0,4,0,1,2000,past-avg-revisit,1.0,1.0,1.0,1.0,1.0,1.0,1.0,1.0,10
1685,27762,1,RUSH_HOUR,2,15,1000,greedy,0,4,0,1,2000,past-avg-total,1.0,1.0,1.0,1.0,1.0,1.0,1.0,1.0,10
1685,27762,1,RUSH_HOUR,2,15,1000,greedy,0,4,0,1,2000,random,0.0,0.0,0.0,0.0,0.0,0.0,0.0,0.0,10
1685,27762,1,RUSH_HOUR,2,15,1000,greedy,0,4,1,1,2000,none,1.0,1.0,1.0,1.0,1.0,1.0,1.0,1.0,10
1685,27762,1,RUSH_HOUR,2,15,1000,greedy,0,4,1,1,2000,past-avg,1.0,1.0,1.0,1.0,1.0,1.0,1.0,1.0,10
1685,27762,1,RUSH_HOUR,2,15,1000,greedy,0,4,1,1,2000,past-avg-revisit,1.0,1.0,1.0,1.0,1.0,1.0,1.0,1.0,10
1685,27762,1,RUSH_HOUR,2,15,1000,greedy,0,4,1,1,2000,past-avg-total,1.0,1.0,1.0,1.0,1.0,1.0,1.0,1.0,10
1685,27762,1,RUSH_HOUR,2,15,1000,greedy,0,4,1,1,2000,random,0.0,0.0,0.0,0.0,0.0,0.0,0.0,0.0,10
1685,27762,1,RUSH_HOUR,2,15,1000,greedy,1,4,0,1,2000,none,1.0,1.0,1.0,1.0,1.0,1.0,1.0,1.0,10
1685,27762,1,RUSH_HOUR,2,15,1000,greedy,1,4,0,1,2000,past-avg,1.0,1.0,1.0,1.0,1.0,1.0,1.0,1.0,10
1685,27762,1,RUSH_HOUR,2,15,1000,greedy,1,4,0,1,2000,past-avg-revisit,1.0,1.0,1.0,1.0,1.0,1.0,1.0,1.0,10
1685,27762,1,RUSH_HOUR,2,15,1000,greedy,1,4,0,1,2000,past-avg-total,1.0,1.0,1.0,1.0,1.0,1.0,1.0,1.0,10
1685,27762,1,RUSH_HOUR,2,15,1000,greedy,1,4,0,1,2000,random,0.0,0.0,0.0,0.0,0.0,0.0,0.0,0.0,10
1685,27762,1,RUSH_HOUR,2,15,1000,greedy,1,4,1,1,2000,none,1.0,1.0,1.0,1.0,1.0,1.0,1.0,1.0,10
1685,27762,1,RUSH_HOUR,2,15,1000,greedy,1,4,1,1,2000,past-avg,1.0,1.0,1.0,1.0,1.0,1.0,1.0,1.0,10
1685,27762,1,RUSH_HOUR,2,15,1000,greedy,1,4,1,1,2000,past-avg-revisit,1.0,1.0,1.0,1.0,1.0,1.0,1.0,1.0,10
1685,27762,1,RUSH_HOUR,2,15,1000,greedy,1,4,1,1,2000,past-avg-total,1.0,1.0,1.0,1.0,1.0,1.0,1.0,1.0,10
1685,27762,1,RUSH_HOUR,2,15,1000,greedy,1,4,1,1,2000,random,0.0,0.0,0.0,0.0,0.0,0.0,0.0,0.0,10
1685,27762,1,RUSH_HOUR,2,15,1000,nearest,0,4,0,1,2000,none,1.0,1.0,1.0,1.0,1.0,1.0,1.0,1.0,10
1685,27762,1,RUSH_HOUR,2,15,1000,nearest,0,4,0,1,2000,past-avg,1.0,1.0,1.0,1.0,1.0,1.0,1.0,1.0,10
1685,27762,1,RUSH_HOUR,2,15,1000,nearest,0,4,0,1,2000,past-avg-revisit,1.0,1.0,1.0,1.0,1.0,1.0,1.0,1.0,10
1685,27762,1,RUSH_HOUR,2,15,1000,nearest,0,4,0,1,2000,past-avg-total,1.0,1.0,1.0,1.0,1.0,1.0,1.0,1.0,10
1685,27762,1,RUSH_HOUR,2,15,1000,nearest,0,4,0,1,2000,random,0.0,0.0,0.0,0.0,0.0,0.0,0.0,0.0,10
1685,27762,1,RUSH_HOUR,2,15,1000,nearest,0,4,1,1,2000,none,1.0,1.0,1.0,1.0,1.0,1.0,1.0,1.0,10
1685,27762,1,RUSH_HOUR,2,15,1000,nearest,0,4,1,1,2000,past-avg,1.0,1.0,1.0,1.0,1.0,1.0,1.0,1.0,10
1685,27762,1,RUSH_HOUR,2,15,1000,nearest,0,4,1,1,2000,past-avg-revisit,1.0,1.0,1.0,1.0,1.0,1.0,1.0,1.0,10
1685,27762,1,RUSH_HOUR,2,15,1000,nearest,0,4,1,1,2000,past-avg-total,1.0,1.0,1.0,1.0,1.0,1.0,1.0,1.0,10
1685,27762,1,RUSH_HOUR,2,15,1000,nearest,0,4,1,1,2000,random,0.0,0.0,0.0,0.0,0.0,0.0,0.0,0.0,10
1685,27762,1,RUSH_HOUR,2,15,1000,nearest,1,4,0,1,2000,none,1.0,1.0,1.0,1.0,1.0,1.0,1.0,1.0,10
1685,27762,1,RUSH_HOUR,2,15,1000,nearest,1,4,0,1,2000,past-avg,1.0,1.0,1.0,1.0,1.0,1.0,1.0,1.0,10
1685,27762,1,RUSH_HOUR,2,15,1000,nearest,1,4,0,1,2000,past-avg-revisit,1.0,1.0,1.0,1.0,1.0,1.0,1.0,1.0,10
1685,27762,1,RUSH_HOUR,2,15,1000,nearest,1,4,0,1,2000,past-avg-total,1.0,1.0,1.0,1.0,1.0,1.0,1.0,1.0,10
1685,27762,1,RUSH_HOUR,2,15,1000,nearest,1,4,0,1,2000,random,0.0,0.0,0.0,0.0,0.0,0.0,0.0,0.0,10
1685,27762,1,RUSH_HOUR,2,15,1000,nearest,1,4,1,1,2000,none,1.0,1.0,1.0,1.0,1.0,1.0,1.0,1.0,10
1685,27762,1,RUSH_HOUR,2,15,1000,nearest,1,4,1,1,2000,past-avg,1.0,1.0,1.0,1.0,1.0,1.0,1.0,1.0,10
1685,27762,1,RUSH_HOUR,2,15,1000,nearest,1,4,1,1,2000,past-avg-revisit,1.0,1.0,1.0,1.0,1.0,1.0,1.0,1.0,10
1685,27762,1,RUSH_HOUR,2,15,1000,nearest,1,4,1,1,2000,past-avg-total,1.0,1.0,1.0,1.0,1.0,1.0,1.0,1.0,10
1685,27762,1,RUSH_HOUR,2,15,1000,nearest,1,4,1,1,2000,random,0.0,0.0,0.0,0.0,0.0,0.0,0.0,0.0,10
1685,27762,1,RUSH_HOUR,2,15,2000,greedy,0,4,0,1,2000,none,1.0,1.0,1.0,1.0,1.0,1.0,1.0,1.0,10
1685,27762,1,RUSH_HOUR,2,15,2000,greedy,0,4,0,1,2000,past-avg,1.0,1.0,1.0,1.0,1.0,1.0,1.0,1.0,10
1685,27762,1,RUSH_HOUR,2,15,2000,greedy,0,4,0,1,2000,past-avg-revisit,1.0,1.0,1.0,1.0,1.0,1.0,1.0,1.0,10
1685,27762,1,RUSH_HOUR,2,15,2000,greedy,0,4,0,1,2000,past-avg-total,1.0,1.0,1.0,1.0,1.0,1.0,1.0,1.0,10
1685,27762,1,RUSH_HOUR,2,15,2000,greedy,0,4,0,1,2000,random,0.0,0.0,0.0,0.0,0.0,0.0,0.0,0.0,10
1685,27762,1,RUSH_HOUR,2,15,2000,greedy,0,4,1,1,2000,none,1.0,1.0,1.0,1.0,1.0,1.0,1.0,1.0,10
1685,27762,1,RUSH_HOUR,2,15,2000,greedy,0,4,1,1,2000,past-avg,1.0,1.0,1.0,1.0,1.0,1.0,1.0,1.0,10
1685,27762,1,RUSH_HOUR,2,15,2000,greedy,0,4,1,1,2000,past-avg-revisit,1.0,1.0,1.0,1.0,1.0,1.0,1.0,1.0,10
1685,27762,1,RUSH_HOUR,2,15,2000,greedy,0,4,1,1,2000,past-avg-total,1.0,1.0,1.0,1.0,1.0,1.0,1.0,1.0,10
1685,27762,1,RUSH_HOUR,2,15,2000,greedy,0,4,1,1,2000,random,0.0,0.0,0.0,0.0,0.0,0.0,0.0,0.0,10
1685,27762,1,RUSH_HOUR,2,15,2000,greedy,1,4,0,1,2000,none,1.0,1.0,1.0,1.0,1.0,1.0,1.0,1.0,10
1685,27762,1,RUSH_HOUR,2,15,2000,greedy,1,4,0,1,2000,past-avg,1.0,1.0,1.0,1.0,1.0,1.0,1.0,1.0,10
1685,27762,1,RUSH_HOUR,2,15,2000,greedy,1,4,0,1,2000,past-avg-revisit,1.0,1.0,1.0,1.0,1.0,1.0,1.0,1.0,10
1685,27762,1,RUSH_HOUR,2,15,2000,greedy,1,4,0,1,2000,past-avg-total,1.0,1.0,1.0,1.0,1.0,1.0,1.0,1.0,10
1685,27762,1,RUSH_HOUR,2,15,2000,greedy,1,4,0,1,2000,random,0.0,0.0,0.0,0.0,0.0,0.0,0.0,0.0,10
1685,27762,1,RUSH_HOUR,2,15,2000,greedy,1,4,1,1,2000,none,1.0,1.0,1.0,1.0,1.0,1.0,1.0,1.0,10
1685,27762,1,RUSH_HOUR,2,15,2000,greedy,1,4,1,1,2000,past-avg,1.0,1.0,1.0,1.0,1.0,1.0,1.0,1.0,10
1685,27762,1,RUSH_HOUR,2,15,2000,greedy,1,4,1,1,2000,past-avg-revisit,1.0,1.0,1.0,1.0,1.0,1.0,1.0,1.0,10
1685,27762,1,RUSH_HOUR,2,15,2000,greedy,1,4,1,1,2000,past-avg-total,1.0,1.0,1.0,1.0,1.0,1.0,1.0,1.0,10
1685,27762,1,RUSH_HOUR,2,15,2000,greedy,1,4,1,1,2000,random,0.0,0.0,0.0,0.0,0.0,0.0,0.0,0.0,10
1685,27762,1,RUSH_HOUR,2,15,2000,nearest,0,4,0,1,2000,none,1.0,1.0,1.0,1.0,1.0,1.0,1.0,1.0,10
1685,27762,1,RUSH_HOUR,2,15,2000,nearest,0,4,0,1,2000,past-avg,1.0,1.0,1.0,1.0,1.0,1.0,1.0,1.0,10
1685,27762,1,RUSH_HOUR,2,15,2000,nearest,0,4,0,1,2000,past-avg-revisit,1.0,1.0,1.0,1.0,1.0,1.0,1.0,1.0,10
1685,27762,1,RUSH_HOUR,2,15,2000,nearest,0,4,0,1,2000,past-avg-total,1.0,1.0,1.0,1.0,1.0,1.0,1.0,1.0,10
1685,27762,1,RUSH_HOUR,2,15,2000,nearest,0,4,0,1,2000,random,0.0,0.0,0.0,0.0,0.0,0.0,0.0,0.0,10
1685,27762,1,RUSH_HOUR,2,15,2000,nearest,0,4,1,1,2000,none,1.0,1.0,1.0,1.0,1.0,1.0,1.0,1.0,10
1685,27762,1,RUSH_HOUR,2,15,2000,nearest,0,4,1,1,2000,past-avg,1.0,1.0,1.0,1.0,1.0,1.0,1.0,1.0,10
1685,27762,1,RUSH_HOUR,2,15,2000,nearest,0,4,1,1,2000,past-avg-revisit,1.0,1.0,1.0,1.0,1.0,1.0,1.0,1.0,10
1685,27762,1,RUSH_HOUR,2,15,2000,nearest,0,4,1,1,2000,past-avg-total,1.0,1.0,1.0,1.0,1.0,1.0,1.0,1.0,10
1685,27762,1,RUSH_HOUR,2,15,2000,nearest,0,4,1,1,2000,random,0.0,0.0,0.0,0.0,0.0,0.0,0.0,0.0,10
1685,27762,1,RUSH_HOUR,2,15,2000,nearest,1,4,0,1,2000,none,1.0,1.0,1.0,1.0,1.0,1.0,1.0,1.0,10
1685,27762,1,RUSH_HOUR,2,15,2000,nearest,1,4,0,1,2000,past-avg,1.0,1.0,1.0,1.0,1.0,1.0,1.0,1.0,10
1685,27762,1,RUSH_HOUR,2,15,2000,nearest,1,4,0,1,2000,past-avg-revisit,1.0,1.0,1.0,1.0,1.0,1.0,1.0,1.0,10
1685,27762,1,RUSH_HOUR,2,15,2000,nearest,1,4,0,1,2000,past-avg-total,1.0,1.0,1.0,1.0,1.0,1.0,1.0,1.0,10
1685,27762,1,RUSH_HOUR,2,15,2000,nearest,1,4,0,1,2000,random,0.0,0.0,0.0,0.0,0.0,0.0,0.0,0.0,10
1685,27762,1,RUSH_HOUR,2,15,2000,nearest,1,4,1,1,2000,none,1.0,1.0,1.0,1.0,1.0,1.0,1.0,1.0,10
1685,27762,1,RUSH_HOUR,2,15,2000,nearest,1,4,1,1,2000,past-avg,1.0,1.0,1.0,1.0,1.0,1.0,1.0,1.0,10
1685,27762,1,RUSH_HOUR,2,15,2000,nearest,1,4,1,1,2000,past-avg-revisit,1.0,1.0,1.0,1.0,1.0,1.0,1.0,1.0,10
1685,27762,1,RUSH_HOUR,2,15,2000,nearest,1,4,1,1,2000,past-avg-total,1.0,1.0,1.0,1.0,1.0,1.0,1.0,1.0,10
1685,27762,1,RUSH_HOUR,2,15,2000,nearest,1,4,1,1,2000,random,0.0,0.0,0.0,0.0,0.0,0.0,0.0,0.0,10
1685,27762,1,RUSH_HOUR,2,15,3000,greedy,0,4,0,1,2000,none,1.0,1.0,1.0,1.0,1.0,1.0,1.0,1.0,10
1685,27762,1,RUSH_HOUR,2,15,3000,greedy,0,4,0,1,2000,past-avg,1.0,1.0,1.0,1.0,1.0,1.0,1.0,1.0,10
1685,27762,1,RUSH_HOUR,2,15,3000,greedy,0,4,0,1,2000,past-avg-revisit,1.0,1.0,1.0,1.0,1.0,1.0,1.0,1.0,10
1685,27762,1,RUSH_HOUR,2,15,3000,greedy,0,4,0,1,2000,past-avg-total,1.0,1.0,1.0,1.0,1.0,1.0,1.0,1.0,10
1685,27762,1,RUSH_HOUR,2,15,3000,greedy,0,4,0,1,2000,random,0.0,0.0,0.0,0.0,0.0,0.0,0.0,0.0,10
1685,27762,1,RUSH_HOUR,2,15,3000,greedy,0,4,1,1,2000,none,1.0,1.0,1.0,1.0,1.0,1.0,1.0,1.0,10
1685,27762,1,RUSH_HOUR,2,15,3000,greedy,0,4,1,1,2000,past-avg,1.0,1.0,1.0,1.0,1.0,1.0,1.0,1.0,10
1685,27762,1,RUSH_HOUR,2,15,3000,greedy,0,4,1,1,2000,past-avg-revisit,1.0,1.0,1.0,1.0,1.0,1.0,1.0,1.0,10
1685,27762,1,RUSH_HOUR,2,15,3000,greedy,0,4,1,1,2000,past-avg-total,1.0,1.0,1.0,1.0,1.0,1.0,1.0,1.0,10
1685,27762,1,RUSH_HOUR,2,15,3000,greedy,0,4,1,1,2000,random,0.0,0.0,0.0,0.0,0.0,0.0,0.0,0.0,10
1685,27762,1,RUSH_HOUR,2,15,3000,greedy,1,4,0,1,2000,none,1.0,1.0,1.0,1.0,1.0,1.0,1.0,1.0,10
1685,27762,1,RUSH_HOUR,2,15,3000,greedy,1,4,0,1,2000,past-avg,1.0,1.0,1.0,1.0,1.0,1.0,1.0,1.0,10
1685,27762,1,RUSH_HOUR,2,15,3000,greedy,1,4,0,1,2000,past-avg-revisit,1.0,1.0,1.0,1.0,1.0,1.0,1.0,1.0,10
1685,27762,1,RUSH_HOUR,2,15,3000,greedy,1,4,0,1,2000,past-avg-total,1.0,1.0,1.0,1.0,1.0,1.0,1.0,1.0,10
1685,27762,1,RUSH_HOUR,2,15,3000,greedy,1,4,0,1,2000,random,0.0,0.0,0.0,0.0,0.0,0.0,0.0,0.0,10
1685,27762,1,RUSH_HOUR,2,15,3000,greedy,1,4,1,1,2000,none,1.0,1.0,1.0,1.0,1.0,1.0,1.0,1.0,10
1685,27762,1,RUSH_HOUR,2,15,3000,greedy,1,4,1,1,2000,past-avg,1.0,1.0,1.0,1.0,1.0,1.0,1.0,1.0,10
1685,27762,1,RUSH_HOUR,2,15,3000,greedy,1,4,1,1,2000,past-avg-revisit,1.0,1.0,1.0,1.0,1.0,1.0,1.0,1.0,10
1685,27762,1,RUSH_HOUR,2,15,3000,greedy,1,4,1,1,2000,past-avg-total,1.0,1.0,1.0,1.0,1.0,1.0,1.0,1.0,10
1685,27762,1,RUSH_HOUR,2,15,3000,greedy,1,4,1,1,2000,random,0.0,0.0,0.0,0.0,0.0,0.0,0.0,0.0,10
1685,27762,1,RUSH_HOUR,2,15,3000,nearest,0,4,0,1,2000,none,1.0,1.0,1.0,1.0,1.0,1.0,1.0,1.0,10
1685,27762,1,RUSH_HOUR,2,15,3000,nearest,0,4,0,1,2000,past-avg,1.0,1.0,1.0,1.0,1.0,1.0,1.0,1.0,10
1685,27762,1,RUSH_HOUR,2,15,3000,nearest,0,4,0,1,2000,past-avg-revisit,1.0,1.0,1.0,1.0,1.0,1.0,1.0,1.0,10
1685,27762,1,RUSH_HOUR,2,15,3000,nearest,0,4,0,1,2000,past-avg-total,1.0,1.0,1.0,1.0,1.0,1.0,1.0,1.0,10
1685,27762,1,RUSH_HOUR,2,15,3000,nearest,0,4,0,1,2000,random,0.0,0.0,0.0,0.0,0.0,0.0,0.0,0.0,10
1685,27762,1,RUSH_HOUR,2,15,3000,nearest,0,4,1,1,2000,none,1.0,1.0,1.0,1.0,1.0,1.0,1.0,1.0,10
1685,27762,1,RUSH_HOUR,2,15,3000,nearest,0,4,1,1,2000,past-avg,1.0,1.0,1.0,1.0,1.0,1.0,1.0,1.0,10
1685,27762,1,RUSH_HOUR,2,15,3000,nearest,0,4,1,1,2000,past-avg-revisit,1.0,1.0,1.0,1.0,1.0,1.0,1.0,1.0,10
1685,27762,1,RUSH_HOUR,2,15,3000,nearest,0,4,1,1,2000,past-avg-total,1.0,1.0,1.0,1.0,1.0,1.0,1.0,1.0,10
1685,27762,1,RUSH_HOUR,2,15,3000,nearest,0,4,1,1,2000,random,0.0,0.0,0.0,0.0,0.0,0.0,0.0,0.0,10
1685,27762,1,RUSH_HOUR,2,15,3000,nearest,1,4,0,1,2000,none,1.0,1.0,1.0,1.0,1.0,1.0,1.0,1.0,10
1685,27762,1,RUSH_HOUR,2,15,3000,nearest,1,4,0,1,2000,past-avg,1.0,1.0,1.0,1.0,1.0,1.0,1.0,1.0,10
1685,27762,1,RUSH_HOUR,2,15,3000,nearest,1,4,0,1,2000,past-avg-revisit,1.0,1.0,1.0,1.0,1.0,1.0,1.0,1.0,10
1685,27762,1,RUSH_HOUR,2,15,3000,nearest,1,4,0,1,2000,past-avg-total,1.0,1.0,1.0,1.0,1.0,1.0,1.0,1.0,10
1685,27762,1,RUSH_HOUR,2,15,3000,nearest,1,4,0,1,2000,random,0.0,0.0,0.0,0.0,0.0,0.0,0.0,0.0,10
1685,27762,1,RUSH_HOUR,2,15,3000,nearest,1,4,1,1,2000,none,1.0,1.0,1.0,1.0,1.0,1.0,1.0,1.0,10
1685,27762,1,RUSH_HOUR,2,15,3000,nearest,1,4,1,1,2000,past-avg,1.0,1.0,1.0,1.0,1.0,1.0,1.0,1.0,10
1685,27762,1,RUSH_HOUR,2,15,3000,nearest,1,4,1,1,2000,past-avg-revisit,1.0,1.0,1.0,1.0,1.0,1.0,1.0,1.0,10
1685,27762,1,RUSH_HOUR,2,15,3000,nearest,1,4,1,1,2000,past-avg-total,1.0,1.0,1.0,1.0,1.0,1.0,1.0,1.0,10
1685,27762,1,RUSH_HOUR,2,15,3000,nearest,1,4,1,1,2000,random,0.0,0.0,0.0,0.0,0.0,0.0,0.0,0.0,10
1685,27762,1,SPATIAL_IMBALANCE,0,15,1000,greedy,0,4,0,1,2000,none,0.0,0.0,0.0,0.0,0.0,0.0,0.0,0.0,10
1685,27762,1,SPATIAL_IMBALANCE,0,15,1000,greedy,0,4,0,1,2000,past-avg,0.0,0.0,0.0,0.0,0.0,0.0,1.0,1.0,10
1685,27762,1,SPATIAL_IMBALANCE,0,15,1000,greedy,0,4,0,1,2000,past-avg-revisit,0.0,0.0,0.0,0.0,0.0,0.0,0.0,0.0,10
1685,27762,1,SPATIAL_IMBALANCE,0,15,1000,greedy,0,4,0,1,2000,past-avg-total,0.0,0.0,0.0,0.0,0.0,0.0,1.0,1.0,10
1685,27762,1,SPATIAL_IMBALANCE,0,15,1000,greedy,0,4,0,1,2000,random,0.0,0.0,0.0,0.0,0.0,0.0,0.0,0.0,10
1685,27762,1,SPATIAL_IMBALANCE,0,15,1000,greedy,0,4,1,1,2000,none,0.0,0.0,0.0,0.0,0.0,0.0,0.0,0.0,10
1685,27762,1,SPATIAL_IMBALANCE,0,15,1000,greedy,0,4,1,1,2000,past-avg,0.0,0.0,0.0,0.0,0.0,0.0,1.0,1.0,10
1685,27762,1,SPATIAL_IMBALANCE,0,15,1000,greedy,0,4,1,1,2000,past-avg-revisit,0.0,0.0,0.0,0.0,0.0,0.0,0.0,0.0,10
1685,27762,1,SPATIAL_IMBALANCE,0,15,1000,greedy,0,4,1,1,2000,past-avg-total,0.0,0.0,0.0,0.0,0.0,0.0,1.0,1.0,10
1685,27762,1,SPATIAL_IMBALANCE,0,15,1000,greedy,0,4,1,1,2000,random,0.0,0.0,0.0,0.0,0.0,0.0,0.0,0.0,10
1685,27762,1,SPATIAL_IMBALANCE,0,15,1000,greedy,1,4,0,1,2000,none,0.0,0.0,0.0,0.0,0.0,0.0,0.0,0.0,10
1685,27762,1,SPATIAL_IMBALANCE,0,15,1000,greedy,1,4,0,1,2000,past-avg,0.0,0.0,0.0,0.0,0.0,0.0,1.0,1.0,10
1685,27762,1,SPATIAL_IMBALANCE,0,15,1000,greedy,1,4,0,1,2000,past-avg-revisit,0.0,0.0,0.0,0.0,0.0,0.0,0.0,0.0,10
1685,27762,1,SPATIAL_IMBALANCE,0,15,1000,greedy,1,4,0,1,2000,past-avg-total,0.0,0.0,0.0,0.0,0.0,0.0,1.0,1.0,10
1685,27762,1,SPATIAL_IMBALANCE,0,15,1000,greedy,1,4,0,1,2000,random,0.0,0.0,0.0,0.0,0.0,0.0,0.0,0.0,10
1685,27762,1,SPATIAL_IMBALANCE,0,15,1000,greedy,1,4,1,1,2000,none,0.0,0.0,0.0,0.0,0.0,0.0,0.0,0.0,10
1685,27762,1,SPATIAL_IMBALANCE,0,15,1000,greedy,1,4,1,1,2000,past-avg,0.0,0.0,0.0,0.0,0.0,0.0,1.0,1.0,10
1685,27762,1,SPATIAL_IMBALANCE,0,15,1000,greedy,1,4,1,1,2000,past-avg-revisit,0.0,0.0,0.0,0.0,0.0,0.0,0.0,0.0,10
1685,27762,1,SPATIAL_IMBALANCE,0,15,1000,greedy,1,4,1,1,2000,past-avg-total,0.0,0.0,0.0,0.0,0.0,0.0,1.0,1.0,10
1685,27762,1,SPATIAL_IMBALANCE,0,15,1000,greedy,1,4,1,1,2000,random,0.0,0.0,0.0,0.0,0.0,0.0,0.0,0.0,10
1685,27762,1,SPATIAL_IMBALANCE,0,15,1000,nearest,0,4,0,1,2000,none,0.0,0.0,0.0,0.0,0.0,0.0,0.0,0.0,10
1685,27762,1,SPATIAL_IMBALANCE,0,15,1000,nearest,0,4,0,1,2000,past-avg,0.0,0.0,0.0,0.0,0.0,0.0,1.0,1.0,10
1685,27762,1,SPATIAL_IMBALANCE,0,15,1000,nearest,0,4,0,1,2000,past-avg-revisit,0.0,0.0,0.0,0.0,0.0,0.0,0.0,0.0,10
1685,27762,1,SPATIAL_IMBALANCE,0,15,1000,nearest,0,4,0,1,2000,past-avg-total,0.0,0.0,0.0,0.0,0.0,0.0,1.0,1.0,10
1685,27762,1,SPATIAL_IMBALANCE,0,15,1000,nearest,0,4,0,1,2000,random,0.0,0.0,0.0,0.0,0.0,0.0,0.0,0.0,10
1685,27762,1,SPATIAL_IMBALANCE,0,15,1000,nearest,0,4,1,1,2000,none,0.0,0.0,0.0,0.0,0.0,0.0,0.0,0.0,10
1685,27762,1,SPATIAL_IMBALANCE,0,15,1000,nearest,0,4,1,1,2000,past-avg,0.0,0.0,0.0,0.0,0.0,0.0,1.0,1.0,10
1685,27762,1,SPATIAL_IMBALANCE,0,15,1000,nearest,0,4,1,1,2000,past-avg-revisit,0.0,0.0,0.0,0.0,0.0,0.0,0.0,0.0,10
1685,27762,1,SPATIAL_IMBALANCE,0,15,1000,nearest,0,4,1,1,2000,past-avg-total,0.0,0.0,0.0,0.0,0.0,0.0,1.0,1.0,10
1685,27762,1,SPATIAL_IMBALANCE,0,15,1000,nearest,0,4,1,1,2000,random,0.0,0.0,0.0,0.0,0.0,0.0,0.0,0.0,10
1685,27762,1,SPATIAL_IMBALANCE,0,15,1000,nearest,1,4,0,1,2000,none,0.0,0.0,0.0,0.0,0.0,0.0,0.0,0.0,10
1685,27762,1,SPATIAL_IMBALANCE,0,15,1000,nearest,1,4,0,1,2000,past-avg,0.0,0.0,0.0,0.0,0.0,0.0,1.0,1.0,10
1685,27762,1,SPATIAL_IMBALANCE,0,15,1000,nearest,1,4,0,1,2000,past-avg-revisit,0.0,0.0,0.0,0.0,0.0,0.0,0.0,0.0,10
1685,27762,1,SPATIAL_IMBALANCE,0,15,1000,nearest,1,4,0,1,2000,past-avg-total,0.0,0.0,0.0,0.0,0.0,0.0,1.0,1.0,10
1685,27762,1,SPATIAL_IMBALANCE,0,15,1000,nearest,1,4,0,1,2000,random,0.0,0.0,0.0,0.0,0.0,0.0,0.0,0.0,10
1685,27762,1,SPATIAL_IMBALANCE,0,15,1000,nearest,1,4,1,1,2000,none,0.0,0.0,0.0,0.0,0.0,0.0,0.0,0.0,10
1685,27762,1,SPATIAL_IMBALANCE,0,15,1000,nearest,1,4,1,1,2000,past-avg,0.0,0.0,0.0,0.0,0.0,0.0,1.0,1.0,10
1685,27762,1,SPATIAL_IMBALANCE,0,15,1000,nearest,1,4,1,1,2000,past-avg-revisit,0.0,0.0,0.0,0.0,0.0,0.0,0.0,0.0,10
1685,27762,1,SPATIAL_IMBALANCE,0,15,1000,nearest,1,4,1,1,2000,past-avg-total,0.0,0.0,0.0,0.0,0.0,0.0,1.0,1.0,10
1685,27762,1,SPATIAL_IMBALANCE,0,15,1000,nearest,1,4,1,1,2000,random,0.0,0.0,0.0,0.0,0.0,0.0,0.0,0.0,10
1685,27762,1,SPATIAL_IMBALANCE,0,15,2000,greedy,0,4,0,1,2000,none,0.0,0.0,0.0,0.0,0.0,0.0,0.0,0.0,10
1685,27762,1,SPATIAL_IMBALANCE,0,15,2000,greedy,0,4,0,1,2000,past-avg,0.0,0.0,0.5,0.5,1.0,1.0,1.0,1.0,10
1685,27762,1,SPATIAL_IMBALANCE,0,15,2000,greedy,0,4,0,1,2000,past-avg-revisit,0.0,0.0,0.0,0.0,0.0,0.0,0.0,0.0,10
1685,27762,1,SPATIAL_IMBALANCE,0,15,2000,greedy,0,4,0,1,2000,past-avg-total,0.0,0.0,0.5,0.5,1.0,1.0,1.0,1.0,10
1685,27762,1,SPATIAL_IMBALANCE,0,15,2000,greedy,0,4,0,1,2000,random,0.0,0.0,0.0,0.0,0.0,0.0,0.0,0.0,10
1685,27762,1,SPATIAL_IMBALANCE,0,15,2000,greedy,0,4,1,1,2000,none,0.0,0.0,0.0,0.0,0.0,0.0,0.0,0.0,10
1685,27762,1,SPATIAL_IMBALANCE,0,15,2000,greedy,0,4,1,1,2000,past-avg,0.0,0.0,0.5,0.5,1.0,1.0,1.0,1.0,10
1685,27762,1,SPATIAL_IMBALANCE,0,15,2000,greedy,0,4,1,1,2000,past-avg-revisit,0.0,0.0,0.0,0.0,0.0,0.0,0.0,0.0,10
1685,27762,1,SPATIAL_IMBALANCE,0,15,2000,greedy,0,4,1,1,2000,past-avg-total,0.0,0.0,0.5,0.5,1.0,1.0,1.0,1.0,10
1685,27762,1,SPATIAL_IMBALANCE,0,15,2000,greedy,0,4,1,1,2000,random,0.0,0.0,0.0,0.0,0.0,0.0,0.0,0.0,10
1685,27762,1,SPATIAL_IMBALANCE,0,15,2000,greedy,1,4,0,1,2000,none,0.0,0.0,0.0,0.0,0.0,0.0,0.0,0.0,10
1685,27762,1,SPATIAL_IMBALANCE,0,15,2000,greedy,1,4,0,1,2000,past-avg,0.0,0.0,0.5,0.5,1.0,1.0,1.0,1.0,10
1685,27762,1,SPATIAL_IMBALANCE,0,15,2000,greedy,1,4,0,1,2000,past-avg-revisit,0.0,0.0,0.0,0.0,0.0,0.0,0.0,0.0,10
1685,27762,1,SPATIAL_IMBALANCE,0,15,2000,greedy,1,4,0,1,2000,past-avg-total,0.0,0.0,0.5,0.5,1.0,1.0,1.0,1.0,10
1685,27762,1,SPATIAL_IMBALANCE,0,15,2000,greedy,1,4,0,1,2000,random,0.0,0.0,0.0,0.0,0.0,0.0,0.0,0.0,10
1685,27762,1,SPATIAL_IMBALANCE,0,15,2000,greedy,1,4,1,1,2000,none,0.0,0.0,0.0,0.0,0.0,0.0,0.0,0.0,10
1685,27762,1,SPATIAL_IMBALANCE,0,15,2000,greedy,1,4,1,1,2000,past-avg,0.0,0.0,0.5,0.5,1.0,1.0,1.0,1.0,10
1685,27762,1,SPATIAL_IMBALANCE,0,15,2000,greedy,1,4,1,1,2000,past-avg-revisit,0.0,0.0,0.0,0.0,0.0,0.0,0.0,0.0,10
1685,27762,1,SPATIAL_IMBALANCE,0,15,2000,greedy,1,4,1,1,2000,past-avg-total,0.0,0.0,0.5,0.5,1.0,1.0,1.0,1.0,10
1685,27762,1,SPATIAL_IMBALANCE,0,15,2000,greedy,1,4,1,1,2000,random,0.0,0.0,0.0,0.0,0.0,0.0,0.0,0.0,10
1685,27762,1,SPATIAL_IMBALANCE,0,15,2000,nearest,0,4,0,1,2000,none,0.0,0.0,0.0,0.0,0.0,0.0,0.0,0.0,10
1685,27762,1,SPATIAL_IMBALANCE,0,15,2000,nearest,0,4,0,1,2000,past-avg,0.0,0.0,0.5,0.5,1.0,1.0,1.0,1.0,10
1685,27762,1,SPATIAL_IMBALANCE,0,15,2000,nearest,0,4,0,1,2000,past-avg-revisit,0.0,0.0,0.0,0.0,0.0,0.0,0.0,0.0,10
1685,27762,1,SPATIAL_IMBALANCE,0,15,2000,nearest,0,4,0,1,2000,past-avg-total,0.0,0.0,0.5,0.5,1.0,1.0,1.0,1.0,10
1685,27762,1,SPATIAL_IMBALANCE,0,15,2000,nearest,0,4,0,1,2000,random,0.0,0.0,0.0,0.0,0.0,0.0,0.0,0.0,10
1685,27762,1,SPATIAL_IMBALANCE,0,15,2000,nearest,0,4,1,1,2000,none,0.0,0.0,0.0,0.0,0.0,0.0,0.0,0.0,10
1685,27762,1,SPATIAL_IMBALANCE,0,15,2000,nearest,0,4,1,1,2000,past-avg,0.0,0.0,0.5,0.5,1.0,1.0,1.0,1.0,10
1685,27762,1,SPATIAL_IMBALANCE,0,15,2000,nearest,0,4,1,1,2000,past-avg-revisit,0.0,0.0,0.0,0.0,0.0,0.0,0.0,0.0,10
1685,27762,1,SPATIAL_IMBALANCE,0,15,2000,nearest,0,4,1,1,2000,past-avg-total,0.0,0.0,0.5,0.5,1.0,1.0,1.0,1.0,10
1685,27762,1,SPATIAL_IMBALANCE,0,15,2000,nearest,0,4,1,1,2000,random,0.0,0.0,0.0,0.0,0.0,0.0,0.0,0.0,10
1685,27762,1,SPATIAL_IMBALANCE,0,15,2000,nearest,1,4,0,1,2000,none,0.0,0.0,0.0,0.0,0.0,0.0,0.0,0.0,10
1685,27762,1,SPATIAL_IMBALANCE,0,15,2000,nearest,1,4,0,1,2000,past-avg,0.0,0.0,0.5,0.5,1.0,1.0,1.0,1.0,10
1685,27762,1,SPATIAL_IMBALANCE,0,15,2000,nearest,1,4,0,1,2000,past-avg-revisit,0.0,0.0,0.0,0.0,0.0,0.0,0.0,0.0,10
1685,27762,1,SPATIAL_IMBALANCE,0,15,2000,nearest,1,4,0,1,2000,past-avg-total,0.0,0.0,0.5,0.5,1.0,1.0,1.0,1.0,10
1685,27762,1,SPATIAL_IMBALANCE,0,15,2000,nearest,1,4,0,1,2000,random,0.0,0.0,0.0,0.0,0.0,0.0,0.0,0.0,10
1685,27762,1,SPATIAL_IMBALANCE,0,15,2000,nearest,1,4,1,1,2000,none,0.0,0.0,0.0,0.0,0.0,0.0,0.0,0.0,10
1685,27762,1,SPATIAL_IMBALANCE,0,15,2000,nearest,1,4,1,1,2000,past-avg,0.0,0.0,0.5,0.5,1.0,1.0,1.0,1.0,10
1685,27762,1,SPATIAL_IMBALANCE,0,15,2000,nearest,1,4,1,1,2000,past-avg-revisit,0.0,0.0,0.0,0.0,0.0,0.0,0.0,0.0,10
1685,27762,1,SPATIAL_IMBALANCE,0,15,2000,nearest,1,4,1,1,2000,past-avg-total,0.0,0.0,0.5,0.5,1.0,1.0,1.0,1.0,10
1685,27762,1,SPATIAL_IMBALANCE,0,15,2000,nearest,1,4,1,1,2000,random,0.0,0.0,0.0,0.0,0.0,0.0,0.0,0.0,10
1685,27762,1,SPATIAL_IMBALANCE,0,15,3000,greedy,0,4,0,1,2000,none,0.0,0.0,0.0,0.0,0.0,0.0,0.0,0.0,10
1685,27762,1,SPATIAL_IMBALANCE,0,15,3000,greedy,0,4,0,1,2000,past-avg,0.0,0.0,0.5,0.5,1.0,1.0,1.0,1.0,10
1685,27762,1,SPATIAL_IMBALANCE,0,15,3000,greedy,0,4,0,1,2000,past-avg-revisit,0.0,0.0,0.0,0.0,0.0,0.0,0.0,0.0,10
1685,27762,1,SPATIAL_IMBALANCE,0,15,3000,greedy,0,4,0,1,2000,past-avg-total,0.0,0.0,0.0,0.0,1.0,1.0,1.0,1.0,10
1685,27762,1,SPATIAL_IMBALANCE,0,15,3000,greedy,0,4,0,1,2000,random,0.0,0.0,0.0,0.0,0.0,0.0,0.0,0.0,10
1685,27762,1,SPATIAL_IMBALANCE,0,15,3000,greedy,0,4,1,1,2000,none,0.0,0.0,0.0,0.0,0.0,0.0,0.0,0.0,10
1685,27762,1,SPATIAL_IMBALANCE,0,15,3000,greedy,0,4,1,1,2000,past-avg,0.0,0.0,0.5,0.5,1.0,1.0,1.0,1.0,10
1685,27762,1,SPATIAL_IMBALANCE,0,15,3000,greedy,0,4,1,1,2000,past-avg-revisit,0.0,0.0,0.0,0.0,0.0,0.0,0.0,0.0,10
1685,27762,1,SPATIAL_IMBALANCE,0,15,3000,greedy,0,4,1,1,2000,past-avg-total,0.0,0.0,0.0,0.0,1.0,1.0,1.0,1.0,10
1685,27762,1,SPATIAL_IMBALANCE,0,15,3000,greedy,0,4,1,1,2000,random,0.0,0.0,0.0,0.0,0.0,0.0,0.0,0.0,10
1685,27762,1,SPATIAL_IMBALANCE,0,15,3000,greedy,1,4,0,1,2000,none,0.0,0.0,0.0,0.0,0.0,0.0,0.0,0.0,10
1685,27762,1,SPATIAL_IMBALANCE,0,15,3000,greedy,1,4,0,1,2000,past-avg,0.0,0.0,0.5,0.5,1.0,1.0,1.0,1.0,10
1685,27762,1,SPATIAL_IMBALANCE,0,15,3000,greedy,1,4,0,1,2000,past-avg-revisit,0.0,0.0,0.0,0.0,0.0,0.0,0.0,0.0,10
1685,27762,1,SPATIAL_IMBALANCE,0,15,3000,greedy,1,4,0,1,2000,past-avg-total,0.0,0.0,0.0,0.0,1.0,1.0,1.0,1.0,10
1685,27762,1,SPATIAL_IMBALANCE,0,15,3000,greedy,1,4,0,1,2000,random,0.0,0.0,0.0,0.0,0.0,0.0,0.0,0.0,10
1685,27762,1,SPATIAL_IMBALANCE,0,15,3000,greedy,1,4,1,1,2000,none,0.0,0.0,0.0,0.0,0.0,0.0,0.0,0.0,10
1685,27762,1,SPATIAL_IMBALANCE,0,15,3000,greedy,1,4,1,1,2000,past-avg,0.0,0.0,0.5,0.5,1.0,1.0,1.0,1.0,10
1685,27762,1,SPATIAL_IMBALANCE,0,15,3000,greedy,1,4,1,1,2000,past-avg-revisit,0.0,0.0,0.0,0.0,0.0,0.0,0.0,0.0,10
1685,27762,1,SPATIAL_IMBALANCE,0,15,3000,greedy,1,4,1,1,2000,past-avg-total,0.0,0.0,0.0,0.0,1.0,1.0,1.0,1.0,10
1685,27762,1,SPATIAL_IMBALANCE,0,15,3000,greedy,1,4,1,1,2000,random,0.0,0.0,0.0,0.0,0.0,0.0,0.0,0.0,10
1685,27762,1,SPATIAL_IMBALANCE,0,15,3000,nearest,0,4,0,1,2000,none,0.0,0.0,0.0,0.0,0.0,0.0,0.0,0.0,10
1685,27762,1,SPATIAL_IMBALANCE,0,15,3000,nearest,0,4,0,1,2000,past-avg,0.0,0.0,0.5,0.5,1.0,1.0,1.0,1.0,10
1685,27762,1,SPATIAL_IMBALANCE,0,15,3000,nearest,0,4,0,1,2000,past-avg-revisit,0.0,0.0,0.0,0.0,0.0,0.0,0.0,0.0,10
1685,27762,1,SPATIAL_IMBALANCE,0,15,3000,nearest,0,4,0,1,2000,past-avg-total,0.0,0.0,0.0,0.0,1.0,1.0,1.0,1.0,10
1685,27762,1,SPATIAL_IMBALANCE,0,15,3000,nearest,0,4,0,1,2000,random,0.0,0.0,0.0,0.0,0.0,0.0,0.0,0.0,10
1685,27762,1,SPATIAL_IMBALANCE,0,15,3000,nearest,0,4,1,1,2000,none,0.0,0.0,0.0,0.0,0.0,0.0,0.0,0.0,10
1685,27762,1,SPATIAL_IMBALANCE,0,15,3000,nearest,0,4,1,1,2000,past-avg,0.0,0.0,0.5,0.5,1.0,1.0,1.0,1.0,10
1685,27762,1,SPATIAL_IMBALANCE,0,15,3000,nearest,0,4,1,1,2000,past-avg-revisit,0.0,0.0,0.0,0.0,0.0,0.0,0.0,0.0,10
1685,27762,1,SPATIAL_IMBALANCE,0,15,3000,nearest,0,4,1,1,2000,past-avg-total,0.0,0.0,0.0,0.0,1.0,1.0,1.0,1.0,10
1685,27762,1,SPATIAL_IMBALANCE,0,15,3000,nearest,0,4,1,1,2000,random,0.0,0.0,0.0,0.0,0.0,0.0,0.0,0.0,10
1685,27762,1,SPATIAL_IMBALANCE,0,15,3000,nearest,1,4,0,1,2000,none,0.0,0.0,0.0,0.0,0.0,0.0,0.0,0.0,10
1685,27762,1,SPATIAL_IMBALANCE,0,15,3000,nearest,1,4,0,1,2000,past-avg,0.0,0.0,0.5,0.5,1.0,1.0,1.0,1.0,10
1685,27762,1,SPATIAL_IMBALANCE,0,15,3000,nearest,1,4,0,1,2000,past-avg-revisit,0.0,0.0,0.0,0.0,0.0,0.0,0.0,0.0,10
1685,27762,1,SPATIAL_IMBALANCE,0,15,3000,nearest,1,4,0,1,2000,past-avg-total,0.0,0.0,0.0,0.0,1.0,1.0,1.0,1.0,10
1685,27762,1,SPATIAL_IMBALANCE,0,15,3000,nearest,1,4,0,1,2000,random,0.0,0.0,0.0,0.0,0.0,0.0,0.0,0.0,10
1685,27762,1,SPATIAL_IMBALANCE,0,15,3000,nearest,1,4,1,1,2000,none,0.0,0.0,0.0,0.0,0.0,0.0,0.0,0.0,10
1685,27762,1,SPATIAL_IMBALANCE,0,15,3000,nearest,1,4,1,1,2000,past-avg,0.0,0.0,0.5,0.5,1.0,1.0,1.0,1.0,10
1685,27762,1,SPATIAL_IMBALANCE,0,15,3000,nearest,1,4,1,1,2000,past-avg-revisit,0.0,0.0,0.0,0.0,0.0,0.0,0.0,0.0,10
1685,27762,1,SPATIAL_IMBALANCE,0,15,3000,nearest,1,4,1,1,2000,past-avg-total,0.0,0.0,0.0,0.0,1.0,1.0,1.0,1.0,10
1685,27762,1,SPATIAL_IMBALANCE,0,15,3000,nearest,1,4,1,1,2000,random,0.0,0.0,0.0,0.0,0.0,0.0,0.0,0.0,10
1685,27762,1,SPATIAL_IMBALANCE,1,15,1000,greedy,0,4,0,1,2000,none,0.0,0.0,0.0,0.0,0.0,0.0,0.0,0.0,10
1685,27762,1,SPATIAL_IMBALANCE,1,15,1000,greedy,0,4,0,1,2000,past-avg,0.0,0.0,0.0,0.0,0.0,0.0,1.0,1.0,10
1685,27762,1,SPATIAL_IMBALANCE,1,15,1000,greedy,0,4,0,1,2000,past-avg-revisit,0.0,0.0,0.0,0.0,0.0,0.0,0.0,0.0,10
1685,27762,1,SPATIAL_IMBALANCE,1,15,1000,greedy,0,4,0,1,2000,past-avg-total,0.0,0.0,0.0,0.0,0.0,0.0,1.0,1.0,10
1685,27762,1,SPATIAL_IMBALANCE,1,15,1000,greedy,0,4,0,1,2000,random,0.0,0.0,0.0,0.0,0.0,0.0,0.0,0.0,10
1685,27762,1,SPATIAL_IMBALANCE,1,15,1000,greedy,0,4,1,1,2000,none,0.0,0.0,0.0,0.0,0.0,0.0,0.0,0.0,10
1685,27762,1,SPATIAL_IMBALANCE,1,15,1000,greedy,0,4,1,1,2000,past-avg,0.0,0.0,0.0,0.0,0.0,0.0,1.0,1.0,10
1685,27762,1,SPATIAL_IMBALANCE,1,15,1000,greedy,0,4,1,1,2000,past-avg-revisit,0.0,0.0,0.0,0.0,0.0,0.0,0.0,0.0,10
1685,27762,1,SPATIAL_IMBALANCE,1,15,1000,greedy,0,4,1,1,2000,past-avg-total,0.0,0.0,0.0,0.0,0.0,0.0,1.0,1.0,10
1685,27762,1,SPATIAL_IMBALANCE,1,15,1000,greedy,0,4,1,1,2000,random,0.0,0.0,0.0,0.0,0.0,0.0,0.0,0.0,10
1685,27762,1,SPATIAL_IMBALANCE,1,15,1000,greedy,1,4,0,1,2000,none,0.0,0.0,0.0,0.0,0.0,0.0,0.0,0.0,10
1685,27762,1,SPATIAL_IMBALANCE,1,15,1000,greedy,1,4,0,1,2000,past-avg,0.0,0.0,0.0,0.0,0.0,0.0,1.0,1.0,10
1685,27762,1,SPATIAL_IMBALANCE,1,15,1000,greedy,1,4,0,1,2000,past-avg-revisit,0.0,0.0,0.0,0.0,0.0,0.0,0.0,0.0,10
1685,27762,1,SPATIAL_IMBALANCE,1,15,1000,greedy,1,4,0,1,2000,past-avg-total,0.0,0.0,0.0,0.0,0.0,0.0,1.0,1.0,10
1685,27762,1,SPATIAL_IMBALANCE,1,15,1000,greedy,1,4,0,1,2000,random,0.0,0.0,0.0,0.0,0.0,0.0,0.0,0.0,10
1685,27762,1,SPATIAL_IMBALANCE,1,15,1000,greedy,1,4,1,1,2000,none,0.0,0.0,0.0,0.0,0.0,0.0,0.0,0.0,10
1685,27762,1,SPATIAL_IMBALANCE,1,15,1000,greedy,1,4,1,1,2000,past-avg,0.0,0.0,0.0,0.0,0.0,0.0,1.0,1.0,10
1685,27762,1,SPATIAL_IMBALANCE,1,15,1000,greedy,1,4,1,1,2000,past-avg-revisit,0.0,0.0,0.0,0.0,0.0,0.0,0.0,0.0,10
1685,27762,1,SPATIAL_IMBALANCE,1,15,1000,greedy,1,4,1,1,2000,past-avg-total,0.0,0.0,0.0,0.0,0.0,0.0,1.0,1.0,10
1685,27762,1,SPATIAL_IMBALANCE,1,15,1000,greedy,1,4,1,1,2000,random,0.0,0.0,0.0,0.0,0.0,0.0,0.0,0.0,10
1685,27762,1,SPATIAL_IMBALANCE,1,15,1000,nearest,0,4,0,1,2000,none,0.0,0.0,0.0,0.0,0.0,0.0,0.0,0.0,10
1685,27762,1,SPATIAL_IMBALANCE,1,15,1000,nearest,0,4,0,1,2000,past-avg,0.0,0.0,0.0,0.0,0.0,0.0,1.0,1.0,10
1685,27762,1,SPATIAL_IMBALANCE,1,15,1000,nearest,0,4,0,1,2000,past-avg-revisit,0.0,0.0,0.0,0.0,0.0,0.0,0.0,0.0,10
1685,27762,1,SPATIAL_IMBALANCE,1,15,1000,nearest,0,4,0,1,2000,past-avg-total,0.0,0.0,0.0,0.0,0.0,0.0,1.0,1.0,10
1685,27762,1,SPATIAL_IMBALANCE,1,15,1000,nearest,0,4,0,1,2000,random,0.0,0.0,0.0,0.0,0.0,0.0,0.0,0.0,10
1685,27762,1,SPATIAL_IMBALANCE,1,15,1000,nearest,0,4,1,1,2000,none,0.0,0.0,0.0,0.0,0.0,0.0,0.0,0.0,10
1685,27762,1,SPATIAL_IMBALANCE,1,15,1000,nearest,0,4,1,1,2000,past-avg,0.0,0.0,0.0,0.0,0.0,0.0,1.0,1.0,10
1685,27762,1,SPATIAL_IMBALANCE,1,15,1000,nearest,0,4,1,1,2000,past-avg-revisit,0.0,0.0,0.0,0.0,0.0,0.0,0.0,0.0,10
1685,27762,1,SPATIAL_IMBALANCE,1,15,1000,nearest,0,4,1,1,2000,past-avg-total,0.0,0.0,0.0,0.0,0.0,0.0,1.0,1.0,10
1685,27762,1,SPATIAL_IMBALANCE,1,15,1000,nearest,0,4,1,1,2000,random,0.0,0.0,0.0,0.0,0.0,0.0,0.0,0.0,10
1685,27762,1,SPATIAL_IMBALANCE,1,15,1000,nearest,1,4,0,1,2000,none,0.0,0.0,0.0,0.0,0.0,0.0,0.0,0.0,10
1685,27762,1,SPATIAL_IMBALANCE,1,15,1000,nearest,1,4,0,1,2000,past-avg,0.0,0.0,0.0,0.0,0.0,0.0,1.0,1.0,10
1685,27762,1,SPATIAL_IMBALANCE,1,15,1000,nearest,1,4,0,1,2000,past-avg-revisit,0.0,0.0,0.0,0.0,0.0,0.0,0.0,0.0,10
1685,27762,1,SPATIAL_IMBALANCE,1,15,1000,nearest,1,4,0,1,2000,past-avg-total,0.0,0.0,0.0,0.0,0.0,0.0,1.0,1.0,10
1685,27762,1,SPATIAL_IMBALANCE,1,15,1000,nearest,1,4,0,1,2000,random,0.0,0.0,0.0,0.0,0.0,0.0,0.0,0.0,10
1685,27762,1,SPATIAL_IMBALANCE,1,15,1000,nearest,1,4,1,1,2000,none,0.0,0.0,0.0,0.0,0.0,0.0,0.0,0.0,10
1685,27762,1,SPATIAL_IMBALANCE,1,15,1000,nearest,1,4,1,1,2000,past-avg,0.0,0.0,0.0,0.0,0.0,0.0,1.0,1.0,10
1685,27762,1,SPATIAL_IMBALANCE,1,15,1000,nearest,1,4,1,1,2000,past-avg-revisit,0.0,0.0,0.0,0.0,0.0,0.0,0.0,0.0,10
1685,27762,1,SPATIAL_IMBALANCE,1,15,1000,nearest,1,4,1,1,2000,past-avg-total,0.0,0.0,0.0,0.0,0.0,0.0,1.0,1.0,10
1685,27762,1,SPATIAL_IMBALANCE,1,15,1000,nearest,1,4,1,1,2000,random,0.0,0.0,0.0,0.0,0.0,0.0,0.0,0.0,10
1685,27762,1,SPATIAL_IMBALANCE,1,15,2000,greedy,0,4,0,1,2000,none,0.0,0.0,0.0,0.0,0.0,0.0,0.0,0.0,10
1685,27762,1,SPATIAL_IMBALANCE,1,15,2000,greedy,0,4,0,1,2000,past-avg,0.0,0.0,0.6,0.6,1.0,1.0,1.0,1.0,10
1685,27762,1,SPATIAL_IMBALANCE,1,15,2000,greedy,0,4,0,1,2000,past-avg-revisit,0.0,0.0,0.0,0.0,0.0,0.0,0.0,0.0,10
1685,27762,1,SPATIAL_IMBALANCE,1,15,2000,greedy,0,4,0,1,2000,past-avg-total,0.0,0.0,0.4,0.4,1.0,1.0,1.0,1.0,10
1685,27762,1,SPATIAL_IMBALANCE,1,15,2000,greedy,0,4,0,1,2000,random,0.0,0.0,0.0,0.0,0.0,0.0,0.0,0.0,10
1685,27762,1,SPATIAL_IMBALANCE,1,15,2000,greedy,0,4,1,1,2000,none,0.0,0.0,0.0,0.0,0.0,0.0,0.0,0.0,10
1685,27762,1,SPATIAL_IMBALANCE,1,15,2000,greedy,0,4,1,1,2000,past-avg,0.0,0.0,0.0,0.0,1.0,1.0,1.0,1.0,10
1685,27762,1,SPATIAL_IMBALANCE,1,15,2000,greedy,0,4,1,1,2000,past-avg-revisit,0.0,0.0,0.0,0.0,0.0,0.0,0.0,0.0,10
1685,27762,1,SPATIAL_IMBALANCE,1,15,2000,greedy,0,4,1,1,2000,past-avg-total,0.0,0.0,0.0,0.0,1.0,1.0,1.0,1.0,10
1685,27762,1,SPATIAL_IMBALANCE,1,15,2000,greedy,0,4,1,1,2000,random,0.0,0.0,0.0,0.0,0.0,0.0,0.0,0.0,10
1685,27762,1,SPATIAL_IMBALANCE,1,15,2000,greedy,1,4,0,1,2000,none,0.0,0.0,0.0,0.0,0.0,0.0,0.0,0.0,10
1685,27762,1,SPATIAL_IMBALANCE,1,15,2000,greedy,1,4,0,1,2000,past-avg,0.0,0.0,0.6,0.6,1.0,1.0,1.0,1.0,10
1685,27762,1,SPATIAL_IMBALANCE,1,15,2000,greedy,1,4,0,1,2000,past-avg-revisit,0.0,0.0,0.0,0.0,0.0,0.0,0.0,0.0,10
1685,27762,1,SPATIAL_IMBALANCE,1,15,2000,greedy,1,4,0,1,2000,past-avg-total,0.0,0.0,0.4,0.4,1.0,1.0,1.0,1.0,10
1685,27762,1,SPATIAL_IMBALANCE,1,15,2000,greedy,1,4,0,1,2000,random,0.0,0.0,0.0,0.0,0.0,0.0,0.0,0.0,10
1685,27762,1,SPATIAL_IMBALANCE,1,15,2000,greedy,1,4,1,1,2000,none,0.0,0.0,0.0,0.0,0.0,0.0,0.0,0.0,10
1685,27762,1,SPATIAL_IMBALANCE,1,15,2000,greedy,1,4,1,1,2000,past-avg,0.0,0.0,0.0,0.0,1.0,1.0,1.0,1.0,10
1685,27762,1,SPATIAL_IMBALANCE,1,15,2000,greedy,1,4,1,1,2000,past-avg-revisit,0.0,0.0,0.0,0.0,0.0,0.0,0.0,0.0,10
1685,27762,1,SPATIAL_IMBALANCE,1,15,2000,greedy,1,4,1,1,2000,past-avg-total,0.0,0.0,0.0,0.0,1.0,1.0,1.0,1.0,10
1685,27762,1,SPATIAL_IMBALANCE,1,15,2000,greedy,1,4,1,1,2000,random,0.0,0.0,0.0,0.0,0.0,0.0,0.0,0.0,10
1685,27762,1,SPATIAL_IMBALANCE,1,15,2000,nearest,0,4,0,1,2000,none,0.0,0.0,0.0,0.0,0.0,0.0,0.0,0.0,10
1685,27762,1,SPATIAL_IMBALANCE,1,15,2000,nearest,0,4,0,1,2000,past-avg,0.0,0.0,0.5,0.5,1.0,1.0,1.0,1.0,10
1685,27762,1,SPATIAL_IMBALANCE,1,15,2000,nearest,0,4,0,1,2000,past-avg-revisit,0.0,0.0,0.0,0.0,0.0,0.0,0.0,0.0,10
1685,27762,1,SPATIAL_IMBALANCE,1,15,2000,nearest,0,4,0,1,2000,past-avg-total,0.0,0.0,0.3,0.3,1.0,1.0,1.0,1.0,10
1685,27762,1,SPATIAL_IMBALANCE,1,15,2000,nearest,0,4,0,1,2000,random,0.0,0.0,0.0,0.0,0.0,0.0,0.0,0.0,10
1685,27762,1,SPATIAL_IMBALANCE,1,15,2000,nearest,0,4,1,1,2000,none,0.0,0.0,0.0,0.0,0.0,0.0,0.0,0.0,10
1685,27762,1,SPATIAL_IMBALANCE,1,15,2000,nearest,0,4,1,1,2000,past-avg,0.0,0.0,0.0,0.0,1.0,1.0,1.0,1.0,10
1685,27762,1,SPATIAL_IMBALANCE,1,15,2000,nearest,0,4,1,1,2000,past-avg-revisit,0.0,0.0,0.0,0.0,0.0,0.0,0.0,0.0,10
1685,27762,1,SPATIAL_IMBALANCE,1,15,2000,nearest,0,4,1,1,2000,past-avg-total,0.0,0.0,0.0,0.0,1.0,1.0,1.0,1.0,10
1685,27762,1,SPATIAL_IMBALANCE,1,15,2000,nearest,0,4,1,1,2000,random,0.0,0.0,0.0,0.0,0.0,0.0,0.0,0.0,10
1685,27762,1,SPATIAL_IMBALANCE,1,15,2000,nearest,1,4,0,1,2000,none,0.0,0.0,0.0,0.0,0.0,0.0,0.0,0.0,10
1685,27762,1,SPATIAL_IMBALANCE,1,15,2000,nearest,1,4,0,1,2000,past-avg,0.0,0.0,0.5,0.5,1.0,1.0,1.0,1.0,10
1685,27762,1,SPATIAL_IMBALANCE,1,15,2000,nearest,1,4,0,1,2000,past-avg-revisit,0.0,0.0,0.0,0.0,0.0,0.0,0.0,0.0,10
1685,27762,1,SPATIAL_IMBALANCE,1,15,2000,nearest,1,4,0,1,2000,past-avg-total,0.0,0.0,0.3,0.3,1.0,1.0,1.0,1.0,10
1685,27762,1,SPATIAL_IMBALANCE,1,15,2000,nearest,1,4,0,1,2000,random,0.0,0.0,0.0,0.0,0.0,0.0,0.0,0.0,10
1685,27762,1,SPATIAL_IMBALANCE,1,15,2000,nearest,1,4,1,1,2000,none,0.0,0.0,0.0,0.0,0.0,0.0,0.0,0.0,10
1685,27762,1,SPATIAL_IMBALANCE,1,15,2000,nearest,1,4,1,1,2000,past-avg,0.0,0.0,0.0,0.0,1.0,1.0,1.0,1.0,10
1685,27762,1,SPATIAL_IMBALANCE,1,15,2000,nearest,1,4,1,1,2000,past-avg-revisit,0.0,0.0,0.0,0.0,0.0,0.0,0.0,0.0,10
1685,27762,1,SPATIAL_IMBALANCE,1,15,2000,nearest,1,4,1,1,2000,past-avg-total,0.0,0.0,0.0,0.0,1.0,1.0,1.0,1.0,10
1685,27762,1,SPATIAL_IMBALANCE,1,15,2000,nearest,1,4,1,1,2000,random,0.0,0.0,0.0,0.0,0.0,0.0,0.0,0.0,10
1685,27762,1,SPATIAL_IMBALANCE,1,15,3000,greedy,0,4,0,1,2000,none,0.0,0.0,0.0,0.0,0.0,0.0,0.0,0.0,10
1685,27762,1,SPATIAL_IMBALANCE,1,15,3000,greedy,0,4,0,1,2000,past-avg,0.0,0.0,0.4,0.4,1.0,1.0,1.0,1.0,10
1685,27762,1,SPATIAL_IMBALANCE,1,15,3000,greedy,0,4,0,1,2000,past-avg-revisit,0.0,0.0,0.0,0.0,0.0,0.0,0.0,0.0,10
1685,27762,1,SPATIAL_IMBALANCE,1,15,3000,greedy,0,4,0,1,2000,past-avg-total,0.0,0.0,0.0,0.0,1.0,1.0,1.0,1.0,10
1685,27762,1,SPATIAL_IMBALANCE,1,15,3000,greedy,0,4,0,1,2000,random,0.0,0.0,0.0,0.0,0.0,0.0,0.0,0.0,10
1685,27762,1,SPATIAL_IMBALANCE,1,15,3000,greedy,0,4,1,1,2000,none,0.0,0.0,0.0,0.0,0.0,0.0,0.0,0.0,10
1685,27762,1,SPATIAL_IMBALANCE,1,15,3000,greedy,0,4,1,1,2000,past-avg,0.0,0.0,0.0,0.0,1.0,1.0,1.0,1.0,10
1685,27762,1,SPATIAL_IMBALANCE,1,15,3000,greedy,0,4,1,1,2000,past-avg-revisit,0.0,0.0,0.0,0.0,0.0,0.0,0.0,0.0,10
1685,27762,1,SPATIAL_IMBALANCE,1,15,3000,greedy,0,4,1,1,2000,past-avg-total,0.0,0.0,0.0,0.0,1.0,1.0,1.0,1.0,10
1685,27762,1,SPATIAL_IMBALANCE,1,15,3000,greedy,0,4,1,1,2000,random,0.0,0.0,0.0,0.0,0.0,0.0,0.0,0.0,10
1685,27762,1,SPATIAL_IMBALANCE,1,15,3000,greedy,1,4,0,1,2000,none,0.0,0.0,0.0,0.0,0.0,0.0,0.0,0.0,10
1685,27762,1,SPATIAL_IMBALANCE,1,15,3000,greedy,1,4,0,1,2000,past-avg,0.0,0.0,0.4,0.4,1.0,1.0,1.0,1.0,10
1685,27762,1,SPATIAL_IMBALANCE,1,15,3000,greedy,1,4,0,1,2000,past-avg-revisit,0.0,0.0,0.0,0.0,0.0,0.0,0.0,0.0,10
1685,27762,1,SPATIAL_IMBALANCE,1,15,3000,greedy,1,4,0,1,2000,past-avg-total,0.0,0.0,0.0,0.0,1.0,1.0,1.0,1.0,10
1685,27762,1,SPATIAL_IMBALANCE,1,15,3000,greedy,1,4,0,1,2000,random,0.0,0.0,0.0,0.0,0.0,0.0,0.0,0.0,10
1685,27762,1,SPATIAL_IMBALANCE,1,15,3000,greedy,1,4,1,1,2000,none,0.0,0.0,0.0,0.0,0.0,0.0,0.0,0.0,10
1685,27762,1,SPATIAL_IMBALANCE,1,15,3000,greedy,1,4,1,1,2000,past-avg,0.0,0.0,0.0,0.0,1.0,1.0,1.0,1.0,10
1685,27762,1,SPATIAL_IMBALANCE,1,15,3000,greedy,1,4,1,1,2000,past-avg-revisit,0.0,0.0,0.0,0.0,0.0,0.0,0.0,0.0,10
1685,27762,1,SPATIAL_IMBALANCE,1,15,3000,greedy,1,4,1,1,2000,past-avg-total,0.0,0.0,0.0,0.0,1.0,1.0,1.0,1.0,10
1685,27762,1,SPATIAL_IMBALANCE,1,15,3000,greedy,1,4,1,1,2000,random,0.0,0.0,0.0,0.0,0.0,0.0,0.0,0.0,10
1685,27762,1,SPATIAL_IMBALANCE,1,15,3000,nearest,0,4,0,1,2000,none,0.0,0.0,0.0,0.0,0.0,0.0,0.0,0.0,10
1685,27762,1,SPATIAL_IMBALANCE,1,15,3000,nearest,0,4,0,1,2000,past-avg,0.0,0.0,0.4,0.4,1.0,1.0,1.0,1.0,10
1685,27762,1,SPATIAL_IMBALANCE,1,15,3000,nearest,0,4,0,1,2000,past-avg-revisit,0.0,0.0,0.0,0.0,0.0,0.0,0.0,0.0,10
1685,27762,1,SPATIAL_IMBALANCE,1,15,3000,nearest,0,4,0,1,2000,past-avg-total,0.0,0.0,0.0,0.0,1.0,1.0,1.0,1.0,10
1685,27762,1,SPATIAL_IMBALANCE,1,15,3000,nearest,0,4,0,1,2000,random,0.0,0.0,0.0,0.0,0.0,0.0,0.0,0.0,10
1685,27762,1,SPATIAL_IMBALANCE,1,15,3000,nearest,0,4,1,1,2000,none,0.0,0.0,0.0,0.0,0.0,0.0,0.0,0.0,10
1685,27762,1,SPATIAL_IMBALANCE,1,15,3000,nearest,0,4,1,1,2000,past-avg,0.0,0.0,0.0,0.0,1.0,1.0,1.0,1.0,10
1685,27762,1,SPATIAL_IMBALANCE,1,15,3000,nearest,0,4,1,1,2000,past-avg-revisit,0.0,0.0,0.0,0.0,0.0,0.0,0.0,0.0,10
1685,27762,1,SPATIAL_IMBALANCE,1,15,3000,nearest,0,4,1,1,2000,past-avg-total,0.0,0.0,0.0,0.0,1.0,1.0,1.0,1.0,10
1685,27762,1,SPATIAL_IMBALANCE,1,15,3000,nearest,0,4,1,1,2000,random,0.0,0.0,0.0,0.0,0.0,0.0,0.0,0.0,10
1685,27762,1,SPATIAL_IMBALANCE,1,15,3000,nearest,1,4,0,1,2000,none,0.0,0.0,0.0,0.0,0.0,0.0,0.0,0.0,10
1685,27762,1,SPATIAL_IMBALANCE,1,15,3000,nearest,1,4,0,1,2000,past-avg,0.0,0.0,0.4,0.4,1.0,1.0,1.0,1.0,10
1685,27762,1,SPATIAL_IMBALANCE,1,15,3000,nearest,1,4,0,1,2000,past-avg-revisit,0.0,0.0,0.0,0.0,0.0,0.0,0.0,0.0,10
1685,27762,1,SPATIAL_IMBALANCE,1,15,3000,nearest,1,4,0,1,2000,past-avg-total,0.0,0.0,0.0,0.0,1.0,1.0,1.0,1.0,10
1685,27762,1,SPATIAL_IMBALANCE,1,15,3000,nearest,1,4,0,1,2000,random,0.0,0.0,0.0,0.0,0.0,0.0,0.0,0.0,10
1685,27762,1,SPATIAL_IMBALANCE,1,15,3000,nearest,1,4,1,1,2000,none,0.0,0.0,0.0,0.0,0.0,0.0,0.0,0.0,10
1685,27762,1,SPATIAL_IMBALANCE,1,15,3000,nearest,1,4,1,1,2000,past-avg,0.0,0.0,0.0,0.0,1.0,1.0,1.0,1.0,10
1685,27762,1,SPATIAL_IMBALANCE,1,15,3000,nearest,1,4,1,1,2000,past-avg-revisit,0.0,0.0,0.0,0.0,0.0,0.0,0.0,0.0,10
1685,27762,1,SPATIAL_IMBALANCE,1,15,3000,nearest,1,4,1,1,2000,past-avg-total,0.0,0.0,0.0,0.0,1.0,1.0,1.0,1.0,10
1685,27762,1,SPATIAL_IMBALANCE,1,15,3000,nearest,1,4,1,1,2000,random,0.0,0.0,0.0,0.0,0.0,0.0,0.0,0.0,10
1685,27762,1,SPATIAL_IMBALANCE,2,15,1000,greedy,0,4,0,1,2000,none,0.0,0.0,0.0,0.0,0.0,0.0,0.0,0.0,10
1685,27762,1,SPATIAL_IMBALANCE,2,15,1000,greedy,0,4,0,1,2000,past-avg,0.0,0.0,0.0,0.0,0.0,0.0,1.0,1.0,10
1685,27762,1,SPATIAL_IMBALANCE,2,15,1000,greedy,0,4,0,1,2000,past-avg-revisit,0.0,0.0,0.0,0.0,0.0,0.0,0.0,0.0,10
1685,27762,1,SPATIAL_IMBALANCE,2,15,1000,greedy,0,4,0,1,2000,past-avg-total,0.0,0.0,0.0,0.0,0.0,0.0,1.0,1.0,10
1685,27762,1,SPATIAL_IMBALANCE,2,15,1000,greedy,0,4,0,1,2000,random,0.0,0.0,0.0,0.0,0.0,0.0,0.0,0.0,10
1685,27762,1,SPATIAL_IMBALANCE,2,15,1000,greedy,0,4,1,1,2000,none,0.0,0.0,0.0,0.0,0.0,0.0,0.0,0.0,10
1685,27762,1,SPATIAL_IMBALANCE,2,15,1000,greedy,0,4,1,1,2000,past-avg,0.0,0.0,0.0,0.0,0.0,0.0,1.0,1.0,10
1685,27762,1,SPATIAL_IMBALANCE,2,15,1000,greedy,0,4,1,1,2000,past-avg-revisit,0.0,0.0,0.0,0.0,0.0,0.0,0.0,0.0,10
1685,27762,1,SPATIAL_IMBALANCE,2,15,1000,greedy,0,4,1,1,2000,past-avg-total,0.0,0.0,0.0,0.0,0.0,0.0,1.0,1.0,10
1685,27762,1,SPATIAL_IMBALANCE,2,15,1000,greedy,0,4,1,1,2000,random,0.0,0.0,0.0,0.0,0.0,0.0,0.0,0.0,10
1685,27762,1,SPATIAL_IMBALANCE,2,15,1000,greedy,1,4,0,1,2000,none,0.0,0.0,0.0,0.0,0.0,0.0,0.0,0.0,10
1685,27762,1,SPATIAL_IMBALANCE,2,15,1000,greedy,1,4,0,1,2000,past-avg,0.0,0.0,0.0,0.0,0.0,0.0,1.0,1.0,10
1685,27762,1,SPATIAL_IMBALANCE,2,15,1000,greedy,1,4,0,1,2000,past-avg-revisit,0.0,0.0,0.0,0.0,0.0,0.0,0.0,0.0,10
1685,27762,1,SPATIAL_IMBALANCE,2,15,1000,greedy,1,4,0,1,2000,past-avg-total,0.0,0.0,0.0,0.0,0.0,0.0,1.0,1.0,10
1685,27762,1,SPATIAL_IMBALANCE,2,15,1000,greedy,1,4,0,1,2000,random,0.0,0.0,0.0,0.0,0.0,0.0,0.0,0.0,10
1685,27762,1,SPATIAL_IMBALANCE,2,15,1000,greedy,1,4,1,1,2000,none,0.0,0.0,0.0,0.0,0.0,0.0,0.0,0.0,10
1685,27762,1,SPATIAL_IMBALANCE,2,15,1000,greedy,1,4,1,1,2000,past-avg,0.0,0.0,0.0,0.0,0.0,0.0,1.0,1.0,10
1685,27762,1,SPATIAL_IMBALANCE,2,15,1000,greedy,1,4,1,1,2000,past-avg-revisit,0.0,0.0,0.0,0.0,0.0,0.0,0.0,0.0,10
1685,27762,1,SPATIAL_IMBALANCE,2,15,1000,greedy,1,4,1,1,2000,past-avg-total,0.0,0.0,0.0,0.0,0.0,0.0,1.0,1.0,10
1685,27762,1,SPATIAL_IMBALANCE,2,15,1000,greedy,1,4,1,1,2000,random,0.0,0.0,0.0,0.0,0.0,0.0,0.0,0.0,10
1685,27762,1,SPATIAL_IMBALANCE,2,15,1000,nearest,0,4,0,1,2000,none,0.0,0.0,0.0,0.0,0.0,0.0,0.0,0.0,10
1685,27762,1,SPATIAL_IMBALANCE,2,15,1000,nearest,0,4,0,1,2000,past-avg,0.0,0.0,0.0,0.0,0.0,0.0,1.0,1.0,10
1685,27762,1,SPATIAL_IMBALANCE,2,15,1000,nearest,0,4,0,1,2000,past-avg-revisit,0.0,0.0,0.0,0.0,0.0,0.0,0.0,0.0,10
1685,27762,1,SPATIAL_IMBALANCE,2,15,1000,nearest,0,4,0,1,2000,past-avg-total,0.0,0.0,0.0,0.0,0.0,0.0,1.0,1.0,10
1685,27762,1,SPATIAL_IMBALANCE,2,15,1000,nearest,0,4,0,1,2000,random,0.0,0.0,0.0,0.0,0.0,0.0,0.0,0.0,10
1685,27762,1,SPATIAL_IMBALANCE,2,15,1000,nearest,0,4,1,1,2000,none,0.0,0.0,0.0,0.0,0.0,0.0,0.0,0.0,10
1685,27762,1,SPATIAL_IMBALANCE,2,15,1000,nearest,0,4,1,1,2000,past-avg,0.0,0.0,0.0,0.0,0.0,0.0,1.0,1.0,10
1685,27762,1,SPATIAL_IMBALANCE,2,15,1000,nearest,0,4,1,1,2000,past-avg-revisit,0.0,0.0,0.0,0.0,0.0,0.0,0.0,0.0,10
1685,27762,1,SPATIAL_IMBALANCE,2,15,1000,nearest,0,4,1,1,2000,past-avg-total,0.0,0.0,0.0,0.0,0.0,0.0,1.0,1.0,10
1685,27762,1,SPATIAL_IMBALANCE,2,15,1000,nearest,0,4,1,1,2000,random,0.0,0.0,0.0,0.0,0.0,0.0,0.0,0.0,10
1685,27762,1,SPATIAL_IMBALANCE,2,15,1000,nearest,1,4,0,1,2000,none,0.0,0.0,0.0,0.0,0.0,0.0,0.0,0.0,10
1685,27762,1,SPATIAL_IMBALANCE,2,15,1000,nearest,1,4,0,1,2000,past-avg,0.0,0.0,0.0,0.0,0.0,0.0,1.0,1.0,10
1685,27762,1,SPATIAL_IMBALANCE,2,15,1000,nearest,1,4,0,1,2000,past-avg-revisit,0.0,0.0,0.0,0.0,0.0,0.0,0.0,0.0,10
1685,27762,1,SPATIAL_IMBALANCE,2,15,1000,nearest,1,4,0,1,2000,past-avg-total,0.0,0.0,0.0,0.0,0.0,0.0,1.0,1.0,10
1685,27762,1,SPATIAL_IMBALANCE,2,15,1000,nearest,1,4,0,1,2000,random,0.0,0.0,0.0,0.0,0.0,0.0,0.0,0.0,10
1685,27762,1,SPATIAL_IMBALANCE,2,15,1000,nearest,1,4,1,1,2000,none,0.0,0.0,0.0,0.0,0.0,0.0,0.0,0.0,10
1685,27762,1,SPATIAL_IMBALANCE,2,15,1000,nearest,1,4,1,1,2000,past-avg,0.0,0.0,0.0,0.0,0.0,0.0,1.0,1.0,10
1685,27762,1,SPATIAL_IMBALANCE,2,15,1000,nearest,1,4,1,1,2000,past-avg-revisit,0.0,0.0,0.0,0.0,0.0,0.0,0.0,0.0,10
1685,27762,1,SPATIAL_IMBALANCE,2,15,1000,nearest,1,4,1,1,2000,past-avg-total,0.0,0.0,0.0,0.0,0.0,0.0,1.0,1.0,10
1685,27762,1,SPATIAL_IMBALANCE,2,15,1000,nearest,1,4,1,1,2000,random,0.0,0.0,0.0,0.0,0.0,0.0,0.0,0.0,10
1685,27762,1,SPATIAL_IMBALANCE,2,15,2000,greedy,0,4,0,1,2000,none,0.0,0.0,0.0,0.0,0.0,0.0,0.0,0.0,10
1685,27762,1,SPATIAL_IMBALANCE,2,15,2000,greedy,0,4,0,1,2000,past-avg,0.0,0.0,0.5,0.5,1.0,1.0,1.0,1.0,10
1685,27762,1,SPATIAL_IMBALANCE,2,15,2000,greedy,0,4,0,1,2000,past-avg-revisit,0.0,0.0,0.0,0.0,0.0,0.0,0.0,0.0,10
1685,27762,1,SPATIAL_IMBALANCE,2,15,2000,greedy,0,4,0,1,2000,past-avg-total,0.0,0.0,0.2,0.2,1.0,1.0,1.0,1.0,10
1685,27762,1,SPATIAL_IMBALANCE,2,15,2000,greedy,0,4,0,1,2000,random,0.0,0.0,0.0,0.0,0.0,0.0,0.0,0.0,10
1685,27762,1,SPATIAL_IMBALANCE,2,15,2000,greedy,0,4,1,1,2000,none,0.0,0.0,0.0,0.0,0.0,0.0,0.0,0.0,10
1685,27762,1,SPATIAL_IMBALANCE,2,15,2000,greedy,0,4,1,1,2000,past-avg,0.0,0.0,0.0,0.0,1.0,1.0,1.0,1.0,10
1685,27762,1,SPATIAL_IMBALANCE,2,15,2000,greedy,0,4,1,1,2000,past-avg-revisit,0.0,0.0,0.0,0.0,0.0,0.0,0.0,0.0,10
1685,27762,1,SPATIAL_IMBALANCE,2,15,2000,greedy,0,4,1,1,2000,past-avg-total,0.0,0.0,0.0,0.0,1.0,1.0,1.0,1.0,10
1685,27762,1,SPATIAL_IMBALANCE,2,15,2000,greedy,0,4,1,1,2000,random,0.0,0.0,0.0,0.0,0.0,0.0,0.0,0.0,10
1685,27762,1,SPATIAL_IMBALANCE,2,15,2000,greedy,1,4,0,1,2000,none,0.0,0.0,0.0,0.0,0.0,0.0,0.0,0.0,10
1685,27762,1,SPATIAL_IMBALANCE,2,15,2000,greedy,1,4,0,1,2000,past-avg,0.0,0.0,0.5,0.5,1.0,1.0,1.0,1.0,10
1685,27762,1,SPATIAL_IMBALANCE,2,15,2000,greedy,1,4,0,1,2000,past-avg-revisit,0.0,0.0,0.0,0.0,0.0,0.0,0.0,0.0,10
1685,27762,1,SPATIAL_IMBALANCE,2,15,2000,greedy,1,4,0,1,2000,past-avg-total,0.0,0.0,0.2,0.2,1.0,1.0,1.0,1.0,10
1685,27762,1,SPATIAL_IMBALANCE,2,15,2000,greedy,1,4,0,1,2000,random,0.0,0.0,0.0,0.0,0.0,0.0,0.0,0.0,10
1685,27762,1,SPATIAL_IMBALANCE,2,15,2000,greedy,1,4,1,1,2000,none,0.0,0.0,0.0,0.0,0.0,0.0,0.0,0.0,10
1685,27762,1,SPATIAL_IMBALANCE,2,15,2000,greedy,1,4,1,1,2000,past-avg,0.0,0.0,0.0,0.0,1.0,1.0,1.0,1.0,10
1685,27762,1,SPATIAL_IMBALANCE,2,15,2000,greedy,1,4,1,1,2000,past-avg-revisit,0.0,0.0,0.0,0.0,0.0,0.0,0.0,0.0,10
1685,27762,1,SPATIAL_IMBALANCE,2,15,2000,greedy,1,4,1,1,2000,past-avg-total,0.0,0.0,0.0,0.0,1.0,1.0,1.0,1.0,10
1685,27762,1,SPATIAL_IMBALANCE,2,15,2000,greedy,1,4,1,1,2000,random,0.0,0.0,0.0,0.0,0.0,0.0,0.0,0.0,10
1685,27762,1,SPATIAL_IMBALANCE,2,15,2000,nearest,0,4,0,1,2000,none,0.0,0.0,0.0,0.0,0.0,0.0,0.0,0.0,10
1685,27762,1,SPATIAL_IMBALANCE,2,15,2000,nearest,0,4,0,1,2000,past-avg,0.0,0.0,0.4,0.4,1.0,1.0,1.0,1.0,10
1685,27762,1,SPATIAL_IMBALANCE,2,15,2000,nearest,0,4,0,1,2000,past-avg-revisit,0.0,0.0,0.0,0.0,0.0,0.0,0.0,0.0,10
1685,27762,1,SPATIAL_IMBALANCE,2,15,2000,nearest,0,4,0,1,2000,past-avg-total,0.0,0.0,0.4,0.4,1.0,1.0,1.0,1.0,10
1685,27762,1,SPATIAL_IMBALANCE,2,15,2000,nearest,0,4,0,1,2000,random,0.0,0.0,0.0,0.0,0.0,0.0,0.0,0.0,10
1685,27762,1,SPATIAL_IMBALANCE,2,15,2000,nearest,0,4,1,1,2000,none,0.0,0.0,0.0,0.0,0.0,0.0,0.0,0.0,10
1685,27762,1,SPATIAL_IMBALANCE,2,15,2000,nearest,0,4,1,1,2000,past-avg,0.0,0.0,0.0,0.0,1.0,1.0,1.0,1.0,10
1685,27762,1,SPATIAL_IMBALANCE,2,15,2000,nearest,0,4,1,1,2000,past-avg-revisit,0.0,0.0,0.0,0.0,0.0,0.0,0.0,0.0,10
1685,27762,1,SPATIAL_IMBALANCE,2,15,2000,nearest,0,4,1,1,2000,past-avg-total,0.0,0.0,0.0,0.0,1.0,1.0,1.0,1.0,10
1685,27762,1,SPATIAL_IMBALANCE,2,15,2000,nearest,0,4,1,1,2000,random,0.0,0.0,0.0,0.0,0.0,0.0,0.0,0.0,10
1685,27762,1,SPATIAL_IMBALANCE,2,15,2000,nearest,1,4,0,1,2000,none,0.0,0.0,0.0,0.0,0.0,0.0,0.0,0.0,10
1685,27762,1,SPATIAL_IMBALANCE,2,15,2000,nearest,1,4,0,1,2000,past-avg,0.0,0.0,0.4,0.4,1.0,1.0,1.0,1.0,10
1685,27762,1,SPATIAL_IMBALANCE,2,15,2000,nearest,1,4,0,1,2000,past-avg-revisit,0.0,0.0,0.0,0.0,0.0,0.0,0.0,0.0,10
1685,27762,1,SPATIAL_IMBALANCE,2,15,2000,nearest,1,4,0,1,2000,past-avg-total,0.0,0.0,0.4,0.4,1.0,1.0,1.0,1.0,10
1685,27762,1,SPATIAL_IMBALANCE,2,15,2000,nearest,1,4,0,1,2000,random,0.0,0.0,0.0,0.0,0.0,0.0,0.0,0.0,10
1685,27762,1,SPATIAL_IMBALANCE,2,15,2000,nearest,1,4,1,1,2000,none,0.0,0.0,0.0,0.0,0.0,0.0,0.0,0.0,10
1685,27762,1,SPATIAL_IMBALANCE,2,15,2000,nearest,1,4,1,1,2000,past-avg,0.0,0.0,0.0,0.0,1.0,1.0,1.0,1.0,10
1685,27762,1,SPATIAL_IMBALANCE,2,15,2000,nearest,1,4,1,1,2000,past-avg-revisit,0.0,0.0,0.0,0.0,0.0,0.0,0.0,0.0,10
1685,27762,1,SPATIAL_IMBALANCE,2,15,2000,nearest,1,4,1,1,2000,past-avg-total,0.0,0.0,0.0,0.0,1.0,1.0,1.0,1.0,10
1685,27762,1,SPATIAL_IMBALANCE,2,15,2000,nearest,1,4,1,1,2000,random,0.0,0.0,0.0,0.0,0.0,0.0,0.0,0.0,10
1685,27762,1,SPATIAL_IMBALANCE,2,15,3000,greedy,0,4,0,1,2000,none,0.0,0.0,0.0,0.0,0.0,0.0,0.0,0.0,10
1685,27762,1,SPATIAL_IMBALANCE,2,15,3000,greedy,0,4,0,1,2000,past-avg,0.0,0.0,0.4,0.4,1.0,1.0,1.0,1.0,10
1685,27762,1,SPATIAL_IMBALANCE,2,15,3000,greedy,0,4,0,1,2000,past-avg-revisit,0.0,0.0,0.0,0.0,0.0,0.0,0.0,0.0,10
1685,27762,1,SPATIAL_IMBALANCE,2,15,3000,greedy,0,4,0,1,2000,past-avg-total,0.0,0.0,0.0,0.0,1.0,1.0,1.0,1.0,10
1685,27762,1,SPATIAL_IMBALANCE,2,15,3000,greedy,0,4,0,1,2000,random,0.0,0.0,0.0,0.0,0.0,0.0,0.0,0.0,10
1685,27762,1,SPATIAL_IMBALANCE,2,15,3000,greedy,0,4,1,1,2000,none,0.0,0.0,0.0,0.0,0.0,0.0,0.0,0.0,10
1685,27762,1,SPATIAL_IMBALANCE,2,15,3000,greedy,0,4,1,1,2000,past-avg,0.0,0.0,0.0,0.0,1.0,1.0,1.0,1.0,10
1685,27762,1,SPATIAL_IMBALANCE,2,15,3000,greedy,0,4,1,1,2000,past-avg-revisit,0.0,0.0,0.0,0.0,0.0,0.0,0.0,0.0,10
1685,27762,1,SPATIAL_IMBALANCE,2,15,3000,greedy,0,4,1,1,2000,past-avg-total,0.0,0.0,0.0,0.0,0.9,0.9,1.0,1.0,10
1685,27762,1,SPATIAL_IMBALANCE,2,15,3000,greedy,0,4,1,1,2000,random,0.0,0.0,0.0,0.0,0.0,0.0,0.0,0.0,10
1685,27762,1,SPATIAL_IMBALANCE,2,15,3000,greedy,1,4,0,1,2000,none,0.0,0.0,0.0,0.0,0.0,0.0,0.0,0.0,10
1685,27762,1,SPATIAL_IMBALANCE,2,15,3000,greedy,1,4,0,1,2000,past-avg,0.0,0.0,0.4,0.4,1.0,1.0,1.0,1.0,10
1685,27762,1,SPATIAL_IMBALANCE,2,15,3000,greedy,1,4,0,1,2000,past-avg-revisit,0.0,0.0,0.0,0.0,0.0,0.0,0.0,0.0,10
1685,27762,1,SPATIAL_IMBALANCE,2,15,3000,greedy,1,4,0,1,2000,past-avg-total,0.0,0.0,0.0,0.0,1.0,1.0,1.0,1.0,10
1685,27762,1,SPATIAL_IMBALANCE,2,15,3000,greedy,1,4,0,1,2000,random,0.0,0.0,0.0,0.0,0.0,0.0,0.0,0.0,10
1685,27762,1,SPATIAL_IMBALANCE,2,15,3000,greedy,1,4,1,1,2000,none,0.0,0.0,0.0,0.0,0.0,0.0,0.0,0.0,10
1685,27762,1,SPATIAL_IMBALANCE,2,15,3000,greedy,1,4,1,1,2000,past-avg,0.0,0.0,0.0,0.0,1.0,1.0,1.0,1.0,10
1685,27762,1,SPATIAL_IMBALANCE,2,15,3000,greedy,1,4,1,1,2000,past-avg-revisit,0.0,0.0,0.0,0.0,0.0,0.0,0.0,0.0,10
1685,27762,1,SPATIAL_IMBALANCE,2,15,3000,greedy,1,4,1,1,2000,past-avg-total,0.0,0.0,0.0,0.0,0.9,0.9,1.0,1.0,10
1685,27762,1,SPATIAL_IMBALANCE,2,15,3000,greedy,1,4,1,1,2000,random,0.0,0.0,0.0,0.0,0.0,0.0,0.0,0.0,10
1685,27762,1,SPATIAL_IMBALANCE,2,15,3000,nearest,0,4,0,1,2000,none,0.0,0.0,0.0,0.0,0.0,0.0,0.0,0.0,10
1685,27762,1,SPATIAL_IMBALANCE,2,15,3000,nearest,0,4,0,1,2000,past-avg,0.0,0.0,0.4,0.4,1.0,1.0,1.0,1.0,10
1685,27762,1,SPATIAL_IMBALANCE,2,15,3000,nearest,0,4,0,1,2000,past-avg-revisit,0.0,0.0,0.0,0.0,0.0,0.0,0.0,0.0,10
1685,27762,1,SPATIAL_IMBALANCE,2,15,3000,nearest,0,4,0,1,2000,past-avg-total,0.0,0.0,0.0,0.0,1.0,1.0,1.0,1.0,10
1685,27762,1,SPATIAL_IMBALANCE,2,15,3000,nearest,0,4,0,1,2000,random,0.0,0.0,0.0,0.0,0.0,0.0,0.0,0.0,10
1685,27762,1,SPATIAL_IMBALANCE,2,15,3000,nearest,0,4,1,1,2000,none,0.0,0.0,0.0,0.0,0.0,0.0,0.0,0.0,10
1685,27762,1,SPATIAL_IMBALANCE,2,15,3000,nearest,0,4,1,1,2000,past-avg,0.0,0.0,0.0,0.0,1.0,1.0,1.0,1.0,10
1685,27762,1,SPATIAL_IMBALANCE,2,15,3000,nearest,0,4,1,1,2000,past-avg-revisit,0.0,0.0,0.0,0.0,0.0,0.0,0.0,0.0,10
1685,27762,1,SPATIAL_IMBALANCE,2,15,3000,nearest,0,4,1,1,2000,past-avg-total,0.0,0.0,0.0,0.0,0.9,0.9,1.0,1.0,10
1685,27762,1,SPATIAL_IMBALANCE,2,15,3000,nearest,0,4,1,1,2000,random,0.0,0.0,0.0,0.0,0.0,0.0,0.0,0.0,10
1685,27762,1,SPATIAL_IMBALANCE,2,15,3000,nearest,1,4,0,1,2000,none,0.0,0.0,0.0,0.0,0.0,0.0,0.0,0.0,10
1685,27762,1,SPATIAL_IMBALANCE,2,15,3000,nearest,1,4,0,1,2000,past-avg,0.0,0.0,0.4,0.4,1.0,1.0,1.0,1.0,10
1685,27762,1,SPATIAL_IMBALANCE,2,15,3000,nearest,1,4,0,1,2000,past-avg-revisit,0.0,0.0,0.0,0.0,0.0,0.0,0.0,0.0,10
1685,27762,1,SPATIAL_IMBALANCE,2,15,3000,nearest,1,4,0,1,2000,past-avg-total,0.0,0.0,0.0,0.0,1.0,1.0,1.0,1.0,10
1685,27762,1,SPATIAL_IMBALANCE,2,15,3000,nearest,1,4,0,1,2000,random,0.0,0.0,0.0,0.0,0.0,0.0,0.0,0.0,10
1685,27762,1,SPATIAL_IMBALANCE,2,15,3000,nearest,1,4,1,1,2000,none,0.0,0.0,0.0,0.0,0.0,0.0,0.0,0.0,10
1685,27762,1,SPATIAL_IMBALANCE,2,15,3000,nearest,1,4,1,1,2000,past-avg,0.0,0.0,0.0,0.0,1.0,1.0,1.0,1.0,10
1685,27762,1,SPATIAL_IMBALANCE,2,15,3000,nearest,1,4,1,1,2000,past-avg-revisit,0.0,0.0,0.0,0.0,0.0,0.0,0.0,0.0,10
1685,27762,1,SPATIAL_IMBALANCE,2,15,3000,nearest,1,4,1,1,2000,past-avg-total,0.0,0.0,0.0,0.0,0.9,0.9,1.0,1.0,10
1685,27762,1,SPATIAL_IMBALANCE,2,15,3000,nearest,1,4,1,1,2000,random,0.0,0.0,0.0,0.0,0.0,0.0,0.0,0.0,10
1685,27762,1,SPATIAL_ISLANDS,0,15,1000,greedy,0,4,0,1,2000,none,0.0,0.0,0.0,0.0,0.0,0.0,0.0,0.0,10
1685,27762,1,SPATIAL_ISLANDS,0,15,1000,greedy,0,4,0,1,2000,past-avg,0.0,0.0,0.0,0.0,0.0,0.0,0.0,0.0,10
1685,27762,1,SPATIAL_ISLANDS,0,15,1000,greedy,0,4,0,1,2000,past-avg-revisit,0.0,0.0,0.0,0.0,0.0,0.0,0.0,0.0,10
1685,27762,1,SPATIAL_ISLANDS,0,15,1000,greedy,0,4,0,1,2000,past-avg-total,0.0,0.0,0.0,0.0,0.0,0.0,0.0,0.0,10
1685,27762,1,SPATIAL_ISLANDS,0,15,1000,greedy,0,4,0,1,2000,random,0.0,0.0,0.0,0.0,0.0,0.0,0.0,0.0,10
1685,27762,1,SPATIAL_ISLANDS,0,15,1000,greedy,0,4,1,1,2000,none,0.0,0.0,0.0,0.0,0.0,0.0,0.0,0.0,10
1685,27762,1,SPATIAL_ISLANDS,0,15,1000,greedy,0,4,1,1,2000,past-avg,0.0,0.0,0.0,0.0,0.0,0.0,0.0,0.0,10
1685,27762,1,SPATIAL_ISLANDS,0,15,1000,greedy,0,4,1,1,2000,past-avg-revisit,0.0,0.0,0.0,0.0,0.0,0.0,0.0,0.0,10
1685,27762,1,SPATIAL_ISLANDS,0,15,1000,greedy,0,4,1,1,2000,past-avg-total,0.0,0.0,0.0,0.0,0.0,0.0,0.0,0.0,10
1685,27762,1,SPATIAL_ISLANDS,0,15,1000,greedy,0,4,1,1,2000,random,0.0,0.0,0.0,0.0,0.0,0.0,0.0,0.0,10
1685,27762,1,SPATIAL_ISLANDS,0,15,1000,greedy,1,4,0,1,2000,none,0.0,0.0,0.0,0.0,0.0,0.0,0.0,0.0,10
1685,27762,1,SPATIAL_ISLANDS,0,15,1000,greedy,1,4,0,1,2000,past-avg,0.0,0.0,0.0,0.0,0.0,0.0,0.0,0.0,10
1685,27762,1,SPATIAL_ISLANDS,0,15,1000,greedy,1,4,0,1,2000,past-avg-revisit,0.0,0.0,0.0,0.0,0.0,0.0,0.0,0.0,10
1685,27762,1,SPATIAL_ISLANDS,0,15,1000,greedy,1,4,0,1,2000,past-avg-total,0.0,0.0,0.0,0.0,0.0,0.0,0.0,0.0,10
1685,27762,1,SPATIAL_ISLANDS,0,15,1000,greedy,1,4,0,1,2000,random,0.0,0.0,0.0,0.0,0.0,0.0,0.0,0.0,10
1685,27762,1,SPATIAL_ISLANDS,0,15,1000,greedy,1,4,1,1,2000,none,0.0,0.0,0.0,0.0,0.0,0.0,0.0,0.0,10
1685,27762,1,SPATIAL_ISLANDS,0,15,1000,greedy,1,4,1,1,2000,past-avg,0.0,0.0,0.0,0.0,0.0,0.0,0.0,0.0,10
1685,27762,1,SPATIAL_ISLANDS,0,15,1000,greedy,1,4,1,1,2000,past-avg-revisit,0.0,0.0,0.0,0.0,0.0,0.0,0.0,0.0,10
1685,27762,1,SPATIAL_ISLANDS,0,15,1000,greedy,1,4,1,1,2000,past-avg-total,0.0,0.0,0.0,0.0,0.0,0.0,0.0,0.0,10
1685,27762,1,SPATIAL_ISLANDS,0,15,1000,greedy,1,4,1,1,2000,random,0.0,0.0,0.0,0.0,0.0,0.0,0.0,0.0,10
1685,27762,1,SPATIAL_ISLANDS,0,15,1000,nearest,0,4,0,1,2000,none,0.0,0.0,0.0,0.0,0.0,0.0,0.0,0.0,10
1685,27762,1,SPATIAL_ISLANDS,0,15,1000,nearest,0,4,0,1,2000,past-avg,0.0,0.0,0.0,0.0,0.0,0.0,0.0,0.0,10
1685,27762,1,SPATIAL_ISLANDS,0,15,1000,nearest,0,4,0,1,2000,past-avg-revisit,0.0,0.0,0.0,0.0,0.0,0.0,0.0,0.0,10
1685,27762,1,SPATIAL_ISLANDS,0,15,1000,nearest,0,4,0,1,2000,past-avg-total,0.0,0.0,0.0,0.0,0.0,0.0,0.0,0.0,10
1685,27762,1,SPATIAL_ISLANDS,0,15,1000,nearest,0,4,0,1,2000,random,0.0,0.0,0.0,0.0,0.0,0.0,0.0,0.0,10
1685,27762,1,SPATIAL_ISLANDS,0,15,1000,nearest,0,4,1,1,2000,none,0.0,0.0,0.0,0.0,0.0,0.0,0.0,0.0,10
1685,27762,1,SPATIAL_ISLANDS,0,15,1000,nearest,0,4,1,1,2000,past-avg,0.0,0.0,0.0,0.0,0.0,0.0,0.0,0.0,10
1685,27762,1,SPATIAL_ISLANDS,0,15,1000,nearest,0,4,1,1,2000,past-avg-revisit,0.0,0.0,0.0,0.0,0.0,0.0,0.0,0.0,10
1685,27762,1,SPATIAL_ISLANDS,0,15,1000,nearest,0,4,1,1,2000,past-avg-total,0.0,0.0,0.0,0.0,0.0,0.0,0.0,0.0,10
1685,27762,1,SPATIAL_ISLANDS,0,15,1000,nearest,0,4,1,1,2000,random,0.0,0.0,0.0,0.0,0.0,0.0,0.0,0.0,10
1685,27762,1,SPATIAL_ISLANDS,0,15,1000,nearest,1,4,0,1,2000,none,0.0,0.0,0.0,0.0,0.0,0.0,0.0,0.0,10
1685,27762,1,SPATIAL_ISLANDS,0,15,1000,nearest,1,4,0,1,2000,past-avg,0.0,0.0,0.0,0.0,0.0,0.0,0.0,0.0,10
1685,27762,1,SPATIAL_ISLANDS,0,15,1000,nearest,1,4,0,1,2000,past-avg-revisit,0.0,0.0,0.0,0.0,0.0,0.0,0.0,0.0,10
1685,27762,1,SPATIAL_ISLANDS,0,15,1000,nearest,1,4,0,1,2000,past-avg-total,0.0,0.0,0.0,0.0,0.0,0.0,0.0,0.0,10
1685,27762,1,SPATIAL_ISLANDS,0,15,1000,nearest,1,4,0,1,2000,random,0.0,0.0,0.0,0.0,0.0,0.0,0.0,0.0,10
1685,27762,1,SPATIAL_ISLANDS,0,15,1000,nearest,1,4,1,1,2000,none,0.0,0.0,0.0,0.0,0.0,0.0,0.0,0.0,10
1685,27762,1,SPATIAL_ISLANDS,0,15,1000,nearest,1,4,1,1,2000,past-avg,0.0,0.0,0.0,0.0,0.0,0.0,0.0,0.0,10
1685,27762,1,SPATIAL_ISLANDS,0,15,1000,nearest,1,4,1,1,2000,past-avg-revisit,0.0,0.0,0.0,0.0,0.0,0.0,0.0,0.0,10
1685,27762,1,SPATIAL_ISLANDS,0,15,1000,nearest,1,4,1,1,2000,past-avg-total,0.0,0.0,0.0,0.0,0.0,0.0,0.0,0.0,10
1685,27762,1,SPATIAL_ISLANDS,0,15,1000,nearest,1,4,1,1,2000,random,0.0,0.0,0.0,0.0,0.0,0.0,0.0,0.0,10
1685,27762,1,SPATIAL_ISLANDS,0,15,2000,greedy,0,4,0,1,2000,none,0.0,0.0,0.0,0.0,0.0,0.0,0.0,0.0,10
1685,27762,1,SPATIAL_ISLANDS,0,15,2000,greedy,0,4,0,1,2000,past-avg,0.0,0.0,0.0,0.0,0.0,0.0,0.0,0.0,10
1685,27762,1,SPATIAL_ISLANDS,0,15,2000,greedy,0,4,0,1,2000,past-avg-revisit,0.0,0.0,0.0,0.0,0.0,0.0,0.0,0.0,10
1685,27762,1,SPATIAL_ISLANDS,0,15,2000,greedy,0,4,0,1,2000,past-avg-total,0.0,0.0,0.0,0.0,0.0,0.0,0.0,0.0,10
1685,27762,1,SPATIAL_ISLANDS,0,15,2000,greedy,0,4,0,1,2000,random,0.0,0.0,0.0,0.0,0.0,0.0,0.0,0.0,10
1685,27762,1,SPATIAL_ISLANDS,0,15,2000,greedy,0,4,1,1,2000,none,0.0,0.0,0.0,0.0,0.0,0.0,0.0,0.0,10
1685,27762,1,SPATIAL_ISLANDS,0,15,2000,greedy,0,4,1,1,2000,past-avg,0.0,0.0,0.0,0.0,0.0,0.0,0.0,0.0,10
1685,27762,1,SPATIAL_ISLANDS,0,15,2000,greedy,0,4,1,1,2000,past-avg-revisit,0.0,0.0,0.0,0.0,0.0,0.0,0.0,0.0,10
1685,27762,1,SPATIAL_ISLANDS,0,15,2000,greedy,0,4,1,1,2000,past-avg-total,0.0,0.0,0.0,0.0,0.0,0.0,0.0,0.0,10
1685,27762,1,SPATIAL_ISLANDS,0,15,2000,greedy,0,4,1,1,2000,random,0.0,0.0,0.0,0.0,0.0,0.0,0.0,0.0,10
1685,27762,1,SPATIAL_ISLANDS,0,15,2000,greedy,1,4,0,1,2000,none,0.0,0.0,0.0,0.0,0.0,0.0,0.0,0.0,10
1685,27762,1,SPATIAL_ISLANDS,0,15,2000,greedy,1,4,0,1,2000,past-avg,0.0,0.0,0.0,0.0,0.0,0.0,0.0,0.0,10
1685,27762,1,SPATIAL_ISLANDS,0,15,2000,greedy,1,4,0,1,2000,past-avg-revisit,0.0,0.0,0.0,0.0,0.0,0.0,0.0,0.0,10
1685,27762,1,SPATIAL_ISLANDS,0,15,2000,greedy,1,4,0,1,2000,past-avg-total,0.0,0.0,0.0,0.0,0.0,0.0,0.0,0.0,10
1685,27762,1,SPATIAL_ISLANDS,0,15,2000,greedy,1,4,0,1,2000,random,0.0,0.0,0.0,0.0,0.0,0.0,0.0,0.0,10
1685,27762,1,SPATIAL_ISLANDS,0,15,2000,greedy,1,4,1,1,2000,none,0.0,0.0,0.0,0.0,0.0,0.0,0.0,0.0,10
1685,27762,1,SPATIAL_ISLANDS,0,15,2000,greedy,1,4,1,1,2000,past-avg,0.0,0.0,0.0,0.0,0.0,0.0,0.0,0.0,10
1685,27762,1,SPATIAL_ISLANDS,0,15,2000,greedy,1,4,1,1,2000,past-avg-revisit,0.0,0.0,0.0,0.0,0.0,0.0,0.0,0.0,10
1685,27762,1,SPATIAL_ISLANDS,0,15,2000,greedy,1,4,1,1,2000,past-avg-total,0.0,0.0,0.0,0.0,0.0,0.0,0.0,0.0,10
1685,27762,1,SPATIAL_ISLANDS,0,15,2000,greedy,1,4,1,1,2000,random,0.0,0.0,0.0,0.0,0.0,0.0,0.0,0.0,10
1685,27762,1,SPATIAL_ISLANDS,0,15,2000,nearest,0,4,0,1,2000,none,0.0,0.0,0.0,0.0,0.0,0.0,0.0,0.0,10
1685,27762,1,SPATIAL_ISLANDS,0,15,2000,nearest,0,4,0,1,2000,past-avg,0.0,0.0,0.0,0.0,0.0,0.0,0.0,0.0,10
1685,27762,1,SPATIAL_ISLANDS,0,15,2000,nearest,0,4,0,1,2000,past-avg-revisit,0.0,0.0,0.0,0.0,0.0,0.0,0.0,0.0,10
1685,27762,1,SPATIAL_ISLANDS,0,15,2000,nearest,0,4,0,1,2000,past-avg-total,0.0,0.0,0.0,0.0,0.0,0.0,0.0,0.0,10
1685,27762,1,SPATIAL_ISLANDS,0,15,2000,nearest,0,4,0,1,2000,random,0.0,0.0,0.0,0.0,0.0,0.0,0.0,0.0,10
1685,27762,1,SPATIAL_ISLANDS,0,15,2000,nearest,0,4,1,1,2000,none,0.0,0.0,0.0,0.0,0.0,0.0,0.0,0.0,10
1685,27762,1,SPATIAL_ISLANDS,0,15,2000,nearest,0,4,1,1,2000,past-avg,0.0,0.0,0.0,0.0,0.0,0.0,0.0,0.0,10
1685,27762,1,SPATIAL_ISLANDS,0,15,2000,nearest,0,4,1,1,2000,past-avg-revisit,0.0,0.0,0.0,0.0,0.0,0.0,0.0,0.0,10
1685,27762,1,SPATIAL_ISLANDS,0,15,2000,nearest,0,4,1,1,2000,past-avg-total,0.0,0.0,0.0,0.0,0.0,0.0,0.0,0.0,10
1685,27762,1,SPATIAL_ISLANDS,0,15,2000,nearest,0,4,1,1,2000,random,0.0,0.0,0.0,0.0,0.0,0.0,0.0,0.0,10
1685,27762,1,SPATIAL_ISLANDS,0,15,2000,nearest,1,4,0,1,2000,none,0.0,0.0,0.0,0.0,0.0,0.0,0.0,0.0,10
1685,27762,1,SPATIAL_ISLANDS,0,15,2000,nearest,1,4,0,1,2000,past-avg,0.0,0.0,0.0,0.0,0.0,0.0,0.0,0.0,10
1685,27762,1,SPATIAL_ISLANDS,0,15,2000,nearest,1,4,0,1,2000,past-avg-revisit,0.0,0.0,0.0,0.0,0.0,0.0,0.0,0.0,10
1685,27762,1,SPATIAL_ISLANDS,0,15,2000,nearest,1,4,0,1,2000,past-avg-total,0.0,0.0,0.0,0.0,0.0,0.0,0.0,0.0,10
1685,27762,1,SPATIAL_ISLANDS,0,15,2000,nearest,1,4,0,1,2000,random,0.0,0.0,0.0,0.0,0.0,0.0,0.0,0.0,10
1685,27762,1,SPATIAL_ISLANDS,0,15,2000,nearest,1,4,1,1,2000,none,0.0,0.0,0.0,0.0,0.0,0.0,0.0,0.0,10
1685,27762,1,SPATIAL_ISLANDS,0,15,2000,nearest,1,4,1,1,2000,past-avg,0.0,0.0,0.0,0.0,0.0,0.0,0.0,0.0,10
1685,27762,1,SPATIAL_ISLANDS,0,15,2000,nearest,1,4,1,1,2000,past-avg-revisit,0.0,0.0,0.0,0.0,0.0,0.0,0.0,0.0,10
1685,27762,1,SPATIAL_ISLANDS,0,15,2000,nearest,1,4,1,1,2000,past-avg-total,0.0,0.0,0.0,0.0,0.0,0.0,0.0,0.0,10
1685,27762,1,SPATIAL_ISLANDS,0,15,2000,nearest,1,4,1,1,2000,random,0.0,0.0,0.0,0.0,0.0,0.0,0.0,0.0,10
1685,27762,1,SPATIAL_ISLANDS,0,15,3000,greedy,0,4,0,1,2000,none,0.0,0.0,0.0,0.0,0.0,0.0,0.0,0.0,10
1685,27762,1,SPATIAL_ISLANDS,0,15,3000,greedy,0,4,0,1,2000,past-avg,0.0,0.0,0.0,0.0,0.0,0.0,0.0,0.0,10
1685,27762,1,SPATIAL_ISLANDS,0,15,3000,greedy,0,4,0,1,2000,past-avg-revisit,0.0,0.0,0.0,0.0,0.0,0.0,0.0,0.0,10
1685,27762,1,SPATIAL_ISLANDS,0,15,3000,greedy,0,4,0,1,2000,past-avg-total,0.0,0.0,0.0,0.0,0.0,0.0,0.0,0.0,10
1685,27762,1,SPATIAL_ISLANDS,0,15,3000,greedy,0,4,0,1,2000,random,0.0,0.0,0.0,0.0,0.0,0.0,0.0,0.0,10
1685,27762,1,SPATIAL_ISLANDS,0,15,3000,greedy,0,4,1,1,2000,none,0.0,0.0,0.0,0.0,0.0,0.0,0.0,0.0,10
1685,27762,1,SPATIAL_ISLANDS,0,15,3000,greedy,0,4,1,1,2000,past-avg,0.0,0.0,0.0,0.0,0.0,0.0,0.0,0.0,10
1685,27762,1,SPATIAL_ISLANDS,0,15,3000,greedy,0,4,1,1,2000,past-avg-revisit,0.0,0.0,0.0,0.0,0.0,0.0,0.0,0.0,10
1685,27762,1,SPATIAL_ISLANDS,0,15,3000,greedy,0,4,1,1,2000,past-avg-total,0.0,0.0,0.0,0.0,0.0,0.0,0.0,0.0,10
1685,27762,1,SPATIAL_ISLANDS,0,15,3000,greedy,0,4,1,1,2000,random,0.0,0.0,0.0,0.0,0.0,0.0,0.0,0.0,10
1685,27762,1,SPATIAL_ISLANDS,0,15,3000,greedy,1,4,0,1,2000,none,0.0,0.0,0.0,0.0,0.0,0.0,0.0,0.0,10
1685,27762,1,SPATIAL_ISLANDS,0,15,3000,greedy,1,4,0,1,2000,past-avg,0.0,0.0,0.0,0.0,0.0,0.0,0.0,0.0,10
1685,27762,1,SPATIAL_ISLANDS,0,15,3000,greedy,1,4,0,1,2000,past-avg-revisit,0.0,0.0,0.0,0.0,0.0,0.0,0.0,0.0,10
1685,27762,1,SPATIAL_ISLANDS,0,15,3000,greedy,1,4,0,1,2000,past-avg-total,0.0,0.0,0.0,0.0,0.0,0.0,0.0,0.0,10
1685,27762,1,SPATIAL_ISLANDS,0,15,3000,greedy,1,4,0,1,2000,random,0.0,0.0,0.0,0.0,0.0,0.0,0.0,0.0,10
1685,27762,1,SPATIAL_ISLANDS,0,15,3000,greedy,1,4,1,1,2000,none,0.0,0.0,0.0,0.0,0.0,0.0,0.0,0.0,10
1685,27762,1,SPATIAL_ISLANDS,0,15,3000,greedy,1,4,1,1,2000,past-avg,0.0,0.0,0.0,0.0,0.0,0.0,0.0,0.0,10
1685,27762,1,SPATIAL_ISLANDS,0,15,3000,greedy,1,4,1,1,2000,past-avg-revisit,0.0,0.0,0.0,0.0,0.0,0.0,0.0,0.0,10
1685,27762,1,SPATIAL_ISLANDS,0,15,3000,greedy,1,4,1,1,2000,past-avg-total,0.0,0.0,0.0,0.0,0.0,0.0,0.0,0.0,10
1685,27762,1,SPATIAL_ISLANDS,0,15,3000,greedy,1,4,1,1,2000,random,0.0,0.0,0.0,0.0,0.0,0.0,0.0,0.0,10
1685,27762,1,SPATIAL_ISLANDS,0,15,3000,nearest,0,4,0,1,2000,none,0.0,0.0,0.0,0.0,0.0,0.0,0.0,0.0,10
1685,27762,1,SPATIAL_ISLANDS,0,15,3000,nearest,0,4,0,1,2000,past-avg,0.0,0.0,0.0,0.0,0.0,0.0,0.0,0.0,10
1685,27762,1,SPATIAL_ISLANDS,0,15,3000,nearest,0,4,0,1,2000,past-avg-revisit,0.0,0.0,0.0,0.0,0.0,0.0,0.0,0.0,10
1685,27762,1,SPATIAL_ISLANDS,0,15,3000,nearest,0,4,0,1,2000,past-avg-total,0.0,0.0,0.0,0.0,0.0,0.0,0.0,0.0,10
1685,27762,1,SPATIAL_ISLANDS,0,15,3000,nearest,0,4,0,1,2000,random,0.0,0.0,0.0,0.0,0.0,0.0,0.0,0.0,10
1685,27762,1,SPATIAL_ISLANDS,0,15,3000,nearest,0,4,1,1,2000,none,0.0,0.0,0.0,0.0,0.0,0.0,0.0,0.0,10
1685,27762,1,SPATIAL_ISLANDS,0,15,3000,nearest,0,4,1,1,2000,past-avg,0.0,0.0,0.0,0.0,0.0,0.0,0.0,0.0,10
1685,27762,1,SPATIAL_ISLANDS,0,15,3000,nearest,0,4,1,1,2000,past-avg-revisit,0.0,0.0,0.0,0.0,0.0,0.0,0.0,0.0,10
1685,27762,1,SPATIAL_ISLANDS,0,15,3000,nearest,0,4,1,1,2000,past-avg-total,0.0,0.0,0.0,0.0,0.0,0.0,0.0,0.0,10
1685,27762,1,SPATIAL_ISLANDS,0,15,3000,nearest,0,4,1,1,2000,random,0.0,0.0,0.0,0.0,0.0,0.0,0.0,0.0,10
1685,27762,1,SPATIAL_ISLANDS,0,15,3000,nearest,1,4,0,1,2000,none,0.0,0.0,0.0,0.0,0.0,0.0,0.0,0.0,10
1685,27762,1,SPATIAL_ISLANDS,0,15,3000,nearest,1,4,0,1,2000,past-avg,0.0,0.0,0.0,0.0,0.0,0.0,0.0,0.0,10
1685,27762,1,SPATIAL_ISLANDS,0,15,3000,nearest,1,4,0,1,2000,past-avg-revisit,0.0,0.0,0.0,0.0,0.0,0.0,0.0,0.0,10
1685,27762,1,SPATIAL_ISLANDS,0,15,3000,nearest,1,4,0,1,2000,past-avg-total,0.0,0.0,0.0,0.0,0.0,0.0,0.0,0.0,10
1685,27762,1,SPATIAL_ISLANDS,0,15,3000,nearest,1,4,0,1,2000,random,0.0,0.0,0.0,0.0,0.0,0.0,0.0,0.0,10
1685,27762,1,SPATIAL_ISLANDS,0,15,3000,nearest,1,4,1,1,2000,none,0.0,0.0,0.0,0.0,0.0,0.0,0.0,0.0,10
1685,27762,1,SPATIAL_ISLANDS,0,15,3000,nearest,1,4,1,1,2000,past-avg,0.0,0.0,0.0,0.0,0.0,0.0,0.0,0.0,10
1685,27762,1,SPATIAL_ISLANDS,0,15,3000,nearest,1,4,1,1,2000,past-avg-revisit,0.0,0.0,0.0,0.0,0.0,0.0,0.0,0.0,10
1685,27762,1,SPATIAL_ISLANDS,0,15,3000,nearest,1,4,1,1,2000,past-avg-total,0.0,0.0,0.0,0.0,0.0,0.0,0.0,0.0,10
1685,27762,1,SPATIAL_ISLANDS,0,15,3000,nearest,1,4,1,1,2000,random,0.0,0.0,0.0,0.0,0.0,0.0,0.0,0.0,10
1685,27762,1,SPATIAL_ISLANDS,1,15,1000,greedy,0,4,0,1,2000,none,0.0,0.0,0.0,0.0,0.0,0.0,0.0,0.0,10
1685,27762,1,SPATIAL_ISLANDS,1,15,1000,greedy,0,4,0,1,2000,past-avg,0.0,0.0,0.0,0.0,0.0,0.0,0.0,0.0,10
1685,27762,1,SPATIAL_ISLANDS,1,15,1000,greedy,0,4,0,1,2000,past-avg-revisit,0.0,0.0,0.0,0.0,0.0,0.0,0.0,0.0,10
1685,27762,1,SPATIAL_ISLANDS,1,15,1000,greedy,0,4,0,1,2000,past-avg-total,0.0,0.0,0.0,0.0,0.0,0.0,0.0,0.0,10
1685,27762,1,SPATIAL_ISLANDS,1,15,1000,greedy,0,4,0,1,2000,random,0.0,0.0,0.0,0.0,0.0,0.0,0.0,0.0,10
1685,27762,1,SPATIAL_ISLANDS,1,15,1000,greedy,0,4,1,1,2000,none,0.0,0.0,0.0,0.0,0.0,0.0,0.0,0.0,10
1685,27762,1,SPATIAL_ISLANDS,1,15,1000,greedy,0,4,1,1,2000,past-avg,0.0,0.0,0.0,0.0,0.0,0.0,0.0,0.0,10
1685,27762,1,SPATIAL_ISLANDS,1,15,1000,greedy,0,4,1,1,2000,past-avg-revisit,0.0,0.0,0.0,0.0,0.0,0.0,0.0,0.0,10
1685,27762,1,SPATIAL_ISLANDS,1,15,1000,greedy,0,4,1,1,2000,past-avg-total,0.0,0.0,0.0,0.0,0.0,0.0,0.0,0.0,10
1685,27762,1,SPATIAL_ISLANDS,1,15,1000,greedy,0,4,1,1,2000,random,0.0,0.0,0.0,0.0,0.0,0.0,0.0,0.0,10
1685,27762,1,SPATIAL_ISLANDS,1,15,1000,greedy,1,4,0,1,2000,none,0.0,0.0,0.0,0.0,0.0,0.0,0.0,0.0,10
1685,27762,1,SPATIAL_ISLANDS,1,15,1000,greedy,1,4,0,1,2000,past-avg,0.0,0.0,0.0,0.0,0.0,0.0,0.0,0.0,10
1685,27762,1,SPATIAL_ISLANDS,1,15,1000,greedy,1,4,0,1,2000,past-avg-revisit,0.0,0.0,0.0,0.0,0.0,0.0,0.0,0.0,10
1685,27762,1,SPATIAL_ISLANDS,1,15,1000,greedy,1,4,0,1,2000,past-avg-total,0.0,0.0,0.0,0.0,0.0,0.0,0.0,0.0,10
1685,27762,1,SPATIAL_ISLANDS,1,15,1000,greedy,1,4,0,1,2000,random,0.0,0.0,0.0,0.0,0.0,0.0,0.0,0.0,10
1685,27762,1,SPATIAL_ISLANDS,1,15,1000,greedy,1,4,1,1,2000,none,0.0,0.0,0.0,0.0,0.0,0.0,0.0,0.0,10
1685,27762,1,SPATIAL_ISLANDS,1,15,1000,greedy,1,4,1,1,2000,past-avg,0.0,0.0,0.0,0.0,0.0,0.0,0.0,0.0,10
1685,27762,1,SPATIAL_ISLANDS,1,15,1000,greedy,1,4,1,1,2000,past-avg-revisit,0.0,0.0,0.0,0.0,0.0,0.0,0.0,0.0,10
1685,27762,1,SPATIAL_ISLANDS,1,15,1000,greedy,1,4,1,1,2000,past-avg-total,0.0,0.0,0.0,0.0,0.0,0.0,0.0,0.0,10
1685,27762,1,SPATIAL_ISLANDS,1,15,1000,greedy,1,4,1,1,2000,random,0.0,0.0,0.0,0.0,0.0,0.0,0.0,0.0,10
1685,27762,1,SPATIAL_ISLANDS,1,15,1000,nearest,0,4,0,1,2000,none,0.0,0.0,0.0,0.0,0.0,0.0,0.0,0.0,10
1685,27762,1,SPATIAL_ISLANDS,1,15,1000,nearest,0,4,0,1,2000,past-avg,0.0,0.0,0.0,0.0,0.0,0.0,0.0,0.0,10
1685,27762,1,SPATIAL_ISLANDS,1,15,1000,nearest,0,4,0,1,2000,past-avg-revisit,0.0,0.0,0.0,0.0,0.0,0.0,0.0,0.0,10
1685,27762,1,SPATIAL_ISLANDS,1,15,1000,nearest,0,4,0,1,2000,past-avg-total,0.0,0.0,0.0,0.0,0.0,0.0,0.0,0.0,10
1685,27762,1,SPATIAL_ISLANDS,1,15,1000,nearest,0,4,0,1,2000,random,0.0,0.0,0.0,0.0,0.0,0.0,0.0,0.0,10
1685,27762,1,SPATIAL_ISLANDS,1,15,1000,nearest,0,4,1,1,2000,none,0.0,0.0,0.0,0.0,0.0,0.0,0.0,0.0,10
1685,27762,1,SPATIAL_ISLANDS,1,15,1000,nearest,0,4,1,1,2000,past-avg,0.0,0.0,0.0,0.0,0.0,0.0,0.0,0.0,10
1685,27762,1,SPATIAL_ISLANDS,1,15,1000,nearest,0,4,1,1,2000,past-avg-revisit,0.0,0.0,0.0,0.0,0.0,0.0,0.0,0.0,10
1685,27762,1,SPATIAL_ISLANDS,1,15,1000,nearest,0,4,1,1,2000,past-avg-total,0.0,0.0,0.0,0.0,0.0,0.0,0.0,0.0,10
1685,27762,1,SPATIAL_ISLANDS,1,15,1000,nearest,0,4,1,1,2000,random,0.0,0.0,0.0,0.0,0.0,0.0,0.0,0.0,10
1685,27762,1,SPATIAL_ISLANDS,1,15,1000,nearest,1,4,0,1,2000,none,0.0,0.0,0.0,0.0,0.0,0.0,0.0,0.0,10
1685,27762,1,SPATIAL_ISLANDS,1,15,1000,nearest,1,4,0,1,2000,past-avg,0.0,0.0,0.0,0.0,0.0,0.0,0.0,0.0,10
1685,27762,1,SPATIAL_ISLANDS,1,15,1000,nearest,1,4,0,1,2000,past-avg-revisit,0.0,0.0,0.0,0.0,0.0,0.0,0.0,0.0,10
1685,27762,1,SPATIAL_ISLANDS,1,15,1000,nearest,1,4,0,1,2000,past-avg-total,0.0,0.0,0.0,0.0,0.0,0.0,0.0,0.0,10
1685,27762,1,SPATIAL_ISLANDS,1,15,1000,nearest,1,4,0,1,2000,random,0.0,0.0,0.0,0.0,0.0,0.0,0.0,0.0,10
1685,27762,1,SPATIAL_ISLANDS,1,15,1000,nearest,1,4,1,1,2000,none,0.0,0.0,0.0,0.0,0.0,0.0,0.0,0.0,10
1685,27762,1,SPATIAL_ISLANDS,1,15,1000,nearest,1,4,1,1,2000,past-avg,0.0,0.0,0.0,0.0,0.0,0.0,0.0,0.0,10
1685,27762,1,SPATIAL_ISLANDS,1,15,1000,nearest,1,4,1,1,2000,past-avg-revisit,0.0,0.0,0.0,0.0,0.0,0.0,0.0,0.0,10
1685,27762,1,SPATIAL_ISLANDS,1,15,1000,nearest,1,4,1,1,2000,past-avg-total,0.0,0.0,0.0,0.0,0.0,0.0,0.0,0.0,10
1685,27762,1,SPATIAL_ISLANDS,1,15,1000,nearest,1,4,1,1,2000,random,0.0,0.0,0.0,0.0,0.0,0.0,0.0,0.0,10
1685,27762,1,SPATIAL_ISLANDS,1,15,2000,greedy,0,4,0,1,2000,none,0.0,0.0,0.0,0.0,0.0,0.0,0.0,0.0,10
1685,27762,1,SPATIAL_ISLANDS,1,15,2000,greedy,0,4,0,1,2000,past-avg,0.0,0.0,0.0,0.0,0.0,0.0,0.0,0.0,10
1685,27762,1,SPATIAL_ISLANDS,1,15,2000,greedy,0,4,0,1,2000,past-avg-revisit,0.0,0.0,0.0,0.0,0.0,0.0,0.0,0.0,10
1685,27762,1,SPATIAL_ISLANDS,1,15,2000,greedy,0,4,0,1,2000,past-avg-total,0.0,0.0,0.0,0.0,0.0,0.0,0.0,0.0,10
1685,27762,1,SPATIAL_ISLANDS,1,15,2000,greedy,0,4,0,1,2000,random,0.0,0.0,0.0,0.0,0.0,0.0,0.0,0.0,10
1685,27762,1,SPATIAL_ISLANDS,1,15,2000,greedy,0,4,1,1,2000,none,0.0,0.0,0.0,0.0,0.0,0.0,0.0,0.0,10
1685,27762,1,SPATIAL_ISLANDS,1,15,2000,greedy,0,4,1,1,2000,past-avg,0.0,0.0,0.0,0.0,0.0,0.0,0.0,0.0,10
1685,27762,1,SPATIAL_ISLANDS,1,15,2000,greedy,0,4,1,1,2000,past-avg-revisit,0.0,0.0,0.0,0.0,0.0,0.0,0.0,0.0,10
1685,27762,1,SPATIAL_ISLANDS,1,15,2000,greedy,0,4,1,1,2000,past-avg-total,0.0,0.0,0.0,0.0,0.0,0.0,0.0,0.0,10
1685,27762,1,SPATIAL_ISLANDS,1,15,2000,greedy,0,4,1,1,2000,random,0.0,0.0,0.0,0.0,0.0,0.0,0.0,0.0,10
1685,27762,1,SPATIAL_ISLANDS,1,15,2000,greedy,1,4,0,1,2000,none,0.0,0.0,0.0,0.0,0.0,0.0,0.0,0.0,10
1685,27762,1,SPATIAL_ISLANDS,1,15,2000,greedy,1,4,0,1,2000,past-avg,0.0,0.0,0.0,0.0,0.0,0.0,0.0,0.0,10
1685,27762,1,SPATIAL_ISLANDS,1,15,2000,greedy,1,4,0,1,2000,past-avg-revisit,0.0,0.0,0.0,0.0,0.0,0.0,0.0,0.0,10
1685,27762,1,SPATIAL_ISLANDS,1,15,2000,greedy,1,4,0,1,2000,past-avg-total,0.0,0.0,0.0,0.0,0.0,0.0,0.0,0.0,10
1685,27762,1,SPATIAL_ISLANDS,1,15,2000,greedy,1,4,0,1,2000,random,0.0,0.0,0.0,0.0,0.0,0.0,0.0,0.0,10
1685,27762,1,SPATIAL_ISLANDS,1,15,2000,greedy,1,4,1,1,2000,none,0.0,0.0,0.0,0.0,0.0,0.0,0.0,0.0,10
1685,27762,1,SPATIAL_ISLANDS,1,15,2000,greedy,1,4,1,1,2000,past-avg,0.0,0.0,0.0,0.0,0.0,0.0,0.0,0.0,10
1685,27762,1,SPATIAL_ISLANDS,1,15,2000,greedy,1,4,1,1,2000,past-avg-revisit,0.0,0.0,0.0,0.0,0.0,0.0,0.0,0.0,10
1685,27762,1,SPATIAL_ISLANDS,1,15,2000,greedy,1,4,1,1,2000,past-avg-total,0.0,0.0,0.0,0.0,0.0,0.0,0.0,0.0,10
1685,27762,1,SPATIAL_ISLANDS,1,15,2000,greedy,1,4,1,1,2000,random,0.0,0.0,0.0,0.0,0.0,0.0,0.0,0.0,10
1685,27762,1,SPATIAL_ISLANDS,1,15,2000,nearest,0,4,0,1,2000,none,0.0,0.0,0.0,0.0,0.0,0.0,0.0,0.0,10
1685,27762,1,SPATIAL_ISLANDS,1,15,2000,nearest,0,4,0,1,2000,past-avg,0.0,0.0,0.0,0.0,0.0,0.0,0.0,0.0,10
1685,27762,1,SPATIAL_ISLANDS,1,15,2000,nearest,0,4,0,1,2000,past-avg-revisit,0.0,0.0,0.0,0.0,0.0,0.0,0.0,0.0,10
1685,27762,1,SPATIAL_ISLANDS,1,15,2000,nearest,0,4,0,1,2000,past-avg-total,0.0,0.0,0.0,0.0,0.0,0.0,0.0,0.0,10
1685,27762,1,SPATIAL_ISLANDS,1,15,2000,nearest,0,4,0,1,2000,random,0.0,0.0,0.0,0.0,0.0,0.0,0.0,0.0,10
1685,27762,1,SPATIAL_ISLANDS,1,15,2000,nearest,0,4,1,1,2000,none,0.0,0.0,0.0,0.0,0.0,0.0,0.0,0.0,10
1685,27762,1,SPATIAL_ISLANDS,1,15,2000,nearest,0,4,1,1,2000,past-avg,0.0,0.0,0.0,0.0,0.0,0.0,0.0,0.0,10
1685,27762,1,SPATIAL_ISLANDS,1,15,2000,nearest,0,4,1,1,2000,past-avg-revisit,0.0,0.0,0.0,0.0,0.0,0.0,0.0,0.0,10
1685,27762,1,SPATIAL_ISLANDS,1,15,2000,nearest,0,4,1,1,2000,past-avg-total,0.0,0.0,0.0,0.0,0.0,0.0,0.0,0.0,10
1685,27762,1,SPATIAL_ISLANDS,1,15,2000,nearest,0,4,1,1,2000,random,0.0,0.0,0.0,0.0,0.0,0.0,0.0,0.0,10
1685,27762,1,SPATIAL_ISLANDS,1,15,2000,nearest,1,4,0,1,2000,none,0.0,0.0,0.0,0.0,0.0,0.0,0.0,0.0,10
1685,27762,1,SPATIAL_ISLANDS,1,15,2000,nearest,1,4,0,1,2000,past-avg,0.0,0.0,0.0,0.0,0.0,0.0,0.0,0.0,10
1685,27762,1,SPATIAL_ISLANDS,1,15,2000,nearest,1,4,0,1,2000,past-avg-revisit,0.0,0.0,0.0,0.0,0.0,0.0,0.0,0.0,10
1685,27762,1,SPATIAL_ISLANDS,1,15,2000,nearest,1,4,0,1,2000,past-avg-total,0.0,0.0,0.0,0.0,0.0,0.0,0.0,0.0,10
1685,27762,1,SPATIAL_ISLANDS,1,15,2000,nearest,1,4,0,1,2000,random,0.0,0.0,0.0,0.0,0.0,0.0,0.0,0.0,10
1685,27762,1,SPATIAL_ISLANDS,1,15,2000,nearest,1,4,1,1,2000,none,0.0,0.0,0.0,0.0,0.0,0.0,0.0,0.0,10
1685,27762,1,SPATIAL_ISLANDS,1,15,2000,nearest,1,4,1,1,2000,past-avg,0.0,0.0,0.0,0.0,0.0,0.0,0.0,0.0,10
1685,27762,1,SPATIAL_ISLANDS,1,15,2000,nearest,1,4,1,1,2000,past-avg-revisit,0.0,0.0,0.0,0.0,0.0,0.0,0.0,0.0,10
1685,27762,1,SPATIAL_ISLANDS,1,15,2000,nearest,1,4,1,1,2000,past-avg-total,0.0,0.0,0.0,0.0,0.0,0.0,0.0,0.0,10
1685,27762,1,SPATIAL_ISLANDS,1,15,2000,nearest,1,4,1,1,2000,random,0.0,0.0,0.0,0.0,0.0,0.0,0.0,0.0,10
1685,27762,1,SPATIAL_ISLANDS,1,15,3000,greedy,0,4,0,1,2000,none,0.0,0.0,0.0,0.0,0.0,0.0,0.0,0.0,10
1685,27762,1,SPATIAL_ISLANDS,1,15,3000,greedy,0,4,0,1,2000,past-avg,0.0,0.0,0.0,0.0,0.0,0.0,0.0,0.0,10
1685,27762,1,SPATIAL_ISLANDS,1,15,3000,greedy,0,4,0,1,2000,past-avg-revisit,0.0,0.0,0.0,0.0,0.0,0.0,0.0,0.0,10
1685,27762,1,SPATIAL_ISLANDS,1,15,3000,greedy,0,4,0,1,2000,past-avg-total,0.0,0.0,0.0,0.0,0.0,0.0,0.0,0.0,10
1685,27762,1,SPATIAL_ISLANDS,1,15,3000,greedy,0,4,0,1,2000,random,0.0,0.0,0.0,0.0,0.0,0.0,0.0,0.0,10
1685,27762,1,SPATIAL_ISLANDS,1,15,3000,greedy,0,4,1,1,2000,none,0.0,0.0,0.0,0.0,0.0,0.0,0.0,0.0,10
1685,27762,1,SPATIAL_ISLANDS,1,15,3000,greedy,0,4,1,1,2000,past-avg,0.0,0.0,0.0,0.0,0.0,0.0,0.0,0.0,10
1685,27762,1,SPATIAL_ISLANDS,1,15,3000,greedy,0,4,1,1,2000,past-avg-revisit,0.0,0.0,0.0,0.0,0.0,0.0,0.0,0.0,10
1685,27762,1,SPATIAL_ISLANDS,1,15,3000,greedy,0,4,1,1,2000,past-avg-total,0.0,0.0,0.0,0.0,0.0,0.0,0.0,0.0,10
1685,27762,1,SPATIAL_ISLANDS,1,15,3000,greedy,0,4,1,1,2000,random,0.0,0.0,0.0,0.0,0.0,0.0,0.0,0.0,10
1685,27762,1,SPATIAL_ISLANDS,1,15,3000,greedy,1,4,0,1,2000,none,0.0,0.0,0.0,0.0,0.0,0.0,0.0,0.0,10
1685,27762,1,SPATIAL_ISLANDS,1,15,3000,greedy,1,4,0,1,2000,past-avg,0.0,0.0,0.0,0.0,0.0,0.0,0.0,0.0,10
1685,27762,1,SPATIAL_ISLANDS,1,15,3000,greedy,1,4,0,1,2000,past-avg-revisit,0.0,0.0,0.0,0.0,0.0,0.0,0.0,0.0,10
1685,27762,1,SPATIAL_ISLANDS,1,15,3000,greedy,1,4,0,1,2000,past-avg-total,0.0,0.0,0.0,0.0,0.0,0.0,0.0,0.0,10
1685,27762,1,SPATIAL_ISLANDS,1,15,3000,greedy,1,4,0,1,2000,random,0.0,0.0,0.0,0.0,0.0,0.0,0.0,0.0,10
1685,27762,1,SPATIAL_ISLANDS,1,15,3000,greedy,1,4,1,1,2000,none,0.0,0.0,0.0,0.0,0.0,0.0,0.0,0.0,10
1685,27762,1,SPATIAL_ISLANDS,1,15,3000,greedy,1,4,1,1,2000,past-avg,0.0,0.0,0.0,0.0,0.0,0.0,0.0,0.0,10
1685,27762,1,SPATIAL_ISLANDS,1,15,3000,greedy,1,4,1,1,2000,past-avg-revisit,0.0,0.0,0.0,0.0,0.0,0.0,0.0,0.0,10
1685,27762,1,SPATIAL_ISLANDS,1,15,3000,greedy,1,4,1,1,2000,past-avg-total,0.0,0.0,0.0,0.0,0.0,0.0,0.0,0.0,10
1685,27762,1,SPATIAL_ISLANDS,1,15,3000,greedy,1,4,1,1,2000,random,0.0,0.0,0.0,0.0,0.0,0.0,0.0,0.0,10
1685,27762,1,SPATIAL_ISLANDS,1,15,3000,nearest,0,4,0,1,2000,none,0.0,0.0,0.0,0.0,0.0,0.0,0.0,0.0,10
1685,27762,1,SPATIAL_ISLANDS,1,15,3000,nearest,0,4,0,1,2000,past-avg,0.0,0.0,0.0,0.0,0.0,0.0,0.0,0.0,10
1685,27762,1,SPATIAL_ISLANDS,1,15,3000,nearest,0,4,0,1,2000,past-avg-revisit,0.0,0.0,0.0,0.0,0.0,0.0,0.0,0.0,10
1685,27762,1,SPATIAL_ISLANDS,1,15,3000,nearest,0,4,0,1,2000,past-avg-total,0.0,0.0,0.0,0.0,0.0,0.0,0.0,0.0,10
1685,27762,1,SPATIAL_ISLANDS,1,15,3000,nearest,0,4,0,1,2000,random,0.0,0.0,0.0,0.0,0.0,0.0,0.0,0.0,10
1685,27762,1,SPATIAL_ISLANDS,1,15,3000,nearest,0,4,1,1,2000,none,0.0,0.0,0.0,0.0,0.0,0.0,0.0,0.0,10
1685,27762,1,SPATIAL_ISLANDS,1,15,3000,nearest,0,4,1,1,2000,past-avg,0.0,0.0,0.0,0.0,0.0,0.0,0.0,0.0,10
1685,27762,1,SPATIAL_ISLANDS,1,15,3000,nearest,0,4,1,1,2000,past-avg-revisit,0.0,0.0,0.0,0.0,0.0,0.0,0.0,0.0,10
1685,27762,1,SPATIAL_ISLANDS,1,15,3000,nearest,0,4,1,1,2000,past-avg-total,0.0,0.0,0.0,0.0,0.0,0.0,0.0,0.0,10
1685,27762,1,SPATIAL_ISLANDS,1,15,3000,nearest,0,4,1,1,2000,random,0.0,0.0,0.0,0.0,0.0,0.0,0.0,0.0,10
1685,27762,1,SPATIAL_ISLANDS,1,15,3000,nearest,1,4,0,1,2000,none,0.0,0.0,0.0,0.0,0.0,0.0,0.0,0.0,10
1685,27762,1,SPATIAL_ISLANDS,1,15,3000,nearest,1,4,0,1,2000,past-avg,0.0,0.0,0.0,0.0,0.0,0.0,0.0,0.0,10
1685,27762,1,SPATIAL_ISLANDS,1,15,3000,nearest,1,4,0,1,2000,past-avg-revisit,0.0,0.0,0.0,0.0,0.0,0.0,0.0,0.0,10
1685,27762,1,SPATIAL_ISLANDS,1,15,3000,nearest,1,4,0,1,2000,past-avg-total,0.0,0.0,0.0,0.0,0.0,0.0,0.0,0.0,10
1685,27762,1,SPATIAL_ISLANDS,1,15,3000,nearest,1,4,0,1,2000,random,0.0,0.0,0.0,0.0,0.0,0.0,0.0,0.0,10
1685,27762,1,SPATIAL_ISLANDS,1,15,3000,nearest,1,4,1,1,2000,none,0.0,0.0,0.0,0.0,0.0,0.0,0.0,0.0,10
1685,27762,1,SPATIAL_ISLANDS,1,15,3000,nearest,1,4,1,1,2000,past-avg,0.0,0.0,0.0,0.0,0.0,0.0,0.0,0.0,10
1685,27762,1,SPATIAL_ISLANDS,1,15,3000,nearest,1,4,1,1,2000,past-avg-revisit,0.0,0.0,0.0,0.0,0.0,0.0,0.0,0.0,10
1685,27762,1,SPATIAL_ISLANDS,1,15,3000,nearest,1,4,1,1,2000,past-avg-total,0.0,0.0,0.0,0.0,0.0,0.0,0.0,0.0,10
1685,27762,1,SPATIAL_ISLANDS,1,15,3000,nearest,1,4,1,1,2000,random,0.0,0.0,0.0,0.0,0.0,0.0,0.0,0.0,10
1685,27762,1,SPATIAL_ISLANDS,2,15,1000,greedy,0,4,0,1,2000,none,0.0,0.0,0.0,0.0,0.0,0.0,0.0,0.0,10
1685,27762,1,SPATIAL_ISLANDS,2,15,1000,greedy,0,4,0,1,2000,past-avg,0.0,0.0,0.0,0.0,0.0,0.0,0.0,0.0,10
1685,27762,1,SPATIAL_ISLANDS,2,15,1000,greedy,0,4,0,1,2000,past-avg-revisit,0.0,0.0,0.0,0.0,0.0,0.0,0.0,0.0,10
1685,27762,1,SPATIAL_ISLANDS,2,15,1000,greedy,0,4,0,1,2000,past-avg-total,0.0,0.0,0.0,0.0,0.0,0.0,0.0,0.0,10
1685,27762,1,SPATIAL_ISLANDS,2,15,1000,greedy,0,4,0,1,2000,random,0.0,0.0,0.0,0.0,0.0,0.0,0.0,0.0,10
1685,27762,1,SPATIAL_ISLANDS,2,15,1000,greedy,0,4,1,1,2000,none,0.0,0.0,0.0,0.0,0.0,0.0,0.0,0.0,10
1685,27762,1,SPATIAL_ISLANDS,2,15,1000,greedy,0,4,1,1,2000,past-avg,0.0,0.0,0.0,0.0,0.0,0.0,0.0,0.0,10
1685,27762,1,SPATIAL_ISLANDS,2,15,1000,greedy,0,4,1,1,2000,past-avg-revisit,0.0,0.0,0.0,0.0,0.0,0.0,0.0,0.0,10
1685,27762,1,SPATIAL_ISLANDS,2,15,1000,greedy,0,4,1,1,2000,past-avg-total,0.0,0.0,0.0,0.0,0.0,0.0,0.0,0.0,10
1685,27762,1,SPATIAL_ISLANDS,2,15,1000,greedy,0,4,1,1,2000,random,0.0,0.0,0.0,0.0,0.0,0.0,0.0,0.0,10
1685,27762,1,SPATIAL_ISLANDS,2,15,1000,greedy,1,4,0,1,2000,none,0.0,0.0,0.0,0.0,0.0,0.0,0.0,0.0,10
1685,27762,1,SPATIAL_ISLANDS,2,15,1000,greedy,1,4,0,1,2000,past-avg,0.0,0.0,0.0,0.0,0.0,0.0,0.0,0.0,10
1685,27762,1,SPATIAL_ISLANDS,2,15,1000,greedy,1,4,0,1,2000,past-avg-revisit,0.0,0.0,0.0,0.0,0.0,0.0,0.0,0.0,10
1685,27762,1,SPATIAL_ISLANDS,2,15,1000,greedy,1,4,0,1,2000,past-avg-total,0.0,0.0,0.0,0.0,0.0,0.0,0.0,0.0,10
1685,27762,1,SPATIAL_ISLANDS,2,15,1000,greedy,1,4,0,1,2000,random,0.0,0.0,0.0,0.0,0.0,0.0,0.0,0.0,10
1685,27762,1,SPATIAL_ISLANDS,2,15,1000,greedy,1,4,1,1,2000,none,0.0,0.0,0.0,0.0,0.0,0.0,0.0,0.0,10
1685,27762,1,SPATIAL_ISLANDS,2,15,1000,greedy,1,4,1,1,2000,past-avg,0.0,0.0,0.0,0.0,0.0,0.0,0.0,0.0,10
1685,27762,1,SPATIAL_ISLANDS,2,15,1000,greedy,1,4,1,1,2000,past-avg-revisit,0.0,0.0,0.0,0.0,0.0,0.0,0.0,0.0,10
1685,27762,1,SPATIAL_ISLANDS,2,15,1000,greedy,1,4,1,1,2000,past-avg-total,0.0,0.0,0.0,0.0,0.0,0.0,0.0,0.0,10
1685,27762,1,SPATIAL_ISLANDS,2,15,1000,greedy,1,4,1,1,2000,random,0.0,0.0,0.0,0.0,0.0,0.0,0.0,0.0,10
1685,27762,1,SPATIAL_ISLANDS,2,15,1000,nearest,0,4,0,1,2000,none,0.0,0.0,0.0,0.0,0.0,0.0,0.0,0.0,10
1685,27762,1,SPATIAL_ISLANDS,2,15,1000,nearest,0,4,0,1,2000,past-avg,0.0,0.0,0.0,0.0,0.0,0.0,0.0,0.0,10
1685,27762,1,SPATIAL_ISLANDS,2,15,1000,nearest,0,4,0,1,2000,past-avg-revisit,0.0,0.0,0.0,0.0,0.0,0.0,0.0,0.0,10
1685,27762,1,SPATIAL_ISLANDS,2,15,1000,nearest,0,4,0,1,2000,past-avg-total,0.0,0.0,0.0,0.0,0.0,0.0,0.0,0.0,10
1685,27762,1,SPATIAL_ISLANDS,2,15,1000,nearest,0,4,0,1,2000,random,0.0,0.0,0.0,0.0,0.0,0.0,0.0,0.0,10
1685,27762,1,SPATIAL_ISLANDS,2,15,1000,nearest,0,4,1,1,2000,none,0.0,0.0,0.0,0.0,0.0,0.0,0.0,0.0,10
1685,27762,1,SPATIAL_ISLANDS,2,15,1000,nearest,0,4,1,1,2000,past-avg,0.0,0.0,0.0,0.0,0.0,0.0,0.0,0.0,10
1685,27762,1,SPATIAL_ISLANDS,2,15,1000,nearest,0,4,1,1,2000,past-avg-revisit,0.0,0.0,0.0,0.0,0.0,0.0,0.0,0.0,10
1685,27762,1,SPATIAL_ISLANDS,2,15,1000,nearest,0,4,1,1,2000,past-avg-total,0.0,0.0,0.0,0.0,0.0,0.0,0.0,0.0,10
1685,27762,1,SPATIAL_ISLANDS,2,15,1000,nearest,0,4,1,1,2000,random,0.0,0.0,0.0,0.0,0.0,0.0,0.0,0.0,10
1685,27762,1,SPATIAL_ISLANDS,2,15,1000,nearest,1,4,0,1,2000,none,0.0,0.0,0.0,0.0,0.0,0.0,0.0,0.0,10
1685,27762,1,SPATIAL_ISLANDS,2,15,1000,nearest,1,4,0,1,2000,past-avg,0.0,0.0,0.0,0.0,0.0,0.0,0.0,0.0,10
1685,27762,1,SPATIAL_ISLANDS,2,15,1000,nearest,1,4,0,1,2000,past-avg-revisit,0.0,0.0,0.0,0.0,0.0,0.0,0.0,0.0,10
1685,27762,1,SPATIAL_ISLANDS,2,15,1000,nearest,1,4,0,1,2000,past-avg-total,0.0,0.0,0.0,0.0,0.0,0.0,0.0,0.0,10
1685,27762,1,SPATIAL_ISLANDS,2,15,1000,nearest,1,4,0,1,2000,random,0.0,0.0,0.0,0.0,0.0,0.0,0.0,0.0,10
1685,27762,1,SPATIAL_ISLANDS,2,15,1000,nearest,1,4,1,1,2000,none,0.0,0.0,0.0,0.0,0.0,0.0,0.0,0.0,10
1685,27762,1,SPATIAL_ISLANDS,2,15,1000,nearest,1,4,1,1,2000,past-avg,0.0,0.0,0.0,0.0,0.0,0.0,0.0,0.0,10
1685,27762,1,SPATIAL_ISLANDS,2,15,1000,nearest,1,4,1,1,2000,past-avg-revisit,0.0,0.0,0.0,0.0,0.0,0.0,0.0,0.0,10
1685,27762,1,SPATIAL_ISLANDS,2,15,1000,nearest,1,4,1,1,2000,past-avg-total,0.0,0.0,0.0,0.0,0.0,0.0,0.0,0.0,10
1685,27762,1,SPATIAL_ISLANDS,2,15,1000,nearest,1,4,1,1,2000,random,0.0,0.0,0.0,0.0,0.0,0.0,0.0,0.0,10
1685,27762,1,SPATIAL_ISLANDS,2,15,2000,greedy,0,4,0,1,2000,none,0.0,0.0,0.0,0.0,0.0,0.0,0.0,0.0,10
1685,27762,1,SPATIAL_ISLANDS,2,15,2000,greedy,0,4,0,1,2000,past-avg,0.0,0.0,0.0,0.0,0.0,0.0,0.0,0.0,10
1685,27762,1,SPATIAL_ISLANDS,2,15,2000,greedy,0,4,0,1,2000,past-avg-revisit,0.0,0.0,0.0,0.0,0.0,0.0,0.0,0.0,10
1685,27762,1,SPATIAL_ISLANDS,2,15,2000,greedy,0,4,0,1,2000,past-avg-total,0.0,0.0,0.0,0.0,0.0,0.0,0.0,0.0,10
1685,27762,1,SPATIAL_ISLANDS,2,15,2000,greedy,0,4,0,1,2000,random,0.0,0.0,0.0,0.0,0.0,0.0,0.0,0.0,10
1685,27762,1,SPATIAL_ISLANDS,2,15,2000,greedy,0,4,1,1,2000,none,0.0,0.0,0.0,0.0,0.0,0.0,0.0,0.0,10
1685,27762,1,SPATIAL_ISLANDS,2,15,2000,greedy,0,4,1,1,2000,past-avg,0.0,0.0,0.0,0.0,0.0,0.0,0.0,0.0,10
1685,27762,1,SPATIAL_ISLANDS,2,15,2000,greedy,0,4,1,1,2000,past-avg-revisit,0.0,0.0,0.0,0.0,0.0,0.0,0.0,0.0,10
1685,27762,1,SPATIAL_ISLANDS,2,15,2000,greedy,0,4,1,1,2000,past-avg-total,0.0,0.0,0.0,0.0,0.0,0.0,0.0,0.0,10
1685,27762,1,SPATIAL_ISLANDS,2,15,2000,greedy,0,4,1,1,2000,random,0.0,0.0,0.0,0.0,0.0,0.0,0.0,0.0,10
1685,27762,1,SPATIAL_ISLANDS,2,15,2000,greedy,1,4,0,1,2000,none,0.0,0.0,0.0,0.0,0.0,0.0,0.0,0.0,10
1685,27762,1,SPATIAL_ISLANDS,2,15,2000,greedy,1,4,0,1,2000,past-avg,0.0,0.0,0.0,0.0,0.0,0.0,0.0,0.0,10
1685,27762,1,SPATIAL_ISLANDS,2,15,2000,greedy,1,4,0,1,2000,past-avg-revisit,0.0,0.0,0.0,0.0,0.0,0.0,0.0,0.0,10
1685,27762,1,SPATIAL_ISLANDS,2,15,2000,greedy,1,4,0,1,2000,past-avg-total,0.0,0.0,0.0,0.0,0.0,0.0,0.0,0.0,10
1685,27762,1,SPATIAL_ISLANDS,2,15,2000,greedy,1,4,0,1,2000,random,0.0,0.0,0.0,0.0,0.0,0.0,0.0,0.0,10
1685,27762,1,SPATIAL_ISLANDS,2,15,2000,greedy,1,4,1,1,2000,none,0.0,0.0,0.0,0.0,0.0,0.0,0.0,0.0,10
1685,27762,1,SPATIAL_ISLANDS,2,15,2000,greedy,1,4,1,1,2000,past-avg,0.0,0.0,0.0,0.0,0.0,0.0,0.0,0.0,10
1685,27762,1,SPATIAL_ISLANDS,2,15,2000,greedy,1,4,1,1,2000,past-avg-revisit,0.0,0.0,0.0,0.0,0.0,0.0,0.0,0.0,10
1685,27762,1,SPATIAL_ISLANDS,2,15,2000,greedy,1,4,1,1,2000,past-avg-total,0.0,0.0,0.0,0.0,0.0,0.0,0.0,0.0,10
1685,27762,1,SPATIAL_ISLANDS,2,15,2000,greedy,1,4,1,1,2000,random,0.0,0.0,0.0,0.0,0.0,0.0,0.0,0.0,10
1685,27762,1,SPATIAL_ISLANDS,2,15,2000,nearest,0,4,0,1,2000,none,0.0,0.0,0.0,0.0,0.0,0.0,0.0,0.0,10
1685,27762,1,SPATIAL_ISLANDS,2,15,2000,nearest,0,4,0,1,2000,past-avg,0.0,0.0,0.0,0.0,0.0,0.0,0.0,0.0,10
1685,27762,1,SPATIAL_ISLANDS,2,15,2000,nearest,0,4,0,1,2000,past-avg-revisit,0.0,0.0,0.0,0.0,0.0,0.0,0.0,0.0,10
1685,27762,1,SPATIAL_ISLANDS,2,15,2000,nearest,0,4,0,1,2000,past-avg-total,0.0,0.0,0.0,0.0,0.0,0.0,0.0,0.0,10
1685,27762,1,SPATIAL_ISLANDS,2,15,2000,nearest,0,4,0,1,2000,random,0.0,0.0,0.0,0.0,0.0,0.0,0.0,0.0,10
1685,27762,1,SPATIAL_ISLANDS,2,15,2000,nearest,0,4,1,1,2000,none,0.0,0.0,0.0,0.0,0.0,0.0,0.0,0.0,10
1685,27762,1,SPATIAL_ISLANDS,2,15,2000,nearest,0,4,1,1,2000,past-avg,0.0,0.0,0.0,0.0,0.0,0.0,0.0,0.0,10
1685,27762,1,SPATIAL_ISLANDS,2,15,2000,nearest,0,4,1,1,2000,past-avg-revisit,0.0,0.0,0.0,0.0,0.0,0.0,0.0,0.0,10
1685,27762,1,SPATIAL_ISLANDS,2,15,2000,nearest,0,4,1,1,2000,past-avg-total,0.0,0.0,0.0,0.0,0.0,0.0,0.0,0.0,10
1685,27762,1,SPATIAL_ISLANDS,2,15,2000,nearest,0,4,1,1,2000,random,0.0,0.0,0.0,0.0,0.0,0.0,0.0,0.0,10
1685,27762,1,SPATIAL_ISLANDS,2,15,2000,nearest,1,4,0,1,2000,none,0.0,0.0,0.0,0.0,0.0,0.0,0.0,0.0,10
1685,27762,1,SPATIAL_ISLANDS,2,15,2000,nearest,1,4,0,1,2000,past-avg,0.0,0.0,0.0,0.0,0.0,0.0,0.0,0.0,10
1685,27762,1,SPATIAL_ISLANDS,2,15,2000,nearest,1,4,0,1,2000,past-avg-revisit,0.0,0.0,0.0,0.0,0.0,0.0,0.0,0.0,10
1685,27762,1,SPATIAL_ISLANDS,2,15,2000,nearest,1,4,0,1,2000,past-avg-total,0.0,0.0,0.0,0.0,0.0,0.0,0.0,0.0,10
1685,27762,1,SPATIAL_ISLANDS,2,15,2000,nearest,1,4,0,1,2000,random,0.0,0.0,0.0,0.0,0.0,0.0,0.0,0.0,10
1685,27762,1,SPATIAL_ISLANDS,2,15,2000,nearest,1,4,1,1,2000,none,0.0,0.0,0.0,0.0,0.0,0.0,0.0,0.0,10
1685,27762,1,SPATIAL_ISLANDS,2,15,2000,nearest,1,4,1,1,2000,past-avg,0.0,0.0,0.0,0.0,0.0,0.0,0.0,0.0,10
1685,27762,1,SPATIAL_ISLANDS,2,15,2000,nearest,1,4,1,1,2000,past-avg-revisit,0.0,0.0,0.0,0.0,0.0,0.0,0.0,0.0,10
1685,27762,1,SPATIAL_ISLANDS,2,15,2000,nearest,1,4,1,1,2000,past-avg-total,0.0,0.0,0.0,0.0,0.0,0.0,0.0,0.0,10
1685,27762,1,SPATIAL_ISLANDS,2,15,2000,nearest,1,4,1,1,2000,random,0.0,0.0,0.0,0.0,0.0,0.0,0.0,0.0,10
1685,27762,1,SPATIAL_ISLANDS,2,15,3000,greedy,0,4,0,1,2000,none,0.0,0.0,0.0,0.0,0.0,0.0,0.0,0.0,10
1685,27762,1,SPATIAL_ISLANDS,2,15,3000,greedy,0,4,0,1,2000,past-avg,0.0,0.0,0.0,0.0,0.0,0.0,0.0,0.0,10
1685,27762,1,SPATIAL_ISLANDS,2,15,3000,greedy,0,4,0,1,2000,past-avg-revisit,0.0,0.0,0.0,0.0,0.0,0.0,0.0,0.0,10
1685,27762,1,SPATIAL_ISLANDS,2,15,3000,greedy,0,4,0,1,2000,past-avg-total,0.0,0.0,0.0,0.0,0.0,0.0,0.0,0.0,10
1685,27762,1,SPATIAL_ISLANDS,2,15,3000,greedy,0,4,0,1,2000,random,0.0,0.0,0.0,0.0,0.0,0.0,0.0,0.0,10
1685,27762,1,SPATIAL_ISLANDS,2,15,3000,greedy,0,4,1,1,2000,none,0.0,0.0,0.0,0.0,0.0,0.0,0.0,0.0,10
1685,27762,1,SPATIAL_ISLANDS,2,15,3000,greedy,0,4,1,1,2000,past-avg,0.0,0.0,0.0,0.0,0.0,0.0,0.0,0.0,10
1685,27762,1,SPATIAL_ISLANDS,2,15,3000,greedy,0,4,1,1,2000,past-avg-revisit,0.0,0.0,0.0,0.0,0.0,0.0,0.0,0.0,10
1685,27762,1,SPATIAL_ISLANDS,2,15,3000,greedy,0,4,1,1,2000,past-avg-total,0.0,0.0,0.0,0.0,0.8,0.8,1.0,1.0,10
1685,27762,1,SPATIAL_ISLANDS,2,15,3000,greedy,0,4,1,1,2000,random,0.0,0.0,0.0,0.0,0.0,0.0,0.0,0.0,10
1685,27762,1,SPATIAL_ISLANDS,2,15,3000,greedy,1,4,0,1,2000,none,0.0,0.0,0.0,0.0,0.0,0.0,0.0,0.0,10
1685,27762,1,SPATIAL_ISLANDS,2,15,3000,greedy,1,4,0,1,2000,past-avg,0.0,0.0,0.0,0.0,0.0,0.0,0.0,0.0,10
1685,27762,1,SPATIAL_ISLANDS,2,15,3000,greedy,1,4,0,1,2000,past-avg-revisit,0.0,0.0,0.0,0.0,0.0,0.0,0.0,0.0,10
1685,27762,1,SPATIAL_ISLANDS,2,15,3000,greedy,1,4,0,1,2000,past-avg-total,0.0,0.0,0.0,0.0,0.0,0.0,0.0,0.0,10
1685,27762,1,SPATIAL_ISLANDS,2,15,3000,greedy,1,4,0,1,2000,random,0.0,0.0,0.0,0.0,0.0,0.0,0.0,0.0,10
1685,27762,1,SPATIAL_ISLANDS,2,15,3000,greedy,1,4,1,1,2000,none,0.0,0.0,0.0,0.0,0.0,0.0,0.0,0.0,10
1685,27762,1,SPATIAL_ISLANDS,2,15,3000,greedy,1,4,1,1,2000,past-avg,0.0,0.0,0.0,0.0,0.0,0.0,0.0,0.0,10
1685,27762,1,SPATIAL_ISLANDS,2,15,3000,greedy,1,4,1,1,2000,past-avg-revisit,0.0,0.0,0.0,0.0,0.0,0.0,0.0,0.0,10
1685,27762,1,SPATIAL_ISLANDS,2,15,3000,greedy,1,4,1,1,2000,past-avg-total,0.0,0.0,0.0,0.0,0.8,0.8,1.0,1.0,10
1685,27762,1,SPATIAL_ISLANDS,2,15,3000,greedy,1,4,1,1,2000,random,0.0,0.0,0.0,0.0,0.0,0.0,0.0,0.0,10
1685,27762,1,SPATIAL_ISLANDS,2,15,3000,nearest,0,4,0,1,2000,none,0.0,0.0,0.0,0.0,0.0,0.0,0.0,0.0,10
1685,27762,1,SPATIAL_ISLANDS,2,15,3000,nearest,0,4,0,1,2000,past-avg,0.0,0.0,0.0,0.0,0.0,0.0,0.0,0.0,10
1685,27762,1,SPATIAL_ISLANDS,2,15,3000,nearest,0,4,0,1,2000,past-avg-revisit,0.0,0.0,0.0,0.0,0.0,0.0,0.0,0.0,10
1685,27762,1,SPATIAL_ISLANDS,2,15,3000,nearest,0,4,0,1,2000,past-avg-total,0.0,0.0,0.0,0.0,0.0,0.0,0.0,0.0,10
1685,27762,1,SPATIAL_ISLANDS,2,15,3000,nearest,0,4,0,1,2000,random,0.0,0.0,0.0,0.0,0.0,0.0,0.0,0.0,10
1685,27762,1,SPATIAL_ISLANDS,2,15,3000,nearest,0,4,1,1,2000,none,0.0,0.0,0.0,0.0,0.0,0.0,0.0,0.0,10
1685,27762,1,SPATIAL_ISLANDS,2,15,3000,nearest,0,4,1,1,2000,past-avg,0.0,0.0,0.0,0.0,0.0,0.0,0.0,0.0,10
1685,27762,1,SPATIAL_ISLANDS,2,15,3000,nearest,0,4,1,1,2000,past-avg-revisit,0.0,0.0,0.0,0.0,0.0,0.0,0.0,0.0,10
1685,27762,1,SPATIAL_ISLANDS,2,15,3000,nearest,0,4,1,1,2000,past-avg-total,0.0,0.0,0.0,0.0,0.8,0.8,1.0,1.0,10
1685,27762,1,SPATIAL_ISLANDS,2,15,3000,nearest,0,4,1,1,2000,random,0.0,0.0,0.0,0.0,0.0,0.0,0.0,0.0,10
1685,27762,1,SPATIAL_ISLANDS,2,15,3000,nearest,1,4,0,1,2000,none,0.0,0.0,0.0,0.0,0.0,0.0,0.0,0.0,10
1685,27762,1,SPATIAL_ISLANDS,2,15,3000,nearest,1,4,0,1,2000,past-avg,0.0,0.0,0.0,0.0,0.0,0.0,0.0,0.0,10
1685,27762,1,SPATIAL_ISLANDS,2,15,3000,nearest,1,4,0,1,2000,past-avg-revisit,0.0,0.0,0.0,0.0,0.0,0.0,0.0,0.0,10
1685,27762,1,SPATIAL_ISLANDS,2,15,3000,nearest,1,4,0,1,2000,past-avg-total,0.0,0.0,0.0,0.0,0.0,0.0,0.0,0.0,10
1685,27762,1,SPATIAL_ISLANDS,2,15,3000,nearest,1,4,0,1,2000,random,0.0,0.0,0.0,0.0,0.0,0.0,0.0,0.0,10
1685,27762,1,SPATIAL_ISLANDS,2,15,3000,nearest,1,4,1,1,2000,none,0.0,0.0,0.0,0.0,0.0,0.0,0.0,0.0,10
1685,27762,1,SPATIAL_ISLANDS,2,15,3000,nearest,1,4,1,1,2000,past-avg,0.0,0.0,0.0,0.0,0.0,0.0,0.0,0.0,10
1685,27762,1,SPATIAL_ISLANDS,2,15,3000,nearest,1,4,1,1,2000,past-avg-revisit,0.0,0.0,0.0,0.0,0.0,0.0,0.0,0.0,10
1685,27762,1,SPATIAL_ISLANDS,2,15,3000,nearest,1,4,1,1,2000,past-avg-total,0.0,0.0,0.0,0.0,0.8,0.8,1.0,1.0,10
1685,27762,1,SPATIAL_ISLANDS,2,15,3000,nearest,1,4,1,1,2000,random,0.0,0.0,0.0,0.0,0.0,0.0,0.0,0.0,10
