metric,taxiCount,clientCount,spawnScenario,factor,level,count,mean,std,min,max,note
Calculation Time [millis],39,638,BASELINE,kHops,0,1200,0.007367499999999999,0.006246328863438532,0.003,0.035,descriptive marginal screen; crossed factors and repeated seeds not modeled
Calculation Time [millis],39,638,BASELINE,kHops,1,1200,0.007311666666666668,0.005974189457319613,0.003,0.028,descriptive marginal screen; crossed factors and repeated seeds not modeled
Calculation Time [millis],39,638,BASELINE,kHops,2,1200,0.0076475,0.00612177592972645,0.003,0.025,descriptive marginal screen; crossed factors and repeated seeds not modeled
Calculation Time [millis],39,638,BASELINE,p2pRqsRadius,1000,1200,0.014586666666666668,0.005716472158056382,0.006,0.035,descriptive marginal screen; crossed factors and repeated seeds not modeled
Calculation Time [millis],39,638,BASELINE,p2pRqsRadius,2000,1200,0.004386666666666667,0.0014470316073313906,0.003,0.01,descriptive marginal screen; crossed factors and repeated seeds not modeled
Calculation Time [millis],39,638,BASELINE,p2pRqsRadius,3000,1200,0.003353333333333333,0.0005601342227643435,0.003,0.008,descriptive marginal screen; crossed factors and repeated seeds not modeled
Calculation Time [millis],39,638,BASELINE,p2pStrategy,greedy,1800,0.007415,0.00602666831355811,0.003,0.028,descriptive marginal screen; crossed factors and repeated seeds not modeled
Calculation Time [millis],39,638,BASELINE,p2pStrategy,nearest,1800,0.007469444444444444,0.006203977612192616,0.003,0.035,descriptive marginal screen; crossed factors and repeated seeds not modeled
Calculation Time [millis],39,638,BASELINE,p2pOverlayShortcuts,0,1800,0.007481111111111111,0.006226293908971797,0.003,0.035,descriptive marginal screen; crossed factors and repeated seeds not modeled
Calculation Time [millis],39,638,BASELINE,p2pOverlayShortcuts,1,1800,0.007403333333333334,0.006003481480213667,0.003,0.028,descriptive marginal screen; crossed factors and repeated seeds not modeled
Calculation Time [millis],39,638,BASELINE,idleRoamingMode,none,720,0.009625,0.00779311328948182,0.003,0.035,descriptive marginal screen; crossed factors and repeated seeds not modeled
Calculation Time [millis],39,638,BASELINE,idleRoamingMode,past-avg,720,0.006159722222222222,0.0038364752498563043,0.003,0.015,descriptive marginal screen; crossed factors and repeated seeds not modeled
Calculation Time [millis],39,638,BASELINE,idleRoamingMode,past-avg-revisit,720,0.010369444444444445,0.008269599114232933,0.003,0.028,descriptive marginal screen; crossed factors and repeated seeds not modeled
Calculation Time [millis],39,638,BASELINE,idleRoamingMode,past-avg-total,720,0.006327777777777778,0.003856725506623656,0.003,0.015,descriptive marginal screen; crossed factors and repeated seeds not modeled
Calculation Time [millis],39,638,BASELINE,idleRoamingMode,random,720,0.004729166666666667,0.0022044926626915563,0.003,0.009,descriptive marginal screen; crossed factors and repeated seeds not modeled
Calculation Time [millis],39,638,RUSH_HOUR,kHops,0,1200,0.007258333333333334,0.005162894225743033,0.003,0.022,descriptive marginal screen; crossed factors and repeated seeds not modeled
Calculation Time [millis],39,638,RUSH_HOUR,kHops,1,1200,0.007253333333333334,0.0050652939919524605,0.003,0.023,descriptive marginal screen; crossed factors and repeated seeds not modeled
Calculation Time [millis],39,638,RUSH_HOUR,kHops,2,1200,0.007711666666666666,0.005218833913024242,0.003,0.023,descriptive marginal screen; crossed factors and repeated seeds not modeled
Calculation Time [millis],39,638,RUSH_HOUR,p2pRqsRadius,1000,1200,0.013901666666666666,0.0037712308831733855,0.006,0.023,descriptive marginal screen; crossed factors and repeated seeds not modeled
Calculation Time [millis],39,638,RUSH_HOUR,p2pRqsRadius,2000,1200,0.004724166666666667,0.0009706704589296799,0.003,0.009,descriptive marginal screen; crossed factors and repeated seeds not modeled
Calculation Time [millis],39,638,RUSH_HOUR,p2pRqsRadius,3000,1200,0.0035975,0.0007611240644826646,0.003,0.01,descriptive marginal screen; crossed factors and repeated seeds not modeled
Calculation Time [millis],39,638,RUSH_HOUR,p2pStrategy,greedy,1800,0.007420555555555555,0.005163079229360294,0.003,0.023,descriptive marginal screen; crossed factors and repeated seeds not modeled
Calculation Time [millis],39,638,RUSH_HOUR,p2pStrategy,nearest,1800,0.007395,0.005143205202538556,0.003,0.022,descriptive marginal screen; crossed factors and repeated seeds not modeled
Calculation Time [millis],39,638,RUSH_HOUR,p2pOverlayShortcuts,0,1800,0.0074266666666666665,0.005200072689447902,0.003,0.023,descriptive marginal screen; crossed factors and repeated seeds not modeled
Calculation Time [millis],39,638,RUSH_HOUR,p2pOverlayShortcuts,1,1800,0.007388888888888889,0.005105761809598277,0.003,0.021,descriptive marginal screen; crossed factors and repeated seeds not modeled
Calculation Time [millis],39,638,RUSH_HOUR,idleRoamingMode,none,720,0.008655555555555555,0.006094592529890193,0.003,0.022,descriptive marginal screen; crossed factors and repeated seeds not modeled
Calculation Time [millis],39,638,RUSH_HOUR,idleRoamingMode,past-avg,720,0.006965277777777778,0.004240038959927491,0.003,0.016,descriptive marginal screen; crossed factors and repeated seeds not modeled
Calculation Time [millis],39,638,RUSH_HOUR,idleRoamingMode,past-avg-revisit,720,0.009176388888888888,0.006642322118874666,0.003,0.023,descriptive marginal screen; crossed factors and repeated seeds not modeled
Calculation Time [millis],39,638,RUSH_HOUR,idleRoamingMode,past-avg-total,720,0.007008333333333333,0.004289578858956254,0.003,0.017,descriptive marginal screen; crossed factors and repeated seeds not modeled
Calculation Time [millis],39,638,RUSH_HOUR,idleRoamingMode,random,720,0.005233333333333333,0.0023369797324365453,0.003,0.011,descriptive marginal screen; crossed factors and repeated seeds not modeled
Calculation Time [millis],39,638,SPATIAL_IMBALANCE,kHops,0,1200,0.010688333333333334,0.009319795028416598,0.003,0.033,descriptive marginal screen; crossed factors and repeated seeds not modeled
Calculation Time [millis],39,638,SPATIAL_IMBALANCE,kHops,1,1200,0.010615833333333335,0.009378159425000355,0.003,0.034,descriptive marginal screen; crossed factors and repeated seeds not modeled
Calculation Time [millis],39,638,SPATIAL_IMBALANCE,kHops,2,1200,0.011265833333333334,0.009893688402076682,0.003,0.036,descriptive marginal screen; crossed factors and repeated seeds not modeled
Calculation Time [millis],39,638,SPATIAL_IMBALANCE,p2pRqsRadius,1000,1200,0.016990833333333333,0.009460020752236729,0.005,0.036,descriptive marginal screen; crossed factors and repeated seeds not modeled
Calculation Time [millis],39,638,SPATIAL_IMBALANCE,p2pRqsRadius,2000,1200,0.011688333333333334,0.00974304724903711,0.003,0.035,descriptive marginal screen; crossed factors and repeated seeds not modeled
Calculation Time [millis],39,638,SPATIAL_IMBALANCE,p2pRqsRadius,3000,1200,0.003890833333333334,0.0012702731860489247,0.003,0.015,descriptive marginal screen; crossed factors and repeated seeds not modeled
Calculation Time [millis],39,638,SPATIAL_IMBALANCE,p2pStrategy,greedy,1800,0.010891666666666668,0.009551995591957302,0.003,0.036,descriptive marginal screen; crossed factors and repeated seeds not modeled
Calculation Time [millis],39,638,SPATIAL_IMBALANCE,p2pStrategy,nearest,1800,0.010821666666666667,0.00952215038586847,0.003,0.035,descriptive marginal screen; crossed factors and repeated seeds not modeled
Calculation Time [millis],39,638,SPATIAL_IMBALANCE,p2pOverlayShortcuts,0,1800,0.01083111111111111,0.009495285913206005,0.003,0.036,descriptive marginal screen; crossed factors and repeated seeds not modeled
Calculation Time [millis],39,638,SPATIAL_IMBALANCE,p2pOverlayShortcuts,1,1800,0.010882222222222222,0.009578760757494214,0.003,0.035,descriptive marginal screen; crossed factors and repeated seeds not modeled
Calculation Time [millis],39,638,SPATIAL_IMBALANCE,idleRoamingMode,none,720,0.018494444444444445,0.010878771724735845,0.003,0.036,descriptive marginal screen; crossed factors and repeated seeds not modeled
Calculation Time [millis],39,638,SPATIAL_IMBALANCE,idleRoamingMode,past-avg,720,0.005511111111111111,0.002763237481371759,0.003,0.016,descriptive marginal screen; crossed factors and repeated seeds not modeled
Calculation Time [millis],39,638,SPATIAL_IMBALANCE,idleRoamingMode,past-avg-revisit,720,0.01844166666666667,0.010750654150941572,0.003,0.035,descriptive marginal screen; crossed factors and repeated seeds not modeled
Calculation Time [millis],39,638,SPATIAL_IMBALANCE,idleRoamingMode,past-avg-total,720,0.005395833333333334,0.0025084523319229913,0.003,0.014,descriptive marginal screen; crossed factors and repeated seeds not modeled
Calculation Time [millis],39,638,SPATIAL_IMBALANCE,idleRoamingMode,random,720,0.006440277777777777,0.00364362226813993,0.003,0.019,descriptive marginal screen; crossed factors and repeated seeds not modeled
Calculation Time [millis],39,638,SPATIAL_ISLANDS,kHops,0,1200,0.011413333333333333,0.008443057892594582,0.003,0.029,descriptive marginal screen; crossed factors and repeated seeds not modeled
Calculation Time [millis],39,638,SPATIAL_ISLANDS,kHops,1,1200,0.011291666666666667,0.00859320273044501,0.003,0.035,descriptive marginal screen; crossed factors and repeated seeds not modeled
Calculation Time [millis],39,638,SPATIAL_ISLANDS,kHops,2,1200,0.011758333333333332,0.008871425047544549,0.003,0.031,descriptive marginal screen; crossed factors and repeated seeds not modeled
Calculation Time [millis],39,638,SPATIAL_ISLANDS,p2pRqsRadius,1000,1200,0.016829166666666666,0.008270952576295043,0.006,0.035,descriptive marginal screen; crossed factors and repeated seeds not modeled
Calculation Time [millis],39,638,SPATIAL_ISLANDS,p2pRqsRadius,2000,1200,0.011811666666666666,0.009227250349538935,0.003,0.031,descriptive marginal screen; crossed factors and repeated seeds not modeled
Calculation Time [millis],39,638,SPATIAL_ISLANDS,p2pRqsRadius,3000,1200,0.0058225,0.0031009149420611745,0.003,0.019,descriptive marginal screen; crossed factors and repeated seeds not modeled
Calculation Time [millis],39,638,SPATIAL_ISLANDS,p2pStrategy,greedy,1800,0.011523888888888887,0.00866525820213774,0.003,0.035,descriptive marginal screen; crossed factors and repeated seeds not modeled
Calculation Time [millis],39,638,SPATIAL_ISLANDS,p2pStrategy,nearest,1800,0.011451666666666666,0.0086120704297672,0.003,0.031,descriptive marginal screen; crossed factors and repeated seeds not modeled
Calculation Time [millis],39,638,SPATIAL_ISLANDS,p2pOverlayShortcuts,0,1800,0.011486111111111112,0.008677075301350833,0.003,0.035,descriptive marginal screen; crossed factors and repeated seeds not modeled
Calculation Time [millis],39,638,SPATIAL_ISLANDS,p2pOverlayShortcuts,1,1800,0.011489444444444444,0.00860031539697404,0.003,0.03,descriptive marginal screen; crossed factors and repeated seeds not modeled
Calculation Time [millis],39,638,SPATIAL_ISLANDS,idleRoamingMode,none,720,0.019352777777777778,0.00721326185954065,0.005,0.029,descriptive marginal screen; crossed factors and repeated seeds not modeled
Calculation Time [millis],39,638,SPATIAL_ISLANDS,idleRoamingMode,past-avg,720,0.005851388888888889,0.0028404730871786576,0.003,0.015,descriptive marginal screen; crossed factors and repeated seeds not modeled
Calculation Time [millis],39,638,SPATIAL_ISLANDS,idleRoamingMode,past-avg-revisit,720,0.019493055555555555,0.008842302961666377,0.003,0.035,descriptive marginal screen; crossed factors and repeated seeds not modeled
Calculation Time [millis],39,638,SPATIAL_ISLANDS,idleRoamingMode,past-avg-total,720,0.005908333333333333,0.002944065953636268,0.003,0.016,descriptive marginal screen; crossed factors and repeated seeds not modeled
Calculation Time [millis],39,638,SPATIAL_ISLANDS,idleRoamingMode,random,720,0.006833333333333334,0.003962620899732027,0.003,0.019,descriptive marginal screen; crossed factors and repeated seeds not modeled
Calculation Time [millis],1685,27762,BASELINE,kHops,0,1200,3.9477891666666665,1.167452282569202,2.04,6.338,descriptive marginal screen; crossed factors and repeated seeds not modeled
Calculation Time [millis],1685,27762,BASELINE,kHops,1,1200,3.9426491666666665,1.1549657004533331,1.978,6.361,descriptive marginal screen; crossed factors and repeated seeds not modeled
Calculation Time [millis],1685,27762,BASELINE,kHops,2,1200,4.351905,1.176563204898458,2.149,6.683,descriptive marginal screen; crossed factors and repeated seeds not modeled
Calculation Time [millis],1685,27762,BASELINE,p2pRqsRadius,1000,1200,5.170106666666666,0.6862233800994048,3.393,6.683,descriptive marginal screen; crossed factors and repeated seeds not modeled
Calculation Time [millis],1685,27762,BASELINE,p2pRqsRadius,2000,1200,3.8991499999999997,1.0435190403100343,2.034,5.689,descriptive marginal screen; crossed factors and repeated seeds not modeled
Calculation Time [millis],1685,27762,BASELINE,p2pRqsRadius,3000,1200,3.173086666666667,0.7658269364349652,1.978,5.24,descriptive marginal screen; crossed factors and repeated seeds not modeled
Calculation Time [millis],1685,27762,BASELINE,p2pStrategy,greedy,1800,4.0903583333333335,1.1882822566387454,1.978,6.596,descriptive marginal screen; crossed factors and repeated seeds not modeled
Calculation Time [millis],1685,27762,BASELINE,p2pStrategy,nearest,1800,4.071203888888889,1.1753287851883247,2.023,6.683,descriptive marginal screen; crossed factors and repeated seeds not modeled
Calculation Time [millis],1685,27762,BASELINE,p2pOverlayShortcuts,0,1800,4.077149444444444,1.1889469892263298,1.978,6.596,descriptive marginal screen; crossed factors and repeated seeds not modeled
Calculation Time [millis],1685,27762,BASELINE,p2pOverlayShortcuts,1,1800,4.084412777777778,1.1747232385623925,2.023,6.683,descriptive marginal screen; crossed factors and repeated seeds not modeled
Calculation Time [millis],1685,27762,BASELINE,idleRoamingMode,none,720,3.534025,1.0640831842567955,1.978,6.338,descriptive marginal screen; crossed factors and repeated seeds not modeled
Calculation Time [millis],1685,27762,BASELINE,idleRoamingMode,past-avg,720,4.834269444444445,0.8480277107680906,3.14,6.683,descriptive marginal screen; crossed factors and repeated seeds not modeled
Calculation Time [millis],1685,27762,BASELINE,idleRoamingMode,past-avg-revisit,720,4.077538888888889,1.1131631863439024,2.296,6.198,descriptive marginal screen; crossed factors and repeated seeds not modeled
Calculation Time [millis],1685,27762,BASELINE,idleRoamingMode,past-avg-total,720,4.918504166666667,0.7284951891361923,3.482,6.529,descriptive marginal screen; crossed factors and repeated seeds not modeled
Calculation Time [millis],1685,27762,BASELINE,idleRoamingMode,random,720,3.0395680555555558,0.8439581381174567,2.034,5.436,descriptive marginal screen; crossed factors and repeated seeds not modeled
Calculation Time [millis],1685,27762,RUSH_HOUR,kHops,0,1200,5.0763316666666665,1.2121356651476032,2.959,7.499,descriptive marginal screen; crossed factors and repeated seeds not modeled
Calculation Time [millis],1685,27762,RUSH_HOUR,kHops,1,1200,5.892294166666667,1.5294795315173109,3.324,10.535,descriptive marginal screen; crossed factors and repeated seeds not modeled
Calculation Time [millis],1685,27762,RUSH_HOUR,kHops,2,1200,9.739693333333333,5.161819021168309,3.835,27.945,descriptive marginal screen; crossed factors and repeated seeds not modeled
Calculation Time [millis],1685,27762,RUSH_HOUR,p2pRqsRadius,1000,1200,5.899464166666666,1.1306045665723565,3.315,8.26,descriptive marginal screen; crossed factors and repeated seeds not modeled
Calculation Time [millis],1685,27762,RUSH_HOUR,p2pRqsRadius,2000,1200,6.244329166666667,2.250268364123441,2.959,13.638,descriptive marginal screen; crossed factors and repeated seeds not modeled
Calculation Time [millis],1685,27762,RUSH_HOUR,p2pRqsRadius,3000,1200,8.564525833333335,5.6851822017024904,3.125,27.945,descriptive marginal screen; crossed factors and repeated seeds not modeled
Calculation Time [millis],1685,27762,RUSH_HOUR,p2pStrategy,greedy,1800,6.967692777777778,3.8965822671549035,2.959,27.945,descriptive marginal screen; crossed factors and repeated seeds not modeled
Calculation Time [millis],1685,27762,RUSH_HOUR,p2pStrategy,nearest,1800,6.837853333333333,3.6577569998224106,2.972,25.819,descriptive marginal screen; crossed factors and repeated seeds not modeled
Calculation Time [millis],1685,27762,RUSH_HOUR,p2pOverlayShortcuts,0,1800,6.087470555555556,1.9771878877704334,3.006,13.277,descriptive marginal screen; crossed factors and repeated seeds not modeled
Calculation Time [millis],1685,27762,RUSH_HOUR,p2pOverlayShortcuts,1,1800,7.718075555555556,4.830271855468857,2.959,27.945,descriptive marginal screen; crossed factors and repeated seeds not modeled
Calculation Time [millis],1685,27762,RUSH_HOUR,idleRoamingMode,none,720,6.2143125,2.70618764445856,3.125,18.843,descriptive marginal screen; crossed factors and repeated seeds not modeled
Calculation Time [millis],1685,27762,RUSH_HOUR,idleRoamingMode,past-avg,720,8.52625138888889,4.2656163303821755,5.447,26.564,descriptive marginal screen; crossed factors and repeated seeds not modeled
Calculation Time [millis],1685,27762,RUSH_HOUR,idleRoamingMode,past-avg-revisit,720,6.141731944444444,2.8631218742572204,3.277,18.868,descriptive marginal screen; crossed factors and repeated seeds not modeled
Calculation Time [millis],1685,27762,RUSH_HOUR,idleRoamingMode,past-avg-total,720,8.568473611111111,4.39252601432332,5.604,27.945,descriptive marginal screen; crossed factors and repeated seeds not modeled
Calculation Time [millis],1685,27762,RUSH_HOUR,idleRoamingMode,random,720,5.063095833333334,2.935105249677832,2.959,17.719,descriptive marginal screen; crossed factors and repeated seeds not modeled
Calculation Time [millis],1685,27762,SPATIAL_IMBALANCE,kHops,0,1200,5.8122175,1.6051537332240657,2.936,8.168,descriptive marginal screen; crossed factors and repeated seeds not modeled
Calculation Time [millis],1685,27762,SPATIAL_IMBALANCE,kHops,1,1200,6.4132925,2.0332112745645152,2.945,10.074,descriptive marginal screen; crossed factors and repeated seeds not modeled
Calculation Time [millis],1685,27762,SPATIAL_IMBALANCE,kHops,2,1200,7.867534999999999,3.090060278680644,3.319,16.569,descriptive marginal screen; crossed factors and repeated seeds not modeled
Calculation Time [millis],1685,27762,SPATIAL_IMBALANCE,p2pRqsRadius,1000,1200,6.6600174999999995,1.041545054527613,4.833,9.757,descriptive marginal screen; crossed factors and repeated seeds not modeled
Calculation Time [millis],1685,27762,SPATIAL_IMBALANCE,p2pRqsRadius,2000,1200,6.1267008333333335,2.3206782458870547,2.945,10.785,descriptive marginal screen; crossed factors and repeated seeds not modeled
Calculation Time [millis],1685,27762,SPATIAL_IMBALANCE,p2pRqsRadius,3000,1200,7.306326666666667,3.365330682185026,2.936,16.569,descriptive marginal screen; crossed factors and repeated seeds not modeled
Calculation Time [millis],1685,27762,SPATIAL_IMBALANCE,p2pStrategy,greedy,1800,6.734566111111111,2.5213592814149055,2.969,16.569,descriptive marginal screen; crossed factors and repeated seeds not modeled
Calculation Time [millis],1685,27762,SPATIAL_IMBALANCE,p2pStrategy,nearest,1800,6.660797222222222,2.442564221714927,2.936,15.189,descriptive marginal screen; crossed factors and repeated seeds not modeled
Calculation Time [millis],1685,27762,SPATIAL_IMBALANCE,p2pOverlayShortcuts,0,1800,6.538779444444445,2.2383972070181337,2.936,12.523,descriptive marginal screen; crossed factors and repeated seeds not modeled
Calculation Time [millis],1685,27762,SPATIAL_IMBALANCE,p2pOverlayShortcuts,1,1800,6.856583888888889,2.6953933071500797,2.945,16.569,descriptive marginal screen; crossed factors and repeated seeds not modeled
Calculation Time [millis],1685,27762,SPATIAL_IMBALANCE,idleRoamingMode,none,720,7.9929041666666665,2.1509967629572166,6.041,16.569,descriptive marginal screen; crossed factors and repeated seeds not modeled
Calculation Time [millis],1685,27762,SPATIAL_IMBALANCE,idleRoamingMode,past-avg,720,4.309701388888889,1.0157573048531148,2.936,6.617,descriptive marginal screen; crossed factors and repeated seeds not modeled
Calculation Time [millis],1685,27762,SPATIAL_IMBALANCE,idleRoamingMode,past-avg-revisit,720,8.077486111111112,1.7742344051517966,6.326,15.166,descriptive marginal screen; crossed factors and repeated seeds not modeled
Calculation Time [millis],1685,27762,SPATIAL_IMBALANCE,idleRoamingMode,past-avg-total,720,4.408448611111111,1.0426337719135352,2.969,6.735,descriptive marginal screen; crossed factors and repeated seeds not modeled
Calculation Time [millis],1685,27762,SPATIAL_IMBALANCE,idleRoamingMode,random,720,8.699868055555555,1.5454396192606916,6.671,14.257,descriptive marginal screen; crossed factors and repeated seeds not modeled
Calculation Time [millis],1685,27762,SPATIAL_ISLANDS,kHops,0,1200,7.354220833333334,0.5691439018826263,6.053,9.158,descriptive marginal screen; crossed factors and repeated seeds not modeled
Calculation Time [millis],1685,27762,SPATIAL_ISLANDS,kHops,1,1200,8.492899166666666,1.1354600170009554,6.067,11.978,descriptive marginal screen; crossed factors and repeated seeds not modeled
Calculation Time [millis],1685,27762,SPATIAL_ISLANDS,kHops,2,1200,10.637659999999999,3.1652950075473223,6.886,24.831,descriptive marginal screen; crossed factors and repeated seeds not modeled
Calculation Time [millis],1685,27762,SPATIAL_ISLANDS,p2pRqsRadius,1000,1200,7.720800833333333,0.7410250296569768,6.053,9.826,descriptive marginal screen; crossed factors and repeated seeds not modeled
Calculation Time [millis],1685,27762,SPATIAL_ISLANDS,p2pRqsRadius,2000,1200,8.438555833333334,1.299677212206654,6.172,12.578,descriptive marginal screen; crossed factors and repeated seeds not modeled
Calculation Time [millis],1685,27762,SPATIAL_ISLANDS,p2pRqsRadius,3000,1200,10.325423333333333,3.3667460202337103,6.268,24.831,descriptive marginal screen; crossed factors and repeated seeds not modeled
Calculation Time [millis],1685,27762,SPATIAL_ISLANDS,p2pStrategy,greedy,1800,8.866993333333333,2.4157567289790487,6.053,24.831,descriptive marginal screen; crossed factors and repeated seeds not modeled
Calculation Time [millis],1685,27762,SPATIAL_ISLANDS,p2pStrategy,nearest,1800,8.789526666666665,2.3710766079053336,6.067,22.911,descriptive marginal screen; crossed factors and repeated seeds not modeled
Calculation Time [millis],1685,27762,SPATIAL_ISLANDS,p2pOverlayShortcuts,0,1800,8.679794444444443,1.8715063145661683,6.053,14.68,descriptive marginal screen; crossed factors and repeated seeds not modeled
Calculation Time [millis],1685,27762,SPATIAL_ISLANDS,p2pOverlayShortcuts,1,1800,8.976725555555555,2.813226374058417,6.102,24.831,descriptive marginal screen; crossed factors and repeated seeds not modeled
Calculation Time [millis],1685,27762,SPATIAL_ISLANDS,idleRoamingMode,none,720,9.475116666666667,3.4701401823038895,6.924,24.831,descriptive marginal screen; crossed factors and repeated seeds not modeled
Calculation Time [millis],1685,27762,SPATIAL_ISLANDS,idleRoamingMode,past-avg,720,8.060575,1.6387928407506815,6.053,13.688,descriptive marginal screen; crossed factors and repeated seeds not modeled
Calculation Time [millis],1685,27762,SPATIAL_ISLANDS,idleRoamingMode,past-avg-revisit,720,9.450205555555556,2.4003007813312087,7.282,18.962,descriptive marginal screen; crossed factors and repeated seeds not modeled
Calculation Time [millis],1685,27762,SPATIAL_ISLANDS,idleRoamingMode,past-avg-total,720,7.982537499999999,1.4921990889234602,6.067,13.649,descriptive marginal screen; crossed factors and repeated seeds not modeled
Calculation Time [millis],1685,27762,SPATIAL_ISLANDS,idleRoamingMode,random,720,9.172865277777777,1.931018362537272,6.545,15.088,descriptive marginal screen; crossed factors and repeated seeds not modeled
Client Travel Time [min],39,638,BASELINE,kHops,0,1200,11.262952444444444,1.284874755020469,9.351883333333335,15.344383333333333,descriptive marginal screen; crossed factors and repeated seeds not modeled
Client Travel Time [min],39,638,BASELINE,kHops,1,1200,11.265149194444446,1.271848130606484,9.459583333333335,15.344383333333333,descriptive marginal screen; crossed factors and repeated seeds not modeled
Client Travel Time [min],39,638,BASELINE,kHops,2,1200,11.269704305555557,1.2734319256154263,9.459583333333335,15.344383333333333,descriptive marginal screen; crossed factors and repeated seeds not modeled
Client Travel Time [min],39,638,BASELINE,p2pRqsRadius,1000,1200,11.59905036111111,2.023494895042384,9.351883333333335,15.344383333333333,descriptive marginal screen; crossed factors and repeated seeds not modeled
Client Travel Time [min],39,638,BASELINE,p2pRqsRadius,2000,1200,10.569734305555556,0.21993843617909262,10.237416666666666,11.086383333333334,descriptive marginal screen; crossed factors and repeated seeds not modeled
Client Travel Time [min],39,638,BASELINE,p2pRqsRadius,3000,1200,11.629021277777777,0.13838085716301074,11.37895,11.904083333333334,descriptive marginal screen; crossed factors and repeated seeds not modeled
Client Travel Time [min],39,638,BASELINE,p2pStrategy,greedy,1800,11.265935314814815,1.2765571252588936,9.351883333333335,15.344383333333333,descriptive marginal screen; crossed factors and repeated seeds not modeled
Client Travel Time [min],39,638,BASELINE,p2pStrategy,nearest,1800,11.265935314814815,1.2765571252588939,9.351883333333335,15.344383333333333,descriptive marginal screen; crossed factors and repeated seeds not modeled
Client Travel Time [min],39,638,BASELINE,p2pOverlayShortcuts,0,1800,11.269006259259259,1.2823834235916132,9.351883333333335,15.344383333333333,descriptive marginal screen; crossed factors and repeated seeds not modeled
Client Travel Time [min],39,638,BASELINE,p2pOverlayShortcuts,1,1800,11.262864370370371,1.270696687298747,9.351883333333335,15.344383333333333,descriptive marginal screen; crossed factors and repeated seeds not modeled
Client Travel Time [min],39,638,BASELINE,idleRoamingMode,none,720,12.126371296296295,1.469766200679354,10.334083333333332,15.344383333333333,descriptive marginal screen; crossed factors and repeated seeds not modeled
Client Travel Time [min],39,638,BASELINE,idleRoamingMode,past-avg,720,10.772420509259259,0.6432441013851765,9.811333333333332,11.863633333333333,descriptive marginal screen; crossed factors and repeated seeds not modeled
Client Travel Time [min],39,638,BASELINE,idleRoamingMode,past-avg-revisit,720,12.098670462962964,1.4446036278981358,10.301933333333332,15.344383333333333,descriptive marginal screen; crossed factors and repeated seeds not modeled
Client Travel Time [min],39,638,BASELINE,idleRoamingMode,past-avg-total,720,10.761161712962963,0.649436355779381,9.811416666666666,11.8646,descriptive marginal screen; crossed factors and repeated seeds not modeled
Client Travel Time [min],39,638,BASELINE,idleRoamingMode,random,720,10.571052592592592,0.8085759210650338,9.351883333333335,11.888816666666665,descriptive marginal screen; crossed factors and repeated seeds not modeled
Client Travel Time [min],39,638,RUSH_HOUR,kHops,0,1200,11.526148444444445,1.4620370767825712,9.430200000000001,16.724083333333333,descriptive marginal screen; crossed factors and repeated seeds not modeled
Client Travel Time [min],39,638,RUSH_HOUR,kHops,1,1200,11.49611175,1.393528039841828,9.430200000000001,16.724433333333334,descriptive marginal screen; crossed factors and repeated seeds not modeled
Client Travel Time [min],39,638,RUSH_HOUR,kHops,2,1200,11.493449875,1.3771382534193506,9.430200000000001,16.88495,descriptive marginal screen; crossed factors and repeated seeds not modeled
Client Travel Time [min],39,638,RUSH_HOUR,p2pRqsRadius,1000,1200,12.27054598611111,2.121502429776947,9.430200000000001,16.88495,descriptive marginal screen; crossed factors and repeated seeds not modeled
Client Travel Time [min],39,638,RUSH_HOUR,p2pRqsRadius,2000,1200,10.615098249999999,0.23809029117369435,10.019066666666667,11.131816666666667,descriptive marginal screen; crossed factors and repeated seeds not modeled
Client Travel Time [min],39,638,RUSH_HOUR,p2pRqsRadius,3000,1200,11.630065833333333,0.1561847588157706,11.23065,11.938033333333333,descriptive marginal screen; crossed factors and repeated seeds not modeled
Client Travel Time [min],39,638,RUSH_HOUR,p2pStrategy,greedy,1800,11.505102138888889,1.410794672468895,9.430200000000001,16.88495,descriptive marginal screen; crossed factors and repeated seeds not modeled
Client Travel Time [min],39,638,RUSH_HOUR,p2pStrategy,nearest,1800,11.505371240740741,1.4117292134847335,9.430200000000001,16.88495,descriptive marginal screen; crossed factors and repeated seeds not modeled
Client Travel Time [min],39,638,RUSH_HOUR,p2pOverlayShortcuts,0,1800,11.514053027777779,1.4288979675151816,9.430200000000001,16.88495,descriptive marginal screen; crossed factors and repeated seeds not modeled
Client Travel Time [min],39,638,RUSH_HOUR,p2pOverlayShortcuts,1,1800,11.496420351851851,1.3933470754587507,9.430200000000001,16.724083333333333,descriptive marginal screen; crossed factors and repeated seeds not modeled
Client Travel Time [min],39,638,RUSH_HOUR,idleRoamingMode,none,720,12.354630555555557,1.8745258591392318,10.255883333333333,16.88495,descriptive marginal screen; crossed factors and repeated seeds not modeled
Client Travel Time [min],39,638,RUSH_HOUR,idleRoamingMode,past-avg,720,11.149264953703703,0.5488516151839476,10.13425,12.20055,descriptive marginal screen; crossed factors and repeated seeds not modeled
Client Travel Time [min],39,638,RUSH_HOUR,idleRoamingMode,past-avg-revisit,720,12.225464421296296,1.7479949814810014,10.228716666666665,16.453416666666666,descriptive marginal screen; crossed factors and repeated seeds not modeled
Client Travel Time [min],39,638,RUSH_HOUR,idleRoamingMode,past-avg-total,720,11.152452175925927,0.5524540408681687,10.146533333333334,12.2198,descriptive marginal screen; crossed factors and repeated seeds not modeled
Client Travel Time [min],39,638,RUSH_HOUR,idleRoamingMode,random,720,10.644371342592592,0.7451648419927842,9.430200000000001,11.838533333333334,descriptive marginal screen; crossed factors and repeated seeds not modeled
Client Travel Time [min],39,638,SPATIAL_IMBALANCE,kHops,0,1200,13.065635888888888,6.484797405983895,8.22805,30.271733333333334,descriptive marginal screen; crossed factors and repeated seeds not modeled
Client Travel Time [min],39,638,SPATIAL_IMBALANCE,kHops,1,1200,12.97055525,6.418715806641074,8.296316666666666,30.268183333333333,descriptive marginal screen; crossed factors and repeated seeds not modeled
Client Travel Time [min],39,638,SPATIAL_IMBALANCE,kHops,2,1200,12.93570025,6.412092858448557,8.298883333333333,30.268183333333333,descriptive marginal screen; crossed factors and repeated seeds not modeled
Client Travel Time [min],39,638,SPATIAL_IMBALANCE,p2pRqsRadius,1000,1200,16.583588055555555,9.820738002914052,8.22805,30.271733333333334,descriptive marginal screen; crossed factors and repeated seeds not modeled
Client Travel Time [min],39,638,SPATIAL_IMBALANCE,p2pRqsRadius,2000,1200,11.625149222222223,2.856021129028752,9.077316666666666,17.639916666666668,descriptive marginal screen; crossed factors and repeated seeds not modeled
Client Travel Time [min],39,638,SPATIAL_IMBALANCE,p2pRqsRadius,3000,1200,10.76315411111111,0.14405812736724244,10.468883333333334,11.114283333333333,descriptive marginal screen; crossed factors and repeated seeds not modeled
Client Travel Time [min],39,638,SPATIAL_IMBALANCE,p2pStrategy,greedy,1800,12.990623861111112,6.437955858255237,8.22805,30.271733333333334,descriptive marginal screen; crossed factors and repeated seeds not modeled
Client Travel Time [min],39,638,SPATIAL_IMBALANCE,p2pStrategy,nearest,1800,12.990637064814814,6.437961211866677,8.22805,30.271733333333334,descriptive marginal screen; crossed factors and repeated seeds not modeled
Client Travel Time [min],39,638,SPATIAL_IMBALANCE,p2pOverlayShortcuts,0,1800,12.995962333333333,6.450251622289578,8.22805,30.271733333333334,descriptive marginal screen; crossed factors and repeated seeds not modeled
Client Travel Time [min],39,638,SPATIAL_IMBALANCE,p2pOverlayShortcuts,1,1800,12.985298592592592,6.425637502870217,8.22805,30.271733333333334,descriptive marginal screen; crossed factors and repeated seeds not modeled
Client Travel Time [min],39,638,SPATIAL_IMBALANCE,idleRoamingMode,none,720,18.307609027777776,7.630407199448285,10.614866666666668,30.271733333333334,descriptive marginal screen; crossed factors and repeated seeds not modeled
Client Travel Time [min],39,638,SPATIAL_IMBALANCE,idleRoamingMode,past-avg,720,9.501986342592593,0.9354475503035566,8.22805,11.041483333333334,descriptive marginal screen; crossed factors and repeated seeds not modeled
Client Travel Time [min],39,638,SPATIAL_IMBALANCE,idleRoamingMode,past-avg-revisit,720,17.934442916666665,7.665052016646156,10.560216666666667,30.037466666666667,descriptive marginal screen; crossed factors and repeated seeds not modeled
Client Travel Time [min],39,638,SPATIAL_IMBALANCE,idleRoamingMode,past-avg-total,720,9.505987824074074,0.937331171450957,8.285733333333333,11.06265,descriptive marginal screen; crossed factors and repeated seeds not modeled
Client Travel Time [min],39,638,SPATIAL_IMBALANCE,idleRoamingMode,random,720,9.703126203703704,0.8514347443084407,8.485866666666666,11.114283333333333,descriptive marginal screen; crossed factors and repeated seeds not modeled
Client Travel Time [min],39,638,SPATIAL_ISLANDS,kHops,0,1200,15.711915555555555,9.395833953677005,9.00225,40.843783333333334,descriptive marginal screen; crossed factors and repeated seeds not modeled
Client Travel Time [min],39,638,SPATIAL_ISLANDS,kHops,1,1200,15.542235486111112,9.27102263712584,9.001149999999999,40.843783333333334,descriptive marginal screen; crossed factors and repeated seeds not modeled
Client Travel Time [min],39,638,SPATIAL_ISLANDS,kHops,2,1200,15.48628088888889,9.21735512331825,8.967916666666667,40.843783333333334,descriptive marginal screen; crossed factors and repeated seeds not modeled
Client Travel Time [min],39,638,SPATIAL_ISLANDS,p2pRqsRadius,1000,1200,20.90029698611111,13.801211389242455,8.967916666666667,40.843783333333334,descriptive marginal screen; crossed factors and repeated seeds not modeled
Client Travel Time [min],39,638,SPATIAL_ISLANDS,p2pRqsRadius,2000,1200,14.146869833333334,4.789067115205455,10.022933333333333,23.89375,descriptive marginal screen; crossed factors and repeated seeds not modeled
Client Travel Time [min],39,638,SPATIAL_ISLANDS,p2pRqsRadius,3000,1200,11.69326511111111,0.5551361879787551,10.959716666666667,13.373716666666667,descriptive marginal screen; crossed factors and repeated seeds not modeled
Client Travel Time [min],39,638,SPATIAL_ISLANDS,p2pStrategy,greedy,1800,15.580242592592594,9.294279096072772,8.967916666666667,40.843783333333334,descriptive marginal screen; crossed factors and repeated seeds not modeled
Client Travel Time [min],39,638,SPATIAL_ISLANDS,p2pStrategy,nearest,1800,15.580045361111111,9.294204082461869,8.967916666666667,40.843783333333334,descriptive marginal screen; crossed factors and repeated seeds not modeled
Client Travel Time [min],39,638,SPATIAL_ISLANDS,p2pOverlayShortcuts,0,1800,15.639088064814816,9.34501950090444,8.968316666666668,40.843783333333334,descriptive marginal screen; crossed factors and repeated seeds not modeled
Client Travel Time [min],39,638,SPATIAL_ISLANDS,p2pOverlayShortcuts,1,1800,15.521199888888889,9.242808627019977,8.967916666666667,40.843783333333334,descriptive marginal screen; crossed factors and repeated seeds not modeled
Client Travel Time [min],39,638,SPATIAL_ISLANDS,idleRoamingMode,none,720,23.5448350462963,10.698815116147287,11.4598,40.680899999999994,descriptive marginal screen; crossed factors and repeated seeds not modeled
Client Travel Time [min],39,638,SPATIAL_ISLANDS,idleRoamingMode,past-avg,720,10.399741574074074,0.752394207946088,8.967916666666667,11.78555,descriptive marginal screen; crossed factors and repeated seeds not modeled
Client Travel Time [min],39,638,SPATIAL_ISLANDS,idleRoamingMode,past-avg-revisit,720,22.975178101851853,10.915648934508372,10.959716666666667,40.843783333333334,descriptive marginal screen; crossed factors and repeated seeds not modeled
Client Travel Time [min],39,638,SPATIAL_ISLANDS,idleRoamingMode,past-avg-total,720,10.397291481481481,0.7415495171604083,9.00225,11.698033333333333,descriptive marginal screen; crossed factors and repeated seeds not modeled
Client Travel Time [min],39,638,SPATIAL_ISLANDS,idleRoamingMode,random,720,10.583673680555556,0.6951702637246133,9.538733333333333,11.859633333333333,descriptive marginal screen; crossed factors and repeated seeds not modeled
Client Travel Time [min],1685,27762,BASELINE,kHops,0,1200,35.369400222222225,1.5635779240859804,32.64168333333333,39.565083333333334,descriptive marginal screen; crossed factors and repeated seeds not modeled
Client Travel Time [min],1685,27762,BASELINE,kHops,1,1200,35.34548354166667,1.5407426046363963,32.64393333333333,39.568266666666666,descriptive marginal screen; crossed factors and repeated seeds not modeled
Client Travel Time [min],1685,27762,BASELINE,kHops,2,1200,35.34049629166667,1.528064372171193,32.647666666666666,39.68321666666667,descriptive marginal screen; crossed factors and repeated seeds not modeled
Client Travel Time [min],1685,27762,BASELINE,p2pRqsRadius,1000,1200,35.914996555555554,2.4284125530404688,32.64168333333333,39.68321666666667,descriptive marginal screen; crossed factors and repeated seeds not modeled
Client Travel Time [min],1685,27762,BASELINE,p2pRqsRadius,2000,1200,34.558871249999996,0.4888961738141323,33.909483333333334,35.887899999999995,descriptive marginal screen; crossed factors and repeated seeds not modeled
Client Travel Time [min],1685,27762,BASELINE,p2pRqsRadius,3000,1200,35.58151225,0.13560326372859227,35.295899999999996,36.0817,descriptive marginal screen; crossed factors and repeated seeds not modeled
Client Travel Time [min],1685,27762,BASELINE,p2pStrategy,greedy,1800,35.35196772222222,1.5442273744914161,32.64168333333333,39.68321666666667,descriptive marginal screen; crossed factors and repeated seeds not modeled
Client Travel Time [min],1685,27762,BASELINE,p2pStrategy,nearest,1800,35.35161898148148,1.5438429395500475,32.64168333333333,39.67491666666667,descriptive marginal screen; crossed factors and repeated seeds not modeled
Client Travel Time [min],1685,27762,BASELINE,p2pOverlayShortcuts,0,1800,35.36197803703704,1.5618870170371768,32.64168333333333,39.68321666666667,descriptive marginal screen; crossed factors and repeated seeds not modeled
Client Travel Time [min],1685,27762,BASELINE,p2pOverlayShortcuts,1,1800,35.341608666666666,1.5259064984591653,32.64168333333333,39.565083333333334,descriptive marginal screen; crossed factors and repeated seeds not modeled
Client Travel Time [min],1685,27762,BASELINE,idleRoamingMode,none,720,34.80386574074074,0.5804785396249781,34.018233333333335,35.73941666666666,descriptive marginal screen; crossed factors and repeated seeds not modeled
Client Travel Time [min],1685,27762,BASELINE,idleRoamingMode,past-avg,720,36.50929460648148,1.6299234381427563,34.71808333333333,39.68321666666667,descriptive marginal screen; crossed factors and repeated seeds not modeled
Client Travel Time [min],1685,27762,BASELINE,idleRoamingMode,past-avg-revisit,720,34.78207138888889,0.5770362206219571,34.03285,35.74823333333333,descriptive marginal screen; crossed factors and repeated seeds not modeled
Client Travel Time [min],1685,27762,BASELINE,idleRoamingMode,past-avg-total,720,36.51858118055556,1.6189576438483329,34.69241666666667,39.568266666666666,descriptive marginal screen; crossed factors and repeated seeds not modeled
Client Travel Time [min],1685,27762,BASELINE,idleRoamingMode,random,720,34.14515384259259,1.0926708251139596,32.64168333333333,35.67431666666666,descriptive marginal screen; crossed factors and repeated seeds not modeled
Client Travel Time [min],1685,27762,RUSH_HOUR,kHops,0,1200,48.24032022222222,4.833142776586067,40.370016666666665,55.880250000000004,descriptive marginal screen; crossed factors and repeated seeds not modeled
Client Travel Time [min],1685,27762,RUSH_HOUR,kHops,1,1200,47.649516722222224,4.537996133330715,40.4361,55.8289,descriptive marginal screen; crossed factors and repeated seeds not modeled
Client Travel Time [min],1685,27762,RUSH_HOUR,kHops,2,1200,47.29473223611111,4.357218834392998,40.49151666666667,55.70981666666667,descriptive marginal screen; crossed factors and repeated seeds not modeled
Client Travel Time [min],1685,27762,RUSH_HOUR,p2pRqsRadius,1000,1200,50.07405630555556,5.3557462083305465,40.370016666666665,55.880250000000004,descriptive marginal screen; crossed factors and repeated seeds not modeled
Client Travel Time [min],1685,27762,RUSH_HOUR,p2pRqsRadius,2000,1200,46.25552897222222,4.251551128134388,41.582300000000004,52.827133333333336,descriptive marginal screen; crossed factors and repeated seeds not modeled
Client Travel Time [min],1685,27762,RUSH_HOUR,p2pRqsRadius,3000,1200,46.85498390277778,2.8624674773849645,43.84765,51.2604,descriptive marginal screen; crossed factors and repeated seeds not modeled
Client Travel Time [min],1685,27762,RUSH_HOUR,p2pStrategy,greedy,1800,47.73630068518519,4.593217800148076,40.370016666666665,55.880250000000004,descriptive marginal screen; crossed factors and repeated seeds not modeled
Client Travel Time [min],1685,27762,RUSH_HOUR,p2pStrategy,nearest,1800,47.72007876851852,4.599309767836697,40.370016666666665,55.880250000000004,descriptive marginal screen; crossed factors and repeated seeds not modeled
Client Travel Time [min],1685,27762,RUSH_HOUR,p2pOverlayShortcuts,0,1800,48.00872853703704,4.800441873926539,40.370016666666665,55.880250000000004,descriptive marginal screen; crossed factors and repeated seeds not modeled
Client Travel Time [min],1685,27762,RUSH_HOUR,p2pOverlayShortcuts,1,1800,47.44765091666667,4.364595974457897,40.370016666666665,55.880250000000004,descriptive marginal screen; crossed factors and repeated seeds not modeled
Client Travel Time [min],1685,27762,RUSH_HOUR,idleRoamingMode,none,720,46.64735342592593,3.756525547818699,42.60103333333333,55.10551666666667,descriptive marginal screen; crossed factors and repeated seeds not modeled
Client Travel Time [min],1685,27762,RUSH_HOUR,idleRoamingMode,past-avg,720,52.060998032407404,1.9898209126533053,48.79795,55.880250000000004,descriptive marginal screen; crossed factors and repeated seeds not modeled
Client Travel Time [min],1685,27762,RUSH_HOUR,idleRoamingMode,past-avg-revisit,720,45.46028752314815,3.04814716299121,41.96061666666667,54.46931666666667,descriptive marginal screen; crossed factors and repeated seeds not modeled
Client Travel Time [min],1685,27762,RUSH_HOUR,idleRoamingMode,past-avg-total,720,52.06123807870371,1.9744915104598948,48.74033333333333,55.72818333333333,descriptive marginal screen; crossed factors and repeated seeds not modeled
Client Travel Time [min],1685,27762,RUSH_HOUR,idleRoamingMode,random,720,42.41107157407407,1.4912561883271533,40.370016666666665,45.061,descriptive marginal screen; crossed factors and repeated seeds not modeled
Client Travel Time [min],1685,27762,SPATIAL_IMBALANCE,kHops,0,1200,77.86292122222223,41.31684910195724,31.882566666666666,138.39248333333336,descriptive marginal screen; crossed factors and repeated seeds not modeled
Client Travel Time [min],1685,27762,SPATIAL_IMBALANCE,kHops,1,1200,74.70068925,38.83291678903696,31.23075,138.4822166666667,descriptive marginal screen; crossed factors and repeated seeds not modeled
Client Travel Time [min],1685,27762,SPATIAL_IMBALANCE,kHops,2,1200,70.50593797222223,36.516125525280906,30.591416666666664,138.48155,descriptive marginal screen; crossed factors and repeated seeds not modeled
Client Travel Time [min],1685,27762,SPATIAL_IMBALANCE,p2pRqsRadius,1000,1200,82.43091101388889,45.096195250093245,31.39816666666667,138.4822166666667,descriptive marginal screen; crossed factors and repeated seeds not modeled
Client Travel Time [min],1685,27762,SPATIAL_IMBALANCE,p2pRqsRadius,2000,1200,73.59473938888888,37.497735973173505,30.591416666666664,125.41834999999999,descriptive marginal screen; crossed factors and repeated seeds not modeled
Client Travel Time [min],1685,27762,SPATIAL_IMBALANCE,p2pRqsRadius,3000,1200,67.04389804166667,31.885276307908864,31.557516666666668,112.73668333333333,descriptive marginal screen; crossed factors and repeated seeds not modeled
Client Travel Time [min],1685,27762,SPATIAL_IMBALANCE,p2pStrategy,greedy,1800,74.35495847222222,39.050306902545145,30.644816666666667,138.4822166666667,descriptive marginal screen; crossed factors and repeated seeds not modeled
Client Travel Time [min],1685,27762,SPATIAL_IMBALANCE,p2pStrategy,nearest,1800,74.35807382407407,39.04788861849521,30.591416666666664,138.39248333333336,descriptive marginal screen; crossed factors and repeated seeds not modeled
Client Travel Time [min],1685,27762,SPATIAL_IMBALANCE,p2pOverlayShortcuts,0,1800,76.88755406481482,40.517704061495024,31.795583333333333,138.4822166666667,descriptive marginal screen; crossed factors and repeated seeds not modeled
Client Travel Time [min],1685,27762,SPATIAL_IMBALANCE,p2pOverlayShortcuts,1,1800,71.82547823148148,37.35184479259829,30.591416666666664,138.39248333333336,descriptive marginal screen; crossed factors and repeated seeds not modeled
Client Travel Time [min],1685,27762,SPATIAL_IMBALANCE,idleRoamingMode,none,720,119.43098148148148,14.375192396477074,84.48706666666666,138.4822166666667,descriptive marginal screen; crossed factors and repeated seeds not modeled
Client Travel Time [min],1685,27762,SPATIAL_IMBALANCE,idleRoamingMode,past-avg,720,32.68145472222223,0.6644283108650674,30.853150000000003,34.13328333333333,descriptive marginal screen; crossed factors and repeated seeds not modeled
Client Travel Time [min],1685,27762,SPATIAL_IMBALANCE,idleRoamingMode,past-avg-revisit,720,113.05947770833335,19.36981136813749,64.81211666666667,137.3897,descriptive marginal screen; crossed factors and repeated seeds not modeled
Client Travel Time [min],1685,27762,SPATIAL_IMBALANCE,idleRoamingMode,past-avg-total,720,32.593681296296296,0.7319463758188445,30.591416666666664,34.02831666666667,descriptive marginal screen; crossed factors and repeated seeds not modeled
Client Travel Time [min],1685,27762,SPATIAL_IMBALANCE,idleRoamingMode,random,720,74.0169855324074,5.222248153198959,60.18438333333334,80.95936666666667,descriptive marginal screen; crossed factors and repeated seeds not modeled
Client Travel Time [min],1685,27762,SPATIAL_ISLANDS,kHops,0,1200,117.76003522222221,46.70628705750117,71.0825,185.54173333333335,descriptive marginal screen; crossed factors and repeated seeds not modeled
Client Travel Time [min],1685,27762,SPATIAL_ISLANDS,kHops,1,1200,112.24566659722223,44.723299572846656,62.2778,185.50979999999998,descriptive marginal screen; crossed factors and repeated seeds not modeled
Client Travel Time [min],1685,27762,SPATIAL_ISLANDS,kHops,2,1200,102.41961354166666,44.27316379324594,43.40035,185.38606666666666,descriptive marginal screen; crossed factors and repeated seeds not modeled
Client Travel Time [min],1685,27762,SPATIAL_ISLANDS,p2pRqsRadius,1000,1200,123.8574322638889,47.11173597740435,73.64128333333333,185.54173333333335,descriptive marginal screen; crossed factors and repeated seeds not modeled
Client Travel Time [min],1685,27762,SPATIAL_ISLANDS,p2pRqsRadius,2000,1200,110.27303133333332,44.0051235943294,55.59158333333333,175.95371666666668,descriptive marginal screen; crossed factors and repeated seeds not modeled
Client Travel Time [min],1685,27762,SPATIAL_ISLANDS,p2pRqsRadius,3000,1200,98.29485176388889,42.180979799228226,43.40035,164.44863333333333,descriptive marginal screen; crossed factors and repeated seeds not modeled
Client Travel Time [min],1685,27762,SPATIAL_ISLANDS,p2pStrategy,greedy,1800,110.7962456574074,45.68321676316961,43.40035,185.54173333333335,descriptive marginal screen; crossed factors and repeated seeds not modeled
Client Travel Time [min],1685,27762,SPATIAL_ISLANDS,p2pStrategy,nearest,1800,110.82063125,45.68334313717743,43.88778333333333,185.54173333333335,descriptive marginal screen; crossed factors and repeated seeds not modeled
Client Travel Time [min],1685,27762,SPATIAL_ISLANDS,p2pOverlayShortcuts,0,1800,116.8448198611111,46.06529950503208,69.5953,185.54173333333335,descriptive marginal screen; crossed factors and repeated seeds not modeled
Client Travel Time [min],1685,27762,SPATIAL_ISLANDS,p2pOverlayShortcuts,1,1800,104.7720570462963,44.48591128630321,43.40035,185.54173333333335,descriptive marginal screen; crossed factors and repeated seeds not modeled
Client Travel Time [min],1685,27762,SPATIAL_ISLANDS,idleRoamingMode,none,720,165.46874398148148,20.295368144333512,102.15905,185.54173333333335,descriptive marginal screen; crossed factors and repeated seeds not modeled
Client Travel Time [min],1685,27762,SPATIAL_ISLANDS,idleRoamingMode,past-avg,720,74.04447310185185,7.977590844453467,47.87835,83.20455,descriptive marginal screen; crossed factors and repeated seeds not modeled
Client Travel Time [min],1685,27762,SPATIAL_ISLANDS,idleRoamingMode,past-avg-revisit,720,158.66288481481482,29.619216994963214,70.14638333333333,185.05615,descriptive marginal screen; crossed factors and repeated seeds not modeled
Client Travel Time [min],1685,27762,SPATIAL_ISLANDS,idleRoamingMode,past-avg-total,720,73.07758127314816,9.514333412928401,43.40035,82.92991666666667,descriptive marginal screen; crossed factors and repeated seeds not modeled
Client Travel Time [min],1685,27762,SPATIAL_ISLANDS,idleRoamingMode,random,720,82.78850909722222,12.236908097227403,59.21378333333334,101.28016666666667,descriptive marginal screen; crossed factors and repeated seeds not modeled
Client Waiting Time [min],39,638,BASELINE,kHops,0,1200,3.5328073333333334,1.2192927518530805,1.8013833333333333,7.260033333333333,descriptive marginal screen; crossed factors and repeated seeds not modeled
Client Waiting Time [min],39,638,BASELINE,kHops,1,1200,3.532971305555556,1.2066422983669154,1.9221833333333334,7.260033333333333,descriptive marginal screen; crossed factors and repeated seeds not modeled
Client Waiting Time [min],39,638,BASELINE,kHops,2,1200,3.535682277777778,1.2022487706464862,1.9221833333333334,7.260033333333333,descriptive marginal screen; crossed factors and repeated seeds not modeled
Client Waiting Time [min],39,638,BASELINE,p2pRqsRadius,1000,1200,3.8793445833333333,1.9033385670594951,1.8013833333333333,7.260033333333333,descriptive marginal screen; crossed factors and repeated seeds not modeled
Client Waiting Time [min],39,638,BASELINE,p2pRqsRadius,2000,1200,2.8385997777777776,0.1896131896697457,2.59245,3.5505,descriptive marginal screen; crossed factors and repeated seeds not modeled
Client Waiting Time [min],39,638,BASELINE,p2pRqsRadius,3000,1200,3.883516555555555,0.06169409560616811,3.7624833333333334,4.07095,descriptive marginal screen; crossed factors and repeated seeds not modeled
Client Waiting Time [min],39,638,BASELINE,p2pStrategy,greedy,1800,3.5338203055555555,1.209248828872783,1.8013833333333333,7.260033333333333,descriptive marginal screen; crossed factors and repeated seeds not modeled
Client Waiting Time [min],39,638,BASELINE,p2pStrategy,nearest,1800,3.5338203055555555,1.2092488288727832,1.8013833333333333,7.260033333333333,descriptive marginal screen; crossed factors and repeated seeds not modeled
Client Waiting Time [min],39,638,BASELINE,p2pOverlayShortcuts,0,1800,3.5365203518518515,1.2144743541611998,1.8013833333333333,7.260033333333333,descriptive marginal screen; crossed factors and repeated seeds not modeled
Client Waiting Time [min],39,638,BASELINE,p2pOverlayShortcuts,1,1800,3.5311202592592594,1.2039945659098055,1.8013833333333333,7.260033333333333,descriptive marginal screen; crossed factors and repeated seeds not modeled
Client Waiting Time [min],39,638,BASELINE,idleRoamingMode,none,720,4.357211250000001,1.397175448868044,2.73825,7.260033333333333,descriptive marginal screen; crossed factors and repeated seeds not modeled
Client Waiting Time [min],39,638,BASELINE,idleRoamingMode,past-avg,720,3.0736046296296298,0.593289217435156,2.2552333333333334,4.015916666666667,descriptive marginal screen; crossed factors and repeated seeds not modeled
Client Waiting Time [min],39,638,BASELINE,idleRoamingMode,past-avg-revisit,720,4.325698657407408,1.3608553507923418,2.6621,7.260033333333333,descriptive marginal screen; crossed factors and repeated seeds not modeled
Client Waiting Time [min],39,638,BASELINE,idleRoamingMode,past-avg-total,720,3.0608913425925923,0.5994728829517012,2.2200166666666665,3.9874333333333336,descriptive marginal screen; crossed factors and repeated seeds not modeled
Client Waiting Time [min],39,638,BASELINE,idleRoamingMode,random,720,2.851695648148148,0.7702353237682742,1.8013833333333333,3.9993166666666666,descriptive marginal screen; crossed factors and repeated seeds not modeled
Client Waiting Time [min],39,638,RUSH_HOUR,kHops,0,1200,3.8344698888888886,1.3711114871661205,2.1079333333333334,8.96355,descriptive marginal screen; crossed factors and repeated seeds not modeled
Client Waiting Time [min],39,638,RUSH_HOUR,kHops,1,1200,3.8076362222222224,1.3195302563643017,2.052583333333333,8.963966666666666,descriptive marginal screen; crossed factors and repeated seeds not modeled
Client Waiting Time [min],39,638,RUSH_HOUR,kHops,2,1200,3.8117269444444446,1.3224041265316557,2.052583333333333,8.997516666666666,descriptive marginal screen; crossed factors and repeated seeds not modeled
Client Waiting Time [min],39,638,RUSH_HOUR,p2pRqsRadius,1000,1200,4.6127558055555555,1.9750570697202017,2.052583333333333,8.997516666666666,descriptive marginal screen; crossed factors and repeated seeds not modeled
Client Waiting Time [min],39,638,RUSH_HOUR,p2pRqsRadius,2000,1200,2.9265248055555557,0.16738812112911136,2.6056666666666666,3.5067666666666666,descriptive marginal screen; crossed factors and repeated seeds not modeled
Client Waiting Time [min],39,638,RUSH_HOUR,p2pRqsRadius,3000,1200,3.9145524444444444,0.0672610116336741,3.7448333333333332,4.1871,descriptive marginal screen; crossed factors and repeated seeds not modeled
Client Waiting Time [min],39,638,RUSH_HOUR,p2pStrategy,greedy,1800,3.817919277777778,1.3376368344437273,2.052583333333333,8.997516666666666,descriptive marginal screen; crossed factors and repeated seeds not modeled
Client Waiting Time [min],39,638,RUSH_HOUR,p2pStrategy,nearest,1800,3.817969425925926,1.3378781237551904,2.052583333333333,8.997516666666666,descriptive marginal screen; crossed factors and repeated seeds not modeled
Client Waiting Time [min],39,638,RUSH_HOUR,p2pOverlayShortcuts,0,1800,3.825695796296296,1.351711730045476,2.1079333333333334,8.997516666666666,descriptive marginal screen; crossed factors and repeated seeds not modeled
Client Waiting Time [min],39,638,RUSH_HOUR,p2pOverlayShortcuts,1,1800,3.8101929074074072,1.3236107201208658,2.052583333333333,8.96355,descriptive marginal screen; crossed factors and repeated seeds not modeled
Client Waiting Time [min],39,638,RUSH_HOUR,idleRoamingMode,none,720,4.607059490740741,1.7546489251901334,2.8318999999999996,8.997516666666666,descriptive marginal screen; crossed factors and repeated seeds not modeled
Client Waiting Time [min],39,638,RUSH_HOUR,idleRoamingMode,past-avg,720,3.49869212962963,0.521912004743324,2.66895,4.6770000000000005,descriptive marginal screen; crossed factors and repeated seeds not modeled
Client Waiting Time [min],39,638,RUSH_HOUR,idleRoamingMode,past-avg-revisit,720,4.510738935185185,1.6822521612275678,2.7234,8.58945,descriptive marginal screen; crossed factors and repeated seeds not modeled
Client Waiting Time [min],39,638,RUSH_HOUR,idleRoamingMode,past-avg-total,720,3.504317962962963,0.5222157225965879,2.743133333333333,4.7290833333333335,descriptive marginal screen; crossed factors and repeated seeds not modeled
Client Waiting Time [min],39,638,RUSH_HOUR,idleRoamingMode,random,720,2.968913240740741,0.6891710705246875,2.052583333333333,4.026016666666667,descriptive marginal screen; crossed factors and repeated seeds not modeled
Client Waiting Time [min],39,638,SPATIAL_IMBALANCE,kHops,0,1200,6.553975,6.460585460229787,1.6778166666666665,23.596966666666667,descriptive marginal screen; crossed factors and repeated seeds not modeled
Client Waiting Time [min],39,638,SPATIAL_IMBALANCE,kHops,1,1200,6.457760833333333,6.375462239540536,1.7444333333333333,23.591099999999997,descriptive marginal screen; crossed factors and repeated seeds not modeled
Client Waiting Time [min],39,638,SPATIAL_IMBALANCE,kHops,2,1200,6.419107388888889,6.365070711218173,1.7101166666666667,23.591099999999997,descriptive marginal screen; crossed factors and repeated seeds not modeled
Client Waiting Time [min],39,638,SPATIAL_IMBALANCE,p2pRqsRadius,1000,1200,9.98996825,9.71190105908487,1.6778166666666665,23.596966666666667,descriptive marginal screen; crossed factors and repeated seeds not modeled
Client Waiting Time [min],39,638,SPATIAL_IMBALANCE,p2pRqsRadius,2000,1200,5.251419083333333,3.0809994414516026,2.6059166666666664,11.120333333333333,descriptive marginal screen; crossed factors and repeated seeds not modeled
Client Waiting Time [min],39,638,SPATIAL_IMBALANCE,p2pRqsRadius,3000,1200,4.189455888888888,0.064196581955624,4.0040000000000004,4.347466666666667,descriptive marginal screen; crossed factors and repeated seeds not modeled
Client Waiting Time [min],39,638,SPATIAL_IMBALANCE,p2pStrategy,greedy,1800,6.476939638888889,6.399873867849055,1.6778166666666665,23.596966666666667,descriptive marginal screen; crossed factors and repeated seeds not modeled
Client Waiting Time [min],39,638,SPATIAL_IMBALANCE,p2pStrategy,nearest,1800,6.476955842592593,6.399881484385671,1.6778166666666665,23.596966666666667,descriptive marginal screen; crossed factors and repeated seeds not modeled
Client Waiting Time [min],39,638,SPATIAL_IMBALANCE,p2pOverlayShortcuts,0,1800,6.483930944444444,6.414397153457553,1.6778166666666665,23.596966666666667,descriptive marginal screen; crossed factors and repeated seeds not modeled
Client Waiting Time [min],39,638,SPATIAL_IMBALANCE,p2pOverlayShortcuts,1,1800,6.469964537037037,6.38531754198061,1.6778166666666665,23.596966666666667,descriptive marginal screen; crossed factors and repeated seeds not modeled
Client Waiting Time [min],39,638,SPATIAL_IMBALANCE,idleRoamingMode,none,720,11.857973564814815,7.520078223036736,4.161016666666667,23.596966666666667,descriptive marginal screen; crossed factors and repeated seeds not modeled
Client Waiting Time [min],39,638,SPATIAL_IMBALANCE,idleRoamingMode,past-avg,720,2.9480751388888886,0.9082169189268864,1.6778166666666665,4.2853166666666676,descriptive marginal screen; crossed factors and repeated seeds not modeled
Client Waiting Time [min],39,638,SPATIAL_IMBALANCE,idleRoamingMode,past-avg-revisit,720,11.4531625,7.515741999088635,4.091216666666667,23.458333333333332,descriptive marginal screen; crossed factors and repeated seeds not modeled
Client Waiting Time [min],39,638,SPATIAL_IMBALANCE,idleRoamingMode,past-avg-total,720,2.952167314814815,0.9114321144106103,1.6832500000000001,4.273516666666667,descriptive marginal screen; crossed factors and repeated seeds not modeled
Client Waiting Time [min],39,638,SPATIAL_IMBALANCE,idleRoamingMode,random,720,3.173360185185185,0.7976186138741648,2.030666666666667,4.347466666666667,descriptive marginal screen; crossed factors and repeated seeds not modeled
Client Waiting Time [min],39,638,SPATIAL_ISLANDS,kHops,0,1200,8.010758777777777,8.657041666466514,1.7021166666666665,31.7602,descriptive marginal screen; crossed factors and repeated seeds not modeled
Client Waiting Time [min],39,638,SPATIAL_ISLANDS,kHops,1,1200,7.839227666666667,8.507675059983775,1.7014333333333334,31.7602,descriptive marginal screen; crossed factors and repeated seeds not modeled
Client Waiting Time [min],39,638,SPATIAL_ISLANDS,kHops,2,1200,7.797730777777777,8.47421689762651,1.7228999999999999,31.7602,descriptive marginal screen; crossed factors and repeated seeds not modeled
Client Waiting Time [min],39,638,SPATIAL_ISLANDS,p2pRqsRadius,1000,1200,12.542687361111112,12.591650481822498,1.7014333333333334,31.7602,descriptive marginal screen; crossed factors and repeated seeds not modeled
Client Waiting Time [min],39,638,SPATIAL_ISLANDS,p2pRqsRadius,2000,1200,6.832740027777779,4.936930639187447,2.7696666666666667,16.639783333333334,descriptive marginal screen; crossed factors and repeated seeds not modeled
Client Waiting Time [min],39,638,SPATIAL_ISLANDS,p2pRqsRadius,3000,1200,4.272289833333334,0.5974773711696072,3.7030499999999997,6.100083333333333,descriptive marginal screen; crossed factors and repeated seeds not modeled
Client Waiting Time [min],39,638,SPATIAL_ISLANDS,p2pStrategy,greedy,1800,7.882580564814815,8.545986077239997,1.7014333333333334,31.7602,descriptive marginal screen; crossed factors and repeated seeds not modeled
Client Waiting Time [min],39,638,SPATIAL_ISLANDS,p2pStrategy,nearest,1800,7.88256425,8.545995468340584,1.7014333333333334,31.7602,descriptive marginal screen; crossed factors and repeated seeds not modeled
Client Waiting Time [min],39,638,SPATIAL_ISLANDS,p2pOverlayShortcuts,0,1800,7.935765574074074,8.594145928902472,1.7014333333333334,31.7602,descriptive marginal screen; crossed factors and repeated seeds not modeled
Client Waiting Time [min],39,638,SPATIAL_ISLANDS,p2pOverlayShortcuts,1,1800,7.8293792407407405,8.49722955783407,1.7021166666666665,31.7602,descriptive marginal screen; crossed factors and repeated seeds not modeled
Client Waiting Time [min],39,638,SPATIAL_ISLANDS,idleRoamingMode,none,720,15.44575138888889,9.578978891388932,4.214283333333333,31.37855,descriptive marginal screen; crossed factors and repeated seeds not modeled
Client Waiting Time [min],39,638,SPATIAL_ISLANDS,idleRoamingMode,past-avg,720,2.9673818055555556,0.7096437655880563,1.7228999999999999,4.026566666666667,descriptive marginal screen; crossed factors and repeated seeds not modeled
Client Waiting Time [min],39,638,SPATIAL_ISLANDS,idleRoamingMode,past-avg-revisit,720,14.862887453703705,9.77875755697593,3.7030499999999997,31.7602,descriptive marginal screen; crossed factors and repeated seeds not modeled
Client Waiting Time [min],39,638,SPATIAL_ISLANDS,idleRoamingMode,past-avg-total,720,2.9646341666666665,0.6997163101364126,1.7014333333333334,3.99705,descriptive marginal screen; crossed factors and repeated seeds not modeled
Client Waiting Time [min],39,638,SPATIAL_ISLANDS,idleRoamingMode,random,720,3.172207222222222,0.6290761018893666,2.3337,4.116033333333333,descriptive marginal screen; crossed factors and repeated seeds not modeled
Client Waiting Time [min],1685,27762,BASELINE,kHops,0,1200,4.157987222222222,1.821295334081351,1.4336166666666665,9.011983333333335,descriptive marginal screen; crossed factors and repeated seeds not modeled
Client Waiting Time [min],1685,27762,BASELINE,kHops,1,1200,4.127066166666666,1.7889625642346978,1.42805,9.020266666666666,descriptive marginal screen; crossed factors and repeated seeds not modeled
Client Waiting Time [min],1685,27762,BASELINE,kHops,2,1200,4.119393055555555,1.7711223816286856,1.4270500000000002,9.158083333333334,descriptive marginal screen; crossed factors and repeated seeds not modeled
Client Waiting Time [min],1685,27762,BASELINE,p2pRqsRadius,1000,1200,4.9901032361111115,2.789889832280582,1.4270500000000002,9.158083333333334,descriptive marginal screen; crossed factors and repeated seeds not modeled
Client Waiting Time [min],1685,27762,BASELINE,p2pRqsRadius,2000,1200,3.2244515416666664,0.5457576604658624,2.6928833333333335,4.584866666666667,descriptive marginal screen; crossed factors and repeated seeds not modeled
Client Waiting Time [min],1685,27762,BASELINE,p2pRqsRadius,3000,1200,4.189891666666667,0.09622988050377063,4.0594833333333336,4.595066666666667,descriptive marginal screen; crossed factors and repeated seeds not modeled
Client Waiting Time [min],1685,27762,BASELINE,p2pStrategy,greedy,1800,4.1350174629629635,1.7939551009200536,1.4270500000000002,9.155983333333333,descriptive marginal screen; crossed factors and repeated seeds not modeled
Client Waiting Time [min],1685,27762,BASELINE,p2pStrategy,nearest,1800,4.1346134999999995,1.793528699991876,1.4270500000000002,9.158083333333334,descriptive marginal screen; crossed factors and repeated seeds not modeled
Client Waiting Time [min],1685,27762,BASELINE,p2pOverlayShortcuts,0,1800,4.148957481481482,1.8174772018912104,1.4270500000000002,9.158083333333334,descriptive marginal screen; crossed factors and repeated seeds not modeled
Client Waiting Time [min],1685,27762,BASELINE,p2pOverlayShortcuts,1,1800,4.120673481481481,1.7695752567738516,1.4300333333333335,9.011983333333335,descriptive marginal screen; crossed factors and repeated seeds not modeled
Client Waiting Time [min],1685,27762,BASELINE,idleRoamingMode,none,720,3.5041715277777774,0.5691910374609981,2.748816666666667,4.2048499999999995,descriptive marginal screen; crossed factors and repeated seeds not modeled
Client Waiting Time [min],1685,27762,BASELINE,idleRoamingMode,past-avg,720,5.464519212962963,2.002846704862093,3.5852999999999997,9.158083333333334,descriptive marginal screen; crossed factors and repeated seeds not modeled
Client Waiting Time [min],1685,27762,BASELINE,idleRoamingMode,past-avg-revisit,720,3.481407615740741,0.5580269840275647,2.75985,4.2077333333333335,descriptive marginal screen; crossed factors and repeated seeds not modeled
Client Waiting Time [min],1685,27762,BASELINE,idleRoamingMode,past-avg-total,720,5.475131458333333,1.9897336700367876,3.5355166666666666,9.020266666666666,descriptive marginal screen; crossed factors and repeated seeds not modeled
Client Waiting Time [min],1685,27762,BASELINE,idleRoamingMode,random,720,2.748847592592593,1.0845607607065708,1.4270500000000002,4.142216666666666,descriptive marginal screen; crossed factors and repeated seeds not modeled
Client Waiting Time [min],1685,27762,RUSH_HOUR,kHops,0,1200,18.33737211111111,5.141818653233793,10.27365,26.859033333333333,descriptive marginal screen; crossed factors and repeated seeds not modeled
Client Waiting Time [min],1685,27762,RUSH_HOUR,kHops,1,1200,17.788969458333334,4.9039474906724125,10.1234,26.832016666666668,descriptive marginal screen; crossed factors and repeated seeds not modeled
Client Waiting Time [min],1685,27762,RUSH_HOUR,kHops,2,1200,17.461244861111112,4.7340919983070435,10.207283333333333,26.78665,descriptive marginal screen; crossed factors and repeated seeds not modeled
Client Waiting Time [min],1685,27762,RUSH_HOUR,p2pRqsRadius,1000,1200,20.23438652777778,5.73894115551144,10.1234,26.859033333333333,descriptive marginal screen; crossed factors and repeated seeds not modeled
Client Waiting Time [min],1685,27762,RUSH_HOUR,p2pRqsRadius,2000,1200,16.410628569444444,4.67545122233439,11.2441,23.57135,descriptive marginal screen; crossed factors and repeated seeds not modeled
Client Waiting Time [min],1685,27762,RUSH_HOUR,p2pRqsRadius,3000,1200,16.942571333333333,3.147757788867358,13.609683333333333,21.740166666666667,descriptive marginal screen; crossed factors and repeated seeds not modeled
Client Waiting Time [min],1685,27762,RUSH_HOUR,p2pStrategy,greedy,1800,17.869623805555555,4.938304165179216,10.1234,26.859033333333333,descriptive marginal screen; crossed factors and repeated seeds not modeled
Client Waiting Time [min],1685,27762,RUSH_HOUR,p2pStrategy,nearest,1800,17.855433814814816,4.945710389403493,10.152099999999999,26.859033333333333,descriptive marginal screen; crossed factors and repeated seeds not modeled
Client Waiting Time [min],1685,27762,RUSH_HOUR,p2pOverlayShortcuts,0,1800,18.13235575,5.149223556455623,10.152099999999999,26.859033333333333,descriptive marginal screen; crossed factors and repeated seeds not modeled
Client Waiting Time [min],1685,27762,RUSH_HOUR,p2pOverlayShortcuts,1,1800,17.592701870370373,4.710286900724871,10.1234,26.859033333333333,descriptive marginal screen; crossed factors and repeated seeds not modeled
Client Waiting Time [min],1685,27762,RUSH_HOUR,idleRoamingMode,none,720,16.30529685185185,3.4375315306767256,12.389866666666668,23.447733333333336,descriptive marginal screen; crossed factors and repeated seeds not modeled
Client Waiting Time [min],1685,27762,RUSH_HOUR,idleRoamingMode,past-avg,720,22.784981828703703,2.236535081445905,19.162433333333336,26.832016666666668,descriptive marginal screen; crossed factors and repeated seeds not modeled
Client Waiting Time [min],1685,27762,RUSH_HOUR,idleRoamingMode,past-avg-revisit,720,15.22874675925926,2.845582162336027,11.649833333333333,22.96486666666667,descriptive marginal screen; crossed factors and repeated seeds not modeled
Client Waiting Time [min],1685,27762,RUSH_HOUR,idleRoamingMode,past-avg-total,720,22.790601064814815,2.224046912355252,19.063583333333334,26.859033333333333,descriptive marginal screen; crossed factors and repeated seeds not modeled
Client Waiting Time [min],1685,27762,RUSH_HOUR,idleRoamingMode,random,720,12.203017546296296,1.5243484789543778,10.1234,14.964683333333333,descriptive marginal screen; crossed factors and repeated seeds not modeled
Client Waiting Time [min],1685,27762,SPATIAL_IMBALANCE,kHops,0,1200,52.487565000000004,41.11166484069621,5.202666666666667,108.26423333333334,descriptive marginal screen; crossed factors and repeated seeds not modeled
Client Waiting Time [min],1685,27762,SPATIAL_IMBALANCE,kHops,1,1200,49.839027430555554,39.14598986254021,4.575550000000001,108.67618333333333,descriptive marginal screen; crossed factors and repeated seeds not modeled
Client Waiting Time [min],1685,27762,SPATIAL_IMBALANCE,kHops,2,1200,45.78456209722222,36.9463942834727,3.849816666666667,108.55605,descriptive marginal screen; crossed factors and repeated seeds not modeled
Client Waiting Time [min],1685,27762,SPATIAL_IMBALANCE,p2pRqsRadius,1000,1200,55.911243527777785,43.58163211485649,4.99195,108.67618333333333,descriptive marginal screen; crossed factors and repeated seeds not modeled
Client Waiting Time [min],1685,27762,SPATIAL_IMBALANCE,p2pRqsRadius,2000,1200,49.21001125,38.590187859207845,3.849816666666667,100.47405,descriptive marginal screen; crossed factors and repeated seeds not modeled
Client Waiting Time [min],1685,27762,SPATIAL_IMBALANCE,p2pRqsRadius,3000,1200,42.98989975,33.73836209334393,4.778066666666667,89.21236666666667,descriptive marginal screen; crossed factors and repeated seeds not modeled
Client Waiting Time [min],1685,27762,SPATIAL_IMBALANCE,p2pStrategy,greedy,1800,49.36666424074075,39.19552608120833,3.91055,108.67618333333333,descriptive marginal screen; crossed factors and repeated seeds not modeled
Client Waiting Time [min],1685,27762,SPATIAL_IMBALANCE,p2pStrategy,nearest,1800,49.374105444444446,39.197889467955754,3.849816666666667,108.50704999999999,descriptive marginal screen; crossed factors and repeated seeds not modeled
Client Waiting Time [min],1685,27762,SPATIAL_IMBALANCE,p2pOverlayShortcuts,0,1800,51.7030835,40.45472828801602,5.097183333333334,108.67618333333333,descriptive marginal screen; crossed factors and repeated seeds not modeled
Client Waiting Time [min],1685,27762,SPATIAL_IMBALANCE,p2pOverlayShortcuts,1,1800,47.03768618518518,37.75301014307465,3.849816666666667,108.26423333333334,descriptive marginal screen; crossed factors and repeated seeds not modeled
Client Waiting Time [min],1685,27762,SPATIAL_IMBALANCE,idleRoamingMode,none,720,93.85492564814815,11.356524549650738,62.78691666666667,108.67618333333333,descriptive marginal screen; crossed factors and repeated seeds not modeled
Client Waiting Time [min],1685,27762,SPATIAL_IMBALANCE,idleRoamingMode,past-avg,720,6.219779722222222,0.7950823799890271,4.1413,8.0481,descriptive marginal screen; crossed factors and repeated seeds not modeled
Client Waiting Time [min],1685,27762,SPATIAL_IMBALANCE,idleRoamingMode,past-avg-revisit,720,88.278,16.733915007643525,42.04816666666667,107.93305000000001,descriptive marginal screen; crossed factors and repeated seeds not modeled
Client Waiting Time [min],1685,27762,SPATIAL_IMBALANCE,idleRoamingMode,past-avg-total,720,6.123223634259259,0.8648257405031715,3.849816666666667,7.933233333333334,descriptive marginal screen; crossed factors and repeated seeds not modeled
Client Waiting Time [min],1685,27762,SPATIAL_IMBALANCE,idleRoamingMode,random,720,52.37599520833333,5.820822647713265,36.850366666666666,60.087466666666664,descriptive marginal screen; crossed factors and repeated seeds not modeled
Client Waiting Time [min],1685,27762,SPATIAL_ISLANDS,kHops,0,1200,89.90626455555557,41.85581977055091,46.42156666666666,154.46041666666667,descriptive marginal screen; crossed factors and repeated seeds not modeled
Client Waiting Time [min],1685,27762,SPATIAL_ISLANDS,kHops,1,1200,85.17638220833334,41.101290951440234,36.205733333333335,155.02079999999998,descriptive marginal screen; crossed factors and repeated seeds not modeled
Client Waiting Time [min],1685,27762,SPATIAL_ISLANDS,kHops,2,1200,75.49201227777779,41.35500849823978,14.586350000000001,154.61553333333333,descriptive marginal screen; crossed factors and repeated seeds not modeled
Client Waiting Time [min],1685,27762,SPATIAL_ISLANDS,p2pRqsRadius,1000,1200,97.26733973611111,42.93715881721793,50.14533333333333,155.02079999999998,descriptive marginal screen; crossed factors and repeated seeds not modeled
Client Waiting Time [min],1685,27762,SPATIAL_ISLANDS,p2pRqsRadius,2000,1200,83.13151154166667,39.88038202032041,28.751633333333334,141.85991666666666,descriptive marginal screen; crossed factors and repeated seeds not modeled
Client Waiting Time [min],1685,27762,SPATIAL_ISLANDS,p2pRqsRadius,3000,1200,70.1758077638889,38.183381662985546,14.586350000000001,129.15331666666665,descriptive marginal screen; crossed factors and repeated seeds not modeled
Client Waiting Time [min],1685,27762,SPATIAL_ISLANDS,p2pStrategy,greedy,1800,83.50388897222223,41.860411788667165,14.586350000000001,155.02079999999998,descriptive marginal screen; crossed factors and repeated seeds not modeled
Client Waiting Time [min],1685,27762,SPATIAL_ISLANDS,p2pStrategy,nearest,1800,83.54588372222223,41.86983650666467,15.053333333333335,154.75933333333333,descriptive marginal screen; crossed factors and repeated seeds not modeled
Client Waiting Time [min],1685,27762,SPATIAL_ISLANDS,p2pOverlayShortcuts,0,1800,89.11712121296296,41.39301617297505,44.76136666666666,155.02079999999998,descriptive marginal screen; crossed factors and repeated seeds not modeled
Client Waiting Time [min],1685,27762,SPATIAL_ISLANDS,p2pOverlayShortcuts,1,1800,77.93265148148147,41.58624087128,14.586350000000001,154.46041666666667,descriptive marginal screen; crossed factors and repeated seeds not modeled
Client Waiting Time [min],1685,27762,SPATIAL_ISLANDS,idleRoamingMode,none,720,133.21797527777778,18.574959759426246,76.59833333333333,155.02079999999998,descriptive marginal screen; crossed factors and repeated seeds not modeled
Client Waiting Time [min],1685,27762,SPATIAL_ISLANDS,idleRoamingMode,past-avg,720,50.35277233796296,9.503055906570925,19.683066666666665,61.45171666666667,descriptive marginal screen; crossed factors and repeated seeds not modeled
Client Waiting Time [min],1685,27762,SPATIAL_ISLANDS,idleRoamingMode,past-avg-revisit,720,127.02823094907407,27.321133193206666,45.103966666666665,154.41915,descriptive marginal screen; crossed factors and repeated seeds not modeled
Client Waiting Time [min],1685,27762,SPATIAL_ISLANDS,idleRoamingMode,past-avg-total,720,49.238558078703704,11.251837990606912,14.586350000000001,61.076116666666664,descriptive marginal screen; crossed factors and repeated seeds not modeled
Client Waiting Time [min],1685,27762,SPATIAL_ISLANDS,idleRoamingMode,random,720,57.78689509259259,12.324361644541284,32.53231666666667,76.16503333333334,descriptive marginal screen; crossed factors and repeated seeds not modeled
Custom Time [micros],39,638,BASELINE,kHops,0,1200,0.13092583333333332,0.06535375220096022,0.053,0.844,descriptive marginal screen; crossed factors and repeated seeds not modeled
Custom Time [micros],39,638,BASELINE,kHops,1,1200,0.13433583333333335,0.07572803528909344,0.055,0.817,descriptive marginal screen; crossed factors and repeated seeds not modeled
Custom Time [micros],39,638,BASELINE,kHops,2,1200,0.13937916666666667,0.08825110356461575,0.049,0.691,descriptive marginal screen; crossed factors and repeated seeds not modeled
Custom Time [micros],39,638,BASELINE,p2pRqsRadius,1000,1200,0.08072833333333333,0.044048966580040594,0.049,0.665,descriptive marginal screen; crossed factors and repeated seeds not modeled
Custom Time [micros],39,638,BASELINE,p2pRqsRadius,2000,1200,0.12847999999999998,0.04878159800156535,0.079,0.844,descriptive marginal screen; crossed factors and repeated seeds not modeled
Custom Time [micros],39,638,BASELINE,p2pRqsRadius,3000,1200,0.1954325,0.08285437717423731,0.127,0.817,descriptive marginal screen; crossed factors and repeated seeds not modeled
Custom Time [micros],39,638,BASELINE,p2pStrategy,greedy,1800,0.13359333333333331,0.07609728100039546,0.057,0.817,descriptive marginal screen; crossed factors and repeated seeds not modeled
Custom Time [micros],39,638,BASELINE,p2pStrategy,nearest,1800,0.13616722222222222,0.07803498547684838,0.049,0.844,descriptive marginal screen; crossed factors and repeated seeds not modeled
Custom Time [micros],39,638,BASELINE,p2pOverlayShortcuts,0,1800,0.13440611111111112,0.07858584077706376,0.049,0.813,descriptive marginal screen; crossed factors and repeated seeds not modeled
Custom Time [micros],39,638,BASELINE,p2pOverlayShortcuts,1,1800,0.13535444444444444,0.0755472377963435,0.055,0.844,descriptive marginal screen; crossed factors and repeated seeds not modeled
Custom Time [micros],39,638,BASELINE,idleRoamingMode,none,720,0.1281625,0.0684657004520267,0.049,0.691,descriptive marginal screen; crossed factors and repeated seeds not modeled
Custom Time [micros],39,638,BASELINE,idleRoamingMode,past-avg,720,0.13067777777777778,0.0765682696861578,0.058,0.795,descriptive marginal screen; crossed factors and repeated seeds not modeled
Custom Time [micros],39,638,BASELINE,idleRoamingMode,past-avg-revisit,720,0.13390555555555556,0.08865466105049098,0.057,0.817,descriptive marginal screen; crossed factors and repeated seeds not modeled
Custom Time [micros],39,638,BASELINE,idleRoamingMode,past-avg-total,720,0.1482138888888889,0.09361765715785762,0.061,0.844,descriptive marginal screen; crossed factors and repeated seeds not modeled
Custom Time [micros],39,638,BASELINE,idleRoamingMode,random,720,0.13344166666666668,0.04812084275705812,0.073,0.631,descriptive marginal screen; crossed factors and repeated seeds not modeled
Custom Time [micros],39,638,RUSH_HOUR,kHops,0,1200,0.13716916666666668,0.09126355468084207,0.061,1.008,descriptive marginal screen; crossed factors and repeated seeds not modeled
Custom Time [micros],39,638,RUSH_HOUR,kHops,1,1200,0.1477675,0.11286949564115431,0.06,1.02,descriptive marginal screen; crossed factors and repeated seeds not modeled
Custom Time [micros],39,638,RUSH_HOUR,kHops,2,1200,0.15616833333333333,0.11742691726333679,0.062,1.059,descriptive marginal screen; crossed factors and repeated seeds not modeled
Custom Time [micros],39,638,RUSH_HOUR,p2pRqsRadius,1000,1200,0.09100416666666666,0.06457199161444879,0.06,0.79,descriptive marginal screen; crossed factors and repeated seeds not modeled
Custom Time [micros],39,638,RUSH_HOUR,p2pRqsRadius,2000,1200,0.1321908333333333,0.06901964098482133,0.081,0.908,descriptive marginal screen; crossed factors and repeated seeds not modeled
Custom Time [micros],39,638,RUSH_HOUR,p2pRqsRadius,3000,1200,0.21791000000000002,0.1331005886748364,0.131,1.059,descriptive marginal screen; crossed factors and repeated seeds not modeled
Custom Time [micros],39,638,RUSH_HOUR,p2pStrategy,greedy,1800,0.14850055555555555,0.11052253976059861,0.06,1.02,descriptive marginal screen; crossed factors and repeated seeds not modeled
Custom Time [micros],39,638,RUSH_HOUR,p2pStrategy,nearest,1800,0.14556944444444442,0.10551476116920286,0.063,1.059,descriptive marginal screen; crossed factors and repeated seeds not modeled
Custom Time [micros],39,638,RUSH_HOUR,p2pOverlayShortcuts,0,1800,0.14562777777777777,0.10894045936197627,0.06,1.059,descriptive marginal screen; crossed factors and repeated seeds not modeled
Custom Time [micros],39,638,RUSH_HOUR,p2pOverlayShortcuts,1,1800,0.14844222222222223,0.10714900035669069,0.06,1.02,descriptive marginal screen; crossed factors and repeated seeds not modeled
Custom Time [micros],39,638,RUSH_HOUR,idleRoamingMode,none,720,0.13788055555555556,0.1023105918336899,0.06,0.955,descriptive marginal screen; crossed factors and repeated seeds not modeled
Custom Time [micros],39,638,RUSH_HOUR,idleRoamingMode,past-avg,720,0.15420555555555557,0.11783423198623354,0.069,1.059,descriptive marginal screen; crossed factors and repeated seeds not modeled
Custom Time [micros],39,638,RUSH_HOUR,idleRoamingMode,past-avg-revisit,720,0.14291527777777777,0.11575187981209631,0.06,1.016,descriptive marginal screen; crossed factors and repeated seeds not modeled
Custom Time [micros],39,638,RUSH_HOUR,idleRoamingMode,past-avg-total,720,0.14997777777777777,0.10399518313203474,0.068,0.908,descriptive marginal screen; crossed factors and repeated seeds not modeled
Custom Time [micros],39,638,RUSH_HOUR,idleRoamingMode,random,720,0.15019583333333333,0.09845819335113455,0.077,1.022,descriptive marginal screen; crossed factors and repeated seeds not modeled
Custom Time [micros],39,638,SPATIAL_IMBALANCE,kHops,0,1200,0.16991333333333333,0.3104736178459788,0.04,7.327,descriptive marginal screen; crossed factors and repeated seeds not modeled
Custom Time [micros],39,638,SPATIAL_IMBALANCE,kHops,1,1200,0.165865,0.2172274957944036,0.037,5.667,descriptive marginal screen; crossed factors and repeated seeds not modeled
Custom Time [micros],39,638,SPATIAL_IMBALANCE,kHops,2,1200,0.18855166666666667,0.17946596434288067,0.041,1.382,descriptive marginal screen; crossed factors and repeated seeds not modeled
Custom Time [micros],39,638,SPATIAL_IMBALANCE,p2pRqsRadius,1000,1200,0.09203583333333333,0.093984788661368,0.037,1.073,descriptive marginal screen; crossed factors and repeated seeds not modeled
Custom Time [micros],39,638,SPATIAL_IMBALANCE,p2pRqsRadius,2000,1200,0.15498666666666666,0.2197232010047462,0.064,6.231,descriptive marginal screen; crossed factors and repeated seeds not modeled
Custom Time [micros],39,638,SPATIAL_IMBALANCE,p2pRqsRadius,3000,1200,0.2773075,0.31812931043662446,0.128,7.327,descriptive marginal screen; crossed factors and repeated seeds not modeled
Custom Time [micros],39,638,SPATIAL_IMBALANCE,p2pStrategy,greedy,1800,0.17969166666666667,0.2775093805534577,0.039,7.327,descriptive marginal screen; crossed factors and repeated seeds not modeled
Custom Time [micros],39,638,SPATIAL_IMBALANCE,p2pStrategy,nearest,1800,0.16986166666666666,0.20073882510879393,0.037,5.667,descriptive marginal screen; crossed factors and repeated seeds not modeled
Custom Time [micros],39,638,SPATIAL_IMBALANCE,p2pOverlayShortcuts,0,1800,0.16593222222222223,0.22173035937494953,0.039,7.327,descriptive marginal screen; crossed factors and repeated seeds not modeled
Custom Time [micros],39,638,SPATIAL_IMBALANCE,p2pOverlayShortcuts,1,1800,0.1836211111111111,0.26083516994418104,0.037,6.231,descriptive marginal screen; crossed factors and repeated seeds not modeled
Custom Time [micros],39,638,SPATIAL_IMBALANCE,idleRoamingMode,none,720,0.1386486111111111,0.24840639819231813,0.037,5.667,descriptive marginal screen; crossed factors and repeated seeds not modeled
Custom Time [micros],39,638,SPATIAL_IMBALANCE,idleRoamingMode,past-avg,720,0.20500833333333332,0.17038112374797998,0.077,1.568,descriptive marginal screen; crossed factors and repeated seeds not modeled
Custom Time [micros],39,638,SPATIAL_IMBALANCE,idleRoamingMode,past-avg-revisit,720,0.15195694444444446,0.30636568472182635,0.039,7.327,descriptive marginal screen; crossed factors and repeated seeds not modeled
Custom Time [micros],39,638,SPATIAL_IMBALANCE,idleRoamingMode,past-avg-total,720,0.21470555555555554,0.2914575657373817,0.078,6.231,descriptive marginal screen; crossed factors and repeated seeds not modeled
Custom Time [micros],39,638,SPATIAL_IMBALANCE,idleRoamingMode,random,720,0.1635638888888889,0.14009078648410295,0.074,1.325,descriptive marginal screen; crossed factors and repeated seeds not modeled
Custom Time [micros],39,638,SPATIAL_ISLANDS,kHops,0,1200,0.14474416666666667,0.30676341624112463,0.033,8.336,descriptive marginal screen; crossed factors and repeated seeds not modeled
Custom Time [micros],39,638,SPATIAL_ISLANDS,kHops,1,1200,0.12951583333333333,0.11144035269811443,0.034,1.17,descriptive marginal screen; crossed factors and repeated seeds not modeled
Custom Time [micros],39,638,SPATIAL_ISLANDS,kHops,2,1200,0.15351916666666668,0.244625794733193,0.034,7.145,descriptive marginal screen; crossed factors and repeated seeds not modeled
Custom Time [micros],39,638,SPATIAL_ISLANDS,p2pRqsRadius,1000,1200,0.07847333333333334,0.0534254888413496,0.033,0.818,descriptive marginal screen; crossed factors and repeated seeds not modeled
Custom Time [micros],39,638,SPATIAL_ISLANDS,p2pRqsRadius,2000,1200,0.13222166666666665,0.11317480422255899,0.066,1.571,descriptive marginal screen; crossed factors and repeated seeds not modeled
Custom Time [micros],39,638,SPATIAL_ISLANDS,p2pRqsRadius,3000,1200,0.21708416666666663,0.3757938214582266,0.091,8.336,descriptive marginal screen; crossed factors and repeated seeds not modeled
Custom Time [micros],39,638,SPATIAL_ISLANDS,p2pStrategy,greedy,1800,0.1442433333333333,0.2605024087380196,0.034,8.336,descriptive marginal screen; crossed factors and repeated seeds not modeled
Custom Time [micros],39,638,SPATIAL_ISLANDS,p2pStrategy,nearest,1800,0.14094277777777778,0.20786700849786538,0.033,7.145,descriptive marginal screen; crossed factors and repeated seeds not modeled
Custom Time [micros],39,638,SPATIAL_ISLANDS,p2pOverlayShortcuts,0,1800,0.13894222222222222,0.20667505435829162,0.034,7.145,descriptive marginal screen; crossed factors and repeated seeds not modeled
Custom Time [micros],39,638,SPATIAL_ISLANDS,p2pOverlayShortcuts,1,1800,0.14624388888888887,0.2614084886944604,0.033,8.336,descriptive marginal screen; crossed factors and repeated seeds not modeled
Custom Time [micros],39,638,SPATIAL_ISLANDS,idleRoamingMode,none,720,0.09342638888888888,0.08135548548764615,0.034,1.029,descriptive marginal screen; crossed factors and repeated seeds not modeled
Custom Time [micros],39,638,SPATIAL_ISLANDS,idleRoamingMode,past-avg,720,0.184475,0.3415344038693988,0.078,8.336,descriptive marginal screen; crossed factors and repeated seeds not modeled
Custom Time [micros],39,638,SPATIAL_ISLANDS,idleRoamingMode,past-avg-revisit,720,0.10491111111111111,0.19789386989710628,0.033,4.893,descriptive marginal screen; crossed factors and repeated seeds not modeled
Custom Time [micros],39,638,SPATIAL_ISLANDS,idleRoamingMode,past-avg-total,720,0.19013888888888889,0.30807584030760893,0.066,7.145,descriptive marginal screen; crossed factors and repeated seeds not modeled
Custom Time [micros],39,638,SPATIAL_ISLANDS,idleRoamingMode,random,720,0.14001388888888888,0.11275683007052695,0.071,1.257,descriptive marginal screen; crossed factors and repeated seeds not modeled
Custom Time [micros],1685,27762,BASELINE,kHops,0,1200,401.1222808333334,60.8116722815616,288.59,632.005,descriptive marginal screen; crossed factors and repeated seeds not modeled
Custom Time [micros],1685,27762,BASELINE,kHops,1,1200,425.4635925,84.49178962479,291.364,653.188,descriptive marginal screen; crossed factors and repeated seeds not modeled
Custom Time [micros],1685,27762,BASELINE,kHops,2,1200,497.79215999999997,125.83876530526693,318.727,870.851,descriptive marginal screen; crossed factors and repeated seeds not modeled
Custom Time [micros],1685,27762,BASELINE,p2pRqsRadius,1000,1200,362.25227083333334,34.07560080897904,288.59,495.01,descriptive marginal screen; crossed factors and repeated seeds not modeled
Custom Time [micros],1685,27762,BASELINE,p2pRqsRadius,2000,1200,411.43795666666665,45.144690152559434,318.425,572.734,descriptive marginal screen; crossed factors and repeated seeds not modeled
Custom Time [micros],1685,27762,BASELINE,p2pRqsRadius,3000,1200,550.6878058333333,97.01462451684759,376.559,870.851,descriptive marginal screen; crossed factors and repeated seeds not modeled
Custom Time [micros],1685,27762,BASELINE,p2pStrategy,greedy,1800,442.66520499999996,105.06881403853828,288.59,870.851,descriptive marginal screen; crossed factors and repeated seeds not modeled
Custom Time [micros],1685,27762,BASELINE,p2pStrategy,nearest,1800,440.25348388888887,100.53356000653372,297.601,827.902,descriptive marginal screen; crossed factors and repeated seeds not modeled
Custom Time [micros],1685,27762,BASELINE,p2pOverlayShortcuts,0,1800,430.54334611111113,85.05735442387946,288.59,706.38,descriptive marginal screen; crossed factors and repeated seeds not modeled
Custom Time [micros],1685,27762,BASELINE,p2pOverlayShortcuts,1,1800,452.37534277777775,116.94510735235085,299.623,870.851,descriptive marginal screen; crossed factors and repeated seeds not modeled
Custom Time [micros],1685,27762,BASELINE,idleRoamingMode,none,720,401.84098611111114,82.05370936413725,291.364,632.413,descriptive marginal screen; crossed factors and repeated seeds not modeled
Custom Time [micros],1685,27762,BASELINE,idleRoamingMode,past-avg,720,458.4565236111111,104.15284751121712,288.59,784.735,descriptive marginal screen; crossed factors and repeated seeds not modeled
Custom Time [micros],1685,27762,BASELINE,idleRoamingMode,past-avg-revisit,720,427.9858527777778,89.05421962003864,318.561,739.685,descriptive marginal screen; crossed factors and repeated seeds not modeled
Custom Time [micros],1685,27762,BASELINE,idleRoamingMode,past-avg-total,720,447.5461555555556,99.65647942274227,297.601,802.104,descriptive marginal screen; crossed factors and repeated seeds not modeled
Custom Time [micros],1685,27762,BASELINE,idleRoamingMode,random,720,471.46720416666665,120.38736458230302,321.149,870.851,descriptive marginal screen; crossed factors and repeated seeds not modeled
Custom Time [micros],1685,27762,RUSH_HOUR,kHops,0,1200,660.48119,224.39230697637353,350.821,1288.93,descriptive marginal screen; crossed factors and repeated seeds not modeled
Custom Time [micros],1685,27762,RUSH_HOUR,kHops,1,1200,1801.1829066666667,1235.344524433277,487.132,5282.249,descriptive marginal screen; crossed factors and repeated seeds not modeled
Custom Time [micros],1685,27762,RUSH_HOUR,kHops,2,1200,5319.619183333333,5316.850962365887,657.119,22621.016,descriptive marginal screen; crossed factors and repeated seeds not modeled
Custom Time [micros],1685,27762,RUSH_HOUR,p2pRqsRadius,1000,1200,704.703215,314.4243694661707,350.821,1818.203,descriptive marginal screen; crossed factors and repeated seeds not modeled
Custom Time [micros],1685,27762,RUSH_HOUR,p2pRqsRadius,2000,1200,2056.995836666667,1805.3286681885538,500.131,8057.767,descriptive marginal screen; crossed factors and repeated seeds not modeled
Custom Time [micros],1685,27762,RUSH_HOUR,p2pRqsRadius,3000,1200,5019.584228333333,5342.635194357281,731.477,22621.016,descriptive marginal screen; crossed factors and repeated seeds not modeled
Custom Time [micros],1685,27762,RUSH_HOUR,p2pStrategy,greedy,1800,2648.382626111111,3857.1745263580283,350.821,22621.016,descriptive marginal screen; crossed factors and repeated seeds not modeled
Custom Time [micros],1685,27762,RUSH_HOUR,p2pStrategy,nearest,1800,2539.1395605555554,3588.314309673151,353.716,20473.278,descriptive marginal screen; crossed factors and repeated seeds not modeled
Custom Time [micros],1685,27762,RUSH_HOUR,p2pOverlayShortcuts,0,1800,1735.519285,1720.2437005800327,350.821,7990.225,descriptive marginal screen; crossed factors and repeated seeds not modeled
Custom Time [micros],1685,27762,RUSH_HOUR,p2pOverlayShortcuts,1,1800,3452.0029016666667,4829.756720970573,352.862,22621.016,descriptive marginal screen; crossed factors and repeated seeds not modeled
Custom Time [micros],1685,27762,RUSH_HOUR,idleRoamingMode,none,720,2199.0823083333335,3050.33679382646,350.821,15981.758,descriptive marginal screen; crossed factors and repeated seeds not modeled
Custom Time [micros],1685,27762,RUSH_HOUR,idleRoamingMode,past-avg,720,3161.7025736111113,4416.463824577847,381.135,21640.884,descriptive marginal screen; crossed factors and repeated seeds not modeled
Custom Time [micros],1685,27762,RUSH_HOUR,idleRoamingMode,past-avg-revisit,720,2237.690704166667,3189.8291444400247,365.618,16028.746,descriptive marginal screen; crossed factors and repeated seeds not modeled
Custom Time [micros],1685,27762,RUSH_HOUR,idleRoamingMode,past-avg-total,720,3181.0046388888886,4519.490899381696,385.893,22621.016,descriptive marginal screen; crossed factors and repeated seeds not modeled
Custom Time [micros],1685,27762,RUSH_HOUR,idleRoamingMode,random,720,2189.3252416666664,2988.599022618427,426.716,14876.753,descriptive marginal screen; crossed factors and repeated seeds not modeled
Custom Time [micros],1685,27762,SPATIAL_IMBALANCE,kHops,0,1200,432.74642500000004,186.43403293626884,139.39,949.996,descriptive marginal screen; crossed factors and repeated seeds not modeled
Custom Time [micros],1685,27762,SPATIAL_IMBALANCE,kHops,1,1200,1110.9503933333333,857.573744637089,170.3,3639.073,descriptive marginal screen; crossed factors and repeated seeds not modeled
Custom Time [micros],1685,27762,SPATIAL_IMBALANCE,kHops,2,1200,2320.1352283333335,2358.9812337884605,208.395,10587.879,descriptive marginal screen; crossed factors and repeated seeds not modeled
Custom Time [micros],1685,27762,SPATIAL_IMBALANCE,p2pRqsRadius,1000,1200,353.36886250000003,123.15213428787308,139.39,666.741,descriptive marginal screen; crossed factors and repeated seeds not modeled
Custom Time [micros],1685,27762,SPATIAL_IMBALANCE,p2pRqsRadius,2000,1200,1031.6433933333333,800.146587539192,235.378,3847.877,descriptive marginal screen; crossed factors and repeated seeds not modeled
Custom Time [micros],1685,27762,SPATIAL_IMBALANCE,p2pRqsRadius,3000,1200,2478.819790833333,2269.3485816843445,406.804,10587.879,descriptive marginal screen; crossed factors and repeated seeds not modeled
Custom Time [micros],1685,27762,SPATIAL_IMBALANCE,p2pStrategy,greedy,1800,1302.7695655555556,1682.1339416344017,139.39,10587.879,descriptive marginal screen; crossed factors and repeated seeds not modeled
Custom Time [micros],1685,27762,SPATIAL_IMBALANCE,p2pStrategy,nearest,1800,1273.1184655555555,1616.0290899573404,143.484,9633.772,descriptive marginal screen; crossed factors and repeated seeds not modeled
Custom Time [micros],1685,27762,SPATIAL_IMBALANCE,p2pOverlayShortcuts,0,1800,1061.7459494444445,1216.6575938969575,139.39,6205.487,descriptive marginal screen; crossed factors and repeated seeds not modeled
Custom Time [micros],1685,27762,SPATIAL_IMBALANCE,p2pOverlayShortcuts,1,1800,1514.1420816666666,1964.4135873501598,144.786,10587.879,descriptive marginal screen; crossed factors and repeated seeds not modeled
Custom Time [micros],1685,27762,SPATIAL_IMBALANCE,idleRoamingMode,none,720,1720.906788888889,2383.6720398456137,139.39,10587.879,descriptive marginal screen; crossed factors and repeated seeds not modeled
Custom Time [micros],1685,27762,SPATIAL_IMBALANCE,idleRoamingMode,past-avg,720,821.9289069444444,559.6449943456156,352.767,2942.574,descriptive marginal screen; crossed factors and repeated seeds not modeled
Custom Time [micros],1685,27762,SPATIAL_IMBALANCE,idleRoamingMode,past-avg-revisit,720,1570.8856375,2030.5237434688167,146.737,8963.23,descriptive marginal screen; crossed factors and repeated seeds not modeled
Custom Time [micros],1685,27762,SPATIAL_IMBALANCE,idleRoamingMode,past-avg-total,720,873.6387152777778,625.5371719891173,363.742,3399.834,descriptive marginal screen; crossed factors and repeated seeds not modeled
Custom Time [micros],1685,27762,SPATIAL_IMBALANCE,idleRoamingMode,random,720,1452.3600291666667,1556.1267327028177,295.348,6942.87,descriptive marginal screen; crossed factors and repeated seeds not modeled
Custom Time [micros],1685,27762,SPATIAL_ISLANDS,kHops,0,1200,393.44253083333336,195.8203785716831,105.061,835.165,descriptive marginal screen; crossed factors and repeated seeds not modeled
Custom Time [micros],1685,27762,SPATIAL_ISLANDS,kHops,1,1200,1532.5515183333332,1199.3608684354067,115.67,4539.6,descriptive marginal screen; crossed factors and repeated seeds not modeled
Custom Time [micros],1685,27762,SPATIAL_ISLANDS,kHops,2,1200,3513.3197041666663,3481.8131302907386,137.22,17925.125,descriptive marginal screen; crossed factors and repeated seeds not modeled
Custom Time [micros],1685,27762,SPATIAL_ISLANDS,p2pRqsRadius,1000,1200,363.59028333333333,199.6407970580196,105.061,870.386,descriptive marginal screen; crossed factors and repeated seeds not modeled
Custom Time [micros],1685,27762,SPATIAL_ISLANDS,p2pRqsRadius,2000,1200,1488.0042283333335,1270.0832023483079,168.146,5071.22,descriptive marginal screen; crossed factors and repeated seeds not modeled
Custom Time [micros],1685,27762,SPATIAL_ISLANDS,p2pRqsRadius,3000,1200,3587.7192416666667,3402.263971770451,302.157,17925.125,descriptive marginal screen; crossed factors and repeated seeds not modeled
Custom Time [micros],1685,27762,SPATIAL_ISLANDS,p2pStrategy,greedy,1800,1829.7372522222222,2515.8706841409153,105.061,17925.125,descriptive marginal screen; crossed factors and repeated seeds not modeled
Custom Time [micros],1685,27762,SPATIAL_ISLANDS,p2pStrategy,nearest,1800,1796.4719166666669,2461.4994548765144,106.757,16471.608,descriptive marginal screen; crossed factors and repeated seeds not modeled
Custom Time [micros],1685,27762,SPATIAL_ISLANDS,p2pOverlayShortcuts,0,1800,1505.8245633333333,1817.2795690949147,105.061,7016.166,descriptive marginal screen; crossed factors and repeated seeds not modeled
Custom Time [micros],1685,27762,SPATIAL_ISLANDS,p2pOverlayShortcuts,1,1800,2120.3846055555555,2982.8989991209983,107.65,17925.125,descriptive marginal screen; crossed factors and repeated seeds not modeled
Custom Time [micros],1685,27762,SPATIAL_ISLANDS,idleRoamingMode,none,720,2031.8489097222223,3706.71391871656,105.061,17925.125,descriptive marginal screen; crossed factors and repeated seeds not modeled
Custom Time [micros],1685,27762,SPATIAL_ISLANDS,idleRoamingMode,past-avg,720,1762.393940277778,1704.6182261464887,329.127,7016.166,descriptive marginal screen; crossed factors and repeated seeds not modeled
Custom Time [micros],1685,27762,SPATIAL_ISLANDS,idleRoamingMode,past-avg-revisit,720,1799.9306027777777,2820.883966154622,111.256,12479.899,descriptive marginal screen; crossed factors and repeated seeds not modeled
Custom Time [micros],1685,27762,SPATIAL_ISLANDS,idleRoamingMode,past-avg-total,720,1642.6884333333333,1550.1198135312789,335.663,7005.061,descriptive marginal screen; crossed factors and repeated seeds not modeled
Custom Time [micros],1685,27762,SPATIAL_ISLANDS,idleRoamingMode,random,720,1828.6610361111111,1978.1290753972698,276.43,7857.969,descriptive marginal screen; crossed factors and repeated seeds not modeled
Simulation Time [millis],39,638,BASELINE,kHops,0,1200,0.015270833333333332,0.006229351490233925,0.01,0.045,descriptive marginal screen; crossed factors and repeated seeds not modeled
Simulation Time [millis],39,638,BASELINE,kHops,1,1200,0.015372499999999999,0.005883246346446616,0.01,0.038,descriptive marginal screen; crossed factors and repeated seeds not modeled
Simulation Time [millis],39,638,BASELINE,kHops,2,1200,0.0161725,0.005917932805513724,0.01,0.034,descriptive marginal screen; crossed factors and repeated seeds not modeled
Simulation Time [millis],39,638,BASELINE,p2pRqsRadius,1000,1200,0.022575833333333333,0.005619658925972206,0.014,0.045,descriptive marginal screen; crossed factors and repeated seeds not modeled
Simulation Time [millis],39,638,BASELINE,p2pRqsRadius,2000,1200,0.012310833333333333,0.0014824689093799878,0.01,0.018,descriptive marginal screen; crossed factors and repeated seeds not modeled
Simulation Time [millis],39,638,BASELINE,p2pRqsRadius,3000,1200,0.011929166666666666,0.0014603400744917334,0.01,0.022,descriptive marginal screen; crossed factors and repeated seeds not modeled
Simulation Time [millis],39,638,BASELINE,p2pStrategy,greedy,1800,0.015591111111111111,0.00592040299629718,0.01,0.038,descriptive marginal screen; crossed factors and repeated seeds not modeled
Simulation Time [millis],39,638,BASELINE,p2pStrategy,nearest,1800,0.015619444444444443,0.006127527416715814,0.01,0.045,descriptive marginal screen; crossed factors and repeated seeds not modeled
Simulation Time [millis],39,638,BASELINE,p2pOverlayShortcuts,0,1800,0.015582222222222221,0.00617188622756074,0.01,0.045,descriptive marginal screen; crossed factors and repeated seeds not modeled
Simulation Time [millis],39,638,BASELINE,p2pOverlayShortcuts,1,1800,0.015628333333333334,0.005874089050992364,0.01,0.038,descriptive marginal screen; crossed factors and repeated seeds not modeled
Simulation Time [millis],39,638,BASELINE,idleRoamingMode,none,720,0.017402777777777777,0.007766694920767341,0.01,0.045,descriptive marginal screen; crossed factors and repeated seeds not modeled
Simulation Time [millis],39,638,BASELINE,idleRoamingMode,past-avg,720,0.014420833333333332,0.003754920276984459,0.01,0.025,descriptive marginal screen; crossed factors and repeated seeds not modeled
Simulation Time [millis],39,638,BASELINE,idleRoamingMode,past-avg-revisit,720,0.018644444444444443,0.008033394987038273,0.01,0.038,descriptive marginal screen; crossed factors and repeated seeds not modeled
Simulation Time [millis],39,638,BASELINE,idleRoamingMode,past-avg-total,720,0.014802777777777778,0.0037797488426551287,0.01,0.025,descriptive marginal screen; crossed factors and repeated seeds not modeled
Simulation Time [millis],39,638,BASELINE,idleRoamingMode,random,720,0.012755555555555555,0.0023952252508840526,0.01,0.019,descriptive marginal screen; crossed factors and repeated seeds not modeled
Simulation Time [millis],39,638,RUSH_HOUR,kHops,0,1200,0.015408333333333331,0.005005911156920531,0.01,0.03,descriptive marginal screen; crossed factors and repeated seeds not modeled
Simulation Time [millis],39,638,RUSH_HOUR,kHops,1,1200,0.015523333333333333,0.004903008103461356,0.01,0.032,descriptive marginal screen; crossed factors and repeated seeds not modeled
Simulation Time [millis],39,638,RUSH_HOUR,kHops,2,1200,0.016820833333333333,0.004758950056849922,0.011,0.03,descriptive marginal screen; crossed factors and repeated seeds not modeled
Simulation Time [millis],39,638,RUSH_HOUR,p2pRqsRadius,1000,1200,0.021954166666666667,0.0036232590270643375,0.014,0.032,descriptive marginal screen; crossed factors and repeated seeds not modeled
Simulation Time [millis],39,638,RUSH_HOUR,p2pRqsRadius,2000,1200,0.012983333333333333,0.001131719729811492,0.01,0.018,descriptive marginal screen; crossed factors and repeated seeds not modeled
Simulation Time [millis],39,638,RUSH_HOUR,p2pRqsRadius,3000,1200,0.012815,0.001961457220713866,0.01,0.026,descriptive marginal screen; crossed factors and repeated seeds not modeled
Simulation Time [millis],39,638,RUSH_HOUR,p2pStrategy,greedy,1800,0.015938333333333332,0.004932346919747506,0.01,0.032,descriptive marginal screen; crossed factors and repeated seeds not modeled
Simulation Time [millis],39,638,RUSH_HOUR,p2pStrategy,nearest,1800,0.015896666666666667,0.004930465917479216,0.01,0.03,descriptive marginal screen; crossed factors and repeated seeds not modeled
Simulation Time [millis],39,638,RUSH_HOUR,p2pOverlayShortcuts,0,1800,0.015916666666666666,0.005001139392135197,0.01,0.032,descriptive marginal screen; crossed factors and repeated seeds not modeled
Simulation Time [millis],39,638,RUSH_HOUR,p2pOverlayShortcuts,1,1800,0.015918333333333333,0.0048607625151838195,0.01,0.03,descriptive marginal screen; crossed factors and repeated seeds not modeled
Simulation Time [millis],39,638,RUSH_HOUR,idleRoamingMode,none,720,0.016793055555555554,0.005792922313131554,0.01,0.03,descriptive marginal screen; crossed factors and repeated seeds not modeled
Simulation Time [millis],39,638,RUSH_HOUR,idleRoamingMode,past-avg,720,0.015565277777777779,0.004075595120147729,0.01,0.025,descriptive marginal screen; crossed factors and repeated seeds not modeled
Simulation Time [millis],39,638,RUSH_HOUR,idleRoamingMode,past-avg-revisit,720,0.01768611111111111,0.006336535681132317,0.01,0.032,descriptive marginal screen; crossed factors and repeated seeds not modeled
Simulation Time [millis],39,638,RUSH_HOUR,idleRoamingMode,past-avg-total,720,0.01568472222222222,0.004140681839742772,0.01,0.027,descriptive marginal screen; crossed factors and repeated seeds not modeled
Simulation Time [millis],39,638,RUSH_HOUR,idleRoamingMode,random,720,0.013858333333333334,0.0024305513720519452,0.01,0.02,descriptive marginal screen; crossed factors and repeated seeds not modeled
Simulation Time [millis],39,638,SPATIAL_IMBALANCE,kHops,0,1200,0.019833333333333335,0.009008320991994076,0.01,0.044,descriptive marginal screen; crossed factors and repeated seeds not modeled
Simulation Time [millis],39,638,SPATIAL_IMBALANCE,kHops,1,1200,0.019637500000000002,0.009140790746039738,0.01,0.045,descriptive marginal screen; crossed factors and repeated seeds not modeled
Simulation Time [millis],39,638,SPATIAL_IMBALANCE,kHops,2,1200,0.02123416666666667,0.009439999680465843,0.011,0.046,descriptive marginal screen; crossed factors and repeated seeds not modeled
Simulation Time [millis],39,638,SPATIAL_IMBALANCE,p2pRqsRadius,1000,1200,0.025645,0.009249068208145752,0.013,0.046,descriptive marginal screen; crossed factors and repeated seeds not modeled
Simulation Time [millis],39,638,SPATIAL_IMBALANCE,p2pRqsRadius,2000,1200,0.020767499999999998,0.009730313951323776,0.01,0.046,descriptive marginal screen; crossed factors and repeated seeds not modeled
Simulation Time [millis],39,638,SPATIAL_IMBALANCE,p2pRqsRadius,3000,1200,0.0142925,0.0031925074528543285,0.01,0.029,descriptive marginal screen; crossed factors and repeated seeds not modeled
Simulation Time [millis],39,638,SPATIAL_IMBALANCE,p2pStrategy,greedy,1800,0.020375555555555556,0.009186479069266666,0.01,0.046,descriptive marginal screen; crossed factors and repeated seeds not modeled
Simulation Time [millis],39,638,SPATIAL_IMBALANCE,p2pStrategy,nearest,1800,0.020094444444444446,0.009259880303632504,0.01,0.046,descriptive marginal screen; crossed factors and repeated seeds not modeled
Simulation Time [millis],39,638,SPATIAL_IMBALANCE,p2pOverlayShortcuts,0,1800,0.02015888888888889,0.00916049709000293,0.01,0.046,descriptive marginal screen; crossed factors and repeated seeds not modeled
Simulation Time [millis],39,638,SPATIAL_IMBALANCE,p2pOverlayShortcuts,1,1800,0.020311111111111113,0.009287088641801411,0.01,0.046,descriptive marginal screen; crossed factors and repeated seeds not modeled
Simulation Time [millis],39,638,SPATIAL_IMBALANCE,idleRoamingMode,none,720,0.027418055555555557,0.010551625867756043,0.01,0.046,descriptive marginal screen; crossed factors and repeated seeds not modeled
Simulation Time [millis],39,638,SPATIAL_IMBALANCE,idleRoamingMode,past-avg,720,0.015126388888888889,0.0035793214271916344,0.01,0.031,descriptive marginal screen; crossed factors and repeated seeds not modeled
Simulation Time [millis],39,638,SPATIAL_IMBALANCE,idleRoamingMode,past-avg-revisit,720,0.027591666666666667,0.009891058183474282,0.01,0.046,descriptive marginal screen; crossed factors and repeated seeds not modeled
Simulation Time [millis],39,638,SPATIAL_IMBALANCE,idleRoamingMode,past-avg-total,720,0.014959722222222223,0.0029941602746463704,0.01,0.028,descriptive marginal screen; crossed factors and repeated seeds not modeled
Simulation Time [millis],39,638,SPATIAL_IMBALANCE,idleRoamingMode,random,720,0.016079166666666665,0.004205845243727634,0.01,0.029,descriptive marginal screen; crossed factors and repeated seeds not modeled
Simulation Time [millis],39,638,SPATIAL_ISLANDS,kHops,0,1200,0.020355,0.007888652231424383,0.01,0.037,descriptive marginal screen; crossed factors and repeated seeds not modeled
Simulation Time [millis],39,638,SPATIAL_ISLANDS,kHops,1,1200,0.020296666666666668,0.008034661497331595,0.01,0.044,descriptive marginal screen; crossed factors and repeated seeds not modeled
Simulation Time [millis],39,638,SPATIAL_ISLANDS,kHops,2,1200,0.02120333333333333,0.008180429190472774,0.01,0.04,descriptive marginal screen; crossed factors and repeated seeds not modeled
Simulation Time [millis],39,638,SPATIAL_ISLANDS,p2pRqsRadius,1000,1200,0.025068333333333335,0.00795548481684899,0.014,0.044,descriptive marginal screen; crossed factors and repeated seeds not modeled
Simulation Time [millis],39,638,SPATIAL_ISLANDS,p2pRqsRadius,2000,1200,0.020835833333333335,0.0087073952237092,0.01,0.04,descriptive marginal screen; crossed factors and repeated seeds not modeled
Simulation Time [millis],39,638,SPATIAL_ISLANDS,p2pRqsRadius,3000,1200,0.01595083333333333,0.0036664631138687343,0.01,0.029,descriptive marginal screen; crossed factors and repeated seeds not modeled
Simulation Time [millis],39,638,SPATIAL_ISLANDS,p2pStrategy,greedy,1800,0.020688333333333333,0.008102324860740383,0.01,0.044,descriptive marginal screen; crossed factors and repeated seeds not modeled
Simulation Time [millis],39,638,SPATIAL_ISLANDS,p2pStrategy,nearest,1800,0.020548333333333335,0.007986710578129804,0.01,0.04,descriptive marginal screen; crossed factors and repeated seeds not modeled
Simulation Time [millis],39,638,SPATIAL_ISLANDS,p2pOverlayShortcuts,0,1800,0.02055222222222222,0.008094188827791173,0.01,0.044,descriptive marginal screen; crossed factors and repeated seeds not modeled
Simulation Time [millis],39,638,SPATIAL_ISLANDS,p2pOverlayShortcuts,1,1800,0.020684444444444443,0.00799502223000532,0.01,0.039,descriptive marginal screen; crossed factors and repeated seeds not modeled
Simulation Time [millis],39,638,SPATIAL_ISLANDS,idleRoamingMode,none,720,0.027505555555555557,0.006801576535090605,0.012,0.038,descriptive marginal screen; crossed factors and repeated seeds not modeled
Simulation Time [millis],39,638,SPATIAL_ISLANDS,idleRoamingMode,past-avg,720,0.01570416666666667,0.003336481765308547,0.01,0.029,descriptive marginal screen; crossed factors and repeated seeds not modeled
Simulation Time [millis],39,638,SPATIAL_ISLANDS,idleRoamingMode,past-avg-revisit,720,0.027881944444444442,0.008368010256778434,0.011,0.044,descriptive marginal screen; crossed factors and repeated seeds not modeled
Simulation Time [millis],39,638,SPATIAL_ISLANDS,idleRoamingMode,past-avg-total,720,0.0158125,0.0031308255853079578,0.01,0.032,descriptive marginal screen; crossed factors and repeated seeds not modeled
Simulation Time [millis],39,638,SPATIAL_ISLANDS,idleRoamingMode,random,720,0.0161875,0.004399975897645454,0.01,0.031,descriptive marginal screen; crossed factors and repeated seeds not modeled
Simulation Time [millis],1685,27762,BASELINE,kHops,0,1200,6.008290833333333,1.3579166583256992,3.542,9.249,descriptive marginal screen; crossed factors and repeated seeds not modeled
Simulation Time [millis],1685,27762,BASELINE,kHops,1,1200,5.945509166666667,1.351302543987516,3.334,8.859,descriptive marginal screen; crossed factors and repeated seeds not modeled
Simulation Time [millis],1685,27762,BASELINE,kHops,2,1200,6.499975,1.4291153195382056,3.508,9.441,descriptive marginal screen; crossed factors and repeated seeds not modeled
Simulation Time [millis],1685,27762,BASELINE,p2pRqsRadius,1000,1200,7.479241666666667,0.7963442671087813,5.402,9.441,descriptive marginal screen; crossed factors and repeated seeds not modeled
Simulation Time [millis],1685,27762,BASELINE,p2pRqsRadius,2000,1200,5.922016666666667,1.175004147657104,3.776,8.045,descriptive marginal screen; crossed factors and repeated seeds not modeled
Simulation Time [millis],1685,27762,BASELINE,p2pRqsRadius,3000,1200,5.052516666666667,0.9253167695401479,3.334,8.139,descriptive marginal screen; crossed factors and repeated seeds not modeled
Simulation Time [millis],1685,27762,BASELINE,p2pStrategy,greedy,1800,6.162158888888889,1.4117928868627327,3.334,9.245,descriptive marginal screen; crossed factors and repeated seeds not modeled
Simulation Time [millis],1685,27762,BASELINE,p2pStrategy,nearest,1800,6.140357777777778,1.3916709388343833,3.393,9.441,descriptive marginal screen; crossed factors and repeated seeds not modeled
Simulation Time [millis],1685,27762,BASELINE,p2pOverlayShortcuts,0,1800,6.152710555555556,1.4096159759545044,3.334,9.249,descriptive marginal screen; crossed factors and repeated seeds not modeled
Simulation Time [millis],1685,27762,BASELINE,p2pOverlayShortcuts,1,1800,6.149806111111111,1.3939596528607476,3.393,9.441,descriptive marginal screen; crossed factors and repeated seeds not modeled
Simulation Time [millis],1685,27762,BASELINE,idleRoamingMode,none,720,5.3864680555555555,1.3200506803528307,3.334,9.249,descriptive marginal screen; crossed factors and repeated seeds not modeled
Simulation Time [millis],1685,27762,BASELINE,idleRoamingMode,past-avg,720,7.001680555555556,1.037473441205568,4.907,9.441,descriptive marginal screen; crossed factors and repeated seeds not modeled
Simulation Time [millis],1685,27762,BASELINE,idleRoamingMode,past-avg-revisit,720,6.071613888888889,1.3660971018199939,3.834,8.866,descriptive marginal screen; crossed factors and repeated seeds not modeled
Simulation Time [millis],1685,27762,BASELINE,idleRoamingMode,past-avg-total,720,7.134148611111111,0.8991675280673519,5.335,9.245,descriptive marginal screen; crossed factors and repeated seeds not modeled
Simulation Time [millis],1685,27762,BASELINE,idleRoamingMode,random,720,5.162380555555556,1.037787672957024,3.811,8.312,descriptive marginal screen; crossed factors and repeated seeds not modeled
Simulation Time [millis],1685,27762,RUSH_HOUR,kHops,0,1200,7.083505833333334,1.3601517693486846,4.732,10.411,descriptive marginal screen; crossed factors and repeated seeds not modeled
Simulation Time [millis],1685,27762,RUSH_HOUR,kHops,1,1200,7.807684166666666,1.6473449827908677,5.025,12.889,descriptive marginal screen; crossed factors and repeated seeds not modeled
Simulation Time [millis],1685,27762,RUSH_HOUR,kHops,2,1200,11.760354166666666,5.136480903347937,5.697,30.269,descriptive marginal screen; crossed factors and repeated seeds not modeled
Simulation Time [millis],1685,27762,RUSH_HOUR,p2pRqsRadius,1000,1200,8.044090833333334,1.2630109182950144,5.091,10.895,descriptive marginal screen; crossed factors and repeated seeds not modeled
Simulation Time [millis],1685,27762,RUSH_HOUR,p2pRqsRadius,2000,1200,8.191029166666667,2.3510698180595284,4.732,15.858,descriptive marginal screen; crossed factors and repeated seeds not modeled
Simulation Time [millis],1685,27762,RUSH_HOUR,p2pRqsRadius,3000,1200,10.416424166666667,5.742104123988431,4.736,30.269,descriptive marginal screen; crossed factors and repeated seeds not modeled
Simulation Time [millis],1685,27762,RUSH_HOUR,p2pStrategy,greedy,1800,8.954001111111111,3.9368057359997426,4.732,30.269,descriptive marginal screen; crossed factors and repeated seeds not modeled
Simulation Time [millis],1685,27762,RUSH_HOUR,p2pStrategy,nearest,1800,8.813695,3.683915904000248,4.736,28.085,descriptive marginal screen; crossed factors and repeated seeds not modeled
Simulation Time [millis],1685,27762,RUSH_HOUR,p2pOverlayShortcuts,0,1800,8.074537777777778,2.061756506978833,4.736,15.385,descriptive marginal screen; crossed factors and repeated seeds not modeled
Simulation Time [millis],1685,27762,RUSH_HOUR,p2pOverlayShortcuts,1,1800,9.693158333333335,4.849535014349912,4.732,30.269,descriptive marginal screen; crossed factors and repeated seeds not modeled
Simulation Time [millis],1685,27762,RUSH_HOUR,idleRoamingMode,none,720,8.0733625,2.661716157254695,4.736,20.378,descriptive marginal screen; crossed factors and repeated seeds not modeled
Simulation Time [millis],1685,27762,RUSH_HOUR,idleRoamingMode,past-avg,720,10.692693055555555,4.256210093225049,7.528,28.761,descriptive marginal screen; crossed factors and repeated seeds not modeled
Simulation Time [millis],1685,27762,RUSH_HOUR,idleRoamingMode,past-avg-revisit,720,7.985026388888889,2.8668772897171055,4.925,20.694,descriptive marginal screen; crossed factors and repeated seeds not modeled
Simulation Time [millis],1685,27762,RUSH_HOUR,idleRoamingMode,past-avg-total,720,10.722202777777778,4.391943868439685,7.646,30.269,descriptive marginal screen; crossed factors and repeated seeds not modeled
Simulation Time [millis],1685,27762,RUSH_HOUR,idleRoamingMode,random,720,6.945955555555555,2.8571120344567835,4.732,19.364,descriptive marginal screen; crossed factors and repeated seeds not modeled
Simulation Time [millis],1685,27762,SPATIAL_IMBALANCE,kHops,0,1200,7.897255,1.7291491358237256,4.756,11.037,descriptive marginal screen; crossed factors and repeated seeds not modeled
Simulation Time [millis],1685,27762,SPATIAL_IMBALANCE,kHops,1,1200,8.445685,2.1631910900762232,4.612,12.641,descriptive marginal screen; crossed factors and repeated seeds not modeled
Simulation Time [millis],1685,27762,SPATIAL_IMBALANCE,kHops,2,1200,9.975554166666667,3.14274191394723,5.003,18.393,descriptive marginal screen; crossed factors and repeated seeds not modeled
Simulation Time [millis],1685,27762,SPATIAL_IMBALANCE,p2pRqsRadius,1000,1200,8.924063333333333,1.1712562794064043,6.935,12.96,descriptive marginal screen; crossed factors and repeated seeds not modeled
Simulation Time [millis],1685,27762,SPATIAL_IMBALANCE,p2pRqsRadius,2000,1200,8.13003,2.4726050686717755,4.612,13.515,descriptive marginal screen; crossed factors and repeated seeds not modeled
Simulation Time [millis],1685,27762,SPATIAL_IMBALANCE,p2pRqsRadius,3000,1200,9.264400833333333,3.421173418794668,4.756,18.393,descriptive marginal screen; crossed factors and repeated seeds not modeled
Simulation Time [millis],1685,27762,SPATIAL_IMBALANCE,p2pStrategy,greedy,1800,8.813597222222223,2.6120397824104806,4.612,18.393,descriptive marginal screen; crossed factors and repeated seeds not modeled
Simulation Time [millis],1685,27762,SPATIAL_IMBALANCE,p2pStrategy,nearest,1800,8.732065555555556,2.5329399278904154,4.677,16.968,descriptive marginal screen; crossed factors and repeated seeds not modeled
Simulation Time [millis],1685,27762,SPATIAL_IMBALANCE,p2pOverlayShortcuts,0,1800,8.615694444444445,2.3309731391416615,4.726,14.921,descriptive marginal screen; crossed factors and repeated seeds not modeled
Simulation Time [millis],1685,27762,SPATIAL_IMBALANCE,p2pOverlayShortcuts,1,1800,8.929968333333333,2.7855008153319787,4.612,18.393,descriptive marginal screen; crossed factors and repeated seeds not modeled
Simulation Time [millis],1685,27762,SPATIAL_IMBALANCE,idleRoamingMode,none,720,9.819825,2.105087473512796,7.653,18.393,descriptive marginal screen; crossed factors and repeated seeds not modeled
Simulation Time [millis],1685,27762,SPATIAL_IMBALANCE,idleRoamingMode,past-avg,720,6.336938888888889,1.2371202828799988,4.677,9.298,descriptive marginal screen; crossed factors and repeated seeds not modeled
Simulation Time [millis],1685,27762,SPATIAL_IMBALANCE,idleRoamingMode,past-avg-revisit,720,9.960425,1.7548034802936299,8.084,17.133,descriptive marginal screen; crossed factors and repeated seeds not modeled
Simulation Time [millis],1685,27762,SPATIAL_IMBALANCE,idleRoamingMode,past-avg-total,720,6.457033333333333,1.2715733965920821,4.612,9.521,descriptive marginal screen; crossed factors and repeated seeds not modeled
Simulation Time [millis],1685,27762,SPATIAL_IMBALANCE,idleRoamingMode,random,720,11.289934722222222,1.518980195525173,9.047,16.819,descriptive marginal screen; crossed factors and repeated seeds not modeled
Simulation Time [millis],1685,27762,SPATIAL_ISLANDS,kHops,0,1200,9.571348333333333,0.5875481464108695,8.186,12.475,descriptive marginal screen; crossed factors and repeated seeds not modeled
Simulation Time [millis],1685,27762,SPATIAL_ISLANDS,kHops,1,1200,10.6771625,1.1226430906650249,8.335,14.042,descriptive marginal screen; crossed factors and repeated seeds not modeled
Simulation Time [millis],1685,27762,SPATIAL_ISLANDS,kHops,2,1200,12.9137275,3.0386240869613963,9.061,26.691,descriptive marginal screen; crossed factors and repeated seeds not modeled
Simulation Time [millis],1685,27762,SPATIAL_ISLANDS,p2pRqsRadius,1000,1200,10.039154166666668,0.8675528516222697,8.186,13.088,descriptive marginal screen; crossed factors and repeated seeds not modeled
Simulation Time [millis],1685,27762,SPATIAL_ISLANDS,p2pRqsRadius,2000,1200,10.640418333333333,1.3607746984029911,8.344,14.766,descriptive marginal screen; crossed factors and repeated seeds not modeled
Simulation Time [millis],1685,27762,SPATIAL_ISLANDS,p2pRqsRadius,3000,1200,12.482665833333334,3.2853240793090337,8.5,26.691,descriptive marginal screen; crossed factors and repeated seeds not modeled
Simulation Time [millis],1685,27762,SPATIAL_ISLANDS,p2pStrategy,greedy,1800,11.096701111111113,2.3715241451635722,8.186,26.691,descriptive marginal screen; crossed factors and repeated seeds not modeled
Simulation Time [millis],1685,27762,SPATIAL_ISLANDS,p2pStrategy,nearest,1800,11.011457777777778,2.3375476351340807,8.335,24.692,descriptive marginal screen; crossed factors and repeated seeds not modeled
Simulation Time [millis],1685,27762,SPATIAL_ISLANDS,p2pOverlayShortcuts,0,1800,10.900630555555555,1.8603897287728561,8.186,17.378,descriptive marginal screen; crossed factors and repeated seeds not modeled
Simulation Time [millis],1685,27762,SPATIAL_ISLANDS,p2pOverlayShortcuts,1,1800,11.207528333333332,2.753855789036905,8.234,26.691,descriptive marginal screen; crossed factors and repeated seeds not modeled
Simulation Time [millis],1685,27762,SPATIAL_ISLANDS,idleRoamingMode,none,720,11.353026388888889,3.4381398143718864,8.697,26.691,descriptive marginal screen; crossed factors and repeated seeds not modeled
Simulation Time [millis],1685,27762,SPATIAL_ISLANDS,idleRoamingMode,past-avg,720,10.374781944444445,1.6104826783463104,8.186,15.901,descriptive marginal screen; crossed factors and repeated seeds not modeled
Simulation Time [millis],1685,27762,SPATIAL_ISLANDS,idleRoamingMode,past-avg-revisit,720,11.4207625,2.384261741795588,9.094,21.129,descriptive marginal screen; crossed factors and repeated seeds not modeled
Simulation Time [millis],1685,27762,SPATIAL_ISLANDS,idleRoamingMode,past-avg-total,720,10.3139375,1.4585987618142044,8.335,15.821,descriptive marginal screen; crossed factors and repeated seeds not modeled
Simulation Time [millis],1685,27762,SPATIAL_ISLANDS,idleRoamingMode,random,720,11.80788888888889,1.9293466437223514,8.968,17.796,descriptive marginal screen; crossed factors and repeated seeds not modeled
Taxi Travel Distance [km],39,638,BASELINE,kHops,0,1200,106.78892594,44.10257109496138,65.348789,286.572673,descriptive marginal screen; crossed factors and repeated seeds not modeled
Taxi Travel Distance [km],39,638,BASELINE,kHops,1,1200,107.06238261166666,44.608975192470155,65.348789,286.572673,descriptive marginal screen; crossed factors and repeated seeds not modeled
Taxi Travel Distance [km],39,638,BASELINE,kHops,2,1200,107.00753085333334,44.83993284266407,65.348789,286.572673,descriptive marginal screen; crossed factors and repeated seeds not modeled
Taxi Travel Distance [km],39,638,BASELINE,p2pRqsRadius,1000,1200,127.67145689499999,71.91909170362115,65.348789,286.572673,descriptive marginal screen; crossed factors and repeated seeds not modeled
Taxi Travel Distance [km],39,638,BASELINE,p2pRqsRadius,2000,1200,94.91692671333332,10.519276127360811,81.541483,127.52288800000001,descriptive marginal screen; crossed factors and repeated seeds not modeled
Taxi Travel Distance [km],39,638,BASELINE,p2pRqsRadius,3000,1200,98.27045579666667,3.5493936980264467,92.40424,107.588882,descriptive marginal screen; crossed factors and repeated seeds not modeled
Taxi Travel Distance [km],39,638,BASELINE,p2pStrategy,greedy,1800,106.95294646833332,44.51219467981633,65.348789,286.572673,descriptive marginal screen; crossed factors and repeated seeds not modeled
Taxi Travel Distance [km],39,638,BASELINE,p2pStrategy,nearest,1800,106.95294646833332,44.51219467981632,65.348789,286.572673,descriptive marginal screen; crossed factors and repeated seeds not modeled
Taxi Travel Distance [km],39,638,BASELINE,p2pOverlayShortcuts,0,1800,106.95881765444445,44.48454607934995,65.348789,286.572673,descriptive marginal screen; crossed factors and repeated seeds not modeled
Taxi Travel Distance [km],39,638,BASELINE,p2pOverlayShortcuts,1,1800,106.94707528222222,44.539825342741764,65.348789,286.572673,descriptive marginal screen; crossed factors and repeated seeds not modeled
Taxi Travel Distance [km],39,638,BASELINE,idleRoamingMode,none,720,81.97700839722222,10.87468677556894,65.348789,96.180997,descriptive marginal screen; crossed factors and repeated seeds not modeled
Taxi Travel Distance [km],39,638,BASELINE,idleRoamingMode,past-avg,720,105.60900804722222,10.083618722912066,93.438314,123.798367,descriptive marginal screen; crossed factors and repeated seeds not modeled
Taxi Travel Distance [km],39,638,BASELINE,idleRoamingMode,past-avg-revisit,720,82.85857841111111,11.449095714889355,65.348789,99.959933,descriptive marginal screen; crossed factors and repeated seeds not modeled
Taxi Travel Distance [km],39,638,BASELINE,idleRoamingMode,past-avg-total,720,105.88807170833334,9.936561211477917,93.723878,124.30828,descriptive marginal screen; crossed factors and repeated seeds not modeled
Taxi Travel Distance [km],39,638,BASELINE,idleRoamingMode,random,720,158.43206577777778,74.84950484880581,95.428923,286.572673,descriptive marginal screen; crossed factors and repeated seeds not modeled
Taxi Travel Distance [km],39,638,RUSH_HOUR,kHops,0,1200,103.35031542666667,35.74746344678965,63.096069,245.661218,descriptive marginal screen; crossed factors and repeated seeds not modeled
Taxi Travel Distance [km],39,638,RUSH_HOUR,kHops,1,1200,103.44464803,35.491574147431976,63.195608,245.661218,descriptive marginal screen; crossed factors and repeated seeds not modeled
Taxi Travel Distance [km],39,638,RUSH_HOUR,kHops,2,1200,103.38997214999999,34.7682310678913,63.257847,245.661218,descriptive marginal screen; crossed factors and repeated seeds not modeled
Taxi Travel Distance [km],39,638,RUSH_HOUR,p2pRqsRadius,1000,1200,116.32994979833333,58.124578336801065,63.096069,245.661218,descriptive marginal screen; crossed factors and repeated seeds not modeled
Taxi Travel Distance [km],39,638,RUSH_HOUR,p2pRqsRadius,2000,1200,95.570938665,10.141100628197513,81.41271499999999,117.10796099999999,descriptive marginal screen; crossed factors and repeated seeds not modeled
Taxi Travel Distance [km],39,638,RUSH_HOUR,p2pRqsRadius,3000,1200,98.28404714333334,3.193077628497291,91.54393300000001,105.632385,descriptive marginal screen; crossed factors and repeated seeds not modeled
Taxi Travel Distance [km],39,638,RUSH_HOUR,p2pStrategy,greedy,1800,103.395220595,35.333039657880406,63.096069,245.661218,descriptive marginal screen; crossed factors and repeated seeds not modeled
Taxi Travel Distance [km],39,638,RUSH_HOUR,p2pStrategy,nearest,1800,103.3947364761111,35.33355899756908,63.096069,245.661218,descriptive marginal screen; crossed factors and repeated seeds not modeled
Taxi Travel Distance [km],39,638,RUSH_HOUR,p2pOverlayShortcuts,0,1800,103.34613043333333,35.352868165134694,63.096069,245.661218,descriptive marginal screen; crossed factors and repeated seeds not modeled
Taxi Travel Distance [km],39,638,RUSH_HOUR,p2pOverlayShortcuts,1,1800,103.44382663777778,35.31365204264471,63.096069,245.661218,descriptive marginal screen; crossed factors and repeated seeds not modeled
Taxi Travel Distance [km],39,638,RUSH_HOUR,idleRoamingMode,none,720,81.47027071111111,11.401133682450602,63.096069,95.865321,descriptive marginal screen; crossed factors and repeated seeds not modeled
Taxi Travel Distance [km],39,638,RUSH_HOUR,idleRoamingMode,past-avg,720,103.74961019722221,5.774068767442883,95.943432,116.120476,descriptive marginal screen; crossed factors and repeated seeds not modeled
Taxi Travel Distance [km],39,638,RUSH_HOUR,idleRoamingMode,past-avg-revisit,720,82.96142951111112,12.001533560352852,63.288053999999995,100.009804,descriptive marginal screen; crossed factors and repeated seeds not modeled
Taxi Travel Distance [km],39,638,RUSH_HOUR,idleRoamingMode,past-avg-total,720,103.86205665,5.768585176110476,94.651369,114.974685,descriptive marginal screen; crossed factors and repeated seeds not modeled
Taxi Travel Distance [km],39,638,RUSH_HOUR,idleRoamingMode,random,720,144.93152560833332,57.264993393197024,97.17238499999999,245.661218,descriptive marginal screen; crossed factors and repeated seeds not modeled
Taxi Travel Distance [km],39,638,SPATIAL_IMBALANCE,kHops,0,1200,98.35319088,58.151279105731525,33.498837,318.40126000000004,descriptive marginal screen; crossed factors and repeated seeds not modeled
Taxi Travel Distance [km],39,638,SPATIAL_IMBALANCE,kHops,1,1200,98.51159818916666,57.458035493133515,33.498837,329.574931,descriptive marginal screen; crossed factors and repeated seeds not modeled
Taxi Travel Distance [km],39,638,SPATIAL_IMBALANCE,kHops,2,1200,98.60267931666667,57.39167123504361,33.498837,329.511004,descriptive marginal screen; crossed factors and repeated seeds not modeled
Taxi Travel Distance [km],39,638,SPATIAL_IMBALANCE,p2pRqsRadius,1000,1200,115.16297832,95.90350141679205,33.498837,329.574931,descriptive marginal screen; crossed factors and repeated seeds not modeled
Taxi Travel Distance [km],39,638,SPATIAL_IMBALANCE,p2pRqsRadius,2000,1200,89.1962035525,18.655263329876085,66.471226,132.249682,descriptive marginal screen; crossed factors and repeated seeds not modeled
Taxi Travel Distance [km],39,638,SPATIAL_IMBALANCE,p2pRqsRadius,3000,1200,91.10828651333333,3.482903482527448,85.921019,99.668382,descriptive marginal screen; crossed factors and repeated seeds not modeled
Taxi Travel Distance [km],39,638,SPATIAL_IMBALANCE,p2pStrategy,greedy,1800,98.489164845,57.66009234709152,33.498837,329.574931,descriptive marginal screen; crossed factors and repeated seeds not modeled
Taxi Travel Distance [km],39,638,SPATIAL_IMBALANCE,p2pStrategy,nearest,1800,98.48914741222222,57.66009988790427,33.498837,329.574931,descriptive marginal screen; crossed factors and repeated seeds not modeled
Taxi Travel Distance [km],39,638,SPATIAL_IMBALANCE,p2pOverlayShortcuts,0,1800,98.51492980055556,57.670941573235915,33.498837,329.511004,descriptive marginal screen; crossed factors and repeated seeds not modeled
Taxi Travel Distance [km],39,638,SPATIAL_IMBALANCE,p2pOverlayShortcuts,1,1800,98.46338245666666,57.6492370921935,33.498837,329.574931,descriptive marginal screen; crossed factors and repeated seeds not modeled
Taxi Travel Distance [km],39,638,SPATIAL_IMBALANCE,idleRoamingMode,none,720,64.26819408055555,21.493672948420794,33.498837,89.52337200000001,descriptive marginal screen; crossed factors and repeated seeds not modeled
Taxi Travel Distance [km],39,638,SPATIAL_IMBALANCE,idleRoamingMode,past-avg,720,95.38129105277777,6.245857656467046,88.18509399999999,109.115818,descriptive marginal screen; crossed factors and repeated seeds not modeled
Taxi Travel Distance [km],39,638,SPATIAL_IMBALANCE,idleRoamingMode,past-avg-revisit,720,65.84235939861111,22.179851647043886,33.781995,91.57804399999999,descriptive marginal screen; crossed factors and repeated seeds not modeled
Taxi Travel Distance [km],39,638,SPATIAL_IMBALANCE,idleRoamingMode,past-avg-total,720,95.55307581666668,5.982311748323947,88.136196,108.60543,descriptive marginal screen; crossed factors and repeated seeds not modeled
Taxi Travel Distance [km],39,638,SPATIAL_IMBALANCE,idleRoamingMode,random,720,171.40086029444444,89.5922378738315,94.742799,329.574931,descriptive marginal screen; crossed factors and repeated seeds not modeled
Taxi Travel Distance [km],39,638,SPATIAL_ISLANDS,kHops,0,1200,106.39206803333333,66.81076970065996,25.857553,350.300323,descriptive marginal screen; crossed factors and repeated seeds not modeled
Taxi Travel Distance [km],39,638,SPATIAL_ISLANDS,kHops,1,1200,107.185168165,67.5344969804267,25.857553,357.272679,descriptive marginal screen; crossed factors and repeated seeds not modeled
Taxi Travel Distance [km],39,638,SPATIAL_ISLANDS,kHops,2,1200,107.32958280166667,67.27450294806208,25.857553,357.272679,descriptive marginal screen; crossed factors and repeated seeds not modeled
Taxi Travel Distance [km],39,638,SPATIAL_ISLANDS,p2pRqsRadius,1000,1200,125.71771147916665,111.44173353782818,25.857553,357.272679,descriptive marginal screen; crossed factors and repeated seeds not modeled
Taxi Travel Distance [km],39,638,SPATIAL_ISLANDS,p2pRqsRadius,2000,1200,97.20424892583333,23.986274440301454,62.871181,147.702465,descriptive marginal screen; crossed factors and repeated seeds not modeled
Taxi Travel Distance [km],39,638,SPATIAL_ISLANDS,p2pRqsRadius,3000,1200,97.98485859499999,5.323091904237868,89.268932,111.955144,descriptive marginal screen; crossed factors and repeated seeds not modeled
Taxi Travel Distance [km],39,638,SPATIAL_ISLANDS,p2pStrategy,greedy,1800,106.96821212055556,67.19719634265974,25.857553,357.272679,descriptive marginal screen; crossed factors and repeated seeds not modeled
Taxi Travel Distance [km],39,638,SPATIAL_ISLANDS,p2pStrategy,nearest,1800,106.96966721277778,67.20116545901308,25.857553,357.272679,descriptive marginal screen; crossed factors and repeated seeds not modeled
Taxi Travel Distance [km],39,638,SPATIAL_ISLANDS,p2pOverlayShortcuts,0,1800,106.714113645,66.91073184104171,25.857553,354.12593300000003,descriptive marginal screen; crossed factors and repeated seeds not modeled
Taxi Travel Distance [km],39,638,SPATIAL_ISLANDS,p2pOverlayShortcuts,1,1800,107.22376568833333,67.48543439976405,25.857553,357.272679,descriptive marginal screen; crossed factors and repeated seeds not modeled
Taxi Travel Distance [km],39,638,SPATIAL_ISLANDS,idleRoamingMode,none,720,64.41109900555556,25.138659715106815,25.857553,94.834065,descriptive marginal screen; crossed factors and repeated seeds not modeled
Taxi Travel Distance [km],39,638,SPATIAL_ISLANDS,idleRoamingMode,past-avg,720,106.14943116666667,6.938218391752942,95.91394899999999,119.007166,descriptive marginal screen; crossed factors and repeated seeds not modeled
Taxi Travel Distance [km],39,638,SPATIAL_ISLANDS,idleRoamingMode,past-avg-revisit,720,66.15740638472222,26.028826284956885,25.886519,99.157341,descriptive marginal screen; crossed factors and repeated seeds not modeled
Taxi Travel Distance [km],39,638,SPATIAL_ISLANDS,idleRoamingMode,past-avg-total,720,106.20757474722221,6.890393975433206,97.21632799999999,119.008778,descriptive marginal screen; crossed factors and repeated seeds not modeled
Taxi Travel Distance [km],39,638,SPATIAL_ISLANDS,idleRoamingMode,random,720,191.9191870291667,102.38653155403766,99.556251,357.272679,descriptive marginal screen; crossed factors and repeated seeds not modeled
Taxi Travel Distance [km],1685,27762,BASELINE,kHops,0,1200,387.1567673266666,143.23721093217168,263.8341,682.120598,descriptive marginal screen; crossed factors and repeated seeds not modeled
Taxi Travel Distance [km],1685,27762,BASELINE,kHops,1,1200,388.0444732066667,142.89577552545396,263.865375,682.690451,descriptive marginal screen; crossed factors and repeated seeds not modeled
Taxi Travel Distance [km],1685,27762,BASELINE,kHops,2,1200,388.4245444125,142.64017607547675,263.853443,681.822357,descriptive marginal screen; crossed factors and repeated seeds not modeled
Taxi Travel Distance [km],1685,27762,BASELINE,p2pRqsRadius,1000,1200,381.973207195,153.42705375107005,263.8341,682.690451,descriptive marginal screen; crossed factors and repeated seeds not modeled
Taxi Travel Distance [km],1685,27762,BASELINE,p2pRqsRadius,2000,1200,386.9205386608333,137.75870362378578,277.24141399999996,656.5001659999999,descriptive marginal screen; crossed factors and repeated seeds not modeled
Taxi Travel Distance [km],1685,27762,BASELINE,p2pRqsRadius,3000,1200,394.73203909,136.68583307037994,288.848861,662.4990409999999,descriptive marginal screen; crossed factors and repeated seeds not modeled
Taxi Travel Distance [km],1685,27762,BASELINE,p2pStrategy,greedy,1800,387.87638609000004,142.90548997200588,263.8341,682.690451,descriptive marginal screen; crossed factors and repeated seeds not modeled
Taxi Travel Distance [km],1685,27762,BASELINE,p2pStrategy,nearest,1800,387.8741372072222,142.90595324406527,263.8341,682.690451,descriptive marginal screen; crossed factors and repeated seeds not modeled
Taxi Travel Distance [km],1685,27762,BASELINE,p2pOverlayShortcuts,0,1800,387.4690098011111,143.0036058953416,263.8341,682.120598,descriptive marginal screen; crossed factors and repeated seeds not modeled
Taxi Travel Distance [km],1685,27762,BASELINE,p2pOverlayShortcuts,1,1800,388.2815134961111,142.8066139070123,263.8341,682.690451,descriptive marginal screen; crossed factors and repeated seeds not modeled
Taxi Travel Distance [km],1685,27762,BASELINE,idleRoamingMode,none,720,278.46092574305555,10.08077904020012,263.8341,291.990141,descriptive marginal screen; crossed factors and repeated seeds not modeled
Taxi Travel Distance [km],1685,27762,BASELINE,idleRoamingMode,past-avg,720,356.5620155986111,5.815159848333885,344.57311,367.044421,descriptive marginal screen; crossed factors and repeated seeds not modeled
Taxi Travel Distance [km],1685,27762,BASELINE,idleRoamingMode,past-avg-revisit,720,281.9213448388889,13.584253500864774,263.856014,305.986631,descriptive marginal screen; crossed factors and repeated seeds not modeled
Taxi Travel Distance [km],1685,27762,BASELINE,idleRoamingMode,past-avg-total,720,357.99388697361115,6.867345851282317,344.657979,368.766362,descriptive marginal screen; crossed factors and repeated seeds not modeled
Taxi Travel Distance [km],1685,27762,BASELINE,idleRoamingMode,random,720,664.4381350888889,11.352907227033251,650.1049009999999,682.690451,descriptive marginal screen; crossed factors and repeated seeds not modeled
Taxi Travel Distance [km],1685,27762,RUSH_HOUR,kHops,0,1200,317.7915491,76.28664062049106,239.18566,498.908813,descriptive marginal screen; crossed factors and repeated seeds not modeled
Taxi Travel Distance [km],1685,27762,RUSH_HOUR,kHops,1,1200,319.48041477916667,75.32842065025915,239.444055,504.18794099999997,descriptive marginal screen; crossed factors and repeated seeds not modeled
Taxi Travel Distance [km],1685,27762,RUSH_HOUR,kHops,2,1200,321.26010252916666,74.24545875333747,239.592465,512.472269,descriptive marginal screen; crossed factors and repeated seeds not modeled
Taxi Travel Distance [km],1685,27762,RUSH_HOUR,p2pRqsRadius,1000,1200,314.90209880833334,91.41559375292957,239.18566,512.472269,descriptive marginal screen; crossed factors and repeated seeds not modeled
Taxi Travel Distance [km],1685,27762,RUSH_HOUR,p2pRqsRadius,2000,1200,317.61565887333336,68.1947308774104,264.126183,456.93388500000003,descriptive marginal screen; crossed factors and repeated seeds not modeled
Taxi Travel Distance [km],1685,27762,RUSH_HOUR,p2pRqsRadius,3000,1200,326.0143087266667,62.75282516120923,276.033628,452.981766,descriptive marginal screen; crossed factors and repeated seeds not modeled
Taxi Travel Distance [km],1685,27762,RUSH_HOUR,p2pStrategy,greedy,1800,319.5685226755556,75.35207570742472,239.18566,510.158044,descriptive marginal screen; crossed factors and repeated seeds not modeled
Taxi Travel Distance [km],1685,27762,RUSH_HOUR,p2pStrategy,nearest,1800,319.45285493000006,75.23647675708611,239.18566,512.472269,descriptive marginal screen; crossed factors and repeated seeds not modeled
Taxi Travel Distance [km],1685,27762,RUSH_HOUR,p2pOverlayShortcuts,0,1800,318.49393365055556,75.91303136844334,239.18566,510.158044,descriptive marginal screen; crossed factors and repeated seeds not modeled
Taxi Travel Distance [km],1685,27762,RUSH_HOUR,p2pOverlayShortcuts,1,1800,320.52744395499997,74.6566298365294,239.18566,512.472269,descriptive marginal screen; crossed factors and repeated seeds not modeled
Taxi Travel Distance [km],1685,27762,RUSH_HOUR,idleRoamingMode,none,720,262.81537325694444,14.565996295911996,239.18566,280.690669,descriptive marginal screen; crossed factors and repeated seeds not modeled
Taxi Travel Distance [km],1685,27762,RUSH_HOUR,idleRoamingMode,past-avg,720,301.6591603472222,6.468006904757143,291.389003,316.19350099999997,descriptive marginal screen; crossed factors and repeated seeds not modeled
Taxi Travel Distance [km],1685,27762,RUSH_HOUR,idleRoamingMode,past-avg-revisit,720,267.1256691805556,15.079853985906128,240.151786,292.467281,descriptive marginal screen; crossed factors and repeated seeds not modeled
Taxi Travel Distance [km],1685,27762,RUSH_HOUR,idleRoamingMode,past-avg-total,720,302.1903242902778,7.000586606421394,291.492226,318.787137,descriptive marginal screen; crossed factors and repeated seeds not modeled
Taxi Travel Distance [km],1685,27762,RUSH_HOUR,idleRoamingMode,random,720,463.7629169388889,20.381346496038912,443.60003600000005,512.472269,descriptive marginal screen; crossed factors and repeated seeds not modeled
Taxi Travel Distance [km],1685,27762,SPATIAL_IMBALANCE,kHops,0,1200,330.2112458,232.44880804698573,81.493776,755.2285439999999,descriptive marginal screen; crossed factors and repeated seeds not modeled
Taxi Travel Distance [km],1685,27762,SPATIAL_IMBALANCE,kHops,1,1200,338.02859093083333,226.14667866243528,81.385615,757.82527,descriptive marginal screen; crossed factors and repeated seeds not modeled
Taxi Travel Distance [km],1685,27762,SPATIAL_IMBALANCE,kHops,2,1200,347.7808349575,218.70213085468478,81.36983500000001,757.82596,descriptive marginal screen; crossed factors and repeated seeds not modeled
Taxi Travel Distance [km],1685,27762,SPATIAL_IMBALANCE,p2pRqsRadius,1000,1200,329.3952871966667,242.5843279621621,81.36983500000001,757.82596,descriptive marginal screen; crossed factors and repeated seeds not modeled
Taxi Travel Distance [km],1685,27762,SPATIAL_IMBALANCE,p2pRqsRadius,2000,1200,337.2125370416667,223.99460572481829,108.878515,752.122733,descriptive marginal screen; crossed factors and repeated seeds not modeled
Taxi Travel Distance [km],1685,27762,SPATIAL_IMBALANCE,p2pRqsRadius,3000,1200,349.41284745,209.60922346215844,138.393512,742.8064889999999,descriptive marginal screen; crossed factors and repeated seeds not modeled
Taxi Travel Distance [km],1685,27762,SPATIAL_IMBALANCE,p2pStrategy,greedy,1800,338.6771205538889,225.9142584220933,81.36983500000001,757.82596,descriptive marginal screen; crossed factors and repeated seeds not modeled
Taxi Travel Distance [km],1685,27762,SPATIAL_IMBALANCE,p2pStrategy,nearest,1800,338.669993905,225.9233536997718,81.493776,757.82527,descriptive marginal screen; crossed factors and repeated seeds not modeled
Taxi Travel Distance [km],1685,27762,SPATIAL_IMBALANCE,p2pOverlayShortcuts,0,1800,332.38959376777774,230.78646659079925,81.36983500000001,757.82596,descriptive marginal screen; crossed factors and repeated seeds not modeled
Taxi Travel Distance [km],1685,27762,SPATIAL_IMBALANCE,p2pOverlayShortcuts,1,1800,344.95752069111114,220.7650345402566,81.493776,757.6559840000001,descriptive marginal screen; crossed factors and repeated seeds not modeled
Taxi Travel Distance [km],1685,27762,SPATIAL_IMBALANCE,idleRoamingMode,none,720,125.36476638055555,36.26812143290543,81.36983500000001,218.26618200000001,descriptive marginal screen; crossed factors and repeated seeds not modeled
Taxi Travel Distance [km],1685,27762,SPATIAL_IMBALANCE,idleRoamingMode,past-avg,720,341.1111315930556,9.67009935713628,330.22225099999997,362.14502899999997,descriptive marginal screen; crossed factors and repeated seeds not modeled
Taxi Travel Distance [km],1685,27762,SPATIAL_IMBALANCE,idleRoamingMode,past-avg-revisit,720,138.31191434027778,46.67358549190952,82.87085,258.24877499999997,descriptive marginal screen; crossed factors and repeated seeds not modeled
Taxi Travel Distance [km],1685,27762,SPATIAL_IMBALANCE,idleRoamingMode,past-avg-total,720,342.87510565694447,9.032642609877701,330.836265,360.438494,descriptive marginal screen; crossed factors and repeated seeds not modeled
Taxi Travel Distance [km],1685,27762,SPATIAL_IMBALANCE,idleRoamingMode,random,720,745.7048681763888,6.892744109908302,729.317081,757.82596,descriptive marginal screen; crossed factors and repeated seeds not modeled
Taxi Travel Distance [km],1685,27762,SPATIAL_ISLANDS,kHops,0,1200,298.6534414266667,248.51890738493276,51.792379000000004,776.4335010000001,descriptive marginal screen; crossed factors and repeated seeds not modeled
Taxi Travel Distance [km],1685,27762,SPATIAL_ISLANDS,kHops,1,1200,311.1049982166667,240.51803974423711,51.75287,778.890536,descriptive marginal screen; crossed factors and repeated seeds not modeled
Taxi Travel Distance [km],1685,27762,SPATIAL_ISLANDS,kHops,2,1200,332.4678242708333,230.45388770637683,52.179285,778.3129379999999,descriptive marginal screen; crossed factors and repeated seeds not modeled
Taxi Travel Distance [km],1685,27762,SPATIAL_ISLANDS,p2pRqsRadius,1000,1200,295.40801305166667,259.7003339148798,51.75287,778.890536,descriptive marginal screen; crossed factors and repeated seeds not modeled
Taxi Travel Distance [km],1685,27762,SPATIAL_ISLANDS,p2pRqsRadius,2000,1200,314.4084316308333,238.0655195938687,71.433678,758.24097,descriptive marginal screen; crossed factors and repeated seeds not modeled
Taxi Travel Distance [km],1685,27762,SPATIAL_ISLANDS,p2pRqsRadius,3000,1200,332.4098192316667,220.2276981545194,96.289523,739.077916,descriptive marginal screen; crossed factors and repeated seeds not modeled
Taxi Travel Distance [km],1685,27762,SPATIAL_ISLANDS,p2pStrategy,greedy,1800,314.1127690316667,240.31824043629936,51.75287,778.890536,descriptive marginal screen; crossed factors and repeated seeds not modeled
Taxi Travel Distance [km],1685,27762,SPATIAL_ISLANDS,p2pStrategy,nearest,1800,314.03807357777777,240.31582289029748,51.792379000000004,778.815452,descriptive marginal screen; crossed factors and repeated seeds not modeled
Taxi Travel Distance [km],1685,27762,SPATIAL_ISLANDS,p2pOverlayShortcuts,0,1800,300.4439109261111,247.15312396255678,51.75287,778.890536,descriptive marginal screen; crossed factors and repeated seeds not modeled
Taxi Travel Distance [km],1685,27762,SPATIAL_ISLANDS,p2pOverlayShortcuts,1,1800,327.7069316833333,232.482353728076,51.792379000000004,776.4335010000001,descriptive marginal screen; crossed factors and repeated seeds not modeled
Taxi Travel Distance [km],1685,27762,SPATIAL_ISLANDS,idleRoamingMode,none,720,95.84608131388889,46.14641137911349,51.75287,236.905265,descriptive marginal screen; crossed factors and repeated seeds not modeled
Taxi Travel Distance [km],1685,27762,SPATIAL_ISLANDS,idleRoamingMode,past-avg,720,306.10254092499997,24.67780349120336,280.644611,383.615801,descriptive marginal screen; crossed factors and repeated seeds not modeled
Taxi Travel Distance [km],1685,27762,SPATIAL_ISLANDS,idleRoamingMode,past-avg-revisit,720,108.58803236388889,62.81860235981086,52.572674,294.78437099999996,descriptive marginal screen; crossed factors and repeated seeds not modeled
Taxi Travel Distance [km],1685,27762,SPATIAL_ISLANDS,idleRoamingMode,past-avg-total,720,308.9803708333333,29.68747130290621,281.646549,396.99289699999997,descriptive marginal screen; crossed factors and repeated seeds not modeled
Taxi Travel Distance [km],1685,27762,SPATIAL_ISLANDS,idleRoamingMode,random,720,750.8600810875,18.067623271579762,717.7194969999999,778.890536,descriptive marginal screen; crossed factors and repeated seeds not modeled
