algorithm,kHops,p2pRqsRadius,taxiCount,clientCount,taxiSeatCount,p2pStrategy,p2pOverlayMinNeighbors,p2pOverlayMaxNeighbors,p2pOverlayShortcuts,spawnScenario,metric,runs,avgOfAvg,stdDevOfAvg,minAvg,maxAvg,avgSpread,minSpread,maxSpread
TaxiAlgorithmFillAllSeats,0,-1,5,25,1,n/a,-1,-1,-1,BASELINE,Taxi Travel Distance [km],5,150.074,9.468135191261263,139.84,166.81,96.63999999999999,65.41,142.6
TaxiAlgorithmFillAllSeats,0,-1,5,25,1,n/a,-1,-1,-1,BASELINE,Client Waiting Time [min],5,16.028,2.3104146813937967,13.87,20.45,30.939999999999998,26.29,36.150000000000006
TaxiAlgorithmFillAllSeats,0,-1,5,25,1,n/a,-1,-1,-1,BASELINE,Client Travel Time [min],5,1470.4879999999998,151.68714835476342,1345.04,1760.28,3260.0,2552.0,3673.0
TaxiAlgorithmFillAllSeats,0,-1,5,25,1,n/a,-1,-1,-1,BASELINE,Calculation Time [millis],5,0.0,0.0,0.0,0.0,0.6,0.0,3.0
TaxiAlgorithmFillAllSeats,0,-1,5,25,1,n/a,-1,-1,-1,BASELINE,Custom Time [micros],5,0.0,0.0,0.0,0.0,0.0,0.0,0.0
TaxiAlgorithmFillAllSeats,0,-1,5,50,1,n/a,-1,-1,-1,BASELINE,Taxi Travel Distance [km],5,228.13199999999998,4.765339022567019,222.59,236.78,35.67800000000002,15.730000000000018,48.96000000000001
TaxiAlgorithmFillAllSeats,0,-1,5,50,1,n/a,-1,-1,-1,BASELINE,Client Waiting Time [min],5,24.7,1.222800065423615,23.53,26.83,74.166,49.14,106.8
TaxiAlgorithmFillAllSeats,0,-1,5,50,1,n/a,-1,-1,-1,BASELINE,Client Travel Time [min],5,1889.6079999999997,82.16070165231065,1758.36,1995.82,5329.2,4152.0,6729.0
TaxiAlgorithmFillAllSeats,0,-1,5,50,1,n/a,-1,-1,-1,BASELINE,Calculation Time [millis],5,0.0,0.0,0.0,0.0,0.0,0.0,0.0
TaxiAlgorithmFillAllSeats,0,-1,5,50,1,n/a,-1,-1,-1,BASELINE,Custom Time [micros],5,0.0,0.0,0.0,0.0,0.0,0.0,0.0
TaxiAlgorithmFillAllSeats,0,-1,10,50,1,n/a,-1,-1,-1,BASELINE,Taxi Travel Distance [km],5,153.782,9.48241192946182,136.43,164.14,147.152,120.62999999999998,187.34
TaxiAlgorithmFillAllSeats,0,-1,10,50,1,n/a,-1,-1,-1,BASELINE,Client Waiting Time [min],5,14.738,1.4615525991219063,12.03,16.13,29.370000000000005,24.740000000000002,36.650000000000006
TaxiAlgorithmFillAllSeats,0,-1,10,50,1,n/a,-1,-1,-1,BASELINE,Client Travel Time [min],5,1420.268,92.72866447868208,1236.66,1489.4,2888.6,2536.0,3198.0
TaxiAlgorithmFillAllSeats,0,-1,10,50,1,n/a,-1,-1,-1,BASELINE,Calculation Time [millis],5,0.0,0.0,0.0,0.0,0.0,0.0,0.0
TaxiAlgorithmFillAllSeats,0,-1,10,50,1,n/a,-1,-1,-1,BASELINE,Custom Time [micros],5,0.0,0.0,0.0,0.0,0.0,0.0,0.0
TaxiAlgorithmFillAllSeats,0,-1,10,100,1,n/a,-1,-1,-1,BASELINE,Taxi Travel Distance [km],5,227.102,6.290238151294438,221.01,237.96,42.982,34.27000000000001,56.55000000000001
TaxiAlgorithmFillAllSeats,0,-1,10,100,1,n/a,-1,-1,-1,BASELINE,Client Waiting Time [min],5,21.668,2.5757437760771156,17.6,24.68,92.21400000000001,73.88000000000001,111.32000000000001
TaxiAlgorithmFillAllSeats,0,-1,10,100,1,n/a,-1,-1,-1,BASELINE,Client Travel Time [min],5,1764.762,163.50331267592102,1567.11,1960.85,6418.4,5482.0,7594.0
TaxiAlgorithmFillAllSeats,0,-1,10,100,1,n/a,-1,-1,-1,BASELINE,Calculation Time [millis],5,0.0,0.0,0.0,0.0,0.0,0.0,0.0
TaxiAlgorithmFillAllSeats,0,-1,10,100,1,n/a,-1,-1,-1,BASELINE,Custom Time [micros],5,0.0,0.0,0.0,0.0,0.0,0.0,0.0
TaxiAlgorithmFillAllSeats,0,-1,5,25,1,n/a,-1,-1,-1,RUSH_HOUR,Taxi Travel Distance [km],5,143.228,12.311364506016385,123.41,158.37,64.066,20.69999999999999,104.78
TaxiAlgorithmFillAllSeats,0,-1,5,25,1,n/a,-1,-1,-1,RUSH_HOUR,Client Waiting Time [min],5,19.589999999999996,3.348438442020399,14.55,24.56,40.61800000000001,26.12,54.62
TaxiAlgorithmFillAllSeats,0,-1,5,25,1,n/a,-1,-1,-1,RUSH_HOUR,Client Travel Time [min],5,1680.08,302.5353940285335,1195.72,2129.32,3404.0,2610.0,3856.0
TaxiAlgorithmFillAllSeats,0,-1,5,25,1,n/a,-1,-1,-1,RUSH_HOUR,Calculation Time [millis],5,0.0,0.0,0.0,0.0,0.0,0.0,0.0
TaxiAlgorithmFillAllSeats,0,-1,5,25,1,n/a,-1,-1,-1,RUSH_HOUR,Custom Time [micros],5,0.0,0.0,0.0,0.0,0.0,0.0,0.0
TaxiAlgorithmFillAllSeats,0,-1,5,50,1,n/a,-1,-1,-1,RUSH_HOUR,Taxi Travel Distance [km],5,229.41800000000003,7.194693600147259,219.12,240.04,38.629999999999995,21.55000000000001,48.06
TaxiAlgorithmFillAllSeats,0,-1,5,50,1,n/a,-1,-1,-1,RUSH_HOUR,Client Waiting Time [min],5,38.666000000000004,9.564033876978899,28.45,50.21,111.55199999999999,87.15,156.2
TaxiAlgorithmFillAllSeats,0,-1,5,50,1,n/a,-1,-1,-1,RUSH_HOUR,Client Travel Time [min],5,2711.2,621.1692739342473,2097.54,3512.14,7674.6,6196.0,9943.0
TaxiAlgorithmFillAllSeats,0,-1,5,50,1,n/a,-1,-1,-1,RUSH_HOUR,Calculation Time [millis],5,0.0,0.0,0.0,0.0,0.0,0.0,0.0
TaxiAlgorithmFillAllSeats,0,-1,5,50,1,n/a,-1,-1,-1,RUSH_HOUR,Custom Time [micros],5,0.0,0.0,0.0,0.0,0.0,0.0,0.0
TaxiAlgorithmFillAllSeats,0,-1,10,50,1,n/a,-1,-1,-1,RUSH_HOUR,Taxi Travel Distance [km],5,142.97599999999997,2.591228280179112,139.51,147.54,92.706,55.05999999999999,116.30000000000001
TaxiAlgorithmFillAllSeats,0,-1,10,50,1,n/a,-1,-1,-1,RUSH_HOUR,Client Waiting Time [min],5,18.936,1.262736710482435,17.54,20.93,51.227999999999994,46.34,62.230000000000004
TaxiAlgorithmFillAllSeats,0,-1,10,50,1,n/a,-1,-1,-1,RUSH_HOUR,Client Travel Time [min],5,1695.7720000000002,103.09890986814554,1545.2,1851.46,3813.6,3115.0,4507.0
TaxiAlgorithmFillAllSeats,0,-1,10,50,1,n/a,-1,-1,-1,RUSH_HOUR,Calculation Time [millis],5,0.0,0.0,0.0,0.0,0.0,0.0,0.0
TaxiAlgorithmFillAllSeats,0,-1,10,50,1,n/a,-1,-1,-1,RUSH_HOUR,Custom Time [micros],5,0.0,0.0,0.0,0.0,0.0,0.0,0.0
TaxiAlgorithmFillAllSeats,0,-1,10,100,1,n/a,-1,-1,-1,RUSH_HOUR,Taxi Travel Distance [km],5,222.26,6.619138916807838,212.5,233.18,51.934000000000005,36.670000000000016,71.19
TaxiAlgorithmFillAllSeats,0,-1,10,100,1,n/a,-1,-1,-1,RUSH_HOUR,Client Waiting Time [min],5,31.814,2.6648722295824987,29.93,37.08,111.03600000000002,76.85,136.35
TaxiAlgorithmFillAllSeats,0,-1,10,100,1,n/a,-1,-1,-1,RUSH_HOUR,Client Travel Time [min],5,2380.398,227.4789058704126,2158.33,2800.36,7618.8,5534.0,9036.0
TaxiAlgorithmFillAllSeats,0,-1,10,100,1,n/a,-1,-1,-1,RUSH_HOUR,Calculation Time [millis],5,0.0,0.0,0.0,0.0,0.0,0.0,0.0
TaxiAlgorithmFillAllSeats,0,-1,10,100,1,n/a,-1,-1,-1,RUSH_HOUR,Custom Time [micros],5,0.0,0.0,0.0,0.0,0.0,0.0,0.0
TaxiAlgorithmFillAllSeats,0,-1,5,25,1,n/a,-1,-1,-1,SPATIAL_IMBALANCE,Taxi Travel Distance [km],5,144.714,21.75751143858139,104.89,165.44,122.672,103.57000000000001,152.44
TaxiAlgorithmFillAllSeats,0,-1,5,25,1,n/a,-1,-1,-1,SPATIAL_IMBALANCE,Client Waiting Time [min],5,15.548000000000002,2.057478067926849,11.6,17.12,29.342000000000002,20.16,45.92
TaxiAlgorithmFillAllSeats,0,-1,5,25,1,n/a,-1,-1,-1,SPATIAL_IMBALANCE,Client Travel Time [min],5,1416.984,219.2301258130369,1000.84,1615.84,2755.0,2104.0,3565.0
TaxiAlgorithmFillAllSeats,0,-1,5,25,1,n/a,-1,-1,-1,SPATIAL_IMBALANCE,Calculation Time [millis],5,0.0,0.0,0.0,0.0,0.0,0.0,0.0
TaxiAlgorithmFillAllSeats,0,-1,5,25,1,n/a,-1,-1,-1,SPATIAL_IMBALANCE,Custom Time [micros],5,0.0,0.0,0.0,0.0,0.0,0.0,0.0
TaxiAlgorithmFillAllSeats,0,-1,5,50,1,n/a,-1,-1,-1,SPATIAL_IMBALANCE,Taxi Travel Distance [km],5,230.62600000000003,15.864692370165896,213.44,253.17,28.629999999999985,15.929999999999978,43.01999999999998
TaxiAlgorithmFillAllSeats,0,-1,5,50,1,n/a,-1,-1,-1,SPATIAL_IMBALANCE,Client Waiting Time [min],5,23.7,2.1626742704346396,20.39,27.05,62.124,49.540000000000006,79.75
TaxiAlgorithmFillAllSeats,0,-1,5,50,1,n/a,-1,-1,-1,SPATIAL_IMBALANCE,Client Travel Time [min],5,1782.0359999999996,124.77490157880311,1644.32,1983.58,4531.0,3695.0,5544.0
TaxiAlgorithmFillAllSeats,0,-1,5,50,1,n/a,-1,-1,-1,SPATIAL_IMBALANCE,Calculation Time [millis],5,0.0,0.0,0.0,0.0,0.0,0.0,0.0
TaxiAlgorithmFillAllSeats,0,-1,5,50,1,n/a,-1,-1,-1,SPATIAL_IMBALANCE,Custom Time [micros],5,0.0,0.0,0.0,0.0,0.0,0.0,0.0
TaxiAlgorithmFillAllSeats,0,-1,10,50,1,n/a,-1,-1,-1,SPATIAL_IMBALANCE,Taxi Travel Distance [km],5,134.69599999999997,10.704232060264761,122.96,153.04,164.368,122.64999999999999,194.06
TaxiAlgorithmFillAllSeats,0,-1,10,50,1,n/a,-1,-1,-1,SPATIAL_IMBALANCE,Client Waiting Time [min],5,13.734,1.1715050149273796,12.5,15.65,26.866000000000003,24.62,28.580000000000002
TaxiAlgorithmFillAllSeats,0,-1,10,50,1,n/a,-1,-1,-1,SPATIAL_IMBALANCE,Client Travel Time [min],5,1228.78,117.62125726245242,1111.36,1435.38,2779.8,2143.0,3328.0
TaxiAlgorithmFillAllSeats,0,-1,10,50,1,n/a,-1,-1,-1,SPATIAL_IMBALANCE,Calculation Time [millis],5,0.0,0.0,0.0,0.0,0.0,0.0,0.0
TaxiAlgorithmFillAllSeats,0,-1,10,50,1,n/a,-1,-1,-1,SPATIAL_IMBALANCE,Custom Time [micros],5,0.0,0.0,0.0,0.0,0.0,0.0,0.0
TaxiAlgorithmFillAllSeats,0,-1,10,100,1,n/a,-1,-1,-1,SPATIAL_IMBALANCE,Taxi Travel Distance [km],5,224.56799999999998,7.66780124938042,211.91,235.14,50.31199999999999,45.359999999999985,61.66999999999999
TaxiAlgorithmFillAllSeats,0,-1,10,100,1,n/a,-1,-1,-1,SPATIAL_IMBALANCE,Client Waiting Time [min],5,18.332,2.640662038201783,15.13,22.99,73.31200000000001,54.879999999999995,107.1
TaxiAlgorithmFillAllSeats,0,-1,10,100,1,n/a,-1,-1,-1,SPATIAL_IMBALANCE,Client Travel Time [min],5,1491.3180000000002,165.760543724977,1337.77,1787.44,4841.2,3568.0,6567.0
TaxiAlgorithmFillAllSeats,0,-1,10,100,1,n/a,-1,-1,-1,SPATIAL_IMBALANCE,Calculation Time [millis],5,0.0,0.0,0.0,0.0,1.4,0.0,7.0
TaxiAlgorithmFillAllSeats,0,-1,10,100,1,n/a,-1,-1,-1,SPATIAL_IMBALANCE,Custom Time [micros],5,0.0,0.0,0.0,0.0,0.0,0.0,0.0
TaxiAlgorithmFillAllSeats,0,-1,5,25,1,n/a,-1,-1,-1,SPATIAL_ISLANDS,Taxi Travel Distance [km],5,150.57200000000003,17.50518026185392,126.06,176.02,97.246,68.95999999999998,131.56
TaxiAlgorithmFillAllSeats,0,-1,5,25,1,n/a,-1,-1,-1,SPATIAL_ISLANDS,Client Waiting Time [min],5,13.901999999999997,1.406533327013619,11.59,15.81,22.619999999999997,15.929999999999998,26.05
TaxiAlgorithmFillAllSeats,0,-1,5,25,1,n/a,-1,-1,-1,SPATIAL_ISLANDS,Client Travel Time [min],5,1383.16,175.65636270855666,1152.12,1668.92,2800.8,2172.0,3344.0
TaxiAlgorithmFillAllSeats,0,-1,5,25,1,n/a,-1,-1,-1,SPATIAL_ISLANDS,Calculation Time [millis],5,0.0,0.0,0.0,0.0,0.0,0.0,0.0
TaxiAlgorithmFillAllSeats,0,-1,5,25,1,n/a,-1,-1,-1,SPATIAL_ISLANDS,Custom Time [micros],5,0.0,0.0,0.0,0.0,0.0,0.0,0.0
TaxiAlgorithmFillAllSeats,0,-1,5,50,1,n/a,-1,-1,-1,SPATIAL_ISLANDS,Taxi Travel Distance [km],5,236.596,20.846666496109147,203.74,267.51,35.916,20.930000000000007,47.670000000000016
TaxiAlgorithmFillAllSeats,0,-1,5,50,1,n/a,-1,-1,-1,SPATIAL_ISLANDS,Client Waiting Time [min],5,25.917999999999996,3.730669644983324,19.65,31.2,86.196,59.46,118.05
TaxiAlgorithmFillAllSeats,0,-1,5,50,1,n/a,-1,-1,-1,SPATIAL_ISLANDS,Client Travel Time [min],5,1976.5919999999999,317.71530617205076,1512.32,2469.74,6020.4,4510.0,8414.0
TaxiAlgorithmFillAllSeats,0,-1,5,50,1,n/a,-1,-1,-1,SPATIAL_ISLANDS,Calculation Time [millis],5,0.0,0.0,0.0,0.0,0.0,0.0,0.0
TaxiAlgorithmFillAllSeats,0,-1,5,50,1,n/a,-1,-1,-1,SPATIAL_ISLANDS,Custom Time [micros],5,0.0,0.0,0.0,0.0,0.0,0.0,0.0
TaxiAlgorithmFillAllSeats,0,-1,10,50,1,n/a,-1,-1,-1,SPATIAL_ISLANDS,Taxi Travel Distance [km],5,150.046,16.195808840561188,126.79,173.37,141.976,95.13000000000001,215.97
TaxiAlgorithmFillAllSeats,0,-1,10,50,1,n/a,-1,-1,-1,SPATIAL_ISLANDS,Client Waiting Time [min],5,14.066000000000003,0.7176795942480184,12.93,14.96,25.9,23.12,28.15
TaxiAlgorithmFillAllSeats,0,-1,10,50,1,n/a,-1,-1,-1,SPATIAL_ISLANDS,Client Travel Time [min],5,1386.7920000000001,129.89063128647882,1244.68,1588.12,2934.4,2696.0,3248.0
TaxiAlgorithmFillAllSeats,0,-1,10,50,1,n/a,-1,-1,-1,SPATIAL_ISLANDS,Calculation Time [millis],5,0.0,0.0,0.0,0.0,0.0,0.0,0.0
TaxiAlgorithmFillAllSeats,0,-1,10,50,1,n/a,-1,-1,-1,SPATIAL_ISLANDS,Custom Time [micros],5,0.0,0.0,0.0,0.0,0.0,0.0,0.0
TaxiAlgorithmFillAllSeats,0,-1,10,100,1,n/a,-1,-1,-1,SPATIAL_ISLANDS,Taxi Travel Distance [km],5,231.51399999999998,13.805296954430215,215.26,257.05,40.05199999999999,22.169999999999987,62.89999999999998
TaxiAlgorithmFillAllSeats,0,-1,10,100,1,n/a,-1,-1,-1,SPATIAL_ISLANDS,Client Waiting Time [min],5,20.344,3.2206434139780207,18.03,26.73,67.47600000000001,54.480000000000004,104.75
TaxiAlgorithmFillAllSeats,0,-1,10,100,1,n/a,-1,-1,-1,SPATIAL_ISLANDS,Client Travel Time [min],5,1659.834,241.02710923047647,1445.33,2128.88,4858.2,3633.0,7570.0
TaxiAlgorithmFillAllSeats,0,-1,10,100,1,n/a,-1,-1,-1,SPATIAL_ISLANDS,Calculation Time [millis],5,0.0,0.0,0.0,0.0,0.0,0.0,0.0
TaxiAlgorithmFillAllSeats,0,-1,10,100,1,n/a,-1,-1,-1,SPATIAL_ISLANDS,Custom Time [micros],5,0.0,0.0,0.0,0.0,0.0,0.0,0.0
TaxiAlgorithmP2PCollector,1,500,5,25,1,nearest,1,4,1,BASELINE,Taxi Travel Distance [km],5,1.564,1.583977272564225,0.0,4.2,6.795999999999999,0.0,20.98
TaxiAlgorithmP2PCollector,1,500,5,25,1,nearest,1,4,1,BASELINE,Client Waiting Time [min],5,24.05,29.558453274824785,0.0,66.97,16.606,0.0,83.03
TaxiAlgorithmP2PCollector,1,500,5,25,1,nearest,1,4,1,BASELINE,Client Travel Time [min],5,11947.032000000001,1085.9074475184339,10506.24,13291.4,31257.2,27742.0,35845.0
TaxiAlgorithmP2PCollector,1,500,5,25,1,nearest,1,4,1,BASELINE,Calculation Time [millis],5,0.032,0.004,0.03,0.04,38.2,11.0,62.0
TaxiAlgorithmP2PCollector,1,500,5,25,1,nearest,1,4,1,BASELINE,Custom Time [micros],5,0.0,0.0,0.0,0.0,0.0,0.0,0.0
TaxiAlgorithmP2PCollector,1,500,5,50,1,nearest,1,4,1,BASELINE,Taxi Travel Distance [km],5,4.856,2.321306528660099,2.35,7.95,14.85,6.64,20.98
TaxiAlgorithmP2PCollector,1,500,5,50,1,nearest,1,4,1,BASELINE,Client Waiting Time [min],5,121.402,66.59537143075335,27.21,210.0,142.972,0.0,339.88
TaxiAlgorithmP2PCollector,1,500,5,50,1,nearest,1,4,1,BASELINE,Client Travel Time [min],5,11743.939999999999,728.069188250677,10684.94,12737.18,32642.2,29599.0,35845.0
TaxiAlgorithmP2PCollector,1,500,5,50,1,nearest,1,4,1,BASELINE,Calculation Time [millis],5,0.03,0.0,0.03,0.03,30.8,21.0,44.0
TaxiAlgorithmP2PCollector,1,500,5,50,1,nearest,1,4,1,BASELINE,Custom Time [micros],5,0.0,0.0,0.0,0.0,0.0,0.0,0.0
TaxiAlgorithmP2PCollector,1,500,10,50,1,nearest,1,4,1,BASELINE,Taxi Travel Distance [km],5,4.6160000000000005,1.8297825007360846,2.94,8.09,16.926,8.35,26.16
TaxiAlgorithmP2PCollector,1,500,10,50,1,nearest,1,4,1,BASELINE,Client Waiting Time [min],5,145.486,48.06087831074251,91.27,235.78,296.646,241.00000000000003,339.88
TaxiAlgorithmP2PCollector,1,500,10,50,1,nearest,1,4,1,BASELINE,Client Travel Time [min],5,11618.228,842.7012977419694,10167.44,12698.24,32642.2,29599.0,35845.0
TaxiAlgorithmP2PCollector,1,500,10,50,1,nearest,1,4,1,BASELINE,Calculation Time [millis],5,0.1,0.0,0.1,0.1,80.6,67.0,97.0
TaxiAlgorithmP2PCollector,1,500,10,50,1,nearest,1,4,1,BASELINE,Custom Time [micros],5,0.0,0.0,0.0,0.0,0.0,0.0,0.0
TaxiAlgorithmP2PCollector,1,500,10,100,1,nearest,1,4,1,BASELINE,Taxi Travel Distance [km],5,7.525999999999999,2.237459273372367,3.55,9.76,23.5,8.35,31.41
TaxiAlgorithmP2PCollector,1,500,10,100,1,nearest,1,4,1,BASELINE,Client Waiting Time [min],5,131.264,40.57792730044254,70.34,176.42,265.414,155.44,347.57
TaxiAlgorithmP2PCollector,1,500,10,100,1,nearest,1,4,1,BASELINE,Client Travel Time [min],5,12132.253999999999,832.5493683043666,11207.81,13315.57,33502.8,30779.0,36090.0
TaxiAlgorithmP2PCollector,1,500,10,100,1,nearest,1,4,1,BASELINE,Calculation Time [millis],5,0.11000000000000001,1.3877787807814457E-17,0.11,0.11,77.6,71.0,93.0
TaxiAlgorithmP2PCollector,1,500,10,100,1,nearest,1,4,1,BASELINE,Custom Time [micros],5,0.0,0.0,0.0,0.0,0.0,0.0,0.0
TaxiAlgorithmP2PCollector,1,500,5,25,1,nearest,1,4,1,RUSH_HOUR,Taxi Travel Distance [km],5,4.505999999999999,2.7797597018447475,0.0,8.11,14.972,0.0,21.09
TaxiAlgorithmP2PCollector,1,500,5,25,1,nearest,1,4,1,RUSH_HOUR,Client Waiting Time [min],5,89.594,76.56283004173761,0.0,226.26,126.11000000000001,0.0,256.15000000000003
TaxiAlgorithmP2PCollector,1,500,5,25,1,nearest,1,4,1,RUSH_HOUR,Client Travel Time [min],5,12073.168000000001,2864.1043878629844,8097.36,15914.44,33342.6,26626.0,37256.0
TaxiAlgorithmP2PCollector,1,500,5,25,1,nearest,1,4,1,RUSH_HOUR,Calculation Time [millis],5,0.03,0.0,0.03,0.03,39.4,26.0,49.0
TaxiAlgorithmP2PCollector,1,500,5,25,1,nearest,1,4,1,RUSH_HOUR,Custom Time [micros],5,0.0,0.0,0.0,0.0,0.0,0.0,0.0
TaxiAlgorithmP2PCollector,1,500,5,50,1,nearest,1,4,1,RUSH_HOUR,Taxi Travel Distance [km],5,6.6,2.2195675254427383,3.31,9.03,19.066,16.55,24.06
TaxiAlgorithmP2PCollector,1,500,5,50,1,nearest,1,4,1,RUSH_HOUR,Client Waiting Time [min],5,130.228,64.26599704353774,61.44,226.26,198.584,88.25,310.38
TaxiAlgorithmP2PCollector,1,500,5,50,1,nearest,1,4,1,RUSH_HOUR,Client Travel Time [min],5,13152.24,1616.9620074695636,10998.36,15391.84,34729.8,31727.0,37256.0
TaxiAlgorithmP2PCollector,1,500,5,50,1,nearest,1,4,1,RUSH_HOUR,Calculation Time [millis],5,0.03,0.0,0.03,0.03,45.0,36.0,54.0
TaxiAlgorithmP2PCollector,1,500,5,50,1,nearest,1,4,1,RUSH_HOUR,Custom Time [micros],5,0.0,0.0,0.0,0.0,0.0,0.0,0.0
TaxiAlgorithmP2PCollector,1,500,10,50,1,nearest,1,4,1,RUSH_HOUR,Taxi Travel Distance [km],5,4.716,2.68459754898197,1.48,9.46,24.266,12.9,32.16
TaxiAlgorithmP2PCollector,1,500,10,50,1,nearest,1,4,1,RUSH_HOUR,Client Waiting Time [min],5,151.76,65.76679770218404,88.59,275.5,216.246,115.8,312.58
TaxiAlgorithmP2PCollector,1,500,10,50,1,nearest,1,4,1,RUSH_HOUR,Client Travel Time [min],5,12433.651999999998,811.2843851178202,11185.54,13348.1,32409.2,27651.0,35619.0
TaxiAlgorithmP2PCollector,1,500,10,50,1,nearest,1,4,1,RUSH_HOUR,Calculation Time [millis],5,0.10400000000000001,0.004898979485566354,0.1,0.11,80.8,68.0,98.0
TaxiAlgorithmP2PCollector,1,500,10,50,1,nearest,1,4,1,RUSH_HOUR,Custom Time [micros],5,0.0,0.0,0.0,0.0,0.0,0.0,0.0
TaxiAlgorithmP2PCollector,1,500,10,100,1,nearest,1,4,1,RUSH_HOUR,Taxi Travel Distance [km],5,9.017999999999999,3.4119929659950943,5.06,15.2,28.446000000000005,16.43,41.22
TaxiAlgorithmP2PCollector,1,500,10,100,1,nearest,1,4,1,RUSH_HOUR,Client Waiting Time [min],5,141.658,15.955647777511254,124.11,171.17,288.784,184.26999999999998,369.45
TaxiAlgorithmP2PCollector,1,500,10,100,1,nearest,1,4,1,RUSH_HOUR,Client Travel Time [min],5,12726.742000000002,511.7359149170594,12085.27,13411.86,34547.0,33562.0,35619.0
TaxiAlgorithmP2PCollector,1,500,10,100,1,nearest,1,4,1,RUSH_HOUR,Calculation Time [millis],5,0.11000000000000001,1.3877787807814457E-17,0.11,0.11,67.0,65.0,71.0
TaxiAlgorithmP2PCollector,1,500,10,100,1,nearest,1,4,1,RUSH_HOUR,Custom Time [micros],5,0.0,0.0,0.0,0.0,0.0,0.0,0.0
TaxiAlgorithmP2PCollector,1,500,5,25,1,nearest,1,4,1,SPATIAL_IMBALANCE,Taxi Travel Distance [km],5,3.08,3.125936659626999,0.0,7.77,12.634,0.0,38.84
TaxiAlgorithmP2PCollector,1,500,5,25,1,nearest,1,4,1,SPATIAL_IMBALANCE,Client Waiting Time [min],5,59.331999999999994,67.48423857464793,0.0,149.53,26.5,0.0,74.31
TaxiAlgorithmP2PCollector,1,500,5,25,1,nearest,1,4,1,SPATIAL_IMBALANCE,Client Travel Time [min],5,10470.096,1566.7003598850674,8561.16,13292.64,29336.4,26608.0,33183.0
TaxiAlgorithmP2PCollector,1,500,5,25,1,nearest,1,4,1,SPATIAL_IMBALANCE,Calculation Time [millis],5,0.034,0.004898979485566357,0.03,0.04,36.4,22.0,53.0
TaxiAlgorithmP2PCollector,1,500,5,25,1,nearest,1,4,1,SPATIAL_IMBALANCE,Custom Time [micros],5,0.0,0.0,0.0,0.0,0.0,0.0,0.0
TaxiAlgorithmP2PCollector,1,500,5,50,1,nearest,1,4,1,SPATIAL_IMBALANCE,Taxi Travel Distance [km],5,5.928,4.075980372867367,0.0,9.55,21.23,0.0,38.84
TaxiAlgorithmP2PCollector,1,500,5,50,1,nearest,1,4,1,SPATIAL_IMBALANCE,Client Waiting Time [min],5,64.548,43.12659012720575,0.0,118.45,70.356,0.0,179.9
TaxiAlgorithmP2PCollector,1,500,5,50,1,nearest,1,4,1,SPATIAL_IMBALANCE,Client Travel Time [min],5,10215.536,811.5892853309491,9234.56,11635.7,29968.8,26608.0,33183.0
TaxiAlgorithmP2PCollector,1,500,5,50,1,nearest,1,4,1,SPATIAL_IMBALANCE,Calculation Time [millis],5,0.032,0.004,0.03,0.04,8.2,0.0,23.0
TaxiAlgorithmP2PCollector,1,500,5,50,1,nearest,1,4,1,SPATIAL_IMBALANCE,Custom Time [micros],5,0.0,0.0,0.0,0.0,0.0,0.0,0.0
TaxiAlgorithmP2PCollector,1,500,10,50,1,nearest,1,4,1,SPATIAL_IMBALANCE,Taxi Travel Distance [km],5,4.14,1.8834117977755156,2.52,7.38,17.03,7.86,30.79
TaxiAlgorithmP2PCollector,1,500,10,50,1,nearest,1,4,1,SPATIAL_IMBALANCE,Client Waiting Time [min],5,129.222,34.41184528618016,89.9,190.73,277.63800000000003,81.68,381.34999999999997
TaxiAlgorithmP2PCollector,1,500,10,50,1,nearest,1,4,1,SPATIAL_IMBALANCE,Client Travel Time [min],5,8978.904,1124.6413734093194,7620.18,10914.2,26297.2,24521.0,29053.0
TaxiAlgorithmP2PCollector,1,500,10,50,1,nearest,1,4,1,SPATIAL_IMBALANCE,Calculation Time [millis],5,0.1,0.0,0.1,0.1,70.4,55.0,86.0
TaxiAlgorithmP2PCollector,1,500,10,50,1,nearest,1,4,1,SPATIAL_IMBALANCE,Custom Time [micros],5,0.0,0.0,0.0,0.0,0.0,0.0,0.0
TaxiAlgorithmP2PCollector,1,500,10,100,1,nearest,1,4,1,SPATIAL_IMBALANCE,Taxi Travel Distance [km],5,6.008,2.401028113121544,2.56,9.15,22.598,14.57,34.36
TaxiAlgorithmP2PCollector,1,500,10,100,1,nearest,1,4,1,SPATIAL_IMBALANCE,Client Waiting Time [min],5,125.01799999999999,35.09605413718186,83.11,178.73,290.768,161.22,494.25
TaxiAlgorithmP2PCollector,1,500,10,100,1,nearest,1,4,1,SPATIAL_IMBALANCE,Client Travel Time [min],5,9829.266,625.6708259332538,8926.7,10724.87,31854.0,27348.0,35342.0
TaxiAlgorithmP2PCollector,1,500,10,100,1,nearest,1,4,1,SPATIAL_IMBALANCE,Calculation Time [millis],5,0.10400000000000001,0.004898979485566354,0.1,0.11,74.2,41.0,88.0
TaxiAlgorithmP2PCollector,1,500,10,100,1,nearest,1,4,1,SPATIAL_IMBALANCE,Custom Time [micros],5,0.0,0.0,0.0,0.0,0.0,0.0,0.0
TaxiAlgorithmP2PCollector,1,500,5,25,1,nearest,1,4,1,SPATIAL_ISLANDS,Taxi Travel Distance [km],5,2.398,3.0440525619640675,0.0,8.4,7.58,0.0,21.97
TaxiAlgorithmP2PCollector,1,500,5,25,1,nearest,1,4,1,SPATIAL_ISLANDS,Client Waiting Time [min],5,54.931999999999995,39.93326603221931,0.0,96.87,21.724,0.0,58.82
TaxiAlgorithmP2PCollector,1,500,5,25,1,nearest,1,4,1,SPATIAL_ISLANDS,Client Travel Time [min],5,12080.679999999998,1624.8440220525783,10236.84,14354.2,31388.2,27893.0,34752.0
TaxiAlgorithmP2PCollector,1,500,5,25,1,nearest,1,4,1,SPATIAL_ISLANDS,Calculation Time [millis],5,0.03,0.0,0.03,0.03,8.4,0.0,19.0
TaxiAlgorithmP2PCollector,1,500,5,25,1,nearest,1,4,1,SPATIAL_ISLANDS,Custom Time [micros],5,0.0,0.0,0.0,0.0,0.0,0.0,0.0
TaxiAlgorithmP2PCollector,1,500,5,50,1,nearest,1,4,1,SPATIAL_ISLANDS,Taxi Travel Distance [km],5,6.279999999999999,6.301184015722759,0.7,18.16,7.994,1.82,15.61
TaxiAlgorithmP2PCollector,1,500,5,50,1,nearest,1,4,1,SPATIAL_ISLANDS,Client Waiting Time [min],5,209.218,117.16425861157487,109.65,434.71,240.28399999999996,164.12,373.25
TaxiAlgorithmP2PCollector,1,500,5,50,1,nearest,1,4,1,SPATIAL_ISLANDS,Client Travel Time [min],5,11829.408,1873.1000099983983,9919.56,14927.42,30524.8,27893.0,34540.0
TaxiAlgorithmP2PCollector,1,500,5,50,1,nearest,1,4,1,SPATIAL_ISLANDS,Calculation Time [millis],5,0.03,0.0,0.03,0.03,32.2,28.0,35.0
TaxiAlgorithmP2PCollector,1,500,5,50,1,nearest,1,4,1,SPATIAL_ISLANDS,Custom Time [micros],5,0.0,0.0,0.0,0.0,0.0,0.0,0.0
TaxiAlgorithmP2PCollector,1,500,10,50,1,nearest,1,4,1,SPATIAL_ISLANDS,Taxi Travel Distance [km],5,4.752000000000001,2.581119137118626,0.35,8.23,16.616,1.82,24.28
TaxiAlgorithmP2PCollector,1,500,10,50,1,nearest,1,4,1,SPATIAL_ISLANDS,Client Waiting Time [min],5,215.25799999999998,113.11113073433577,129.29,434.71,286.816,164.12,431.57
TaxiAlgorithmP2PCollector,1,500,10,50,1,nearest,1,4,1,SPATIAL_ISLANDS,Client Travel Time [min],5,11670.848000000002,1852.2281122842294,9093.9,14301.0,28374.0,26034.0,34540.0
TaxiAlgorithmP2PCollector,1,500,10,50,1,nearest,1,4,1,SPATIAL_ISLANDS,Calculation Time [millis],5,0.1,0.0,0.1,0.1,71.4,60.0,84.0
TaxiAlgorithmP2PCollector,1,500,10,50,1,nearest,1,4,1,SPATIAL_ISLANDS,Custom Time [micros],5,0.0,0.0,0.0,0.0,0.0,0.0,0.0
TaxiAlgorithmP2PCollector,1,500,10,100,1,nearest,1,4,1,SPATIAL_ISLANDS,Taxi Travel Distance [km],5,7.1739999999999995,3.3185213574723305,1.38,10.95,21.586000000000002,7.45,34.33
TaxiAlgorithmP2PCollector,1,500,10,100,1,nearest,1,4,1,SPATIAL_ISLANDS,Client Waiting Time [min],5,174.948,62.38172341319211,129.01,298.62,345.976,254.94,394.27
TaxiAlgorithmP2PCollector,1,500,10,100,1,nearest,1,4,1,SPATIAL_ISLANDS,Client Travel Time [min],5,11463.607999999998,1078.652931121035,10639.82,13582.67,30292.2,27893.0,34540.0
TaxiAlgorithmP2PCollector,1,500,10,100,1,nearest,1,4,1,SPATIAL_ISLANDS,Calculation Time [millis],5,0.12,0.02,0.11,0.16,84.4,80.0,90.0
TaxiAlgorithmP2PCollector,1,500,10,100,1,nearest,1,4,1,SPATIAL_ISLANDS,Custom Time [micros],5,0.0,0.0,0.0,0.0,0.0,0.0,0.0
TaxiAlgorithmP2PCollector,1,500,5,25,1,greedy,1,4,1,BASELINE,Taxi Travel Distance [km],5,1.564,1.583977272564225,0.0,4.2,6.795999999999999,0.0,20.98
TaxiAlgorithmP2PCollector,1,500,5,25,1,greedy,1,4,1,BASELINE,Client Waiting Time [min],5,24.05,29.558453274824785,0.0,66.97,16.606,0.0,83.03
TaxiAlgorithmP2PCollector,1,500,5,25,1,greedy,1,4,1,BASELINE,Client Travel Time [min],5,11947.032000000001,1085.9074475184339,10506.24,13291.4,31257.2,27742.0,35845.0
TaxiAlgorithmP2PCollector,1,500,5,25,1,greedy,1,4,1,BASELINE,Calculation Time [millis],5,0.03,0.0,0.03,0.03,17.4,0.0,52.0
TaxiAlgorithmP2PCollector,1,500,5,25,1,greedy,1,4,1,BASELINE,Custom Time [micros],5,0.0,0.0,0.0,0.0,0.0,0.0,0.0
TaxiAlgorithmP2PCollector,1,500,5,50,1,greedy,1,4,1,BASELINE,Taxi Travel Distance [km],5,4.856,2.321306528660099,2.35,7.95,14.85,6.64,20.98
TaxiAlgorithmP2PCollector,1,500,5,50,1,greedy,1,4,1,BASELINE,Client Waiting Time [min],5,121.402,66.59537143075335,27.21,210.0,142.972,0.0,339.88
TaxiAlgorithmP2PCollector,1,500,5,50,1,greedy,1,4,1,BASELINE,Client Travel Time [min],5,11743.939999999999,728.069188250677,10684.94,12737.18,32642.2,29599.0,35845.0
TaxiAlgorithmP2PCollector,1,500,5,50,1,greedy,1,4,1,BASELINE,Calculation Time [millis],5,0.03,0.0,0.03,0.03,29.8,27.0,34.0
TaxiAlgorithmP2PCollector,1,500,5,50,1,greedy,1,4,1,BASELINE,Custom Time [micros],5,0.0,0.0,0.0,0.0,0.0,0.0,0.0
TaxiAlgorithmP2PCollector,1,500,10,50,1,greedy,1,4,1,BASELINE,Taxi Travel Distance [km],5,4.6160000000000005,1.8297825007360846,2.94,8.09,16.926,8.35,26.16
TaxiAlgorithmP2PCollector,1,500,10,50,1,greedy,1,4,1,BASELINE,Client Waiting Time [min],5,145.486,48.06087831074251,91.27,235.78,296.646,241.00000000000003,339.88
TaxiAlgorithmP2PCollector,1,500,10,50,1,greedy,1,4,1,BASELINE,Client Travel Time [min],5,11618.228,842.7012977419694,10167.44,12698.24,32642.2,29599.0,35845.0
TaxiAlgorithmP2PCollector,1,500,10,50,1,greedy,1,4,1,BASELINE,Calculation Time [millis],5,0.1,0.0,0.1,0.1,75.0,63.0,92.0
TaxiAlgorithmP2PCollector,1,500,10,50,1,greedy,1,4,1,BASELINE,Custom Time [micros],5,0.0,0.0,0.0,0.0,0.0,0.0,0.0
TaxiAlgorithmP2PCollector,1,500,10,100,1,greedy,1,4,1,BASELINE,Taxi Travel Distance [km],5,7.525999999999999,2.237459273372367,3.55,9.76,23.5,8.35,31.41
TaxiAlgorithmP2PCollector,1,500,10,100,1,greedy,1,4,1,BASELINE,Client Waiting Time [min],5,131.264,40.57792730044254,70.34,176.42,265.414,155.44,347.57
TaxiAlgorithmP2PCollector,1,500,10,100,1,greedy,1,4,1,BASELINE,Client Travel Time [min],5,12132.253999999999,832.5493683043666,11207.81,13315.57,33502.8,30779.0,36090.0
TaxiAlgorithmP2PCollector,1,500,10,100,1,greedy,1,4,1,BASELINE,Calculation Time [millis],5,0.11000000000000001,1.3877787807814457E-17,0.11,0.11,84.8,66.0,98.0
TaxiAlgorithmP2PCollector,1,500,10,100,1,greedy,1,4,1,BASELINE,Custom Time [micros],5,0.0,0.0,0.0,0.0,0.0,0.0,0.0
TaxiAlgorithmP2PCollector,1,500,5,25,1,greedy,1,4,1,RUSH_HOUR,Taxi Travel Distance [km],5,4.505999999999999,2.7797597018447475,0.0,8.11,14.972,0.0,21.09
TaxiAlgorithmP2PCollector,1,500,5,25,1,greedy,1,4,1,RUSH_HOUR,Client Waiting Time [min],5,89.594,76.56283004173761,0.0,226.26,126.11000000000001,0.0,256.15000000000003
TaxiAlgorithmP2PCollector,1,500,5,25,1,greedy,1,4,1,RUSH_HOUR,Client Travel Time [min],5,12073.168000000001,2864.1043878629844,8097.36,15914.44,33342.6,26626.0,37256.0
TaxiAlgorithmP2PCollector,1,500,5,25,1,greedy,1,4,1,RUSH_HOUR,Calculation Time [millis],5,0.03,0.0,0.03,0.03,14.4,0.0,47.0
TaxiAlgorithmP2PCollector,1,500,5,25,1,greedy,1,4,1,RUSH_HOUR,Custom Time [micros],5,0.0,0.0,0.0,0.0,0.0,0.0,0.0
TaxiAlgorithmP2PCollector,1,500,5,50,1,greedy,1,4,1,RUSH_HOUR,Taxi Travel Distance [km],5,6.6,2.2195675254427383,3.31,9.03,19.066,16.55,24.06
TaxiAlgorithmP2PCollector,1,500,5,50,1,greedy,1,4,1,RUSH_HOUR,Client Waiting Time [min],5,130.228,64.26599704353774,61.44,226.26,198.584,88.25,310.38
TaxiAlgorithmP2PCollector,1,500,5,50,1,greedy,1,4,1,RUSH_HOUR,Client Travel Time [min],5,13152.24,1616.9620074695636,10998.36,15391.84,34729.8,31727.0,37256.0
TaxiAlgorithmP2PCollector,1,500,5,50,1,greedy,1,4,1,RUSH_HOUR,Calculation Time [millis],5,0.038,0.007483314773547884,0.03,0.05,32.8,27.0,45.0
TaxiAlgorithmP2PCollector,1,500,5,50,1,greedy,1,4,1,RUSH_HOUR,Custom Time [micros],5,0.0,0.0,0.0,0.0,0.0,0.0,0.0
TaxiAlgorithmP2PCollector,1,500,10,50,1,greedy,1,4,1,RUSH_HOUR,Taxi Travel Distance [km],5,4.716,2.68459754898197,1.48,9.46,24.266,12.9,32.16
TaxiAlgorithmP2PCollector,1,500,10,50,1,greedy,1,4,1,RUSH_HOUR,Client Waiting Time [min],5,151.76,65.76679770218404,88.59,275.5,216.246,115.8,312.58
TaxiAlgorithmP2PCollector,1,500,10,50,1,greedy,1,4,1,RUSH_HOUR,Client Travel Time [min],5,12433.651999999998,811.2843851178202,11185.54,13348.1,32409.2,27651.0,35619.0
TaxiAlgorithmP2PCollector,1,500,10,50,1,greedy,1,4,1,RUSH_HOUR,Calculation Time [millis],5,0.1,0.00632455532033676,0.09,0.11,75.4,58.0,99.0
TaxiAlgorithmP2PCollector,1,500,10,50,1,greedy,1,4,1,RUSH_HOUR,Custom Time [micros],5,0.0,0.0,0.0,0.0,0.0,0.0,0.0
TaxiAlgorithmP2PCollector,1,500,10,100,1,greedy,1,4,1,RUSH_HOUR,Taxi Travel Distance [km],5,9.017999999999999,3.4119929659950943,5.06,15.2,28.446000000000005,16.43,41.22
TaxiAlgorithmP2PCollector,1,500,10,100,1,greedy,1,4,1,RUSH_HOUR,Client Waiting Time [min],5,141.658,15.955647777511254,124.11,171.17,288.784,184.26999999999998,369.45
TaxiAlgorithmP2PCollector,1,500,10,100,1,greedy,1,4,1,RUSH_HOUR,Client Travel Time [min],5,12726.742000000002,511.7359149170594,12085.27,13411.86,34547.0,33562.0,35619.0
TaxiAlgorithmP2PCollector,1,500,10,100,1,greedy,1,4,1,RUSH_HOUR,Calculation Time [millis],5,0.11000000000000001,1.3877787807814457E-17,0.11,0.11,79.6,71.0,90.0
TaxiAlgorithmP2PCollector,1,500,10,100,1,greedy,1,4,1,RUSH_HOUR,Custom Time [micros],5,0.0,0.0,0.0,0.0,0.0,0.0,0.0
TaxiAlgorithmP2PCollector,1,500,5,25,1,greedy,1,4,1,SPATIAL_IMBALANCE,Taxi Travel Distance [km],5,3.08,3.125936659626999,0.0,7.77,12.634,0.0,38.84
TaxiAlgorithmP2PCollector,1,500,5,25,1,greedy,1,4,1,SPATIAL_IMBALANCE,Client Waiting Time [min],5,59.331999999999994,67.48423857464793,0.0,149.53,26.5,0.0,74.31
TaxiAlgorithmP2PCollector,1,500,5,25,1,greedy,1,4,1,SPATIAL_IMBALANCE,Client Travel Time [min],5,10470.096,1566.7003598850674,8561.16,13292.64,29336.4,26608.0,33183.0
TaxiAlgorithmP2PCollector,1,500,5,25,1,greedy,1,4,1,SPATIAL_IMBALANCE,Calculation Time [millis],5,0.03,0.0,0.03,0.03,20.8,0.0,50.0
TaxiAlgorithmP2PCollector,1,500,5,25,1,greedy,1,4,1,SPATIAL_IMBALANCE,Custom Time [micros],5,0.0,0.0,0.0,0.0,0.0,0.0,0.0
TaxiAlgorithmP2PCollector,1,500,5,50,1,greedy,1,4,1,SPATIAL_IMBALANCE,Taxi Travel Distance [km],5,5.928,4.075980372867367,0.0,9.55,21.23,0.0,38.84
TaxiAlgorithmP2PCollector,1,500,5,50,1,greedy,1,4,1,SPATIAL_IMBALANCE,Client Waiting Time [min],5,64.548,43.12659012720575,0.0,118.45,70.356,0.0,179.9
TaxiAlgorithmP2PCollector,1,500,5,50,1,greedy,1,4,1,SPATIAL_IMBALANCE,Client Travel Time [min],5,10215.536,811.5892853309491,9234.56,11635.7,29968.8,26608.0,33183.0
TaxiAlgorithmP2PCollector,1,500,5,50,1,greedy,1,4,1,SPATIAL_IMBALANCE,Calculation Time [millis],5,0.03,0.0,0.03,0.03,12.2,0.0,27.0
TaxiAlgorithmP2PCollector,1,500,5,50,1,greedy,1,4,1,SPATIAL_IMBALANCE,Custom Time [micros],5,0.0,0.0,0.0,0.0,0.0,0.0,0.0
TaxiAlgorithmP2PCollector,1,500,10,50,1,greedy,1,4,1,SPATIAL_IMBALANCE,Taxi Travel Distance [km],5,4.14,1.8834117977755156,2.52,7.38,17.03,7.86,30.79
TaxiAlgorithmP2PCollector,1,500,10,50,1,greedy,1,4,1,SPATIAL_IMBALANCE,Client Waiting Time [min],5,129.222,34.41184528618016,89.9,190.73,277.63800000000003,81.68,381.34999999999997
TaxiAlgorithmP2PCollector,1,500,10,50,1,greedy,1,4,1,SPATIAL_IMBALANCE,Client Travel Time [min],5,8978.904,1124.6413734093194,7620.18,10914.2,26297.2,24521.0,29053.0
TaxiAlgorithmP2PCollector,1,500,10,50,1,greedy,1,4,1,SPATIAL_IMBALANCE,Calculation Time [millis],5,0.11000000000000001,0.015491933384829671,0.1,0.14,79.4,46.0,155.0
TaxiAlgorithmP2PCollector,1,500,10,50,1,greedy,1,4,1,SPATIAL_IMBALANCE,Custom Time [micros],5,0.0,0.0,0.0,0.0,0.0,0.0,0.0
TaxiAlgorithmP2PCollector,1,500,10,100,1,greedy,1,4,1,SPATIAL_IMBALANCE,Taxi Travel Distance [km],5,6.008,2.401028113121544,2.56,9.15,22.598,14.57,34.36
TaxiAlgorithmP2PCollector,1,500,10,100,1,greedy,1,4,1,SPATIAL_IMBALANCE,Client Waiting Time [min],5,125.01799999999999,35.09605413718186,83.11,178.73,290.768,161.22,494.25
TaxiAlgorithmP2PCollector,1,500,10,100,1,greedy,1,4,1,SPATIAL_IMBALANCE,Client Travel Time [min],5,9829.266,625.6708259332538,8926.7,10724.87,31854.0,27348.0,35342.0
TaxiAlgorithmP2PCollector,1,500,10,100,1,greedy,1,4,1,SPATIAL_IMBALANCE,Calculation Time [millis],5,0.10799999999999998,0.007483314773547879,0.1,0.12,73.4,41.0,92.0
TaxiAlgorithmP2PCollector,1,500,10,100,1,greedy,1,4,1,SPATIAL_IMBALANCE,Custom Time [micros],5,0.0,0.0,0.0,0.0,0.0,0.0,0.0
TaxiAlgorithmP2PCollector,1,500,5,25,1,greedy,1,4,1,SPATIAL_ISLANDS,Taxi Travel Distance [km],5,2.398,3.0440525619640675,0.0,8.4,7.58,0.0,21.97
TaxiAlgorithmP2PCollector,1,500,5,25,1,greedy,1,4,1,SPATIAL_ISLANDS,Client Waiting Time [min],5,54.931999999999995,39.93326603221931,0.0,96.87,21.724,0.0,58.82
TaxiAlgorithmP2PCollector,1,500,5,25,1,greedy,1,4,1,SPATIAL_ISLANDS,Client Travel Time [min],5,12080.679999999998,1624.8440220525783,10236.84,14354.2,31388.2,27893.0,34752.0
TaxiAlgorithmP2PCollector,1,500,5,25,1,greedy,1,4,1,SPATIAL_ISLANDS,Calculation Time [millis],5,0.03,0.0,0.03,0.03,16.8,0.0,36.0
TaxiAlgorithmP2PCollector,1,500,5,25,1,greedy,1,4,1,SPATIAL_ISLANDS,Custom Time [micros],5,0.0,0.0,0.0,0.0,0.0,0.0,0.0
TaxiAlgorithmP2PCollector,1,500,5,50,1,greedy,1,4,1,SPATIAL_ISLANDS,Taxi Travel Distance [km],5,6.279999999999999,6.301184015722759,0.7,18.16,7.994,1.82,15.61
TaxiAlgorithmP2PCollector,1,500,5,50,1,greedy,1,4,1,SPATIAL_ISLANDS,Client Waiting Time [min],5,209.218,117.16425861157487,109.65,434.71,240.28399999999996,164.12,373.25
TaxiAlgorithmP2PCollector,1,500,5,50,1,greedy,1,4,1,SPATIAL_ISLANDS,Client Travel Time [min],5,11829.408,1873.1000099983983,9919.56,14927.42,30524.8,27893.0,34540.0
TaxiAlgorithmP2PCollector,1,500,5,50,1,greedy,1,4,1,SPATIAL_ISLANDS,Calculation Time [millis],5,0.03,0.0,0.03,0.03,11.2,0.0,48.0
TaxiAlgorithmP2PCollector,1,500,5,50,1,greedy,1,4,1,SPATIAL_ISLANDS,Custom Time [micros],5,0.0,0.0,0.0,0.0,0.0,0.0,0.0
TaxiAlgorithmP2PCollector,1,500,10,50,1,greedy,1,4,1,SPATIAL_ISLANDS,Taxi Travel Distance [km],5,4.752000000000001,2.581119137118626,0.35,8.23,16.616,1.82,24.28
TaxiAlgorithmP2PCollector,1,500,10,50,1,greedy,1,4,1,SPATIAL_ISLANDS,Client Waiting Time [min],5,215.25799999999998,113.11113073433577,129.29,434.71,286.816,164.12,431.57
TaxiAlgorithmP2PCollector,1,500,10,50,1,greedy,1,4,1,SPATIAL_ISLANDS,Client Travel Time [min],5,11670.848000000002,1852.2281122842294,9093.9,14301.0,28374.0,26034.0,34540.0
TaxiAlgorithmP2PCollector,1,500,10,50,1,greedy,1,4,1,SPATIAL_ISLANDS,Calculation Time [millis],5,0.10800000000000001,0.016,0.1,0.14,92.4,51.0,201.0
TaxiAlgorithmP2PCollector,1,500,10,50,1,greedy,1,4,1,SPATIAL_ISLANDS,Custom Time [micros],5,0.0,0.0,0.0,0.0,0.0,0.0,0.0
TaxiAlgorithmP2PCollector,1,500,10,100,1,greedy,1,4,1,SPATIAL_ISLANDS,Taxi Travel Distance [km],5,7.1739999999999995,3.3185213574723305,1.38,10.95,21.586000000000002,7.45,34.33
TaxiAlgorithmP2PCollector,1,500,10,100,1,greedy,1,4,1,SPATIAL_ISLANDS,Client Waiting Time [min],5,174.948,62.38172341319211,129.01,298.62,345.976,254.94,394.27
TaxiAlgorithmP2PCollector,1,500,10,100,1,greedy,1,4,1,SPATIAL_ISLANDS,Client Travel Time [min],5,11463.607999999998,1078.652931121035,10639.82,13582.67,30292.2,27893.0,34540.0
TaxiAlgorithmP2PCollector,1,500,10,100,1,greedy,1,4,1,SPATIAL_ISLANDS,Calculation Time [millis],5,0.11000000000000001,1.3877787807814457E-17,0.11,0.11,76.4,64.0,89.0
TaxiAlgorithmP2PCollector,1,500,10,100,1,greedy,1,4,1,SPATIAL_ISLANDS,Custom Time [micros],5,0.0,0.0,0.0,0.0,0.0,0.0,0.0
TaxiAlgorithmP2PCollector,1,1000,5,25,1,nearest,1,4,1,BASELINE,Taxi Travel Distance [km],5,6.837999999999999,2.0163868676422187,4.41,10.54,21.733999999999998,13.37,37.23
TaxiAlgorithmP2PCollector,1,1000,5,25,1,nearest,1,4,1,BASELINE,Client Waiting Time [min],5,126.62800000000001,57.46671850732387,46.55,221.62,172.388,0.0,313.25
TaxiAlgorithmP2PCollector,1,1000,5,25,1,nearest,1,4,1,BASELINE,Client Travel Time [min],5,11113.295999999998,903.2318820236582,9700.28,12251.48,27351.2,24491.0,31622.0
TaxiAlgorithmP2PCollector,1,1000,5,25,1,nearest,1,4,1,BASELINE,Calculation Time [millis],5,0.03,0.0,0.03,0.03,18.8,0.0,47.0
TaxiAlgorithmP2PCollector,1,1000,5,25,1,nearest,1,4,1,BASELINE,Custom Time [micros],5,0.0,0.0,0.0,0.0,0.0,0.0,0.0
TaxiAlgorithmP2PCollector,1,1000,5,50,1,nearest,1,4,1,BASELINE,Taxi Travel Distance [km],5,10.367999999999999,2.1248943503148574,8.19,12.94,24.409999999999997,20.57,33.96
TaxiAlgorithmP2PCollector,1,1000,5,50,1,nearest,1,4,1,BASELINE,Client Waiting Time [min],5,106.502,47.48024785108014,23.5,158.44,237.32799999999997,29.700000000000003,424.72
TaxiAlgorithmP2PCollector,1,1000,5,50,1,nearest,1,4,1,BASELINE,Client Travel Time [min],5,11318.547999999999,637.0791068744916,10676.68,12347.42,30007.0,24491.0,34325.0
TaxiAlgorithmP2PCollector,1,1000,5,50,1,nearest,1,4,1,BASELINE,Calculation Time [millis],5,0.03,0.0,0.03,0.03,22.2,0.0,40.0
TaxiAlgorithmP2PCollector,1,1000,5,50,1,nearest,1,4,1,BASELINE,Custom Time [micros],5,0.0,0.0,0.0,0.0,0.0,0.0,0.0
TaxiAlgorithmP2PCollector,1,1000,10,50,1,nearest,1,4,1,BASELINE,Taxi Travel Distance [km],5,10.059999999999999,1.8532565931354457,7.76,13.36,30.759999999999998,20.57,48.73
TaxiAlgorithmP2PCollector,1,1000,10,50,1,nearest,1,4,1,BASELINE,Client Waiting Time [min],5,115.686,26.252811354215,80.23,155.3,307.434,147.03,438.19
TaxiAlgorithmP2PCollector,1,1000,10,50,1,nearest,1,4,1,BASELINE,Client Travel Time [min],5,10783.511999999999,382.4813872804792,10106.1,11178.44,30339.6,25760.0,33124.0
TaxiAlgorithmP2PCollector,1,1000,10,50,1,nearest,1,4,1,BASELINE,Calculation Time [millis],5,0.1,0.0,0.1,0.1,75.6,52.0,98.0
TaxiAlgorithmP2PCollector,1,1000,10,50,1,nearest,1,4,1,BASELINE,Custom Time [micros],5,0.0,0.0,0.0,0.0,0.0,0.0,0.0
TaxiAlgorithmP2PCollector,1,1000,10,100,1,nearest,1,4,1,BASELINE,Taxi Travel Distance [km],5,14.772,3.0356310711283743,10.57,18.22,37.983999999999995,29.65,48.73
TaxiAlgorithmP2PCollector,1,1000,10,100,1,nearest,1,4,1,BASELINE,Client Waiting Time [min],5,125.75399999999999,14.02228169735582,103.57,147.69,412.97200000000004,370.15,446.1
TaxiAlgorithmP2PCollector,1,1000,10,100,1,nearest,1,4,1,BASELINE,Client Travel Time [min],5,11581.022,703.4089594083939,10707.1,12626.22,33005.4,30680.0,36090.0
TaxiAlgorithmP2PCollector,1,1000,10,100,1,nearest,1,4,1,BASELINE,Calculation Time [millis],5,0.11599999999999999,0.008,0.11,0.13,92.0,59.0,169.0
TaxiAlgorithmP2PCollector,1,1000,10,100,1,nearest,1,4,1,BASELINE,Custom Time [micros],5,0.0,0.0,0.0,0.0,0.0,0.0,0.0
TaxiAlgorithmP2PCollector,1,1000,5,25,1,nearest,1,4,1,RUSH_HOUR,Taxi Travel Distance [km],5,8.059999999999999,2.6314330696409516,4.15,11.55,24.962,19.46,39.64
TaxiAlgorithmP2PCollector,1,1000,5,25,1,nearest,1,4,1,RUSH_HOUR,Client Waiting Time [min],5,124.572,64.33788165614408,50.78,217.94,186.76800000000003,0.0,358.53000000000003
TaxiAlgorithmP2PCollector,1,1000,5,25,1,nearest,1,4,1,RUSH_HOUR,Client Travel Time [min],5,11519.464000000002,2605.5040213947095,7598.36,15163.76,33342.6,26626.0,37256.0
TaxiAlgorithmP2PCollector,1,1000,5,25,1,nearest,1,4,1,RUSH_HOUR,Calculation Time [millis],5,0.03,0.0,0.03,0.03,10.8,0.0,31.0
TaxiAlgorithmP2PCollector,1,1000,5,25,1,nearest,1,4,1,RUSH_HOUR,Custom Time [micros],5,0.0,0.0,0.0,0.0,0.0,0.0,0.0
TaxiAlgorithmP2PCollector,1,1000,5,50,1,nearest,1,4,1,RUSH_HOUR,Taxi Travel Distance [km],5,10.496,2.5915601478646026,6.48,13.46,30.119999999999997,19.46,43.15
TaxiAlgorithmP2PCollector,1,1000,5,50,1,nearest,1,4,1,RUSH_HOUR,Client Waiting Time [min],5,158.286,31.311748977021388,128.37,217.94,310.62800000000004,255.23000000000002,358.53000000000003
TaxiAlgorithmP2PCollector,1,1000,5,50,1,nearest,1,4,1,RUSH_HOUR,Client Travel Time [min],5,12857.076000000001,1460.7548789526597,10745.48,14925.96,34729.8,31727.0,37256.0
TaxiAlgorithmP2PCollector,1,1000,5,50,1,nearest,1,4,1,RUSH_HOUR,Calculation Time [millis],5,0.03,0.0,0.03,0.03,43.6,41.0,45.0
TaxiAlgorithmP2PCollector,1,1000,5,50,1,nearest,1,4,1,RUSH_HOUR,Custom Time [micros],5,0.0,0.0,0.0,0.0,0.0,0.0,0.0
TaxiAlgorithmP2PCollector,1,1000,10,50,1,nearest,1,4,1,RUSH_HOUR,Taxi Travel Distance [km],5,9.166,3.9185589187863434,2.23,13.35,33.318,13.88,45.69
TaxiAlgorithmP2PCollector,1,1000,10,50,1,nearest,1,4,1,RUSH_HOUR,Client Waiting Time [min],5,166.83200000000002,45.962595401043224,105.63,240.63,364.99199999999996,288.34,504.87
TaxiAlgorithmP2PCollector,1,1000,10,50,1,nearest,1,4,1,RUSH_HOUR,Client Travel Time [min],5,11781.488,860.2958048113451,10598.14,12778.72,30915.8,27651.0,34346.0
TaxiAlgorithmP2PCollector,1,1000,10,50,1,nearest,1,4,1,RUSH_HOUR,Calculation Time [millis],5,0.094,0.004898979485566361,0.09,0.1,61.6,33.0,83.0
TaxiAlgorithmP2PCollector,1,1000,10,50,1,nearest,1,4,1,RUSH_HOUR,Custom Time [micros],5,0.0,0.0,0.0,0.0,0.0,0.0,0.0
TaxiAlgorithmP2PCollector,1,1000,10,100,1,nearest,1,4,1,RUSH_HOUR,Taxi Travel Distance [km],5,13.311999999999998,2.481768724115927,10.05,17.15,35.836,27.47,47.54
TaxiAlgorithmP2PCollector,1,1000,10,100,1,nearest,1,4,1,RUSH_HOUR,Client Waiting Time [min],5,147.502,36.8110605117538,77.37,177.93,391.044,210.5,519.5400000000001
TaxiAlgorithmP2PCollector,1,1000,10,100,1,nearest,1,4,1,RUSH_HOUR,Client Travel Time [min],5,12420.528,531.2110100666216,11707.73,13245.95,34217.4,31914.0,35619.0
TaxiAlgorithmP2PCollector,1,1000,10,100,1,nearest,1,4,1,RUSH_HOUR,Calculation Time [millis],5,0.10400000000000001,0.004898979485566354,0.1,0.11,74.8,59.0,88.0
TaxiAlgorithmP2PCollector,1,1000,10,100,1,nearest,1,4,1,RUSH_HOUR,Custom Time [micros],5,0.0,0.0,0.0,0.0,0.0,0.0,0.0
TaxiAlgorithmP2PCollector,1,1000,5,25,1,nearest,1,4,1,SPATIAL_IMBALANCE,Taxi Travel Distance [km],5,5.17,1.320212104171144,3.68,7.38,22.848000000000003,18.42,36.92
TaxiAlgorithmP2PCollector,1,1000,5,25,1,nearest,1,4,1,SPATIAL_IMBALANCE,Client Waiting Time [min],5,79.218,60.99697054772474,8.78,152.48,74.53999999999999,0.0,277.88
TaxiAlgorithmP2PCollector,1,1000,5,25,1,nearest,1,4,1,SPATIAL_IMBALANCE,Client Travel Time [min],5,10141.168000000001,1455.8516857207676,8016.08,12564.36,29336.4,26608.0,33183.0
TaxiAlgorithmP2PCollector,1,1000,5,25,1,nearest,1,4,1,SPATIAL_IMBALANCE,Calculation Time [millis],5,0.03,0.0,0.03,0.03,19.6,0.0,47.0
TaxiAlgorithmP2PCollector,1,1000,5,25,1,nearest,1,4,1,SPATIAL_IMBALANCE,Custom Time [micros],5,0.0,0.0,0.0,0.0,0.0,0.0,0.0
TaxiAlgorithmP2PCollector,1,1000,5,50,1,nearest,1,4,1,SPATIAL_IMBALANCE,Taxi Travel Distance [km],5,8.620000000000001,4.189238594303266,4.25,15.82,26.341999999999995,18.42,38.48
TaxiAlgorithmP2PCollector,1,1000,5,50,1,nearest,1,4,1,SPATIAL_IMBALANCE,Client Waiting Time [min],5,75.282,43.68078634823324,27.82,149.94,148.56199999999998,0.0,492.75
TaxiAlgorithmP2PCollector,1,1000,5,50,1,nearest,1,4,1,SPATIAL_IMBALANCE,Client Travel Time [min],5,10026.132,729.8763969440306,9040.06,11271.56,29738.4,26608.0,33183.0
TaxiAlgorithmP2PCollector,1,1000,5,50,1,nearest,1,4,1,SPATIAL_IMBALANCE,Calculation Time [millis],5,0.03,0.0,0.03,0.03,11.2,0.0,27.0
TaxiAlgorithmP2PCollector,1,1000,5,50,1,nearest,1,4,1,SPATIAL_IMBALANCE,Custom Time [micros],5,0.0,0.0,0.0,0.0,0.0,0.0,0.0
TaxiAlgorithmP2PCollector,1,1000,10,50,1,nearest,1,4,1,SPATIAL_IMBALANCE,Taxi Travel Distance [km],5,7.45,4.446702148783972,3.29,13.79,23.452000000000005,10.56,44.13
TaxiAlgorithmP2PCollector,1,1000,10,50,1,nearest,1,4,1,SPATIAL_IMBALANCE,Client Waiting Time [min],5,102.296,39.96174700885835,60.13,172.32,276.558,109.99000000000001,373.92
TaxiAlgorithmP2PCollector,1,1000,10,50,1,nearest,1,4,1,SPATIAL_IMBALANCE,Client Travel Time [min],5,8510.828,1076.4421785567492,7534.44,10612.6,26207.0,24521.0,29053.0
TaxiAlgorithmP2PCollector,1,1000,10,50,1,nearest,1,4,1,SPATIAL_IMBALANCE,Calculation Time [millis],5,0.092,0.0040000000000000036,0.09,0.1,63.4,47.0,80.0
TaxiAlgorithmP2PCollector,1,1000,10,50,1,nearest,1,4,1,SPATIAL_IMBALANCE,Custom Time [micros],5,0.0,0.0,0.0,0.0,0.0,0.0,0.0
TaxiAlgorithmP2PCollector,1,1000,10,100,1,nearest,1,4,1,SPATIAL_IMBALANCE,Taxi Travel Distance [km],5,11.318000000000001,6.167532407697588,5.56,21.05,32.572,16.82,60.15
TaxiAlgorithmP2PCollector,1,1000,10,100,1,nearest,1,4,1,SPATIAL_IMBALANCE,Client Waiting Time [min],5,111.93199999999999,27.494410631981182,67.25,142.22,357.76,269.44000000000005,486.41999999999996
TaxiAlgorithmP2PCollector,1,1000,10,100,1,nearest,1,4,1,SPATIAL_IMBALANCE,Client Travel Time [min],5,9433.428,539.3608342992658,8877.3,10399.32,31854.0,27348.0,35342.0
TaxiAlgorithmP2PCollector,1,1000,10,100,1,nearest,1,4,1,SPATIAL_IMBALANCE,Calculation Time [millis],5,0.1,0.0,0.1,0.1,75.0,61.0,88.0
TaxiAlgorithmP2PCollector,1,1000,10,100,1,nearest,1,4,1,SPATIAL_IMBALANCE,Custom Time [micros],5,0.0,0.0,0.0,0.0,0.0,0.0,0.0
TaxiAlgorithmP2PCollector,1,1000,5,25,1,nearest,1,4,1,SPATIAL_ISLANDS,Taxi Travel Distance [km],5,4.456,4.029727534213697,0.0,11.85,15.994000000000003,0.0,36.2
TaxiAlgorithmP2PCollector,1,1000,5,25,1,nearest,1,4,1,SPATIAL_ISLANDS,Client Waiting Time [min],5,73.11000000000001,58.65469699862067,0.0,180.11,103.016,0.0,345.25
TaxiAlgorithmP2PCollector,1,1000,5,25,1,nearest,1,4,1,SPATIAL_ISLANDS,Client Travel Time [min],5,11779.431999999999,1618.5231074087267,10196.28,13818.52,30524.8,27893.0,34540.0
TaxiAlgorithmP2PCollector,1,1000,5,25,1,nearest,1,4,1,SPATIAL_ISLANDS,Calculation Time [millis],5,0.03,0.0,0.03,0.03,27.8,0.0,57.0
TaxiAlgorithmP2PCollector,1,1000,5,25,1,nearest,1,4,1,SPATIAL_ISLANDS,Custom Time [micros],5,0.0,0.0,0.0,0.0,0.0,0.0,0.0
TaxiAlgorithmP2PCollector,1,1000,5,50,1,nearest,1,4,1,SPATIAL_ISLANDS,Taxi Travel Distance [km],5,9.166,7.744274272002509,1.1,23.73,16.973999999999997,2.82,31.49
TaxiAlgorithmP2PCollector,1,1000,5,50,1,nearest,1,4,1,SPATIAL_ISLANDS,Client Waiting Time [min],5,171.57999999999998,134.37642754590556,51.22,427.17,201.482,44.03000000000001,373.14
TaxiAlgorithmP2PCollector,1,1000,5,50,1,nearest,1,4,1,SPATIAL_ISLANDS,Client Travel Time [min],5,11620.132,2004.9820423973874,9500.22,14910.22,30524.8,27893.0,34540.0
TaxiAlgorithmP2PCollector,1,1000,5,50,1,nearest,1,4,1,SPATIAL_ISLANDS,Calculation Time [millis],5,0.03,0.0,0.03,0.03,24.0,11.0,36.0
TaxiAlgorithmP2PCollector,1,1000,5,50,1,nearest,1,4,1,SPATIAL_ISLANDS,Custom Time [micros],5,0.0,0.0,0.0,0.0,0.0,0.0,0.0
TaxiAlgorithmP2PCollector,1,1000,10,50,1,nearest,1,4,1,SPATIAL_ISLANDS,Taxi Travel Distance [km],5,8.36,2.2599380522483354,3.86,9.77,25.419999999999998,18.96,31.49
TaxiAlgorithmP2PCollector,1,1000,10,50,1,nearest,1,4,1,SPATIAL_ISLANDS,Client Waiting Time [min],5,154.30599999999998,50.9302364416267,71.44,226.84,355.09000000000003,124.37,508.8
TaxiAlgorithmP2PCollector,1,1000,10,50,1,nearest,1,4,1,SPATIAL_ISLANDS,Client Travel Time [min],5,11132.58,1783.262783955298,8910.16,13771.98,28374.0,26034.0,34540.0
TaxiAlgorithmP2PCollector,1,1000,10,50,1,nearest,1,4,1,SPATIAL_ISLANDS,Calculation Time [millis],5,0.098,0.0040000000000000036,0.09,0.1,68.4,54.0,97.0
TaxiAlgorithmP2PCollector,1,1000,10,50,1,nearest,1,4,1,SPATIAL_ISLANDS,Custom Time [micros],5,0.0,0.0,0.0,0.0,0.0,0.0,0.0
TaxiAlgorithmP2PCollector,1,1000,10,100,1,nearest,1,4,1,SPATIAL_ISLANDS,Taxi Travel Distance [km],5,12.242,2.5155389084647446,7.91,15.76,39.382,28.59,70.0
TaxiAlgorithmP2PCollector,1,1000,10,100,1,nearest,1,4,1,SPATIAL_ISLANDS,Client Waiting Time [min],5,146.33599999999998,47.32434578522982,64.1,199.32,350.898,125.05,508.8
TaxiAlgorithmP2PCollector,1,1000,10,100,1,nearest,1,4,1,SPATIAL_ISLANDS,Client Travel Time [min],5,11072.383999999998,1021.887969292133,10235.52,13070.97,30292.2,27893.0,34540.0
TaxiAlgorithmP2PCollector,1,1000,10,100,1,nearest,1,4,1,SPATIAL_ISLANDS,Calculation Time [millis],5,0.10400000000000001,0.004898979485566354,0.1,0.11,78.2,62.0,97.0
TaxiAlgorithmP2PCollector,1,1000,10,100,1,nearest,1,4,1,SPATIAL_ISLANDS,Custom Time [micros],5,0.0,0.0,0.0,0.0,0.0,0.0,0.0
TaxiAlgorithmP2PCollector,1,1000,5,25,1,greedy,1,4,1,BASELINE,Taxi Travel Distance [km],5,6.837999999999999,2.0163868676422187,4.41,10.54,21.733999999999998,13.37,37.23
TaxiAlgorithmP2PCollector,1,1000,5,25,1,greedy,1,4,1,BASELINE,Client Waiting Time [min],5,126.62800000000001,57.46671850732387,46.55,221.62,172.388,0.0,313.25
TaxiAlgorithmP2PCollector,1,1000,5,25,1,greedy,1,4,1,BASELINE,Client Travel Time [min],5,11113.295999999998,903.2318820236582,9700.28,12251.48,27351.2,24491.0,31622.0
TaxiAlgorithmP2PCollector,1,1000,5,25,1,greedy,1,4,1,BASELINE,Calculation Time [millis],5,0.03,0.0,0.03,0.03,28.4,0.0,53.0
TaxiAlgorithmP2PCollector,1,1000,5,25,1,greedy,1,4,1,BASELINE,Custom Time [micros],5,0.0,0.0,0.0,0.0,0.0,0.0,0.0
TaxiAlgorithmP2PCollector,1,1000,5,50,1,greedy,1,4,1,BASELINE,Taxi Travel Distance [km],5,10.367999999999999,2.1248943503148574,8.19,12.94,24.409999999999997,20.57,33.96
TaxiAlgorithmP2PCollector,1,1000,5,50,1,greedy,1,4,1,BASELINE,Client Waiting Time [min],5,106.502,47.48024785108014,23.5,158.44,237.32799999999997,29.700000000000003,424.72
TaxiAlgorithmP2PCollector,1,1000,5,50,1,greedy,1,4,1,BASELINE,Client Travel Time [min],5,11318.547999999999,637.0791068744916,10676.68,12347.42,30007.0,24491.0,34325.0
TaxiAlgorithmP2PCollector,1,1000,5,50,1,greedy,1,4,1,BASELINE,Calculation Time [millis],5,0.03,0.0,0.03,0.03,13.2,0.0,30.0
TaxiAlgorithmP2PCollector,1,1000,5,50,1,greedy,1,4,1,BASELINE,Custom Time [micros],5,0.0,0.0,0.0,0.0,0.0,0.0,0.0
TaxiAlgorithmP2PCollector,1,1000,10,50,1,greedy,1,4,1,BASELINE,Taxi Travel Distance [km],5,10.059999999999999,1.8532565931354457,7.76,13.36,30.759999999999998,20.57,48.73
TaxiAlgorithmP2PCollector,1,1000,10,50,1,greedy,1,4,1,BASELINE,Client Waiting Time [min],5,115.686,26.252811354215,80.23,155.3,307.434,147.03,438.19
TaxiAlgorithmP2PCollector,1,1000,10,50,1,greedy,1,4,1,BASELINE,Client Travel Time [min],5,10783.511999999999,382.4813872804792,10106.1,11178.44,30339.6,25760.0,33124.0
TaxiAlgorithmP2PCollector,1,1000,10,50,1,greedy,1,4,1,BASELINE,Calculation Time [millis],5,0.1,0.0,0.1,0.1,73.8,61.0,92.0
TaxiAlgorithmP2PCollector,1,1000,10,50,1,greedy,1,4,1,BASELINE,Custom Time [micros],5,0.0,0.0,0.0,0.0,0.0,0.0,0.0
TaxiAlgorithmP2PCollector,1,1000,10,100,1,greedy,1,4,1,BASELINE,Taxi Travel Distance [km],5,14.772,3.0356310711283743,10.57,18.22,37.983999999999995,29.65,48.73
TaxiAlgorithmP2PCollector,1,1000,10,100,1,greedy,1,4,1,BASELINE,Client Waiting Time [min],5,125.75399999999999,14.02228169735582,103.57,147.69,412.97200000000004,370.15,446.1
TaxiAlgorithmP2PCollector,1,1000,10,100,1,greedy,1,4,1,BASELINE,Client Travel Time [min],5,11581.022,703.4089594083939,10707.1,12626.22,33005.4,30680.0,36090.0
TaxiAlgorithmP2PCollector,1,1000,10,100,1,greedy,1,4,1,BASELINE,Calculation Time [millis],5,0.10400000000000001,0.004898979485566354,0.1,0.11,82.6,63.0,94.0
TaxiAlgorithmP2PCollector,1,1000,10,100,1,greedy,1,4,1,BASELINE,Custom Time [micros],5,0.0,0.0,0.0,0.0,0.0,0.0,0.0
TaxiAlgorithmP2PCollector,1,1000,5,25,1,greedy,1,4,1,RUSH_HOUR,Taxi Travel Distance [km],5,8.059999999999999,2.6314330696409516,4.15,11.55,24.962,19.46,39.64
TaxiAlgorithmP2PCollector,1,1000,5,25,1,greedy,1,4,1,RUSH_HOUR,Client Waiting Time [min],5,124.572,64.33788165614408,50.78,217.94,186.76800000000003,0.0,358.53000000000003
TaxiAlgorithmP2PCollector,1,1000,5,25,1,greedy,1,4,1,RUSH_HOUR,Client Travel Time [min],5,11519.464000000002,2605.5040213947095,7598.36,15163.76,33342.6,26626.0,37256.0
TaxiAlgorithmP2PCollector,1,1000,5,25,1,greedy,1,4,1,RUSH_HOUR,Calculation Time [millis],5,0.03,0.0,0.03,0.03,22.4,0.0,51.0
TaxiAlgorithmP2PCollector,1,1000,5,25,1,greedy,1,4,1,RUSH_HOUR,Custom Time [micros],5,0.0,0.0,0.0,0.0,0.0,0.0,0.0
TaxiAlgorithmP2PCollector,1,1000,5,50,1,greedy,1,4,1,RUSH_HOUR,Taxi Travel Distance [km],5,10.496,2.5915601478646026,6.48,13.46,30.119999999999997,19.46,43.15
TaxiAlgorithmP2PCollector,1,1000,5,50,1,greedy,1,4,1,RUSH_HOUR,Client Waiting Time [min],5,158.286,31.311748977021388,128.37,217.94,310.62800000000004,255.23000000000002,358.53000000000003
TaxiAlgorithmP2PCollector,1,1000,5,50,1,greedy,1,4,1,RUSH_HOUR,Client Travel Time [min],5,12857.076000000001,1460.7548789526597,10745.48,14925.96,34729.8,31727.0,37256.0
TaxiAlgorithmP2PCollector,1,1000,5,50,1,greedy,1,4,1,RUSH_HOUR,Calculation Time [millis],5,0.03,0.0,0.03,0.03,9.0,4.0,12.0
TaxiAlgorithmP2PCollector,1,1000,5,50,1,greedy,1,4,1,RUSH_HOUR,Custom Time [micros],5,0.0,0.0,0.0,0.0,0.0,0.0,0.0
TaxiAlgorithmP2PCollector,1,1000,10,50,1,greedy,1,4,1,RUSH_HOUR,Taxi Travel Distance [km],5,9.166,3.9185589187863434,2.23,13.35,33.318,13.88,45.69
TaxiAlgorithmP2PCollector,1,1000,10,50,1,greedy,1,4,1,RUSH_HOUR,Client Waiting Time [min],5,166.83200000000002,45.962595401043224,105.63,240.63,364.99199999999996,288.34,504.87
TaxiAlgorithmP2PCollector,1,1000,10,50,1,greedy,1,4,1,RUSH_HOUR,Client Travel Time [min],5,11781.488,860.2958048113451,10598.14,12778.72,30915.8,27651.0,34346.0
TaxiAlgorithmP2PCollector,1,1000,10,50,1,greedy,1,4,1,RUSH_HOUR,Calculation Time [millis],5,0.096,0.00489897948556636,0.09,0.1,69.0,59.0,86.0
TaxiAlgorithmP2PCollector,1,1000,10,50,1,greedy,1,4,1,RUSH_HOUR,Custom Time [micros],5,0.0,0.0,0.0,0.0,0.0,0.0,0.0
TaxiAlgorithmP2PCollector,1,1000,10,100,1,greedy,1,4,1,RUSH_HOUR,Taxi Travel Distance [km],5,13.311999999999998,2.481768724115927,10.05,17.15,35.836,27.47,47.54
TaxiAlgorithmP2PCollector,1,1000,10,100,1,greedy,1,4,1,RUSH_HOUR,Client Waiting Time [min],5,147.502,36.8110605117538,77.37,177.93,391.044,210.5,519.5400000000001
TaxiAlgorithmP2PCollector,1,1000,10,100,1,greedy,1,4,1,RUSH_HOUR,Client Travel Time [min],5,12420.528,531.2110100666216,11707.73,13245.95,34217.4,31914.0,35619.0
TaxiAlgorithmP2PCollector,1,1000,10,100,1,greedy,1,4,1,RUSH_HOUR,Calculation Time [millis],5,0.10600000000000001,0.004898979485566353,0.1,0.11,79.4,63.0,91.0
TaxiAlgorithmP2PCollector,1,1000,10,100,1,greedy,1,4,1,RUSH_HOUR,Custom Time [micros],5,0.0,0.0,0.0,0.0,0.0,0.0,0.0
TaxiAlgorithmP2PCollector,1,1000,5,25,1,greedy,1,4,1,SPATIAL_IMBALANCE,Taxi Travel Distance [km],5,5.17,1.320212104171144,3.68,7.38,22.848000000000003,18.42,36.92
TaxiAlgorithmP2PCollector,1,1000,5,25,1,greedy,1,4,1,SPATIAL_IMBALANCE,Client Waiting Time [min],5,79.218,60.99697054772474,8.78,152.48,74.53999999999999,0.0,277.88
TaxiAlgorithmP2PCollector,1,1000,5,25,1,greedy,1,4,1,SPATIAL_IMBALANCE,Client Travel Time [min],5,10141.168000000001,1455.8516857207676,8016.08,12564.36,29336.4,26608.0,33183.0
TaxiAlgorithmP2PCollector,1,1000,5,25,1,greedy,1,4,1,SPATIAL_IMBALANCE,Calculation Time [millis],5,0.032,0.004,0.03,0.04,21.2,0.0,54.0
TaxiAlgorithmP2PCollector,1,1000,5,25,1,greedy,1,4,1,SPATIAL_IMBALANCE,Custom Time [micros],5,0.0,0.0,0.0,0.0,0.0,0.0,0.0
TaxiAlgorithmP2PCollector,1,1000,5,50,1,greedy,1,4,1,SPATIAL_IMBALANCE,Taxi Travel Distance [km],5,8.620000000000001,4.189238594303266,4.25,15.82,26.341999999999995,18.42,38.48
TaxiAlgorithmP2PCollector,1,1000,5,50,1,greedy,1,4,1,SPATIAL_IMBALANCE,Client Waiting Time [min],5,75.282,43.68078634823324,27.82,149.94,148.56199999999998,0.0,492.75
TaxiAlgorithmP2PCollector,1,1000,5,50,1,greedy,1,4,1,SPATIAL_IMBALANCE,Client Travel Time [min],5,10026.132,729.8763969440306,9040.06,11271.56,29738.4,26608.0,33183.0
TaxiAlgorithmP2PCollector,1,1000,5,50,1,greedy,1,4,1,SPATIAL_IMBALANCE,Calculation Time [millis],5,0.03,0.0,0.03,0.03,21.2,0.0,43.0
TaxiAlgorithmP2PCollector,1,1000,5,50,1,greedy,1,4,1,SPATIAL_IMBALANCE,Custom Time [micros],5,0.0,0.0,0.0,0.0,0.0,0.0,0.0
TaxiAlgorithmP2PCollector,1,1000,10,50,1,greedy,1,4,1,SPATIAL_IMBALANCE,Taxi Travel Distance [km],5,7.45,4.446702148783972,3.29,13.79,23.452000000000005,10.56,44.13
TaxiAlgorithmP2PCollector,1,1000,10,50,1,greedy,1,4,1,SPATIAL_IMBALANCE,Client Waiting Time [min],5,102.296,39.96174700885835,60.13,172.32,276.558,109.99000000000001,373.92
TaxiAlgorithmP2PCollector,1,1000,10,50,1,greedy,1,4,1,SPATIAL_IMBALANCE,Client Travel Time [min],5,8510.828,1076.4421785567492,7534.44,10612.6,26207.0,24521.0,29053.0
TaxiAlgorithmP2PCollector,1,1000,10,50,1,greedy,1,4,1,SPATIAL_IMBALANCE,Calculation Time [millis],5,0.096,0.00489897948556636,0.09,0.1,70.6,55.0,87.0
TaxiAlgorithmP2PCollector,1,1000,10,50,1,greedy,1,4,1,SPATIAL_IMBALANCE,Custom Time [micros],5,0.0,0.0,0.0,0.0,0.0,0.0,0.0
TaxiAlgorithmP2PCollector,1,1000,10,100,1,greedy,1,4,1,SPATIAL_IMBALANCE,Taxi Travel Distance [km],5,11.318000000000001,6.167532407697588,5.56,21.05,32.572,16.82,60.15
TaxiAlgorithmP2PCollector,1,1000,10,100,1,greedy,1,4,1,SPATIAL_IMBALANCE,Client Waiting Time [min],5,111.93199999999999,27.494410631981182,67.25,142.22,357.76,269.44000000000005,486.41999999999996
TaxiAlgorithmP2PCollector,1,1000,10,100,1,greedy,1,4,1,SPATIAL_IMBALANCE,Client Travel Time [min],5,9433.428,539.3608342992658,8877.3,10399.32,31854.0,27348.0,35342.0
TaxiAlgorithmP2PCollector,1,1000,10,100,1,greedy,1,4,1,SPATIAL_IMBALANCE,Calculation Time [millis],5,0.1,0.0,0.1,0.1,79.4,65.0,92.0
TaxiAlgorithmP2PCollector,1,1000,10,100,1,greedy,1,4,1,SPATIAL_IMBALANCE,Custom Time [micros],5,0.0,0.0,0.0,0.0,0.0,0.0,0.0
TaxiAlgorithmP2PCollector,1,1000,5,25,1,greedy,1,4,1,SPATIAL_ISLANDS,Taxi Travel Distance [km],5,4.456,4.029727534213697,0.0,11.85,15.994000000000003,0.0,36.2
TaxiAlgorithmP2PCollector,1,1000,5,25,1,greedy,1,4,1,SPATIAL_ISLANDS,Client Waiting Time [min],5,73.11000000000001,58.65469699862067,0.0,180.11,103.016,0.0,345.25
TaxiAlgorithmP2PCollector,1,1000,5,25,1,greedy,1,4,1,SPATIAL_ISLANDS,Client Travel Time [min],5,11779.431999999999,1618.5231074087267,10196.28,13818.52,30524.8,27893.0,34540.0
TaxiAlgorithmP2PCollector,1,1000,5,25,1,greedy,1,4,1,SPATIAL_ISLANDS,Calculation Time [millis],5,0.03,0.0,0.03,0.03,21.4,0.0,46.0
TaxiAlgorithmP2PCollector,1,1000,5,25,1,greedy,1,4,1,SPATIAL_ISLANDS,Custom Time [micros],5,0.0,0.0,0.0,0.0,0.0,0.0,0.0
TaxiAlgorithmP2PCollector,1,1000,5,50,1,greedy,1,4,1,SPATIAL_ISLANDS,Taxi Travel Distance [km],5,9.166,7.744274272002509,1.1,23.73,16.973999999999997,2.82,31.49
TaxiAlgorithmP2PCollector,1,1000,5,50,1,greedy,1,4,1,SPATIAL_ISLANDS,Client Waiting Time [min],5,171.57999999999998,134.37642754590556,51.22,427.17,201.482,44.03000000000001,373.14
TaxiAlgorithmP2PCollector,1,1000,5,50,1,greedy,1,4,1,SPATIAL_ISLANDS,Client Travel Time [min],5,11620.132,2004.9820423973874,9500.22,14910.22,30524.8,27893.0,34540.0
TaxiAlgorithmP2PCollector,1,1000,5,50,1,greedy,1,4,1,SPATIAL_ISLANDS,Calculation Time [millis],5,0.03,0.0,0.03,0.03,31.2,18.0,44.0
TaxiAlgorithmP2PCollector,1,1000,5,50,1,greedy,1,4,1,SPATIAL_ISLANDS,Custom Time [micros],5,0.0,0.0,0.0,0.0,0.0,0.0,0.0
TaxiAlgorithmP2PCollector,1,1000,10,50,1,greedy,1,4,1,SPATIAL_ISLANDS,Taxi Travel Distance [km],5,8.36,2.2599380522483354,3.86,9.77,25.419999999999998,18.96,31.49
TaxiAlgorithmP2PCollector,1,1000,10,50,1,greedy,1,4,1,SPATIAL_ISLANDS,Client Waiting Time [min],5,154.30599999999998,50.9302364416267,71.44,226.84,355.09000000000003,124.37,508.8
TaxiAlgorithmP2PCollector,1,1000,10,50,1,greedy,1,4,1,SPATIAL_ISLANDS,Client Travel Time [min],5,11132.58,1783.262783955298,8910.16,13771.98,28374.0,26034.0,34540.0
TaxiAlgorithmP2PCollector,1,1000,10,50,1,greedy,1,4,1,SPATIAL_ISLANDS,Calculation Time [millis],5,0.098,0.0040000000000000036,0.09,0.1,71.6,56.0,100.0
TaxiAlgorithmP2PCollector,1,1000,10,50,1,greedy,1,4,1,SPATIAL_ISLANDS,Custom Time [micros],5,0.0,0.0,0.0,0.0,0.0,0.0,0.0
TaxiAlgorithmP2PCollector,1,1000,10,100,1,greedy,1,4,1,SPATIAL_ISLANDS,Taxi Travel Distance [km],5,12.242,2.5155389084647446,7.91,15.76,39.382,28.59,70.0
TaxiAlgorithmP2PCollector,1,1000,10,100,1,greedy,1,4,1,SPATIAL_ISLANDS,Client Waiting Time [min],5,146.33599999999998,47.32434578522982,64.1,199.32,350.898,125.05,508.8
TaxiAlgorithmP2PCollector,1,1000,10,100,1,greedy,1,4,1,SPATIAL_ISLANDS,Client Travel Time [min],5,11072.383999999998,1021.887969292133,10235.52,13070.97,30292.2,27893.0,34540.0
TaxiAlgorithmP2PCollector,1,1000,10,100,1,greedy,1,4,1,SPATIAL_ISLANDS,Calculation Time [millis],5,0.10400000000000001,0.004898979485566354,0.1,0.11,73.8,47.0,100.0
TaxiAlgorithmP2PCollector,1,1000,10,100,1,greedy,1,4,1,SPATIAL_ISLANDS,Custom Time [micros],5,0.0,0.0,0.0,0.0,0.0,0.0,0.0
TaxiAlgorithmP2PCollector,1,5000,5,25,1,nearest,1,4,1,BASELINE,Taxi Travel Distance [km],5,29.564,8.290670901682203,17.87,42.56,54.294000000000004,44.42,62.059999999999995
TaxiAlgorithmP2PCollector,1,5000,5,25,1,nearest,1,4,1,BASELINE,Client Waiting Time [min],5,70.342,37.32803632660041,29.59,140.07,282.41600000000005,124.57000000000001,593.9300000000001
TaxiAlgorithmP2PCollector,1,5000,5,25,1,nearest,1,4,1,BASELINE,Client Travel Time [min],5,8431.439999999999,1871.6946831361142,5539.48,10871.88,29865.2,24491.0,35800.0
TaxiAlgorithmP2PCollector,1,5000,5,25,1,nearest,1,4,1,BASELINE,Calculation Time [millis],5,0.03,0.0,0.03,0.03,18.0,0.0,44.0
TaxiAlgorithmP2PCollector,1,5000,5,25,1,nearest,1,4,1,BASELINE,Custom Time [micros],5,0.0,0.0,0.0,0.0,0.0,0.0,0.0
TaxiAlgorithmP2PCollector,1,5000,5,50,1,nearest,1,4,1,BASELINE,Taxi Travel Distance [km],5,63.926,6.455591684733476,53.35,73.14,116.50399999999999,51.330000000000005,143.47
TaxiAlgorithmP2PCollector,1,5000,5,50,1,nearest,1,4,1,BASELINE,Client Waiting Time [min],5,80.794,16.88527595273468,58.83,108.68,380.27599999999995,270.58000000000004,484.29
TaxiAlgorithmP2PCollector,1,5000,5,50,1,nearest,1,4,1,BASELINE,Client Travel Time [min],5,8082.692000000001,589.659903822534,7296.14,8904.94,28170.8,24491.0,31622.0
TaxiAlgorithmP2PCollector,1,5000,5,50,1,nearest,1,4,1,BASELINE,Calculation Time [millis],5,0.03,0.0,0.03,0.03,14.8,0.0,38.0
TaxiAlgorithmP2PCollector,1,5000,5,50,1,nearest,1,4,1,BASELINE,Custom Time [micros],5,0.0,0.0,0.0,0.0,0.0,0.0,0.0
TaxiAlgorithmP2PCollector,1,5000,10,50,1,nearest,1,4,1,BASELINE,Taxi Travel Distance [km],5,49.426,4.548215474227226,44.57,57.26,98.828,68.84,122.2
TaxiAlgorithmP2PCollector,1,5000,10,50,1,nearest,1,4,1,BASELINE,Client Waiting Time [min],5,61.36999999999999,14.794613884789285,46.19,87.07,355.476,207.17,484.29
TaxiAlgorithmP2PCollector,1,5000,10,50,1,nearest,1,4,1,BASELINE,Client Travel Time [min],5,6045.04,1014.0447987737032,4522.84,7238.14,23921.2,19011.0,29135.0
TaxiAlgorithmP2PCollector,1,5000,10,50,1,nearest,1,4,1,BASELINE,Calculation Time [millis],5,0.09,0.0,0.09,0.09,54.6,51.0,58.0
TaxiAlgorithmP2PCollector,1,5000,10,50,1,nearest,1,4,1,BASELINE,Custom Time [micros],5,0.0,0.0,0.0,0.0,0.0,0.0,0.0
TaxiAlgorithmP2PCollector,1,5000,10,100,1,nearest,1,4,1,BASELINE,Taxi Travel Distance [km],5,80.882,3.714901882957344,74.38,84.72,132.40400000000002,108.45000000000002,169.11
TaxiAlgorithmP2PCollector,1,5000,10,100,1,nearest,1,4,1,BASELINE,Client Waiting Time [min],5,82.03599999999999,20.047381474895914,45.63,102.71,447.75200000000007,381.57,486.95
TaxiAlgorithmP2PCollector,1,5000,10,100,1,nearest,1,4,1,BASELINE,Client Travel Time [min],5,7510.836,969.5902241792663,6286.29,8737.6,29080.0,25377.0,33832.0
TaxiAlgorithmP2PCollector,1,5000,10,100,1,nearest,1,4,1,BASELINE,Calculation Time [millis],5,0.1,0.0,0.1,0.1,76.4,57.0,95.0
TaxiAlgorithmP2PCollector,1,5000,10,100,1,nearest,1,4,1,BASELINE,Custom Time [micros],5,0.0,0.0,0.0,0.0,0.0,0.0,0.0
TaxiAlgorithmP2PCollector,1,5000,5,25,1,nearest,1,4,1,RUSH_HOUR,Taxi Travel Distance [km],5,32.501999999999995,15.1186009934782,12.01,52.2,64.63399999999999,28.11,138.76
TaxiAlgorithmP2PCollector,1,5000,5,25,1,nearest,1,4,1,RUSH_HOUR,Client Waiting Time [min],5,84.05000000000001,24.687825339628443,56.74,130.02,273.948,140.10999999999999,367.58
TaxiAlgorithmP2PCollector,1,5000,5,25,1,nearest,1,4,1,RUSH_HOUR,Client Travel Time [min],5,8667.967999999999,1359.5152511156323,6292.44,9995.2,31454.4,26464.0,37256.0
TaxiAlgorithmP2PCollector,1,5000,5,25,1,nearest,1,4,1,RUSH_HOUR,Calculation Time [millis],5,0.03,0.0,0.03,0.03,26.2,0.0,53.0
TaxiAlgorithmP2PCollector,1,5000,5,25,1,nearest,1,4,1,RUSH_HOUR,Custom Time [micros],5,0.0,0.0,0.0,0.0,0.0,0.0,0.0
TaxiAlgorithmP2PCollector,1,5000,5,50,1,nearest,1,4,1,RUSH_HOUR,Taxi Travel Distance [km],5,59.09400000000001,14.806013102790368,34.19,79.87,108.128,53.83,143.59
TaxiAlgorithmP2PCollector,1,5000,5,50,1,nearest,1,4,1,RUSH_HOUR,Client Waiting Time [min],5,128.252,20.515207432536478,92.45,153.52,410.658,345.43,463.63
TaxiAlgorithmP2PCollector,1,5000,5,50,1,nearest,1,4,1,RUSH_HOUR,Client Travel Time [min],5,9930.696,618.9245098265217,9199.4,10692.74,29923.6,25585.0,33562.0
TaxiAlgorithmP2PCollector,1,5000,5,50,1,nearest,1,4,1,RUSH_HOUR,Calculation Time [millis],5,0.03,0.0,0.03,0.03,34.2,0.0,57.0
TaxiAlgorithmP2PCollector,1,5000,5,50,1,nearest,1,4,1,RUSH_HOUR,Custom Time [micros],5,0.0,0.0,0.0,0.0,0.0,0.0,0.0
TaxiAlgorithmP2PCollector,1,5000,10,50,1,nearest,1,4,1,RUSH_HOUR,Taxi Travel Distance [km],5,44.588,8.603165463944071,28.64,52.81,96.93599999999999,51.25,128.34
TaxiAlgorithmP2PCollector,1,5000,10,50,1,nearest,1,4,1,RUSH_HOUR,Client Waiting Time [min],5,69.396,21.50716494566404,45.63,96.37,365.3259999999999,263.15,431.82
TaxiAlgorithmP2PCollector,1,5000,10,50,1,nearest,1,4,1,RUSH_HOUR,Client Travel Time [min],5,7582.7919999999995,788.9048748334613,6116.1,8336.8,27764.0,23927.0,32803.0
TaxiAlgorithmP2PCollector,1,5000,10,50,1,nearest,1,4,1,RUSH_HOUR,Calculation Time [millis],5,0.09,0.0,0.09,0.09,63.4,48.0,86.0
TaxiAlgorithmP2PCollector,1,5000,10,50,1,nearest,1,4,1,RUSH_HOUR,Custom Time [micros],5,0.0,0.0,0.0,0.0,0.0,0.0,0.0
TaxiAlgorithmP2PCollector,1,5000,10,100,1,nearest,1,4,1,RUSH_HOUR,Taxi Travel Distance [km],5,69.878,11.690114456240366,51.89,81.45,110.816,55.05,169.24
TaxiAlgorithmP2PCollector,1,5000,10,100,1,nearest,1,4,1,RUSH_HOUR,Client Waiting Time [min],5,90.22200000000001,16.804984260629343,64.45,116.13,428.258,379.32,522.0500000000001
TaxiAlgorithmP2PCollector,1,5000,10,100,1,nearest,1,4,1,RUSH_HOUR,Client Travel Time [min],5,9077.514,729.8463622598938,7856.47,9893.87,30233.0,27651.0,32687.0
TaxiAlgorithmP2PCollector,1,5000,10,100,1,nearest,1,4,1,RUSH_HOUR,Calculation Time [millis],5,0.1,0.0,0.1,0.1,69.0,57.0,83.0
TaxiAlgorithmP2PCollector,1,5000,10,100,1,nearest,1,4,1,RUSH_HOUR,Custom Time [micros],5,0.0,0.0,0.0,0.0,0.0,0.0,0.0
TaxiAlgorithmP2PCollector,1,5000,5,25,1,nearest,1,4,1,SPATIAL_IMBALANCE,Taxi Travel Distance [km],5,27.012,6.350128817591026,18.94,35.07,49.154,36.43,66.28999999999999
TaxiAlgorithmP2PCollector,1,5000,5,25,1,nearest,1,4,1,SPATIAL_IMBALANCE,Client Waiting Time [min],5,81.524,34.95823714090858,35.52,125.91,237.266,86.83,417.25
TaxiAlgorithmP2PCollector,1,5000,5,25,1,nearest,1,4,1,SPATIAL_IMBALANCE,Client Travel Time [min],5,7864.0160000000005,1895.2605458627586,4668.32,10484.2,27082.4,19019.0,33183.0
TaxiAlgorithmP2PCollector,1,5000,5,25,1,nearest,1,4,1,SPATIAL_IMBALANCE,Calculation Time [millis],5,0.03,0.0,0.03,0.03,16.8,0.0,50.0
TaxiAlgorithmP2PCollector,1,5000,5,25,1,nearest,1,4,1,SPATIAL_IMBALANCE,Custom Time [micros],5,0.0,0.0,0.0,0.0,0.0,0.0,0.0
TaxiAlgorithmP2PCollector,1,5000,5,50,1,nearest,1,4,1,SPATIAL_IMBALANCE,Taxi Travel Distance [km],5,47.34599999999999,3.803201809002513,40.52,51.32,79.03200000000001,11.969999999999999,122.17
TaxiAlgorithmP2PCollector,1,5000,5,50,1,nearest,1,4,1,SPATIAL_IMBALANCE,Client Waiting Time [min],5,86.1,21.807865553510734,52.51,112.02,321.946,233.81,452.04999999999995
TaxiAlgorithmP2PCollector,1,5000,5,50,1,nearest,1,4,1,SPATIAL_IMBALANCE,Client Travel Time [min],5,7979.1,907.030248227698,6505.76,9324.64,27043.6,19019.0,33183.0
TaxiAlgorithmP2PCollector,1,5000,5,50,1,nearest,1,4,1,SPATIAL_IMBALANCE,Calculation Time [millis],5,0.03,0.0,0.03,0.03,15.0,0.0,32.0
TaxiAlgorithmP2PCollector,1,5000,5,50,1,nearest,1,4,1,SPATIAL_IMBALANCE,Custom Time [micros],5,0.0,0.0,0.0,0.0,0.0,0.0,0.0
TaxiAlgorithmP2PCollector,1,5000,10,50,1,nearest,1,4,1,SPATIAL_IMBALANCE,Taxi Travel Distance [km],5,28.498,7.059794331281896,19.67,41.15,69.476,45.85,113.41
TaxiAlgorithmP2PCollector,1,5000,10,50,1,nearest,1,4,1,SPATIAL_IMBALANCE,Client Waiting Time [min],5,76.40400000000001,20.54512652674595,55.95,114.14,323.706,212.70000000000002,483.97
TaxiAlgorithmP2PCollector,1,5000,10,50,1,nearest,1,4,1,SPATIAL_IMBALANCE,Client Travel Time [min],5,6423.2,1296.9382459932317,4878.56,8700.02,23573.8,16484.0,29118.0
TaxiAlgorithmP2PCollector,1,5000,10,50,1,nearest,1,4,1,SPATIAL_IMBALANCE,Calculation Time [millis],5,0.09,0.0,0.09,0.09,65.6,48.0,92.0
TaxiAlgorithmP2PCollector,1,5000,10,50,1,nearest,1,4,1,SPATIAL_IMBALANCE,Custom Time [micros],5,0.0,0.0,0.0,0.0,0.0,0.0,0.0
TaxiAlgorithmP2PCollector,1,5000,10,100,1,nearest,1,4,1,SPATIAL_IMBALANCE,Taxi Travel Distance [km],5,54.024,8.273240235844717,43.53,67.96,107.878,59.03,143.05
TaxiAlgorithmP2PCollector,1,5000,10,100,1,nearest,1,4,1,SPATIAL_IMBALANCE,Client Waiting Time [min],5,93.91400000000002,20.69703321734784,66.88,128.89,426.57,270.06,521.07
TaxiAlgorithmP2PCollector,1,5000,10,100,1,nearest,1,4,1,SPATIAL_IMBALANCE,Client Travel Time [min],5,7287.161999999999,828.3054299809946,6392.65,8666.61,28848.8,25039.0,31534.0
TaxiAlgorithmP2PCollector,1,5000,10,100,1,nearest,1,4,1,SPATIAL_IMBALANCE,Calculation Time [millis],5,0.1,0.0,0.1,0.1,75.2,58.0,94.0
TaxiAlgorithmP2PCollector,1,5000,10,100,1,nearest,1,4,1,SPATIAL_IMBALANCE,Custom Time [micros],5,0.0,0.0,0.0,0.0,0.0,0.0,0.0
TaxiAlgorithmP2PCollector,1,5000,5,25,1,nearest,1,4,1,SPATIAL_ISLANDS,Taxi Travel Distance [km],5,29.103999999999996,7.6084521421902895,15.58,36.8,54.238,24.459999999999997,84.96
TaxiAlgorithmP2PCollector,1,5000,5,25,1,nearest,1,4,1,SPATIAL_ISLANDS,Client Waiting Time [min],5,118.982,56.11888359545297,33.82,181.37,319.88199999999995,129.75,483.65000000000003
TaxiAlgorithmP2PCollector,1,5000,5,25,1,nearest,1,4,1,SPATIAL_ISLANDS,Client Travel Time [min],5,9097.456,2169.5333388874205,6670.64,12147.16,28417.0,20094.0,34752.0
TaxiAlgorithmP2PCollector,1,5000,5,25,1,nearest,1,4,1,SPATIAL_ISLANDS,Calculation Time [millis],5,0.03,0.0,0.03,0.03,11.2,0.0,29.0
TaxiAlgorithmP2PCollector,1,5000,5,25,1,nearest,1,4,1,SPATIAL_ISLANDS,Custom Time [micros],5,0.0,0.0,0.0,0.0,0.0,0.0,0.0
TaxiAlgorithmP2PCollector,1,5000,5,50,1,nearest,1,4,1,SPATIAL_ISLANDS,Taxi Travel Distance [km],5,45.727999999999994,11.860130522047385,34.82,68.5,76.24199999999999,37.03,132.64
TaxiAlgorithmP2PCollector,1,5000,5,50,1,nearest,1,4,1,SPATIAL_ISLANDS,Client Waiting Time [min],5,123.36800000000001,38.89223233500489,88.01,192.78,352.24399999999997,277.92,473.07
TaxiAlgorithmP2PCollector,1,5000,5,50,1,nearest,1,4,1,SPATIAL_ISLANDS,Client Travel Time [min],5,9699.484,2240.614045743711,7015.54,13135.26,30047.6,22647.0,34752.0
TaxiAlgorithmP2PCollector,1,5000,5,50,1,nearest,1,4,1,SPATIAL_ISLANDS,Calculation Time [millis],5,0.03,0.0,0.03,0.03,25.6,7.0,50.0
TaxiAlgorithmP2PCollector,1,5000,5,50,1,nearest,1,4,1,SPATIAL_ISLANDS,Custom Time [micros],5,0.0,0.0,0.0,0.0,0.0,0.0,0.0
TaxiAlgorithmP2PCollector,1,5000,10,50,1,nearest,1,4,1,SPATIAL_ISLANDS,Taxi Travel Distance [km],5,36.302,5.465932308398999,28.58,42.42,77.806,58.65,97.4
TaxiAlgorithmP2PCollector,1,5000,10,50,1,nearest,1,4,1,SPATIAL_ISLANDS,Client Waiting Time [min],5,107.146,33.753756294670374,84.93,173.77,348.99399999999997,285.25,447.12
TaxiAlgorithmP2PCollector,1,5000,10,50,1,nearest,1,4,1,SPATIAL_ISLANDS,Client Travel Time [min],5,8082.587999999999,1654.4506141483944,6588.56,11043.82,27163.2,22534.0,34540.0
TaxiAlgorithmP2PCollector,1,5000,10,50,1,nearest,1,4,1,SPATIAL_ISLANDS,Calculation Time [millis],5,0.094,0.004898979485566361,0.09,0.1,60.0,46.0,77.0
TaxiAlgorithmP2PCollector,1,5000,10,50,1,nearest,1,4,1,SPATIAL_ISLANDS,Custom Time [micros],5,0.0,0.0,0.0,0.0,0.0,0.0,0.0
TaxiAlgorithmP2PCollector,1,5000,10,100,1,nearest,1,4,1,SPATIAL_ISLANDS,Taxi Travel Distance [km],5,50.87,4.3334882023607735,46.51,57.78,94.172,71.54,129.65
TaxiAlgorithmP2PCollector,1,5000,10,100,1,nearest,1,4,1,SPATIAL_ISLANDS,Client Waiting Time [min],5,114.85,20.339002925414015,84.28,143.66,397.254,325.13,459.2
TaxiAlgorithmP2PCollector,1,5000,10,100,1,nearest,1,4,1,SPATIAL_ISLANDS,Client Travel Time [min],5,9034.994,1163.1019948499788,7750.67,11212.33,28509.6,25425.0,34540.0
TaxiAlgorithmP2PCollector,1,5000,10,100,1,nearest,1,4,1,SPATIAL_ISLANDS,Calculation Time [millis],5,0.1,0.0,0.1,0.1,77.6,53.0,101.0
TaxiAlgorithmP2PCollector,1,5000,10,100,1,nearest,1,4,1,SPATIAL_ISLANDS,Custom Time [micros],5,0.0,0.0,0.0,0.0,0.0,0.0,0.0
TaxiAlgorithmP2PCollector,1,5000,5,25,1,greedy,1,4,1,BASELINE,Taxi Travel Distance [km],5,29.564,8.290670901682203,17.87,42.56,54.294000000000004,44.42,62.059999999999995
TaxiAlgorithmP2PCollector,1,5000,5,25,1,greedy,1,4,1,BASELINE,Client Waiting Time [min],5,70.342,37.32803632660041,29.59,140.07,282.41600000000005,124.57000000000001,593.9300000000001
TaxiAlgorithmP2PCollector,1,5000,5,25,1,greedy,1,4,1,BASELINE,Client Travel Time [min],5,8431.439999999999,1871.6946831361142,5539.48,10871.88,29865.2,24491.0,35800.0
TaxiAlgorithmP2PCollector,1,5000,5,25,1,greedy,1,4,1,BASELINE,Calculation Time [millis],5,0.03,0.0,0.03,0.03,21.4,0.0,50.0
TaxiAlgorithmP2PCollector,1,5000,5,25,1,greedy,1,4,1,BASELINE,Custom Time [micros],5,0.0,0.0,0.0,0.0,0.0,0.0,0.0
TaxiAlgorithmP2PCollector,1,5000,5,50,1,greedy,1,4,1,BASELINE,Taxi Travel Distance [km],5,63.926,6.455591684733476,53.35,73.14,116.50399999999999,51.330000000000005,143.47
TaxiAlgorithmP2PCollector,1,5000,5,50,1,greedy,1,4,1,BASELINE,Client Waiting Time [min],5,80.794,16.88527595273468,58.83,108.68,380.27599999999995,270.58000000000004,484.29
TaxiAlgorithmP2PCollector,1,5000,5,50,1,greedy,1,4,1,BASELINE,Client Travel Time [min],5,8082.692000000001,589.659903822534,7296.14,8904.94,28170.8,24491.0,31622.0
TaxiAlgorithmP2PCollector,1,5000,5,50,1,greedy,1,4,1,BASELINE,Calculation Time [millis],5,0.03,0.0,0.03,0.03,19.0,0.0,43.0
TaxiAlgorithmP2PCollector,1,5000,5,50,1,greedy,1,4,1,BASELINE,Custom Time [micros],5,0.0,0.0,0.0,0.0,0.0,0.0,0.0
TaxiAlgorithmP2PCollector,1,5000,10,50,1,greedy,1,4,1,BASELINE,Taxi Travel Distance [km],5,49.426,4.548215474227226,44.57,57.26,98.828,68.84,122.2
TaxiAlgorithmP2PCollector,1,5000,10,50,1,greedy,1,4,1,BASELINE,Client Waiting Time [min],5,61.36999999999999,14.794613884789285,46.19,87.07,355.476,207.17,484.29
TaxiAlgorithmP2PCollector,1,5000,10,50,1,greedy,1,4,1,BASELINE,Client Travel Time [min],5,6045.04,1014.0447987737032,4522.84,7238.14,23921.2,19011.0,29135.0
TaxiAlgorithmP2PCollector,1,5000,10,50,1,greedy,1,4,1,BASELINE,Calculation Time [millis],5,0.09,0.0,0.09,0.09,56.4,53.0,60.0
TaxiAlgorithmP2PCollector,1,5000,10,50,1,greedy,1,4,1,BASELINE,Custom Time [micros],5,0.0,0.0,0.0,0.0,0.0,0.0,0.0
TaxiAlgorithmP2PCollector,1,5000,10,100,1,greedy,1,4,1,BASELINE,Taxi Travel Distance [km],5,80.88000000000001,3.7155618686815073,74.38,84.72,132.40400000000002,108.45000000000002,169.11
TaxiAlgorithmP2PCollector,1,5000,10,100,1,greedy,1,4,1,BASELINE,Client Waiting Time [min],5,82.03799999999998,20.048919571887158,45.63,102.71,447.75200000000007,381.57,486.95
TaxiAlgorithmP2PCollector,1,5000,10,100,1,greedy,1,4,1,BASELINE,Client Travel Time [min],5,7510.874000000001,969.5986464635769,6286.29,8737.6,29080.0,25377.0,33832.0
TaxiAlgorithmP2PCollector,1,5000,10,100,1,greedy,1,4,1,BASELINE,Calculation Time [millis],5,0.1,0.0,0.1,0.1,70.0,53.0,95.0
TaxiAlgorithmP2PCollector,1,5000,10,100,1,greedy,1,4,1,BASELINE,Custom Time [micros],5,0.0,0.0,0.0,0.0,0.0,0.0,0.0
TaxiAlgorithmP2PCollector,1,5000,5,25,1,greedy,1,4,1,RUSH_HOUR,Taxi Travel Distance [km],5,32.501999999999995,15.1186009934782,12.01,52.2,64.63399999999999,28.11,138.76
TaxiAlgorithmP2PCollector,1,5000,5,25,1,greedy,1,4,1,RUSH_HOUR,Client Waiting Time [min],5,84.05000000000001,24.687825339628443,56.74,130.02,273.948,140.10999999999999,367.58
TaxiAlgorithmP2PCollector,1,5000,5,25,1,greedy,1,4,1,RUSH_HOUR,Client Travel Time [min],5,8667.967999999999,1359.5152511156323,6292.44,9995.2,31454.4,26464.0,37256.0
TaxiAlgorithmP2PCollector,1,5000,5,25,1,greedy,1,4,1,RUSH_HOUR,Calculation Time [millis],5,0.03,0.0,0.03,0.03,27.2,0.0,54.0
TaxiAlgorithmP2PCollector,1,5000,5,25,1,greedy,1,4,1,RUSH_HOUR,Custom Time [micros],5,0.0,0.0,0.0,0.0,0.0,0.0,0.0
TaxiAlgorithmP2PCollector,1,5000,5,50,1,greedy,1,4,1,RUSH_HOUR,Taxi Travel Distance [km],5,59.09400000000001,14.806013102790368,34.19,79.87,108.128,53.83,143.59
TaxiAlgorithmP2PCollector,1,5000,5,50,1,greedy,1,4,1,RUSH_HOUR,Client Waiting Time [min],5,128.252,20.515207432536478,92.45,153.52,410.658,345.43,463.63
TaxiAlgorithmP2PCollector,1,5000,5,50,1,greedy,1,4,1,RUSH_HOUR,Client Travel Time [min],5,9930.696,618.9245098265217,9199.4,10692.74,29923.6,25585.0,33562.0
TaxiAlgorithmP2PCollector,1,5000,5,50,1,greedy,1,4,1,RUSH_HOUR,Calculation Time [millis],5,0.03,0.0,0.03,0.03,35.0,0.0,58.0
TaxiAlgorithmP2PCollector,1,5000,5,50,1,greedy,1,4,1,RUSH_HOUR,Custom Time [micros],5,0.0,0.0,0.0,0.0,0.0,0.0,0.0
TaxiAlgorithmP2PCollector,1,5000,10,50,1,greedy,1,4,1,RUSH_HOUR,Taxi Travel Distance [km],5,44.588,8.603165463944071,28.64,52.81,96.93599999999999,51.25,128.34
TaxiAlgorithmP2PCollector,1,5000,10,50,1,greedy,1,4,1,RUSH_HOUR,Client Waiting Time [min],5,69.396,21.50716494566404,45.63,96.37,365.3259999999999,263.15,431.82
TaxiAlgorithmP2PCollector,1,5000,10,50,1,greedy,1,4,1,RUSH_HOUR,Client Travel Time [min],5,7582.7919999999995,788.9048748334613,6116.1,8336.8,27764.0,23927.0,32803.0
TaxiAlgorithmP2PCollector,1,5000,10,50,1,greedy,1,4,1,RUSH_HOUR,Calculation Time [millis],5,0.09,0.0,0.09,0.09,63.8,49.0,86.0
TaxiAlgorithmP2PCollector,1,5000,10,50,1,greedy,1,4,1,RUSH_HOUR,Custom Time [micros],5,0.0,0.0,0.0,0.0,0.0,0.0,0.0
TaxiAlgorithmP2PCollector,1,5000,10,100,1,greedy,1,4,1,RUSH_HOUR,Taxi Travel Distance [km],5,69.878,11.690114456240366,51.89,81.45,110.816,55.05,169.24
TaxiAlgorithmP2PCollector,1,5000,10,100,1,greedy,1,4,1,RUSH_HOUR,Client Waiting Time [min],5,90.22200000000001,16.804984260629343,64.45,116.13,428.258,379.32,522.0500000000001
TaxiAlgorithmP2PCollector,1,5000,10,100,1,greedy,1,4,1,RUSH_HOUR,Client Travel Time [min],5,9077.514,729.8463622598938,7856.47,9893.87,30233.0,27651.0,32687.0
TaxiAlgorithmP2PCollector,1,5000,10,100,1,greedy,1,4,1,RUSH_HOUR,Calculation Time [millis],5,0.1,0.0,0.1,0.1,69.2,58.0,83.0
TaxiAlgorithmP2PCollector,1,5000,10,100,1,greedy,1,4,1,RUSH_HOUR,Custom Time [micros],5,0.0,0.0,0.0,0.0,0.0,0.0,0.0
TaxiAlgorithmP2PCollector,1,5000,5,25,1,greedy,1,4,1,SPATIAL_IMBALANCE,Taxi Travel Distance [km],5,27.012,6.350128817591026,18.94,35.07,49.154,36.43,66.28999999999999
TaxiAlgorithmP2PCollector,1,5000,5,25,1,greedy,1,4,1,SPATIAL_IMBALANCE,Client Waiting Time [min],5,81.524,34.95823714090858,35.52,125.91,237.266,86.83,417.25
TaxiAlgorithmP2PCollector,1,5000,5,25,1,greedy,1,4,1,SPATIAL_IMBALANCE,Client Travel Time [min],5,7864.0160000000005,1895.2605458627586,4668.32,10484.2,27082.4,19019.0,33183.0
TaxiAlgorithmP2PCollector,1,5000,5,25,1,greedy,1,4,1,SPATIAL_IMBALANCE,Calculation Time [millis],5,0.03,0.0,0.03,0.03,17.2,0.0,52.0
TaxiAlgorithmP2PCollector,1,5000,5,25,1,greedy,1,4,1,SPATIAL_IMBALANCE,Custom Time [micros],5,0.0,0.0,0.0,0.0,0.0,0.0,0.0
TaxiAlgorithmP2PCollector,1,5000,5,50,1,greedy,1,4,1,SPATIAL_IMBALANCE,Taxi Travel Distance [km],5,47.34599999999999,3.803201809002513,40.52,51.32,79.03200000000001,11.969999999999999,122.17
TaxiAlgorithmP2PCollector,1,5000,5,50,1,greedy,1,4,1,SPATIAL_IMBALANCE,Client Waiting Time [min],5,86.1,21.807865553510734,52.51,112.02,321.946,233.81,452.04999999999995
TaxiAlgorithmP2PCollector,1,5000,5,50,1,greedy,1,4,1,SPATIAL_IMBALANCE,Client Travel Time [min],5,7979.1,907.030248227698,6505.76,9324.64,27043.6,19019.0,33183.0
TaxiAlgorithmP2PCollector,1,5000,5,50,1,greedy,1,4,1,SPATIAL_IMBALANCE,Calculation Time [millis],5,0.03,0.0,0.03,0.03,15.2,0.0,33.0
TaxiAlgorithmP2PCollector,1,5000,5,50,1,greedy,1,4,1,SPATIAL_IMBALANCE,Custom Time [micros],5,0.0,0.0,0.0,0.0,0.0,0.0,0.0
TaxiAlgorithmP2PCollector,1,5000,10,50,1,greedy,1,4,1,SPATIAL_IMBALANCE,Taxi Travel Distance [km],5,28.498,7.059794331281896,19.67,41.15,69.476,45.85,113.41
TaxiAlgorithmP2PCollector,1,5000,10,50,1,greedy,1,4,1,SPATIAL_IMBALANCE,Client Waiting Time [min],5,76.40400000000001,20.54512652674595,55.95,114.14,323.706,212.70000000000002,483.97
TaxiAlgorithmP2PCollector,1,5000,10,50,1,greedy,1,4,1,SPATIAL_IMBALANCE,Client Travel Time [min],5,6423.2,1296.9382459932317,4878.56,8700.02,23573.8,16484.0,29118.0
TaxiAlgorithmP2PCollector,1,5000,10,50,1,greedy,1,4,1,SPATIAL_IMBALANCE,Calculation Time [millis],5,0.09,0.0,0.09,0.09,58.2,48.0,75.0
TaxiAlgorithmP2PCollector,1,5000,10,50,1,greedy,1,4,1,SPATIAL_IMBALANCE,Custom Time [micros],5,0.0,0.0,0.0,0.0,0.0,0.0,0.0
TaxiAlgorithmP2PCollector,1,5000,10,100,1,greedy,1,4,1,SPATIAL_IMBALANCE,Taxi Travel Distance [km],5,54.024,8.273240235844717,43.53,67.96,107.878,59.03,143.05
TaxiAlgorithmP2PCollector,1,5000,10,100,1,greedy,1,4,1,SPATIAL_IMBALANCE,Client Waiting Time [min],5,93.91400000000002,20.69703321734784,66.88,128.89,426.57,270.06,521.07
TaxiAlgorithmP2PCollector,1,5000,10,100,1,greedy,1,4,1,SPATIAL_IMBALANCE,Client Travel Time [min],5,7287.161999999999,828.3054299809946,6392.65,8666.61,28848.8,25039.0,31534.0
TaxiAlgorithmP2PCollector,1,5000,10,100,1,greedy,1,4,1,SPATIAL_IMBALANCE,Calculation Time [millis],5,0.1,0.0,0.1,0.1,74.8,58.0,93.0
TaxiAlgorithmP2PCollector,1,5000,10,100,1,greedy,1,4,1,SPATIAL_IMBALANCE,Custom Time [micros],5,0.0,0.0,0.0,0.0,0.0,0.0,0.0
TaxiAlgorithmP2PCollector,1,5000,5,25,1,greedy,1,4,1,SPATIAL_ISLANDS,Taxi Travel Distance [km],5,29.103999999999996,7.6084521421902895,15.58,36.8,54.238,24.459999999999997,84.96
TaxiAlgorithmP2PCollector,1,5000,5,25,1,greedy,1,4,1,SPATIAL_ISLANDS,Client Waiting Time [min],5,118.982,56.11888359545297,33.82,181.37,319.88199999999995,129.75,483.65000000000003
TaxiAlgorithmP2PCollector,1,5000,5,25,1,greedy,1,4,1,SPATIAL_ISLANDS,Client Travel Time [min],5,9097.456,2169.5333388874205,6670.64,12147.16,28417.0,20094.0,34752.0
TaxiAlgorithmP2PCollector,1,5000,5,25,1,greedy,1,4,1,SPATIAL_ISLANDS,Calculation Time [millis],5,0.03,0.0,0.03,0.03,7.6,0.0,28.0
TaxiAlgorithmP2PCollector,1,5000,5,25,1,greedy,1,4,1,SPATIAL_ISLANDS,Custom Time [micros],5,0.0,0.0,0.0,0.0,0.0,0.0,0.0
TaxiAlgorithmP2PCollector,1,5000,5,50,1,greedy,1,4,1,SPATIAL_ISLANDS,Taxi Travel Distance [km],5,45.727999999999994,11.860130522047385,34.82,68.5,76.24199999999999,37.03,132.64
TaxiAlgorithmP2PCollector,1,5000,5,50,1,greedy,1,4,1,SPATIAL_ISLANDS,Client Waiting Time [min],5,123.36800000000001,38.89223233500489,88.01,192.78,352.24399999999997,277.92,473.07
TaxiAlgorithmP2PCollector,1,5000,5,50,1,greedy,1,4,1,SPATIAL_ISLANDS,Client Travel Time [min],5,9699.484,2240.614045743711,7015.54,13135.26,30047.6,22647.0,34752.0
TaxiAlgorithmP2PCollector,1,5000,5,50,1,greedy,1,4,1,SPATIAL_ISLANDS,Calculation Time [millis],5,0.03,0.0,0.03,0.03,25.2,7.0,50.0
TaxiAlgorithmP2PCollector,1,5000,5,50,1,greedy,1,4,1,SPATIAL_ISLANDS,Custom Time [micros],5,0.0,0.0,0.0,0.0,0.0,0.0,0.0
TaxiAlgorithmP2PCollector,1,5000,10,50,1,greedy,1,4,1,SPATIAL_ISLANDS,Taxi Travel Distance [km],5,36.302,5.465932308398999,28.58,42.42,77.806,58.65,97.4
TaxiAlgorithmP2PCollector,1,5000,10,50,1,greedy,1,4,1,SPATIAL_ISLANDS,Client Waiting Time [min],5,107.146,33.753756294670374,84.93,173.77,348.99399999999997,285.25,447.12
TaxiAlgorithmP2PCollector,1,5000,10,50,1,greedy,1,4,1,SPATIAL_ISLANDS,Client Travel Time [min],5,8082.587999999999,1654.4506141483944,6588.56,11043.82,27163.2,22534.0,34540.0
TaxiAlgorithmP2PCollector,1,5000,10,50,1,greedy,1,4,1,SPATIAL_ISLANDS,Calculation Time [millis],5,0.092,0.0040000000000000036,0.09,0.1,59.6,46.0,76.0
TaxiAlgorithmP2PCollector,1,5000,10,50,1,greedy,1,4,1,SPATIAL_ISLANDS,Custom Time [micros],5,0.0,0.0,0.0,0.0,0.0,0.0,0.0
TaxiAlgorithmP2PCollector,1,5000,10,100,1,greedy,1,4,1,SPATIAL_ISLANDS,Taxi Travel Distance [km],5,50.87,4.3334882023607735,46.51,57.78,94.172,71.54,129.65
TaxiAlgorithmP2PCollector,1,5000,10,100,1,greedy,1,4,1,SPATIAL_ISLANDS,Client Waiting Time [min],5,114.85,20.339002925414015,84.28,143.66,397.254,325.13,459.2
TaxiAlgorithmP2PCollector,1,5000,10,100,1,greedy,1,4,1,SPATIAL_ISLANDS,Client Travel Time [min],5,9034.994,1163.1019948499788,7750.67,11212.33,28509.6,25425.0,34540.0
TaxiAlgorithmP2PCollector,1,5000,10,100,1,greedy,1,4,1,SPATIAL_ISLANDS,Calculation Time [millis],5,0.1,0.0,0.1,0.1,77.6,54.0,100.0
TaxiAlgorithmP2PCollector,1,5000,10,100,1,greedy,1,4,1,SPATIAL_ISLANDS,Custom Time [micros],5,0.0,0.0,0.0,0.0,0.0,0.0,0.0
TaxiAlgorithmP2PCollector,2,500,5,25,1,nearest,1,4,1,BASELINE,Taxi Travel Distance [km],5,1.564,1.583977272564225,0.0,4.2,6.795999999999999,0.0,20.98
TaxiAlgorithmP2PCollector,2,500,5,25,1,nearest,1,4,1,BASELINE,Client Waiting Time [min],5,24.05,29.558453274824785,0.0,66.97,16.606,0.0,83.03
TaxiAlgorithmP2PCollector,2,500,5,25,1,nearest,1,4,1,BASELINE,Client Travel Time [min],5,11947.032000000001,1085.9074475184339,10506.24,13291.4,31257.2,27742.0,35845.0
TaxiAlgorithmP2PCollector,2,500,5,25,1,nearest,1,4,1,BASELINE,Calculation Time [millis],5,0.03,0.0,0.03,0.03,21.0,0.0,49.0
TaxiAlgorithmP2PCollector,2,500,5,25,1,nearest,1,4,1,BASELINE,Custom Time [micros],5,0.0,0.0,0.0,0.0,0.0,0.0,0.0
TaxiAlgorithmP2PCollector,2,500,5,50,1,nearest,1,4,1,BASELINE,Taxi Travel Distance [km],5,4.856,2.321306528660099,2.35,7.95,14.85,6.64,20.98
TaxiAlgorithmP2PCollector,2,500,5,50,1,nearest,1,4,1,BASELINE,Client Waiting Time [min],5,121.402,66.59537143075335,27.21,210.0,142.972,0.0,339.88
TaxiAlgorithmP2PCollector,2,500,5,50,1,nearest,1,4,1,BASELINE,Client Travel Time [min],5,11743.939999999999,728.069188250677,10684.94,12737.18,32642.2,29599.0,35845.0
TaxiAlgorithmP2PCollector,2,500,5,50,1,nearest,1,4,1,BASELINE,Calculation Time [millis],5,0.03,0.0,0.03,0.03,5.2,0.0,17.0
TaxiAlgorithmP2PCollector,2,500,5,50,1,nearest,1,4,1,BASELINE,Custom Time [micros],5,0.0,0.0,0.0,0.0,0.0,0.0,0.0
TaxiAlgorithmP2PCollector,2,500,10,50,1,nearest,1,4,1,BASELINE,Taxi Travel Distance [km],5,4.6160000000000005,1.8297825007360846,2.94,8.09,16.926,8.35,26.16
TaxiAlgorithmP2PCollector,2,500,10,50,1,nearest,1,4,1,BASELINE,Client Waiting Time [min],5,145.486,48.06087831074251,91.27,235.78,296.646,241.00000000000003,339.88
TaxiAlgorithmP2PCollector,2,500,10,50,1,nearest,1,4,1,BASELINE,Client Travel Time [min],5,11618.228,842.7012977419694,10167.44,12698.24,32642.2,29599.0,35845.0
TaxiAlgorithmP2PCollector,2,500,10,50,1,nearest,1,4,1,BASELINE,Calculation Time [millis],5,0.1,0.0,0.1,0.1,76.6,57.0,90.0
TaxiAlgorithmP2PCollector,2,500,10,50,1,nearest,1,4,1,BASELINE,Custom Time [micros],5,0.0,0.0,0.0,0.0,0.0,0.0,0.0
TaxiAlgorithmP2PCollector,2,500,10,100,1,nearest,1,4,1,BASELINE,Taxi Travel Distance [km],5,7.525999999999999,2.237459273372367,3.55,9.76,23.5,8.35,31.41
TaxiAlgorithmP2PCollector,2,500,10,100,1,nearest,1,4,1,BASELINE,Client Waiting Time [min],5,131.264,40.57792730044254,70.34,176.42,265.414,155.44,347.57
TaxiAlgorithmP2PCollector,2,500,10,100,1,nearest,1,4,1,BASELINE,Client Travel Time [min],5,12132.253999999999,832.5493683043666,11207.81,13315.57,33502.8,30779.0,36090.0
TaxiAlgorithmP2PCollector,2,500,10,100,1,nearest,1,4,1,BASELINE,Calculation Time [millis],5,0.10800000000000001,0.0039999999999999975,0.1,0.11,81.6,57.0,95.0
TaxiAlgorithmP2PCollector,2,500,10,100,1,nearest,1,4,1,BASELINE,Custom Time [micros],5,0.0,0.0,0.0,0.0,0.0,0.0,0.0
TaxiAlgorithmP2PCollector,2,500,5,25,1,nearest,1,4,1,RUSH_HOUR,Taxi Travel Distance [km],5,4.505999999999999,2.7797597018447475,0.0,8.11,14.972,0.0,21.09
TaxiAlgorithmP2PCollector,2,500,5,25,1,nearest,1,4,1,RUSH_HOUR,Client Waiting Time [min],5,89.594,76.56283004173761,0.0,226.26,126.11000000000001,0.0,256.15000000000003
TaxiAlgorithmP2PCollector,2,500,5,25,1,nearest,1,4,1,RUSH_HOUR,Client Travel Time [min],5,12073.168000000001,2864.1043878629844,8097.36,15914.44,33342.6,26626.0,37256.0
TaxiAlgorithmP2PCollector,2,500,5,25,1,nearest,1,4,1,RUSH_HOUR,Calculation Time [millis],5,0.03,0.0,0.03,0.03,32.0,0.0,54.0
TaxiAlgorithmP2PCollector,2,500,5,25,1,nearest,1,4,1,RUSH_HOUR,Custom Time [micros],5,0.0,0.0,0.0,0.0,0.0,0.0,0.0
TaxiAlgorithmP2PCollector,2,500,5,50,1,nearest,1,4,1,RUSH_HOUR,Taxi Travel Distance [km],5,6.6,2.2195675254427383,3.31,9.03,19.066,16.55,24.06
TaxiAlgorithmP2PCollector,2,500,5,50,1,nearest,1,4,1,RUSH_HOUR,Client Waiting Time [min],5,130.228,64.26599704353774,61.44,226.26,198.584,88.25,310.38
TaxiAlgorithmP2PCollector,2,500,5,50,1,nearest,1,4,1,RUSH_HOUR,Client Travel Time [min],5,13152.24,1616.9620074695636,10998.36,15391.84,34729.8,31727.0,37256.0
TaxiAlgorithmP2PCollector,2,500,5,50,1,nearest,1,4,1,RUSH_HOUR,Calculation Time [millis],5,0.03,0.0,0.03,0.03,9.2,0.0,13.0
TaxiAlgorithmP2PCollector,2,500,5,50,1,nearest,1,4,1,RUSH_HOUR,Custom Time [micros],5,0.0,0.0,0.0,0.0,0.0,0.0,0.0
TaxiAlgorithmP2PCollector,2,500,10,50,1,nearest,1,4,1,RUSH_HOUR,Taxi Travel Distance [km],5,4.716,2.68459754898197,1.48,9.46,24.266,12.9,32.16
TaxiAlgorithmP2PCollector,2,500,10,50,1,nearest,1,4,1,RUSH_HOUR,Client Waiting Time [min],5,151.76,65.76679770218404,88.59,275.5,216.246,115.8,312.58
TaxiAlgorithmP2PCollector,2,500,10,50,1,nearest,1,4,1,RUSH_HOUR,Client Travel Time [min],5,12433.651999999998,811.2843851178202,11185.54,13348.1,32409.2,27651.0,35619.0
TaxiAlgorithmP2PCollector,2,500,10,50,1,nearest,1,4,1,RUSH_HOUR,Calculation Time [millis],5,0.096,0.00489897948556636,0.09,0.1,77.8,51.0,98.0
TaxiAlgorithmP2PCollector,2,500,10,50,1,nearest,1,4,1,RUSH_HOUR,Custom Time [micros],5,0.0,0.0,0.0,0.0,0.0,0.0,0.0
TaxiAlgorithmP2PCollector,2,500,10,100,1,nearest,1,4,1,RUSH_HOUR,Taxi Travel Distance [km],5,9.017999999999999,3.4119929659950943,5.06,15.2,28.446000000000005,16.43,41.22
TaxiAlgorithmP2PCollector,2,500,10,100,1,nearest,1,4,1,RUSH_HOUR,Client Waiting Time [min],5,141.658,15.955647777511254,124.11,171.17,288.784,184.26999999999998,369.45
TaxiAlgorithmP2PCollector,2,500,10,100,1,nearest,1,4,1,RUSH_HOUR,Client Travel Time [min],5,12726.742000000002,511.7359149170594,12085.27,13411.86,34547.0,33562.0,35619.0
TaxiAlgorithmP2PCollector,2,500,10,100,1,nearest,1,4,1,RUSH_HOUR,Calculation Time [millis],5,0.10400000000000001,0.004898979485566354,0.1,0.11,79.2,62.0,96.0
TaxiAlgorithmP2PCollector,2,500,10,100,1,nearest,1,4,1,RUSH_HOUR,Custom Time [micros],5,0.0,0.0,0.0,0.0,0.0,0.0,0.0
TaxiAlgorithmP2PCollector,2,500,5,25,1,nearest,1,4,1,SPATIAL_IMBALANCE,Taxi Travel Distance [km],5,3.08,3.125936659626999,0.0,7.77,12.634,0.0,38.84
TaxiAlgorithmP2PCollector,2,500,5,25,1,nearest,1,4,1,SPATIAL_IMBALANCE,Client Waiting Time [min],5,59.331999999999994,67.48423857464793,0.0,149.53,26.5,0.0,74.31
TaxiAlgorithmP2PCollector,2,500,5,25,1,nearest,1,4,1,SPATIAL_IMBALANCE,Client Travel Time [min],5,10470.096,1566.7003598850674,8561.16,13292.64,29336.4,26608.0,33183.0
TaxiAlgorithmP2PCollector,2,500,5,25,1,nearest,1,4,1,SPATIAL_IMBALANCE,Calculation Time [millis],5,0.03,0.0,0.03,0.03,22.2,0.0,51.0
TaxiAlgorithmP2PCollector,2,500,5,25,1,nearest,1,4,1,SPATIAL_IMBALANCE,Custom Time [micros],5,0.0,0.0,0.0,0.0,0.0,0.0,0.0
TaxiAlgorithmP2PCollector,2,500,5,50,1,nearest,1,4,1,SPATIAL_IMBALANCE,Taxi Travel Distance [km],5,5.928,4.075980372867367,0.0,9.55,21.23,0.0,38.84
TaxiAlgorithmP2PCollector,2,500,5,50,1,nearest,1,4,1,SPATIAL_IMBALANCE,Client Waiting Time [min],5,64.548,43.12659012720575,0.0,118.45,70.356,0.0,179.9
TaxiAlgorithmP2PCollector,2,500,5,50,1,nearest,1,4,1,SPATIAL_IMBALANCE,Client Travel Time [min],5,10215.536,811.5892853309491,9234.56,11635.7,29968.8,26608.0,33183.0
TaxiAlgorithmP2PCollector,2,500,5,50,1,nearest,1,4,1,SPATIAL_IMBALANCE,Calculation Time [millis],5,0.03,0.0,0.03,0.03,26.4,0.0,50.0
TaxiAlgorithmP2PCollector,2,500,5,50,1,nearest,1,4,1,SPATIAL_IMBALANCE,Custom Time [micros],5,0.0,0.0,0.0,0.0,0.0,0.0,0.0
TaxiAlgorithmP2PCollector,2,500,10,50,1,nearest,1,4,1,SPATIAL_IMBALANCE,Taxi Travel Distance [km],5,4.14,1.8834117977755156,2.52,7.38,17.03,7.86,30.79
TaxiAlgorithmP2PCollector,2,500,10,50,1,nearest,1,4,1,SPATIAL_IMBALANCE,Client Waiting Time [min],5,129.222,34.41184528618016,89.9,190.73,277.63800000000003,81.68,381.34999999999997
TaxiAlgorithmP2PCollector,2,500,10,50,1,nearest,1,4,1,SPATIAL_IMBALANCE,Client Travel Time [min],5,8978.904,1124.6413734093194,7620.18,10914.2,26297.2,24521.0,29053.0
TaxiAlgorithmP2PCollector,2,500,10,50,1,nearest,1,4,1,SPATIAL_IMBALANCE,Calculation Time [millis],5,0.096,0.00489897948556636,0.09,0.1,68.4,48.0,86.0
TaxiAlgorithmP2PCollector,2,500,10,50,1,nearest,1,4,1,SPATIAL_IMBALANCE,Custom Time [micros],5,0.0,0.0,0.0,0.0,0.0,0.0,0.0
TaxiAlgorithmP2PCollector,2,500,10,100,1,nearest,1,4,1,SPATIAL_IMBALANCE,Taxi Travel Distance [km],5,6.008,2.401028113121544,2.56,9.15,22.598,14.57,34.36
TaxiAlgorithmP2PCollector,2,500,10,100,1,nearest,1,4,1,SPATIAL_IMBALANCE,Client Waiting Time [min],5,125.01799999999999,35.09605413718186,83.11,178.73,290.768,161.22,494.25
TaxiAlgorithmP2PCollector,2,500,10,100,1,nearest,1,4,1,SPATIAL_IMBALANCE,Client Travel Time [min],5,9829.266,625.6708259332538,8926.7,10724.87,31854.0,27348.0,35342.0
TaxiAlgorithmP2PCollector,2,500,10,100,1,nearest,1,4,1,SPATIAL_IMBALANCE,Calculation Time [millis],5,0.1,0.0,0.1,0.1,74.6,63.0,88.0
TaxiAlgorithmP2PCollector,2,500,10,100,1,nearest,1,4,1,SPATIAL_IMBALANCE,Custom Time [micros],5,0.0,0.0,0.0,0.0,0.0,0.0,0.0
TaxiAlgorithmP2PCollector,2,500,5,25,1,nearest,1,4,1,SPATIAL_ISLANDS,Taxi Travel Distance [km],5,2.398,3.0440525619640675,0.0,8.4,7.58,0.0,21.97
TaxiAlgorithmP2PCollector,2,500,5,25,1,nearest,1,4,1,SPATIAL_ISLANDS,Client Waiting Time [min],5,54.931999999999995,39.93326603221931,0.0,96.87,21.724,0.0,58.82
TaxiAlgorithmP2PCollector,2,500,5,25,1,nearest,1,4,1,SPATIAL_ISLANDS,Client Travel Time [min],5,12080.679999999998,1624.8440220525783,10236.84,14354.2,31388.2,27893.0,34752.0
TaxiAlgorithmP2PCollector,2,500,5,25,1,nearest,1,4,1,SPATIAL_ISLANDS,Calculation Time [millis],5,0.03,0.0,0.03,0.03,32.2,0.0,61.0
TaxiAlgorithmP2PCollector,2,500,5,25,1,nearest,1,4,1,SPATIAL_ISLANDS,Custom Time [micros],5,0.0,0.0,0.0,0.0,0.0,0.0,0.0
TaxiAlgorithmP2PCollector,2,500,5,50,1,nearest,1,4,1,SPATIAL_ISLANDS,Taxi Travel Distance [km],5,6.279999999999999,6.301184015722759,0.7,18.16,7.994,1.82,15.61
TaxiAlgorithmP2PCollector,2,500,5,50,1,nearest,1,4,1,SPATIAL_ISLANDS,Client Waiting Time [min],5,209.218,117.16425861157487,109.65,434.71,240.28399999999996,164.12,373.25
TaxiAlgorithmP2PCollector,2,500,5,50,1,nearest,1,4,1,SPATIAL_ISLANDS,Client Travel Time [min],5,11829.408,1873.1000099983983,9919.56,14927.42,30524.8,27893.0,34540.0
TaxiAlgorithmP2PCollector,2,500,5,50,1,nearest,1,4,1,SPATIAL_ISLANDS,Calculation Time [millis],5,0.03,0.0,0.03,0.03,37.0,24.0,50.0
TaxiAlgorithmP2PCollector,2,500,5,50,1,nearest,1,4,1,SPATIAL_ISLANDS,Custom Time [micros],5,0.0,0.0,0.0,0.0,0.0,0.0,0.0
TaxiAlgorithmP2PCollector,2,500,10,50,1,nearest,1,4,1,SPATIAL_ISLANDS,Taxi Travel Distance [km],5,4.752000000000001,2.581119137118626,0.35,8.23,16.616,1.82,24.28
TaxiAlgorithmP2PCollector,2,500,10,50,1,nearest,1,4,1,SPATIAL_ISLANDS,Client Waiting Time [min],5,215.25799999999998,113.11113073433577,129.29,434.71,286.816,164.12,431.57
TaxiAlgorithmP2PCollector,2,500,10,50,1,nearest,1,4,1,SPATIAL_ISLANDS,Client Travel Time [min],5,11670.848000000002,1852.2281122842294,9093.9,14301.0,28374.0,26034.0,34540.0
TaxiAlgorithmP2PCollector,2,500,10,50,1,nearest,1,4,1,SPATIAL_ISLANDS,Calculation Time [millis],5,0.098,0.0040000000000000036,0.09,0.1,72.6,57.0,101.0
TaxiAlgorithmP2PCollector,2,500,10,50,1,nearest,1,4,1,SPATIAL_ISLANDS,Custom Time [micros],5,0.0,0.0,0.0,0.0,0.0,0.0,0.0
TaxiAlgorithmP2PCollector,2,500,10,100,1,nearest,1,4,1,SPATIAL_ISLANDS,Taxi Travel Distance [km],5,7.1739999999999995,3.3185213574723305,1.38,10.95,21.586000000000002,7.45,34.33
TaxiAlgorithmP2PCollector,2,500,10,100,1,nearest,1,4,1,SPATIAL_ISLANDS,Client Waiting Time [min],5,174.948,62.38172341319211,129.01,298.62,345.976,254.94,394.27
TaxiAlgorithmP2PCollector,2,500,10,100,1,nearest,1,4,1,SPATIAL_ISLANDS,Client Travel Time [min],5,11463.607999999998,1078.652931121035,10639.82,13582.67,30292.2,27893.0,34540.0
TaxiAlgorithmP2PCollector,2,500,10,100,1,nearest,1,4,1,SPATIAL_ISLANDS,Calculation Time [millis],5,0.10600000000000001,0.004898979485566353,0.1,0.11,78.8,62.0,98.0
TaxiAlgorithmP2PCollector,2,500,10,100,1,nearest,1,4,1,SPATIAL_ISLANDS,Custom Time [micros],5,0.0,0.0,0.0,0.0,0.0,0.0,0.0
TaxiAlgorithmP2PCollector,2,500,5,25,1,greedy,1,4,1,BASELINE,Taxi Travel Distance [km],5,1.564,1.583977272564225,0.0,4.2,6.795999999999999,0.0,20.98
TaxiAlgorithmP2PCollector,2,500,5,25,1,greedy,1,4,1,BASELINE,Client Waiting Time [min],5,24.05,29.558453274824785,0.0,66.97,16.606,0.0,83.03
TaxiAlgorithmP2PCollector,2,500,5,25,1,greedy,1,4,1,BASELINE,Client Travel Time [min],5,11947.032000000001,1085.9074475184339,10506.24,13291.4,31257.2,27742.0,35845.0
TaxiAlgorithmP2PCollector,2,500,5,25,1,greedy,1,4,1,BASELINE,Calculation Time [millis],5,0.03,0.0,0.03,0.03,23.0,0.0,52.0
TaxiAlgorithmP2PCollector,2,500,5,25,1,greedy,1,4,1,BASELINE,Custom Time [micros],5,0.0,0.0,0.0,0.0,0.0,0.0,0.0
TaxiAlgorithmP2PCollector,2,500,5,50,1,greedy,1,4,1,BASELINE,Taxi Travel Distance [km],5,4.856,2.321306528660099,2.35,7.95,14.85,6.64,20.98
TaxiAlgorithmP2PCollector,2,500,5,50,1,greedy,1,4,1,BASELINE,Client Waiting Time [min],5,121.402,66.59537143075335,27.21,210.0,142.972,0.0,339.88
TaxiAlgorithmP2PCollector,2,500,5,50,1,greedy,1,4,1,BASELINE,Client Travel Time [min],5,11743.939999999999,728.069188250677,10684.94,12737.18,32642.2,29599.0,35845.0
TaxiAlgorithmP2PCollector,2,500,5,50,1,greedy,1,4,1,BASELINE,Calculation Time [millis],5,0.03,0.0,0.03,0.03,31.4,0.0,54.0
TaxiAlgorithmP2PCollector,2,500,5,50,1,greedy,1,4,1,BASELINE,Custom Time [micros],5,0.0,0.0,0.0,0.0,0.0,0.0,0.0
TaxiAlgorithmP2PCollector,2,500,10,50,1,greedy,1,4,1,BASELINE,Taxi Travel Distance [km],5,4.6160000000000005,1.8297825007360846,2.94,8.09,16.926,8.35,26.16
TaxiAlgorithmP2PCollector,2,500,10,50,1,greedy,1,4,1,BASELINE,Client Waiting Time [min],5,145.486,48.06087831074251,91.27,235.78,296.646,241.00000000000003,339.88
TaxiAlgorithmP2PCollector,2,500,10,50,1,greedy,1,4,1,BASELINE,Client Travel Time [min],5,11618.228,842.7012977419694,10167.44,12698.24,32642.2,29599.0,35845.0
TaxiAlgorithmP2PCollector,2,500,10,50,1,greedy,1,4,1,BASELINE,Calculation Time [millis],5,0.1,0.0,0.1,0.1,75.0,48.0,98.0
TaxiAlgorithmP2PCollector,2,500,10,50,1,greedy,1,4,1,BASELINE,Custom Time [micros],5,0.0,0.0,0.0,0.0,0.0,0.0,0.0
TaxiAlgorithmP2PCollector,2,500,10,100,1,greedy,1,4,1,BASELINE,Taxi Travel Distance [km],5,7.525999999999999,2.237459273372367,3.55,9.76,23.5,8.35,31.41
TaxiAlgorithmP2PCollector,2,500,10,100,1,greedy,1,4,1,BASELINE,Client Waiting Time [min],5,131.264,40.57792730044254,70.34,176.42,265.414,155.44,347.57
TaxiAlgorithmP2PCollector,2,500,10,100,1,greedy,1,4,1,BASELINE,Client Travel Time [min],5,12132.253999999999,832.5493683043666,11207.81,13315.57,33502.8,30779.0,36090.0
TaxiAlgorithmP2PCollector,2,500,10,100,1,greedy,1,4,1,BASELINE,Calculation Time [millis],5,0.10400000000000001,0.004898979485566354,0.1,0.11,82.6,61.0,92.0
TaxiAlgorithmP2PCollector,2,500,10,100,1,greedy,1,4,1,BASELINE,Custom Time [micros],5,0.0,0.0,0.0,0.0,0.0,0.0,0.0
TaxiAlgorithmP2PCollector,2,500,5,25,1,greedy,1,4,1,RUSH_HOUR,Taxi Travel Distance [km],5,4.505999999999999,2.7797597018447475,0.0,8.11,14.972,0.0,21.09
TaxiAlgorithmP2PCollector,2,500,5,25,1,greedy,1,4,1,RUSH_HOUR,Client Waiting Time [min],5,89.594,76.56283004173761,0.0,226.26,126.11000000000001,0.0,256.15000000000003
TaxiAlgorithmP2PCollector,2,500,5,25,1,greedy,1,4,1,RUSH_HOUR,Client Travel Time [min],5,12073.168000000001,2864.1043878629844,8097.36,15914.44,33342.6,26626.0,37256.0
TaxiAlgorithmP2PCollector,2,500,5,25,1,greedy,1,4,1,RUSH_HOUR,Calculation Time [millis],5,0.03,0.0,0.03,0.03,28.2,5.0,47.0
TaxiAlgorithmP2PCollector,2,500,5,25,1,greedy,1,4,1,RUSH_HOUR,Custom Time [micros],5,0.0,0.0,0.0,0.0,0.0,0.0,0.0
TaxiAlgorithmP2PCollector,2,500,5,50,1,greedy,1,4,1,RUSH_HOUR,Taxi Travel Distance [km],5,6.6,2.2195675254427383,3.31,9.03,19.066,16.55,24.06
TaxiAlgorithmP2PCollector,2,500,5,50,1,greedy,1,4,1,RUSH_HOUR,Client Waiting Time [min],5,130.228,64.26599704353774,61.44,226.26,198.584,88.25,310.38
TaxiAlgorithmP2PCollector,2,500,5,50,1,greedy,1,4,1,RUSH_HOUR,Client Travel Time [min],5,13152.24,1616.9620074695636,10998.36,15391.84,34729.8,31727.0,37256.0
TaxiAlgorithmP2PCollector,2,500,5,50,1,greedy,1,4,1,RUSH_HOUR,Calculation Time [millis],5,0.03,0.0,0.03,0.03,57.8,56.0,60.0
TaxiAlgorithmP2PCollector,2,500,5,50,1,greedy,1,4,1,RUSH_HOUR,Custom Time [micros],5,0.0,0.0,0.0,0.0,0.0,0.0,0.0
TaxiAlgorithmP2PCollector,2,500,10,50,1,greedy,1,4,1,RUSH_HOUR,Taxi Travel Distance [km],5,4.716,2.68459754898197,1.48,9.46,24.266,12.9,32.16
TaxiAlgorithmP2PCollector,2,500,10,50,1,greedy,1,4,1,RUSH_HOUR,Client Waiting Time [min],5,151.76,65.76679770218404,88.59,275.5,216.246,115.8,312.58
TaxiAlgorithmP2PCollector,2,500,10,50,1,greedy,1,4,1,RUSH_HOUR,Client Travel Time [min],5,12433.651999999998,811.2843851178202,11185.54,13348.1,32409.2,27651.0,35619.0
TaxiAlgorithmP2PCollector,2,500,10,50,1,greedy,1,4,1,RUSH_HOUR,Calculation Time [millis],5,0.096,0.00489897948556636,0.09,0.1,74.4,62.0,88.0
TaxiAlgorithmP2PCollector,2,500,10,50,1,greedy,1,4,1,RUSH_HOUR,Custom Time [micros],5,0.0,0.0,0.0,0.0,0.0,0.0,0.0
TaxiAlgorithmP2PCollector,2,500,10,100,1,greedy,1,4,1,RUSH_HOUR,Taxi Travel Distance [km],5,9.017999999999999,3.4119929659950943,5.06,15.2,28.446000000000005,16.43,41.22
TaxiAlgorithmP2PCollector,2,500,10,100,1,greedy,1,4,1,RUSH_HOUR,Client Waiting Time [min],5,141.658,15.955647777511254,124.11,171.17,288.784,184.26999999999998,369.45
TaxiAlgorithmP2PCollector,2,500,10,100,1,greedy,1,4,1,RUSH_HOUR,Client Travel Time [min],5,12726.742000000002,511.7359149170594,12085.27,13411.86,34547.0,33562.0,35619.0
TaxiAlgorithmP2PCollector,2,500,10,100,1,greedy,1,4,1,RUSH_HOUR,Calculation Time [millis],5,0.10600000000000001,0.004898979485566353,0.1,0.11,76.2,54.0,94.0
TaxiAlgorithmP2PCollector,2,500,10,100,1,greedy,1,4,1,RUSH_HOUR,Custom Time [micros],5,0.0,0.0,0.0,0.0,0.0,0.0,0.0
TaxiAlgorithmP2PCollector,2,500,5,25,1,greedy,1,4,1,SPATIAL_IMBALANCE,Taxi Travel Distance [km],5,3.08,3.125936659626999,0.0,7.77,12.634,0.0,38.84
TaxiAlgorithmP2PCollector,2,500,5,25,1,greedy,1,4,1,SPATIAL_IMBALANCE,Client Waiting Time [min],5,59.331999999999994,67.48423857464793,0.0,149.53,26.5,0.0,74.31
TaxiAlgorithmP2PCollector,2,500,5,25,1,greedy,1,4,1,SPATIAL_IMBALANCE,Client Travel Time [min],5,10470.096,1566.7003598850674,8561.16,13292.64,29336.4,26608.0,33183.0
TaxiAlgorithmP2PCollector,2,500,5,25,1,greedy,1,4,1,SPATIAL_IMBALANCE,Calculation Time [millis],5,0.03,0.0,0.03,0.03,25.8,0.0,62.0
TaxiAlgorithmP2PCollector,2,500,5,25,1,greedy,1,4,1,SPATIAL_IMBALANCE,Custom Time [micros],5,0.0,0.0,0.0,0.0,0.0,0.0,0.0
TaxiAlgorithmP2PCollector,2,500,5,50,1,greedy,1,4,1,SPATIAL_IMBALANCE,Taxi Travel Distance [km],5,5.928,4.075980372867367,0.0,9.55,21.23,0.0,38.84
TaxiAlgorithmP2PCollector,2,500,5,50,1,greedy,1,4,1,SPATIAL_IMBALANCE,Client Waiting Time [min],5,64.548,43.12659012720575,0.0,118.45,70.356,0.0,179.9
TaxiAlgorithmP2PCollector,2,500,5,50,1,greedy,1,4,1,SPATIAL_IMBALANCE,Client Travel Time [min],5,10215.536,811.5892853309491,9234.56,11635.7,29968.8,26608.0,33183.0
TaxiAlgorithmP2PCollector,2,500,5,50,1,greedy,1,4,1,SPATIAL_IMBALANCE,Calculation Time [millis],5,0.03,0.0,0.03,0.03,26.8,0.0,47.0
TaxiAlgorithmP2PCollector,2,500,5,50,1,greedy,1,4,1,SPATIAL_IMBALANCE,Custom Time [micros],5,0.0,0.0,0.0,0.0,0.0,0.0,0.0
TaxiAlgorithmP2PCollector,2,500,10,50,1,greedy,1,4,1,SPATIAL_IMBALANCE,Taxi Travel Distance [km],5,4.14,1.8834117977755156,2.52,7.38,17.03,7.86,30.79
TaxiAlgorithmP2PCollector,2,500,10,50,1,greedy,1,4,1,SPATIAL_IMBALANCE,Client Waiting Time [min],5,129.222,34.41184528618016,89.9,190.73,277.63800000000003,81.68,381.34999999999997
TaxiAlgorithmP2PCollector,2,500,10,50,1,greedy,1,4,1,SPATIAL_IMBALANCE,Client Travel Time [min],5,8978.904,1124.6413734093194,7620.18,10914.2,26297.2,24521.0,29053.0
TaxiAlgorithmP2PCollector,2,500,10,50,1,greedy,1,4,1,SPATIAL_IMBALANCE,Calculation Time [millis],5,0.098,0.0040000000000000036,0.09,0.1,70.2,54.0,87.0
TaxiAlgorithmP2PCollector,2,500,10,50,1,greedy,1,4,1,SPATIAL_IMBALANCE,Custom Time [micros],5,0.0,0.0,0.0,0.0,0.0,0.0,0.0
TaxiAlgorithmP2PCollector,2,500,10,100,1,greedy,1,4,1,SPATIAL_IMBALANCE,Taxi Travel Distance [km],5,6.008,2.401028113121544,2.56,9.15,22.598,14.57,34.36
TaxiAlgorithmP2PCollector,2,500,10,100,1,greedy,1,4,1,SPATIAL_IMBALANCE,Client Waiting Time [min],5,125.01799999999999,35.09605413718186,83.11,178.73,290.768,161.22,494.25
TaxiAlgorithmP2PCollector,2,500,10,100,1,greedy,1,4,1,SPATIAL_IMBALANCE,Client Travel Time [min],5,9829.266,625.6708259332538,8926.7,10724.87,31854.0,27348.0,35342.0
TaxiAlgorithmP2PCollector,2,500,10,100,1,greedy,1,4,1,SPATIAL_IMBALANCE,Calculation Time [millis],5,0.1,0.0,0.1,0.1,75.2,61.0,90.0
TaxiAlgorithmP2PCollector,2,500,10,100,1,greedy,1,4,1,SPATIAL_IMBALANCE,Custom Time [micros],5,0.0,0.0,0.0,0.0,0.0,0.0,0.0
TaxiAlgorithmP2PCollector,2,500,5,25,1,greedy,1,4,1,SPATIAL_ISLANDS,Taxi Travel Distance [km],5,2.398,3.0440525619640675,0.0,8.4,7.58,0.0,21.97
TaxiAlgorithmP2PCollector,2,500,5,25,1,greedy,1,4,1,SPATIAL_ISLANDS,Client Waiting Time [min],5,54.931999999999995,39.93326603221931,0.0,96.87,21.724,0.0,58.82
TaxiAlgorithmP2PCollector,2,500,5,25,1,greedy,1,4,1,SPATIAL_ISLANDS,Client Travel Time [min],5,12080.679999999998,1624.8440220525783,10236.84,14354.2,31388.2,27893.0,34752.0
TaxiAlgorithmP2PCollector,2,500,5,25,1,greedy,1,4,1,SPATIAL_ISLANDS,Calculation Time [millis],5,0.03,0.0,0.03,0.03,22.4,0.0,44.0
TaxiAlgorithmP2PCollector,2,500,5,25,1,greedy,1,4,1,SPATIAL_ISLANDS,Custom Time [micros],5,0.0,0.0,0.0,0.0,0.0,0.0,0.0
TaxiAlgorithmP2PCollector,2,500,5,50,1,greedy,1,4,1,SPATIAL_ISLANDS,Taxi Travel Distance [km],5,6.279999999999999,6.301184015722759,0.7,18.16,7.994,1.82,15.61
TaxiAlgorithmP2PCollector,2,500,5,50,1,greedy,1,4,1,SPATIAL_ISLANDS,Client Waiting Time [min],5,209.218,117.16425861157487,109.65,434.71,240.28399999999996,164.12,373.25
TaxiAlgorithmP2PCollector,2,500,5,50,1,greedy,1,4,1,SPATIAL_ISLANDS,Client Travel Time [min],5,11829.408,1873.1000099983983,9919.56,14927.42,30524.8,27893.0,34540.0
TaxiAlgorithmP2PCollector,2,500,5,50,1,greedy,1,4,1,SPATIAL_ISLANDS,Calculation Time [millis],5,0.03,0.0,0.03,0.03,15.0,1.0,26.0
TaxiAlgorithmP2PCollector,2,500,5,50,1,greedy,1,4,1,SPATIAL_ISLANDS,Custom Time [micros],5,0.0,0.0,0.0,0.0,0.0,0.0,0.0
TaxiAlgorithmP2PCollector,2,500,10,50,1,greedy,1,4,1,SPATIAL_ISLANDS,Taxi Travel Distance [km],5,4.752000000000001,2.581119137118626,0.35,8.23,16.616,1.82,24.28
TaxiAlgorithmP2PCollector,2,500,10,50,1,greedy,1,4,1,SPATIAL_ISLANDS,Client Waiting Time [min],5,215.25799999999998,113.11113073433577,129.29,434.71,286.816,164.12,431.57
TaxiAlgorithmP2PCollector,2,500,10,50,1,greedy,1,4,1,SPATIAL_ISLANDS,Client Travel Time [min],5,11670.848000000002,1852.2281122842294,9093.9,14301.0,28374.0,26034.0,34540.0
TaxiAlgorithmP2PCollector,2,500,10,50,1,greedy,1,4,1,SPATIAL_ISLANDS,Calculation Time [millis],5,0.096,0.00489897948556636,0.09,0.1,55.0,24.0,90.0
TaxiAlgorithmP2PCollector,2,500,10,50,1,greedy,1,4,1,SPATIAL_ISLANDS,Custom Time [micros],5,0.0,0.0,0.0,0.0,0.0,0.0,0.0
TaxiAlgorithmP2PCollector,2,500,10,100,1,greedy,1,4,1,SPATIAL_ISLANDS,Taxi Travel Distance [km],5,7.1739999999999995,3.3185213574723305,1.38,10.95,21.586000000000002,7.45,34.33
TaxiAlgorithmP2PCollector,2,500,10,100,1,greedy,1,4,1,SPATIAL_ISLANDS,Client Waiting Time [min],5,174.948,62.38172341319211,129.01,298.62,345.976,254.94,394.27
TaxiAlgorithmP2PCollector,2,500,10,100,1,greedy,1,4,1,SPATIAL_ISLANDS,Client Travel Time [min],5,11463.607999999998,1078.652931121035,10639.82,13582.67,30292.2,27893.0,34540.0
TaxiAlgorithmP2PCollector,2,500,10,100,1,greedy,1,4,1,SPATIAL_ISLANDS,Calculation Time [millis],5,0.10600000000000001,0.004898979485566354,0.1,0.11,77.6,61.0,91.0
TaxiAlgorithmP2PCollector,2,500,10,100,1,greedy,1,4,1,SPATIAL_ISLANDS,Custom Time [micros],5,0.0,0.0,0.0,0.0,0.0,0.0,0.0
TaxiAlgorithmP2PCollector,2,1000,5,25,1,nearest,1,4,1,BASELINE,Taxi Travel Distance [km],5,6.837999999999999,2.0163868676422187,4.41,10.54,21.733999999999998,13.37,37.23
TaxiAlgorithmP2PCollector,2,1000,5,25,1,nearest,1,4,1,BASELINE,Client Waiting Time [min],5,126.62800000000001,57.46671850732387,46.55,221.62,172.388,0.0,313.25
TaxiAlgorithmP2PCollector,2,1000,5,25,1,nearest,1,4,1,BASELINE,Client Travel Time [min],5,11113.295999999998,903.2318820236582,9700.28,12251.48,27351.2,24491.0,31622.0
TaxiAlgorithmP2PCollector,2,1000,5,25,1,nearest,1,4,1,BASELINE,Calculation Time [millis],5,0.03,0.0,0.03,0.03,26.2,0.0,50.0
TaxiAlgorithmP2PCollector,2,1000,5,25,1,nearest,1,4,1,BASELINE,Custom Time [micros],5,0.0,0.0,0.0,0.0,0.0,0.0,0.0
TaxiAlgorithmP2PCollector,2,1000,5,50,1,nearest,1,4,1,BASELINE,Taxi Travel Distance [km],5,10.367999999999999,2.1248943503148574,8.19,12.94,24.409999999999997,20.57,33.96
TaxiAlgorithmP2PCollector,2,1000,5,50,1,nearest,1,4,1,BASELINE,Client Waiting Time [min],5,106.502,47.48024785108014,23.5,158.44,237.32799999999997,29.700000000000003,424.72
TaxiAlgorithmP2PCollector,2,1000,5,50,1,nearest,1,4,1,BASELINE,Client Travel Time [min],5,11318.547999999999,637.0791068744916,10676.68,12347.42,30007.0,24491.0,34325.0
TaxiAlgorithmP2PCollector,2,1000,5,50,1,nearest,1,4,1,BASELINE,Calculation Time [millis],5,0.03,0.0,0.03,0.03,22.2,0.0,56.0
TaxiAlgorithmP2PCollector,2,1000,5,50,1,nearest,1,4,1,BASELINE,Custom Time [micros],5,0.0,0.0,0.0,0.0,0.0,0.0,0.0
TaxiAlgorithmP2PCollector,2,1000,10,50,1,nearest,1,4,1,BASELINE,Taxi Travel Distance [km],5,10.059999999999999,1.8532565931354457,7.76,13.36,30.759999999999998,20.57,48.73
TaxiAlgorithmP2PCollector,2,1000,10,50,1,nearest,1,4,1,BASELINE,Client Waiting Time [min],5,115.686,26.252811354215,80.23,155.3,307.434,147.03,438.19
TaxiAlgorithmP2PCollector,2,1000,10,50,1,nearest,1,4,1,BASELINE,Client Travel Time [min],5,10783.511999999999,382.4813872804792,10106.1,11178.44,30339.6,25760.0,33124.0
TaxiAlgorithmP2PCollector,2,1000,10,50,1,nearest,1,4,1,BASELINE,Calculation Time [millis],5,0.1,0.0,0.1,0.1,70.6,52.0,88.0
TaxiAlgorithmP2PCollector,2,1000,10,50,1,nearest,1,4,1,BASELINE,Custom Time [micros],5,0.0,0.0,0.0,0.0,0.0,0.0,0.0
TaxiAlgorithmP2PCollector,2,1000,10,100,1,nearest,1,4,1,BASELINE,Taxi Travel Distance [km],5,14.772,3.0356310711283743,10.57,18.22,37.983999999999995,29.65,48.73
TaxiAlgorithmP2PCollector,2,1000,10,100,1,nearest,1,4,1,BASELINE,Client Waiting Time [min],5,125.75399999999999,14.02228169735582,103.57,147.69,412.97200000000004,370.15,446.1
TaxiAlgorithmP2PCollector,2,1000,10,100,1,nearest,1,4,1,BASELINE,Client Travel Time [min],5,11581.022,703.4089594083939,10707.1,12626.22,33005.4,30680.0,36090.0
TaxiAlgorithmP2PCollector,2,1000,10,100,1,nearest,1,4,1,BASELINE,Calculation Time [millis],5,0.1,0.0,0.1,0.1,74.4,57.0,85.0
TaxiAlgorithmP2PCollector,2,1000,10,100,1,nearest,1,4,1,BASELINE,Custom Time [micros],5,0.0,0.0,0.0,0.0,0.0,0.0,0.0
TaxiAlgorithmP2PCollector,2,1000,5,25,1,nearest,1,4,1,RUSH_HOUR,Taxi Travel Distance [km],5,8.059999999999999,2.6314330696409516,4.15,11.55,24.962,19.46,39.64
TaxiAlgorithmP2PCollector,2,1000,5,25,1,nearest,1,4,1,RUSH_HOUR,Client Waiting Time [min],5,124.572,64.33788165614408,50.78,217.94,186.76800000000003,0.0,358.53000000000003
TaxiAlgorithmP2PCollector,2,1000,5,25,1,nearest,1,4,1,RUSH_HOUR,Client Travel Time [min],5,11519.464000000002,2605.5040213947095,7598.36,15163.76,33342.6,26626.0,37256.0
TaxiAlgorithmP2PCollector,2,1000,5,25,1,nearest,1,4,1,RUSH_HOUR,Calculation Time [millis],5,0.03,0.0,0.03,0.03,29.4,6.0,50.0
TaxiAlgorithmP2PCollector,2,1000,5,25,1,nearest,1,4,1,RUSH_HOUR,Custom Time [micros],5,0.0,0.0,0.0,0.0,0.0,0.0,0.0
TaxiAlgorithmP2PCollector,2,1000,5,50,1,nearest,1,4,1,RUSH_HOUR,Taxi Travel Distance [km],5,10.496,2.5915601478646026,6.48,13.46,30.119999999999997,19.46,43.15
TaxiAlgorithmP2PCollector,2,1000,5,50,1,nearest,1,4,1,RUSH_HOUR,Client Waiting Time [min],5,158.286,31.311748977021388,128.37,217.94,310.62800000000004,255.23000000000002,358.53000000000003
TaxiAlgorithmP2PCollector,2,1000,5,50,1,nearest,1,4,1,RUSH_HOUR,Client Travel Time [min],5,12857.076000000001,1460.7548789526597,10745.48,14925.96,34729.8,31727.0,37256.0
TaxiAlgorithmP2PCollector,2,1000,5,50,1,nearest,1,4,1,RUSH_HOUR,Calculation Time [millis],5,0.03,0.0,0.03,0.03,36.2,0.0,62.0
TaxiAlgorithmP2PCollector,2,1000,5,50,1,nearest,1,4,1,RUSH_HOUR,Custom Time [micros],5,0.0,0.0,0.0,0.0,0.0,0.0,0.0
TaxiAlgorithmP2PCollector,2,1000,10,50,1,nearest,1,4,1,RUSH_HOUR,Taxi Travel Distance [km],5,9.166,3.9185589187863434,2.23,13.35,33.318,13.88,45.69
TaxiAlgorithmP2PCollector,2,1000,10,50,1,nearest,1,4,1,RUSH_HOUR,Client Waiting Time [min],5,166.83200000000002,45.962595401043224,105.63,240.63,364.99199999999996,288.34,504.87
TaxiAlgorithmP2PCollector,2,1000,10,50,1,nearest,1,4,1,RUSH_HOUR,Client Travel Time [min],5,11781.488,860.2958048113451,10598.14,12778.72,30915.8,27651.0,34346.0
TaxiAlgorithmP2PCollector,2,1000,10,50,1,nearest,1,4,1,RUSH_HOUR,Calculation Time [millis],5,0.096,0.00489897948556636,0.09,0.1,67.8,52.0,90.0
TaxiAlgorithmP2PCollector,2,1000,10,50,1,nearest,1,4,1,RUSH_HOUR,Custom Time [micros],5,0.0,0.0,0.0,0.0,0.0,0.0,0.0
TaxiAlgorithmP2PCollector,2,1000,10,100,1,nearest,1,4,1,RUSH_HOUR,Taxi Travel Distance [km],5,13.311999999999998,2.481768724115927,10.05,17.15,35.836,27.47,47.54
TaxiAlgorithmP2PCollector,2,1000,10,100,1,nearest,1,4,1,RUSH_HOUR,Client Waiting Time [min],5,147.502,36.8110605117538,77.37,177.93,391.044,210.5,519.5400000000001
TaxiAlgorithmP2PCollector,2,1000,10,100,1,nearest,1,4,1,RUSH_HOUR,Client Travel Time [min],5,12420.528,531.2110100666216,11707.73,13245.95,34217.4,31914.0,35619.0
TaxiAlgorithmP2PCollector,2,1000,10,100,1,nearest,1,4,1,RUSH_HOUR,Calculation Time [millis],5,0.10200000000000001,0.0039999999999999975,0.1,0.11,74.8,36.0,93.0
TaxiAlgorithmP2PCollector,2,1000,10,100,1,nearest,1,4,1,RUSH_HOUR,Custom Time [micros],5,0.0,0.0,0.0,0.0,0.0,0.0,0.0
TaxiAlgorithmP2PCollector,2,1000,5,25,1,nearest,1,4,1,SPATIAL_IMBALANCE,Taxi Travel Distance [km],5,5.17,1.320212104171144,3.68,7.38,22.848000000000003,18.42,36.92
TaxiAlgorithmP2PCollector,2,1000,5,25,1,nearest,1,4,1,SPATIAL_IMBALANCE,Client Waiting Time [min],5,79.218,60.99697054772474,8.78,152.48,74.53999999999999,0.0,277.88
TaxiAlgorithmP2PCollector,2,1000,5,25,1,nearest,1,4,1,SPATIAL_IMBALANCE,Client Travel Time [min],5,10141.168000000001,1455.8516857207676,8016.08,12564.36,29336.4,26608.0,33183.0
TaxiAlgorithmP2PCollector,2,1000,5,25,1,nearest,1,4,1,SPATIAL_IMBALANCE,Calculation Time [millis],5,0.03,0.0,0.03,0.03,15.6,0.0,44.0
TaxiAlgorithmP2PCollector,2,1000,5,25,1,nearest,1,4,1,SPATIAL_IMBALANCE,Custom Time [micros],5,0.0,0.0,0.0,0.0,0.0,0.0,0.0
TaxiAlgorithmP2PCollector,2,1000,5,50,1,nearest,1,4,1,SPATIAL_IMBALANCE,Taxi Travel Distance [km],5,8.620000000000001,4.189238594303266,4.25,15.82,26.341999999999995,18.42,38.48
TaxiAlgorithmP2PCollector,2,1000,5,50,1,nearest,1,4,1,SPATIAL_IMBALANCE,Client Waiting Time [min],5,75.282,43.68078634823324,27.82,149.94,148.56199999999998,0.0,492.75
TaxiAlgorithmP2PCollector,2,1000,5,50,1,nearest,1,4,1,SPATIAL_IMBALANCE,Client Travel Time [min],5,10026.132,729.8763969440306,9040.06,11271.56,29738.4,26608.0,33183.0
TaxiAlgorithmP2PCollector,2,1000,5,50,1,nearest,1,4,1,SPATIAL_IMBALANCE,Calculation Time [millis],5,0.03,0.0,0.03,0.03,17.8,0.0,35.0
TaxiAlgorithmP2PCollector,2,1000,5,50,1,nearest,1,4,1,SPATIAL_IMBALANCE,Custom Time [micros],5,0.0,0.0,0.0,0.0,0.0,0.0,0.0
TaxiAlgorithmP2PCollector,2,1000,10,50,1,nearest,1,4,1,SPATIAL_IMBALANCE,Taxi Travel Distance [km],5,7.254,4.176307459945927,3.29,12.81,24.130000000000003,10.56,47.52
TaxiAlgorithmP2PCollector,2,1000,10,50,1,nearest,1,4,1,SPATIAL_IMBALANCE,Client Waiting Time [min],5,104.002,40.03067593733586,60.13,172.32,276.506,109.99000000000001,373.92
TaxiAlgorithmP2PCollector,2,1000,10,50,1,nearest,1,4,1,SPATIAL_IMBALANCE,Client Travel Time [min],5,8545.848000000002,1065.776127831732,7534.44,10612.6,26207.0,24521.0,29053.0
TaxiAlgorithmP2PCollector,2,1000,10,50,1,nearest,1,4,1,SPATIAL_IMBALANCE,Calculation Time [millis],5,0.092,0.0040000000000000036,0.09,0.1,67.0,51.0,84.0
TaxiAlgorithmP2PCollector,2,1000,10,50,1,nearest,1,4,1,SPATIAL_IMBALANCE,Custom Time [micros],5,0.0,0.0,0.0,0.0,0.0,0.0,0.0
TaxiAlgorithmP2PCollector,2,1000,10,100,1,nearest,1,4,1,SPATIAL_IMBALANCE,Taxi Travel Distance [km],5,11.318000000000001,6.167532407697588,5.56,21.05,32.572,16.82,60.15
TaxiAlgorithmP2PCollector,2,1000,10,100,1,nearest,1,4,1,SPATIAL_IMBALANCE,Client Waiting Time [min],5,111.93199999999999,27.494410631981182,67.25,142.22,357.76,269.44000000000005,486.41999999999996
TaxiAlgorithmP2PCollector,2,1000,10,100,1,nearest,1,4,1,SPATIAL_IMBALANCE,Client Travel Time [min],5,9433.428,539.3608342992658,8877.3,10399.32,31854.0,27348.0,35342.0
TaxiAlgorithmP2PCollector,2,1000,10,100,1,nearest,1,4,1,SPATIAL_IMBALANCE,Calculation Time [millis],5,0.1,0.0,0.1,0.1,77.4,62.0,91.0
TaxiAlgorithmP2PCollector,2,1000,10,100,1,nearest,1,4,1,SPATIAL_IMBALANCE,Custom Time [micros],5,0.0,0.0,0.0,0.0,0.0,0.0,0.0
TaxiAlgorithmP2PCollector,2,1000,5,25,1,nearest,1,4,1,SPATIAL_ISLANDS,Taxi Travel Distance [km],5,4.456,4.029727534213697,0.0,11.85,15.994000000000003,0.0,36.2
TaxiAlgorithmP2PCollector,2,1000,5,25,1,nearest,1,4,1,SPATIAL_ISLANDS,Client Waiting Time [min],5,73.11000000000001,58.65469699862067,0.0,180.11,103.016,0.0,345.25
TaxiAlgorithmP2PCollector,2,1000,5,25,1,nearest,1,4,1,SPATIAL_ISLANDS,Client Travel Time [min],5,11779.431999999999,1618.5231074087267,10196.28,13818.52,30524.8,27893.0,34540.0
TaxiAlgorithmP2PCollector,2,1000,5,25,1,nearest,1,4,1,SPATIAL_ISLANDS,Calculation Time [millis],5,0.03,0.0,0.03,0.03,31.2,0.0,60.0
TaxiAlgorithmP2PCollector,2,1000,5,25,1,nearest,1,4,1,SPATIAL_ISLANDS,Custom Time [micros],5,0.0,0.0,0.0,0.0,0.0,0.0,0.0
TaxiAlgorithmP2PCollector,2,1000,5,50,1,nearest,1,4,1,SPATIAL_ISLANDS,Taxi Travel Distance [km],5,9.166,7.744274272002509,1.1,23.73,16.973999999999997,2.82,31.49
TaxiAlgorithmP2PCollector,2,1000,5,50,1,nearest,1,4,1,SPATIAL_ISLANDS,Client Waiting Time [min],5,171.57999999999998,134.37642754590556,51.22,427.17,201.482,44.03000000000001,373.14
TaxiAlgorithmP2PCollector,2,1000,5,50,1,nearest,1,4,1,SPATIAL_ISLANDS,Client Travel Time [min],5,11620.132,2004.9820423973874,9500.22,14910.22,30524.8,27893.0,34540.0
TaxiAlgorithmP2PCollector,2,1000,5,50,1,nearest,1,4,1,SPATIAL_ISLANDS,Calculation Time [millis],5,0.03,0.0,0.03,0.03,27.2,15.0,39.0
TaxiAlgorithmP2PCollector,2,1000,5,50,1,nearest,1,4,1,SPATIAL_ISLANDS,Custom Time [micros],5,0.0,0.0,0.0,0.0,0.0,0.0,0.0
TaxiAlgorithmP2PCollector,2,1000,10,50,1,nearest,1,4,1,SPATIAL_ISLANDS,Taxi Travel Distance [km],5,8.36,2.2599380522483354,3.86,9.77,25.419999999999998,18.96,31.49
TaxiAlgorithmP2PCollector,2,1000,10,50,1,nearest,1,4,1,SPATIAL_ISLANDS,Client Waiting Time [min],5,154.30599999999998,50.9302364416267,71.44,226.84,355.09000000000003,124.37,508.8
TaxiAlgorithmP2PCollector,2,1000,10,50,1,nearest,1,4,1,SPATIAL_ISLANDS,Client Travel Time [min],5,11132.58,1783.262783955298,8910.16,13771.98,28374.0,26034.0,34540.0
TaxiAlgorithmP2PCollector,2,1000,10,50,1,nearest,1,4,1,SPATIAL_ISLANDS,Calculation Time [millis],5,0.098,0.0040000000000000036,0.09,0.1,69.2,55.0,96.0
TaxiAlgorithmP2PCollector,2,1000,10,50,1,nearest,1,4,1,SPATIAL_ISLANDS,Custom Time [micros],5,0.0,0.0,0.0,0.0,0.0,0.0,0.0
TaxiAlgorithmP2PCollector,2,1000,10,100,1,nearest,1,4,1,SPATIAL_ISLANDS,Taxi Travel Distance [km],5,12.242,2.5155389084647446,7.91,15.76,39.382,28.59,70.0
TaxiAlgorithmP2PCollector,2,1000,10,100,1,nearest,1,4,1,SPATIAL_ISLANDS,Client Waiting Time [min],5,146.33599999999998,47.32434578522982,64.1,199.32,350.898,125.05,508.8
TaxiAlgorithmP2PCollector,2,1000,10,100,1,nearest,1,4,1,SPATIAL_ISLANDS,Client Travel Time [min],5,11072.383999999998,1021.887969292133,10235.52,13070.97,30292.2,27893.0,34540.0
TaxiAlgorithmP2PCollector,2,1000,10,100,1,nearest,1,4,1,SPATIAL_ISLANDS,Calculation Time [millis],5,0.10400000000000001,0.004898979485566354,0.1,0.11,78.6,62.0,98.0
TaxiAlgorithmP2PCollector,2,1000,10,100,1,nearest,1,4,1,SPATIAL_ISLANDS,Custom Time [micros],5,0.0,0.0,0.0,0.0,0.0,0.0,0.0
TaxiAlgorithmP2PCollector,2,1000,5,25,1,greedy,1,4,1,BASELINE,Taxi Travel Distance [km],5,6.837999999999999,2.0163868676422187,4.41,10.54,21.733999999999998,13.37,37.23
TaxiAlgorithmP2PCollector,2,1000,5,25,1,greedy,1,4,1,BASELINE,Client Waiting Time [min],5,126.62800000000001,57.46671850732387,46.55,221.62,172.388,0.0,313.25
TaxiAlgorithmP2PCollector,2,1000,5,25,1,greedy,1,4,1,BASELINE,Client Travel Time [min],5,11113.295999999998,903.2318820236582,9700.28,12251.48,27351.2,24491.0,31622.0
TaxiAlgorithmP2PCollector,2,1000,5,25,1,greedy,1,4,1,BASELINE,Calculation Time [millis],5,0.03,0.0,0.03,0.03,19.0,0.0,54.0
TaxiAlgorithmP2PCollector,2,1000,5,25,1,greedy,1,4,1,BASELINE,Custom Time [micros],5,0.0,0.0,0.0,0.0,0.0,0.0,0.0
TaxiAlgorithmP2PCollector,2,1000,5,50,1,greedy,1,4,1,BASELINE,Taxi Travel Distance [km],5,10.367999999999999,2.1248943503148574,8.19,12.94,24.409999999999997,20.57,33.96
TaxiAlgorithmP2PCollector,2,1000,5,50,1,greedy,1,4,1,BASELINE,Client Waiting Time [min],5,106.502,47.48024785108014,23.5,158.44,237.32799999999997,29.700000000000003,424.72
TaxiAlgorithmP2PCollector,2,1000,5,50,1,greedy,1,4,1,BASELINE,Client Travel Time [min],5,11318.547999999999,637.0791068744916,10676.68,12347.42,30007.0,24491.0,34325.0
TaxiAlgorithmP2PCollector,2,1000,5,50,1,greedy,1,4,1,BASELINE,Calculation Time [millis],5,0.03,0.0,0.03,0.03,15.2,1.0,33.0
TaxiAlgorithmP2PCollector,2,1000,5,50,1,greedy,1,4,1,BASELINE,Custom Time [micros],5,0.0,0.0,0.0,0.0,0.0,0.0,0.0
TaxiAlgorithmP2PCollector,2,1000,10,50,1,greedy,1,4,1,BASELINE,Taxi Travel Distance [km],5,10.059999999999999,1.8532565931354457,7.76,13.36,30.759999999999998,20.57,48.73
TaxiAlgorithmP2PCollector,2,1000,10,50,1,greedy,1,4,1,BASELINE,Client Waiting Time [min],5,115.686,26.252811354215,80.23,155.3,307.434,147.03,438.19
TaxiAlgorithmP2PCollector,2,1000,10,50,1,greedy,1,4,1,BASELINE,Client Travel Time [min],5,10783.511999999999,382.4813872804792,10106.1,11178.44,30339.6,25760.0,33124.0
TaxiAlgorithmP2PCollector,2,1000,10,50,1,greedy,1,4,1,BASELINE,Calculation Time [millis],5,0.1,0.0,0.1,0.1,74.2,61.0,93.0
TaxiAlgorithmP2PCollector,2,1000,10,50,1,greedy,1,4,1,BASELINE,Custom Time [micros],5,0.0,0.0,0.0,0.0,0.0,0.0,0.0
TaxiAlgorithmP2PCollector,2,1000,10,100,1,greedy,1,4,1,BASELINE,Taxi Travel Distance [km],5,14.772,3.0356310711283743,10.57,18.22,37.983999999999995,29.65,48.73
TaxiAlgorithmP2PCollector,2,1000,10,100,1,greedy,1,4,1,BASELINE,Client Waiting Time [min],5,125.75399999999999,14.02228169735582,103.57,147.69,412.97200000000004,370.15,446.1
TaxiAlgorithmP2PCollector,2,1000,10,100,1,greedy,1,4,1,BASELINE,Client Travel Time [min],5,11581.022,703.4089594083939,10707.1,12626.22,33005.4,30680.0,36090.0
TaxiAlgorithmP2PCollector,2,1000,10,100,1,greedy,1,4,1,BASELINE,Calculation Time [millis],5,0.1,0.0,0.1,0.1,82.6,63.0,93.0
TaxiAlgorithmP2PCollector,2,1000,10,100,1,greedy,1,4,1,BASELINE,Custom Time [micros],5,0.0,0.0,0.0,0.0,0.0,0.0,0.0
TaxiAlgorithmP2PCollector,2,1000,5,25,1,greedy,1,4,1,RUSH_HOUR,Taxi Travel Distance [km],5,8.059999999999999,2.6314330696409516,4.15,11.55,24.962,19.46,39.64
TaxiAlgorithmP2PCollector,2,1000,5,25,1,greedy,1,4,1,RUSH_HOUR,Client Waiting Time [min],5,124.572,64.33788165614408,50.78,217.94,186.76800000000003,0.0,358.53000000000003
TaxiAlgorithmP2PCollector,2,1000,5,25,1,greedy,1,4,1,RUSH_HOUR,Client Travel Time [min],5,11519.464000000002,2605.5040213947095,7598.36,15163.76,33342.6,26626.0,37256.0
TaxiAlgorithmP2PCollector,2,1000,5,25,1,greedy,1,4,1,RUSH_HOUR,Calculation Time [millis],5,0.03,0.0,0.03,0.03,29.4,0.0,52.0
TaxiAlgorithmP2PCollector,2,1000,5,25,1,greedy,1,4,1,RUSH_HOUR,Custom Time [micros],5,0.0,0.0,0.0,0.0,0.0,0.0,0.0
TaxiAlgorithmP2PCollector,2,1000,5,50,1,greedy,1,4,1,RUSH_HOUR,Taxi Travel Distance [km],5,10.496,2.5915601478646026,6.48,13.46,30.119999999999997,19.46,43.15
TaxiAlgorithmP2PCollector,2,1000,5,50,1,greedy,1,4,1,RUSH_HOUR,Client Waiting Time [min],5,158.286,31.311748977021388,128.37,217.94,310.62800000000004,255.23000000000002,358.53000000000003
TaxiAlgorithmP2PCollector,2,1000,5,50,1,greedy,1,4,1,RUSH_HOUR,Client Travel Time [min],5,12857.076000000001,1460.7548789526597,10745.48,14925.96,34729.8,31727.0,37256.0
TaxiAlgorithmP2PCollector,2,1000,5,50,1,greedy,1,4,1,RUSH_HOUR,Calculation Time [millis],5,0.03,0.0,0.03,0.03,6.8,0.0,11.0
TaxiAlgorithmP2PCollector,2,1000,5,50,1,greedy,1,4,1,RUSH_HOUR,Custom Time [micros],5,0.0,0.0,0.0,0.0,0.0,0.0,0.0
TaxiAlgorithmP2PCollector,2,1000,10,50,1,greedy,1,4,1,RUSH_HOUR,Taxi Travel Distance [km],5,9.166,3.9185589187863434,2.23,13.35,33.318,13.88,45.69
TaxiAlgorithmP2PCollector,2,1000,10,50,1,greedy,1,4,1,RUSH_HOUR,Client Waiting Time [min],5,166.83200000000002,45.962595401043224,105.63,240.63,364.99199999999996,288.34,504.87
TaxiAlgorithmP2PCollector,2,1000,10,50,1,greedy,1,4,1,RUSH_HOUR,Client Travel Time [min],5,11781.488,860.2958048113451,10598.14,12778.72,30915.8,27651.0,34346.0
TaxiAlgorithmP2PCollector,2,1000,10,50,1,greedy,1,4,1,RUSH_HOUR,Calculation Time [millis],5,0.096,0.00489897948556636,0.09,0.1,69.0,59.0,86.0
TaxiAlgorithmP2PCollector,2,1000,10,50,1,greedy,1,4,1,RUSH_HOUR,Custom Time [micros],5,0.0,0.0,0.0,0.0,0.0,0.0,0.0
TaxiAlgorithmP2PCollector,2,1000,10,100,1,greedy,1,4,1,RUSH_HOUR,Taxi Travel Distance [km],5,13.311999999999998,2.481768724115927,10.05,17.15,35.836,27.47,47.54
TaxiAlgorithmP2PCollector,2,1000,10,100,1,greedy,1,4,1,RUSH_HOUR,Client Waiting Time [min],5,147.502,36.8110605117538,77.37,177.93,391.044,210.5,519.5400000000001
TaxiAlgorithmP2PCollector,2,1000,10,100,1,greedy,1,4,1,RUSH_HOUR,Client Travel Time [min],5,12420.528,531.2110100666216,11707.73,13245.95,34217.4,31914.0,35619.0
TaxiAlgorithmP2PCollector,2,1000,10,100,1,greedy,1,4,1,RUSH_HOUR,Calculation Time [millis],5,0.10800000000000001,0.003999999999999998,0.1,0.11,79.0,62.0,91.0
TaxiAlgorithmP2PCollector,2,1000,10,100,1,greedy,1,4,1,RUSH_HOUR,Custom Time [micros],5,0.0,0.0,0.0,0.0,0.0,0.0,0.0
TaxiAlgorithmP2PCollector,2,1000,5,25,1,greedy,1,4,1,SPATIAL_IMBALANCE,Taxi Travel Distance [km],5,5.17,1.320212104171144,3.68,7.38,22.848000000000003,18.42,36.92
TaxiAlgorithmP2PCollector,2,1000,5,25,1,greedy,1,4,1,SPATIAL_IMBALANCE,Client Waiting Time [min],5,79.218,60.99697054772474,8.78,152.48,74.53999999999999,0.0,277.88
TaxiAlgorithmP2PCollector,2,1000,5,25,1,greedy,1,4,1,SPATIAL_IMBALANCE,Client Travel Time [min],5,10141.168000000001,1455.8516857207676,8016.08,12564.36,29336.4,26608.0,33183.0
TaxiAlgorithmP2PCollector,2,1000,5,25,1,greedy,1,4,1,SPATIAL_IMBALANCE,Calculation Time [millis],5,0.03,0.0,0.03,0.03,21.8,0.0,55.0
TaxiAlgorithmP2PCollector,2,1000,5,25,1,greedy,1,4,1,SPATIAL_IMBALANCE,Custom Time [micros],5,0.0,0.0,0.0,0.0,0.0,0.0,0.0
TaxiAlgorithmP2PCollector,2,1000,5,50,1,greedy,1,4,1,SPATIAL_IMBALANCE,Taxi Travel Distance [km],5,8.620000000000001,4.189238594303266,4.25,15.82,26.341999999999995,18.42,38.48
TaxiAlgorithmP2PCollector,2,1000,5,50,1,greedy,1,4,1,SPATIAL_IMBALANCE,Client Waiting Time [min],5,75.282,43.68078634823324,27.82,149.94,148.56199999999998,0.0,492.75
TaxiAlgorithmP2PCollector,2,1000,5,50,1,greedy,1,4,1,SPATIAL_IMBALANCE,Client Travel Time [min],5,10026.132,729.8763969440306,9040.06,11271.56,29738.4,26608.0,33183.0
TaxiAlgorithmP2PCollector,2,1000,5,50,1,greedy,1,4,1,SPATIAL_IMBALANCE,Calculation Time [millis],5,0.03,0.0,0.03,0.03,25.8,9.0,44.0
TaxiAlgorithmP2PCollector,2,1000,5,50,1,greedy,1,4,1,SPATIAL_IMBALANCE,Custom Time [micros],5,0.0,0.0,0.0,0.0,0.0,0.0,0.0
TaxiAlgorithmP2PCollector,2,1000,10,50,1,greedy,1,4,1,SPATIAL_IMBALANCE,Taxi Travel Distance [km],5,7.254,4.176307459945927,3.29,12.81,24.130000000000003,10.56,47.52
TaxiAlgorithmP2PCollector,2,1000,10,50,1,greedy,1,4,1,SPATIAL_IMBALANCE,Client Waiting Time [min],5,104.002,40.03067593733586,60.13,172.32,276.506,109.99000000000001,373.92
TaxiAlgorithmP2PCollector,2,1000,10,50,1,greedy,1,4,1,SPATIAL_IMBALANCE,Client Travel Time [min],5,8545.848000000002,1065.776127831732,7534.44,10612.6,26207.0,24521.0,29053.0
TaxiAlgorithmP2PCollector,2,1000,10,50,1,greedy,1,4,1,SPATIAL_IMBALANCE,Calculation Time [millis],5,0.092,0.0040000000000000036,0.09,0.1,70.0,54.0,87.0
TaxiAlgorithmP2PCollector,2,1000,10,50,1,greedy,1,4,1,SPATIAL_IMBALANCE,Custom Time [micros],5,0.0,0.0,0.0,0.0,0.0,0.0,0.0
TaxiAlgorithmP2PCollector,2,1000,10,100,1,greedy,1,4,1,SPATIAL_IMBALANCE,Taxi Travel Distance [km],5,11.318000000000001,6.167532407697588,5.56,21.05,32.572,16.82,60.15
TaxiAlgorithmP2PCollector,2,1000,10,100,1,greedy,1,4,1,SPATIAL_IMBALANCE,Client Waiting Time [min],5,111.93199999999999,27.494410631981182,67.25,142.22,357.76,269.44000000000005,486.41999999999996
TaxiAlgorithmP2PCollector,2,1000,10,100,1,greedy,1,4,1,SPATIAL_IMBALANCE,Client Travel Time [min],5,9433.428,539.3608342992658,8877.3,10399.32,31854.0,27348.0,35342.0
TaxiAlgorithmP2PCollector,2,1000,10,100,1,greedy,1,4,1,SPATIAL_IMBALANCE,Calculation Time [millis],5,0.1,0.0,0.1,0.1,79.2,65.0,92.0
TaxiAlgorithmP2PCollector,2,1000,10,100,1,greedy,1,4,1,SPATIAL_IMBALANCE,Custom Time [micros],5,0.0,0.0,0.0,0.0,0.0,0.0,0.0
TaxiAlgorithmP2PCollector,2,1000,5,25,1,greedy,1,4,1,SPATIAL_ISLANDS,Taxi Travel Distance [km],5,4.456,4.029727534213697,0.0,11.85,15.994000000000003,0.0,36.2
TaxiAlgorithmP2PCollector,2,1000,5,25,1,greedy,1,4,1,SPATIAL_ISLANDS,Client Waiting Time [min],5,73.11000000000001,58.65469699862067,0.0,180.11,103.016,0.0,345.25
TaxiAlgorithmP2PCollector,2,1000,5,25,1,greedy,1,4,1,SPATIAL_ISLANDS,Client Travel Time [min],5,11779.431999999999,1618.5231074087267,10196.28,13818.52,30524.8,27893.0,34540.0
TaxiAlgorithmP2PCollector,2,1000,5,25,1,greedy,1,4,1,SPATIAL_ISLANDS,Calculation Time [millis],5,0.03,0.0,0.03,0.03,21.0,0.0,45.0
TaxiAlgorithmP2PCollector,2,1000,5,25,1,greedy,1,4,1,SPATIAL_ISLANDS,Custom Time [micros],5,0.0,0.0,0.0,0.0,0.0,0.0,0.0
TaxiAlgorithmP2PCollector,2,1000,5,50,1,greedy,1,4,1,SPATIAL_ISLANDS,Taxi Travel Distance [km],5,9.166,7.744274272002509,1.1,23.73,16.973999999999997,2.82,31.49
TaxiAlgorithmP2PCollector,2,1000,5,50,1,greedy,1,4,1,SPATIAL_ISLANDS,Client Waiting Time [min],5,171.57999999999998,134.37642754590556,51.22,427.17,201.482,44.03000000000001,373.14
TaxiAlgorithmP2PCollector,2,1000,5,50,1,greedy,1,4,1,SPATIAL_ISLANDS,Client Travel Time [min],5,11620.132,2004.9820423973874,9500.22,14910.22,30524.8,27893.0,34540.0
TaxiAlgorithmP2PCollector,2,1000,5,50,1,greedy,1,4,1,SPATIAL_ISLANDS,Calculation Time [millis],5,0.03,0.0,0.03,0.03,31.0,18.0,44.0
TaxiAlgorithmP2PCollector,2,1000,5,50,1,greedy,1,4,1,SPATIAL_ISLANDS,Custom Time [micros],5,0.0,0.0,0.0,0.0,0.0,0.0,0.0
TaxiAlgorithmP2PCollector,2,1000,10,50,1,greedy,1,4,1,SPATIAL_ISLANDS,Taxi Travel Distance [km],5,8.36,2.2599380522483354,3.86,9.77,25.419999999999998,18.96,31.49
TaxiAlgorithmP2PCollector,2,1000,10,50,1,greedy,1,4,1,SPATIAL_ISLANDS,Client Waiting Time [min],5,154.30599999999998,50.9302364416267,71.44,226.84,355.09000000000003,124.37,508.8
TaxiAlgorithmP2PCollector,2,1000,10,50,1,greedy,1,4,1,SPATIAL_ISLANDS,Client Travel Time [min],5,11132.58,1783.262783955298,8910.16,13771.98,28374.0,26034.0,34540.0
TaxiAlgorithmP2PCollector,2,1000,10,50,1,greedy,1,4,1,SPATIAL_ISLANDS,Calculation Time [millis],5,0.098,0.0040000000000000036,0.09,0.1,71.2,56.0,99.0
TaxiAlgorithmP2PCollector,2,1000,10,50,1,greedy,1,4,1,SPATIAL_ISLANDS,Custom Time [micros],5,0.0,0.0,0.0,0.0,0.0,0.0,0.0
TaxiAlgorithmP2PCollector,2,1000,10,100,1,greedy,1,4,1,SPATIAL_ISLANDS,Taxi Travel Distance [km],5,12.242,2.5155389084647446,7.91,15.76,39.382,28.59,70.0
TaxiAlgorithmP2PCollector,2,1000,10,100,1,greedy,1,4,1,SPATIAL_ISLANDS,Client Waiting Time [min],5,146.33599999999998,47.32434578522982,64.1,199.32,350.898,125.05,508.8
TaxiAlgorithmP2PCollector,2,1000,10,100,1,greedy,1,4,1,SPATIAL_ISLANDS,Client Travel Time [min],5,11072.383999999998,1021.887969292133,10235.52,13070.97,30292.2,27893.0,34540.0
TaxiAlgorithmP2PCollector,2,1000,10,100,1,greedy,1,4,1,SPATIAL_ISLANDS,Calculation Time [millis],5,0.10400000000000001,0.004898979485566354,0.1,0.11,80.0,64.0,99.0
TaxiAlgorithmP2PCollector,2,1000,10,100,1,greedy,1,4,1,SPATIAL_ISLANDS,Custom Time [micros],5,0.0,0.0,0.0,0.0,0.0,0.0,0.0
TaxiAlgorithmP2PCollector,2,5000,5,25,1,nearest,1,4,1,BASELINE,Taxi Travel Distance [km],5,29.564,8.290670901682203,17.87,42.56,54.294000000000004,44.42,62.059999999999995
TaxiAlgorithmP2PCollector,2,5000,5,25,1,nearest,1,4,1,BASELINE,Client Waiting Time [min],5,70.342,37.32803632660041,29.59,140.07,282.41600000000005,124.57000000000001,593.9300000000001
TaxiAlgorithmP2PCollector,2,5000,5,25,1,nearest,1,4,1,BASELINE,Client Travel Time [min],5,8431.439999999999,1871.6946831361142,5539.48,10871.88,29865.2,24491.0,35800.0
TaxiAlgorithmP2PCollector,2,5000,5,25,1,nearest,1,4,1,BASELINE,Calculation Time [millis],5,0.03,0.0,0.03,0.03,16.8,0.0,42.0
TaxiAlgorithmP2PCollector,2,5000,5,25,1,nearest,1,4,1,BASELINE,Custom Time [micros],5,0.0,0.0,0.0,0.0,0.0,0.0,0.0
TaxiAlgorithmP2PCollector,2,5000,5,50,1,nearest,1,4,1,BASELINE,Taxi Travel Distance [km],5,63.926,6.455591684733476,53.35,73.14,116.50399999999999,51.330000000000005,143.47
TaxiAlgorithmP2PCollector,2,5000,5,50,1,nearest,1,4,1,BASELINE,Client Waiting Time [min],5,80.794,16.88527595273468,58.83,108.68,380.27599999999995,270.58000000000004,484.29
TaxiAlgorithmP2PCollector,2,5000,5,50,1,nearest,1,4,1,BASELINE,Client Travel Time [min],5,8082.692000000001,589.659903822534,7296.14,8904.94,28170.8,24491.0,31622.0
TaxiAlgorithmP2PCollector,2,5000,5,50,1,nearest,1,4,1,BASELINE,Calculation Time [millis],5,0.03,0.0,0.03,0.03,13.8,0.0,37.0
TaxiAlgorithmP2PCollector,2,5000,5,50,1,nearest,1,4,1,BASELINE,Custom Time [micros],5,0.0,0.0,0.0,0.0,0.0,0.0,0.0
TaxiAlgorithmP2PCollector,2,5000,10,50,1,nearest,1,4,1,BASELINE,Taxi Travel Distance [km],5,49.594,4.668852535687971,43.04,57.26,101.50999999999999,68.84,135.61
TaxiAlgorithmP2PCollector,2,5000,10,50,1,nearest,1,4,1,BASELINE,Client Waiting Time [min],5,64.416,14.139652895315358,50.2,89.75,365.12,307.99,484.29
TaxiAlgorithmP2PCollector,2,5000,10,50,1,nearest,1,4,1,BASELINE,Client Travel Time [min],5,6160.892,1152.3850450678367,4522.84,7732.46,24674.2,19011.0,29135.0
TaxiAlgorithmP2PCollector,2,5000,10,50,1,nearest,1,4,1,BASELINE,Calculation Time [millis],5,0.09,0.0,0.09,0.09,53.0,49.0,57.0
TaxiAlgorithmP2PCollector,2,5000,10,50,1,nearest,1,4,1,BASELINE,Custom Time [micros],5,0.0,0.0,0.0,0.0,0.0,0.0,0.0
TaxiAlgorithmP2PCollector,2,5000,10,100,1,nearest,1,4,1,BASELINE,Taxi Travel Distance [km],5,83.288,7.317478800789247,74.38,95.04,131.548,78.07,169.18
TaxiAlgorithmP2PCollector,2,5000,10,100,1,nearest,1,4,1,BASELINE,Client Waiting Time [min],5,74.35,20.80046441789221,39.8,102.71,396.918,295.78,486.95
TaxiAlgorithmP2PCollector,2,5000,10,100,1,nearest,1,4,1,BASELINE,Client Travel Time [min],5,7412.5340000000015,1091.6897111285791,5789.75,8737.6,30263.2,28241.0,33832.0
TaxiAlgorithmP2PCollector,2,5000,10,100,1,nearest,1,4,1,BASELINE,Calculation Time [millis],5,0.1,0.0,0.1,0.1,74.2,56.0,92.0
TaxiAlgorithmP2PCollector,2,5000,10,100,1,nearest,1,4,1,BASELINE,Custom Time [micros],5,0.0,0.0,0.0,0.0,0.0,0.0,0.0
TaxiAlgorithmP2PCollector,2,5000,5,25,1,nearest,1,4,1,RUSH_HOUR,Taxi Travel Distance [km],5,32.501999999999995,15.1186009934782,12.01,52.2,64.63399999999999,28.11,138.76
TaxiAlgorithmP2PCollector,2,5000,5,25,1,nearest,1,4,1,RUSH_HOUR,Client Waiting Time [min],5,84.05000000000001,24.687825339628443,56.74,130.02,273.948,140.10999999999999,367.58
TaxiAlgorithmP2PCollector,2,5000,5,25,1,nearest,1,4,1,RUSH_HOUR,Client Travel Time [min],5,8667.967999999999,1359.5152511156323,6292.44,9995.2,31454.4,26464.0,37256.0
TaxiAlgorithmP2PCollector,2,5000,5,25,1,nearest,1,4,1,RUSH_HOUR,Calculation Time [millis],5,0.03,0.0,0.03,0.03,20.4,0.0,46.0
TaxiAlgorithmP2PCollector,2,5000,5,25,1,nearest,1,4,1,RUSH_HOUR,Custom Time [micros],5,0.0,0.0,0.0,0.0,0.0,0.0,0.0
TaxiAlgorithmP2PCollector,2,5000,5,50,1,nearest,1,4,1,RUSH_HOUR,Taxi Travel Distance [km],5,59.09400000000001,14.806013102790368,34.19,79.87,108.128,53.83,143.59
TaxiAlgorithmP2PCollector,2,5000,5,50,1,nearest,1,4,1,RUSH_HOUR,Client Waiting Time [min],5,128.252,20.515207432536478,92.45,153.52,410.658,345.43,463.63
TaxiAlgorithmP2PCollector,2,5000,5,50,1,nearest,1,4,1,RUSH_HOUR,Client Travel Time [min],5,9930.704,618.9183889851714,9199.4,10692.74,29923.6,25585.0,33562.0
TaxiAlgorithmP2PCollector,2,5000,5,50,1,nearest,1,4,1,RUSH_HOUR,Calculation Time [millis],5,0.03,0.0,0.03,0.03,29.4,0.0,50.0
TaxiAlgorithmP2PCollector,2,5000,5,50,1,nearest,1,4,1,RUSH_HOUR,Custom Time [micros],5,0.0,0.0,0.0,0.0,0.0,0.0,0.0
TaxiAlgorithmP2PCollector,2,5000,10,50,1,nearest,1,4,1,RUSH_HOUR,Taxi Travel Distance [km],5,44.315999999999995,8.675327313709841,28.64,52.81,99.38799999999999,51.25,128.34
TaxiAlgorithmP2PCollector,2,5000,10,50,1,nearest,1,4,1,RUSH_HOUR,Client Waiting Time [min],5,74.194,21.9641039880984,45.63,96.37,368.40599999999995,263.15,431.82
TaxiAlgorithmP2PCollector,2,5000,10,50,1,nearest,1,4,1,RUSH_HOUR,Client Travel Time [min],5,7737.3,860.690071791234,6116.32,8429.96,29085.8,25973.0,32803.0
TaxiAlgorithmP2PCollector,2,5000,10,50,1,nearest,1,4,1,RUSH_HOUR,Calculation Time [millis],5,0.09,0.0,0.09,0.09,57.6,45.0,82.0
TaxiAlgorithmP2PCollector,2,5000,10,50,1,nearest,1,4,1,RUSH_HOUR,Custom Time [micros],5,0.0,0.0,0.0,0.0,0.0,0.0,0.0
TaxiAlgorithmP2PCollector,2,5000,10,100,1,nearest,1,4,1,RUSH_HOUR,Taxi Travel Distance [km],5,69.878,11.690114456240366,51.89,81.45,110.816,55.05,169.24
TaxiAlgorithmP2PCollector,2,5000,10,100,1,nearest,1,4,1,RUSH_HOUR,Client Waiting Time [min],5,90.22200000000001,16.804984260629343,64.45,116.13,428.258,379.32,522.0500000000001
TaxiAlgorithmP2PCollector,2,5000,10,100,1,nearest,1,4,1,RUSH_HOUR,Client Travel Time [min],5,9077.514,729.8463622598938,7856.47,9893.87,30233.0,27651.0,32687.0
TaxiAlgorithmP2PCollector,2,5000,10,100,1,nearest,1,4,1,RUSH_HOUR,Calculation Time [millis],5,0.1,0.0,0.1,0.1,72.2,56.0,89.0
TaxiAlgorithmP2PCollector,2,5000,10,100,1,nearest,1,4,1,RUSH_HOUR,Custom Time [micros],5,0.0,0.0,0.0,0.0,0.0,0.0,0.0
TaxiAlgorithmP2PCollector,2,5000,5,25,1,nearest,1,4,1,SPATIAL_IMBALANCE,Taxi Travel Distance [km],5,27.012,6.350128817591026,18.94,35.07,49.154,36.43,66.28999999999999
TaxiAlgorithmP2PCollector,2,5000,5,25,1,nearest,1,4,1,SPATIAL_IMBALANCE,Client Waiting Time [min],5,81.524,34.95823714090858,35.52,125.91,237.266,86.83,417.25
TaxiAlgorithmP2PCollector,2,5000,5,25,1,nearest,1,4,1,SPATIAL_IMBALANCE,Client Travel Time [min],5,7864.0160000000005,1895.2605458627586,4668.32,10484.2,27082.4,19019.0,33183.0
TaxiAlgorithmP2PCollector,2,5000,5,25,1,nearest,1,4,1,SPATIAL_IMBALANCE,Calculation Time [millis],5,0.03,0.0,0.03,0.03,20.8,0.0,44.0
TaxiAlgorithmP2PCollector,2,5000,5,25,1,nearest,1,4,1,SPATIAL_IMBALANCE,Custom Time [micros],5,0.0,0.0,0.0,0.0,0.0,0.0,0.0
TaxiAlgorithmP2PCollector,2,5000,5,50,1,nearest,1,4,1,SPATIAL_IMBALANCE,Taxi Travel Distance [km],5,47.34599999999999,3.803201809002513,40.52,51.32,79.03200000000001,11.969999999999999,122.17
TaxiAlgorithmP2PCollector,2,5000,5,50,1,nearest,1,4,1,SPATIAL_IMBALANCE,Client Waiting Time [min],5,86.1,21.807865553510734,52.51,112.02,321.946,233.81,452.04999999999995
TaxiAlgorithmP2PCollector,2,5000,5,50,1,nearest,1,4,1,SPATIAL_IMBALANCE,Client Travel Time [min],5,7979.1,907.030248227698,6505.76,9324.64,27043.6,19019.0,33183.0
TaxiAlgorithmP2PCollector,2,5000,5,50,1,nearest,1,4,1,SPATIAL_IMBALANCE,Calculation Time [millis],5,0.03,0.0,0.03,0.03,31.2,0.0,58.0
TaxiAlgorithmP2PCollector,2,5000,5,50,1,nearest,1,4,1,SPATIAL_IMBALANCE,Custom Time [micros],5,0.0,0.0,0.0,0.0,0.0,0.0,0.0
TaxiAlgorithmP2PCollector,2,5000,10,50,1,nearest,1,4,1,SPATIAL_IMBALANCE,Taxi Travel Distance [km],5,28.82,6.676091671030289,21.28,41.15,69.476,45.85,113.41
TaxiAlgorithmP2PCollector,2,5000,10,50,1,nearest,1,4,1,SPATIAL_IMBALANCE,Client Waiting Time [min],5,74.31400000000001,20.524160007172036,55.95,114.14,323.706,212.70000000000002,483.97
TaxiAlgorithmP2PCollector,2,5000,10,50,1,nearest,1,4,1,SPATIAL_IMBALANCE,Client Travel Time [min],5,6392.024,1293.009557483625,4878.56,8700.02,23573.8,16484.0,29118.0
TaxiAlgorithmP2PCollector,2,5000,10,50,1,nearest,1,4,1,SPATIAL_IMBALANCE,Calculation Time [millis],5,0.092,0.0040000000000000036,0.09,0.1,66.2,29.0,93.0
TaxiAlgorithmP2PCollector,2,5000,10,50,1,nearest,1,4,1,SPATIAL_IMBALANCE,Custom Time [micros],5,0.0,0.0,0.0,0.0,0.0,0.0,0.0
TaxiAlgorithmP2PCollector,2,5000,10,100,1,nearest,1,4,1,SPATIAL_IMBALANCE,Taxi Travel Distance [km],5,54.85799999999999,9.554876032686138,43.53,71.56,107.71199999999999,59.03,148.35
TaxiAlgorithmP2PCollector,2,5000,10,100,1,nearest,1,4,1,SPATIAL_IMBALANCE,Client Waiting Time [min],5,91.826,21.095950891107037,67.39,128.89,414.15600000000006,270.06,521.07
TaxiAlgorithmP2PCollector,2,5000,10,100,1,nearest,1,4,1,SPATIAL_IMBALANCE,Client Travel Time [min],5,7264.524,840.3108094413641,6323.49,8666.61,28848.8,25039.0,31534.0
TaxiAlgorithmP2PCollector,2,5000,10,100,1,nearest,1,4,1,SPATIAL_IMBALANCE,Calculation Time [millis],5,0.1,0.0,0.1,0.1,62.8,46.0,78.0
TaxiAlgorithmP2PCollector,2,5000,10,100,1,nearest,1,4,1,SPATIAL_IMBALANCE,Custom Time [micros],5,0.0,0.0,0.0,0.0,0.0,0.0,0.0
TaxiAlgorithmP2PCollector,2,5000,5,25,1,nearest,1,4,1,SPATIAL_ISLANDS,Taxi Travel Distance [km],5,29.103999999999996,7.6084521421902895,15.58,36.8,54.238,24.459999999999997,84.96
TaxiAlgorithmP2PCollector,2,5000,5,25,1,nearest,1,4,1,SPATIAL_ISLANDS,Client Waiting Time [min],5,118.982,56.11888359545297,33.82,181.37,319.88199999999995,129.75,483.65000000000003
TaxiAlgorithmP2PCollector,2,5000,5,25,1,nearest,1,4,1,SPATIAL_ISLANDS,Client Travel Time [min],5,9097.456,2169.5333388874205,6670.64,12147.16,28417.0,20094.0,34752.0
TaxiAlgorithmP2PCollector,2,5000,5,25,1,nearest,1,4,1,SPATIAL_ISLANDS,Calculation Time [millis],5,0.03,0.0,0.03,0.03,27.2,0.0,53.0
TaxiAlgorithmP2PCollector,2,5000,5,25,1,nearest,1,4,1,SPATIAL_ISLANDS,Custom Time [micros],5,0.0,0.0,0.0,0.0,0.0,0.0,0.0
TaxiAlgorithmP2PCollector,2,5000,5,50,1,nearest,1,4,1,SPATIAL_ISLANDS,Taxi Travel Distance [km],5,45.727999999999994,11.860130522047385,34.82,68.5,76.24199999999999,37.03,132.64
TaxiAlgorithmP2PCollector,2,5000,5,50,1,nearest,1,4,1,SPATIAL_ISLANDS,Client Waiting Time [min],5,123.36800000000001,38.89223233500489,88.01,192.78,352.24399999999997,277.92,473.07
TaxiAlgorithmP2PCollector,2,5000,5,50,1,nearest,1,4,1,SPATIAL_ISLANDS,Client Travel Time [min],5,9699.484,2240.614045743711,7015.54,13135.26,30047.6,22647.0,34752.0
TaxiAlgorithmP2PCollector,2,5000,5,50,1,nearest,1,4,1,SPATIAL_ISLANDS,Calculation Time [millis],5,0.03,0.0,0.03,0.03,30.8,0.0,52.0
TaxiAlgorithmP2PCollector,2,5000,5,50,1,nearest,1,4,1,SPATIAL_ISLANDS,Custom Time [micros],5,0.0,0.0,0.0,0.0,0.0,0.0,0.0
TaxiAlgorithmP2PCollector,2,5000,10,50,1,nearest,1,4,1,SPATIAL_ISLANDS,Taxi Travel Distance [km],5,38.946000000000005,4.63458563412092,29.99,42.42,82.47,60.55,97.4
TaxiAlgorithmP2PCollector,2,5000,10,50,1,nearest,1,4,1,SPATIAL_ISLANDS,Client Waiting Time [min],5,93.824,17.203282942508388,67.73,119.65,340.834,270.04999999999995,447.12
TaxiAlgorithmP2PCollector,2,5000,10,50,1,nearest,1,4,1,SPATIAL_ISLANDS,Client Travel Time [min],5,7834.1,1282.275968424894,6559.36,9905.48,27163.2,22534.0,34540.0
TaxiAlgorithmP2PCollector,2,5000,10,50,1,nearest,1,4,1,SPATIAL_ISLANDS,Calculation Time [millis],5,0.094,0.004898979485566361,0.09,0.1,67.4,57.0,90.0
TaxiAlgorithmP2PCollector,2,5000,10,50,1,nearest,1,4,1,SPATIAL_ISLANDS,Custom Time [micros],5,0.0,0.0,0.0,0.0,0.0,0.0,0.0
TaxiAlgorithmP2PCollector,2,5000,10,100,1,nearest,1,4,1,SPATIAL_ISLANDS,Taxi Travel Distance [km],5,52.81,5.357435953886898,46.51,60.53,89.286,71.54,105.22
TaxiAlgorithmP2PCollector,2,5000,10,100,1,nearest,1,4,1,SPATIAL_ISLANDS,Client Waiting Time [min],5,111.56800000000001,23.420494785550538,74.34,143.66,397.254,325.13,459.2
TaxiAlgorithmP2PCollector,2,5000,10,100,1,nearest,1,4,1,SPATIAL_ISLANDS,Client Travel Time [min],5,8982.8,1198.615819668671,7642.86,11212.33,28509.6,25425.0,34540.0
TaxiAlgorithmP2PCollector,2,5000,10,100,1,nearest,1,4,1,SPATIAL_ISLANDS,Calculation Time [millis],5,0.1,0.0,0.1,0.1,69.2,59.0,81.0
TaxiAlgorithmP2PCollector,2,5000,10,100,1,nearest,1,4,1,SPATIAL_ISLANDS,Custom Time [micros],5,0.0,0.0,0.0,0.0,0.0,0.0,0.0
TaxiAlgorithmP2PCollector,2,5000,5,25,1,greedy,1,4,1,BASELINE,Taxi Travel Distance [km],5,29.564,8.290670901682203,17.87,42.56,54.294000000000004,44.42,62.059999999999995
TaxiAlgorithmP2PCollector,2,5000,5,25,1,greedy,1,4,1,BASELINE,Client Waiting Time [min],5,70.342,37.32803632660041,29.59,140.07,282.41600000000005,124.57000000000001,593.9300000000001
TaxiAlgorithmP2PCollector,2,5000,5,25,1,greedy,1,4,1,BASELINE,Client Travel Time [min],5,8431.439999999999,1871.6946831361142,5539.48,10871.88,29865.2,24491.0,35800.0
TaxiAlgorithmP2PCollector,2,5000,5,25,1,greedy,1,4,1,BASELINE,Calculation Time [millis],5,0.03,0.0,0.03,0.03,21.4,0.0,52.0
TaxiAlgorithmP2PCollector,2,5000,5,25,1,greedy,1,4,1,BASELINE,Custom Time [micros],5,0.0,0.0,0.0,0.0,0.0,0.0,0.0
TaxiAlgorithmP2PCollector,2,5000,5,50,1,greedy,1,4,1,BASELINE,Taxi Travel Distance [km],5,63.926,6.455591684733476,53.35,73.14,116.50399999999999,51.330000000000005,143.47
TaxiAlgorithmP2PCollector,2,5000,5,50,1,greedy,1,4,1,BASELINE,Client Waiting Time [min],5,80.794,16.88527595273468,58.83,108.68,380.27599999999995,270.58000000000004,484.29
TaxiAlgorithmP2PCollector,2,5000,5,50,1,greedy,1,4,1,BASELINE,Client Travel Time [min],5,8082.692000000001,589.659903822534,7296.14,8904.94,28170.8,24491.0,31622.0
TaxiAlgorithmP2PCollector,2,5000,5,50,1,greedy,1,4,1,BASELINE,Calculation Time [millis],5,0.03,0.0,0.03,0.03,20.6,0.0,43.0
TaxiAlgorithmP2PCollector,2,5000,5,50,1,greedy,1,4,1,BASELINE,Custom Time [micros],5,0.0,0.0,0.0,0.0,0.0,0.0,0.0
TaxiAlgorithmP2PCollector,2,5000,10,50,1,greedy,1,4,1,BASELINE,Taxi Travel Distance [km],5,49.594,4.668852535687971,43.04,57.26,101.50999999999999,68.84,135.61
TaxiAlgorithmP2PCollector,2,5000,10,50,1,greedy,1,4,1,BASELINE,Client Waiting Time [min],5,64.416,14.139652895315358,50.2,89.75,365.12,307.99,484.29
TaxiAlgorithmP2PCollector,2,5000,10,50,1,greedy,1,4,1,BASELINE,Client Travel Time [min],5,6160.892,1152.3850450678367,4522.84,7732.46,24674.2,19011.0,29135.0
TaxiAlgorithmP2PCollector,2,5000,10,50,1,greedy,1,4,1,BASELINE,Calculation Time [millis],5,0.09,0.0,0.09,0.09,69.6,64.0,73.0
TaxiAlgorithmP2PCollector,2,5000,10,50,1,greedy,1,4,1,BASELINE,Custom Time [micros],5,0.0,0.0,0.0,0.0,0.0,0.0,0.0
TaxiAlgorithmP2PCollector,2,5000,10,100,1,greedy,1,4,1,BASELINE,Taxi Travel Distance [km],5,83.288,7.317478800789247,74.38,95.04,131.548,78.07,169.18
TaxiAlgorithmP2PCollector,2,5000,10,100,1,greedy,1,4,1,BASELINE,Client Waiting Time [min],5,74.35,20.80046441789221,39.8,102.71,396.918,295.78,486.95
TaxiAlgorithmP2PCollector,2,5000,10,100,1,greedy,1,4,1,BASELINE,Client Travel Time [min],5,7412.5340000000015,1091.6897111285791,5789.75,8737.6,30263.2,28241.0,33832.0
TaxiAlgorithmP2PCollector,2,5000,10,100,1,greedy,1,4,1,BASELINE,Calculation Time [millis],5,0.1,0.0,0.1,0.1,73.6,61.0,85.0
TaxiAlgorithmP2PCollector,2,5000,10,100,1,greedy,1,4,1,BASELINE,Custom Time [micros],5,0.0,0.0,0.0,0.0,0.0,0.0,0.0
TaxiAlgorithmP2PCollector,2,5000,5,25,1,greedy,1,4,1,RUSH_HOUR,Taxi Travel Distance [km],5,32.501999999999995,15.1186009934782,12.01,52.2,64.63399999999999,28.11,138.76
TaxiAlgorithmP2PCollector,2,5000,5,25,1,greedy,1,4,1,RUSH_HOUR,Client Waiting Time [min],5,84.05000000000001,24.687825339628443,56.74,130.02,273.948,140.10999999999999,367.58
TaxiAlgorithmP2PCollector,2,5000,5,25,1,greedy,1,4,1,RUSH_HOUR,Client Travel Time [min],5,8667.967999999999,1359.5152511156323,6292.44,9995.2,31454.4,26464.0,37256.0
TaxiAlgorithmP2PCollector,2,5000,5,25,1,greedy,1,4,1,RUSH_HOUR,Calculation Time [millis],5,0.03,0.0,0.03,0.03,28.6,0.0,59.0
TaxiAlgorithmP2PCollector,2,5000,5,25,1,greedy,1,4,1,RUSH_HOUR,Custom Time [micros],5,0.0,0.0,0.0,0.0,0.0,0.0,0.0
TaxiAlgorithmP2PCollector,2,5000,5,50,1,greedy,1,4,1,RUSH_HOUR,Taxi Travel Distance [km],5,59.09400000000001,14.806013102790368,34.19,79.87,108.128,53.83,143.59
TaxiAlgorithmP2PCollector,2,5000,5,50,1,greedy,1,4,1,RUSH_HOUR,Client Waiting Time [min],5,128.252,20.515207432536478,92.45,153.52,410.658,345.43,463.63
TaxiAlgorithmP2PCollector,2,5000,5,50,1,greedy,1,4,1,RUSH_HOUR,Client Travel Time [min],5,9930.704,618.9183889851714,9199.4,10692.74,29923.6,25585.0,33562.0
TaxiAlgorithmP2PCollector,2,5000,5,50,1,greedy,1,4,1,RUSH_HOUR,Calculation Time [millis],5,0.03,0.0,0.03,0.03,24.0,0.0,53.0
TaxiAlgorithmP2PCollector,2,5000,5,50,1,greedy,1,4,1,RUSH_HOUR,Custom Time [micros],5,0.0,0.0,0.0,0.0,0.0,0.0,0.0
TaxiAlgorithmP2PCollector,2,5000,10,50,1,greedy,1,4,1,RUSH_HOUR,Taxi Travel Distance [km],5,44.315999999999995,8.675327313709841,28.64,52.81,99.38799999999999,51.25,128.34
TaxiAlgorithmP2PCollector,2,5000,10,50,1,greedy,1,4,1,RUSH_HOUR,Client Waiting Time [min],5,74.194,21.9641039880984,45.63,96.37,368.40599999999995,263.15,431.82
TaxiAlgorithmP2PCollector,2,5000,10,50,1,greedy,1,4,1,RUSH_HOUR,Client Travel Time [min],5,7737.3,860.690071791234,6116.32,8429.96,29085.8,25973.0,32803.0
TaxiAlgorithmP2PCollector,2,5000,10,50,1,greedy,1,4,1,RUSH_HOUR,Calculation Time [millis],5,0.09,0.0,0.09,0.09,68.4,57.0,94.0
TaxiAlgorithmP2PCollector,2,5000,10,50,1,greedy,1,4,1,RUSH_HOUR,Custom Time [micros],5,0.0,0.0,0.0,0.0,0.0,0.0,0.0
TaxiAlgorithmP2PCollector,2,5000,10,100,1,greedy,1,4,1,RUSH_HOUR,Taxi Travel Distance [km],5,69.878,11.690114456240366,51.89,81.45,110.816,55.05,169.24
TaxiAlgorithmP2PCollector,2,5000,10,100,1,greedy,1,4,1,RUSH_HOUR,Client Waiting Time [min],5,90.22200000000001,16.804984260629343,64.45,116.13,428.258,379.32,522.0500000000001
TaxiAlgorithmP2PCollector,2,5000,10,100,1,greedy,1,4,1,RUSH_HOUR,Client Travel Time [min],5,9077.514,729.8463622598938,7856.47,9893.87,30233.0,27651.0,32687.0
TaxiAlgorithmP2PCollector,2,5000,10,100,1,greedy,1,4,1,RUSH_HOUR,Calculation Time [millis],5,0.1,0.0,0.1,0.1,80.8,62.0,96.0
TaxiAlgorithmP2PCollector,2,5000,10,100,1,greedy,1,4,1,RUSH_HOUR,Custom Time [micros],5,0.0,0.0,0.0,0.0,0.0,0.0,0.0
TaxiAlgorithmP2PCollector,2,5000,5,25,1,greedy,1,4,1,SPATIAL_IMBALANCE,Taxi Travel Distance [km],5,27.012,6.350128817591026,18.94,35.07,49.154,36.43,66.28999999999999
TaxiAlgorithmP2PCollector,2,5000,5,25,1,greedy,1,4,1,SPATIAL_IMBALANCE,Client Waiting Time [min],5,81.524,34.95823714090858,35.52,125.91,237.266,86.83,417.25
TaxiAlgorithmP2PCollector,2,5000,5,25,1,greedy,1,4,1,SPATIAL_IMBALANCE,Client Travel Time [min],5,7864.0160000000005,1895.2605458627586,4668.32,10484.2,27082.4,19019.0,33183.0
TaxiAlgorithmP2PCollector,2,5000,5,25,1,greedy,1,4,1,SPATIAL_IMBALANCE,Calculation Time [millis],5,0.03,0.0,0.03,0.03,30.0,0.0,57.0
TaxiAlgorithmP2PCollector,2,5000,5,25,1,greedy,1,4,1,SPATIAL_IMBALANCE,Custom Time [micros],5,0.0,0.0,0.0,0.0,0.0,0.0,0.0
TaxiAlgorithmP2PCollector,2,5000,5,50,1,greedy,1,4,1,SPATIAL_IMBALANCE,Taxi Travel Distance [km],5,47.34599999999999,3.803201809002513,40.52,51.32,79.03200000000001,11.969999999999999,122.17
TaxiAlgorithmP2PCollector,2,5000,5,50,1,greedy,1,4,1,SPATIAL_IMBALANCE,Client Waiting Time [min],5,86.1,21.807865553510734,52.51,112.02,321.946,233.81,452.04999999999995
TaxiAlgorithmP2PCollector,2,5000,5,50,1,greedy,1,4,1,SPATIAL_IMBALANCE,Client Travel Time [min],5,7979.1,907.030248227698,6505.76,9324.64,27043.6,19019.0,33183.0
TaxiAlgorithmP2PCollector,2,5000,5,50,1,greedy,1,4,1,SPATIAL_IMBALANCE,Calculation Time [millis],5,0.03,0.0,0.03,0.03,27.4,0.0,59.0
TaxiAlgorithmP2PCollector,2,5000,5,50,1,greedy,1,4,1,SPATIAL_IMBALANCE,Custom Time [micros],5,0.0,0.0,0.0,0.0,0.0,0.0,0.0
TaxiAlgorithmP2PCollector,2,5000,10,50,1,greedy,1,4,1,SPATIAL_IMBALANCE,Taxi Travel Distance [km],5,28.82,6.676091671030289,21.28,41.15,69.476,45.85,113.41
TaxiAlgorithmP2PCollector,2,5000,10,50,1,greedy,1,4,1,SPATIAL_IMBALANCE,Client Waiting Time [min],5,74.31400000000001,20.524160007172036,55.95,114.14,323.706,212.70000000000002,483.97
TaxiAlgorithmP2PCollector,2,5000,10,50,1,greedy,1,4,1,SPATIAL_IMBALANCE,Client Travel Time [min],5,6392.024,1293.009557483625,4878.56,8700.02,23573.8,16484.0,29118.0
TaxiAlgorithmP2PCollector,2,5000,10,50,1,greedy,1,4,1,SPATIAL_IMBALANCE,Calculation Time [millis],5,0.09,0.0,0.09,0.09,65.6,37.0,83.0
TaxiAlgorithmP2PCollector,2,5000,10,50,1,greedy,1,4,1,SPATIAL_IMBALANCE,Custom Time [micros],5,0.0,0.0,0.0,0.0,0.0,0.0,0.0
TaxiAlgorithmP2PCollector,2,5000,10,100,1,greedy,1,4,1,SPATIAL_IMBALANCE,Taxi Travel Distance [km],5,54.85799999999999,9.554876032686138,43.53,71.56,107.71199999999999,59.03,148.35
TaxiAlgorithmP2PCollector,2,5000,10,100,1,greedy,1,4,1,SPATIAL_IMBALANCE,Client Waiting Time [min],5,91.826,21.095950891107037,67.39,128.89,414.15600000000006,270.06,521.07
TaxiAlgorithmP2PCollector,2,5000,10,100,1,greedy,1,4,1,SPATIAL_IMBALANCE,Client Travel Time [min],5,7264.524,840.3108094413641,6323.49,8666.61,28848.8,25039.0,31534.0
TaxiAlgorithmP2PCollector,2,5000,10,100,1,greedy,1,4,1,SPATIAL_IMBALANCE,Calculation Time [millis],5,0.1,0.0,0.1,0.1,61.4,46.0,78.0
TaxiAlgorithmP2PCollector,2,5000,10,100,1,greedy,1,4,1,SPATIAL_IMBALANCE,Custom Time [micros],5,0.0,0.0,0.0,0.0,0.0,0.0,0.0
TaxiAlgorithmP2PCollector,2,5000,5,25,1,greedy,1,4,1,SPATIAL_ISLANDS,Taxi Travel Distance [km],5,29.103999999999996,7.6084521421902895,15.58,36.8,54.238,24.459999999999997,84.96
TaxiAlgorithmP2PCollector,2,5000,5,25,1,greedy,1,4,1,SPATIAL_ISLANDS,Client Waiting Time [min],5,118.982,56.11888359545297,33.82,181.37,319.88199999999995,129.75,483.65000000000003
TaxiAlgorithmP2PCollector,2,5000,5,25,1,greedy,1,4,1,SPATIAL_ISLANDS,Client Travel Time [min],5,9097.456,2169.5333388874205,6670.64,12147.16,28417.0,20094.0,34752.0
TaxiAlgorithmP2PCollector,2,5000,5,25,1,greedy,1,4,1,SPATIAL_ISLANDS,Calculation Time [millis],5,0.03,0.0,0.03,0.03,26.6,0.0,61.0
TaxiAlgorithmP2PCollector,2,5000,5,25,1,greedy,1,4,1,SPATIAL_ISLANDS,Custom Time [micros],5,0.0,0.0,0.0,0.0,0.0,0.0,0.0
TaxiAlgorithmP2PCollector,2,5000,5,50,1,greedy,1,4,1,SPATIAL_ISLANDS,Taxi Travel Distance [km],5,45.727999999999994,11.860130522047385,34.82,68.5,76.24199999999999,37.03,132.64
TaxiAlgorithmP2PCollector,2,5000,5,50,1,greedy,1,4,1,SPATIAL_ISLANDS,Client Waiting Time [min],5,123.36800000000001,38.89223233500489,88.01,192.78,352.24399999999997,277.92,473.07
TaxiAlgorithmP2PCollector,2,5000,5,50,1,greedy,1,4,1,SPATIAL_ISLANDS,Client Travel Time [min],5,9699.484,2240.614045743711,7015.54,13135.26,30047.6,22647.0,34752.0
TaxiAlgorithmP2PCollector,2,5000,5,50,1,greedy,1,4,1,SPATIAL_ISLANDS,Calculation Time [millis],5,0.03,0.0,0.03,0.03,8.0,0.0,28.0
TaxiAlgorithmP2PCollector,2,5000,5,50,1,greedy,1,4,1,SPATIAL_ISLANDS,Custom Time [micros],5,0.0,0.0,0.0,0.0,0.0,0.0,0.0
TaxiAlgorithmP2PCollector,2,5000,10,50,1,greedy,1,4,1,SPATIAL_ISLANDS,Taxi Travel Distance [km],5,38.946000000000005,4.63458563412092,29.99,42.42,82.47,60.55,97.4
TaxiAlgorithmP2PCollector,2,5000,10,50,1,greedy,1,4,1,SPATIAL_ISLANDS,Client Waiting Time [min],5,93.824,17.203282942508388,67.73,119.65,340.834,270.04999999999995,447.12
TaxiAlgorithmP2PCollector,2,5000,10,50,1,greedy,1,4,1,SPATIAL_ISLANDS,Client Travel Time [min],5,7834.1,1282.275968424894,6559.36,9905.48,27163.2,22534.0,34540.0
TaxiAlgorithmP2PCollector,2,5000,10,50,1,greedy,1,4,1,SPATIAL_ISLANDS,Calculation Time [millis],5,0.096,0.00489897948556636,0.09,0.1,75.4,66.0,99.0
TaxiAlgorithmP2PCollector,2,5000,10,50,1,greedy,1,4,1,SPATIAL_ISLANDS,Custom Time [micros],5,0.0,0.0,0.0,0.0,0.0,0.0,0.0
TaxiAlgorithmP2PCollector,2,5000,10,100,1,greedy,1,4,1,SPATIAL_ISLANDS,Taxi Travel Distance [km],5,52.81,5.357435953886898,46.51,60.53,89.286,71.54,105.22
TaxiAlgorithmP2PCollector,2,5000,10,100,1,greedy,1,4,1,SPATIAL_ISLANDS,Client Waiting Time [min],5,111.56800000000001,23.420494785550538,74.34,143.66,397.254,325.13,459.2
TaxiAlgorithmP2PCollector,2,5000,10,100,1,greedy,1,4,1,SPATIAL_ISLANDS,Client Travel Time [min],5,8982.8,1198.615819668671,7642.86,11212.33,28509.6,25425.0,34540.0
TaxiAlgorithmP2PCollector,2,5000,10,100,1,greedy,1,4,1,SPATIAL_ISLANDS,Calculation Time [millis],5,0.1,0.0,0.1,0.1,68.4,52.0,83.0
TaxiAlgorithmP2PCollector,2,5000,10,100,1,greedy,1,4,1,SPATIAL_ISLANDS,Custom Time [micros],5,0.0,0.0,0.0,0.0,0.0,0.0,0.0
TaxiAlgorithmP2PCollector,3,500,5,25,1,nearest,1,4,1,BASELINE,Taxi Travel Distance [km],5,1.564,1.583977272564225,0.0,4.2,6.795999999999999,0.0,20.98
TaxiAlgorithmP2PCollector,3,500,5,25,1,nearest,1,4,1,BASELINE,Client Waiting Time [min],5,24.05,29.558453274824785,0.0,66.97,16.606,0.0,83.03
TaxiAlgorithmP2PCollector,3,500,5,25,1,nearest,1,4,1,BASELINE,Client Travel Time [min],5,11947.032000000001,1085.9074475184339,10506.24,13291.4,31257.2,27742.0,35845.0
TaxiAlgorithmP2PCollector,3,500,5,25,1,nearest,1,4,1,BASELINE,Calculation Time [millis],5,0.03,0.0,0.03,0.03,20.0,0.0,48.0
TaxiAlgorithmP2PCollector,3,500,5,25,1,nearest,1,4,1,BASELINE,Custom Time [micros],5,0.0,0.0,0.0,0.0,0.0,0.0,0.0
TaxiAlgorithmP2PCollector,3,500,5,50,1,nearest,1,4,1,BASELINE,Taxi Travel Distance [km],5,4.856,2.321306528660099,2.35,7.95,14.85,6.64,20.98
TaxiAlgorithmP2PCollector,3,500,5,50,1,nearest,1,4,1,BASELINE,Client Waiting Time [min],5,121.402,66.59537143075335,27.21,210.0,142.972,0.0,339.88
TaxiAlgorithmP2PCollector,3,500,5,50,1,nearest,1,4,1,BASELINE,Client Travel Time [min],5,11743.939999999999,728.069188250677,10684.94,12737.18,32642.2,29599.0,35845.0
TaxiAlgorithmP2PCollector,3,500,5,50,1,nearest,1,4,1,BASELINE,Calculation Time [millis],5,0.03,0.0,0.03,0.03,39.6,31.0,52.0
TaxiAlgorithmP2PCollector,3,500,5,50,1,nearest,1,4,1,BASELINE,Custom Time [micros],5,0.0,0.0,0.0,0.0,0.0,0.0,0.0
TaxiAlgorithmP2PCollector,3,500,10,50,1,nearest,1,4,1,BASELINE,Taxi Travel Distance [km],5,4.6160000000000005,1.8297825007360846,2.94,8.09,16.926,8.35,26.16
TaxiAlgorithmP2PCollector,3,500,10,50,1,nearest,1,4,1,BASELINE,Client Waiting Time [min],5,145.486,48.06087831074251,91.27,235.78,296.646,241.00000000000003,339.88
TaxiAlgorithmP2PCollector,3,500,10,50,1,nearest,1,4,1,BASELINE,Client Travel Time [min],5,11618.228,842.7012977419694,10167.44,12698.24,32642.2,29599.0,35845.0
TaxiAlgorithmP2PCollector,3,500,10,50,1,nearest,1,4,1,BASELINE,Calculation Time [millis],5,0.098,0.0040000000000000036,0.09,0.1,73.6,63.0,91.0
TaxiAlgorithmP2PCollector,3,500,10,50,1,nearest,1,4,1,BASELINE,Custom Time [micros],5,0.0,0.0,0.0,0.0,0.0,0.0,0.0
TaxiAlgorithmP2PCollector,3,500,10,100,1,nearest,1,4,1,BASELINE,Taxi Travel Distance [km],5,7.525999999999999,2.237459273372367,3.55,9.76,23.5,8.35,31.41
TaxiAlgorithmP2PCollector,3,500,10,100,1,nearest,1,4,1,BASELINE,Client Waiting Time [min],5,131.264,40.57792730044254,70.34,176.42,265.414,155.44,347.57
TaxiAlgorithmP2PCollector,3,500,10,100,1,nearest,1,4,1,BASELINE,Client Travel Time [min],5,12132.253999999999,832.5493683043666,11207.81,13315.57,33502.8,30779.0,36090.0
TaxiAlgorithmP2PCollector,3,500,10,100,1,nearest,1,4,1,BASELINE,Calculation Time [millis],5,0.10200000000000001,0.0039999999999999975,0.1,0.11,82.4,76.0,89.0
TaxiAlgorithmP2PCollector,3,500,10,100,1,nearest,1,4,1,BASELINE,Custom Time [micros],5,0.0,0.0,0.0,0.0,0.0,0.0,0.0
TaxiAlgorithmP2PCollector,3,500,5,25,1,nearest,1,4,1,RUSH_HOUR,Taxi Travel Distance [km],5,4.505999999999999,2.7797597018447475,0.0,8.11,14.972,0.0,21.09
TaxiAlgorithmP2PCollector,3,500,5,25,1,nearest,1,4,1,RUSH_HOUR,Client Waiting Time [min],5,89.594,76.56283004173761,0.0,226.26,126.11000000000001,0.0,256.15000000000003
TaxiAlgorithmP2PCollector,3,500,5,25,1,nearest,1,4,1,RUSH_HOUR,Client Travel Time [min],5,12073.168000000001,2864.1043878629844,8097.36,15914.44,33342.6,26626.0,37256.0
TaxiAlgorithmP2PCollector,3,500,5,25,1,nearest,1,4,1,RUSH_HOUR,Calculation Time [millis],5,0.03,0.0,0.03,0.03,15.4,0.0,32.0
TaxiAlgorithmP2PCollector,3,500,5,25,1,nearest,1,4,1,RUSH_HOUR,Custom Time [micros],5,0.0,0.0,0.0,0.0,0.0,0.0,0.0
TaxiAlgorithmP2PCollector,3,500,5,50,1,nearest,1,4,1,RUSH_HOUR,Taxi Travel Distance [km],5,6.6,2.2195675254427383,3.31,9.03,19.066,16.55,24.06
TaxiAlgorithmP2PCollector,3,500,5,50,1,nearest,1,4,1,RUSH_HOUR,Client Waiting Time [min],5,130.228,64.26599704353774,61.44,226.26,198.584,88.25,310.38
TaxiAlgorithmP2PCollector,3,500,5,50,1,nearest,1,4,1,RUSH_HOUR,Client Travel Time [min],5,13152.24,1616.9620074695636,10998.36,15391.84,34729.8,31727.0,37256.0
TaxiAlgorithmP2PCollector,3,500,5,50,1,nearest,1,4,1,RUSH_HOUR,Calculation Time [millis],5,0.03,0.0,0.03,0.03,44.6,43.0,46.0
TaxiAlgorithmP2PCollector,3,500,5,50,1,nearest,1,4,1,RUSH_HOUR,Custom Time [micros],5,0.0,0.0,0.0,0.0,0.0,0.0,0.0
TaxiAlgorithmP2PCollector,3,500,10,50,1,nearest,1,4,1,RUSH_HOUR,Taxi Travel Distance [km],5,4.716,2.68459754898197,1.48,9.46,24.266,12.9,32.16
TaxiAlgorithmP2PCollector,3,500,10,50,1,nearest,1,4,1,RUSH_HOUR,Client Waiting Time [min],5,151.76,65.76679770218404,88.59,275.5,216.246,115.8,312.58
TaxiAlgorithmP2PCollector,3,500,10,50,1,nearest,1,4,1,RUSH_HOUR,Client Travel Time [min],5,12433.651999999998,811.2843851178202,11185.54,13348.1,32409.2,27651.0,35619.0
TaxiAlgorithmP2PCollector,3,500,10,50,1,nearest,1,4,1,RUSH_HOUR,Calculation Time [millis],5,0.096,0.00489897948556636,0.09,0.1,75.0,64.0,91.0
TaxiAlgorithmP2PCollector,3,500,10,50,1,nearest,1,4,1,RUSH_HOUR,Custom Time [micros],5,0.0,0.0,0.0,0.0,0.0,0.0,0.0
TaxiAlgorithmP2PCollector,3,500,10,100,1,nearest,1,4,1,RUSH_HOUR,Taxi Travel Distance [km],5,9.017999999999999,3.4119929659950943,5.06,15.2,28.446000000000005,16.43,41.22
TaxiAlgorithmP2PCollector,3,500,10,100,1,nearest,1,4,1,RUSH_HOUR,Client Waiting Time [min],5,141.658,15.955647777511254,124.11,171.17,288.784,184.26999999999998,369.45
TaxiAlgorithmP2PCollector,3,500,10,100,1,nearest,1,4,1,RUSH_HOUR,Client Travel Time [min],5,12726.742000000002,511.7359149170594,12085.27,13411.86,34547.0,33562.0,35619.0
TaxiAlgorithmP2PCollector,3,500,10,100,1,nearest,1,4,1,RUSH_HOUR,Calculation Time [millis],5,0.10600000000000001,0.004898979485566353,0.1,0.11,84.8,78.0,93.0
TaxiAlgorithmP2PCollector,3,500,10,100,1,nearest,1,4,1,RUSH_HOUR,Custom Time [micros],5,0.0,0.0,0.0,0.0,0.0,0.0,0.0
TaxiAlgorithmP2PCollector,3,500,5,25,1,nearest,1,4,1,SPATIAL_IMBALANCE,Taxi Travel Distance [km],5,3.08,3.125936659626999,0.0,7.77,12.634,0.0,38.84
TaxiAlgorithmP2PCollector,3,500,5,25,1,nearest,1,4,1,SPATIAL_IMBALANCE,Client Waiting Time [min],5,59.331999999999994,67.48423857464793,0.0,149.53,26.5,0.0,74.31
TaxiAlgorithmP2PCollector,3,500,5,25,1,nearest,1,4,1,SPATIAL_IMBALANCE,Client Travel Time [min],5,10470.096,1566.7003598850674,8561.16,13292.64,29336.4,26608.0,33183.0
TaxiAlgorithmP2PCollector,3,500,5,25,1,nearest,1,4,1,SPATIAL_IMBALANCE,Calculation Time [millis],5,0.03,0.0,0.03,0.03,16.8,0.0,46.0
TaxiAlgorithmP2PCollector,3,500,5,25,1,nearest,1,4,1,SPATIAL_IMBALANCE,Custom Time [micros],5,0.0,0.0,0.0,0.0,0.0,0.0,0.0
TaxiAlgorithmP2PCollector,3,500,5,50,1,nearest,1,4,1,SPATIAL_IMBALANCE,Taxi Travel Distance [km],5,5.928,4.075980372867367,0.0,9.55,21.23,0.0,38.84
TaxiAlgorithmP2PCollector,3,500,5,50,1,nearest,1,4,1,SPATIAL_IMBALANCE,Client Waiting Time [min],5,64.548,43.12659012720575,0.0,118.45,70.356,0.0,179.9
TaxiAlgorithmP2PCollector,3,500,5,50,1,nearest,1,4,1,SPATIAL_IMBALANCE,Client Travel Time [min],5,10215.536,811.5892853309491,9234.56,11635.7,29968.8,26608.0,33183.0
TaxiAlgorithmP2PCollector,3,500,5,50,1,nearest,1,4,1,SPATIAL_IMBALANCE,Calculation Time [millis],5,0.03,0.0,0.03,0.03,18.4,2.0,35.0
TaxiAlgorithmP2PCollector,3,500,5,50,1,nearest,1,4,1,SPATIAL_IMBALANCE,Custom Time [micros],5,0.0,0.0,0.0,0.0,0.0,0.0,0.0
TaxiAlgorithmP2PCollector,3,500,10,50,1,nearest,1,4,1,SPATIAL_IMBALANCE,Taxi Travel Distance [km],5,4.14,1.8834117977755156,2.52,7.38,17.03,7.86,30.79
TaxiAlgorithmP2PCollector,3,500,10,50,1,nearest,1,4,1,SPATIAL_IMBALANCE,Client Waiting Time [min],5,129.222,34.41184528618016,89.9,190.73,277.63800000000003,81.68,381.34999999999997
TaxiAlgorithmP2PCollector,3,500,10,50,1,nearest,1,4,1,SPATIAL_IMBALANCE,Client Travel Time [min],5,8978.904,1124.6413734093194,7620.18,10914.2,26297.2,24521.0,29053.0
TaxiAlgorithmP2PCollector,3,500,10,50,1,nearest,1,4,1,SPATIAL_IMBALANCE,Calculation Time [millis],5,0.092,0.0040000000000000036,0.09,0.1,65.4,50.0,82.0
TaxiAlgorithmP2PCollector,3,500,10,50,1,nearest,1,4,1,SPATIAL_IMBALANCE,Custom Time [micros],5,0.0,0.0,0.0,0.0,0.0,0.0,0.0
TaxiAlgorithmP2PCollector,3,500,10,100,1,nearest,1,4,1,SPATIAL_IMBALANCE,Taxi Travel Distance [km],5,6.008,2.401028113121544,2.56,9.15,22.598,14.57,34.36
TaxiAlgorithmP2PCollector,3,500,10,100,1,nearest,1,4,1,SPATIAL_IMBALANCE,Client Waiting Time [min],5,125.01799999999999,35.09605413718186,83.11,178.73,290.768,161.22,494.25
TaxiAlgorithmP2PCollector,3,500,10,100,1,nearest,1,4,1,SPATIAL_IMBALANCE,Client Travel Time [min],5,9829.266,625.6708259332538,8926.7,10724.87,31854.0,27348.0,35342.0
TaxiAlgorithmP2PCollector,3,500,10,100,1,nearest,1,4,1,SPATIAL_IMBALANCE,Calculation Time [millis],5,0.10200000000000001,0.0039999999999999975,0.1,0.11,71.6,58.0,86.0
TaxiAlgorithmP2PCollector,3,500,10,100,1,nearest,1,4,1,SPATIAL_IMBALANCE,Custom Time [micros],5,0.0,0.0,0.0,0.0,0.0,0.0,0.0
TaxiAlgorithmP2PCollector,3,500,5,25,1,nearest,1,4,1,SPATIAL_ISLANDS,Taxi Travel Distance [km],5,2.398,3.0440525619640675,0.0,8.4,7.58,0.0,21.97
TaxiAlgorithmP2PCollector,3,500,5,25,1,nearest,1,4,1,SPATIAL_ISLANDS,Client Waiting Time [min],5,54.931999999999995,39.93326603221931,0.0,96.87,21.724,0.0,58.82
TaxiAlgorithmP2PCollector,3,500,5,25,1,nearest,1,4,1,SPATIAL_ISLANDS,Client Travel Time [min],5,12080.679999999998,1624.8440220525783,10236.84,14354.2,31388.2,27893.0,34752.0
TaxiAlgorithmP2PCollector,3,500,5,25,1,nearest,1,4,1,SPATIAL_ISLANDS,Calculation Time [millis],5,0.03,0.0,0.03,0.03,18.2,0.0,39.0
TaxiAlgorithmP2PCollector,3,500,5,25,1,nearest,1,4,1,SPATIAL_ISLANDS,Custom Time [micros],5,0.0,0.0,0.0,0.0,0.0,0.0,0.0
TaxiAlgorithmP2PCollector,3,500,5,50,1,nearest,1,4,1,SPATIAL_ISLANDS,Taxi Travel Distance [km],5,6.279999999999999,6.301184015722759,0.7,18.16,7.994,1.82,15.61
TaxiAlgorithmP2PCollector,3,500,5,50,1,nearest,1,4,1,SPATIAL_ISLANDS,Client Waiting Time [min],5,209.218,117.16425861157487,109.65,434.71,240.28399999999996,164.12,373.25
TaxiAlgorithmP2PCollector,3,500,5,50,1,nearest,1,4,1,SPATIAL_ISLANDS,Client Travel Time [min],5,11829.408,1873.1000099983983,9919.56,14927.42,30524.8,27893.0,34540.0
TaxiAlgorithmP2PCollector,3,500,5,50,1,nearest,1,4,1,SPATIAL_ISLANDS,Calculation Time [millis],5,0.03,0.0,0.03,0.03,11.0,0.0,21.0
TaxiAlgorithmP2PCollector,3,500,5,50,1,nearest,1,4,1,SPATIAL_ISLANDS,Custom Time [micros],5,0.0,0.0,0.0,0.0,0.0,0.0,0.0
TaxiAlgorithmP2PCollector,3,500,10,50,1,nearest,1,4,1,SPATIAL_ISLANDS,Taxi Travel Distance [km],5,4.752000000000001,2.581119137118626,0.35,8.23,16.616,1.82,24.28
TaxiAlgorithmP2PCollector,3,500,10,50,1,nearest,1,4,1,SPATIAL_ISLANDS,Client Waiting Time [min],5,215.25799999999998,113.11113073433577,129.29,434.71,286.816,164.12,431.57
TaxiAlgorithmP2PCollector,3,500,10,50,1,nearest,1,4,1,SPATIAL_ISLANDS,Client Travel Time [min],5,11670.848000000002,1852.2281122842294,9093.9,14301.0,28374.0,26034.0,34540.0
TaxiAlgorithmP2PCollector,3,500,10,50,1,nearest,1,4,1,SPATIAL_ISLANDS,Calculation Time [millis],5,0.098,0.0040000000000000036,0.09,0.1,60.4,47.0,88.0
TaxiAlgorithmP2PCollector,3,500,10,50,1,nearest,1,4,1,SPATIAL_ISLANDS,Custom Time [micros],5,0.0,0.0,0.0,0.0,0.0,0.0,0.0
TaxiAlgorithmP2PCollector,3,500,10,100,1,nearest,1,4,1,SPATIAL_ISLANDS,Taxi Travel Distance [km],5,7.1739999999999995,3.3185213574723305,1.38,10.95,21.586000000000002,7.45,34.33
TaxiAlgorithmP2PCollector,3,500,10,100,1,nearest,1,4,1,SPATIAL_ISLANDS,Client Waiting Time [min],5,174.948,62.38172341319211,129.01,298.62,345.976,254.94,394.27
TaxiAlgorithmP2PCollector,3,500,10,100,1,nearest,1,4,1,SPATIAL_ISLANDS,Client Travel Time [min],5,11463.607999999998,1078.652931121035,10639.82,13582.67,30292.2,27893.0,34540.0
TaxiAlgorithmP2PCollector,3,500,10,100,1,nearest,1,4,1,SPATIAL_ISLANDS,Calculation Time [millis],5,0.10400000000000001,0.004898979485566354,0.1,0.11,76.2,60.0,90.0
TaxiAlgorithmP2PCollector,3,500,10,100,1,nearest,1,4,1,SPATIAL_ISLANDS,Custom Time [micros],5,0.0,0.0,0.0,0.0,0.0,0.0,0.0
TaxiAlgorithmP2PCollector,3,500,5,25,1,greedy,1,4,1,BASELINE,Taxi Travel Distance [km],5,1.564,1.583977272564225,0.0,4.2,6.795999999999999,0.0,20.98
TaxiAlgorithmP2PCollector,3,500,5,25,1,greedy,1,4,1,BASELINE,Client Waiting Time [min],5,24.05,29.558453274824785,0.0,66.97,16.606,0.0,83.03
TaxiAlgorithmP2PCollector,3,500,5,25,1,greedy,1,4,1,BASELINE,Client Travel Time [min],5,11947.032000000001,1085.9074475184339,10506.24,13291.4,31257.2,27742.0,35845.0
TaxiAlgorithmP2PCollector,3,500,5,25,1,greedy,1,4,1,BASELINE,Calculation Time [millis],5,0.03,0.0,0.03,0.03,31.4,0.0,62.0
TaxiAlgorithmP2PCollector,3,500,5,25,1,greedy,1,4,1,BASELINE,Custom Time [micros],5,0.0,0.0,0.0,0.0,0.0,0.0,0.0
TaxiAlgorithmP2PCollector,3,500,5,50,1,greedy,1,4,1,BASELINE,Taxi Travel Distance [km],5,4.856,2.321306528660099,2.35,7.95,14.85,6.64,20.98
TaxiAlgorithmP2PCollector,3,500,5,50,1,greedy,1,4,1,BASELINE,Client Waiting Time [min],5,121.402,66.59537143075335,27.21,210.0,142.972,0.0,339.88
TaxiAlgorithmP2PCollector,3,500,5,50,1,greedy,1,4,1,BASELINE,Client Travel Time [min],5,11743.939999999999,728.069188250677,10684.94,12737.18,32642.2,29599.0,35845.0
TaxiAlgorithmP2PCollector,3,500,5,50,1,greedy,1,4,1,BASELINE,Calculation Time [millis],5,0.03,0.0,0.03,0.03,36.0,27.0,48.0
TaxiAlgorithmP2PCollector,3,500,5,50,1,greedy,1,4,1,BASELINE,Custom Time [micros],5,0.0,0.0,0.0,0.0,0.0,0.0,0.0
TaxiAlgorithmP2PCollector,3,500,10,50,1,greedy,1,4,1,BASELINE,Taxi Travel Distance [km],5,4.6160000000000005,1.8297825007360846,2.94,8.09,16.926,8.35,26.16
TaxiAlgorithmP2PCollector,3,500,10,50,1,greedy,1,4,1,BASELINE,Client Waiting Time [min],5,145.486,48.06087831074251,91.27,235.78,296.646,241.00000000000003,339.88
TaxiAlgorithmP2PCollector,3,500,10,50,1,greedy,1,4,1,BASELINE,Client Travel Time [min],5,11618.228,842.7012977419694,10167.44,12698.24,32642.2,29599.0,35845.0
TaxiAlgorithmP2PCollector,3,500,10,50,1,greedy,1,4,1,BASELINE,Calculation Time [millis],5,0.1,0.0,0.1,0.1,78.4,63.0,99.0
TaxiAlgorithmP2PCollector,3,500,10,50,1,greedy,1,4,1,BASELINE,Custom Time [micros],5,0.0,0.0,0.0,0.0,0.0,0.0,0.0
TaxiAlgorithmP2PCollector,3,500,10,100,1,greedy,1,4,1,BASELINE,Taxi Travel Distance [km],5,7.525999999999999,2.237459273372367,3.55,9.76,23.5,8.35,31.41
TaxiAlgorithmP2PCollector,3,500,10,100,1,greedy,1,4,1,BASELINE,Client Waiting Time [min],5,131.264,40.57792730044254,70.34,176.42,265.414,155.44,347.57
TaxiAlgorithmP2PCollector,3,500,10,100,1,greedy,1,4,1,BASELINE,Client Travel Time [min],5,12132.253999999999,832.5493683043666,11207.81,13315.57,33502.8,30779.0,36090.0
TaxiAlgorithmP2PCollector,3,500,10,100,1,greedy,1,4,1,BASELINE,Calculation Time [millis],5,0.10200000000000001,0.0039999999999999975,0.1,0.11,79.6,72.0,88.0
TaxiAlgorithmP2PCollector,3,500,10,100,1,greedy,1,4,1,BASELINE,Custom Time [micros],5,0.0,0.0,0.0,0.0,0.0,0.0,0.0
TaxiAlgorithmP2PCollector,3,500,5,25,1,greedy,1,4,1,RUSH_HOUR,Taxi Travel Distance [km],5,4.505999999999999,2.7797597018447475,0.0,8.11,14.972,0.0,21.09
TaxiAlgorithmP2PCollector,3,500,5,25,1,greedy,1,4,1,RUSH_HOUR,Client Waiting Time [min],5,89.594,76.56283004173761,0.0,226.26,126.11000000000001,0.0,256.15000000000003
TaxiAlgorithmP2PCollector,3,500,5,25,1,greedy,1,4,1,RUSH_HOUR,Client Travel Time [min],5,12073.168000000001,2864.1043878629844,8097.36,15914.44,33342.6,26626.0,37256.0
TaxiAlgorithmP2PCollector,3,500,5,25,1,greedy,1,4,1,RUSH_HOUR,Calculation Time [millis],5,0.03,0.0,0.03,0.03,11.4,0.0,27.0
TaxiAlgorithmP2PCollector,3,500,5,25,1,greedy,1,4,1,RUSH_HOUR,Custom Time [micros],5,0.0,0.0,0.0,0.0,0.0,0.0,0.0
TaxiAlgorithmP2PCollector,3,500,5,50,1,greedy,1,4,1,RUSH_HOUR,Taxi Travel Distance [km],5,6.6,2.2195675254427383,3.31,9.03,19.066,16.55,24.06
TaxiAlgorithmP2PCollector,3,500,5,50,1,greedy,1,4,1,RUSH_HOUR,Client Waiting Time [min],5,130.228,64.26599704353774,61.44,226.26,198.584,88.25,310.38
TaxiAlgorithmP2PCollector,3,500,5,50,1,greedy,1,4,1,RUSH_HOUR,Client Travel Time [min],5,13152.24,1616.9620074695636,10998.36,15391.84,34729.8,31727.0,37256.0
TaxiAlgorithmP2PCollector,3,500,5,50,1,greedy,1,4,1,RUSH_HOUR,Calculation Time [millis],5,0.03,0.0,0.03,0.03,39.4,37.0,41.0
TaxiAlgorithmP2PCollector,3,500,5,50,1,greedy,1,4,1,RUSH_HOUR,Custom Time [micros],5,0.0,0.0,0.0,0.0,0.0,0.0,0.0
TaxiAlgorithmP2PCollector,3,500,10,50,1,greedy,1,4,1,RUSH_HOUR,Taxi Travel Distance [km],5,4.716,2.68459754898197,1.48,9.46,24.266,12.9,32.16
TaxiAlgorithmP2PCollector,3,500,10,50,1,greedy,1,4,1,RUSH_HOUR,Client Waiting Time [min],5,151.76,65.76679770218404,88.59,275.5,216.246,115.8,312.58
TaxiAlgorithmP2PCollector,3,500,10,50,1,greedy,1,4,1,RUSH_HOUR,Client Travel Time [min],5,12433.651999999998,811.2843851178202,11185.54,13348.1,32409.2,27651.0,35619.0
TaxiAlgorithmP2PCollector,3,500,10,50,1,greedy,1,4,1,RUSH_HOUR,Calculation Time [millis],5,0.098,0.0040000000000000036,0.09,0.1,73.4,63.0,91.0
TaxiAlgorithmP2PCollector,3,500,10,50,1,greedy,1,4,1,RUSH_HOUR,Custom Time [micros],5,0.0,0.0,0.0,0.0,0.0,0.0,0.0
TaxiAlgorithmP2PCollector,3,500,10,100,1,greedy,1,4,1,RUSH_HOUR,Taxi Travel Distance [km],5,9.017999999999999,3.4119929659950943,5.06,15.2,28.446000000000005,16.43,41.22
TaxiAlgorithmP2PCollector,3,500,10,100,1,greedy,1,4,1,RUSH_HOUR,Client Waiting Time [min],5,141.658,15.955647777511254,124.11,171.17,288.784,184.26999999999998,369.45
TaxiAlgorithmP2PCollector,3,500,10,100,1,greedy,1,4,1,RUSH_HOUR,Client Travel Time [min],5,12726.742000000002,511.7359149170594,12085.27,13411.86,34547.0,33562.0,35619.0
TaxiAlgorithmP2PCollector,3,500,10,100,1,greedy,1,4,1,RUSH_HOUR,Calculation Time [millis],5,0.10400000000000001,0.004898979485566354,0.1,0.11,83.6,76.0,93.0
TaxiAlgorithmP2PCollector,3,500,10,100,1,greedy,1,4,1,RUSH_HOUR,Custom Time [micros],5,0.0,0.0,0.0,0.0,0.0,0.0,0.0
TaxiAlgorithmP2PCollector,3,500,5,25,1,greedy,1,4,1,SPATIAL_IMBALANCE,Taxi Travel Distance [km],5,3.08,3.125936659626999,0.0,7.77,12.634,0.0,38.84
TaxiAlgorithmP2PCollector,3,500,5,25,1,greedy,1,4,1,SPATIAL_IMBALANCE,Client Waiting Time [min],5,59.331999999999994,67.48423857464793,0.0,149.53,26.5,0.0,74.31
TaxiAlgorithmP2PCollector,3,500,5,25,1,greedy,1,4,1,SPATIAL_IMBALANCE,Client Travel Time [min],5,10470.096,1566.7003598850674,8561.16,13292.64,29336.4,26608.0,33183.0
TaxiAlgorithmP2PCollector,3,500,5,25,1,greedy,1,4,1,SPATIAL_IMBALANCE,Calculation Time [millis],5,0.03,0.0,0.03,0.03,27.0,0.0,56.0
TaxiAlgorithmP2PCollector,3,500,5,25,1,greedy,1,4,1,SPATIAL_IMBALANCE,Custom Time [micros],5,0.0,0.0,0.0,0.0,0.0,0.0,0.0
TaxiAlgorithmP2PCollector,3,500,5,50,1,greedy,1,4,1,SPATIAL_IMBALANCE,Taxi Travel Distance [km],5,5.928,4.075980372867367,0.0,9.55,21.23,0.0,38.84
TaxiAlgorithmP2PCollector,3,500,5,50,1,greedy,1,4,1,SPATIAL_IMBALANCE,Client Waiting Time [min],5,64.548,43.12659012720575,0.0,118.45,70.356,0.0,179.9
TaxiAlgorithmP2PCollector,3,500,5,50,1,greedy,1,4,1,SPATIAL_IMBALANCE,Client Travel Time [min],5,10215.536,811.5892853309491,9234.56,11635.7,29968.8,26608.0,33183.0
TaxiAlgorithmP2PCollector,3,500,5,50,1,greedy,1,4,1,SPATIAL_IMBALANCE,Calculation Time [millis],5,0.03,0.0,0.03,0.03,15.8,0.0,32.0
TaxiAlgorithmP2PCollector,3,500,5,50,1,greedy,1,4,1,SPATIAL_IMBALANCE,Custom Time [micros],5,0.0,0.0,0.0,0.0,0.0,0.0,0.0
TaxiAlgorithmP2PCollector,3,500,10,50,1,greedy,1,4,1,SPATIAL_IMBALANCE,Taxi Travel Distance [km],5,4.14,1.8834117977755156,2.52,7.38,17.03,7.86,30.79
TaxiAlgorithmP2PCollector,3,500,10,50,1,greedy,1,4,1,SPATIAL_IMBALANCE,Client Waiting Time [min],5,129.222,34.41184528618016,89.9,190.73,277.63800000000003,81.68,381.34999999999997
TaxiAlgorithmP2PCollector,3,500,10,50,1,greedy,1,4,1,SPATIAL_IMBALANCE,Client Travel Time [min],5,8978.904,1124.6413734093194,7620.18,10914.2,26297.2,24521.0,29053.0
TaxiAlgorithmP2PCollector,3,500,10,50,1,greedy,1,4,1,SPATIAL_IMBALANCE,Calculation Time [millis],5,0.092,0.0040000000000000036,0.09,0.1,63.8,48.0,80.0
TaxiAlgorithmP2PCollector,3,500,10,50,1,greedy,1,4,1,SPATIAL_IMBALANCE,Custom Time [micros],5,0.0,0.0,0.0,0.0,0.0,0.0,0.0
TaxiAlgorithmP2PCollector,3,500,10,100,1,greedy,1,4,1,SPATIAL_IMBALANCE,Taxi Travel Distance [km],5,6.008,2.401028113121544,2.56,9.15,22.598,14.57,34.36
TaxiAlgorithmP2PCollector,3,500,10,100,1,greedy,1,4,1,SPATIAL_IMBALANCE,Client Waiting Time [min],5,125.01799999999999,35.09605413718186,83.11,178.73,290.768,161.22,494.25
TaxiAlgorithmP2PCollector,3,500,10,100,1,greedy,1,4,1,SPATIAL_IMBALANCE,Client Travel Time [min],5,9829.266,625.6708259332538,8926.7,10724.87,31854.0,27348.0,35342.0
TaxiAlgorithmP2PCollector,3,500,10,100,1,greedy,1,4,1,SPATIAL_IMBALANCE,Calculation Time [millis],5,0.1,0.0,0.1,0.1,70.4,57.0,84.0
TaxiAlgorithmP2PCollector,3,500,10,100,1,greedy,1,4,1,SPATIAL_IMBALANCE,Custom Time [micros],5,0.0,0.0,0.0,0.0,0.0,0.0,0.0
TaxiAlgorithmP2PCollector,3,500,5,25,1,greedy,1,4,1,SPATIAL_ISLANDS,Taxi Travel Distance [km],5,2.398,3.0440525619640675,0.0,8.4,7.58,0.0,21.97
TaxiAlgorithmP2PCollector,3,500,5,25,1,greedy,1,4,1,SPATIAL_ISLANDS,Client Waiting Time [min],5,54.931999999999995,39.93326603221931,0.0,96.87,21.724,0.0,58.82
TaxiAlgorithmP2PCollector,3,500,5,25,1,greedy,1,4,1,SPATIAL_ISLANDS,Client Travel Time [min],5,12080.679999999998,1624.8440220525783,10236.84,14354.2,31388.2,27893.0,34752.0
TaxiAlgorithmP2PCollector,3,500,5,25,1,greedy,1,4,1,SPATIAL_ISLANDS,Calculation Time [millis],5,0.03,0.0,0.03,0.03,23.0,0.0,44.0
TaxiAlgorithmP2PCollector,3,500,5,25,1,greedy,1,4,1,SPATIAL_ISLANDS,Custom Time [micros],5,0.0,0.0,0.0,0.0,0.0,0.0,0.0
TaxiAlgorithmP2PCollector,3,500,5,50,1,greedy,1,4,1,SPATIAL_ISLANDS,Taxi Travel Distance [km],5,6.279999999999999,6.301184015722759,0.7,18.16,7.994,1.82,15.61
TaxiAlgorithmP2PCollector,3,500,5,50,1,greedy,1,4,1,SPATIAL_ISLANDS,Client Waiting Time [min],5,209.218,117.16425861157487,109.65,434.71,240.28399999999996,164.12,373.25
TaxiAlgorithmP2PCollector,3,500,5,50,1,greedy,1,4,1,SPATIAL_ISLANDS,Client Travel Time [min],5,11829.408,1873.1000099983983,9919.56,14927.42,30524.8,27893.0,34540.0
TaxiAlgorithmP2PCollector,3,500,5,50,1,greedy,1,4,1,SPATIAL_ISLANDS,Calculation Time [millis],5,0.03,0.0,0.03,0.03,6.8,0.0,17.0
TaxiAlgorithmP2PCollector,3,500,5,50,1,greedy,1,4,1,SPATIAL_ISLANDS,Custom Time [micros],5,0.0,0.0,0.0,0.0,0.0,0.0,0.0
TaxiAlgorithmP2PCollector,3,500,10,50,1,greedy,1,4,1,SPATIAL_ISLANDS,Taxi Travel Distance [km],5,4.752000000000001,2.581119137118626,0.35,8.23,16.616,1.82,24.28
TaxiAlgorithmP2PCollector,3,500,10,50,1,greedy,1,4,1,SPATIAL_ISLANDS,Client Waiting Time [min],5,215.25799999999998,113.11113073433577,129.29,434.71,286.816,164.12,431.57
TaxiAlgorithmP2PCollector,3,500,10,50,1,greedy,1,4,1,SPATIAL_ISLANDS,Client Travel Time [min],5,11670.848000000002,1852.2281122842294,9093.9,14301.0,28374.0,26034.0,34540.0
TaxiAlgorithmP2PCollector,3,500,10,50,1,greedy,1,4,1,SPATIAL_ISLANDS,Calculation Time [millis],5,0.098,0.0040000000000000036,0.09,0.1,65.2,47.0,85.0
TaxiAlgorithmP2PCollector,3,500,10,50,1,greedy,1,4,1,SPATIAL_ISLANDS,Custom Time [micros],5,0.0,0.0,0.0,0.0,0.0,0.0,0.0
TaxiAlgorithmP2PCollector,3,500,10,100,1,greedy,1,4,1,SPATIAL_ISLANDS,Taxi Travel Distance [km],5,7.1739999999999995,3.3185213574723305,1.38,10.95,21.586000000000002,7.45,34.33
TaxiAlgorithmP2PCollector,3,500,10,100,1,greedy,1,4,1,SPATIAL_ISLANDS,Client Waiting Time [min],5,174.948,62.38172341319211,129.01,298.62,345.976,254.94,394.27
TaxiAlgorithmP2PCollector,3,500,10,100,1,greedy,1,4,1,SPATIAL_ISLANDS,Client Travel Time [min],5,11463.607999999998,1078.652931121035,10639.82,13582.67,30292.2,27893.0,34540.0
TaxiAlgorithmP2PCollector,3,500,10,100,1,greedy,1,4,1,SPATIAL_ISLANDS,Calculation Time [millis],5,0.10400000000000001,0.004898979485566354,0.1,0.11,72.0,57.0,85.0
TaxiAlgorithmP2PCollector,3,500,10,100,1,greedy,1,4,1,SPATIAL_ISLANDS,Custom Time [micros],5,0.0,0.0,0.0,0.0,0.0,0.0,0.0
TaxiAlgorithmP2PCollector,3,1000,5,25,1,nearest,1,4,1,BASELINE,Taxi Travel Distance [km],5,6.837999999999999,2.0163868676422187,4.41,10.54,21.733999999999998,13.37,37.23
TaxiAlgorithmP2PCollector,3,1000,5,25,1,nearest,1,4,1,BASELINE,Client Waiting Time [min],5,126.62800000000001,57.46671850732387,46.55,221.62,172.388,0.0,313.25
TaxiAlgorithmP2PCollector,3,1000,5,25,1,nearest,1,4,1,BASELINE,Client Travel Time [min],5,11113.295999999998,903.2318820236582,9700.28,12251.48,27351.2,24491.0,31622.0
TaxiAlgorithmP2PCollector,3,1000,5,25,1,nearest,1,4,1,BASELINE,Calculation Time [millis],5,0.03,0.0,0.03,0.03,19.4,0.0,41.0
TaxiAlgorithmP2PCollector,3,1000,5,25,1,nearest,1,4,1,BASELINE,Custom Time [micros],5,0.0,0.0,0.0,0.0,0.0,0.0,0.0
TaxiAlgorithmP2PCollector,3,1000,5,50,1,nearest,1,4,1,BASELINE,Taxi Travel Distance [km],5,10.367999999999999,2.1248943503148574,8.19,12.94,24.409999999999997,20.57,33.96
TaxiAlgorithmP2PCollector,3,1000,5,50,1,nearest,1,4,1,BASELINE,Client Waiting Time [min],5,106.502,47.48024785108014,23.5,158.44,237.32799999999997,29.700000000000003,424.72
TaxiAlgorithmP2PCollector,3,1000,5,50,1,nearest,1,4,1,BASELINE,Client Travel Time [min],5,11318.547999999999,637.0791068744916,10676.68,12347.42,30007.0,24491.0,34325.0
TaxiAlgorithmP2PCollector,3,1000,5,50,1,nearest,1,4,1,BASELINE,Calculation Time [millis],5,0.03,0.0,0.03,0.03,29.0,0.0,49.0
TaxiAlgorithmP2PCollector,3,1000,5,50,1,nearest,1,4,1,BASELINE,Custom Time [micros],5,0.0,0.0,0.0,0.0,0.0,0.0,0.0
TaxiAlgorithmP2PCollector,3,1000,10,50,1,nearest,1,4,1,BASELINE,Taxi Travel Distance [km],5,10.059999999999999,1.8532565931354457,7.76,13.36,30.759999999999998,20.57,48.73
TaxiAlgorithmP2PCollector,3,1000,10,50,1,nearest,1,4,1,BASELINE,Client Waiting Time [min],5,115.686,26.252811354215,80.23,155.3,307.434,147.03,438.19
TaxiAlgorithmP2PCollector,3,1000,10,50,1,nearest,1,4,1,BASELINE,Client Travel Time [min],5,10783.511999999999,382.4813872804792,10106.1,11178.44,30339.6,25760.0,33124.0
TaxiAlgorithmP2PCollector,3,1000,10,50,1,nearest,1,4,1,BASELINE,Calculation Time [millis],5,0.1,0.0,0.1,0.1,73.8,57.0,85.0
TaxiAlgorithmP2PCollector,3,1000,10,50,1,nearest,1,4,1,BASELINE,Custom Time [micros],5,0.0,0.0,0.0,0.0,0.0,0.0,0.0
TaxiAlgorithmP2PCollector,3,1000,10,100,1,nearest,1,4,1,BASELINE,Taxi Travel Distance [km],5,14.772,3.0356310711283743,10.57,18.22,37.983999999999995,29.65,48.73
TaxiAlgorithmP2PCollector,3,1000,10,100,1,nearest,1,4,1,BASELINE,Client Waiting Time [min],5,125.75399999999999,14.02228169735582,103.57,147.69,412.97200000000004,370.15,446.1
TaxiAlgorithmP2PCollector,3,1000,10,100,1,nearest,1,4,1,BASELINE,Client Travel Time [min],5,11581.022,703.4089594083939,10707.1,12626.22,33005.4,30680.0,36090.0
TaxiAlgorithmP2PCollector,3,1000,10,100,1,nearest,1,4,1,BASELINE,Calculation Time [millis],5,0.10200000000000001,0.0039999999999999975,0.1,0.11,77.2,64.0,88.0
TaxiAlgorithmP2PCollector,3,1000,10,100,1,nearest,1,4,1,BASELINE,Custom Time [micros],5,0.0,0.0,0.0,0.0,0.0,0.0,0.0
TaxiAlgorithmP2PCollector,3,1000,5,25,1,nearest,1,4,1,RUSH_HOUR,Taxi Travel Distance [km],5,8.059999999999999,2.6314330696409516,4.15,11.55,24.962,19.46,39.64
TaxiAlgorithmP2PCollector,3,1000,5,25,1,nearest,1,4,1,RUSH_HOUR,Client Waiting Time [min],5,124.572,64.33788165614408,50.78,217.94,186.76800000000003,0.0,358.53000000000003
TaxiAlgorithmP2PCollector,3,1000,5,25,1,nearest,1,4,1,RUSH_HOUR,Client Travel Time [min],5,11519.464000000002,2605.5040213947095,7598.36,15163.76,33342.6,26626.0,37256.0
TaxiAlgorithmP2PCollector,3,1000,5,25,1,nearest,1,4,1,RUSH_HOUR,Calculation Time [millis],5,0.03,0.0,0.03,0.03,19.0,0.0,38.0
TaxiAlgorithmP2PCollector,3,1000,5,25,1,nearest,1,4,1,RUSH_HOUR,Custom Time [micros],5,0.0,0.0,0.0,0.0,0.0,0.0,0.0
TaxiAlgorithmP2PCollector,3,1000,5,50,1,nearest,1,4,1,RUSH_HOUR,Taxi Travel Distance [km],5,10.496,2.5915601478646026,6.48,13.46,30.119999999999997,19.46,43.15
TaxiAlgorithmP2PCollector,3,1000,5,50,1,nearest,1,4,1,RUSH_HOUR,Client Waiting Time [min],5,158.286,31.311748977021388,128.37,217.94,310.62800000000004,255.23000000000002,358.53000000000003
TaxiAlgorithmP2PCollector,3,1000,5,50,1,nearest,1,4,1,RUSH_HOUR,Client Travel Time [min],5,12857.076000000001,1460.7548789526597,10745.48,14925.96,34729.8,31727.0,37256.0
TaxiAlgorithmP2PCollector,3,1000,5,50,1,nearest,1,4,1,RUSH_HOUR,Calculation Time [millis],5,0.03,0.0,0.03,0.03,40.4,2.0,51.0
TaxiAlgorithmP2PCollector,3,1000,5,50,1,nearest,1,4,1,RUSH_HOUR,Custom Time [micros],5,0.0,0.0,0.0,0.0,0.0,0.0,0.0
TaxiAlgorithmP2PCollector,3,1000,10,50,1,nearest,1,4,1,RUSH_HOUR,Taxi Travel Distance [km],5,9.166,3.9185589187863434,2.23,13.35,33.318,13.88,45.69
TaxiAlgorithmP2PCollector,3,1000,10,50,1,nearest,1,4,1,RUSH_HOUR,Client Waiting Time [min],5,166.83200000000002,45.962595401043224,105.63,240.63,364.99199999999996,288.34,504.87
TaxiAlgorithmP2PCollector,3,1000,10,50,1,nearest,1,4,1,RUSH_HOUR,Client Travel Time [min],5,11781.488,860.2958048113451,10598.14,12778.72,30915.8,27651.0,34346.0
TaxiAlgorithmP2PCollector,3,1000,10,50,1,nearest,1,4,1,RUSH_HOUR,Calculation Time [millis],5,0.096,0.00489897948556636,0.09,0.1,70.4,52.0,85.0
TaxiAlgorithmP2PCollector,3,1000,10,50,1,nearest,1,4,1,RUSH_HOUR,Custom Time [micros],5,0.0,0.0,0.0,0.0,0.0,0.0,0.0
TaxiAlgorithmP2PCollector,3,1000,10,100,1,nearest,1,4,1,RUSH_HOUR,Taxi Travel Distance [km],5,13.311999999999998,2.481768724115927,10.05,17.15,35.836,27.47,47.54
TaxiAlgorithmP2PCollector,3,1000,10,100,1,nearest,1,4,1,RUSH_HOUR,Client Waiting Time [min],5,147.502,36.8110605117538,77.37,177.93,391.044,210.5,519.5400000000001
TaxiAlgorithmP2PCollector,3,1000,10,100,1,nearest,1,4,1,RUSH_HOUR,Client Travel Time [min],5,12420.528,531.2110100666216,11707.73,13245.95,34217.4,31914.0,35619.0
TaxiAlgorithmP2PCollector,3,1000,10,100,1,nearest,1,4,1,RUSH_HOUR,Calculation Time [millis],5,0.10200000000000001,0.0039999999999999975,0.1,0.11,75.6,60.0,89.0
TaxiAlgorithmP2PCollector,3,1000,10,100,1,nearest,1,4,1,RUSH_HOUR,Custom Time [micros],5,0.0,0.0,0.0,0.0,0.0,0.0,0.0
TaxiAlgorithmP2PCollector,3,1000,5,25,1,nearest,1,4,1,SPATIAL_IMBALANCE,Taxi Travel Distance [km],5,5.17,1.320212104171144,3.68,7.38,22.848000000000003,18.42,36.92
TaxiAlgorithmP2PCollector,3,1000,5,25,1,nearest,1,4,1,SPATIAL_IMBALANCE,Client Waiting Time [min],5,79.218,60.99697054772474,8.78,152.48,74.53999999999999,0.0,277.88
TaxiAlgorithmP2PCollector,3,1000,5,25,1,nearest,1,4,1,SPATIAL_IMBALANCE,Client Travel Time [min],5,10141.168000000001,1455.8516857207676,8016.08,12564.36,29336.4,26608.0,33183.0
TaxiAlgorithmP2PCollector,3,1000,5,25,1,nearest,1,4,1,SPATIAL_IMBALANCE,Calculation Time [millis],5,0.03,0.0,0.03,0.03,21.4,0.0,49.0
TaxiAlgorithmP2PCollector,3,1000,5,25,1,nearest,1,4,1,SPATIAL_IMBALANCE,Custom Time [micros],5,0.0,0.0,0.0,0.0,0.0,0.0,0.0
TaxiAlgorithmP2PCollector,3,1000,5,50,1,nearest,1,4,1,SPATIAL_IMBALANCE,Taxi Travel Distance [km],5,8.620000000000001,4.189238594303266,4.25,15.82,26.341999999999995,18.42,38.48
TaxiAlgorithmP2PCollector,3,1000,5,50,1,nearest,1,4,1,SPATIAL_IMBALANCE,Client Waiting Time [min],5,75.282,43.68078634823324,27.82,149.94,148.56199999999998,0.0,492.75
TaxiAlgorithmP2PCollector,3,1000,5,50,1,nearest,1,4,1,SPATIAL_IMBALANCE,Client Travel Time [min],5,10026.132,729.8763969440306,9040.06,11271.56,29738.4,26608.0,33183.0
TaxiAlgorithmP2PCollector,3,1000,5,50,1,nearest,1,4,1,SPATIAL_IMBALANCE,Calculation Time [millis],5,0.03,0.0,0.03,0.03,7.8,0.0,27.0
TaxiAlgorithmP2PCollector,3,1000,5,50,1,nearest,1,4,1,SPATIAL_IMBALANCE,Custom Time [micros],5,0.0,0.0,0.0,0.0,0.0,0.0,0.0
TaxiAlgorithmP2PCollector,3,1000,10,50,1,nearest,1,4,1,SPATIAL_IMBALANCE,Taxi Travel Distance [km],5,7.254,4.176307459945927,3.29,12.81,24.130000000000003,10.56,47.52
TaxiAlgorithmP2PCollector,3,1000,10,50,1,nearest,1,4,1,SPATIAL_IMBALANCE,Client Waiting Time [min],5,104.002,40.03067593733586,60.13,172.32,276.506,109.99000000000001,373.92
TaxiAlgorithmP2PCollector,3,1000,10,50,1,nearest,1,4,1,SPATIAL_IMBALANCE,Client Travel Time [min],5,8545.848000000002,1065.776127831732,7534.44,10612.6,26207.0,24521.0,29053.0
TaxiAlgorithmP2PCollector,3,1000,10,50,1,nearest,1,4,1,SPATIAL_IMBALANCE,Calculation Time [millis],5,0.092,0.0040000000000000036,0.09,0.1,63.4,47.0,80.0
TaxiAlgorithmP2PCollector,3,1000,10,50,1,nearest,1,4,1,SPATIAL_IMBALANCE,Custom Time [micros],5,0.0,0.0,0.0,0.0,0.0,0.0,0.0
TaxiAlgorithmP2PCollector,3,1000,10,100,1,nearest,1,4,1,SPATIAL_IMBALANCE,Taxi Travel Distance [km],5,11.318000000000001,6.167532407697588,5.56,21.05,32.572,16.82,60.15
TaxiAlgorithmP2PCollector,3,1000,10,100,1,nearest,1,4,1,SPATIAL_IMBALANCE,Client Waiting Time [min],5,111.93199999999999,27.494410631981182,67.25,142.22,357.76,269.44000000000005,486.41999999999996
TaxiAlgorithmP2PCollector,3,1000,10,100,1,nearest,1,4,1,SPATIAL_IMBALANCE,Client Travel Time [min],5,9433.428,539.3608342992658,8877.3,10399.32,31854.0,27348.0,35342.0
TaxiAlgorithmP2PCollector,3,1000,10,100,1,nearest,1,4,1,SPATIAL_IMBALANCE,Calculation Time [millis],5,0.1,0.0,0.1,0.1,74.6,60.0,88.0
TaxiAlgorithmP2PCollector,3,1000,10,100,1,nearest,1,4,1,SPATIAL_IMBALANCE,Custom Time [micros],5,0.0,0.0,0.0,0.0,0.0,0.0,0.0
TaxiAlgorithmP2PCollector,3,1000,5,25,1,nearest,1,4,1,SPATIAL_ISLANDS,Taxi Travel Distance [km],5,4.456,4.029727534213697,0.0,11.85,15.994000000000003,0.0,36.2
TaxiAlgorithmP2PCollector,3,1000,5,25,1,nearest,1,4,1,SPATIAL_ISLANDS,Client Waiting Time [min],5,73.11000000000001,58.65469699862067,0.0,180.11,103.016,0.0,345.25
TaxiAlgorithmP2PCollector,3,1000,5,25,1,nearest,1,4,1,SPATIAL_ISLANDS,Client Travel Time [min],5,11779.431999999999,1618.5231074087267,10196.28,13818.52,30524.8,27893.0,34540.0
TaxiAlgorithmP2PCollector,3,1000,5,25,1,nearest,1,4,1,SPATIAL_ISLANDS,Calculation Time [millis],5,0.03,0.0,0.03,0.03,28.0,0.0,57.0
TaxiAlgorithmP2PCollector,3,1000,5,25,1,nearest,1,4,1,SPATIAL_ISLANDS,Custom Time [micros],5,0.0,0.0,0.0,0.0,0.0,0.0,0.0
TaxiAlgorithmP2PCollector,3,1000,5,50,1,nearest,1,4,1,SPATIAL_ISLANDS,Taxi Travel Distance [km],5,9.166,7.744274272002509,1.1,23.73,16.973999999999997,2.82,31.49
TaxiAlgorithmP2PCollector,3,1000,5,50,1,nearest,1,4,1,SPATIAL_ISLANDS,Client Waiting Time [min],5,171.57999999999998,134.37642754590556,51.22,427.17,201.482,44.03000000000001,373.14
TaxiAlgorithmP2PCollector,3,1000,5,50,1,nearest,1,4,1,SPATIAL_ISLANDS,Client Travel Time [min],5,11620.132,2004.9820423973874,9500.22,14910.22,30524.8,27893.0,34540.0
TaxiAlgorithmP2PCollector,3,1000,5,50,1,nearest,1,4,1,SPATIAL_ISLANDS,Calculation Time [millis],5,0.03,0.0,0.03,0.03,23.6,11.0,35.0
TaxiAlgorithmP2PCollector,3,1000,5,50,1,nearest,1,4,1,SPATIAL_ISLANDS,Custom Time [micros],5,0.0,0.0,0.0,0.0,0.0,0.0,0.0
TaxiAlgorithmP2PCollector,3,1000,10,50,1,nearest,1,4,1,SPATIAL_ISLANDS,Taxi Travel Distance [km],5,8.36,2.2599380522483354,3.86,9.77,25.419999999999998,18.96,31.49
TaxiAlgorithmP2PCollector,3,1000,10,50,1,nearest,1,4,1,SPATIAL_ISLANDS,Client Waiting Time [min],5,154.30599999999998,50.9302364416267,71.44,226.84,355.09000000000003,124.37,508.8
TaxiAlgorithmP2PCollector,3,1000,10,50,1,nearest,1,4,1,SPATIAL_ISLANDS,Client Travel Time [min],5,11132.58,1783.262783955298,8910.16,13771.98,28374.0,26034.0,34540.0
TaxiAlgorithmP2PCollector,3,1000,10,50,1,nearest,1,4,1,SPATIAL_ISLANDS,Calculation Time [millis],5,0.098,0.0040000000000000036,0.09,0.1,67.4,53.0,95.0
TaxiAlgorithmP2PCollector,3,1000,10,50,1,nearest,1,4,1,SPATIAL_ISLANDS,Custom Time [micros],5,0.0,0.0,0.0,0.0,0.0,0.0,0.0
TaxiAlgorithmP2PCollector,3,1000,10,100,1,nearest,1,4,1,SPATIAL_ISLANDS,Taxi Travel Distance [km],5,12.242,2.5155389084647446,7.91,15.76,39.382,28.59,70.0
TaxiAlgorithmP2PCollector,3,1000,10,100,1,nearest,1,4,1,SPATIAL_ISLANDS,Client Waiting Time [min],5,146.33599999999998,47.32434578522982,64.1,199.32,350.898,125.05,508.8
TaxiAlgorithmP2PCollector,3,1000,10,100,1,nearest,1,4,1,SPATIAL_ISLANDS,Client Travel Time [min],5,11072.383999999998,1021.887969292133,10235.52,13070.97,30292.2,27893.0,34540.0
TaxiAlgorithmP2PCollector,3,1000,10,100,1,nearest,1,4,1,SPATIAL_ISLANDS,Calculation Time [millis],5,0.10400000000000001,0.004898979485566354,0.1,0.11,77.6,61.0,97.0
TaxiAlgorithmP2PCollector,3,1000,10,100,1,nearest,1,4,1,SPATIAL_ISLANDS,Custom Time [micros],5,0.0,0.0,0.0,0.0,0.0,0.0,0.0
TaxiAlgorithmP2PCollector,3,1000,5,25,1,greedy,1,4,1,BASELINE,Taxi Travel Distance [km],5,6.837999999999999,2.0163868676422187,4.41,10.54,21.733999999999998,13.37,37.23
TaxiAlgorithmP2PCollector,3,1000,5,25,1,greedy,1,4,1,BASELINE,Client Waiting Time [min],5,126.62800000000001,57.46671850732387,46.55,221.62,172.388,0.0,313.25
TaxiAlgorithmP2PCollector,3,1000,5,25,1,greedy,1,4,1,BASELINE,Client Travel Time [min],5,11113.295999999998,903.2318820236582,9700.28,12251.48,27351.2,24491.0,31622.0
TaxiAlgorithmP2PCollector,3,1000,5,25,1,greedy,1,4,1,BASELINE,Calculation Time [millis],5,0.03,0.0,0.03,0.03,28.0,0.0,52.0
TaxiAlgorithmP2PCollector,3,1000,5,25,1,greedy,1,4,1,BASELINE,Custom Time [micros],5,0.0,0.0,0.0,0.0,0.0,0.0,0.0
TaxiAlgorithmP2PCollector,3,1000,5,50,1,greedy,1,4,1,BASELINE,Taxi Travel Distance [km],5,10.367999999999999,2.1248943503148574,8.19,12.94,24.409999999999997,20.57,33.96
TaxiAlgorithmP2PCollector,3,1000,5,50,1,greedy,1,4,1,BASELINE,Client Waiting Time [min],5,106.502,47.48024785108014,23.5,158.44,237.32799999999997,29.700000000000003,424.72
TaxiAlgorithmP2PCollector,3,1000,5,50,1,greedy,1,4,1,BASELINE,Client Travel Time [min],5,11318.547999999999,637.0791068744916,10676.68,12347.42,30007.0,24491.0,34325.0
TaxiAlgorithmP2PCollector,3,1000,5,50,1,greedy,1,4,1,BASELINE,Calculation Time [millis],5,0.03,0.0,0.03,0.03,12.6,0.0,30.0
TaxiAlgorithmP2PCollector,3,1000,5,50,1,greedy,1,4,1,BASELINE,Custom Time [micros],5,0.0,0.0,0.0,0.0,0.0,0.0,0.0
TaxiAlgorithmP2PCollector,3,1000,10,50,1,greedy,1,4,1,BASELINE,Taxi Travel Distance [km],5,10.059999999999999,1.8532565931354457,7.76,13.36,30.759999999999998,20.57,48.73
TaxiAlgorithmP2PCollector,3,1000,10,50,1,greedy,1,4,1,BASELINE,Client Waiting Time [min],5,115.686,26.252811354215,80.23,155.3,307.434,147.03,438.19
TaxiAlgorithmP2PCollector,3,1000,10,50,1,greedy,1,4,1,BASELINE,Client Travel Time [min],5,10783.511999999999,382.4813872804792,10106.1,11178.44,30339.6,25760.0,33124.0
TaxiAlgorithmP2PCollector,3,1000,10,50,1,greedy,1,4,1,BASELINE,Calculation Time [millis],5,0.098,0.0040000000000000036,0.09,0.1,73.2,61.0,92.0
TaxiAlgorithmP2PCollector,3,1000,10,50,1,greedy,1,4,1,BASELINE,Custom Time [micros],5,0.0,0.0,0.0,0.0,0.0,0.0,0.0
TaxiAlgorithmP2PCollector,3,1000,10,100,1,greedy,1,4,1,BASELINE,Taxi Travel Distance [km],5,14.772,3.0356310711283743,10.57,18.22,37.983999999999995,29.65,48.73
TaxiAlgorithmP2PCollector,3,1000,10,100,1,greedy,1,4,1,BASELINE,Client Waiting Time [min],5,125.75399999999999,14.02228169735582,103.57,147.69,412.97200000000004,370.15,446.1
TaxiAlgorithmP2PCollector,3,1000,10,100,1,greedy,1,4,1,BASELINE,Client Travel Time [min],5,11581.022,703.4089594083939,10707.1,12626.22,33005.4,30680.0,36090.0
TaxiAlgorithmP2PCollector,3,1000,10,100,1,greedy,1,4,1,BASELINE,Calculation Time [millis],5,0.10400000000000001,0.004898979485566354,0.1,0.11,82.0,63.0,91.0
TaxiAlgorithmP2PCollector,3,1000,10,100,1,greedy,1,4,1,BASELINE,Custom Time [micros],5,0.0,0.0,0.0,0.0,0.0,0.0,0.0
TaxiAlgorithmP2PCollector,3,1000,5,25,1,greedy,1,4,1,RUSH_HOUR,Taxi Travel Distance [km],5,8.059999999999999,2.6314330696409516,4.15,11.55,24.962,19.46,39.64
TaxiAlgorithmP2PCollector,3,1000,5,25,1,greedy,1,4,1,RUSH_HOUR,Client Waiting Time [min],5,124.572,64.33788165614408,50.78,217.94,186.76800000000003,0.0,358.53000000000003
TaxiAlgorithmP2PCollector,3,1000,5,25,1,greedy,1,4,1,RUSH_HOUR,Client Travel Time [min],5,11519.464000000002,2605.5040213947095,7598.36,15163.76,33342.6,26626.0,37256.0
TaxiAlgorithmP2PCollector,3,1000,5,25,1,greedy,1,4,1,RUSH_HOUR,Calculation Time [millis],5,0.03,0.0,0.03,0.03,28.0,0.0,49.0
TaxiAlgorithmP2PCollector,3,1000,5,25,1,greedy,1,4,1,RUSH_HOUR,Custom Time [micros],5,0.0,0.0,0.0,0.0,0.0,0.0,0.0
TaxiAlgorithmP2PCollector,3,1000,5,50,1,greedy,1,4,1,RUSH_HOUR,Taxi Travel Distance [km],5,10.496,2.5915601478646026,6.48,13.46,30.119999999999997,19.46,43.15
TaxiAlgorithmP2PCollector,3,1000,5,50,1,greedy,1,4,1,RUSH_HOUR,Client Waiting Time [min],5,158.286,31.311748977021388,128.37,217.94,310.62800000000004,255.23000000000002,358.53000000000003
TaxiAlgorithmP2PCollector,3,1000,5,50,1,greedy,1,4,1,RUSH_HOUR,Client Travel Time [min],5,12857.076000000001,1460.7548789526597,10745.48,14925.96,34729.8,31727.0,37256.0
TaxiAlgorithmP2PCollector,3,1000,5,50,1,greedy,1,4,1,RUSH_HOUR,Calculation Time [millis],5,0.03,0.0,0.03,0.03,8.6,3.0,12.0
TaxiAlgorithmP2PCollector,3,1000,5,50,1,greedy,1,4,1,RUSH_HOUR,Custom Time [micros],5,0.0,0.0,0.0,0.0,0.0,0.0,0.0
TaxiAlgorithmP2PCollector,3,1000,10,50,1,greedy,1,4,1,RUSH_HOUR,Taxi Travel Distance [km],5,9.166,3.9185589187863434,2.23,13.35,33.318,13.88,45.69
TaxiAlgorithmP2PCollector,3,1000,10,50,1,greedy,1,4,1,RUSH_HOUR,Client Waiting Time [min],5,166.83200000000002,45.962595401043224,105.63,240.63,364.99199999999996,288.34,504.87
TaxiAlgorithmP2PCollector,3,1000,10,50,1,greedy,1,4,1,RUSH_HOUR,Client Travel Time [min],5,11781.488,860.2958048113451,10598.14,12778.72,30915.8,27651.0,34346.0
TaxiAlgorithmP2PCollector,3,1000,10,50,1,greedy,1,4,1,RUSH_HOUR,Calculation Time [millis],5,0.096,0.00489897948556636,0.09,0.1,75.2,58.0,98.0
TaxiAlgorithmP2PCollector,3,1000,10,50,1,greedy,1,4,1,RUSH_HOUR,Custom Time [micros],5,0.0,0.0,0.0,0.0,0.0,0.0,0.0
TaxiAlgorithmP2PCollector,3,1000,10,100,1,greedy,1,4,1,RUSH_HOUR,Taxi Travel Distance [km],5,13.311999999999998,2.481768724115927,10.05,17.15,35.836,27.47,47.54
TaxiAlgorithmP2PCollector,3,1000,10,100,1,greedy,1,4,1,RUSH_HOUR,Client Waiting Time [min],5,147.502,36.8110605117538,77.37,177.93,391.044,210.5,519.5400000000001
TaxiAlgorithmP2PCollector,3,1000,10,100,1,greedy,1,4,1,RUSH_HOUR,Client Travel Time [min],5,12420.528,531.2110100666216,11707.73,13245.95,34217.4,31914.0,35619.0
TaxiAlgorithmP2PCollector,3,1000,10,100,1,greedy,1,4,1,RUSH_HOUR,Calculation Time [millis],5,0.10400000000000001,0.004898979485566354,0.1,0.11,85.8,72.0,97.0
TaxiAlgorithmP2PCollector,3,1000,10,100,1,greedy,1,4,1,RUSH_HOUR,Custom Time [micros],5,0.0,0.0,0.0,0.0,0.0,0.0,0.0
TaxiAlgorithmP2PCollector,3,1000,5,25,1,greedy,1,4,1,SPATIAL_IMBALANCE,Taxi Travel Distance [km],5,5.17,1.320212104171144,3.68,7.38,22.848000000000003,18.42,36.92
TaxiAlgorithmP2PCollector,3,1000,5,25,1,greedy,1,4,1,SPATIAL_IMBALANCE,Client Waiting Time [min],5,79.218,60.99697054772474,8.78,152.48,74.53999999999999,0.0,277.88
TaxiAlgorithmP2PCollector,3,1000,5,25,1,greedy,1,4,1,SPATIAL_IMBALANCE,Client Travel Time [min],5,10141.168000000001,1455.8516857207676,8016.08,12564.36,29336.4,26608.0,33183.0
TaxiAlgorithmP2PCollector,3,1000,5,25,1,greedy,1,4,1,SPATIAL_IMBALANCE,Calculation Time [millis],5,0.03,0.0,0.03,0.03,20.8,0.0,54.0
TaxiAlgorithmP2PCollector,3,1000,5,25,1,greedy,1,4,1,SPATIAL_IMBALANCE,Custom Time [micros],5,0.0,0.0,0.0,0.0,0.0,0.0,0.0
TaxiAlgorithmP2PCollector,3,1000,5,50,1,greedy,1,4,1,SPATIAL_IMBALANCE,Taxi Travel Distance [km],5,8.620000000000001,4.189238594303266,4.25,15.82,26.341999999999995,18.42,38.48
TaxiAlgorithmP2PCollector,3,1000,5,50,1,greedy,1,4,1,SPATIAL_IMBALANCE,Client Waiting Time [min],5,75.282,43.68078634823324,27.82,149.94,148.56199999999998,0.0,492.75
TaxiAlgorithmP2PCollector,3,1000,5,50,1,greedy,1,4,1,SPATIAL_IMBALANCE,Client Travel Time [min],5,10026.132,729.8763969440306,9040.06,11271.56,29738.4,26608.0,33183.0
TaxiAlgorithmP2PCollector,3,1000,5,50,1,greedy,1,4,1,SPATIAL_IMBALANCE,Calculation Time [millis],5,0.03,0.0,0.03,0.03,21.2,0.0,42.0
TaxiAlgorithmP2PCollector,3,1000,5,50,1,greedy,1,4,1,SPATIAL_IMBALANCE,Custom Time [micros],5,0.0,0.0,0.0,0.0,0.0,0.0,0.0
TaxiAlgorithmP2PCollector,3,1000,10,50,1,greedy,1,4,1,SPATIAL_IMBALANCE,Taxi Travel Distance [km],5,7.254,4.176307459945927,3.29,12.81,24.130000000000003,10.56,47.52
TaxiAlgorithmP2PCollector,3,1000,10,50,1,greedy,1,4,1,SPATIAL_IMBALANCE,Client Waiting Time [min],5,104.002,40.03067593733586,60.13,172.32,276.506,109.99000000000001,373.92
TaxiAlgorithmP2PCollector,3,1000,10,50,1,greedy,1,4,1,SPATIAL_IMBALANCE,Client Travel Time [min],5,8545.848000000002,1065.776127831732,7534.44,10612.6,26207.0,24521.0,29053.0
TaxiAlgorithmP2PCollector,3,1000,10,50,1,greedy,1,4,1,SPATIAL_IMBALANCE,Calculation Time [millis],5,0.096,0.00489897948556636,0.09,0.1,70.0,54.0,88.0
TaxiAlgorithmP2PCollector,3,1000,10,50,1,greedy,1,4,1,SPATIAL_IMBALANCE,Custom Time [micros],5,0.0,0.0,0.0,0.0,0.0,0.0,0.0
TaxiAlgorithmP2PCollector,3,1000,10,100,1,greedy,1,4,1,SPATIAL_IMBALANCE,Taxi Travel Distance [km],5,11.318000000000001,6.167532407697588,5.56,21.05,32.572,16.82,60.15
TaxiAlgorithmP2PCollector,3,1000,10,100,1,greedy,1,4,1,SPATIAL_IMBALANCE,Client Waiting Time [min],5,111.93199999999999,27.494410631981182,67.25,142.22,357.76,269.44000000000005,486.41999999999996
TaxiAlgorithmP2PCollector,3,1000,10,100,1,greedy,1,4,1,SPATIAL_IMBALANCE,Client Travel Time [min],5,9433.428,539.3608342992658,8877.3,10399.32,31854.0,27348.0,35342.0
TaxiAlgorithmP2PCollector,3,1000,10,100,1,greedy,1,4,1,SPATIAL_IMBALANCE,Calculation Time [millis],5,0.1,0.0,0.1,0.1,78.6,64.0,92.0
TaxiAlgorithmP2PCollector,3,1000,10,100,1,greedy,1,4,1,SPATIAL_IMBALANCE,Custom Time [micros],5,0.0,0.0,0.0,0.0,0.0,0.0,0.0
TaxiAlgorithmP2PCollector,3,1000,5,25,1,greedy,1,4,1,SPATIAL_ISLANDS,Taxi Travel Distance [km],5,4.456,4.029727534213697,0.0,11.85,15.994000000000003,0.0,36.2
TaxiAlgorithmP2PCollector,3,1000,5,25,1,greedy,1,4,1,SPATIAL_ISLANDS,Client Waiting Time [min],5,73.11000000000001,58.65469699862067,0.0,180.11,103.016,0.0,345.25
TaxiAlgorithmP2PCollector,3,1000,5,25,1,greedy,1,4,1,SPATIAL_ISLANDS,Client Travel Time [min],5,11779.431999999999,1618.5231074087267,10196.28,13818.52,30524.8,27893.0,34540.0
TaxiAlgorithmP2PCollector,3,1000,5,25,1,greedy,1,4,1,SPATIAL_ISLANDS,Calculation Time [millis],5,0.03,0.0,0.03,0.03,20.6,0.0,45.0
TaxiAlgorithmP2PCollector,3,1000,5,25,1,greedy,1,4,1,SPATIAL_ISLANDS,Custom Time [micros],5,0.0,0.0,0.0,0.0,0.0,0.0,0.0
TaxiAlgorithmP2PCollector,3,1000,5,50,1,greedy,1,4,1,SPATIAL_ISLANDS,Taxi Travel Distance [km],5,9.166,7.744274272002509,1.1,23.73,16.973999999999997,2.82,31.49
TaxiAlgorithmP2PCollector,3,1000,5,50,1,greedy,1,4,1,SPATIAL_ISLANDS,Client Waiting Time [min],5,171.57999999999998,134.37642754590556,51.22,427.17,201.482,44.03000000000001,373.14
TaxiAlgorithmP2PCollector,3,1000,5,50,1,greedy,1,4,1,SPATIAL_ISLANDS,Client Travel Time [min],5,11620.132,2004.9820423973874,9500.22,14910.22,30524.8,27893.0,34540.0
TaxiAlgorithmP2PCollector,3,1000,5,50,1,greedy,1,4,1,SPATIAL_ISLANDS,Calculation Time [millis],5,0.03,0.0,0.03,0.03,25.4,0.0,43.0
TaxiAlgorithmP2PCollector,3,1000,5,50,1,greedy,1,4,1,SPATIAL_ISLANDS,Custom Time [micros],5,0.0,0.0,0.0,0.0,0.0,0.0,0.0
TaxiAlgorithmP2PCollector,3,1000,10,50,1,greedy,1,4,1,SPATIAL_ISLANDS,Taxi Travel Distance [km],5,8.36,2.2599380522483354,3.86,9.77,25.419999999999998,18.96,31.49
TaxiAlgorithmP2PCollector,3,1000,10,50,1,greedy,1,4,1,SPATIAL_ISLANDS,Client Waiting Time [min],5,154.30599999999998,50.9302364416267,71.44,226.84,355.09000000000003,124.37,508.8
TaxiAlgorithmP2PCollector,3,1000,10,50,1,greedy,1,4,1,SPATIAL_ISLANDS,Client Travel Time [min],5,11132.58,1783.262783955298,8910.16,13771.98,28374.0,26034.0,34540.0
TaxiAlgorithmP2PCollector,3,1000,10,50,1,greedy,1,4,1,SPATIAL_ISLANDS,Calculation Time [millis],5,0.096,0.00489897948556636,0.09,0.1,63.6,19.0,99.0
TaxiAlgorithmP2PCollector,3,1000,10,50,1,greedy,1,4,1,SPATIAL_ISLANDS,Custom Time [micros],5,0.0,0.0,0.0,0.0,0.0,0.0,0.0
TaxiAlgorithmP2PCollector,3,1000,10,100,1,greedy,1,4,1,SPATIAL_ISLANDS,Taxi Travel Distance [km],5,12.242,2.5155389084647446,7.91,15.76,39.382,28.59,70.0
TaxiAlgorithmP2PCollector,3,1000,10,100,1,greedy,1,4,1,SPATIAL_ISLANDS,Client Waiting Time [min],5,146.33599999999998,47.32434578522982,64.1,199.32,350.898,125.05,508.8
TaxiAlgorithmP2PCollector,3,1000,10,100,1,greedy,1,4,1,SPATIAL_ISLANDS,Client Travel Time [min],5,11072.383999999998,1021.887969292133,10235.52,13070.97,30292.2,27893.0,34540.0
TaxiAlgorithmP2PCollector,3,1000,10,100,1,greedy,1,4,1,SPATIAL_ISLANDS,Calculation Time [millis],5,0.10400000000000001,0.004898979485566354,0.1,0.11,79.8,63.0,99.0
TaxiAlgorithmP2PCollector,3,1000,10,100,1,greedy,1,4,1,SPATIAL_ISLANDS,Custom Time [micros],5,0.0,0.0,0.0,0.0,0.0,0.0,0.0
TaxiAlgorithmP2PCollector,3,5000,5,25,1,nearest,1,4,1,BASELINE,Taxi Travel Distance [km],5,29.564,8.290670901682203,17.87,42.56,54.294000000000004,44.42,62.059999999999995
TaxiAlgorithmP2PCollector,3,5000,5,25,1,nearest,1,4,1,BASELINE,Client Waiting Time [min],5,70.342,37.32803632660041,29.59,140.07,282.41600000000005,124.57000000000001,593.9300000000001
TaxiAlgorithmP2PCollector,3,5000,5,25,1,nearest,1,4,1,BASELINE,Client Travel Time [min],5,8431.439999999999,1871.6946831361142,5539.48,10871.88,29865.2,24491.0,35800.0
TaxiAlgorithmP2PCollector,3,5000,5,25,1,nearest,1,4,1,BASELINE,Calculation Time [millis],5,0.03,0.0,0.03,0.03,8.2,0.0,29.0
TaxiAlgorithmP2PCollector,3,5000,5,25,1,nearest,1,4,1,BASELINE,Custom Time [micros],5,0.0,0.0,0.0,0.0,0.0,0.0,0.0
TaxiAlgorithmP2PCollector,3,5000,5,50,1,nearest,1,4,1,BASELINE,Taxi Travel Distance [km],5,63.926,6.455591684733476,53.35,73.14,116.50399999999999,51.330000000000005,143.47
TaxiAlgorithmP2PCollector,3,5000,5,50,1,nearest,1,4,1,BASELINE,Client Waiting Time [min],5,80.794,16.88527595273468,58.83,108.68,380.27599999999995,270.58000000000004,484.29
TaxiAlgorithmP2PCollector,3,5000,5,50,1,nearest,1,4,1,BASELINE,Client Travel Time [min],5,8082.692000000001,589.659903822534,7296.14,8904.94,28170.8,24491.0,31622.0
TaxiAlgorithmP2PCollector,3,5000,5,50,1,nearest,1,4,1,BASELINE,Calculation Time [millis],5,0.03,0.0,0.03,0.03,13.2,0.0,36.0
TaxiAlgorithmP2PCollector,3,5000,5,50,1,nearest,1,4,1,BASELINE,Custom Time [micros],5,0.0,0.0,0.0,0.0,0.0,0.0,0.0
TaxiAlgorithmP2PCollector,3,5000,10,50,1,nearest,1,4,1,BASELINE,Taxi Travel Distance [km],5,49.594,4.668852535687971,43.04,57.26,101.50999999999999,68.84,135.61
TaxiAlgorithmP2PCollector,3,5000,10,50,1,nearest,1,4,1,BASELINE,Client Waiting Time [min],5,64.416,14.139652895315358,50.2,89.75,365.12,307.99,484.29
TaxiAlgorithmP2PCollector,3,5000,10,50,1,nearest,1,4,1,BASELINE,Client Travel Time [min],5,6160.892,1152.3850450678367,4522.84,7732.46,24674.2,19011.0,29135.0
TaxiAlgorithmP2PCollector,3,5000,10,50,1,nearest,1,4,1,BASELINE,Calculation Time [millis],5,0.09,0.0,0.09,0.09,52.6,49.0,56.0
TaxiAlgorithmP2PCollector,3,5000,10,50,1,nearest,1,4,1,BASELINE,Custom Time [micros],5,0.0,0.0,0.0,0.0,0.0,0.0,0.0
TaxiAlgorithmP2PCollector,3,5000,10,100,1,nearest,1,4,1,BASELINE,Taxi Travel Distance [km],5,83.69399999999999,4.968350229200836,76.73,89.87,127.934,88.78,169.11
TaxiAlgorithmP2PCollector,3,5000,10,100,1,nearest,1,4,1,BASELINE,Client Waiting Time [min],5,85.172,16.652605081487998,59.56,110.05,445.532,378.9,510.41999999999996
TaxiAlgorithmP2PCollector,3,5000,10,100,1,nearest,1,4,1,BASELINE,Client Travel Time [min],5,7471.530000000001,950.1012938839729,6203.06,8655.46,28645.4,24491.0,30851.0
TaxiAlgorithmP2PCollector,3,5000,10,100,1,nearest,1,4,1,BASELINE,Calculation Time [millis],5,0.1,0.0,0.1,0.1,70.8,56.0,85.0
TaxiAlgorithmP2PCollector,3,5000,10,100,1,nearest,1,4,1,BASELINE,Custom Time [micros],5,0.0,0.0,0.0,0.0,0.0,0.0,0.0
TaxiAlgorithmP2PCollector,3,5000,5,25,1,nearest,1,4,1,RUSH_HOUR,Taxi Travel Distance [km],5,32.501999999999995,15.1186009934782,12.01,52.2,64.63399999999999,28.11,138.76
TaxiAlgorithmP2PCollector,3,5000,5,25,1,nearest,1,4,1,RUSH_HOUR,Client Waiting Time [min],5,84.05000000000001,24.687825339628443,56.74,130.02,273.948,140.10999999999999,367.58
TaxiAlgorithmP2PCollector,3,5000,5,25,1,nearest,1,4,1,RUSH_HOUR,Client Travel Time [min],5,8667.967999999999,1359.5152511156323,6292.44,9995.2,31454.4,26464.0,37256.0
TaxiAlgorithmP2PCollector,3,5000,5,25,1,nearest,1,4,1,RUSH_HOUR,Calculation Time [millis],5,0.03,0.0,0.03,0.03,21.6,0.0,50.0
TaxiAlgorithmP2PCollector,3,5000,5,25,1,nearest,1,4,1,RUSH_HOUR,Custom Time [micros],5,0.0,0.0,0.0,0.0,0.0,0.0,0.0
TaxiAlgorithmP2PCollector,3,5000,5,50,1,nearest,1,4,1,RUSH_HOUR,Taxi Travel Distance [km],5,60.512,16.916904444962736,34.19,86.96,104.006,53.83,143.59
TaxiAlgorithmP2PCollector,3,5000,5,50,1,nearest,1,4,1,RUSH_HOUR,Client Waiting Time [min],5,121.46399999999998,33.033762486280615,58.51,153.52,420.634,345.43,463.63
TaxiAlgorithmP2PCollector,3,5000,5,50,1,nearest,1,4,1,RUSH_HOUR,Client Travel Time [min],5,9809.928,519.5158564047878,9199.4,10692.74,29923.6,25585.0,33562.0
TaxiAlgorithmP2PCollector,3,5000,5,50,1,nearest,1,4,1,RUSH_HOUR,Calculation Time [millis],5,0.03,0.0,0.03,0.03,29.2,0.0,59.0
TaxiAlgorithmP2PCollector,3,5000,5,50,1,nearest,1,4,1,RUSH_HOUR,Custom Time [micros],5,0.0,0.0,0.0,0.0,0.0,0.0,0.0
TaxiAlgorithmP2PCollector,3,5000,10,50,1,nearest,1,4,1,RUSH_HOUR,Taxi Travel Distance [km],5,45.146,9.319589261335501,28.64,53.79,99.38799999999999,51.25,128.34
TaxiAlgorithmP2PCollector,3,5000,10,50,1,nearest,1,4,1,RUSH_HOUR,Client Waiting Time [min],5,74.072,21.841942587599668,45.63,95.76,368.40599999999995,263.15,431.82
TaxiAlgorithmP2PCollector,3,5000,10,50,1,nearest,1,4,1,RUSH_HOUR,Client Travel Time [min],5,7680.2919999999995,827.9096906885436,6116.32,8429.96,29085.8,25973.0,32803.0
TaxiAlgorithmP2PCollector,3,5000,10,50,1,nearest,1,4,1,RUSH_HOUR,Calculation Time [millis],5,0.09,0.0,0.09,0.09,64.2,53.0,88.0
TaxiAlgorithmP2PCollector,3,5000,10,50,1,nearest,1,4,1,RUSH_HOUR,Custom Time [micros],5,0.0,0.0,0.0,0.0,0.0,0.0,0.0
TaxiAlgorithmP2PCollector,3,5000,10,100,1,nearest,1,4,1,RUSH_HOUR,Taxi Travel Distance [km],5,69.878,11.690114456240366,51.89,81.45,110.816,55.05,169.24
TaxiAlgorithmP2PCollector,3,5000,10,100,1,nearest,1,4,1,RUSH_HOUR,Client Waiting Time [min],5,90.22200000000001,16.804984260629343,64.45,116.13,428.258,379.32,522.0500000000001
TaxiAlgorithmP2PCollector,3,5000,10,100,1,nearest,1,4,1,RUSH_HOUR,Client Travel Time [min],5,9077.514,729.8463622598938,7856.47,9893.87,30233.0,27651.0,32687.0
TaxiAlgorithmP2PCollector,3,5000,10,100,1,nearest,1,4,1,RUSH_HOUR,Calculation Time [millis],5,0.1,0.0,0.1,0.1,76.4,59.0,93.0
TaxiAlgorithmP2PCollector,3,5000,10,100,1,nearest,1,4,1,RUSH_HOUR,Custom Time [micros],5,0.0,0.0,0.0,0.0,0.0,0.0,0.0
TaxiAlgorithmP2PCollector,3,5000,5,25,1,nearest,1,4,1,SPATIAL_IMBALANCE,Taxi Travel Distance [km],5,27.012,6.350128817591026,18.94,35.07,49.154,36.43,66.28999999999999
TaxiAlgorithmP2PCollector,3,5000,5,25,1,nearest,1,4,1,SPATIAL_IMBALANCE,Client Waiting Time [min],5,81.524,34.95823714090858,35.52,125.91,237.266,86.83,417.25
TaxiAlgorithmP2PCollector,3,5000,5,25,1,nearest,1,4,1,SPATIAL_IMBALANCE,Client Travel Time [min],5,7864.0160000000005,1895.2605458627586,4668.32,10484.2,27082.4,19019.0,33183.0
TaxiAlgorithmP2PCollector,3,5000,5,25,1,nearest,1,4,1,SPATIAL_IMBALANCE,Calculation Time [millis],5,0.03,0.0,0.03,0.03,34.0,15.0,52.0
TaxiAlgorithmP2PCollector,3,5000,5,25,1,nearest,1,4,1,SPATIAL_IMBALANCE,Custom Time [micros],5,0.0,0.0,0.0,0.0,0.0,0.0,0.0
TaxiAlgorithmP2PCollector,3,5000,5,50,1,nearest,1,4,1,SPATIAL_IMBALANCE,Taxi Travel Distance [km],5,47.34599999999999,3.803201809002513,40.52,51.32,79.03200000000001,11.969999999999999,122.17
TaxiAlgorithmP2PCollector,3,5000,5,50,1,nearest,1,4,1,SPATIAL_IMBALANCE,Client Waiting Time [min],5,86.1,21.807865553510734,52.51,112.02,321.946,233.81,452.04999999999995
TaxiAlgorithmP2PCollector,3,5000,5,50,1,nearest,1,4,1,SPATIAL_IMBALANCE,Client Travel Time [min],5,7979.1,907.030248227698,6505.76,9324.64,27043.6,19019.0,33183.0
TaxiAlgorithmP2PCollector,3,5000,5,50,1,nearest,1,4,1,SPATIAL_IMBALANCE,Calculation Time [millis],5,0.03,0.0,0.03,0.03,26.4,0.0,41.0
TaxiAlgorithmP2PCollector,3,5000,5,50,1,nearest,1,4,1,SPATIAL_IMBALANCE,Custom Time [micros],5,0.0,0.0,0.0,0.0,0.0,0.0,0.0
TaxiAlgorithmP2PCollector,3,5000,10,50,1,nearest,1,4,1,SPATIAL_IMBALANCE,Taxi Travel Distance [km],5,28.82,6.676091671030289,21.28,41.15,69.476,45.85,113.41
TaxiAlgorithmP2PCollector,3,5000,10,50,1,nearest,1,4,1,SPATIAL_IMBALANCE,Client Waiting Time [min],5,74.31400000000001,20.524160007172036,55.95,114.14,323.706,212.70000000000002,483.97
TaxiAlgorithmP2PCollector,3,5000,10,50,1,nearest,1,4,1,SPATIAL_IMBALANCE,Client Travel Time [min],5,6392.024,1293.009557483625,4878.56,8700.02,23573.8,16484.0,29118.0
TaxiAlgorithmP2PCollector,3,5000,10,50,1,nearest,1,4,1,SPATIAL_IMBALANCE,Calculation Time [millis],5,0.096,0.00489897948556636,0.09,0.1,63.8,30.0,79.0
TaxiAlgorithmP2PCollector,3,5000,10,50,1,nearest,1,4,1,SPATIAL_IMBALANCE,Custom Time [micros],5,0.0,0.0,0.0,0.0,0.0,0.0,0.0
TaxiAlgorithmP2PCollector,3,5000,10,100,1,nearest,1,4,1,SPATIAL_IMBALANCE,Taxi Travel Distance [km],5,55.025999999999996,9.849894618725624,43.53,72.4,107.71199999999999,59.03,148.35
TaxiAlgorithmP2PCollector,3,5000,10,100,1,nearest,1,4,1,SPATIAL_IMBALANCE,Client Waiting Time [min],5,91.684,21.261693817755905,66.68,128.89,414.15600000000006,270.06,521.07
TaxiAlgorithmP2PCollector,3,5000,10,100,1,nearest,1,4,1,SPATIAL_IMBALANCE,Client Travel Time [min],5,7270.2,834.0074978080235,6351.87,8666.61,28848.8,25039.0,31534.0
TaxiAlgorithmP2PCollector,3,5000,10,100,1,nearest,1,4,1,SPATIAL_IMBALANCE,Calculation Time [millis],5,0.1,0.0,0.1,0.1,70.4,56.0,91.0
TaxiAlgorithmP2PCollector,3,5000,10,100,1,nearest,1,4,1,SPATIAL_IMBALANCE,Custom Time [micros],5,0.0,0.0,0.0,0.0,0.0,0.0,0.0
TaxiAlgorithmP2PCollector,3,5000,5,25,1,nearest,1,4,1,SPATIAL_ISLANDS,Taxi Travel Distance [km],5,29.103999999999996,7.6084521421902895,15.58,36.8,54.238,24.459999999999997,84.96
TaxiAlgorithmP2PCollector,3,5000,5,25,1,nearest,1,4,1,SPATIAL_ISLANDS,Client Waiting Time [min],5,118.982,56.11888359545297,33.82,181.37,319.88199999999995,129.75,483.65000000000003
TaxiAlgorithmP2PCollector,3,5000,5,25,1,nearest,1,4,1,SPATIAL_ISLANDS,Client Travel Time [min],5,9097.456,2169.5333388874205,6670.64,12147.16,28417.0,20094.0,34752.0
TaxiAlgorithmP2PCollector,3,5000,5,25,1,nearest,1,4,1,SPATIAL_ISLANDS,Calculation Time [millis],5,0.03,0.0,0.03,0.03,35.4,0.0,49.0
TaxiAlgorithmP2PCollector,3,5000,5,25,1,nearest,1,4,1,SPATIAL_ISLANDS,Custom Time [micros],5,0.0,0.0,0.0,0.0,0.0,0.0,0.0
TaxiAlgorithmP2PCollector,3,5000,5,50,1,nearest,1,4,1,SPATIAL_ISLANDS,Taxi Travel Distance [km],5,45.727999999999994,11.860130522047385,34.82,68.5,76.24199999999999,37.03,132.64
TaxiAlgorithmP2PCollector,3,5000,5,50,1,nearest,1,4,1,SPATIAL_ISLANDS,Client Waiting Time [min],5,123.36800000000001,38.89223233500489,88.01,192.78,352.24399999999997,277.92,473.07
TaxiAlgorithmP2PCollector,3,5000,5,50,1,nearest,1,4,1,SPATIAL_ISLANDS,Client Travel Time [min],5,9699.484,2240.614045743711,7015.54,13135.26,30047.6,22647.0,34752.0
TaxiAlgorithmP2PCollector,3,5000,5,50,1,nearest,1,4,1,SPATIAL_ISLANDS,Calculation Time [millis],5,0.03,0.0,0.03,0.03,12.8,6.0,18.0
TaxiAlgorithmP2PCollector,3,5000,5,50,1,nearest,1,4,1,SPATIAL_ISLANDS,Custom Time [micros],5,0.0,0.0,0.0,0.0,0.0,0.0,0.0
TaxiAlgorithmP2PCollector,3,5000,10,50,1,nearest,1,4,1,SPATIAL_ISLANDS,Taxi Travel Distance [km],5,38.99400000000001,4.6634948268439205,29.99,42.42,82.47,60.55,97.4
TaxiAlgorithmP2PCollector,3,5000,10,50,1,nearest,1,4,1,SPATIAL_ISLANDS,Client Waiting Time [min],5,93.838,17.224310029722524,67.73,119.72,340.724,270.04999999999995,446.57
TaxiAlgorithmP2PCollector,3,5000,10,50,1,nearest,1,4,1,SPATIAL_ISLANDS,Client Travel Time [min],5,7834.5199999999995,1282.9545292020289,6559.36,9907.58,27163.2,22534.0,34540.0
TaxiAlgorithmP2PCollector,3,5000,10,50,1,nearest,1,4,1,SPATIAL_ISLANDS,Calculation Time [millis],5,0.092,0.0040000000000000036,0.09,0.1,65.2,46.0,97.0
TaxiAlgorithmP2PCollector,3,5000,10,50,1,nearest,1,4,1,SPATIAL_ISLANDS,Custom Time [micros],5,0.0,0.0,0.0,0.0,0.0,0.0,0.0
TaxiAlgorithmP2PCollector,3,5000,10,100,1,nearest,1,4,1,SPATIAL_ISLANDS,Taxi Travel Distance [km],5,53.516,6.449535177049585,46.51,64.06,91.04400000000001,71.54,114.01
TaxiAlgorithmP2PCollector,3,5000,10,100,1,nearest,1,4,1,SPATIAL_ISLANDS,Client Waiting Time [min],5,115.21600000000001,18.169636870339485,92.58,143.66,397.444,326.08,459.2
TaxiAlgorithmP2PCollector,3,5000,10,100,1,nearest,1,4,1,SPATIAL_ISLANDS,Client Travel Time [min],5,8981.048,1200.577907066426,7634.1,11212.33,28509.6,25425.0,34540.0
TaxiAlgorithmP2PCollector,3,5000,10,100,1,nearest,1,4,1,SPATIAL_ISLANDS,Calculation Time [millis],5,0.10200000000000001,0.0039999999999999975,0.1,0.11,69.4,53.0,90.0
TaxiAlgorithmP2PCollector,3,5000,10,100,1,nearest,1,4,1,SPATIAL_ISLANDS,Custom Time [micros],5,0.0,0.0,0.0,0.0,0.0,0.0,0.0
TaxiAlgorithmP2PCollector,3,5000,5,25,1,greedy,1,4,1,BASELINE,Taxi Travel Distance [km],5,29.564,8.290670901682203,17.87,42.56,54.294000000000004,44.42,62.059999999999995
TaxiAlgorithmP2PCollector,3,5000,5,25,1,greedy,1,4,1,BASELINE,Client Waiting Time [min],5,70.342,37.32803632660041,29.59,140.07,282.41600000000005,124.57000000000001,593.9300000000001
TaxiAlgorithmP2PCollector,3,5000,5,25,1,greedy,1,4,1,BASELINE,Client Travel Time [min],5,8431.439999999999,1871.6946831361142,5539.48,10871.88,29865.2,24491.0,35800.0
TaxiAlgorithmP2PCollector,3,5000,5,25,1,greedy,1,4,1,BASELINE,Calculation Time [millis],5,0.03,0.0,0.03,0.03,15.4,0.0,47.0
TaxiAlgorithmP2PCollector,3,5000,5,25,1,greedy,1,4,1,BASELINE,Custom Time [micros],5,0.0,0.0,0.0,0.0,0.0,0.0,0.0
TaxiAlgorithmP2PCollector,3,5000,5,50,1,greedy,1,4,1,BASELINE,Taxi Travel Distance [km],5,63.926,6.455591684733476,53.35,73.14,116.50399999999999,51.330000000000005,143.47
TaxiAlgorithmP2PCollector,3,5000,5,50,1,greedy,1,4,1,BASELINE,Client Waiting Time [min],5,80.794,16.88527595273468,58.83,108.68,380.27599999999995,270.58000000000004,484.29
TaxiAlgorithmP2PCollector,3,5000,5,50,1,greedy,1,4,1,BASELINE,Client Travel Time [min],5,8082.692000000001,589.659903822534,7296.14,8904.94,28170.8,24491.0,31622.0
TaxiAlgorithmP2PCollector,3,5000,5,50,1,greedy,1,4,1,BASELINE,Calculation Time [millis],5,0.03,0.0,0.03,0.03,14.0,0.0,27.0
TaxiAlgorithmP2PCollector,3,5000,5,50,1,greedy,1,4,1,BASELINE,Custom Time [micros],5,0.0,0.0,0.0,0.0,0.0,0.0,0.0
TaxiAlgorithmP2PCollector,3,5000,10,50,1,greedy,1,4,1,BASELINE,Taxi Travel Distance [km],5,49.594,4.668852535687971,43.04,57.26,101.50999999999999,68.84,135.61
TaxiAlgorithmP2PCollector,3,5000,10,50,1,greedy,1,4,1,BASELINE,Client Waiting Time [min],5,64.416,14.139652895315358,50.2,89.75,365.12,307.99,484.29
TaxiAlgorithmP2PCollector,3,5000,10,50,1,greedy,1,4,1,BASELINE,Client Travel Time [min],5,6160.892,1152.3850450678367,4522.84,7732.46,24674.2,19011.0,29135.0
TaxiAlgorithmP2PCollector,3,5000,10,50,1,greedy,1,4,1,BASELINE,Calculation Time [millis],5,0.092,0.0040000000000000036,0.09,0.1,55.6,43.0,72.0
TaxiAlgorithmP2PCollector,3,5000,10,50,1,greedy,1,4,1,BASELINE,Custom Time [micros],5,0.0,0.0,0.0,0.0,0.0,0.0,0.0
TaxiAlgorithmP2PCollector,3,5000,10,100,1,greedy,1,4,1,BASELINE,Taxi Travel Distance [km],5,84.726,6.456923725738132,76.73,95.03,133.696,88.78,169.18
TaxiAlgorithmP2PCollector,3,5000,10,100,1,greedy,1,4,1,BASELINE,Client Waiting Time [min],5,81.22200000000001,23.282054376708253,39.81,110.05,428.908,295.78,510.41999999999996
TaxiAlgorithmP2PCollector,3,5000,10,100,1,greedy,1,4,1,BASELINE,Client Travel Time [min],5,7388.942,1067.4719576344849,5790.12,8655.46,29667.0,28241.0,30851.0
TaxiAlgorithmP2PCollector,3,5000,10,100,1,greedy,1,4,1,BASELINE,Calculation Time [millis],5,0.1,0.0,0.1,0.1,70.2,59.0,83.0
TaxiAlgorithmP2PCollector,3,5000,10,100,1,greedy,1,4,1,BASELINE,Custom Time [micros],5,0.0,0.0,0.0,0.0,0.0,0.0,0.0
TaxiAlgorithmP2PCollector,3,5000,5,25,1,greedy,1,4,1,RUSH_HOUR,Taxi Travel Distance [km],5,32.501999999999995,15.1186009934782,12.01,52.2,64.63399999999999,28.11,138.76
TaxiAlgorithmP2PCollector,3,5000,5,25,1,greedy,1,4,1,RUSH_HOUR,Client Waiting Time [min],5,84.05000000000001,24.687825339628443,56.74,130.02,273.948,140.10999999999999,367.58
TaxiAlgorithmP2PCollector,3,5000,5,25,1,greedy,1,4,1,RUSH_HOUR,Client Travel Time [min],5,8667.967999999999,1359.5152511156323,6292.44,9995.2,31454.4,26464.0,37256.0
TaxiAlgorithmP2PCollector,3,5000,5,25,1,greedy,1,4,1,RUSH_HOUR,Calculation Time [millis],5,0.03,0.0,0.03,0.03,22.4,14.0,37.0
TaxiAlgorithmP2PCollector,3,5000,5,25,1,greedy,1,4,1,RUSH_HOUR,Custom Time [micros],5,0.0,0.0,0.0,0.0,0.0,0.0,0.0
TaxiAlgorithmP2PCollector,3,5000,5,50,1,greedy,1,4,1,RUSH_HOUR,Taxi Travel Distance [km],5,60.512,16.916904444962736,34.19,86.96,104.006,53.83,143.59
TaxiAlgorithmP2PCollector,3,5000,5,50,1,greedy,1,4,1,RUSH_HOUR,Client Waiting Time [min],5,121.46399999999998,33.033762486280615,58.51,153.52,420.634,345.43,463.63
TaxiAlgorithmP2PCollector,3,5000,5,50,1,greedy,1,4,1,RUSH_HOUR,Client Travel Time [min],5,9809.928,519.5158564047878,9199.4,10692.74,29923.6,25585.0,33562.0
TaxiAlgorithmP2PCollector,3,5000,5,50,1,greedy,1,4,1,RUSH_HOUR,Calculation Time [millis],5,0.03,0.0,0.03,0.03,37.6,34.0,41.0
TaxiAlgorithmP2PCollector,3,5000,5,50,1,greedy,1,4,1,RUSH_HOUR,Custom Time [micros],5,0.0,0.0,0.0,0.0,0.0,0.0,0.0
TaxiAlgorithmP2PCollector,3,5000,10,50,1,greedy,1,4,1,RUSH_HOUR,Taxi Travel Distance [km],5,45.146,9.319589261335501,28.64,53.79,99.38799999999999,51.25,128.34
TaxiAlgorithmP2PCollector,3,5000,10,50,1,greedy,1,4,1,RUSH_HOUR,Client Waiting Time [min],5,74.072,21.841942587599668,45.63,95.76,368.40599999999995,263.15,431.82
TaxiAlgorithmP2PCollector,3,5000,10,50,1,greedy,1,4,1,RUSH_HOUR,Client Travel Time [min],5,7680.2919999999995,827.9096906885436,6116.32,8429.96,29085.8,25973.0,32803.0
TaxiAlgorithmP2PCollector,3,5000,10,50,1,greedy,1,4,1,RUSH_HOUR,Calculation Time [millis],5,0.09,0.0,0.09,0.09,69.4,53.0,82.0
TaxiAlgorithmP2PCollector,3,5000,10,50,1,greedy,1,4,1,RUSH_HOUR,Custom Time [micros],5,0.0,0.0,0.0,0.0,0.0,0.0,0.0
TaxiAlgorithmP2PCollector,3,5000,10,100,1,greedy,1,4,1,RUSH_HOUR,Taxi Travel Distance [km],5,69.878,11.690114456240366,51.89,81.45,110.816,55.05,169.24
TaxiAlgorithmP2PCollector,3,5000,10,100,1,greedy,1,4,1,RUSH_HOUR,Client Waiting Time [min],5,90.22200000000001,16.804984260629343,64.45,116.13,428.258,379.32,522.0500000000001
TaxiAlgorithmP2PCollector,3,5000,10,100,1,greedy,1,4,1,RUSH_HOUR,Client Travel Time [min],5,9077.514,729.8463622598938,7856.47,9893.87,30233.0,27651.0,32687.0
TaxiAlgorithmP2PCollector,3,5000,10,100,1,greedy,1,4,1,RUSH_HOUR,Calculation Time [millis],5,0.1,0.0,0.1,0.1,78.2,72.0,85.0
TaxiAlgorithmP2PCollector,3,5000,10,100,1,greedy,1,4,1,RUSH_HOUR,Custom Time [micros],5,0.0,0.0,0.0,0.0,0.0,0.0,0.0
TaxiAlgorithmP2PCollector,3,5000,5,25,1,greedy,1,4,1,SPATIAL_IMBALANCE,Taxi Travel Distance [km],5,27.012,6.350128817591026,18.94,35.07,49.154,36.43,66.28999999999999
TaxiAlgorithmP2PCollector,3,5000,5,25,1,greedy,1,4,1,SPATIAL_IMBALANCE,Client Waiting Time [min],5,81.524,34.95823714090858,35.52,125.91,237.266,86.83,417.25
TaxiAlgorithmP2PCollector,3,5000,5,25,1,greedy,1,4,1,SPATIAL_IMBALANCE,Client Travel Time [min],5,7864.0160000000005,1895.2605458627586,4668.32,10484.2,27082.4,19019.0,33183.0
TaxiAlgorithmP2PCollector,3,5000,5,25,1,greedy,1,4,1,SPATIAL_IMBALANCE,Calculation Time [millis],5,0.03,0.0,0.03,0.03,24.6,0.0,54.0
TaxiAlgorithmP2PCollector,3,5000,5,25,1,greedy,1,4,1,SPATIAL_IMBALANCE,Custom Time [micros],5,0.0,0.0,0.0,0.0,0.0,0.0,0.0
TaxiAlgorithmP2PCollector,3,5000,5,50,1,greedy,1,4,1,SPATIAL_IMBALANCE,Taxi Travel Distance [km],5,47.34599999999999,3.803201809002513,40.52,51.32,79.03200000000001,11.969999999999999,122.17
TaxiAlgorithmP2PCollector,3,5000,5,50,1,greedy,1,4,1,SPATIAL_IMBALANCE,Client Waiting Time [min],5,86.1,21.807865553510734,52.51,112.02,321.946,233.81,452.04999999999995
TaxiAlgorithmP2PCollector,3,5000,5,50,1,greedy,1,4,1,SPATIAL_IMBALANCE,Client Travel Time [min],5,7979.1,907.030248227698,6505.76,9324.64,27043.6,19019.0,33183.0
TaxiAlgorithmP2PCollector,3,5000,5,50,1,greedy,1,4,1,SPATIAL_IMBALANCE,Calculation Time [millis],5,0.03,0.0,0.03,0.03,15.0,0.0,37.0
TaxiAlgorithmP2PCollector,3,5000,5,50,1,greedy,1,4,1,SPATIAL_IMBALANCE,Custom Time [micros],5,0.0,0.0,0.0,0.0,0.0,0.0,0.0
TaxiAlgorithmP2PCollector,3,5000,10,50,1,greedy,1,4,1,SPATIAL_IMBALANCE,Taxi Travel Distance [km],5,28.82,6.676091671030289,21.28,41.15,69.476,45.85,113.41
TaxiAlgorithmP2PCollector,3,5000,10,50,1,greedy,1,4,1,SPATIAL_IMBALANCE,Client Waiting Time [min],5,74.31400000000001,20.524160007172036,55.95,114.14,323.706,212.70000000000002,483.97
TaxiAlgorithmP2PCollector,3,5000,10,50,1,greedy,1,4,1,SPATIAL_IMBALANCE,Client Travel Time [min],5,6392.024,1293.009557483625,4878.56,8700.02,23573.8,16484.0,29118.0
TaxiAlgorithmP2PCollector,3,5000,10,50,1,greedy,1,4,1,SPATIAL_IMBALANCE,Calculation Time [millis],5,0.09,0.0,0.09,0.09,58.0,41.0,80.0
TaxiAlgorithmP2PCollector,3,5000,10,50,1,greedy,1,4,1,SPATIAL_IMBALANCE,Custom Time [micros],5,0.0,0.0,0.0,0.0,0.0,0.0,0.0
TaxiAlgorithmP2PCollector,3,5000,10,100,1,greedy,1,4,1,SPATIAL_IMBALANCE,Taxi Travel Distance [km],5,55.025999999999996,9.849894618725624,43.53,72.4,107.71199999999999,59.03,148.35
TaxiAlgorithmP2PCollector,3,5000,10,100,1,greedy,1,4,1,SPATIAL_IMBALANCE,Client Waiting Time [min],5,91.684,21.261693817755905,66.68,128.89,414.15600000000006,270.06,521.07
TaxiAlgorithmP2PCollector,3,5000,10,100,1,greedy,1,4,1,SPATIAL_IMBALANCE,Client Travel Time [min],5,7270.2,834.0074978080235,6351.87,8666.61,28848.8,25039.0,31534.0
TaxiAlgorithmP2PCollector,3,5000,10,100,1,greedy,1,4,1,SPATIAL_IMBALANCE,Calculation Time [millis],5,0.1,0.0,0.1,0.1,67.2,51.0,79.0
TaxiAlgorithmP2PCollector,3,5000,10,100,1,greedy,1,4,1,SPATIAL_IMBALANCE,Custom Time [micros],5,0.0,0.0,0.0,0.0,0.0,0.0,0.0
TaxiAlgorithmP2PCollector,3,5000,5,25,1,greedy,1,4,1,SPATIAL_ISLANDS,Taxi Travel Distance [km],5,29.103999999999996,7.6084521421902895,15.58,36.8,54.238,24.459999999999997,84.96
TaxiAlgorithmP2PCollector,3,5000,5,25,1,greedy,1,4,1,SPATIAL_ISLANDS,Client Waiting Time [min],5,118.982,56.11888359545297,33.82,181.37,319.88199999999995,129.75,483.65000000000003
TaxiAlgorithmP2PCollector,3,5000,5,25,1,greedy,1,4,1,SPATIAL_ISLANDS,Client Travel Time [min],5,9097.456,2169.5333388874205,6670.64,12147.16,28417.0,20094.0,34752.0
TaxiAlgorithmP2PCollector,3,5000,5,25,1,greedy,1,4,1,SPATIAL_ISLANDS,Calculation Time [millis],5,0.03,0.0,0.03,0.03,34.2,0.0,59.0
TaxiAlgorithmP2PCollector,3,5000,5,25,1,greedy,1,4,1,SPATIAL_ISLANDS,Custom Time [micros],5,0.0,0.0,0.0,0.0,0.0,0.0,0.0
TaxiAlgorithmP2PCollector,3,5000,5,50,1,greedy,1,4,1,SPATIAL_ISLANDS,Taxi Travel Distance [km],5,45.727999999999994,11.860130522047385,34.82,68.5,76.24199999999999,37.03,132.64
TaxiAlgorithmP2PCollector,3,5000,5,50,1,greedy,1,4,1,SPATIAL_ISLANDS,Client Waiting Time [min],5,123.36800000000001,38.89223233500489,88.01,192.78,352.24399999999997,277.92,473.07
TaxiAlgorithmP2PCollector,3,5000,5,50,1,greedy,1,4,1,SPATIAL_ISLANDS,Client Travel Time [min],5,9699.484,2240.614045743711,7015.54,13135.26,30047.6,22647.0,34752.0
TaxiAlgorithmP2PCollector,3,5000,5,50,1,greedy,1,4,1,SPATIAL_ISLANDS,Calculation Time [millis],5,0.03,0.0,0.03,0.03,29.8,0.0,41.0
TaxiAlgorithmP2PCollector,3,5000,5,50,1,greedy,1,4,1,SPATIAL_ISLANDS,Custom Time [micros],5,0.0,0.0,0.0,0.0,0.0,0.0,0.0
TaxiAlgorithmP2PCollector,3,5000,10,50,1,greedy,1,4,1,SPATIAL_ISLANDS,Taxi Travel Distance [km],5,38.99400000000001,4.6634948268439205,29.99,42.42,82.47,60.55,97.4
TaxiAlgorithmP2PCollector,3,5000,10,50,1,greedy,1,4,1,SPATIAL_ISLANDS,Client Waiting Time [min],5,93.838,17.224310029722524,67.73,119.72,340.724,270.04999999999995,446.57
TaxiAlgorithmP2PCollector,3,5000,10,50,1,greedy,1,4,1,SPATIAL_ISLANDS,Client Travel Time [min],5,7834.5199999999995,1282.9545292020289,6559.36,9907.58,27163.2,22534.0,34540.0
TaxiAlgorithmP2PCollector,3,5000,10,50,1,greedy,1,4,1,SPATIAL_ISLANDS,Calculation Time [millis],5,0.094,0.004898979485566361,0.09,0.1,70.4,56.0,98.0
TaxiAlgorithmP2PCollector,3,5000,10,50,1,greedy,1,4,1,SPATIAL_ISLANDS,Custom Time [micros],5,0.0,0.0,0.0,0.0,0.0,0.0,0.0
TaxiAlgorithmP2PCollector,3,5000,10,100,1,greedy,1,4,1,SPATIAL_ISLANDS,Taxi Travel Distance [km],5,53.516,6.449535177049585,46.51,64.06,91.04400000000001,71.54,114.01
TaxiAlgorithmP2PCollector,3,5000,10,100,1,greedy,1,4,1,SPATIAL_ISLANDS,Client Waiting Time [min],5,115.21600000000001,18.169636870339485,92.58,143.66,397.444,326.08,459.2
TaxiAlgorithmP2PCollector,3,5000,10,100,1,greedy,1,4,1,SPATIAL_ISLANDS,Client Travel Time [min],5,8981.048,1200.577907066426,7634.1,11212.33,28509.6,25425.0,34540.0
TaxiAlgorithmP2PCollector,3,5000,10,100,1,greedy,1,4,1,SPATIAL_ISLANDS,Calculation Time [millis],5,0.1,0.0,0.1,0.1,79.2,63.0,87.0
TaxiAlgorithmP2PCollector,3,5000,10,100,1,greedy,1,4,1,SPATIAL_ISLANDS,Custom Time [micros],5,0.0,0.0,0.0,0.0,0.0,0.0,0.0
TaxiAlgorithmP2PCollector,10,500,5,25,1,nearest,1,4,1,BASELINE,Taxi Travel Distance [km],5,1.564,1.583977272564225,0.0,4.2,6.795999999999999,0.0,20.98
TaxiAlgorithmP2PCollector,10,500,5,25,1,nearest,1,4,1,BASELINE,Client Waiting Time [min],5,24.05,29.558453274824785,0.0,66.97,16.606,0.0,83.03
TaxiAlgorithmP2PCollector,10,500,5,25,1,nearest,1,4,1,BASELINE,Client Travel Time [min],5,11947.032000000001,1085.9074475184339,10506.24,13291.4,31257.2,27742.0,35845.0
TaxiAlgorithmP2PCollector,10,500,5,25,1,nearest,1,4,1,BASELINE,Calculation Time [millis],5,0.03,0.0,0.03,0.03,13.2,0.0,31.0
TaxiAlgorithmP2PCollector,10,500,5,25,1,nearest,1,4,1,BASELINE,Custom Time [micros],5,0.0,0.0,0.0,0.0,0.0,0.0,0.0
TaxiAlgorithmP2PCollector,10,500,5,50,1,nearest,1,4,1,BASELINE,Taxi Travel Distance [km],5,4.856,2.321306528660099,2.35,7.95,14.85,6.64,20.98
TaxiAlgorithmP2PCollector,10,500,5,50,1,nearest,1,4,1,BASELINE,Client Waiting Time [min],5,121.402,66.59537143075335,27.21,210.0,142.972,0.0,339.88
TaxiAlgorithmP2PCollector,10,500,5,50,1,nearest,1,4,1,BASELINE,Client Travel Time [min],5,11743.939999999999,728.069188250677,10684.94,12737.18,32642.2,29599.0,35845.0
TaxiAlgorithmP2PCollector,10,500,5,50,1,nearest,1,4,1,BASELINE,Calculation Time [millis],5,0.03,0.0,0.03,0.03,35.2,31.0,37.0
TaxiAlgorithmP2PCollector,10,500,5,50,1,nearest,1,4,1,BASELINE,Custom Time [micros],5,0.0,0.0,0.0,0.0,0.0,0.0,0.0
TaxiAlgorithmP2PCollector,10,500,10,50,1,nearest,1,4,1,BASELINE,Taxi Travel Distance [km],5,4.6160000000000005,1.8297825007360846,2.94,8.09,16.926,8.35,26.16
TaxiAlgorithmP2PCollector,10,500,10,50,1,nearest,1,4,1,BASELINE,Client Waiting Time [min],5,145.486,48.06087831074251,91.27,235.78,296.646,241.00000000000003,339.88
TaxiAlgorithmP2PCollector,10,500,10,50,1,nearest,1,4,1,BASELINE,Client Travel Time [min],5,11618.228,842.7012977419694,10167.44,12698.24,32642.2,29599.0,35845.0
TaxiAlgorithmP2PCollector,10,500,10,50,1,nearest,1,4,1,BASELINE,Calculation Time [millis],5,0.1,0.0,0.1,0.1,66.8,59.0,75.0
TaxiAlgorithmP2PCollector,10,500,10,50,1,nearest,1,4,1,BASELINE,Custom Time [micros],5,0.0,0.0,0.0,0.0,0.0,0.0,0.0
TaxiAlgorithmP2PCollector,10,500,10,100,1,nearest,1,4,1,BASELINE,Taxi Travel Distance [km],5,7.525999999999999,2.237459273372367,3.55,9.76,23.5,8.35,31.41
TaxiAlgorithmP2PCollector,10,500,10,100,1,nearest,1,4,1,BASELINE,Client Waiting Time [min],5,131.264,40.57792730044254,70.34,176.42,265.414,155.44,347.57
TaxiAlgorithmP2PCollector,10,500,10,100,1,nearest,1,4,1,BASELINE,Client Travel Time [min],5,12132.253999999999,832.5493683043666,11207.81,13315.57,33502.8,30779.0,36090.0
TaxiAlgorithmP2PCollector,10,500,10,100,1,nearest,1,4,1,BASELINE,Calculation Time [millis],5,0.10400000000000001,0.004898979485566354,0.1,0.11,84.0,77.0,95.0
TaxiAlgorithmP2PCollector,10,500,10,100,1,nearest,1,4,1,BASELINE,Custom Time [micros],5,0.0,0.0,0.0,0.0,0.0,0.0,0.0
TaxiAlgorithmP2PCollector,10,500,5,25,1,nearest,1,4,1,RUSH_HOUR,Taxi Travel Distance [km],5,4.505999999999999,2.7797597018447475,0.0,8.11,14.972,0.0,21.09
TaxiAlgorithmP2PCollector,10,500,5,25,1,nearest,1,4,1,RUSH_HOUR,Client Waiting Time [min],5,89.594,76.56283004173761,0.0,226.26,126.11000000000001,0.0,256.15000000000003
TaxiAlgorithmP2PCollector,10,500,5,25,1,nearest,1,4,1,RUSH_HOUR,Client Travel Time [min],5,12073.168000000001,2864.1043878629844,8097.36,15914.44,33342.6,26626.0,37256.0
TaxiAlgorithmP2PCollector,10,500,5,25,1,nearest,1,4,1,RUSH_HOUR,Calculation Time [millis],5,0.03,0.0,0.03,0.03,22.6,0.0,56.0
TaxiAlgorithmP2PCollector,10,500,5,25,1,nearest,1,4,1,RUSH_HOUR,Custom Time [micros],5,0.0,0.0,0.0,0.0,0.0,0.0,0.0
TaxiAlgorithmP2PCollector,10,500,5,50,1,nearest,1,4,1,RUSH_HOUR,Taxi Travel Distance [km],5,6.6,2.2195675254427383,3.31,9.03,19.066,16.55,24.06
TaxiAlgorithmP2PCollector,10,500,5,50,1,nearest,1,4,1,RUSH_HOUR,Client Waiting Time [min],5,130.228,64.26599704353774,61.44,226.26,198.584,88.25,310.38
TaxiAlgorithmP2PCollector,10,500,5,50,1,nearest,1,4,1,RUSH_HOUR,Client Travel Time [min],5,13152.24,1616.9620074695636,10998.36,15391.84,34729.8,31727.0,37256.0
TaxiAlgorithmP2PCollector,10,500,5,50,1,nearest,1,4,1,RUSH_HOUR,Calculation Time [millis],5,0.03,0.0,0.03,0.03,18.8,0.0,24.0
TaxiAlgorithmP2PCollector,10,500,5,50,1,nearest,1,4,1,RUSH_HOUR,Custom Time [micros],5,0.0,0.0,0.0,0.0,0.0,0.0,0.0
TaxiAlgorithmP2PCollector,10,500,10,50,1,nearest,1,4,1,RUSH_HOUR,Taxi Travel Distance [km],5,4.716,2.68459754898197,1.48,9.46,24.266,12.9,32.16
TaxiAlgorithmP2PCollector,10,500,10,50,1,nearest,1,4,1,RUSH_HOUR,Client Waiting Time [min],5,151.76,65.76679770218404,88.59,275.5,216.246,115.8,312.58
TaxiAlgorithmP2PCollector,10,500,10,50,1,nearest,1,4,1,RUSH_HOUR,Client Travel Time [min],5,12433.651999999998,811.2843851178202,11185.54,13348.1,32409.2,27651.0,35619.0
TaxiAlgorithmP2PCollector,10,500,10,50,1,nearest,1,4,1,RUSH_HOUR,Calculation Time [millis],5,0.096,0.00489897948556636,0.09,0.1,75.4,56.0,91.0
TaxiAlgorithmP2PCollector,10,500,10,50,1,nearest,1,4,1,RUSH_HOUR,Custom Time [micros],5,0.0,0.0,0.0,0.0,0.0,0.0,0.0
TaxiAlgorithmP2PCollector,10,500,10,100,1,nearest,1,4,1,RUSH_HOUR,Taxi Travel Distance [km],5,9.017999999999999,3.4119929659950943,5.06,15.2,28.446000000000005,16.43,41.22
TaxiAlgorithmP2PCollector,10,500,10,100,1,nearest,1,4,1,RUSH_HOUR,Client Waiting Time [min],5,141.658,15.955647777511254,124.11,171.17,288.784,184.26999999999998,369.45
TaxiAlgorithmP2PCollector,10,500,10,100,1,nearest,1,4,1,RUSH_HOUR,Client Travel Time [min],5,12726.742000000002,511.7359149170594,12085.27,13411.86,34547.0,33562.0,35619.0
TaxiAlgorithmP2PCollector,10,500,10,100,1,nearest,1,4,1,RUSH_HOUR,Calculation Time [millis],5,0.10400000000000001,0.004898979485566354,0.1,0.11,79.2,62.0,97.0
TaxiAlgorithmP2PCollector,10,500,10,100,1,nearest,1,4,1,RUSH_HOUR,Custom Time [micros],5,0.0,0.0,0.0,0.0,0.0,0.0,0.0
TaxiAlgorithmP2PCollector,10,500,5,25,1,nearest,1,4,1,SPATIAL_IMBALANCE,Taxi Travel Distance [km],5,3.08,3.125936659626999,0.0,7.77,12.634,0.0,38.84
TaxiAlgorithmP2PCollector,10,500,5,25,1,nearest,1,4,1,SPATIAL_IMBALANCE,Client Waiting Time [min],5,59.331999999999994,67.48423857464793,0.0,149.53,26.5,0.0,74.31
TaxiAlgorithmP2PCollector,10,500,5,25,1,nearest,1,4,1,SPATIAL_IMBALANCE,Client Travel Time [min],5,10470.096,1566.7003598850674,8561.16,13292.64,29336.4,26608.0,33183.0
TaxiAlgorithmP2PCollector,10,500,5,25,1,nearest,1,4,1,SPATIAL_IMBALANCE,Calculation Time [millis],5,0.03,0.0,0.03,0.03,18.2,0.0,46.0
TaxiAlgorithmP2PCollector,10,500,5,25,1,nearest,1,4,1,SPATIAL_IMBALANCE,Custom Time [micros],5,0.0,0.0,0.0,0.0,0.0,0.0,0.0
TaxiAlgorithmP2PCollector,10,500,5,50,1,nearest,1,4,1,SPATIAL_IMBALANCE,Taxi Travel Distance [km],5,5.928,4.075980372867367,0.0,9.55,21.23,0.0,38.84
TaxiAlgorithmP2PCollector,10,500,5,50,1,nearest,1,4,1,SPATIAL_IMBALANCE,Client Waiting Time [min],5,64.548,43.12659012720575,0.0,118.45,70.356,0.0,179.9
TaxiAlgorithmP2PCollector,10,500,5,50,1,nearest,1,4,1,SPATIAL_IMBALANCE,Client Travel Time [min],5,10215.536,811.5892853309491,9234.56,11635.7,29968.8,26608.0,33183.0
TaxiAlgorithmP2PCollector,10,500,5,50,1,nearest,1,4,1,SPATIAL_IMBALANCE,Calculation Time [millis],5,0.03,0.0,0.03,0.03,33.0,0.0,58.0
TaxiAlgorithmP2PCollector,10,500,5,50,1,nearest,1,4,1,SPATIAL_IMBALANCE,Custom Time [micros],5,0.0,0.0,0.0,0.0,0.0,0.0,0.0
TaxiAlgorithmP2PCollector,10,500,10,50,1,nearest,1,4,1,SPATIAL_IMBALANCE,Taxi Travel Distance [km],5,4.14,1.8834117977755156,2.52,7.38,17.03,7.86,30.79
TaxiAlgorithmP2PCollector,10,500,10,50,1,nearest,1,4,1,SPATIAL_IMBALANCE,Client Waiting Time [min],5,129.222,34.41184528618016,89.9,190.73,277.63800000000003,81.68,381.34999999999997
TaxiAlgorithmP2PCollector,10,500,10,50,1,nearest,1,4,1,SPATIAL_IMBALANCE,Client Travel Time [min],5,8978.904,1124.6413734093194,7620.18,10914.2,26297.2,24521.0,29053.0
TaxiAlgorithmP2PCollector,10,500,10,50,1,nearest,1,4,1,SPATIAL_IMBALANCE,Calculation Time [millis],5,0.096,0.00489897948556636,0.09,0.1,74.4,61.0,91.0
TaxiAlgorithmP2PCollector,10,500,10,50,1,nearest,1,4,1,SPATIAL_IMBALANCE,Custom Time [micros],5,0.0,0.0,0.0,0.0,0.0,0.0,0.0
TaxiAlgorithmP2PCollector,10,500,10,100,1,nearest,1,4,1,SPATIAL_IMBALANCE,Taxi Travel Distance [km],5,6.008,2.401028113121544,2.56,9.15,22.598,14.57,34.36
TaxiAlgorithmP2PCollector,10,500,10,100,1,nearest,1,4,1,SPATIAL_IMBALANCE,Client Waiting Time [min],5,125.01799999999999,35.09605413718186,83.11,178.73,290.768,161.22,494.25
TaxiAlgorithmP2PCollector,10,500,10,100,1,nearest,1,4,1,SPATIAL_IMBALANCE,Client Travel Time [min],5,9829.266,625.6708259332538,8926.7,10724.87,31854.0,27348.0,35342.0
TaxiAlgorithmP2PCollector,10,500,10,100,1,nearest,1,4,1,SPATIAL_IMBALANCE,Calculation Time [millis],5,0.1,0.0,0.1,0.1,73.8,58.0,90.0
TaxiAlgorithmP2PCollector,10,500,10,100,1,nearest,1,4,1,SPATIAL_IMBALANCE,Custom Time [micros],5,0.0,0.0,0.0,0.0,0.0,0.0,0.0
TaxiAlgorithmP2PCollector,10,500,5,25,1,nearest,1,4,1,SPATIAL_ISLANDS,Taxi Travel Distance [km],5,2.398,3.0440525619640675,0.0,8.4,7.58,0.0,21.97
TaxiAlgorithmP2PCollector,10,500,5,25,1,nearest,1,4,1,SPATIAL_ISLANDS,Client Waiting Time [min],5,54.931999999999995,39.93326603221931,0.0,96.87,21.724,0.0,58.82
TaxiAlgorithmP2PCollector,10,500,5,25,1,nearest,1,4,1,SPATIAL_ISLANDS,Client Travel Time [min],5,12080.679999999998,1624.8440220525783,10236.84,14354.2,31388.2,27893.0,34752.0
TaxiAlgorithmP2PCollector,10,500,5,25,1,nearest,1,4,1,SPATIAL_ISLANDS,Calculation Time [millis],5,0.03,0.0,0.03,0.03,26.8,1.0,48.0
TaxiAlgorithmP2PCollector,10,500,5,25,1,nearest,1,4,1,SPATIAL_ISLANDS,Custom Time [micros],5,0.0,0.0,0.0,0.0,0.0,0.0,0.0
TaxiAlgorithmP2PCollector,10,500,5,50,1,nearest,1,4,1,SPATIAL_ISLANDS,Taxi Travel Distance [km],5,6.279999999999999,6.301184015722759,0.7,18.16,7.994,1.82,15.61
TaxiAlgorithmP2PCollector,10,500,5,50,1,nearest,1,4,1,SPATIAL_ISLANDS,Client Waiting Time [min],5,209.218,117.16425861157487,109.65,434.71,240.28399999999996,164.12,373.25
TaxiAlgorithmP2PCollector,10,500,5,50,1,nearest,1,4,1,SPATIAL_ISLANDS,Client Travel Time [min],5,11829.408,1873.1000099983983,9919.56,14927.42,30524.8,27893.0,34540.0
TaxiAlgorithmP2PCollector,10,500,5,50,1,nearest,1,4,1,SPATIAL_ISLANDS,Calculation Time [millis],5,0.03,0.0,0.03,0.03,7.4,0.0,16.0
TaxiAlgorithmP2PCollector,10,500,5,50,1,nearest,1,4,1,SPATIAL_ISLANDS,Custom Time [micros],5,0.0,0.0,0.0,0.0,0.0,0.0,0.0
TaxiAlgorithmP2PCollector,10,500,10,50,1,nearest,1,4,1,SPATIAL_ISLANDS,Taxi Travel Distance [km],5,4.752000000000001,2.581119137118626,0.35,8.23,16.616,1.82,24.28
TaxiAlgorithmP2PCollector,10,500,10,50,1,nearest,1,4,1,SPATIAL_ISLANDS,Client Waiting Time [min],5,215.25799999999998,113.11113073433577,129.29,434.71,286.816,164.12,431.57
TaxiAlgorithmP2PCollector,10,500,10,50,1,nearest,1,4,1,SPATIAL_ISLANDS,Client Travel Time [min],5,11670.848000000002,1852.2281122842294,9093.9,14301.0,28374.0,26034.0,34540.0
TaxiAlgorithmP2PCollector,10,500,10,50,1,nearest,1,4,1,SPATIAL_ISLANDS,Calculation Time [millis],5,0.098,0.0040000000000000036,0.09,0.1,62.2,44.0,82.0
TaxiAlgorithmP2PCollector,10,500,10,50,1,nearest,1,4,1,SPATIAL_ISLANDS,Custom Time [micros],5,0.0,0.0,0.0,0.0,0.0,0.0,0.0
TaxiAlgorithmP2PCollector,10,500,10,100,1,nearest,1,4,1,SPATIAL_ISLANDS,Taxi Travel Distance [km],5,7.1739999999999995,3.3185213574723305,1.38,10.95,21.586000000000002,7.45,34.33
TaxiAlgorithmP2PCollector,10,500,10,100,1,nearest,1,4,1,SPATIAL_ISLANDS,Client Waiting Time [min],5,174.948,62.38172341319211,129.01,298.62,345.976,254.94,394.27
TaxiAlgorithmP2PCollector,10,500,10,100,1,nearest,1,4,1,SPATIAL_ISLANDS,Client Travel Time [min],5,11463.607999999998,1078.652931121035,10639.82,13582.67,30292.2,27893.0,34540.0
TaxiAlgorithmP2PCollector,10,500,10,100,1,nearest,1,4,1,SPATIAL_ISLANDS,Calculation Time [millis],5,0.10200000000000001,0.0039999999999999975,0.1,0.11,66.2,51.0,80.0
TaxiAlgorithmP2PCollector,10,500,10,100,1,nearest,1,4,1,SPATIAL_ISLANDS,Custom Time [micros],5,0.0,0.0,0.0,0.0,0.0,0.0,0.0
TaxiAlgorithmP2PCollector,10,500,5,25,1,greedy,1,4,1,BASELINE,Taxi Travel Distance [km],5,1.564,1.583977272564225,0.0,4.2,6.795999999999999,0.0,20.98
TaxiAlgorithmP2PCollector,10,500,5,25,1,greedy,1,4,1,BASELINE,Client Waiting Time [min],5,24.05,29.558453274824785,0.0,66.97,16.606,0.0,83.03
TaxiAlgorithmP2PCollector,10,500,5,25,1,greedy,1,4,1,BASELINE,Client Travel Time [min],5,11947.032000000001,1085.9074475184339,10506.24,13291.4,31257.2,27742.0,35845.0
TaxiAlgorithmP2PCollector,10,500,5,25,1,greedy,1,4,1,BASELINE,Calculation Time [millis],5,0.03,0.0,0.03,0.03,22.2,0.0,45.0
TaxiAlgorithmP2PCollector,10,500,5,25,1,greedy,1,4,1,BASELINE,Custom Time [micros],5,0.0,0.0,0.0,0.0,0.0,0.0,0.0
TaxiAlgorithmP2PCollector,10,500,5,50,1,greedy,1,4,1,BASELINE,Taxi Travel Distance [km],5,4.856,2.321306528660099,2.35,7.95,14.85,6.64,20.98
TaxiAlgorithmP2PCollector,10,500,5,50,1,greedy,1,4,1,BASELINE,Client Waiting Time [min],5,121.402,66.59537143075335,27.21,210.0,142.972,0.0,339.88
TaxiAlgorithmP2PCollector,10,500,5,50,1,greedy,1,4,1,BASELINE,Client Travel Time [min],5,11743.939999999999,728.069188250677,10684.94,12737.18,32642.2,29599.0,35845.0
TaxiAlgorithmP2PCollector,10,500,5,50,1,greedy,1,4,1,BASELINE,Calculation Time [millis],5,0.03,0.0,0.03,0.03,14.4,7.0,25.0
TaxiAlgorithmP2PCollector,10,500,5,50,1,greedy,1,4,1,BASELINE,Custom Time [micros],5,0.0,0.0,0.0,0.0,0.0,0.0,0.0
TaxiAlgorithmP2PCollector,10,500,10,50,1,greedy,1,4,1,BASELINE,Taxi Travel Distance [km],5,4.6160000000000005,1.8297825007360846,2.94,8.09,16.926,8.35,26.16
TaxiAlgorithmP2PCollector,10,500,10,50,1,greedy,1,4,1,BASELINE,Client Waiting Time [min],5,145.486,48.06087831074251,91.27,235.78,296.646,241.00000000000003,339.88
TaxiAlgorithmP2PCollector,10,500,10,50,1,greedy,1,4,1,BASELINE,Client Travel Time [min],5,11618.228,842.7012977419694,10167.44,12698.24,32642.2,29599.0,35845.0
TaxiAlgorithmP2PCollector,10,500,10,50,1,greedy,1,4,1,BASELINE,Calculation Time [millis],5,0.098,0.0040000000000000036,0.09,0.1,72.4,57.0,86.0
TaxiAlgorithmP2PCollector,10,500,10,50,1,greedy,1,4,1,BASELINE,Custom Time [micros],5,0.0,0.0,0.0,0.0,0.0,0.0,0.0
TaxiAlgorithmP2PCollector,10,500,10,100,1,greedy,1,4,1,BASELINE,Taxi Travel Distance [km],5,7.525999999999999,2.237459273372367,3.55,9.76,23.5,8.35,31.41
TaxiAlgorithmP2PCollector,10,500,10,100,1,greedy,1,4,1,BASELINE,Client Waiting Time [min],5,131.264,40.57792730044254,70.34,176.42,265.414,155.44,347.57
TaxiAlgorithmP2PCollector,10,500,10,100,1,greedy,1,4,1,BASELINE,Client Travel Time [min],5,12132.253999999999,832.5493683043666,11207.81,13315.57,33502.8,30779.0,36090.0
TaxiAlgorithmP2PCollector,10,500,10,100,1,greedy,1,4,1,BASELINE,Calculation Time [millis],5,0.10600000000000001,0.004898979485566353,0.1,0.11,80.6,58.0,94.0
TaxiAlgorithmP2PCollector,10,500,10,100,1,greedy,1,4,1,BASELINE,Custom Time [micros],5,0.0,0.0,0.0,0.0,0.0,0.0,0.0
TaxiAlgorithmP2PCollector,10,500,5,25,1,greedy,1,4,1,RUSH_HOUR,Taxi Travel Distance [km],5,4.505999999999999,2.7797597018447475,0.0,8.11,14.972,0.0,21.09
TaxiAlgorithmP2PCollector,10,500,5,25,1,greedy,1,4,1,RUSH_HOUR,Client Waiting Time [min],5,89.594,76.56283004173761,0.0,226.26,126.11000000000001,0.0,256.15000000000003
TaxiAlgorithmP2PCollector,10,500,5,25,1,greedy,1,4,1,RUSH_HOUR,Client Travel Time [min],5,12073.168000000001,2864.1043878629844,8097.36,15914.44,33342.6,26626.0,37256.0
TaxiAlgorithmP2PCollector,10,500,5,25,1,greedy,1,4,1,RUSH_HOUR,Calculation Time [millis],5,0.03,0.0,0.03,0.03,36.0,14.0,54.0
TaxiAlgorithmP2PCollector,10,500,5,25,1,greedy,1,4,1,RUSH_HOUR,Custom Time [micros],5,0.0,0.0,0.0,0.0,0.0,0.0,0.0
TaxiAlgorithmP2PCollector,10,500,5,50,1,greedy,1,4,1,RUSH_HOUR,Taxi Travel Distance [km],5,6.6,2.2195675254427383,3.31,9.03,19.066,16.55,24.06
TaxiAlgorithmP2PCollector,10,500,5,50,1,greedy,1,4,1,RUSH_HOUR,Client Waiting Time [min],5,130.228,64.26599704353774,61.44,226.26,198.584,88.25,310.38
TaxiAlgorithmP2PCollector,10,500,5,50,1,greedy,1,4,1,RUSH_HOUR,Client Travel Time [min],5,13152.24,1616.9620074695636,10998.36,15391.84,34729.8,31727.0,37256.0
TaxiAlgorithmP2PCollector,10,500,5,50,1,greedy,1,4,1,RUSH_HOUR,Calculation Time [millis],5,0.03,0.0,0.03,0.03,49.6,0.0,64.0
TaxiAlgorithmP2PCollector,10,500,5,50,1,greedy,1,4,1,RUSH_HOUR,Custom Time [micros],5,0.0,0.0,0.0,0.0,0.0,0.0,0.0
TaxiAlgorithmP2PCollector,10,500,10,50,1,greedy,1,4,1,RUSH_HOUR,Taxi Travel Distance [km],5,4.716,2.68459754898197,1.48,9.46,24.266,12.9,32.16
TaxiAlgorithmP2PCollector,10,500,10,50,1,greedy,1,4,1,RUSH_HOUR,Client Waiting Time [min],5,151.76,65.76679770218404,88.59,275.5,216.246,115.8,312.58
TaxiAlgorithmP2PCollector,10,500,10,50,1,greedy,1,4,1,RUSH_HOUR,Client Travel Time [min],5,12433.651999999998,811.2843851178202,11185.54,13348.1,32409.2,27651.0,35619.0
TaxiAlgorithmP2PCollector,10,500,10,50,1,greedy,1,4,1,RUSH_HOUR,Calculation Time [millis],5,0.098,0.0040000000000000036,0.09,0.1,71.4,60.0,86.0
TaxiAlgorithmP2PCollector,10,500,10,50,1,greedy,1,4,1,RUSH_HOUR,Custom Time [micros],5,0.0,0.0,0.0,0.0,0.0,0.0,0.0
TaxiAlgorithmP2PCollector,10,500,10,100,1,greedy,1,4,1,RUSH_HOUR,Taxi Travel Distance [km],5,9.017999999999999,3.4119929659950943,5.06,15.2,28.446000000000005,16.43,41.22
TaxiAlgorithmP2PCollector,10,500,10,100,1,greedy,1,4,1,RUSH_HOUR,Client Waiting Time [min],5,141.658,15.955647777511254,124.11,171.17,288.784,184.26999999999998,369.45
TaxiAlgorithmP2PCollector,10,500,10,100,1,greedy,1,4,1,RUSH_HOUR,Client Travel Time [min],5,12726.742000000002,511.7359149170594,12085.27,13411.86,34547.0,33562.0,35619.0
TaxiAlgorithmP2PCollector,10,500,10,100,1,greedy,1,4,1,RUSH_HOUR,Calculation Time [millis],5,0.10400000000000001,0.004898979485566354,0.1,0.11,82.0,78.0,89.0
TaxiAlgorithmP2PCollector,10,500,10,100,1,greedy,1,4,1,RUSH_HOUR,Custom Time [micros],5,0.0,0.0,0.0,0.0,0.0,0.0,0.0
TaxiAlgorithmP2PCollector,10,500,5,25,1,greedy,1,4,1,SPATIAL_IMBALANCE,Taxi Travel Distance [km],5,3.08,3.125936659626999,0.0,7.77,12.634,0.0,38.84
TaxiAlgorithmP2PCollector,10,500,5,25,1,greedy,1,4,1,SPATIAL_IMBALANCE,Client Waiting Time [min],5,59.331999999999994,67.48423857464793,0.0,149.53,26.5,0.0,74.31
TaxiAlgorithmP2PCollector,10,500,5,25,1,greedy,1,4,1,SPATIAL_IMBALANCE,Client Travel Time [min],5,10470.096,1566.7003598850674,8561.16,13292.64,29336.4,26608.0,33183.0
TaxiAlgorithmP2PCollector,10,500,5,25,1,greedy,1,4,1,SPATIAL_IMBALANCE,Calculation Time [millis],5,0.03,0.0,0.03,0.03,20.8,0.0,47.0
TaxiAlgorithmP2PCollector,10,500,5,25,1,greedy,1,4,1,SPATIAL_IMBALANCE,Custom Time [micros],5,0.0,0.0,0.0,0.0,0.0,0.0,0.0
TaxiAlgorithmP2PCollector,10,500,5,50,1,greedy,1,4,1,SPATIAL_IMBALANCE,Taxi Travel Distance [km],5,5.928,4.075980372867367,0.0,9.55,21.23,0.0,38.84
TaxiAlgorithmP2PCollector,10,500,5,50,1,greedy,1,4,1,SPATIAL_IMBALANCE,Client Waiting Time [min],5,64.548,43.12659012720575,0.0,118.45,70.356,0.0,179.9
TaxiAlgorithmP2PCollector,10,500,5,50,1,greedy,1,4,1,SPATIAL_IMBALANCE,Client Travel Time [min],5,10215.536,811.5892853309491,9234.56,11635.7,29968.8,26608.0,33183.0
TaxiAlgorithmP2PCollector,10,500,5,50,1,greedy,1,4,1,SPATIAL_IMBALANCE,Calculation Time [millis],5,0.03,0.0,0.03,0.03,8.4,0.0,21.0
TaxiAlgorithmP2PCollector,10,500,5,50,1,greedy,1,4,1,SPATIAL_IMBALANCE,Custom Time [micros],5,0.0,0.0,0.0,0.0,0.0,0.0,0.0
TaxiAlgorithmP2PCollector,10,500,10,50,1,greedy,1,4,1,SPATIAL_IMBALANCE,Taxi Travel Distance [km],5,4.14,1.8834117977755156,2.52,7.38,17.03,7.86,30.79
TaxiAlgorithmP2PCollector,10,500,10,50,1,greedy,1,4,1,SPATIAL_IMBALANCE,Client Waiting Time [min],5,129.222,34.41184528618016,89.9,190.73,277.63800000000003,81.68,381.34999999999997
TaxiAlgorithmP2PCollector,10,500,10,50,1,greedy,1,4,1,SPATIAL_IMBALANCE,Client Travel Time [min],5,8978.904,1124.6413734093194,7620.18,10914.2,26297.2,24521.0,29053.0
TaxiAlgorithmP2PCollector,10,500,10,50,1,greedy,1,4,1,SPATIAL_IMBALANCE,Calculation Time [millis],5,0.092,0.0040000000000000036,0.09,0.1,62.2,50.0,78.0
TaxiAlgorithmP2PCollector,10,500,10,50,1,greedy,1,4,1,SPATIAL_IMBALANCE,Custom Time [micros],5,0.0,0.0,0.0,0.0,0.0,0.0,0.0
TaxiAlgorithmP2PCollector,10,500,10,100,1,greedy,1,4,1,SPATIAL_IMBALANCE,Taxi Travel Distance [km],5,6.008,2.401028113121544,2.56,9.15,22.598,14.57,34.36
TaxiAlgorithmP2PCollector,10,500,10,100,1,greedy,1,4,1,SPATIAL_IMBALANCE,Client Waiting Time [min],5,125.01799999999999,35.09605413718186,83.11,178.73,290.768,161.22,494.25
TaxiAlgorithmP2PCollector,10,500,10,100,1,greedy,1,4,1,SPATIAL_IMBALANCE,Client Travel Time [min],5,9829.266,625.6708259332538,8926.7,10724.87,31854.0,27348.0,35342.0
TaxiAlgorithmP2PCollector,10,500,10,100,1,greedy,1,4,1,SPATIAL_IMBALANCE,Calculation Time [millis],5,0.1,0.0,0.1,0.1,78.2,65.0,92.0
TaxiAlgorithmP2PCollector,10,500,10,100,1,greedy,1,4,1,SPATIAL_IMBALANCE,Custom Time [micros],5,0.0,0.0,0.0,0.0,0.0,0.0,0.0
TaxiAlgorithmP2PCollector,10,500,5,25,1,greedy,1,4,1,SPATIAL_ISLANDS,Taxi Travel Distance [km],5,2.398,3.0440525619640675,0.0,8.4,7.58,0.0,21.97
TaxiAlgorithmP2PCollector,10,500,5,25,1,greedy,1,4,1,SPATIAL_ISLANDS,Client Waiting Time [min],5,54.931999999999995,39.93326603221931,0.0,96.87,21.724,0.0,58.82
TaxiAlgorithmP2PCollector,10,500,5,25,1,greedy,1,4,1,SPATIAL_ISLANDS,Client Travel Time [min],5,12080.679999999998,1624.8440220525783,10236.84,14354.2,31388.2,27893.0,34752.0
TaxiAlgorithmP2PCollector,10,500,5,25,1,greedy,1,4,1,SPATIAL_ISLANDS,Calculation Time [millis],5,0.03,0.0,0.03,0.03,32.4,0.0,61.0
TaxiAlgorithmP2PCollector,10,500,5,25,1,greedy,1,4,1,SPATIAL_ISLANDS,Custom Time [micros],5,0.0,0.0,0.0,0.0,0.0,0.0,0.0
TaxiAlgorithmP2PCollector,10,500,5,50,1,greedy,1,4,1,SPATIAL_ISLANDS,Taxi Travel Distance [km],5,6.279999999999999,6.301184015722759,0.7,18.16,7.994,1.82,15.61
TaxiAlgorithmP2PCollector,10,500,5,50,1,greedy,1,4,1,SPATIAL_ISLANDS,Client Waiting Time [min],5,209.218,117.16425861157487,109.65,434.71,240.28399999999996,164.12,373.25
TaxiAlgorithmP2PCollector,10,500,5,50,1,greedy,1,4,1,SPATIAL_ISLANDS,Client Travel Time [min],5,11829.408,1873.1000099983983,9919.56,14927.42,30524.8,27893.0,34540.0
TaxiAlgorithmP2PCollector,10,500,5,50,1,greedy,1,4,1,SPATIAL_ISLANDS,Calculation Time [millis],5,0.03,0.0,0.03,0.03,30.0,0.0,46.0
TaxiAlgorithmP2PCollector,10,500,5,50,1,greedy,1,4,1,SPATIAL_ISLANDS,Custom Time [micros],5,0.0,0.0,0.0,0.0,0.0,0.0,0.0
TaxiAlgorithmP2PCollector,10,500,10,50,1,greedy,1,4,1,SPATIAL_ISLANDS,Taxi Travel Distance [km],5,4.752000000000001,2.581119137118626,0.35,8.23,16.616,1.82,24.28
TaxiAlgorithmP2PCollector,10,500,10,50,1,greedy,1,4,1,SPATIAL_ISLANDS,Client Waiting Time [min],5,215.25799999999998,113.11113073433577,129.29,434.71,286.816,164.12,431.57
TaxiAlgorithmP2PCollector,10,500,10,50,1,greedy,1,4,1,SPATIAL_ISLANDS,Client Travel Time [min],5,11670.848000000002,1852.2281122842294,9093.9,14301.0,28374.0,26034.0,34540.0
TaxiAlgorithmP2PCollector,10,500,10,50,1,greedy,1,4,1,SPATIAL_ISLANDS,Calculation Time [millis],5,0.098,0.0040000000000000036,0.09,0.1,68.6,52.0,97.0
TaxiAlgorithmP2PCollector,10,500,10,50,1,greedy,1,4,1,SPATIAL_ISLANDS,Custom Time [micros],5,0.0,0.0,0.0,0.0,0.0,0.0,0.0
TaxiAlgorithmP2PCollector,10,500,10,100,1,greedy,1,4,1,SPATIAL_ISLANDS,Taxi Travel Distance [km],5,7.1739999999999995,3.3185213574723305,1.38,10.95,21.586000000000002,7.45,34.33
TaxiAlgorithmP2PCollector,10,500,10,100,1,greedy,1,4,1,SPATIAL_ISLANDS,Client Waiting Time [min],5,174.948,62.38172341319211,129.01,298.62,345.976,254.94,394.27
TaxiAlgorithmP2PCollector,10,500,10,100,1,greedy,1,4,1,SPATIAL_ISLANDS,Client Travel Time [min],5,11463.607999999998,1078.652931121035,10639.82,13582.67,30292.2,27893.0,34540.0
TaxiAlgorithmP2PCollector,10,500,10,100,1,greedy,1,4,1,SPATIAL_ISLANDS,Calculation Time [millis],5,0.10400000000000001,0.004898979485566354,0.1,0.11,77.6,61.0,91.0
TaxiAlgorithmP2PCollector,10,500,10,100,1,greedy,1,4,1,SPATIAL_ISLANDS,Custom Time [micros],5,0.0,0.0,0.0,0.0,0.0,0.0,0.0
TaxiAlgorithmP2PCollector,10,1000,5,25,1,nearest,1,4,1,BASELINE,Taxi Travel Distance [km],5,6.837999999999999,2.0163868676422187,4.41,10.54,21.733999999999998,13.37,37.23
TaxiAlgorithmP2PCollector,10,1000,5,25,1,nearest,1,4,1,BASELINE,Client Waiting Time [min],5,126.62800000000001,57.46671850732387,46.55,221.62,172.388,0.0,313.25
TaxiAlgorithmP2PCollector,10,1000,5,25,1,nearest,1,4,1,BASELINE,Client Travel Time [min],5,11113.295999999998,903.2318820236582,9700.28,12251.48,27351.2,24491.0,31622.0
TaxiAlgorithmP2PCollector,10,1000,5,25,1,nearest,1,4,1,BASELINE,Calculation Time [millis],5,0.03,0.0,0.03,0.03,21.8,0.0,45.0
TaxiAlgorithmP2PCollector,10,1000,5,25,1,nearest,1,4,1,BASELINE,Custom Time [micros],5,0.0,0.0,0.0,0.0,0.0,0.0,0.0
TaxiAlgorithmP2PCollector,10,1000,5,50,1,nearest,1,4,1,BASELINE,Taxi Travel Distance [km],5,10.367999999999999,2.1248943503148574,8.19,12.94,24.409999999999997,20.57,33.96
TaxiAlgorithmP2PCollector,10,1000,5,50,1,nearest,1,4,1,BASELINE,Client Waiting Time [min],5,106.502,47.48024785108014,23.5,158.44,237.32799999999997,29.700000000000003,424.72
TaxiAlgorithmP2PCollector,10,1000,5,50,1,nearest,1,4,1,BASELINE,Client Travel Time [min],5,11318.547999999999,637.0791068744916,10676.68,12347.42,30007.0,24491.0,34325.0
TaxiAlgorithmP2PCollector,10,1000,5,50,1,nearest,1,4,1,BASELINE,Calculation Time [millis],5,0.03,0.0,0.03,0.03,29.2,0.0,49.0
TaxiAlgorithmP2PCollector,10,1000,5,50,1,nearest,1,4,1,BASELINE,Custom Time [micros],5,0.0,0.0,0.0,0.0,0.0,0.0,0.0
TaxiAlgorithmP2PCollector,10,1000,10,50,1,nearest,1,4,1,BASELINE,Taxi Travel Distance [km],5,10.059999999999999,1.8532565931354457,7.76,13.36,30.759999999999998,20.57,48.73
TaxiAlgorithmP2PCollector,10,1000,10,50,1,nearest,1,4,1,BASELINE,Client Waiting Time [min],5,115.686,26.252811354215,80.23,155.3,307.434,147.03,438.19
TaxiAlgorithmP2PCollector,10,1000,10,50,1,nearest,1,4,1,BASELINE,Client Travel Time [min],5,10783.511999999999,382.4813872804792,10106.1,11178.44,30339.6,25760.0,33124.0
TaxiAlgorithmP2PCollector,10,1000,10,50,1,nearest,1,4,1,BASELINE,Calculation Time [millis],5,0.1,0.0,0.1,0.1,76.2,52.0,99.0
TaxiAlgorithmP2PCollector,10,1000,10,50,1,nearest,1,4,1,BASELINE,Custom Time [micros],5,0.0,0.0,0.0,0.0,0.0,0.0,0.0
TaxiAlgorithmP2PCollector,10,1000,10,100,1,nearest,1,4,1,BASELINE,Taxi Travel Distance [km],5,14.772,3.0356310711283743,10.57,18.22,37.983999999999995,29.65,48.73
TaxiAlgorithmP2PCollector,10,1000,10,100,1,nearest,1,4,1,BASELINE,Client Waiting Time [min],5,125.75399999999999,14.02228169735582,103.57,147.69,412.97200000000004,370.15,446.1
TaxiAlgorithmP2PCollector,10,1000,10,100,1,nearest,1,4,1,BASELINE,Client Travel Time [min],5,11581.022,703.4089594083939,10707.1,12626.22,33005.4,30680.0,36090.0
TaxiAlgorithmP2PCollector,10,1000,10,100,1,nearest,1,4,1,BASELINE,Calculation Time [millis],5,0.10400000000000001,0.004898979485566354,0.1,0.11,74.2,65.0,92.0
TaxiAlgorithmP2PCollector,10,1000,10,100,1,nearest,1,4,1,BASELINE,Custom Time [micros],5,0.0,0.0,0.0,0.0,0.0,0.0,0.0
TaxiAlgorithmP2PCollector,10,1000,5,25,1,nearest,1,4,1,RUSH_HOUR,Taxi Travel Distance [km],5,8.059999999999999,2.6314330696409516,4.15,11.55,24.962,19.46,39.64
TaxiAlgorithmP2PCollector,10,1000,5,25,1,nearest,1,4,1,RUSH_HOUR,Client Waiting Time [min],5,124.572,64.33788165614408,50.78,217.94,186.76800000000003,0.0,358.53000000000003
TaxiAlgorithmP2PCollector,10,1000,5,25,1,nearest,1,4,1,RUSH_HOUR,Client Travel Time [min],5,11519.464000000002,2605.5040213947095,7598.36,15163.76,33342.6,26626.0,37256.0
TaxiAlgorithmP2PCollector,10,1000,5,25,1,nearest,1,4,1,RUSH_HOUR,Calculation Time [millis],5,0.03,0.0,0.03,0.03,24.4,0.0,59.0
TaxiAlgorithmP2PCollector,10,1000,5,25,1,nearest,1,4,1,RUSH_HOUR,Custom Time [micros],5,0.0,0.0,0.0,0.0,0.0,0.0,0.0
TaxiAlgorithmP2PCollector,10,1000,5,50,1,nearest,1,4,1,RUSH_HOUR,Taxi Travel Distance [km],5,10.496,2.5915601478646026,6.48,13.46,30.119999999999997,19.46,43.15
TaxiAlgorithmP2PCollector,10,1000,5,50,1,nearest,1,4,1,RUSH_HOUR,Client Waiting Time [min],5,158.286,31.311748977021388,128.37,217.94,310.62800000000004,255.23000000000002,358.53000000000003
TaxiAlgorithmP2PCollector,10,1000,5,50,1,nearest,1,4,1,RUSH_HOUR,Client Travel Time [min],5,12857.076000000001,1460.7548789526597,10745.48,14925.96,34729.8,31727.0,37256.0
TaxiAlgorithmP2PCollector,10,1000,5,50,1,nearest,1,4,1,RUSH_HOUR,Calculation Time [millis],5,0.03,0.0,0.03,0.03,21.2,0.0,28.0
TaxiAlgorithmP2PCollector,10,1000,5,50,1,nearest,1,4,1,RUSH_HOUR,Custom Time [micros],5,0.0,0.0,0.0,0.0,0.0,0.0,0.0
TaxiAlgorithmP2PCollector,10,1000,10,50,1,nearest,1,4,1,RUSH_HOUR,Taxi Travel Distance [km],5,9.166,3.9185589187863434,2.23,13.35,33.318,13.88,45.69
TaxiAlgorithmP2PCollector,10,1000,10,50,1,nearest,1,4,1,RUSH_HOUR,Client Waiting Time [min],5,166.83200000000002,45.962595401043224,105.63,240.63,364.99199999999996,288.34,504.87
TaxiAlgorithmP2PCollector,10,1000,10,50,1,nearest,1,4,1,RUSH_HOUR,Client Travel Time [min],5,11781.488,860.2958048113451,10598.14,12778.72,30915.8,27651.0,34346.0
TaxiAlgorithmP2PCollector,10,1000,10,50,1,nearest,1,4,1,RUSH_HOUR,Calculation Time [millis],5,0.096,0.00489897948556636,0.09,0.1,75.6,64.0,93.0
TaxiAlgorithmP2PCollector,10,1000,10,50,1,nearest,1,4,1,RUSH_HOUR,Custom Time [micros],5,0.0,0.0,0.0,0.0,0.0,0.0,0.0
TaxiAlgorithmP2PCollector,10,1000,10,100,1,nearest,1,4,1,RUSH_HOUR,Taxi Travel Distance [km],5,13.311999999999998,2.481768724115927,10.05,17.15,35.836,27.47,47.54
TaxiAlgorithmP2PCollector,10,1000,10,100,1,nearest,1,4,1,RUSH_HOUR,Client Waiting Time [min],5,147.502,36.8110605117538,77.37,177.93,391.044,210.5,519.5400000000001
TaxiAlgorithmP2PCollector,10,1000,10,100,1,nearest,1,4,1,RUSH_HOUR,Client Travel Time [min],5,12420.528,531.2110100666216,11707.73,13245.95,34217.4,31914.0,35619.0
TaxiAlgorithmP2PCollector,10,1000,10,100,1,nearest,1,4,1,RUSH_HOUR,Calculation Time [millis],5,0.10600000000000001,0.004898979485566353,0.1,0.11,87.2,75.0,97.0
TaxiAlgorithmP2PCollector,10,1000,10,100,1,nearest,1,4,1,RUSH_HOUR,Custom Time [micros],5,0.0,0.0,0.0,0.0,0.0,0.0,0.0
TaxiAlgorithmP2PCollector,10,1000,5,25,1,nearest,1,4,1,SPATIAL_IMBALANCE,Taxi Travel Distance [km],5,5.17,1.320212104171144,3.68,7.38,22.848000000000003,18.42,36.92
TaxiAlgorithmP2PCollector,10,1000,5,25,1,nearest,1,4,1,SPATIAL_IMBALANCE,Client Waiting Time [min],5,79.218,60.99697054772474,8.78,152.48,74.53999999999999,0.0,277.88
TaxiAlgorithmP2PCollector,10,1000,5,25,1,nearest,1,4,1,SPATIAL_IMBALANCE,Client Travel Time [min],5,10141.168000000001,1455.8516857207676,8016.08,12564.36,29336.4,26608.0,33183.0
TaxiAlgorithmP2PCollector,10,1000,5,25,1,nearest,1,4,1,SPATIAL_IMBALANCE,Calculation Time [millis],5,0.03,0.0,0.03,0.03,19.2,0.0,50.0
TaxiAlgorithmP2PCollector,10,1000,5,25,1,nearest,1,4,1,SPATIAL_IMBALANCE,Custom Time [micros],5,0.0,0.0,0.0,0.0,0.0,0.0,0.0
TaxiAlgorithmP2PCollector,10,1000,5,50,1,nearest,1,4,1,SPATIAL_IMBALANCE,Taxi Travel Distance [km],5,8.620000000000001,4.189238594303266,4.25,15.82,26.341999999999995,18.42,38.48
TaxiAlgorithmP2PCollector,10,1000,5,50,1,nearest,1,4,1,SPATIAL_IMBALANCE,Client Waiting Time [min],5,75.282,43.68078634823324,27.82,149.94,148.56199999999998,0.0,492.75
TaxiAlgorithmP2PCollector,10,1000,5,50,1,nearest,1,4,1,SPATIAL_IMBALANCE,Client Travel Time [min],5,10026.132,729.8763969440306,9040.06,11271.56,29738.4,26608.0,33183.0
TaxiAlgorithmP2PCollector,10,1000,5,50,1,nearest,1,4,1,SPATIAL_IMBALANCE,Calculation Time [millis],5,0.03,0.0,0.03,0.03,19.8,4.0,35.0
TaxiAlgorithmP2PCollector,10,1000,5,50,1,nearest,1,4,1,SPATIAL_IMBALANCE,Custom Time [micros],5,0.0,0.0,0.0,0.0,0.0,0.0,0.0
TaxiAlgorithmP2PCollector,10,1000,10,50,1,nearest,1,4,1,SPATIAL_IMBALANCE,Taxi Travel Distance [km],5,7.254,4.176307459945927,3.29,12.81,24.130000000000003,10.56,47.52
TaxiAlgorithmP2PCollector,10,1000,10,50,1,nearest,1,4,1,SPATIAL_IMBALANCE,Client Waiting Time [min],5,104.002,40.03067593733586,60.13,172.32,276.506,109.99000000000001,373.92
TaxiAlgorithmP2PCollector,10,1000,10,50,1,nearest,1,4,1,SPATIAL_IMBALANCE,Client Travel Time [min],5,8545.848000000002,1065.776127831732,7534.44,10612.6,26207.0,24521.0,29053.0
TaxiAlgorithmP2PCollector,10,1000,10,50,1,nearest,1,4,1,SPATIAL_IMBALANCE,Calculation Time [millis],5,0.092,0.0040000000000000036,0.09,0.1,64.2,49.0,80.0
TaxiAlgorithmP2PCollector,10,1000,10,50,1,nearest,1,4,1,SPATIAL_IMBALANCE,Custom Time [micros],5,0.0,0.0,0.0,0.0,0.0,0.0,0.0
TaxiAlgorithmP2PCollector,10,1000,10,100,1,nearest,1,4,1,SPATIAL_IMBALANCE,Taxi Travel Distance [km],5,11.318000000000001,6.167532407697588,5.56,21.05,32.572,16.82,60.15
TaxiAlgorithmP2PCollector,10,1000,10,100,1,nearest,1,4,1,SPATIAL_IMBALANCE,Client Waiting Time [min],5,111.93199999999999,27.494410631981182,67.25,142.22,357.76,269.44000000000005,486.41999999999996
TaxiAlgorithmP2PCollector,10,1000,10,100,1,nearest,1,4,1,SPATIAL_IMBALANCE,Client Travel Time [min],5,9433.428,539.3608342992658,8877.3,10399.32,31854.0,27348.0,35342.0
TaxiAlgorithmP2PCollector,10,1000,10,100,1,nearest,1,4,1,SPATIAL_IMBALANCE,Calculation Time [millis],5,0.1,0.0,0.1,0.1,71.6,58.0,85.0
TaxiAlgorithmP2PCollector,10,1000,10,100,1,nearest,1,4,1,SPATIAL_IMBALANCE,Custom Time [micros],5,0.0,0.0,0.0,0.0,0.0,0.0,0.0
TaxiAlgorithmP2PCollector,10,1000,5,25,1,nearest,1,4,1,SPATIAL_ISLANDS,Taxi Travel Distance [km],5,4.456,4.029727534213697,0.0,11.85,15.994000000000003,0.0,36.2
TaxiAlgorithmP2PCollector,10,1000,5,25,1,nearest,1,4,1,SPATIAL_ISLANDS,Client Waiting Time [min],5,73.11000000000001,58.65469699862067,0.0,180.11,103.016,0.0,345.25
TaxiAlgorithmP2PCollector,10,1000,5,25,1,nearest,1,4,1,SPATIAL_ISLANDS,Client Travel Time [min],5,11779.431999999999,1618.5231074087267,10196.28,13818.52,30524.8,27893.0,34540.0
TaxiAlgorithmP2PCollector,10,1000,5,25,1,nearest,1,4,1,SPATIAL_ISLANDS,Calculation Time [millis],5,0.03,0.0,0.03,0.03,19.4,0.0,44.0
TaxiAlgorithmP2PCollector,10,1000,5,25,1,nearest,1,4,1,SPATIAL_ISLANDS,Custom Time [micros],5,0.0,0.0,0.0,0.0,0.0,0.0,0.0
TaxiAlgorithmP2PCollector,10,1000,5,50,1,nearest,1,4,1,SPATIAL_ISLANDS,Taxi Travel Distance [km],5,9.166,7.744274272002509,1.1,23.73,16.973999999999997,2.82,31.49
TaxiAlgorithmP2PCollector,10,1000,5,50,1,nearest,1,4,1,SPATIAL_ISLANDS,Client Waiting Time [min],5,171.57999999999998,134.37642754590556,51.22,427.17,201.482,44.03000000000001,373.14
TaxiAlgorithmP2PCollector,10,1000,5,50,1,nearest,1,4,1,SPATIAL_ISLANDS,Client Travel Time [min],5,11620.132,2004.9820423973874,9500.22,14910.22,30524.8,27893.0,34540.0
TaxiAlgorithmP2PCollector,10,1000,5,50,1,nearest,1,4,1,SPATIAL_ISLANDS,Calculation Time [millis],5,0.03,0.0,0.03,0.03,11.6,0.0,24.0
TaxiAlgorithmP2PCollector,10,1000,5,50,1,nearest,1,4,1,SPATIAL_ISLANDS,Custom Time [micros],5,0.0,0.0,0.0,0.0,0.0,0.0,0.0
TaxiAlgorithmP2PCollector,10,1000,10,50,1,nearest,1,4,1,SPATIAL_ISLANDS,Taxi Travel Distance [km],5,8.36,2.2599380522483354,3.86,9.77,25.419999999999998,18.96,31.49
TaxiAlgorithmP2PCollector,10,1000,10,50,1,nearest,1,4,1,SPATIAL_ISLANDS,Client Waiting Time [min],5,154.30599999999998,50.9302364416267,71.44,226.84,355.09000000000003,124.37,508.8
TaxiAlgorithmP2PCollector,10,1000,10,50,1,nearest,1,4,1,SPATIAL_ISLANDS,Client Travel Time [min],5,11132.58,1783.262783955298,8910.16,13771.98,28374.0,26034.0,34540.0
TaxiAlgorithmP2PCollector,10,1000,10,50,1,nearest,1,4,1,SPATIAL_ISLANDS,Calculation Time [millis],5,0.096,0.00489897948556636,0.09,0.1,60.4,46.0,88.0
TaxiAlgorithmP2PCollector,10,1000,10,50,1,nearest,1,4,1,SPATIAL_ISLANDS,Custom Time [micros],5,0.0,0.0,0.0,0.0,0.0,0.0,0.0
TaxiAlgorithmP2PCollector,10,1000,10,100,1,nearest,1,4,1,SPATIAL_ISLANDS,Taxi Travel Distance [km],5,12.242,2.5155389084647446,7.91,15.76,39.382,28.59,70.0
TaxiAlgorithmP2PCollector,10,1000,10,100,1,nearest,1,4,1,SPATIAL_ISLANDS,Client Waiting Time [min],5,146.33599999999998,47.32434578522982,64.1,199.32,350.898,125.05,508.8
TaxiAlgorithmP2PCollector,10,1000,10,100,1,nearest,1,4,1,SPATIAL_ISLANDS,Client Travel Time [min],5,11072.383999999998,1021.887969292133,10235.52,13070.97,30292.2,27893.0,34540.0
TaxiAlgorithmP2PCollector,10,1000,10,100,1,nearest,1,4,1,SPATIAL_ISLANDS,Calculation Time [millis],5,0.10200000000000001,0.0039999999999999975,0.1,0.11,68.0,37.0,88.0
TaxiAlgorithmP2PCollector,10,1000,10,100,1,nearest,1,4,1,SPATIAL_ISLANDS,Custom Time [micros],5,0.0,0.0,0.0,0.0,0.0,0.0,0.0
TaxiAlgorithmP2PCollector,10,1000,5,25,1,greedy,1,4,1,BASELINE,Taxi Travel Distance [km],5,6.837999999999999,2.0163868676422187,4.41,10.54,21.733999999999998,13.37,37.23
TaxiAlgorithmP2PCollector,10,1000,5,25,1,greedy,1,4,1,BASELINE,Client Waiting Time [min],5,126.62800000000001,57.46671850732387,46.55,221.62,172.388,0.0,313.25
TaxiAlgorithmP2PCollector,10,1000,5,25,1,greedy,1,4,1,BASELINE,Client Travel Time [min],5,11113.295999999998,903.2318820236582,9700.28,12251.48,27351.2,24491.0,31622.0
TaxiAlgorithmP2PCollector,10,1000,5,25,1,greedy,1,4,1,BASELINE,Calculation Time [millis],5,0.03,0.0,0.03,0.03,19.0,0.0,40.0
TaxiAlgorithmP2PCollector,10,1000,5,25,1,greedy,1,4,1,BASELINE,Custom Time [micros],5,0.0,0.0,0.0,0.0,0.0,0.0,0.0
TaxiAlgorithmP2PCollector,10,1000,5,50,1,greedy,1,4,1,BASELINE,Taxi Travel Distance [km],5,10.367999999999999,2.1248943503148574,8.19,12.94,24.409999999999997,20.57,33.96
TaxiAlgorithmP2PCollector,10,1000,5,50,1,greedy,1,4,1,BASELINE,Client Waiting Time [min],5,106.502,47.48024785108014,23.5,158.44,237.32799999999997,29.700000000000003,424.72
TaxiAlgorithmP2PCollector,10,1000,5,50,1,greedy,1,4,1,BASELINE,Client Travel Time [min],5,11318.547999999999,637.0791068744916,10676.68,12347.42,30007.0,24491.0,34325.0
TaxiAlgorithmP2PCollector,10,1000,5,50,1,greedy,1,4,1,BASELINE,Calculation Time [millis],5,0.03,0.0,0.03,0.03,26.8,0.0,45.0
TaxiAlgorithmP2PCollector,10,1000,5,50,1,greedy,1,4,1,BASELINE,Custom Time [micros],5,0.0,0.0,0.0,0.0,0.0,0.0,0.0
TaxiAlgorithmP2PCollector,10,1000,10,50,1,greedy,1,4,1,BASELINE,Taxi Travel Distance [km],5,10.059999999999999,1.8532565931354457,7.76,13.36,30.759999999999998,20.57,48.73
TaxiAlgorithmP2PCollector,10,1000,10,50,1,greedy,1,4,1,BASELINE,Client Waiting Time [min],5,115.686,26.252811354215,80.23,155.3,307.434,147.03,438.19
TaxiAlgorithmP2PCollector,10,1000,10,50,1,greedy,1,4,1,BASELINE,Client Travel Time [min],5,10783.511999999999,382.4813872804792,10106.1,11178.44,30339.6,25760.0,33124.0
TaxiAlgorithmP2PCollector,10,1000,10,50,1,greedy,1,4,1,BASELINE,Calculation Time [millis],5,0.1,0.0,0.1,0.1,75.8,52.0,98.0
TaxiAlgorithmP2PCollector,10,1000,10,50,1,greedy,1,4,1,BASELINE,Custom Time [micros],5,0.0,0.0,0.0,0.0,0.0,0.0,0.0
TaxiAlgorithmP2PCollector,10,1000,10,100,1,greedy,1,4,1,BASELINE,Taxi Travel Distance [km],5,14.772,3.0356310711283743,10.57,18.22,37.983999999999995,29.65,48.73
TaxiAlgorithmP2PCollector,10,1000,10,100,1,greedy,1,4,1,BASELINE,Client Waiting Time [min],5,125.75399999999999,14.02228169735582,103.57,147.69,412.97200000000004,370.15,446.1
TaxiAlgorithmP2PCollector,10,1000,10,100,1,greedy,1,4,1,BASELINE,Client Travel Time [min],5,11581.022,703.4089594083939,10707.1,12626.22,33005.4,30680.0,36090.0
TaxiAlgorithmP2PCollector,10,1000,10,100,1,greedy,1,4,1,BASELINE,Calculation Time [millis],5,0.10400000000000001,0.004898979485566354,0.1,0.11,77.8,64.0,99.0
TaxiAlgorithmP2PCollector,10,1000,10,100,1,greedy,1,4,1,BASELINE,Custom Time [micros],5,0.0,0.0,0.0,0.0,0.0,0.0,0.0
TaxiAlgorithmP2PCollector,10,1000,5,25,1,greedy,1,4,1,RUSH_HOUR,Taxi Travel Distance [km],5,8.059999999999999,2.6314330696409516,4.15,11.55,24.962,19.46,39.64
TaxiAlgorithmP2PCollector,10,1000,5,25,1,greedy,1,4,1,RUSH_HOUR,Client Waiting Time [min],5,124.572,64.33788165614408,50.78,217.94,186.76800000000003,0.0,358.53000000000003
TaxiAlgorithmP2PCollector,10,1000,5,25,1,greedy,1,4,1,RUSH_HOUR,Client Travel Time [min],5,11519.464000000002,2605.5040213947095,7598.36,15163.76,33342.6,26626.0,37256.0
TaxiAlgorithmP2PCollector,10,1000,5,25,1,greedy,1,4,1,RUSH_HOUR,Calculation Time [millis],5,0.03,0.0,0.03,0.03,29.6,0.0,61.0
TaxiAlgorithmP2PCollector,10,1000,5,25,1,greedy,1,4,1,RUSH_HOUR,Custom Time [micros],5,0.0,0.0,0.0,0.0,0.0,0.0,0.0
TaxiAlgorithmP2PCollector,10,1000,5,50,1,greedy,1,4,1,RUSH_HOUR,Taxi Travel Distance [km],5,10.496,2.5915601478646026,6.48,13.46,30.119999999999997,19.46,43.15
TaxiAlgorithmP2PCollector,10,1000,5,50,1,greedy,1,4,1,RUSH_HOUR,Client Waiting Time [min],5,158.286,31.311748977021388,128.37,217.94,310.62800000000004,255.23000000000002,358.53000000000003
TaxiAlgorithmP2PCollector,10,1000,5,50,1,greedy,1,4,1,RUSH_HOUR,Client Travel Time [min],5,12857.076000000001,1460.7548789526597,10745.48,14925.96,34729.8,31727.0,37256.0
TaxiAlgorithmP2PCollector,10,1000,5,50,1,greedy,1,4,1,RUSH_HOUR,Calculation Time [millis],5,0.03,0.0,0.03,0.03,18.4,16.0,19.0
TaxiAlgorithmP2PCollector,10,1000,5,50,1,greedy,1,4,1,RUSH_HOUR,Custom Time [micros],5,0.0,0.0,0.0,0.0,0.0,0.0,0.0
TaxiAlgorithmP2PCollector,10,1000,10,50,1,greedy,1,4,1,RUSH_HOUR,Taxi Travel Distance [km],5,9.166,3.9185589187863434,2.23,13.35,33.318,13.88,45.69
TaxiAlgorithmP2PCollector,10,1000,10,50,1,greedy,1,4,1,RUSH_HOUR,Client Waiting Time [min],5,166.83200000000002,45.962595401043224,105.63,240.63,364.99199999999996,288.34,504.87
TaxiAlgorithmP2PCollector,10,1000,10,50,1,greedy,1,4,1,RUSH_HOUR,Client Travel Time [min],5,11781.488,860.2958048113451,10598.14,12778.72,30915.8,27651.0,34346.0
TaxiAlgorithmP2PCollector,10,1000,10,50,1,greedy,1,4,1,RUSH_HOUR,Calculation Time [millis],5,0.096,0.00489897948556636,0.09,0.1,71.8,61.0,90.0
TaxiAlgorithmP2PCollector,10,1000,10,50,1,greedy,1,4,1,RUSH_HOUR,Custom Time [micros],5,0.0,0.0,0.0,0.0,0.0,0.0,0.0
TaxiAlgorithmP2PCollector,10,1000,10,100,1,greedy,1,4,1,RUSH_HOUR,Taxi Travel Distance [km],5,13.311999999999998,2.481768724115927,10.05,17.15,35.836,27.47,47.54
TaxiAlgorithmP2PCollector,10,1000,10,100,1,greedy,1,4,1,RUSH_HOUR,Client Waiting Time [min],5,147.502,36.8110605117538,77.37,177.93,391.044,210.5,519.5400000000001
TaxiAlgorithmP2PCollector,10,1000,10,100,1,greedy,1,4,1,RUSH_HOUR,Client Travel Time [min],5,12420.528,531.2110100666216,11707.73,13245.95,34217.4,31914.0,35619.0
TaxiAlgorithmP2PCollector,10,1000,10,100,1,greedy,1,4,1,RUSH_HOUR,Calculation Time [millis],5,0.10400000000000001,0.004898979485566354,0.1,0.11,84.4,73.0,94.0
TaxiAlgorithmP2PCollector,10,1000,10,100,1,greedy,1,4,1,RUSH_HOUR,Custom Time [micros],5,0.0,0.0,0.0,0.0,0.0,0.0,0.0
TaxiAlgorithmP2PCollector,10,1000,5,25,1,greedy,1,4,1,SPATIAL_IMBALANCE,Taxi Travel Distance [km],5,5.17,1.320212104171144,3.68,7.38,22.848000000000003,18.42,36.92
TaxiAlgorithmP2PCollector,10,1000,5,25,1,greedy,1,4,1,SPATIAL_IMBALANCE,Client Waiting Time [min],5,79.218,60.99697054772474,8.78,152.48,74.53999999999999,0.0,277.88
TaxiAlgorithmP2PCollector,10,1000,5,25,1,greedy,1,4,1,SPATIAL_IMBALANCE,Client Travel Time [min],5,10141.168000000001,1455.8516857207676,8016.08,12564.36,29336.4,26608.0,33183.0
TaxiAlgorithmP2PCollector,10,1000,5,25,1,greedy,1,4,1,SPATIAL_IMBALANCE,Calculation Time [millis],5,0.03,0.0,0.03,0.03,27.2,0.0,55.0
TaxiAlgorithmP2PCollector,10,1000,5,25,1,greedy,1,4,1,SPATIAL_IMBALANCE,Custom Time [micros],5,0.0,0.0,0.0,0.0,0.0,0.0,0.0
TaxiAlgorithmP2PCollector,10,1000,5,50,1,greedy,1,4,1,SPATIAL_IMBALANCE,Taxi Travel Distance [km],5,8.620000000000001,4.189238594303266,4.25,15.82,26.341999999999995,18.42,38.48
TaxiAlgorithmP2PCollector,10,1000,5,50,1,greedy,1,4,1,SPATIAL_IMBALANCE,Client Waiting Time [min],5,75.282,43.68078634823324,27.82,149.94,148.56199999999998,0.0,492.75
TaxiAlgorithmP2PCollector,10,1000,5,50,1,greedy,1,4,1,SPATIAL_IMBALANCE,Client Travel Time [min],5,10026.132,729.8763969440306,9040.06,11271.56,29738.4,26608.0,33183.0
TaxiAlgorithmP2PCollector,10,1000,5,50,1,greedy,1,4,1,SPATIAL_IMBALANCE,Calculation Time [millis],5,0.03,0.0,0.03,0.03,15.0,0.0,30.0
TaxiAlgorithmP2PCollector,10,1000,5,50,1,greedy,1,4,1,SPATIAL_IMBALANCE,Custom Time [micros],5,0.0,0.0,0.0,0.0,0.0,0.0,0.0
TaxiAlgorithmP2PCollector,10,1000,10,50,1,greedy,1,4,1,SPATIAL_IMBALANCE,Taxi Travel Distance [km],5,7.254,4.176307459945927,3.29,12.81,24.130000000000003,10.56,47.52
TaxiAlgorithmP2PCollector,10,1000,10,50,1,greedy,1,4,1,SPATIAL_IMBALANCE,Client Waiting Time [min],5,104.002,40.03067593733586,60.13,172.32,276.506,109.99000000000001,373.92
TaxiAlgorithmP2PCollector,10,1000,10,50,1,greedy,1,4,1,SPATIAL_IMBALANCE,Client Travel Time [min],5,8545.848000000002,1065.776127831732,7534.44,10612.6,26207.0,24521.0,29053.0
TaxiAlgorithmP2PCollector,10,1000,10,50,1,greedy,1,4,1,SPATIAL_IMBALANCE,Calculation Time [millis],5,0.09,0.0,0.09,0.09,62.2,47.0,79.0
TaxiAlgorithmP2PCollector,10,1000,10,50,1,greedy,1,4,1,SPATIAL_IMBALANCE,Custom Time [micros],5,0.0,0.0,0.0,0.0,0.0,0.0,0.0
TaxiAlgorithmP2PCollector,10,1000,10,100,1,greedy,1,4,1,SPATIAL_IMBALANCE,Taxi Travel Distance [km],5,11.318000000000001,6.167532407697588,5.56,21.05,32.572,16.82,60.15
TaxiAlgorithmP2PCollector,10,1000,10,100,1,greedy,1,4,1,SPATIAL_IMBALANCE,Client Waiting Time [min],5,111.93199999999999,27.494410631981182,67.25,142.22,357.76,269.44000000000005,486.41999999999996
TaxiAlgorithmP2PCollector,10,1000,10,100,1,greedy,1,4,1,SPATIAL_IMBALANCE,Client Travel Time [min],5,9433.428,539.3608342992658,8877.3,10399.32,31854.0,27348.0,35342.0
TaxiAlgorithmP2PCollector,10,1000,10,100,1,greedy,1,4,1,SPATIAL_IMBALANCE,Calculation Time [millis],5,0.1,0.0,0.1,0.1,70.0,56.0,83.0
TaxiAlgorithmP2PCollector,10,1000,10,100,1,greedy,1,4,1,SPATIAL_IMBALANCE,Custom Time [micros],5,0.0,0.0,0.0,0.0,0.0,0.0,0.0
TaxiAlgorithmP2PCollector,10,1000,5,25,1,greedy,1,4,1,SPATIAL_ISLANDS,Taxi Travel Distance [km],5,4.456,4.029727534213697,0.0,11.85,15.994000000000003,0.0,36.2
TaxiAlgorithmP2PCollector,10,1000,5,25,1,greedy,1,4,1,SPATIAL_ISLANDS,Client Waiting Time [min],5,73.11000000000001,58.65469699862067,0.0,180.11,103.016,0.0,345.25
TaxiAlgorithmP2PCollector,10,1000,5,25,1,greedy,1,4,1,SPATIAL_ISLANDS,Client Travel Time [min],5,11779.431999999999,1618.5231074087267,10196.28,13818.52,30524.8,27893.0,34540.0
TaxiAlgorithmP2PCollector,10,1000,5,25,1,greedy,1,4,1,SPATIAL_ISLANDS,Calculation Time [millis],5,0.03,0.0,0.03,0.03,24.6,0.0,48.0
TaxiAlgorithmP2PCollector,10,1000,5,25,1,greedy,1,4,1,SPATIAL_ISLANDS,Custom Time [micros],5,0.0,0.0,0.0,0.0,0.0,0.0,0.0
TaxiAlgorithmP2PCollector,10,1000,5,50,1,greedy,1,4,1,SPATIAL_ISLANDS,Taxi Travel Distance [km],5,9.166,7.744274272002509,1.1,23.73,16.973999999999997,2.82,31.49
TaxiAlgorithmP2PCollector,10,1000,5,50,1,greedy,1,4,1,SPATIAL_ISLANDS,Client Waiting Time [min],5,171.57999999999998,134.37642754590556,51.22,427.17,201.482,44.03000000000001,373.14
TaxiAlgorithmP2PCollector,10,1000,5,50,1,greedy,1,4,1,SPATIAL_ISLANDS,Client Travel Time [min],5,11620.132,2004.9820423973874,9500.22,14910.22,30524.8,27893.0,34540.0
TaxiAlgorithmP2PCollector,10,1000,5,50,1,greedy,1,4,1,SPATIAL_ISLANDS,Calculation Time [millis],5,0.03,0.0,0.03,0.03,8.6,0.0,18.0
TaxiAlgorithmP2PCollector,10,1000,5,50,1,greedy,1,4,1,SPATIAL_ISLANDS,Custom Time [micros],5,0.0,0.0,0.0,0.0,0.0,0.0,0.0
TaxiAlgorithmP2PCollector,10,1000,10,50,1,greedy,1,4,1,SPATIAL_ISLANDS,Taxi Travel Distance [km],5,8.36,2.2599380522483354,3.86,9.77,25.419999999999998,18.96,31.49
TaxiAlgorithmP2PCollector,10,1000,10,50,1,greedy,1,4,1,SPATIAL_ISLANDS,Client Waiting Time [min],5,154.30599999999998,50.9302364416267,71.44,226.84,355.09000000000003,124.37,508.8
TaxiAlgorithmP2PCollector,10,1000,10,50,1,greedy,1,4,1,SPATIAL_ISLANDS,Client Travel Time [min],5,11132.58,1783.262783955298,8910.16,13771.98,28374.0,26034.0,34540.0
TaxiAlgorithmP2PCollector,10,1000,10,50,1,greedy,1,4,1,SPATIAL_ISLANDS,Calculation Time [millis],5,0.098,0.0040000000000000036,0.09,0.1,64.2,46.0,84.0
TaxiAlgorithmP2PCollector,10,1000,10,50,1,greedy,1,4,1,SPATIAL_ISLANDS,Custom Time [micros],5,0.0,0.0,0.0,0.0,0.0,0.0,0.0
TaxiAlgorithmP2PCollector,10,1000,10,100,1,greedy,1,4,1,SPATIAL_ISLANDS,Taxi Travel Distance [km],5,12.242,2.5155389084647446,7.91,15.76,39.382,28.59,70.0
TaxiAlgorithmP2PCollector,10,1000,10,100,1,greedy,1,4,1,SPATIAL_ISLANDS,Client Waiting Time [min],5,146.33599999999998,47.32434578522982,64.1,199.32,350.898,125.05,508.8
TaxiAlgorithmP2PCollector,10,1000,10,100,1,greedy,1,4,1,SPATIAL_ISLANDS,Client Travel Time [min],5,11072.383999999998,1021.887969292133,10235.52,13070.97,30292.2,27893.0,34540.0
TaxiAlgorithmP2PCollector,10,1000,10,100,1,greedy,1,4,1,SPATIAL_ISLANDS,Calculation Time [millis],5,0.10400000000000001,0.004898979485566354,0.1,0.11,75.8,64.0,88.0
TaxiAlgorithmP2PCollector,10,1000,10,100,1,greedy,1,4,1,SPATIAL_ISLANDS,Custom Time [micros],5,0.0,0.0,0.0,0.0,0.0,0.0,0.0
TaxiAlgorithmP2PCollector,10,5000,5,25,1,nearest,1,4,1,BASELINE,Taxi Travel Distance [km],5,29.564,8.290670901682203,17.87,42.56,54.294000000000004,44.42,62.059999999999995
TaxiAlgorithmP2PCollector,10,5000,5,25,1,nearest,1,4,1,BASELINE,Client Waiting Time [min],5,70.342,37.32803632660041,29.59,140.07,282.41600000000005,124.57000000000001,593.9300000000001
TaxiAlgorithmP2PCollector,10,5000,5,25,1,nearest,1,4,1,BASELINE,Client Travel Time [min],5,8431.439999999999,1871.6946831361142,5539.48,10871.88,29865.2,24491.0,35800.0
TaxiAlgorithmP2PCollector,10,5000,5,25,1,nearest,1,4,1,BASELINE,Calculation Time [millis],5,0.03,0.0,0.03,0.03,24.6,0.0,61.0
TaxiAlgorithmP2PCollector,10,5000,5,25,1,nearest,1,4,1,BASELINE,Custom Time [micros],5,0.0,0.0,0.0,0.0,0.0,0.0,0.0
TaxiAlgorithmP2PCollector,10,5000,5,50,1,nearest,1,4,1,BASELINE,Taxi Travel Distance [km],5,63.926,6.455591684733476,53.35,73.14,116.50399999999999,51.330000000000005,143.47
TaxiAlgorithmP2PCollector,10,5000,5,50,1,nearest,1,4,1,BASELINE,Client Waiting Time [min],5,80.794,16.88527595273468,58.83,108.68,380.27599999999995,270.58000000000004,484.29
TaxiAlgorithmP2PCollector,10,5000,5,50,1,nearest,1,4,1,BASELINE,Client Travel Time [min],5,8082.692000000001,589.659903822534,7296.14,8904.94,28170.8,24491.0,31622.0
TaxiAlgorithmP2PCollector,10,5000,5,50,1,nearest,1,4,1,BASELINE,Calculation Time [millis],5,0.03,0.0,0.03,0.03,23.2,0.0,50.0
TaxiAlgorithmP2PCollector,10,5000,5,50,1,nearest,1,4,1,BASELINE,Custom Time [micros],5,0.0,0.0,0.0,0.0,0.0,0.0,0.0
TaxiAlgorithmP2PCollector,10,5000,10,50,1,nearest,1,4,1,BASELINE,Taxi Travel Distance [km],5,49.594,4.668852535687971,43.04,57.26,101.50999999999999,68.84,135.61
TaxiAlgorithmP2PCollector,10,5000,10,50,1,nearest,1,4,1,BASELINE,Client Waiting Time [min],5,64.416,14.139652895315358,50.2,89.75,365.12,307.99,484.29
TaxiAlgorithmP2PCollector,10,5000,10,50,1,nearest,1,4,1,BASELINE,Client Travel Time [min],5,6160.892,1152.3850450678367,4522.84,7732.46,24674.2,19011.0,29135.0
TaxiAlgorithmP2PCollector,10,5000,10,50,1,nearest,1,4,1,BASELINE,Calculation Time [millis],5,0.09,0.0,0.09,0.09,61.0,54.0,64.0
TaxiAlgorithmP2PCollector,10,5000,10,50,1,nearest,1,4,1,BASELINE,Custom Time [micros],5,0.0,0.0,0.0,0.0,0.0,0.0,0.0
TaxiAlgorithmP2PCollector,10,5000,10,100,1,nearest,1,4,1,BASELINE,Taxi Travel Distance [km],5,83.69399999999999,4.968350229200836,76.73,89.87,127.934,88.78,169.11
TaxiAlgorithmP2PCollector,10,5000,10,100,1,nearest,1,4,1,BASELINE,Client Waiting Time [min],5,85.172,16.652605081487998,59.56,110.05,445.532,378.9,510.41999999999996
TaxiAlgorithmP2PCollector,10,5000,10,100,1,nearest,1,4,1,BASELINE,Client Travel Time [min],5,7471.530000000001,950.1012938839729,6203.06,8655.46,28645.4,24491.0,30851.0
TaxiAlgorithmP2PCollector,10,5000,10,100,1,nearest,1,4,1,BASELINE,Calculation Time [millis],5,0.1,0.0,0.1,0.1,65.2,53.0,79.0
TaxiAlgorithmP2PCollector,10,5000,10,100,1,nearest,1,4,1,BASELINE,Custom Time [micros],5,0.0,0.0,0.0,0.0,0.0,0.0,0.0
TaxiAlgorithmP2PCollector,10,5000,5,25,1,nearest,1,4,1,RUSH_HOUR,Taxi Travel Distance [km],5,32.501999999999995,15.1186009934782,12.01,52.2,64.63399999999999,28.11,138.76
TaxiAlgorithmP2PCollector,10,5000,5,25,1,nearest,1,4,1,RUSH_HOUR,Client Waiting Time [min],5,84.05000000000001,24.687825339628443,56.74,130.02,273.948,140.10999999999999,367.58
TaxiAlgorithmP2PCollector,10,5000,5,25,1,nearest,1,4,1,RUSH_HOUR,Client Travel Time [min],5,8667.967999999999,1359.5152511156323,6292.44,9995.2,31454.4,26464.0,37256.0
TaxiAlgorithmP2PCollector,10,5000,5,25,1,nearest,1,4,1,RUSH_HOUR,Calculation Time [millis],5,0.03,0.0,0.03,0.03,32.8,0.0,61.0
TaxiAlgorithmP2PCollector,10,5000,5,25,1,nearest,1,4,1,RUSH_HOUR,Custom Time [micros],5,0.0,0.0,0.0,0.0,0.0,0.0,0.0
TaxiAlgorithmP2PCollector,10,5000,5,50,1,nearest,1,4,1,RUSH_HOUR,Taxi Travel Distance [km],5,60.512,16.916904444962736,34.19,86.96,104.006,53.83,143.59
TaxiAlgorithmP2PCollector,10,5000,5,50,1,nearest,1,4,1,RUSH_HOUR,Client Waiting Time [min],5,121.46399999999998,33.033762486280615,58.51,153.52,420.634,345.43,463.63
TaxiAlgorithmP2PCollector,10,5000,5,50,1,nearest,1,4,1,RUSH_HOUR,Client Travel Time [min],5,9809.928,519.5158564047878,9199.4,10692.74,29923.6,25585.0,33562.0
TaxiAlgorithmP2PCollector,10,5000,5,50,1,nearest,1,4,1,RUSH_HOUR,Calculation Time [millis],5,0.03,0.0,0.03,0.03,37.8,0.0,61.0
TaxiAlgorithmP2PCollector,10,5000,5,50,1,nearest,1,4,1,RUSH_HOUR,Custom Time [micros],5,0.0,0.0,0.0,0.0,0.0,0.0,0.0
TaxiAlgorithmP2PCollector,10,5000,10,50,1,nearest,1,4,1,RUSH_HOUR,Taxi Travel Distance [km],5,45.562,9.73338461173707,28.64,55.87,93.866,51.25,120.24
TaxiAlgorithmP2PCollector,10,5000,10,50,1,nearest,1,4,1,RUSH_HOUR,Client Waiting Time [min],5,74.066,21.835987360318747,45.63,95.73,368.40599999999995,263.15,431.82
TaxiAlgorithmP2PCollector,10,5000,10,50,1,nearest,1,4,1,RUSH_HOUR,Client Travel Time [min],5,7680.223999999999,827.879190935489,6116.32,8429.96,29085.8,25973.0,32803.0
TaxiAlgorithmP2PCollector,10,5000,10,50,1,nearest,1,4,1,RUSH_HOUR,Calculation Time [millis],5,0.09,0.0,0.09,0.09,59.0,48.0,84.0
TaxiAlgorithmP2PCollector,10,5000,10,50,1,nearest,1,4,1,RUSH_HOUR,Custom Time [micros],5,0.0,0.0,0.0,0.0,0.0,0.0,0.0
TaxiAlgorithmP2PCollector,10,5000,10,100,1,nearest,1,4,1,RUSH_HOUR,Taxi Travel Distance [km],5,69.878,11.690114456240366,51.89,81.45,110.816,55.05,169.24
TaxiAlgorithmP2PCollector,10,5000,10,100,1,nearest,1,4,1,RUSH_HOUR,Client Waiting Time [min],5,90.22200000000001,16.804984260629343,64.45,116.13,428.258,379.32,522.0500000000001
TaxiAlgorithmP2PCollector,10,5000,10,100,1,nearest,1,4,1,RUSH_HOUR,Client Travel Time [min],5,9077.514,729.8463622598938,7856.47,9893.87,30233.0,27651.0,32687.0
TaxiAlgorithmP2PCollector,10,5000,10,100,1,nearest,1,4,1,RUSH_HOUR,Calculation Time [millis],5,0.1,0.0,0.1,0.1,68.8,52.0,86.0
TaxiAlgorithmP2PCollector,10,5000,10,100,1,nearest,1,4,1,RUSH_HOUR,Custom Time [micros],5,0.0,0.0,0.0,0.0,0.0,0.0,0.0
TaxiAlgorithmP2PCollector,10,5000,5,25,1,nearest,1,4,1,SPATIAL_IMBALANCE,Taxi Travel Distance [km],5,27.012,6.350128817591026,18.94,35.07,49.154,36.43,66.28999999999999
TaxiAlgorithmP2PCollector,10,5000,5,25,1,nearest,1,4,1,SPATIAL_IMBALANCE,Client Waiting Time [min],5,81.524,34.95823714090858,35.52,125.91,237.266,86.83,417.25
TaxiAlgorithmP2PCollector,10,5000,5,25,1,nearest,1,4,1,SPATIAL_IMBALANCE,Client Travel Time [min],5,7864.0160000000005,1895.2605458627586,4668.32,10484.2,27082.4,19019.0,33183.0
TaxiAlgorithmP2PCollector,10,5000,5,25,1,nearest,1,4,1,SPATIAL_IMBALANCE,Calculation Time [millis],5,0.03,0.0,0.03,0.03,12.2,0.0,34.0
TaxiAlgorithmP2PCollector,10,5000,5,25,1,nearest,1,4,1,SPATIAL_IMBALANCE,Custom Time [micros],5,0.0,0.0,0.0,0.0,0.0,0.0,0.0
TaxiAlgorithmP2PCollector,10,5000,5,50,1,nearest,1,4,1,SPATIAL_IMBALANCE,Taxi Travel Distance [km],5,47.34599999999999,3.803201809002513,40.52,51.32,79.03200000000001,11.969999999999999,122.17
TaxiAlgorithmP2PCollector,10,5000,5,50,1,nearest,1,4,1,SPATIAL_IMBALANCE,Client Waiting Time [min],5,86.1,21.807865553510734,52.51,112.02,321.946,233.81,452.04999999999995
TaxiAlgorithmP2PCollector,10,5000,5,50,1,nearest,1,4,1,SPATIAL_IMBALANCE,Client Travel Time [min],5,7979.1,907.030248227698,6505.76,9324.64,27043.6,19019.0,33183.0
TaxiAlgorithmP2PCollector,10,5000,5,50,1,nearest,1,4,1,SPATIAL_IMBALANCE,Calculation Time [millis],5,0.03,0.0,0.03,0.03,15.0,0.0,46.0
TaxiAlgorithmP2PCollector,10,5000,5,50,1,nearest,1,4,1,SPATIAL_IMBALANCE,Custom Time [micros],5,0.0,0.0,0.0,0.0,0.0,0.0,0.0
TaxiAlgorithmP2PCollector,10,5000,10,50,1,nearest,1,4,1,SPATIAL_IMBALANCE,Taxi Travel Distance [km],5,28.82,6.676091671030289,21.28,41.15,69.476,45.85,113.41
TaxiAlgorithmP2PCollector,10,5000,10,50,1,nearest,1,4,1,SPATIAL_IMBALANCE,Client Waiting Time [min],5,74.31400000000001,20.524160007172036,55.95,114.14,323.706,212.70000000000002,483.97
TaxiAlgorithmP2PCollector,10,5000,10,50,1,nearest,1,4,1,SPATIAL_IMBALANCE,Client Travel Time [min],5,6392.024,1293.009557483625,4878.56,8700.02,23573.8,16484.0,29118.0
TaxiAlgorithmP2PCollector,10,5000,10,50,1,nearest,1,4,1,SPATIAL_IMBALANCE,Calculation Time [millis],5,0.092,0.0040000000000000036,0.09,0.1,66.6,55.0,86.0
TaxiAlgorithmP2PCollector,10,5000,10,50,1,nearest,1,4,1,SPATIAL_IMBALANCE,Custom Time [micros],5,0.0,0.0,0.0,0.0,0.0,0.0,0.0
TaxiAlgorithmP2PCollector,10,5000,10,100,1,nearest,1,4,1,SPATIAL_IMBALANCE,Taxi Travel Distance [km],5,55.025999999999996,9.849894618725624,43.53,72.4,107.71199999999999,59.03,148.35
TaxiAlgorithmP2PCollector,10,5000,10,100,1,nearest,1,4,1,SPATIAL_IMBALANCE,Client Waiting Time [min],5,91.684,21.261693817755905,66.68,128.89,414.15600000000006,270.06,521.07
TaxiAlgorithmP2PCollector,10,5000,10,100,1,nearest,1,4,1,SPATIAL_IMBALANCE,Client Travel Time [min],5,7270.2,834.0074978080235,6351.87,8666.61,28848.8,25039.0,31534.0
TaxiAlgorithmP2PCollector,10,5000,10,100,1,nearest,1,4,1,SPATIAL_IMBALANCE,Calculation Time [millis],5,0.1,0.0,0.1,0.1,71.2,60.0,88.0
TaxiAlgorithmP2PCollector,10,5000,10,100,1,nearest,1,4,1,SPATIAL_IMBALANCE,Custom Time [micros],5,0.0,0.0,0.0,0.0,0.0,0.0,0.0
TaxiAlgorithmP2PCollector,10,5000,5,25,1,nearest,1,4,1,SPATIAL_ISLANDS,Taxi Travel Distance [km],5,29.103999999999996,7.6084521421902895,15.58,36.8,54.238,24.459999999999997,84.96
TaxiAlgorithmP2PCollector,10,5000,5,25,1,nearest,1,4,1,SPATIAL_ISLANDS,Client Waiting Time [min],5,118.982,56.11888359545297,33.82,181.37,319.88199999999995,129.75,483.65000000000003
TaxiAlgorithmP2PCollector,10,5000,5,25,1,nearest,1,4,1,SPATIAL_ISLANDS,Client Travel Time [min],5,9097.456,2169.5333388874205,6670.64,12147.16,28417.0,20094.0,34752.0
TaxiAlgorithmP2PCollector,10,5000,5,25,1,nearest,1,4,1,SPATIAL_ISLANDS,Calculation Time [millis],5,0.03,0.0,0.03,0.03,13.0,0.0,31.0
TaxiAlgorithmP2PCollector,10,5000,5,25,1,nearest,1,4,1,SPATIAL_ISLANDS,Custom Time [micros],5,0.0,0.0,0.0,0.0,0.0,0.0,0.0
TaxiAlgorithmP2PCollector,10,5000,5,50,1,nearest,1,4,1,SPATIAL_ISLANDS,Taxi Travel Distance [km],5,45.727999999999994,11.860130522047385,34.82,68.5,76.24199999999999,37.03,132.64
TaxiAlgorithmP2PCollector,10,5000,5,50,1,nearest,1,4,1,SPATIAL_ISLANDS,Client Waiting Time [min],5,123.36800000000001,38.89223233500489,88.01,192.78,352.24399999999997,277.92,473.07
TaxiAlgorithmP2PCollector,10,5000,5,50,1,nearest,1,4,1,SPATIAL_ISLANDS,Client Travel Time [min],5,9699.484,2240.614045743711,7015.54,13135.26,30047.6,22647.0,34752.0
TaxiAlgorithmP2PCollector,10,5000,5,50,1,nearest,1,4,1,SPATIAL_ISLANDS,Calculation Time [millis],5,0.03,0.0,0.03,0.03,25.0,8.0,48.0
TaxiAlgorithmP2PCollector,10,5000,5,50,1,nearest,1,4,1,SPATIAL_ISLANDS,Custom Time [micros],5,0.0,0.0,0.0,0.0,0.0,0.0,0.0
TaxiAlgorithmP2PCollector,10,5000,10,50,1,nearest,1,4,1,SPATIAL_ISLANDS,Taxi Travel Distance [km],5,38.99400000000001,4.6634948268439205,29.99,42.42,82.47,60.55,97.4
TaxiAlgorithmP2PCollector,10,5000,10,50,1,nearest,1,4,1,SPATIAL_ISLANDS,Client Waiting Time [min],5,93.838,17.224310029722524,67.73,119.72,340.724,270.04999999999995,446.57
TaxiAlgorithmP2PCollector,10,5000,10,50,1,nearest,1,4,1,SPATIAL_ISLANDS,Client Travel Time [min],5,7834.5199999999995,1282.9545292020289,6559.36,9907.58,27163.2,22534.0,34540.0
TaxiAlgorithmP2PCollector,10,5000,10,50,1,nearest,1,4,1,SPATIAL_ISLANDS,Calculation Time [millis],5,0.092,0.0040000000000000036,0.09,0.1,61.2,38.0,80.0
TaxiAlgorithmP2PCollector,10,5000,10,50,1,nearest,1,4,1,SPATIAL_ISLANDS,Custom Time [micros],5,0.0,0.0,0.0,0.0,0.0,0.0,0.0
TaxiAlgorithmP2PCollector,10,5000,10,100,1,nearest,1,4,1,SPATIAL_ISLANDS,Taxi Travel Distance [km],5,53.516,6.449535177049585,46.51,64.06,91.04400000000001,71.54,114.01
TaxiAlgorithmP2PCollector,10,5000,10,100,1,nearest,1,4,1,SPATIAL_ISLANDS,Client Waiting Time [min],5,115.21600000000001,18.169636870339485,92.58,143.66,397.444,326.08,459.2
TaxiAlgorithmP2PCollector,10,5000,10,100,1,nearest,1,4,1,SPATIAL_ISLANDS,Client Travel Time [min],5,8981.048,1200.577907066426,7634.1,11212.33,28509.6,25425.0,34540.0
TaxiAlgorithmP2PCollector,10,5000,10,100,1,nearest,1,4,1,SPATIAL_ISLANDS,Calculation Time [millis],5,0.1,0.0,0.1,0.1,68.4,44.0,91.0
TaxiAlgorithmP2PCollector,10,5000,10,100,1,nearest,1,4,1,SPATIAL_ISLANDS,Custom Time [micros],5,0.0,0.0,0.0,0.0,0.0,0.0,0.0
TaxiAlgorithmP2PCollector,10,5000,5,25,1,greedy,1,4,1,BASELINE,Taxi Travel Distance [km],5,29.564,8.290670901682203,17.87,42.56,54.294000000000004,44.42,62.059999999999995
TaxiAlgorithmP2PCollector,10,5000,5,25,1,greedy,1,4,1,BASELINE,Client Waiting Time [min],5,70.342,37.32803632660041,29.59,140.07,282.41600000000005,124.57000000000001,593.9300000000001
TaxiAlgorithmP2PCollector,10,5000,5,25,1,greedy,1,4,1,BASELINE,Client Travel Time [min],5,8431.439999999999,1871.6946831361142,5539.48,10871.88,29865.2,24491.0,35800.0
TaxiAlgorithmP2PCollector,10,5000,5,25,1,greedy,1,4,1,BASELINE,Calculation Time [millis],5,0.03,0.0,0.03,0.03,19.6,0.0,50.0
TaxiAlgorithmP2PCollector,10,5000,5,25,1,greedy,1,4,1,BASELINE,Custom Time [micros],5,0.0,0.0,0.0,0.0,0.0,0.0,0.0
TaxiAlgorithmP2PCollector,10,5000,5,50,1,greedy,1,4,1,BASELINE,Taxi Travel Distance [km],5,63.926,6.455591684733476,53.35,73.14,116.50399999999999,51.330000000000005,143.47
TaxiAlgorithmP2PCollector,10,5000,5,50,1,greedy,1,4,1,BASELINE,Client Waiting Time [min],5,80.794,16.88527595273468,58.83,108.68,380.27599999999995,270.58000000000004,484.29
TaxiAlgorithmP2PCollector,10,5000,5,50,1,greedy,1,4,1,BASELINE,Client Travel Time [min],5,8082.692000000001,589.659903822534,7296.14,8904.94,28170.8,24491.0,31622.0
TaxiAlgorithmP2PCollector,10,5000,5,50,1,greedy,1,4,1,BASELINE,Calculation Time [millis],5,0.03,0.0,0.03,0.03,14.4,0.0,40.0
TaxiAlgorithmP2PCollector,10,5000,5,50,1,greedy,1,4,1,BASELINE,Custom Time [micros],5,0.0,0.0,0.0,0.0,0.0,0.0,0.0
TaxiAlgorithmP2PCollector,10,5000,10,50,1,greedy,1,4,1,BASELINE,Taxi Travel Distance [km],5,49.594,4.668852535687971,43.04,57.26,101.50999999999999,68.84,135.61
TaxiAlgorithmP2PCollector,10,5000,10,50,1,greedy,1,4,1,BASELINE,Client Waiting Time [min],5,64.416,14.139652895315358,50.2,89.75,365.12,307.99,484.29
TaxiAlgorithmP2PCollector,10,5000,10,50,1,greedy,1,4,1,BASELINE,Client Travel Time [min],5,6160.892,1152.3850450678367,4522.84,7732.46,24674.2,19011.0,29135.0
TaxiAlgorithmP2PCollector,10,5000,10,50,1,greedy,1,4,1,BASELINE,Calculation Time [millis],5,0.09,0.0,0.09,0.09,62.6,37.0,80.0
TaxiAlgorithmP2PCollector,10,5000,10,50,1,greedy,1,4,1,BASELINE,Custom Time [micros],5,0.0,0.0,0.0,0.0,0.0,0.0,0.0
TaxiAlgorithmP2PCollector,10,5000,10,100,1,greedy,1,4,1,BASELINE,Taxi Travel Distance [km],5,84.726,6.456923725738132,76.73,95.03,133.696,88.78,169.18
TaxiAlgorithmP2PCollector,10,5000,10,100,1,greedy,1,4,1,BASELINE,Client Waiting Time [min],5,81.22200000000001,23.282054376708253,39.81,110.05,428.908,295.78,510.41999999999996
TaxiAlgorithmP2PCollector,10,5000,10,100,1,greedy,1,4,1,BASELINE,Client Travel Time [min],5,7388.942,1067.4719576344849,5790.12,8655.46,29667.0,28241.0,30851.0
TaxiAlgorithmP2PCollector,10,5000,10,100,1,greedy,1,4,1,BASELINE,Calculation Time [millis],5,0.1,0.0,0.1,0.1,61.2,49.0,76.0
TaxiAlgorithmP2PCollector,10,5000,10,100,1,greedy,1,4,1,BASELINE,Custom Time [micros],5,0.0,0.0,0.0,0.0,0.0,0.0,0.0
TaxiAlgorithmP2PCollector,10,5000,5,25,1,greedy,1,4,1,RUSH_HOUR,Taxi Travel Distance [km],5,32.501999999999995,15.1186009934782,12.01,52.2,64.63399999999999,28.11,138.76
TaxiAlgorithmP2PCollector,10,5000,5,25,1,greedy,1,4,1,RUSH_HOUR,Client Waiting Time [min],5,84.05000000000001,24.687825339628443,56.74,130.02,273.948,140.10999999999999,367.58
TaxiAlgorithmP2PCollector,10,5000,5,25,1,greedy,1,4,1,RUSH_HOUR,Client Travel Time [min],5,8667.967999999999,1359.5152511156323,6292.44,9995.2,31454.4,26464.0,37256.0
TaxiAlgorithmP2PCollector,10,5000,5,25,1,greedy,1,4,1,RUSH_HOUR,Calculation Time [millis],5,0.03,0.0,0.03,0.03,7.2,0.0,24.0
TaxiAlgorithmP2PCollector,10,5000,5,25,1,greedy,1,4,1,RUSH_HOUR,Custom Time [micros],5,0.0,0.0,0.0,0.0,0.0,0.0,0.0
TaxiAlgorithmP2PCollector,10,5000,5,50,1,greedy,1,4,1,RUSH_HOUR,Taxi Travel Distance [km],5,60.512,16.916904444962736,34.19,86.96,104.006,53.83,143.59
TaxiAlgorithmP2PCollector,10,5000,5,50,1,greedy,1,4,1,RUSH_HOUR,Client Waiting Time [min],5,121.46399999999998,33.033762486280615,58.51,153.52,420.634,345.43,463.63
TaxiAlgorithmP2PCollector,10,5000,5,50,1,greedy,1,4,1,RUSH_HOUR,Client Travel Time [min],5,9809.928,519.5158564047878,9199.4,10692.74,29923.6,25585.0,33562.0
TaxiAlgorithmP2PCollector,10,5000,5,50,1,greedy,1,4,1,RUSH_HOUR,Calculation Time [millis],5,0.03,0.0,0.03,0.03,20.0,5.0,34.0
TaxiAlgorithmP2PCollector,10,5000,5,50,1,greedy,1,4,1,RUSH_HOUR,Custom Time [micros],5,0.0,0.0,0.0,0.0,0.0,0.0,0.0
TaxiAlgorithmP2PCollector,10,5000,10,50,1,greedy,1,4,1,RUSH_HOUR,Taxi Travel Distance [km],5,45.562,9.73338461173707,28.64,55.87,93.866,51.25,120.24
TaxiAlgorithmP2PCollector,10,5000,10,50,1,greedy,1,4,1,RUSH_HOUR,Client Waiting Time [min],5,74.066,21.835987360318747,45.63,95.73,368.40599999999995,263.15,431.82
TaxiAlgorithmP2PCollector,10,5000,10,50,1,greedy,1,4,1,RUSH_HOUR,Client Travel Time [min],5,7680.223999999999,827.879190935489,6116.32,8429.96,29085.8,25973.0,32803.0
TaxiAlgorithmP2PCollector,10,5000,10,50,1,greedy,1,4,1,RUSH_HOUR,Calculation Time [millis],5,0.09,0.0,0.09,0.09,71.0,65.0,86.0
TaxiAlgorithmP2PCollector,10,5000,10,50,1,greedy,1,4,1,RUSH_HOUR,Custom Time [micros],5,0.0,0.0,0.0,0.0,0.0,0.0,0.0
TaxiAlgorithmP2PCollector,10,5000,10,100,1,greedy,1,4,1,RUSH_HOUR,Taxi Travel Distance [km],5,69.878,11.690114456240366,51.89,81.45,110.816,55.05,169.24
TaxiAlgorithmP2PCollector,10,5000,10,100,1,greedy,1,4,1,RUSH_HOUR,Client Waiting Time [min],5,90.22200000000001,16.804984260629343,64.45,116.13,428.258,379.32,522.0500000000001
TaxiAlgorithmP2PCollector,10,5000,10,100,1,greedy,1,4,1,RUSH_HOUR,Client Travel Time [min],5,9077.514,729.8463622598938,7856.47,9893.87,30233.0,27651.0,32687.0
TaxiAlgorithmP2PCollector,10,5000,10,100,1,greedy,1,4,1,RUSH_HOUR,Calculation Time [millis],5,0.1,0.0,0.1,0.1,77.0,65.0,91.0
TaxiAlgorithmP2PCollector,10,5000,10,100,1,greedy,1,4,1,RUSH_HOUR,Custom Time [micros],5,0.0,0.0,0.0,0.0,0.0,0.0,0.0
TaxiAlgorithmP2PCollector,10,5000,5,25,1,greedy,1,4,1,SPATIAL_IMBALANCE,Taxi Travel Distance [km],5,27.012,6.350128817591026,18.94,35.07,49.154,36.43,66.28999999999999
TaxiAlgorithmP2PCollector,10,5000,5,25,1,greedy,1,4,1,SPATIAL_IMBALANCE,Client Waiting Time [min],5,81.524,34.95823714090858,35.52,125.91,237.266,86.83,417.25
TaxiAlgorithmP2PCollector,10,5000,5,25,1,greedy,1,4,1,SPATIAL_IMBALANCE,Client Travel Time [min],5,7864.0160000000005,1895.2605458627586,4668.32,10484.2,27082.4,19019.0,33183.0
TaxiAlgorithmP2PCollector,10,5000,5,25,1,greedy,1,4,1,SPATIAL_IMBALANCE,Calculation Time [millis],5,0.03,0.0,0.03,0.03,22.8,0.0,47.0
TaxiAlgorithmP2PCollector,10,5000,5,25,1,greedy,1,4,1,SPATIAL_IMBALANCE,Custom Time [micros],5,0.0,0.0,0.0,0.0,0.0,0.0,0.0
TaxiAlgorithmP2PCollector,10,5000,5,50,1,greedy,1,4,1,SPATIAL_IMBALANCE,Taxi Travel Distance [km],5,47.34599999999999,3.803201809002513,40.52,51.32,79.03200000000001,11.969999999999999,122.17
TaxiAlgorithmP2PCollector,10,5000,5,50,1,greedy,1,4,1,SPATIAL_IMBALANCE,Client Waiting Time [min],5,86.1,21.807865553510734,52.51,112.02,321.946,233.81,452.04999999999995
TaxiAlgorithmP2PCollector,10,5000,5,50,1,greedy,1,4,1,SPATIAL_IMBALANCE,Client Travel Time [min],5,7979.1,907.030248227698,6505.76,9324.64,27043.6,19019.0,33183.0
TaxiAlgorithmP2PCollector,10,5000,5,50,1,greedy,1,4,1,SPATIAL_IMBALANCE,Calculation Time [millis],5,0.03,0.0,0.03,0.03,18.6,0.0,48.0
TaxiAlgorithmP2PCollector,10,5000,5,50,1,greedy,1,4,1,SPATIAL_IMBALANCE,Custom Time [micros],5,0.0,0.0,0.0,0.0,0.0,0.0,0.0
TaxiAlgorithmP2PCollector,10,5000,10,50,1,greedy,1,4,1,SPATIAL_IMBALANCE,Taxi Travel Distance [km],5,28.82,6.676091671030289,21.28,41.15,69.476,45.85,113.41
TaxiAlgorithmP2PCollector,10,5000,10,50,1,greedy,1,4,1,SPATIAL_IMBALANCE,Client Waiting Time [min],5,74.31400000000001,20.524160007172036,55.95,114.14,323.706,212.70000000000002,483.97
TaxiAlgorithmP2PCollector,10,5000,10,50,1,greedy,1,4,1,SPATIAL_IMBALANCE,Client Travel Time [min],5,6392.024,1293.009557483625,4878.56,8700.02,23573.8,16484.0,29118.0
TaxiAlgorithmP2PCollector,10,5000,10,50,1,greedy,1,4,1,SPATIAL_IMBALANCE,Calculation Time [millis],5,0.09,0.0,0.09,0.09,64.8,35.0,82.0
TaxiAlgorithmP2PCollector,10,5000,10,50,1,greedy,1,4,1,SPATIAL_IMBALANCE,Custom Time [micros],5,0.0,0.0,0.0,0.0,0.0,0.0,0.0
TaxiAlgorithmP2PCollector,10,5000,10,100,1,greedy,1,4,1,SPATIAL_IMBALANCE,Taxi Travel Distance [km],5,55.025999999999996,9.849894618725624,43.53,72.4,107.71199999999999,59.03,148.35
TaxiAlgorithmP2PCollector,10,5000,10,100,1,greedy,1,4,1,SPATIAL_IMBALANCE,Client Waiting Time [min],5,91.684,21.261693817755905,66.68,128.89,414.15600000000006,270.06,521.07
TaxiAlgorithmP2PCollector,10,5000,10,100,1,greedy,1,4,1,SPATIAL_IMBALANCE,Client Travel Time [min],5,7270.2,834.0074978080235,6351.87,8666.61,28848.8,25039.0,31534.0
TaxiAlgorithmP2PCollector,10,5000,10,100,1,greedy,1,4,1,SPATIAL_IMBALANCE,Calculation Time [millis],5,0.1,0.0,0.1,0.1,64.0,50.0,77.0
TaxiAlgorithmP2PCollector,10,5000,10,100,1,greedy,1,4,1,SPATIAL_IMBALANCE,Custom Time [micros],5,0.0,0.0,0.0,0.0,0.0,0.0,0.0
TaxiAlgorithmP2PCollector,10,5000,5,25,1,greedy,1,4,1,SPATIAL_ISLANDS,Taxi Travel Distance [km],5,29.103999999999996,7.6084521421902895,15.58,36.8,54.238,24.459999999999997,84.96
TaxiAlgorithmP2PCollector,10,5000,5,25,1,greedy,1,4,1,SPATIAL_ISLANDS,Client Waiting Time [min],5,118.982,56.11888359545297,33.82,181.37,319.88199999999995,129.75,483.65000000000003
TaxiAlgorithmP2PCollector,10,5000,5,25,1,greedy,1,4,1,SPATIAL_ISLANDS,Client Travel Time [min],5,9097.456,2169.5333388874205,6670.64,12147.16,28417.0,20094.0,34752.0
TaxiAlgorithmP2PCollector,10,5000,5,25,1,greedy,1,4,1,SPATIAL_ISLANDS,Calculation Time [millis],5,0.03,0.0,0.03,0.03,25.0,0.0,50.0
TaxiAlgorithmP2PCollector,10,5000,5,25,1,greedy,1,4,1,SPATIAL_ISLANDS,Custom Time [micros],5,0.0,0.0,0.0,0.0,0.0,0.0,0.0
TaxiAlgorithmP2PCollector,10,5000,5,50,1,greedy,1,4,1,SPATIAL_ISLANDS,Taxi Travel Distance [km],5,45.727999999999994,11.860130522047385,34.82,68.5,76.24199999999999,37.03,132.64
TaxiAlgorithmP2PCollector,10,5000,5,50,1,greedy,1,4,1,SPATIAL_ISLANDS,Client Waiting Time [min],5,123.36800000000001,38.89223233500489,88.01,192.78,352.24399999999997,277.92,473.07
TaxiAlgorithmP2PCollector,10,5000,5,50,1,greedy,1,4,1,SPATIAL_ISLANDS,Client Travel Time [min],5,9699.484,2240.614045743711,7015.54,13135.26,30047.6,22647.0,34752.0
TaxiAlgorithmP2PCollector,10,5000,5,50,1,greedy,1,4,1,SPATIAL_ISLANDS,Calculation Time [millis],5,0.03,0.0,0.03,0.03,26.8,0.0,47.0
TaxiAlgorithmP2PCollector,10,5000,5,50,1,greedy,1,4,1,SPATIAL_ISLANDS,Custom Time [micros],5,0.0,0.0,0.0,0.0,0.0,0.0,0.0
TaxiAlgorithmP2PCollector,10,5000,10,50,1,greedy,1,4,1,SPATIAL_ISLANDS,Taxi Travel Distance [km],5,38.99400000000001,4.6634948268439205,29.99,42.42,82.47,60.55,97.4
TaxiAlgorithmP2PCollector,10,5000,10,50,1,greedy,1,4,1,SPATIAL_ISLANDS,Client Waiting Time [min],5,93.838,17.224310029722524,67.73,119.72,340.724,270.04999999999995,446.57
TaxiAlgorithmP2PCollector,10,5000,10,50,1,greedy,1,4,1,SPATIAL_ISLANDS,Client Travel Time [min],5,7834.5199999999995,1282.9545292020289,6559.36,9907.58,27163.2,22534.0,34540.0
TaxiAlgorithmP2PCollector,10,5000,10,50,1,greedy,1,4,1,SPATIAL_ISLANDS,Calculation Time [millis],5,0.094,0.004898979485566361,0.09,0.1,62.2,53.0,86.0
TaxiAlgorithmP2PCollector,10,5000,10,50,1,greedy,1,4,1,SPATIAL_ISLANDS,Custom Time [micros],5,0.0,0.0,0.0,0.0,0.0,0.0,0.0
TaxiAlgorithmP2PCollector,10,5000,10,100,1,greedy,1,4,1,SPATIAL_ISLANDS,Taxi Travel Distance [km],5,53.516,6.449535177049585,46.51,64.06,91.04400000000001,71.54,114.01
TaxiAlgorithmP2PCollector,10,5000,10,100,1,greedy,1,4,1,SPATIAL_ISLANDS,Client Waiting Time [min],5,115.21600000000001,18.169636870339485,92.58,143.66,397.444,326.08,459.2
TaxiAlgorithmP2PCollector,10,5000,10,100,1,greedy,1,4,1,SPATIAL_ISLANDS,Client Travel Time [min],5,8981.048,1200.577907066426,7634.1,11212.33,28509.6,25425.0,34540.0
TaxiAlgorithmP2PCollector,10,5000,10,100,1,greedy,1,4,1,SPATIAL_ISLANDS,Calculation Time [millis],5,0.1,0.0,0.1,0.1,62.0,51.0,74.0
TaxiAlgorithmP2PCollector,10,5000,10,100,1,greedy,1,4,1,SPATIAL_ISLANDS,Custom Time [micros],5,0.0,0.0,0.0,0.0,0.0,0.0,0.0
TaxiAlgorithmVehicleRouting,0,-1,5,25,1,n/a,-1,-1,-1,BASELINE,Taxi Travel Distance [km],5,130.75799999999998,14.65412351524307,112.62,151.07,90.65400000000001,49.0,146.06
TaxiAlgorithmVehicleRouting,0,-1,5,25,1,n/a,-1,-1,-1,BASELINE,Client Waiting Time [min],5,18.33,1.5591151336575506,17.15,21.35,50.354,39.89,76.31
TaxiAlgorithmVehicleRouting,0,-1,5,25,1,n/a,-1,-1,-1,BASELINE,Client Travel Time [min],5,1375.752,159.58779181378506,1174.0,1575.56,3382.6,2670.0,4869.0
TaxiAlgorithmVehicleRouting,0,-1,5,25,1,n/a,-1,-1,-1,BASELINE,Calculation Time [millis],5,0.016,0.004898979485566356,0.01,0.02,34.2,11.0,102.0
TaxiAlgorithmVehicleRouting,0,-1,5,25,1,n/a,-1,-1,-1,BASELINE,Custom Time [micros],5,0.0,0.0,0.0,0.0,0.0,0.0,0.0
TaxiAlgorithmVehicleRouting,0,-1,5,50,1,n/a,-1,-1,-1,BASELINE,Taxi Travel Distance [km],5,261.036,15.546712321259427,244.96,290.27,15.210000000000003,7.849999999999994,20.859999999999985
TaxiAlgorithmVehicleRouting,0,-1,5,50,1,n/a,-1,-1,-1,BASELINE,Client Waiting Time [min],5,38.552,7.088998236704533,29.35,50.73,161.128,131.78,180.9
TaxiAlgorithmVehicleRouting,0,-1,5,50,1,n/a,-1,-1,-1,BASELINE,Client Travel Time [min],5,2997.284,617.7946684651787,2202.02,3946.32,10174.4,8173.0,11461.0
TaxiAlgorithmVehicleRouting,0,-1,5,50,1,n/a,-1,-1,-1,BASELINE,Calculation Time [millis],5,0.256,0.10818502669038817,0.12,0.39,226.2,83.0,418.0
TaxiAlgorithmVehicleRouting,0,-1,5,50,1,n/a,-1,-1,-1,BASELINE,Custom Time [micros],5,0.0,0.0,0.0,0.0,0.0,0.0,0.0
TaxiAlgorithmVehicleRouting,0,-1,10,50,1,n/a,-1,-1,-1,BASELINE,Taxi Travel Distance [km],5,112.782,7.145923033450614,106.42,126.26,132.23,89.84,169.89
TaxiAlgorithmVehicleRouting,0,-1,10,50,1,n/a,-1,-1,-1,BASELINE,Client Waiting Time [min],5,15.065999999999999,1.578411860066947,13.66,17.95,47.824,37.76,71.16000000000001
TaxiAlgorithmVehicleRouting,0,-1,10,50,1,n/a,-1,-1,-1,BASELINE,Client Travel Time [min],5,1177.292,99.900701579118,1084.46,1358.32,3076.4,2560.0,4406.0
TaxiAlgorithmVehicleRouting,0,-1,10,50,1,n/a,-1,-1,-1,BASELINE,Calculation Time [millis],5,0.06599999999999999,0.017435595774162697,0.05,0.1,61.0,34.0,112.0
TaxiAlgorithmVehicleRouting,0,-1,10,50,1,n/a,-1,-1,-1,BASELINE,Custom Time [micros],5,0.0,0.0,0.0,0.0,0.0,0.0,0.0
TaxiAlgorithmVehicleRouting,0,-1,10,100,1,n/a,-1,-1,-1,BASELINE,Taxi Travel Distance [km],5,260.46799999999996,12.931770799082395,246.17,281.62,35.96799999999999,28.799999999999983,55.150000000000006
TaxiAlgorithmVehicleRouting,0,-1,10,100,1,n/a,-1,-1,-1,BASELINE,Client Waiting Time [min],5,35.464,4.187336146047986,27.9,39.78,163.008,123.12,209.22
TaxiAlgorithmVehicleRouting,0,-1,10,100,1,n/a,-1,-1,-1,BASELINE,Client Travel Time [min],5,3050.864,625.236428324518,2194.16,3966.67,10389.8,7766.0,13068.0
TaxiAlgorithmVehicleRouting,0,-1,10,100,1,n/a,-1,-1,-1,BASELINE,Calculation Time [millis],5,3.4579999999999997,1.7985816634225982,1.26,6.24,1701.2,467.0,3361.0
TaxiAlgorithmVehicleRouting,0,-1,10,100,1,n/a,-1,-1,-1,BASELINE,Custom Time [micros],5,0.0,0.0,0.0,0.0,0.0,0.0,0.0
TaxiAlgorithmVehicleRouting,0,-1,5,25,1,n/a,-1,-1,-1,RUSH_HOUR,Taxi Travel Distance [km],5,133.544,19.187345413058054,98.81,155.56,52.30999999999999,19.799999999999997,99.60999999999999
TaxiAlgorithmVehicleRouting,0,-1,5,25,1,n/a,-1,-1,-1,RUSH_HOUR,Client Waiting Time [min],5,19.84,5.721576705769136,12.06,28.86,65.24199999999999,36.47,101.75
TaxiAlgorithmVehicleRouting,0,-1,5,25,1,n/a,-1,-1,-1,RUSH_HOUR,Client Travel Time [min],5,1719.8160000000003,474.2526628538842,1034.44,2444.52,4205.4,2694.0,6488.0
TaxiAlgorithmVehicleRouting,0,-1,5,25,1,n/a,-1,-1,-1,RUSH_HOUR,Calculation Time [millis],5,0.032,0.01720465053408525,0.01,0.06,45.0,10.0,74.0
TaxiAlgorithmVehicleRouting,0,-1,5,25,1,n/a,-1,-1,-1,RUSH_HOUR,Custom Time [micros],5,0.0,0.0,0.0,0.0,0.0,0.0,0.0
TaxiAlgorithmVehicleRouting,0,-1,5,50,1,n/a,-1,-1,-1,RUSH_HOUR,Taxi Travel Distance [km],5,272.448,23.465335625130113,238.1,306.44,31.076000000000015,8.900000000000034,48.120000000000005
TaxiAlgorithmVehicleRouting,0,-1,5,50,1,n/a,-1,-1,-1,RUSH_HOUR,Client Waiting Time [min],5,46.32,8.464766978482041,37.46,61.94,173.708,131.18,197.9
TaxiAlgorithmVehicleRouting,0,-1,5,50,1,n/a,-1,-1,-1,RUSH_HOUR,Client Travel Time [min],5,4290.7480000000005,1110.4943012983001,2653.14,5915.94,11337.4,9356.0,13102.0
TaxiAlgorithmVehicleRouting,0,-1,5,50,1,n/a,-1,-1,-1,RUSH_HOUR,Calculation Time [millis],5,0.6460000000000001,0.2985699248082432,0.26,1.03,737.2,264.0,1204.0
TaxiAlgorithmVehicleRouting,0,-1,5,50,1,n/a,-1,-1,-1,RUSH_HOUR,Custom Time [micros],5,0.0,0.0,0.0,0.0,0.0,0.0,0.0
TaxiAlgorithmVehicleRouting,0,-1,10,50,1,n/a,-1,-1,-1,RUSH_HOUR,Taxi Travel Distance [km],5,123.602,8.379731260607345,114.67,135.92,56.181999999999995,36.329999999999984,88.57999999999998
TaxiAlgorithmVehicleRouting,0,-1,10,50,1,n/a,-1,-1,-1,RUSH_HOUR,Client Waiting Time [min],5,17.240000000000002,4.699055224191348,14.15,26.54,58.736000000000004,43.53,91.39
TaxiAlgorithmVehicleRouting,0,-1,10,50,1,n/a,-1,-1,-1,RUSH_HOUR,Client Travel Time [min],5,1574.556,235.60173561330143,1284.76,1937.74,3938.0,2875.0,5588.0
TaxiAlgorithmVehicleRouting,0,-1,10,50,1,n/a,-1,-1,-1,RUSH_HOUR,Calculation Time [millis],5,0.238,0.08158431221748456,0.12,0.34,204.0,91.0,360.0
TaxiAlgorithmVehicleRouting,0,-1,10,50,1,n/a,-1,-1,-1,RUSH_HOUR,Custom Time [micros],5,0.0,0.0,0.0,0.0,0.0,0.0,0.0
TaxiAlgorithmVehicleRouting,0,-1,10,100,1,n/a,-1,-1,-1,RUSH_HOUR,Taxi Travel Distance [km],5,259.36199999999997,10.94427960169147,248.43,278.04,47.660000000000004,37.849999999999994,60.69999999999999
TaxiAlgorithmVehicleRouting,0,-1,10,100,1,n/a,-1,-1,-1,RUSH_HOUR,Client Waiting Time [min],5,39.61800000000001,4.066769725470081,32.56,43.59,176.58599999999998,158.45,187.95000000000002
TaxiAlgorithmVehicleRouting,0,-1,10,100,1,n/a,-1,-1,-1,RUSH_HOUR,Client Travel Time [min],5,3817.65,521.4891984308016,2969.68,4594.49,11094.6,10484.0,11529.0
TaxiAlgorithmVehicleRouting,0,-1,10,100,1,n/a,-1,-1,-1,RUSH_HOUR,Calculation Time [millis],5,6.764,2.0896947145456437,3.14,9.58,4496.0,2409.0,6496.0
TaxiAlgorithmVehicleRouting,0,-1,10,100,1,n/a,-1,-1,-1,RUSH_HOUR,Custom Time [micros],5,0.0,0.0,0.0,0.0,0.0,0.0,0.0
TaxiAlgorithmVehicleRouting,0,-1,5,25,1,n/a,-1,-1,-1,SPATIAL_IMBALANCE,Taxi Travel Distance [km],5,124.968,20.993399343603212,87.93,152.7,69.27000000000001,40.79999999999998,124.69
TaxiAlgorithmVehicleRouting,0,-1,5,25,1,n/a,-1,-1,-1,SPATIAL_IMBALANCE,Client Waiting Time [min],5,16.518,3.0415482899339272,11.21,19.64,55.712,30.55,74.78
TaxiAlgorithmVehicleRouting,0,-1,5,25,1,n/a,-1,-1,-1,SPATIAL_IMBALANCE,Client Travel Time [min],5,1391.48,324.2844983035729,866.2,1814.08,3618.2,2004.0,4524.0
TaxiAlgorithmVehicleRouting,0,-1,5,25,1,n/a,-1,-1,-1,SPATIAL_IMBALANCE,Calculation Time [millis],5,0.016,0.008,0.01,0.03,22.2,12.0,47.0
TaxiAlgorithmVehicleRouting,0,-1,5,25,1,n/a,-1,-1,-1,SPATIAL_IMBALANCE,Custom Time [micros],5,0.0,0.0,0.0,0.0,0.0,0.0,0.0
TaxiAlgorithmVehicleRouting,0,-1,5,50,1,n/a,-1,-1,-1,SPATIAL_IMBALANCE,Taxi Travel Distance [km],5,246.064,21.43040699566855,209.56,273.53,22.08800000000001,7.590000000000032,37.129999999999995
TaxiAlgorithmVehicleRouting,0,-1,5,50,1,n/a,-1,-1,-1,SPATIAL_IMBALANCE,Client Waiting Time [min],5,33.166,3.5313260965252127,30.44,39.97,150.882,128.53,176.95999999999998
TaxiAlgorithmVehicleRouting,0,-1,5,50,1,n/a,-1,-1,-1,SPATIAL_IMBALANCE,Client Travel Time [min],5,2571.0440000000003,405.4568884406824,1824.4,3049.96,9507.8,8062.0,11027.0
TaxiAlgorithmVehicleRouting,0,-1,5,50,1,n/a,-1,-1,-1,SPATIAL_IMBALANCE,Calculation Time [millis],5,0.21000000000000002,0.05477225575051663,0.12,0.28,167.6,90.0,201.0
TaxiAlgorithmVehicleRouting,0,-1,5,50,1,n/a,-1,-1,-1,SPATIAL_IMBALANCE,Custom Time [micros],5,0.0,0.0,0.0,0.0,0.0,0.0,0.0
TaxiAlgorithmVehicleRouting,0,-1,10,50,1,n/a,-1,-1,-1,SPATIAL_IMBALANCE,Taxi Travel Distance [km],5,105.99600000000001,10.371190095644764,91.77,122.34,127.628,94.31,166.75
TaxiAlgorithmVehicleRouting,0,-1,10,50,1,n/a,-1,-1,-1,SPATIAL_IMBALANCE,Client Waiting Time [min],5,14.195999999999998,1.6383723630481561,12.72,17.0,47.263999999999996,35.19,79.49
TaxiAlgorithmVehicleRouting,0,-1,10,50,1,n/a,-1,-1,-1,SPATIAL_IMBALANCE,Client Travel Time [min],5,1096.52,109.18405597888363,966.78,1285.62,3120.6,2490.0,5000.0
TaxiAlgorithmVehicleRouting,0,-1,10,50,1,n/a,-1,-1,-1,SPATIAL_IMBALANCE,Calculation Time [millis],5,0.06000000000000001,0.01673320053068151,0.04,0.09,47.0,30.0,85.0
TaxiAlgorithmVehicleRouting,0,-1,10,50,1,n/a,-1,-1,-1,SPATIAL_IMBALANCE,Custom Time [micros],5,0.0,0.0,0.0,0.0,0.0,0.0,0.0
TaxiAlgorithmVehicleRouting,0,-1,10,100,1,n/a,-1,-1,-1,SPATIAL_IMBALANCE,Taxi Travel Distance [km],5,227.158,11.241472145586624,209.99,243.75,47.634,31.310000000000002,64.42000000000002
TaxiAlgorithmVehicleRouting,0,-1,10,100,1,n/a,-1,-1,-1,SPATIAL_IMBALANCE,Client Waiting Time [min],5,27.865999999999996,4.0709929992570615,23.91,35.0,148.058,127.02,178.32
TaxiAlgorithmVehicleRouting,0,-1,10,100,1,n/a,-1,-1,-1,SPATIAL_IMBALANCE,Client Travel Time [min],5,2124.448,312.1123453758278,1813.3,2506.48,9150.2,7997.0,10842.0
TaxiAlgorithmVehicleRouting,0,-1,10,100,1,n/a,-1,-1,-1,SPATIAL_IMBALANCE,Calculation Time [millis],5,1.5879999999999999,0.5371927028543855,1.0,2.35,653.8,415.0,982.0
TaxiAlgorithmVehicleRouting,0,-1,10,100,1,n/a,-1,-1,-1,SPATIAL_IMBALANCE,Custom Time [micros],5,0.0,0.0,0.0,0.0,0.0,0.0,0.0
TaxiAlgorithmVehicleRouting,0,-1,5,25,1,n/a,-1,-1,-1,SPATIAL_ISLANDS,Taxi Travel Distance [km],5,137.804,17.974876466891224,115.52,168.38,83.24799999999998,43.599999999999994,130.82999999999998
TaxiAlgorithmVehicleRouting,0,-1,5,25,1,n/a,-1,-1,-1,SPATIAL_ISLANDS,Client Waiting Time [min],5,16.827999999999996,2.3149721380612767,14.47,21.27,59.117999999999995,40.83,99.80000000000001
TaxiAlgorithmVehicleRouting,0,-1,5,25,1,n/a,-1,-1,-1,SPATIAL_ISLANDS,Client Travel Time [min],5,1457.216,244.1706034394804,1261.04,1925.92,3861.8,2673.0,6256.0
TaxiAlgorithmVehicleRouting,0,-1,5,25,1,n/a,-1,-1,-1,SPATIAL_ISLANDS,Calculation Time [millis],5,0.012,0.004,0.01,0.02,13.6,6.0,19.0
TaxiAlgorithmVehicleRouting,0,-1,5,25,1,n/a,-1,-1,-1,SPATIAL_ISLANDS,Custom Time [micros],5,0.0,0.0,0.0,0.0,0.0,0.0,0.0
TaxiAlgorithmVehicleRouting,0,-1,5,50,1,n/a,-1,-1,-1,SPATIAL_ISLANDS,Taxi Travel Distance [km],5,268.502,34.4306313622042,236.3,316.43,26.406,7.560000000000002,50.22999999999999
TaxiAlgorithmVehicleRouting,0,-1,5,50,1,n/a,-1,-1,-1,SPATIAL_ISLANDS,Client Waiting Time [min],5,38.144,4.558616456777208,32.02,43.11,165.72199999999998,112.72,234.45
TaxiAlgorithmVehicleRouting,0,-1,5,50,1,n/a,-1,-1,-1,SPATIAL_ISLANDS,Client Travel Time [min],5,3187.7,907.9889649549715,2018.06,4259.18,10572.8,7509.0,14253.0
TaxiAlgorithmVehicleRouting,0,-1,5,50,1,n/a,-1,-1,-1,SPATIAL_ISLANDS,Calculation Time [millis],5,0.29999999999999993,0.149130815058458,0.09,0.45,265.8,62.0,400.0
TaxiAlgorithmVehicleRouting,0,-1,5,50,1,n/a,-1,-1,-1,SPATIAL_ISLANDS,Custom Time [micros],5,0.0,0.0,0.0,0.0,0.0,0.0,0.0
TaxiAlgorithmVehicleRouting,0,-1,10,50,1,n/a,-1,-1,-1,SPATIAL_ISLANDS,Taxi Travel Distance [km],5,128.038,13.068631756997359,111.43,145.92,121.66,92.38,152.77
TaxiAlgorithmVehicleRouting,0,-1,10,50,1,n/a,-1,-1,-1,SPATIAL_ISLANDS,Client Waiting Time [min],5,16.832,1.560017948614694,15.33,18.88,55.61,45.28,74.32
TaxiAlgorithmVehicleRouting,0,-1,10,50,1,n/a,-1,-1,-1,SPATIAL_ISLANDS,Client Travel Time [min],5,1340.468,154.02005303206462,1125.36,1549.34,3539.2,2798.0,4743.0
TaxiAlgorithmVehicleRouting,0,-1,10,50,1,n/a,-1,-1,-1,SPATIAL_ISLANDS,Calculation Time [millis],5,0.164,0.07525955088890712,0.05,0.28,88.6,30.0,115.0
TaxiAlgorithmVehicleRouting,0,-1,10,50,1,n/a,-1,-1,-1,SPATIAL_ISLANDS,Custom Time [micros],5,0.0,0.0,0.0,0.0,0.0,0.0,0.0
TaxiAlgorithmVehicleRouting,0,-1,10,100,1,n/a,-1,-1,-1,SPATIAL_ISLANDS,Taxi Travel Distance [km],5,254.37599999999998,21.40574278085205,237.19,296.33,42.636,14.019999999999982,60.20999999999998
TaxiAlgorithmVehicleRouting,0,-1,10,100,1,n/a,-1,-1,-1,SPATIAL_ISLANDS,Client Waiting Time [min],5,30.456,4.369858578947378,26.05,37.28,168.91799999999998,111.55,213.76999999999998
TaxiAlgorithmVehicleRouting,0,-1,10,100,1,n/a,-1,-1,-1,SPATIAL_ISLANDS,Client Travel Time [min],5,2661.886,636.891202344639,2076.11,3829.46,10578.8,7475.0,13311.0
TaxiAlgorithmVehicleRouting,0,-1,10,100,1,n/a,-1,-1,-1,SPATIAL_ISLANDS,Calculation Time [millis],5,2.4000000000000004,1.0744859235932318,1.61,4.4,1274.0,663.0,2449.0
TaxiAlgorithmVehicleRouting,0,-1,10,100,1,n/a,-1,-1,-1,SPATIAL_ISLANDS,Custom Time [micros],5,0.0,0.0,0.0,0.0,0.0,0.0,0.0
