timestamp,algorithm,kHops,p2pRqsRadius,taxiCount,clientCount,taxiSeatCount,p2pStrategy,p2pOverlayMinNeighbors,p2pOverlayMaxNeighbors,p2pOverlayShortcuts,idleRoamingEnabled,idleRoamingStrategy,idleRoamingMode,spawnScenario,runIndex,worldSeed,metric,min,max,avg,sum,count,spread
2026-05-19T10:00:30.056814700Z,TaxiAlgorithmP2PCollector,0,100,6,80,1,nearest,1,4,0,false,none,none,BASELINE,1,116264426,Taxi Travel Distance [km],1.94,4.8,3.15,18.88,6,2.86
2026-05-19T10:00:30.056814700Z,TaxiAlgorithmP2PCollector,0,100,6,80,1,nearest,1,4,0,false,none,none,BASELINE,1,116264426,Client Waiting Time [min],0.05,6.4,2.42,96.73,40,6.3500000000000005
2026-05-19T10:00:30.056814700Z,TaxiAlgorithmP2PCollector,0,100,6,80,1,nearest,1,4,0,false,none,none,BASELINE,1,116264426,Client Travel Time [min],8.0,765.0,265.78,21262.0,80,757.0
2026-05-19T10:00:30.056814700Z,TaxiAlgorithmP2PCollector,0,100,6,80,1,nearest,1,4,0,false,none,none,BASELINE,1,116264426,Calculation Time [millis],0.0,10.0,0.07,327.0,4724,10.0
2026-05-19T10:00:30.056814700Z,TaxiAlgorithmP2PCollector,0,100,6,80,1,nearest,1,4,0,false,none,none,BASELINE,1,116264426,Custom Time [micros],0.0,0.0,0.0,0.0,4724,0.0
2026-05-19T10:00:30.396399900Z,TaxiAlgorithmP2PCollector,0,100,6,80,1,nearest,1,4,0,false,none,none,BASELINE,2,116264427,Taxi Travel Distance [km],0.81,3.67,2.18,13.11,6,2.86
2026-05-19T10:00:30.396399900Z,TaxiAlgorithmP2PCollector,0,100,6,80,1,nearest,1,4,0,false,none,none,BASELINE,2,116264427,Client Waiting Time [min],0.03,14.0,3.95,134.2,34,13.97
2026-05-19T10:00:30.396399900Z,TaxiAlgorithmP2PCollector,0,100,6,80,1,nearest,1,4,0,false,none,none,BASELINE,2,116264427,Client Travel Time [min],13.0,865.0,301.0,24080.0,80,852.0
2026-05-19T10:00:30.396399900Z,TaxiAlgorithmP2PCollector,0,100,6,80,1,nearest,1,4,0,false,none,none,BASELINE,2,116264427,Calculation Time [millis],0.0,0.0,0.02,118.0,4746,0.0
2026-05-19T10:00:30.396399900Z,TaxiAlgorithmP2PCollector,0,100,6,80,1,nearest,1,4,0,false,none,none,BASELINE,2,116264427,Custom Time [micros],0.0,0.0,0.0,0.0,4746,0.0
2026-05-19T10:00:30.691397300Z,TaxiAlgorithmP2PCollector,0,100,6,80,1,nearest,1,4,0,false,none,none,BASELINE,3,116264428,Taxi Travel Distance [km],1.16,3.39,2.2,13.21,6,2.2300000000000004
2026-05-19T10:00:30.691397300Z,TaxiAlgorithmP2PCollector,0,100,6,80,1,nearest,1,4,0,false,none,none,BASELINE,3,116264428,Client Waiting Time [min],0.05,10.97,4.33,138.4,32,10.92
2026-05-19T10:00:30.691397300Z,TaxiAlgorithmP2PCollector,0,100,6,80,1,nearest,1,4,0,false,none,none,BASELINE,3,116264428,Client Travel Time [min],17.0,870.0,374.53,29962.0,80,853.0
2026-05-19T10:00:30.691397300Z,TaxiAlgorithmP2PCollector,0,100,6,80,1,nearest,1,4,0,false,none,none,BASELINE,3,116264428,Calculation Time [millis],0.0,0.0,0.02,96.0,4549,0.0
2026-05-19T10:00:30.691397300Z,TaxiAlgorithmP2PCollector,0,100,6,80,1,nearest,1,4,0,false,none,none,BASELINE,3,116264428,Custom Time [micros],0.0,0.0,0.0,0.0,4549,0.0
2026-05-19T10:00:30.909399400Z,TaxiAlgorithmP2PCollector,0,100,6,80,1,nearest,1,4,0,false,none,none,BASELINE,4,116264429,Taxi Travel Distance [km],0.4,5.49,2.59,15.56,6,5.09
2026-05-19T10:00:30.909399400Z,TaxiAlgorithmP2PCollector,0,100,6,80,1,nearest,1,4,0,false,none,none,BASELINE,4,116264429,Client Waiting Time [min],0.05,12.53,2.63,89.43,34,12.479999999999999
2026-05-19T10:00:30.909399400Z,TaxiAlgorithmP2PCollector,0,100,6,80,1,nearest,1,4,0,false,none,none,BASELINE,4,116264429,Client Travel Time [min],12.0,881.0,337.89,27031.0,80,869.0
2026-05-19T10:00:30.909399400Z,TaxiAlgorithmP2PCollector,0,100,6,80,1,nearest,1,4,0,false,none,none,BASELINE,4,116264429,Calculation Time [millis],0.0,2.0,0.02,66.0,4328,2.0
2026-05-19T10:00:30.909399400Z,TaxiAlgorithmP2PCollector,0,100,6,80,1,nearest,1,4,0,false,none,none,BASELINE,4,116264429,Custom Time [micros],0.0,0.0,0.0,0.0,4328,0.0
2026-05-19T10:00:31.145401100Z,TaxiAlgorithmP2PCollector,0,100,6,80,1,nearest,1,4,0,false,none,none,BASELINE,5,116264430,Taxi Travel Distance [km],2.42,5.07,3.46,20.73,6,2.6500000000000004
2026-05-19T10:00:31.145401100Z,TaxiAlgorithmP2PCollector,0,100,6,80,1,nearest,1,4,0,false,none,none,BASELINE,5,116264430,Client Waiting Time [min],0.05,11.65,3.39,149.1,44,11.6
2026-05-19T10:00:31.145401100Z,TaxiAlgorithmP2PCollector,0,100,6,80,1,nearest,1,4,0,false,none,none,BASELINE,5,116264430,Client Travel Time [min],12.0,820.0,296.98,23758.0,80,808.0
2026-05-19T10:00:31.145401100Z,TaxiAlgorithmP2PCollector,0,100,6,80,1,nearest,1,4,0,false,none,none,BASELINE,5,116264430,Calculation Time [millis],0.0,1.0,0.01,64.0,4360,1.0
2026-05-19T10:00:31.145401100Z,TaxiAlgorithmP2PCollector,0,100,6,80,1,nearest,1,4,0,false,none,none,BASELINE,5,116264430,Custom Time [micros],0.0,0.0,0.0,0.0,4360,0.0
2026-05-19T10:00:31.346402500Z,TaxiAlgorithmP2PCollector,0,100,6,80,1,nearest,1,4,0,false,none,none,BASELINE,6,116264431,Taxi Travel Distance [km],1.54,4.92,3.32,19.91,6,3.38
2026-05-19T10:00:31.346402500Z,TaxiAlgorithmP2PCollector,0,100,6,80,1,nearest,1,4,0,false,none,none,BASELINE,6,116264431,Client Waiting Time [min],0.03,7.53,1.88,73.18,39,7.5
2026-05-19T10:00:31.346402500Z,TaxiAlgorithmP2PCollector,0,100,6,80,1,nearest,1,4,0,false,none,none,BASELINE,6,116264431,Client Travel Time [min],13.0,813.0,239.86,19189.0,80,800.0
2026-05-19T10:00:31.346402500Z,TaxiAlgorithmP2PCollector,0,100,6,80,1,nearest,1,4,0,false,none,none,BASELINE,6,116264431,Calculation Time [millis],0.0,2.0,0.01,58.0,4225,2.0
2026-05-19T10:00:31.346402500Z,TaxiAlgorithmP2PCollector,0,100,6,80,1,nearest,1,4,0,false,none,none,BASELINE,6,116264431,Custom Time [micros],0.0,0.0,0.0,0.0,4225,0.0
2026-05-19T10:00:31.503398100Z,TaxiAlgorithmP2PCollector,0,100,6,80,1,nearest,1,4,0,false,none,none,BASELINE,7,116264432,Taxi Travel Distance [km],1.41,4.52,2.99,17.96,6,3.1099999999999994
2026-05-19T10:00:31.503398100Z,TaxiAlgorithmP2PCollector,0,100,6,80,1,nearest,1,4,0,false,none,none,BASELINE,7,116264432,Client Waiting Time [min],0.05,11.28,2.81,115.25,41,11.229999999999999
2026-05-19T10:00:31.503398100Z,TaxiAlgorithmP2PCollector,0,100,6,80,1,nearest,1,4,0,false,none,none,BASELINE,7,116264432,Client Travel Time [min],6.0,939.0,296.46,23717.0,80,933.0
2026-05-19T10:00:31.503398100Z,TaxiAlgorithmP2PCollector,0,100,6,80,1,nearest,1,4,0,false,none,none,BASELINE,7,116264432,Calculation Time [millis],0.0,0.0,0.01,49.0,4195,0.0
2026-05-19T10:00:31.503398100Z,TaxiAlgorithmP2PCollector,0,100,6,80,1,nearest,1,4,0,false,none,none,BASELINE,7,116264432,Custom Time [micros],0.0,0.0,0.0,0.0,4195,0.0
2026-05-19T10:00:31.719398300Z,TaxiAlgorithmP2PCollector,0,100,6,80,1,nearest,1,4,0,false,none,none,BASELINE,8,116264433,Taxi Travel Distance [km],1.25,5.4,3.14,18.86,6,4.15
2026-05-19T10:00:31.719398300Z,TaxiAlgorithmP2PCollector,0,100,6,80,1,nearest,1,4,0,false,none,none,BASELINE,8,116264433,Client Waiting Time [min],0.03,12.52,2.92,105.18,36,12.49
2026-05-19T10:00:31.719398300Z,TaxiAlgorithmP2PCollector,0,100,6,80,1,nearest,1,4,0,false,none,none,BASELINE,8,116264433,Client Travel Time [min],14.0,907.0,329.78,26382.0,80,893.0
2026-05-19T10:00:31.719398300Z,TaxiAlgorithmP2PCollector,0,100,6,80,1,nearest,1,4,0,false,none,none,BASELINE,8,116264433,Calculation Time [millis],0.0,0.0,0.01,44.0,4797,0.0
2026-05-19T10:00:31.719398300Z,TaxiAlgorithmP2PCollector,0,100,6,80,1,nearest,1,4,0,false,none,none,BASELINE,8,116264433,Custom Time [micros],0.0,0.0,0.0,0.0,4797,0.0
2026-05-19T10:00:31.875399100Z,TaxiAlgorithmP2PCollector,0,100,6,80,1,nearest,1,4,0,false,none,none,BASELINE,9,116264434,Taxi Travel Distance [km],0.11,4.57,2.61,15.64,6,4.46
2026-05-19T10:00:31.875399100Z,TaxiAlgorithmP2PCollector,0,100,6,80,1,nearest,1,4,0,false,none,none,BASELINE,9,116264434,Client Waiting Time [min],0.05,13.73,3.61,122.9,34,13.68
2026-05-19T10:00:31.875399100Z,TaxiAlgorithmP2PCollector,0,100,6,80,1,nearest,1,4,0,false,none,none,BASELINE,9,116264434,Client Travel Time [min],15.0,864.0,330.96,26477.0,80,849.0
2026-05-19T10:00:31.875399100Z,TaxiAlgorithmP2PCollector,0,100,6,80,1,nearest,1,4,0,false,none,none,BASELINE,9,116264434,Calculation Time [millis],0.0,2.0,0.01,45.0,4621,2.0
2026-05-19T10:00:31.875399100Z,TaxiAlgorithmP2PCollector,0,100,6,80,1,nearest,1,4,0,false,none,none,BASELINE,9,116264434,Custom Time [micros],0.0,0.0,0.0,0.0,4621,0.0
2026-05-19T10:00:32.012400100Z,TaxiAlgorithmP2PCollector,0,100,6,80,1,nearest,1,4,0,false,none,none,BASELINE,10,116264435,Taxi Travel Distance [km],0.55,3.34,1.86,11.17,6,2.79
2026-05-19T10:00:32.012400100Z,TaxiAlgorithmP2PCollector,0,100,6,80,1,nearest,1,4,0,false,none,none,BASELINE,10,116264435,Client Waiting Time [min],0.05,9.63,3.67,91.72,25,9.58
2026-05-19T10:00:32.012400100Z,TaxiAlgorithmP2PCollector,0,100,6,80,1,nearest,1,4,0,false,none,none,BASELINE,10,116264435,Client Travel Time [min],13.0,934.0,352.19,28175.0,80,921.0
2026-05-19T10:00:32.012400100Z,TaxiAlgorithmP2PCollector,0,100,6,80,1,nearest,1,4,0,false,none,none,BASELINE,10,116264435,Calculation Time [millis],0.0,0.0,0.01,39.0,4512,0.0
2026-05-19T10:00:32.012400100Z,TaxiAlgorithmP2PCollector,0,100,6,80,1,nearest,1,4,0,false,none,none,BASELINE,10,116264435,Custom Time [micros],0.0,0.0,0.0,0.0,4512,0.0
2026-05-19T10:00:32.185398Z,TaxiAlgorithmP2PCollector,0,100,6,80,1,nearest,1,4,0,false,none,none,RUSH_HOUR,1,116264426,Taxi Travel Distance [km],0.88,5.62,3.45,20.73,6,4.74
2026-05-19T10:00:32.185398Z,TaxiAlgorithmP2PCollector,0,100,6,80,1,nearest,1,4,0,false,none,none,RUSH_HOUR,1,116264426,Client Waiting Time [min],0.05,12.08,2.85,128.08,45,12.03
2026-05-19T10:00:32.185398Z,TaxiAlgorithmP2PCollector,0,100,6,80,1,nearest,1,4,0,false,none,none,RUSH_HOUR,1,116264426,Client Travel Time [min],6.0,865.0,280.9,22472.0,80,859.0
2026-05-19T10:00:32.185398Z,TaxiAlgorithmP2PCollector,0,100,6,80,1,nearest,1,4,0,false,none,none,RUSH_HOUR,1,116264426,Calculation Time [millis],0.0,5.0,0.01,41.0,4232,5.0
2026-05-19T10:00:32.185398Z,TaxiAlgorithmP2PCollector,0,100,6,80,1,nearest,1,4,0,false,none,none,RUSH_HOUR,1,116264426,Custom Time [micros],0.0,0.0,0.0,0.0,4232,0.0
2026-05-19T10:00:32.309400600Z,TaxiAlgorithmP2PCollector,0,100,6,80,1,nearest,1,4,0,false,none,none,RUSH_HOUR,2,116264427,Taxi Travel Distance [km],0.65,4.62,2.28,13.67,6,3.97
2026-05-19T10:00:32.309400600Z,TaxiAlgorithmP2PCollector,0,100,6,80,1,nearest,1,4,0,false,none,none,RUSH_HOUR,2,116264427,Client Waiting Time [min],0.03,12.63,2.57,74.65,29,12.600000000000001
2026-05-19T10:00:32.309400600Z,TaxiAlgorithmP2PCollector,0,100,6,80,1,nearest,1,4,0,false,none,none,RUSH_HOUR,2,116264427,Client Travel Time [min],9.0,966.0,319.64,25571.0,80,957.0
2026-05-19T10:00:32.309400600Z,TaxiAlgorithmP2PCollector,0,100,6,80,1,nearest,1,4,0,false,none,none,RUSH_HOUR,2,116264427,Calculation Time [millis],0.0,0.0,0.01,32.0,4012,0.0
2026-05-19T10:00:32.309400600Z,TaxiAlgorithmP2PCollector,0,100,6,80,1,nearest,1,4,0,false,none,none,RUSH_HOUR,2,116264427,Custom Time [micros],0.0,0.0,0.0,0.0,4012,0.0
2026-05-19T10:00:32.449397Z,TaxiAlgorithmP2PCollector,0,100,6,80,1,nearest,1,4,0,false,none,none,RUSH_HOUR,3,116264428,Taxi Travel Distance [km],1.34,5.14,3.31,19.84,6,3.8
2026-05-19T10:00:32.449397Z,TaxiAlgorithmP2PCollector,0,100,6,80,1,nearest,1,4,0,false,none,none,RUSH_HOUR,3,116264428,Client Waiting Time [min],0.03,12.37,3.69,154.9,42,12.34
2026-05-19T10:00:32.449397Z,TaxiAlgorithmP2PCollector,0,100,6,80,1,nearest,1,4,0,false,none,none,RUSH_HOUR,3,116264428,Client Travel Time [min],12.0,879.0,332.28,26582.0,80,867.0
2026-05-19T10:00:32.449397Z,TaxiAlgorithmP2PCollector,0,100,6,80,1,nearest,1,4,0,false,none,none,RUSH_HOUR,3,116264428,Calculation Time [millis],0.0,0.0,0.01,35.0,4251,0.0
2026-05-19T10:00:32.449397Z,TaxiAlgorithmP2PCollector,0,100,6,80,1,nearest,1,4,0,false,none,none,RUSH_HOUR,3,116264428,Custom Time [micros],0.0,0.0,0.0,0.0,4251,0.0
2026-05-19T10:00:32.572397Z,TaxiAlgorithmP2PCollector,0,100,6,80,1,nearest,1,4,0,false,none,none,RUSH_HOUR,4,116264429,Taxi Travel Distance [km],0.0,4.5,2.13,12.78,6,4.5
2026-05-19T10:00:32.572397Z,TaxiAlgorithmP2PCollector,0,100,6,80,1,nearest,1,4,0,false,none,none,RUSH_HOUR,4,116264429,Client Waiting Time [min],0.05,14.02,3.26,91.28,28,13.969999999999999
2026-05-19T10:00:32.572397Z,TaxiAlgorithmP2PCollector,0,100,6,80,1,nearest,1,4,0,false,none,none,RUSH_HOUR,4,116264429,Client Travel Time [min],18.0,843.0,343.14,27451.0,80,825.0
2026-05-19T10:00:32.572397Z,TaxiAlgorithmP2PCollector,0,100,6,80,1,nearest,1,4,0,false,none,none,RUSH_HOUR,4,116264429,Calculation Time [millis],0.0,1.0,0.01,32.0,4066,1.0
2026-05-19T10:00:32.572397Z,TaxiAlgorithmP2PCollector,0,100,6,80,1,nearest,1,4,0,false,none,none,RUSH_HOUR,4,116264429,Custom Time [micros],0.0,0.0,0.0,0.0,4066,0.0
2026-05-19T10:00:32.681397900Z,TaxiAlgorithmP2PCollector,0,100,6,80,1,nearest,1,4,0,false,none,none,RUSH_HOUR,5,116264430,Taxi Travel Distance [km],0.93,5.01,3.17,18.99,6,4.08
2026-05-19T10:00:32.681397900Z,TaxiAlgorithmP2PCollector,0,100,6,80,1,nearest,1,4,0,false,none,none,RUSH_HOUR,5,116264430,Client Waiting Time [min],0.07,10.83,3.77,162.15,43,10.76
2026-05-19T10:00:32.681397900Z,TaxiAlgorithmP2PCollector,0,100,6,80,1,nearest,1,4,0,false,none,none,RUSH_HOUR,5,116264430,Client Travel Time [min],16.0,866.0,315.45,25236.0,80,850.0
2026-05-19T10:00:32.681397900Z,TaxiAlgorithmP2PCollector,0,100,6,80,1,nearest,1,4,0,false,none,none,RUSH_HOUR,5,116264430,Calculation Time [millis],0.0,0.0,0.01,31.0,3915,0.0
2026-05-19T10:00:32.681397900Z,TaxiAlgorithmP2PCollector,0,100,6,80,1,nearest,1,4,0,false,none,none,RUSH_HOUR,5,116264430,Custom Time [micros],0.0,0.0,0.0,0.0,3915,0.0
2026-05-19T10:00:32.806398800Z,TaxiAlgorithmP2PCollector,0,100,6,80,1,nearest,1,4,0,false,none,none,RUSH_HOUR,6,116264431,Taxi Travel Distance [km],1.0,5.96,3.11,18.67,6,4.96
2026-05-19T10:00:32.806398800Z,TaxiAlgorithmP2PCollector,0,100,6,80,1,nearest,1,4,0,false,none,none,RUSH_HOUR,6,116264431,Client Waiting Time [min],0.03,12.85,2.63,110.48,42,12.82
2026-05-19T10:00:32.806398800Z,TaxiAlgorithmP2PCollector,0,100,6,80,1,nearest,1,4,0,false,none,none,RUSH_HOUR,6,116264431,Client Travel Time [min],5.0,829.0,301.76,24141.0,80,824.0
2026-05-19T10:00:32.806398800Z,TaxiAlgorithmP2PCollector,0,100,6,80,1,nearest,1,4,0,false,none,none,RUSH_HOUR,6,116264431,Calculation Time [millis],0.0,0.0,0.01,31.0,4333,0.0
2026-05-19T10:00:32.806398800Z,TaxiAlgorithmP2PCollector,0,100,6,80,1,nearest,1,4,0,false,none,none,RUSH_HOUR,6,116264431,Custom Time [micros],0.0,0.0,0.0,0.0,4333,0.0
2026-05-19T10:00:32.930401100Z,TaxiAlgorithmP2PCollector,0,100,6,80,1,nearest,1,4,0,false,none,none,RUSH_HOUR,7,116264432,Taxi Travel Distance [km],0.25,4.39,2.39,14.34,6,4.14
2026-05-19T10:00:32.930401100Z,TaxiAlgorithmP2PCollector,0,100,6,80,1,nearest,1,4,0,false,none,none,RUSH_HOUR,7,116264432,Client Waiting Time [min],0.07,10.47,3.07,79.75,26,10.4
2026-05-19T10:00:32.930401100Z,TaxiAlgorithmP2PCollector,0,100,6,80,1,nearest,1,4,0,false,none,none,RUSH_HOUR,7,116264432,Client Travel Time [min],25.0,850.0,330.46,26437.0,80,825.0
2026-05-19T10:00:32.930401100Z,TaxiAlgorithmP2PCollector,0,100,6,80,1,nearest,1,4,0,false,none,none,RUSH_HOUR,7,116264432,Calculation Time [millis],0.0,2.0,0.01,34.0,4182,2.0
2026-05-19T10:00:32.930401100Z,TaxiAlgorithmP2PCollector,0,100,6,80,1,nearest,1,4,0,false,none,none,RUSH_HOUR,7,116264432,Custom Time [micros],0.0,0.0,0.0,0.0,4182,0.0
2026-05-19T10:00:33.070398Z,TaxiAlgorithmP2PCollector,0,100,6,80,1,nearest,1,4,0,false,none,none,RUSH_HOUR,8,116264433,Taxi Travel Distance [km],0.43,6.21,2.9,17.37,6,5.78
2026-05-19T10:00:33.070398Z,TaxiAlgorithmP2PCollector,0,100,6,80,1,nearest,1,4,0,false,none,none,RUSH_HOUR,8,116264433,Client Waiting Time [min],0.05,13.4,3.78,155.03,41,13.35
2026-05-19T10:00:33.070398Z,TaxiAlgorithmP2PCollector,0,100,6,80,1,nearest,1,4,0,false,none,none,RUSH_HOUR,8,116264433,Client Travel Time [min],9.0,892.0,345.76,27661.0,80,883.0
2026-05-19T10:00:33.070398Z,TaxiAlgorithmP2PCollector,0,100,6,80,1,nearest,1,4,0,false,none,none,RUSH_HOUR,8,116264433,Calculation Time [millis],0.0,0.0,0.01,41.0,4395,0.0
2026-05-19T10:00:33.070398Z,TaxiAlgorithmP2PCollector,0,100,6,80,1,nearest,1,4,0,false,none,none,RUSH_HOUR,8,116264433,Custom Time [micros],0.0,0.0,0.0,0.0,4395,0.0
2026-05-19T10:00:33.178398Z,TaxiAlgorithmP2PCollector,0,100,6,80,1,nearest,1,4,0,false,none,none,RUSH_HOUR,9,116264434,Taxi Travel Distance [km],0.0,5.35,2.32,13.92,6,5.35
2026-05-19T10:00:33.178398Z,TaxiAlgorithmP2PCollector,0,100,6,80,1,nearest,1,4,0,false,none,none,RUSH_HOUR,9,116264434,Client Waiting Time [min],0.03,10.62,2.12,70.05,33,10.59
2026-05-19T10:00:33.178398Z,TaxiAlgorithmP2PCollector,0,100,6,80,1,nearest,1,4,0,false,none,none,RUSH_HOUR,9,116264434,Client Travel Time [min],10.0,867.0,295.24,23619.0,80,857.0
2026-05-19T10:00:33.178398Z,TaxiAlgorithmP2PCollector,0,100,6,80,1,nearest,1,4,0,false,none,none,RUSH_HOUR,9,116264434,Calculation Time [millis],0.0,2.0,0.01,36.0,4716,2.0
2026-05-19T10:00:33.178398Z,TaxiAlgorithmP2PCollector,0,100,6,80,1,nearest,1,4,0,false,none,none,RUSH_HOUR,9,116264434,Custom Time [micros],0.0,0.0,0.0,0.0,4716,0.0
2026-05-19T10:00:33.302397800Z,TaxiAlgorithmP2PCollector,0,100,6,80,1,nearest,1,4,0,false,none,none,RUSH_HOUR,10,116264435,Taxi Travel Distance [km],1.76,5.27,2.78,16.67,6,3.51
2026-05-19T10:00:33.302397800Z,TaxiAlgorithmP2PCollector,0,100,6,80,1,nearest,1,4,0,false,none,none,RUSH_HOUR,10,116264435,Client Waiting Time [min],0.05,12.27,2.19,76.5,35,12.219999999999999
2026-05-19T10:00:33.302397800Z,TaxiAlgorithmP2PCollector,0,100,6,80,1,nearest,1,4,0,false,none,none,RUSH_HOUR,10,116264435,Client Travel Time [min],8.0,777.0,269.2,21536.0,80,769.0
2026-05-19T10:00:33.302397800Z,TaxiAlgorithmP2PCollector,0,100,6,80,1,nearest,1,4,0,false,none,none,RUSH_HOUR,10,116264435,Calculation Time [millis],0.0,0.0,0.01,31.0,4234,0.0
2026-05-19T10:00:33.302397800Z,TaxiAlgorithmP2PCollector,0,100,6,80,1,nearest,1,4,0,false,none,none,RUSH_HOUR,10,116264435,Custom Time [micros],0.0,0.0,0.0,0.0,4234,0.0
2026-05-19T10:00:33.411440200Z,TaxiAlgorithmP2PCollector,0,100,6,80,1,nearest,1,4,0,false,none,none,SPATIAL_IMBALANCE,1,116264426,Taxi Travel Distance [km],0.17,2.22,1.52,9.14,6,2.0500000000000003
2026-05-19T10:00:33.411440200Z,TaxiAlgorithmP2PCollector,0,100,6,80,1,nearest,1,4,0,false,none,none,SPATIAL_IMBALANCE,1,116264426,Client Waiting Time [min],0.05,12.35,3.84,88.27,23,12.299999999999999
2026-05-19T10:00:33.411440200Z,TaxiAlgorithmP2PCollector,0,100,6,80,1,nearest,1,4,0,false,none,none,SPATIAL_IMBALANCE,1,116264426,Client Travel Time [min],19.0,765.0,328.9,26312.0,80,746.0
2026-05-19T10:00:33.411440200Z,TaxiAlgorithmP2PCollector,0,100,6,80,1,nearest,1,4,0,false,none,none,SPATIAL_IMBALANCE,1,116264426,Calculation Time [millis],0.0,0.0,0.01,32.0,4317,0.0
2026-05-19T10:00:33.411440200Z,TaxiAlgorithmP2PCollector,0,100,6,80,1,nearest,1,4,0,false,none,none,SPATIAL_IMBALANCE,1,116264426,Custom Time [micros],0.0,0.0,0.0,0.0,4317,0.0
2026-05-19T10:00:33.518397900Z,TaxiAlgorithmP2PCollector,0,100,6,80,1,nearest,1,4,0,false,none,none,SPATIAL_IMBALANCE,2,116264427,Taxi Travel Distance [km],0.33,1.84,1.04,6.23,6,1.51
2026-05-19T10:00:33.518397900Z,TaxiAlgorithmP2PCollector,0,100,6,80,1,nearest,1,4,0,false,none,none,SPATIAL_IMBALANCE,2,116264427,Client Waiting Time [min],0.05,6.95,3.69,66.33,18,6.9
2026-05-19T10:00:33.518397900Z,TaxiAlgorithmP2PCollector,0,100,6,80,1,nearest,1,4,0,false,none,none,SPATIAL_IMBALANCE,2,116264427,Client Travel Time [min],22.0,748.0,311.48,24918.0,80,726.0
2026-05-19T10:00:33.518397900Z,TaxiAlgorithmP2PCollector,0,100,6,80,1,nearest,1,4,0,false,none,none,SPATIAL_IMBALANCE,2,116264427,Calculation Time [millis],0.0,1.0,0.01,30.0,4254,1.0
2026-05-19T10:00:33.518397900Z,TaxiAlgorithmP2PCollector,0,100,6,80,1,nearest,1,4,0,false,none,none,SPATIAL_IMBALANCE,2,116264427,Custom Time [micros],0.0,0.0,0.0,0.0,4254,0.0
2026-05-19T10:00:33.613399600Z,TaxiAlgorithmP2PCollector,0,100,6,80,1,nearest,1,4,0,false,none,none,SPATIAL_IMBALANCE,3,116264428,Taxi Travel Distance [km],0.0,3.36,1.33,7.97,6,3.36
2026-05-19T10:00:33.613399600Z,TaxiAlgorithmP2PCollector,0,100,6,80,1,nearest,1,4,0,false,none,none,SPATIAL_IMBALANCE,3,116264428,Client Waiting Time [min],0.05,15.67,5.66,118.9,21,15.62
2026-05-19T10:00:33.613399600Z,TaxiAlgorithmP2PCollector,0,100,6,80,1,nearest,1,4,0,false,none,none,SPATIAL_IMBALANCE,3,116264428,Client Travel Time [min],32.0,942.0,393.06,31445.0,80,910.0
2026-05-19T10:00:33.613399600Z,TaxiAlgorithmP2PCollector,0,100,6,80,1,nearest,1,4,0,false,none,none,SPATIAL_IMBALANCE,3,116264428,Calculation Time [millis],0.0,0.0,0.01,34.0,4343,0.0
2026-05-19T10:00:33.613399600Z,TaxiAlgorithmP2PCollector,0,100,6,80,1,nearest,1,4,0,false,none,none,SPATIAL_IMBALANCE,3,116264428,Custom Time [micros],0.0,0.0,0.0,0.0,4343,0.0
2026-05-19T10:00:33.720397Z,TaxiAlgorithmP2PCollector,0,100,6,80,1,nearest,1,4,0,false,none,none,SPATIAL_IMBALANCE,4,116264429,Taxi Travel Distance [km],0.16,2.05,1.14,6.83,6,1.89
2026-05-19T10:00:33.720397Z,TaxiAlgorithmP2PCollector,0,100,6,80,1,nearest,1,4,0,false,none,none,SPATIAL_IMBALANCE,4,116264429,Client Waiting Time [min],0.07,7.38,3.46,65.78,19,7.31
2026-05-19T10:00:33.720397Z,TaxiAlgorithmP2PCollector,0,100,6,80,1,nearest,1,4,0,false,none,none,SPATIAL_IMBALANCE,4,116264429,Client Travel Time [min],19.0,877.0,329.08,26326.0,80,858.0
2026-05-19T10:00:33.720397Z,TaxiAlgorithmP2PCollector,0,100,6,80,1,nearest,1,4,0,false,none,none,SPATIAL_IMBALANCE,4,116264429,Calculation Time [millis],0.0,0.0,0.01,30.0,4346,0.0
2026-05-19T10:00:33.720397Z,TaxiAlgorithmP2PCollector,0,100,6,80,1,nearest,1,4,0,false,none,none,SPATIAL_IMBALANCE,4,116264429,Custom Time [micros],0.0,0.0,0.0,0.0,4346,0.0
2026-05-19T10:00:33.829396800Z,TaxiAlgorithmP2PCollector,0,100,6,80,1,nearest,1,4,0,false,none,none,SPATIAL_IMBALANCE,5,116264430,Taxi Travel Distance [km],0.36,3.2,1.53,9.19,6,2.8400000000000003
2026-05-19T10:00:33.829396800Z,TaxiAlgorithmP2PCollector,0,100,6,80,1,nearest,1,4,0,false,none,none,SPATIAL_IMBALANCE,5,116264430,Client Waiting Time [min],0.05,8.65,3.22,67.52,21,8.6
2026-05-19T10:00:33.829396800Z,TaxiAlgorithmP2PCollector,0,100,6,80,1,nearest,1,4,0,false,none,none,SPATIAL_IMBALANCE,5,116264430,Client Travel Time [min],9.0,712.0,316.13,25290.0,80,703.0
2026-05-19T10:00:33.829396800Z,TaxiAlgorithmP2PCollector,0,100,6,80,1,nearest,1,4,0,false,none,none,SPATIAL_IMBALANCE,5,116264430,Calculation Time [millis],0.0,2.0,0.01,35.0,4358,2.0
2026-05-19T10:00:33.829396800Z,TaxiAlgorithmP2PCollector,0,100,6,80,1,nearest,1,4,0,false,none,none,SPATIAL_IMBALANCE,5,116264430,Custom Time [micros],0.0,0.0,0.0,0.0,4358,0.0
2026-05-19T10:00:33.939397Z,TaxiAlgorithmP2PCollector,0,100,6,80,1,nearest,1,4,0,false,none,none,SPATIAL_IMBALANCE,6,116264431,Taxi Travel Distance [km],0.4,1.49,0.92,5.5,6,1.0899999999999999
2026-05-19T10:00:33.939397Z,TaxiAlgorithmP2PCollector,0,100,6,80,1,nearest,1,4,0,false,none,none,SPATIAL_IMBALANCE,6,116264431,Client Waiting Time [min],0.07,7.07,3.21,51.32,16,7.0
2026-05-19T10:00:33.939397Z,TaxiAlgorithmP2PCollector,0,100,6,80,1,nearest,1,4,0,false,none,none,SPATIAL_IMBALANCE,6,116264431,Client Travel Time [min],10.0,823.0,348.75,27900.0,80,813.0
2026-05-19T10:00:33.939397Z,TaxiAlgorithmP2PCollector,0,100,6,80,1,nearest,1,4,0,false,none,none,SPATIAL_IMBALANCE,6,116264431,Calculation Time [millis],0.0,0.0,0.01,29.0,4297,0.0
2026-05-19T10:00:33.939397Z,TaxiAlgorithmP2PCollector,0,100,6,80,1,nearest,1,4,0,false,none,none,SPATIAL_IMBALANCE,6,116264431,Custom Time [micros],0.0,0.0,0.0,0.0,4297,0.0
2026-05-19T10:00:34.046398300Z,TaxiAlgorithmP2PCollector,0,100,6,80,1,nearest,1,4,0,false,none,none,SPATIAL_IMBALANCE,7,116264432,Taxi Travel Distance [km],0.39,2.42,1.31,7.86,6,2.03
2026-05-19T10:00:34.046398300Z,TaxiAlgorithmP2PCollector,0,100,6,80,1,nearest,1,4,0,false,none,none,SPATIAL_IMBALANCE,7,116264432,Client Waiting Time [min],0.03,9.75,3.51,70.15,20,9.72
2026-05-19T10:00:34.046398300Z,TaxiAlgorithmP2PCollector,0,100,6,80,1,nearest,1,4,0,false,none,none,SPATIAL_IMBALANCE,7,116264432,Client Travel Time [min],13.0,877.0,335.26,26821.0,80,864.0
2026-05-19T10:00:34.046398300Z,TaxiAlgorithmP2PCollector,0,100,6,80,1,nearest,1,4,0,false,none,none,SPATIAL_IMBALANCE,7,116264432,Calculation Time [millis],0.0,0.0,0.01,31.0,4378,0.0
2026-05-19T10:00:34.046398300Z,TaxiAlgorithmP2PCollector,0,100,6,80,1,nearest,1,4,0,false,none,none,SPATIAL_IMBALANCE,7,116264432,Custom Time [micros],0.0,0.0,0.0,0.0,4378,0.0
2026-05-19T10:00:34.155398400Z,TaxiAlgorithmP2PCollector,0,100,6,80,1,nearest,1,4,0,false,none,none,SPATIAL_IMBALANCE,8,116264433,Taxi Travel Distance [km],0.58,3.81,1.79,10.76,6,3.23
2026-05-19T10:00:34.155398400Z,TaxiAlgorithmP2PCollector,0,100,6,80,1,nearest,1,4,0,false,none,none,SPATIAL_IMBALANCE,8,116264433,Client Waiting Time [min],0.05,12.47,3.92,117.53,30,12.42
2026-05-19T10:00:34.155398400Z,TaxiAlgorithmP2PCollector,0,100,6,80,1,nearest,1,4,0,false,none,none,SPATIAL_IMBALANCE,8,116264433,Client Travel Time [min],12.0,907.0,356.53,28522.0,80,895.0
2026-05-19T10:00:34.155398400Z,TaxiAlgorithmP2PCollector,0,100,6,80,1,nearest,1,4,0,false,none,none,SPATIAL_IMBALANCE,8,116264433,Calculation Time [millis],0.0,2.0,0.01,43.0,4415,2.0
2026-05-19T10:00:34.155398400Z,TaxiAlgorithmP2PCollector,0,100,6,80,1,nearest,1,4,0,false,none,none,SPATIAL_IMBALANCE,8,116264433,Custom Time [micros],0.0,0.0,0.0,0.0,4415,0.0
2026-05-19T10:00:34.279399300Z,TaxiAlgorithmP2PCollector,0,100,6,80,1,nearest,1,4,0,false,none,none,SPATIAL_IMBALANCE,9,116264434,Taxi Travel Distance [km],0.63,3.28,1.25,7.47,6,2.65
2026-05-19T10:00:34.279399300Z,TaxiAlgorithmP2PCollector,0,100,6,80,1,nearest,1,4,0,false,none,none,SPATIAL_IMBALANCE,9,116264434,Client Waiting Time [min],0.05,10.83,4.02,100.45,25,10.78
2026-05-19T10:00:34.279399300Z,TaxiAlgorithmP2PCollector,0,100,6,80,1,nearest,1,4,0,false,none,none,SPATIAL_IMBALANCE,9,116264434,Client Travel Time [min],6.0,745.0,319.25,25540.0,80,739.0
2026-05-19T10:00:34.279399300Z,TaxiAlgorithmP2PCollector,0,100,6,80,1,nearest,1,4,0,false,none,none,SPATIAL_IMBALANCE,9,116264434,Calculation Time [millis],0.0,0.0,0.01,38.0,4343,0.0
2026-05-19T10:00:34.279399300Z,TaxiAlgorithmP2PCollector,0,100,6,80,1,nearest,1,4,0,false,none,none,SPATIAL_IMBALANCE,9,116264434,Custom Time [micros],0.0,0.0,0.0,0.0,4343,0.0
2026-05-19T10:00:34.388396Z,TaxiAlgorithmP2PCollector,0,100,6,80,1,nearest,1,4,0,false,none,none,SPATIAL_IMBALANCE,10,116264435,Taxi Travel Distance [km],0.39,2.41,1.16,6.95,6,2.02
2026-05-19T10:00:34.388396Z,TaxiAlgorithmP2PCollector,0,100,6,80,1,nearest,1,4,0,false,none,none,SPATIAL_IMBALANCE,10,116264435,Client Waiting Time [min],0.07,7.57,3.33,69.88,21,7.5
2026-05-19T10:00:34.388396Z,TaxiAlgorithmP2PCollector,0,100,6,80,1,nearest,1,4,0,false,none,none,SPATIAL_IMBALANCE,10,116264435,Client Travel Time [min],17.0,910.0,306.61,24529.0,80,893.0
2026-05-19T10:00:34.388396Z,TaxiAlgorithmP2PCollector,0,100,6,80,1,nearest,1,4,0,false,none,none,SPATIAL_IMBALANCE,10,116264435,Calculation Time [millis],0.0,0.0,0.01,36.0,4230,0.0
2026-05-19T10:00:34.388396Z,TaxiAlgorithmP2PCollector,0,100,6,80,1,nearest,1,4,0,false,none,none,SPATIAL_IMBALANCE,10,116264435,Custom Time [micros],0.0,0.0,0.0,0.0,4230,0.0
2026-05-19T10:00:34.497398Z,TaxiAlgorithmP2PCollector,0,100,6,80,1,nearest,1,4,0,false,none,none,SPATIAL_ISLANDS,1,116264426,Taxi Travel Distance [km],0.16,3.5,1.42,8.53,6,3.34
2026-05-19T10:00:34.497398Z,TaxiAlgorithmP2PCollector,0,100,6,80,1,nearest,1,4,0,false,none,none,SPATIAL_ISLANDS,1,116264426,Client Waiting Time [min],0.07,12.62,4.64,102.13,22,12.549999999999999
2026-05-19T10:00:34.497398Z,TaxiAlgorithmP2PCollector,0,100,6,80,1,nearest,1,4,0,false,none,none,SPATIAL_ISLANDS,1,116264426,Client Travel Time [min],19.0,765.0,350.03,28002.0,80,746.0
2026-05-19T10:00:34.497398Z,TaxiAlgorithmP2PCollector,0,100,6,80,1,nearest,1,4,0,false,none,none,SPATIAL_ISLANDS,1,116264426,Calculation Time [millis],0.0,0.0,0.01,32.0,4518,0.0
2026-05-19T10:00:34.497398Z,TaxiAlgorithmP2PCollector,0,100,6,80,1,nearest,1,4,0,false,none,none,SPATIAL_ISLANDS,1,116264426,Custom Time [micros],0.0,0.0,0.0,0.0,4518,0.0
2026-05-19T10:00:34.605396400Z,TaxiAlgorithmP2PCollector,0,100,6,80,1,nearest,1,4,0,false,none,none,SPATIAL_ISLANDS,2,116264427,Taxi Travel Distance [km],0.88,4.08,2.08,12.48,6,3.2
2026-05-19T10:00:34.605396400Z,TaxiAlgorithmP2PCollector,0,100,6,80,1,nearest,1,4,0,false,none,none,SPATIAL_ISLANDS,2,116264427,Client Waiting Time [min],0.03,12.77,4.83,149.8,31,12.74
2026-05-19T10:00:34.605396400Z,TaxiAlgorithmP2PCollector,0,100,6,80,1,nearest,1,4,0,false,none,none,SPATIAL_ISLANDS,2,116264427,Client Travel Time [min],19.0,858.0,354.91,28393.0,80,839.0
2026-05-19T10:00:34.605396400Z,TaxiAlgorithmP2PCollector,0,100,6,80,1,nearest,1,4,0,false,none,none,SPATIAL_ISLANDS,2,116264427,Calculation Time [millis],0.0,0.0,0.01,33.0,4655,0.0
2026-05-19T10:00:34.605396400Z,TaxiAlgorithmP2PCollector,0,100,6,80,1,nearest,1,4,0,false,none,none,SPATIAL_ISLANDS,2,116264427,Custom Time [micros],0.0,0.0,0.0,0.0,4655,0.0
2026-05-19T10:00:34.712399800Z,TaxiAlgorithmP2PCollector,0,100,6,80,1,nearest,1,4,0,false,none,none,SPATIAL_ISLANDS,3,116264428,Taxi Travel Distance [km],0.0,1.64,0.93,5.59,6,1.64
2026-05-19T10:00:34.712399800Z,TaxiAlgorithmP2PCollector,0,100,6,80,1,nearest,1,4,0,false,none,none,SPATIAL_ISLANDS,3,116264428,Client Waiting Time [min],0.08,11.38,5.82,104.83,18,11.3
2026-05-19T10:00:34.712399800Z,TaxiAlgorithmP2PCollector,0,100,6,80,1,nearest,1,4,0,false,none,none,SPATIAL_ISLANDS,3,116264428,Client Travel Time [min],19.0,975.0,426.94,34155.0,80,956.0
2026-05-19T10:00:34.712399800Z,TaxiAlgorithmP2PCollector,0,100,6,80,1,nearest,1,4,0,false,none,none,SPATIAL_ISLANDS,3,116264428,Calculation Time [millis],0.0,1.0,0.01,36.0,4538,1.0
2026-05-19T10:00:34.712399800Z,TaxiAlgorithmP2PCollector,0,100,6,80,1,nearest,1,4,0,false,none,none,SPATIAL_ISLANDS,3,116264428,Custom Time [micros],0.0,0.0,0.0,0.0,4538,0.0
2026-05-19T10:00:34.821396100Z,TaxiAlgorithmP2PCollector,0,100,6,80,1,nearest,1,4,0,false,none,none,SPATIAL_ISLANDS,4,116264429,Taxi Travel Distance [km],0.46,2.32,1.41,8.47,6,1.8599999999999999
2026-05-19T10:00:34.821396100Z,TaxiAlgorithmP2PCollector,0,100,6,80,1,nearest,1,4,0,false,none,none,SPATIAL_ISLANDS,4,116264429,Client Waiting Time [min],0.05,14.05,5.79,144.68,25,14.0
2026-05-19T10:00:34.821396100Z,TaxiAlgorithmP2PCollector,0,100,6,80,1,nearest,1,4,0,false,none,none,SPATIAL_ISLANDS,4,116264429,Client Travel Time [min],20.0,849.0,396.95,31756.0,80,829.0
2026-05-19T10:00:34.821396100Z,TaxiAlgorithmP2PCollector,0,100,6,80,1,nearest,1,4,0,false,none,none,SPATIAL_ISLANDS,4,116264429,Calculation Time [millis],0.0,0.0,0.01,34.0,4776,0.0
2026-05-19T10:00:34.821396100Z,TaxiAlgorithmP2PCollector,0,100,6,80,1,nearest,1,4,0,false,none,none,SPATIAL_ISLANDS,4,116264429,Custom Time [micros],0.0,0.0,0.0,0.0,4776,0.0
2026-05-19T10:00:34.916397400Z,TaxiAlgorithmP2PCollector,0,100,6,80,1,nearest,1,4,0,false,none,none,SPATIAL_ISLANDS,5,116264430,Taxi Travel Distance [km],0.48,2.22,1.33,7.95,6,1.7400000000000002
2026-05-19T10:00:34.916397400Z,TaxiAlgorithmP2PCollector,0,100,6,80,1,nearest,1,4,0,false,none,none,SPATIAL_ISLANDS,5,116264430,Client Waiting Time [min],0.07,12.87,3.36,73.9,22,12.799999999999999
2026-05-19T10:00:34.916397400Z,TaxiAlgorithmP2PCollector,0,100,6,80,1,nearest,1,4,0,false,none,none,SPATIAL_ISLANDS,5,116264430,Client Travel Time [min],11.0,798.0,370.98,29678.0,80,787.0
2026-05-19T10:00:34.916397400Z,TaxiAlgorithmP2PCollector,0,100,6,80,1,nearest,1,4,0,false,none,none,SPATIAL_ISLANDS,5,116264430,Calculation Time [millis],0.0,0.0,0.01,30.0,4392,0.0
2026-05-19T10:00:34.916397400Z,TaxiAlgorithmP2PCollector,0,100,6,80,1,nearest,1,4,0,false,none,none,SPATIAL_ISLANDS,5,116264430,Custom Time [micros],0.0,0.0,0.0,0.0,4392,0.0
2026-05-19T10:00:35.024397900Z,TaxiAlgorithmP2PCollector,0,100,6,80,1,nearest,1,4,0,false,none,none,SPATIAL_ISLANDS,6,116264431,Taxi Travel Distance [km],0.0,3.22,1.54,9.25,6,3.22
2026-05-19T10:00:35.024397900Z,TaxiAlgorithmP2PCollector,0,100,6,80,1,nearest,1,4,0,false,none,none,SPATIAL_ISLANDS,6,116264431,Client Waiting Time [min],0.05,10.35,3.5,77.1,22,10.299999999999999
2026-05-19T10:00:35.024397900Z,TaxiAlgorithmP2PCollector,0,100,6,80,1,nearest,1,4,0,false,none,none,SPATIAL_ISLANDS,6,116264431,Client Travel Time [min],10.0,788.0,370.34,29627.0,80,778.0
2026-05-19T10:00:35.024397900Z,TaxiAlgorithmP2PCollector,0,100,6,80,1,nearest,1,4,0,false,none,none,SPATIAL_ISLANDS,6,116264431,Calculation Time [millis],0.0,2.0,0.01,38.0,4451,2.0
2026-05-19T10:00:35.024397900Z,TaxiAlgorithmP2PCollector,0,100,6,80,1,nearest,1,4,0,false,none,none,SPATIAL_ISLANDS,6,116264431,Custom Time [micros],0.0,0.0,0.0,0.0,4451,0.0
2026-05-19T10:00:35.131399800Z,TaxiAlgorithmP2PCollector,0,100,6,80,1,nearest,1,4,0,false,none,none,SPATIAL_ISLANDS,7,116264432,Taxi Travel Distance [km],0.22,1.99,0.84,5.01,6,1.77
2026-05-19T10:00:35.131399800Z,TaxiAlgorithmP2PCollector,0,100,6,80,1,nearest,1,4,0,false,none,none,SPATIAL_ISLANDS,7,116264432,Client Waiting Time [min],0.05,9.32,4.38,56.98,13,9.27
2026-05-19T10:00:35.131399800Z,TaxiAlgorithmP2PCollector,0,100,6,80,1,nearest,1,4,0,false,none,none,SPATIAL_ISLANDS,7,116264432,Client Travel Time [min],33.0,814.0,405.6,32448.0,80,781.0
2026-05-19T10:00:35.131399800Z,TaxiAlgorithmP2PCollector,0,100,6,80,1,nearest,1,4,0,false,none,none,SPATIAL_ISLANDS,7,116264432,Calculation Time [millis],0.0,0.0,0.01,34.0,4651,0.0
2026-05-19T10:00:35.131399800Z,TaxiAlgorithmP2PCollector,0,100,6,80,1,nearest,1,4,0,false,none,none,SPATIAL_ISLANDS,7,116264432,Custom Time [micros],0.0,0.0,0.0,0.0,4651,0.0
2026-05-19T10:00:35.242397Z,TaxiAlgorithmP2PCollector,0,100,6,80,1,nearest,1,4,0,false,none,none,SPATIAL_ISLANDS,8,116264433,Taxi Travel Distance [km],0.39,1.77,0.96,5.79,6,1.38
2026-05-19T10:00:35.242397Z,TaxiAlgorithmP2PCollector,0,100,6,80,1,nearest,1,4,0,false,none,none,SPATIAL_ISLANDS,8,116264433,Client Waiting Time [min],0.08,12.53,6.16,117.1,19,12.45
2026-05-19T10:00:35.242397Z,TaxiAlgorithmP2PCollector,0,100,6,80,1,nearest,1,4,0,false,none,none,SPATIAL_ISLANDS,8,116264433,Client Travel Time [min],12.0,836.0,448.13,35850.0,80,824.0
2026-05-19T10:00:35.242397Z,TaxiAlgorithmP2PCollector,0,100,6,80,1,nearest,1,4,0,false,none,none,SPATIAL_ISLANDS,8,116264433,Calculation Time [millis],0.0,0.0,0.01,35.0,4633,0.0
2026-05-19T10:00:35.242397Z,TaxiAlgorithmP2PCollector,0,100,6,80,1,nearest,1,4,0,false,none,none,SPATIAL_ISLANDS,8,116264433,Custom Time [micros],0.0,0.0,0.0,0.0,4633,0.0
2026-05-19T10:00:35.351396500Z,TaxiAlgorithmP2PCollector,0,100,6,80,1,nearest,1,4,0,false,none,none,SPATIAL_ISLANDS,9,116264434,Taxi Travel Distance [km],0.51,3.11,1.87,11.21,6,2.5999999999999996
2026-05-19T10:00:35.351396500Z,TaxiAlgorithmP2PCollector,0,100,6,80,1,nearest,1,4,0,false,none,none,SPATIAL_ISLANDS,9,116264434,Client Waiting Time [min],0.07,14.68,5.22,151.23,29,14.61
2026-05-19T10:00:35.351396500Z,TaxiAlgorithmP2PCollector,0,100,6,80,1,nearest,1,4,0,false,none,none,SPATIAL_ISLANDS,9,116264434,Client Travel Time [min],18.0,887.0,365.35,29228.0,80,869.0
2026-05-19T10:00:35.351396500Z,TaxiAlgorithmP2PCollector,0,100,6,80,1,nearest,1,4,0,false,none,none,SPATIAL_ISLANDS,9,116264434,Calculation Time [millis],0.0,0.0,0.01,35.0,4581,0.0
2026-05-19T10:00:35.351396500Z,TaxiAlgorithmP2PCollector,0,100,6,80,1,nearest,1,4,0,false,none,none,SPATIAL_ISLANDS,9,116264434,Custom Time [micros],0.0,0.0,0.0,0.0,4581,0.0
2026-05-19T10:00:35.458399100Z,TaxiAlgorithmP2PCollector,0,100,6,80,1,nearest,1,4,0,false,none,none,SPATIAL_ISLANDS,10,116264435,Taxi Travel Distance [km],0.29,2.6,1.5,9.03,6,2.31
2026-05-19T10:00:35.458399100Z,TaxiAlgorithmP2PCollector,0,100,6,80,1,nearest,1,4,0,false,none,none,SPATIAL_ISLANDS,10,116264435,Client Waiting Time [min],0.05,11.88,4.29,102.97,24,11.83
2026-05-19T10:00:35.458399100Z,TaxiAlgorithmP2PCollector,0,100,6,80,1,nearest,1,4,0,false,none,none,SPATIAL_ISLANDS,10,116264435,Client Travel Time [min],17.0,811.0,370.05,29604.0,80,794.0
2026-05-19T10:00:35.458399100Z,TaxiAlgorithmP2PCollector,0,100,6,80,1,nearest,1,4,0,false,none,none,SPATIAL_ISLANDS,10,116264435,Calculation Time [millis],0.0,0.0,0.01,34.0,4523,0.0
2026-05-19T10:00:35.458399100Z,TaxiAlgorithmP2PCollector,0,100,6,80,1,nearest,1,4,0,false,none,none,SPATIAL_ISLANDS,10,116264435,Custom Time [micros],0.0,0.0,0.0,0.0,4523,0.0
2026-05-19T10:00:35.647398Z,TaxiAlgorithmP2PCollector,0,100,6,80,1,nearest,1,4,0,true,page-rank,page-rank,BASELINE,1,116264426,Taxi Travel Distance [km],43.64,47.75,45.46,272.74,6,4.109999999999999
2026-05-19T10:00:35.647398Z,TaxiAlgorithmP2PCollector,0,100,6,80,1,nearest,1,4,0,true,page-rank,page-rank,BASELINE,1,116264426,Client Waiting Time [min],0.05,6.33,1.21,92.95,77,6.28
2026-05-19T10:00:35.647398Z,TaxiAlgorithmP2PCollector,0,100,6,80,1,nearest,1,4,0,true,page-rank,page-rank,BASELINE,1,116264426,Client Travel Time [min],5.0,383.0,91.83,7346.0,80,378.0
2026-05-19T10:00:35.647398Z,TaxiAlgorithmP2PCollector,0,100,6,80,1,nearest,1,4,0,true,page-rank,page-rank,BASELINE,1,116264426,Calculation Time [millis],0.0,1.0,0.03,121.0,4155,1.0
2026-05-19T10:00:35.647398Z,TaxiAlgorithmP2PCollector,0,100,6,80,1,nearest,1,4,0,true,page-rank,page-rank,BASELINE,1,116264426,Custom Time [micros],0.0,0.0,0.0,0.0,4155,0.0
2026-05-19T10:00:35.830398800Z,TaxiAlgorithmP2PCollector,0,100,6,80,1,nearest,1,4,0,true,page-rank,page-rank,BASELINE,2,116264427,Taxi Travel Distance [km],49.81,54.19,51.28,307.67,6,4.3799999999999955
2026-05-19T10:00:35.830398800Z,TaxiAlgorithmP2PCollector,0,100,6,80,1,nearest,1,4,0,true,page-rank,page-rank,BASELINE,2,116264427,Client Waiting Time [min],0.07,4.28,1.38,102.02,74,4.21
2026-05-19T10:00:35.830398800Z,TaxiAlgorithmP2PCollector,0,100,6,80,1,nearest,1,4,0,true,page-rank,page-rank,BASELINE,2,116264427,Client Travel Time [min],15.0,271.0,97.94,7835.0,80,256.0
2026-05-19T10:00:35.830398800Z,TaxiAlgorithmP2PCollector,0,100,6,80,1,nearest,1,4,0,true,page-rank,page-rank,BASELINE,2,116264427,Calculation Time [millis],0.0,1.0,0.03,110.0,4054,1.0
2026-05-19T10:00:35.830398800Z,TaxiAlgorithmP2PCollector,0,100,6,80,1,nearest,1,4,0,true,page-rank,page-rank,BASELINE,2,116264427,Custom Time [micros],0.0,0.0,0.0,0.0,4054,0.0
2026-05-19T10:00:36.002397700Z,TaxiAlgorithmP2PCollector,0,100,6,80,1,nearest,1,4,0,true,page-rank,page-rank,BASELINE,3,116264428,Taxi Travel Distance [km],41.98,49.61,45.59,273.55,6,7.630000000000003
2026-05-19T10:00:36.002397700Z,TaxiAlgorithmP2PCollector,0,100,6,80,1,nearest,1,4,0,true,page-rank,page-rank,BASELINE,3,116264428,Client Waiting Time [min],0.05,4.47,1.27,99.93,79,4.42
2026-05-19T10:00:36.002397700Z,TaxiAlgorithmP2PCollector,0,100,6,80,1,nearest,1,4,0,true,page-rank,page-rank,BASELINE,3,116264428,Client Travel Time [min],15.0,284.0,97.1,7768.0,80,269.0
2026-05-19T10:00:36.002397700Z,TaxiAlgorithmP2PCollector,0,100,6,80,1,nearest,1,4,0,true,page-rank,page-rank,BASELINE,3,116264428,Calculation Time [millis],0.0,1.0,0.02,93.0,3989,1.0
2026-05-19T10:00:36.002397700Z,TaxiAlgorithmP2PCollector,0,100,6,80,1,nearest,1,4,0,true,page-rank,page-rank,BASELINE,3,116264428,Custom Time [micros],0.0,0.0,0.0,0.0,3989,0.0
2026-05-19T10:00:36.157399300Z,TaxiAlgorithmP2PCollector,0,100,6,80,1,nearest,1,4,0,true,page-rank,page-rank,BASELINE,4,116264429,Taxi Travel Distance [km],43.5,50.98,48.44,290.67,6,7.479999999999997
2026-05-19T10:00:36.157399300Z,TaxiAlgorithmP2PCollector,0,100,6,80,1,nearest,1,4,0,true,page-rank,page-rank,BASELINE,4,116264429,Client Waiting Time [min],0.07,7.88,1.33,101.43,76,7.81
2026-05-19T10:00:36.157399300Z,TaxiAlgorithmP2PCollector,0,100,6,80,1,nearest,1,4,0,true,page-rank,page-rank,BASELINE,4,116264429,Client Travel Time [min],11.0,482.0,102.6,8208.0,80,471.0
2026-05-19T10:00:36.157399300Z,TaxiAlgorithmP2PCollector,0,100,6,80,1,nearest,1,4,0,true,page-rank,page-rank,BASELINE,4,116264429,Calculation Time [millis],0.0,1.0,0.02,99.0,4057,1.0
2026-05-19T10:00:36.157399300Z,TaxiAlgorithmP2PCollector,0,100,6,80,1,nearest,1,4,0,true,page-rank,page-rank,BASELINE,4,116264429,Custom Time [micros],0.0,0.0,0.0,0.0,4057,0.0
2026-05-19T10:00:36.328397100Z,TaxiAlgorithmP2PCollector,0,100,6,80,1,nearest,1,4,0,true,page-rank,page-rank,BASELINE,5,116264430,Taxi Travel Distance [km],44.03,51.21,47.78,286.7,6,7.18
2026-05-19T10:00:36.328397100Z,TaxiAlgorithmP2PCollector,0,100,6,80,1,nearest,1,4,0,true,page-rank,page-rank,BASELINE,5,116264430,Client Waiting Time [min],0.03,5.65,1.23,91.88,75,5.62
2026-05-19T10:00:36.328397100Z,TaxiAlgorithmP2PCollector,0,100,6,80,1,nearest,1,4,0,true,page-rank,page-rank,BASELINE,5,116264430,Client Travel Time [min],11.0,353.0,98.65,7892.0,80,342.0
2026-05-19T10:00:36.328397100Z,TaxiAlgorithmP2PCollector,0,100,6,80,1,nearest,1,4,0,true,page-rank,page-rank,BASELINE,5,116264430,Calculation Time [millis],0.0,0.0,0.02,94.0,3986,0.0
2026-05-19T10:00:36.328397100Z,TaxiAlgorithmP2PCollector,0,100,6,80,1,nearest,1,4,0,true,page-rank,page-rank,BASELINE,5,116264430,Custom Time [micros],0.0,0.0,0.0,0.0,3986,0.0
2026-05-19T10:00:36.480396900Z,TaxiAlgorithmP2PCollector,0,100,6,80,1,nearest,1,4,0,true,page-rank,page-rank,BASELINE,6,116264431,Taxi Travel Distance [km],37.94,44.15,41.09,246.54,6,6.210000000000001
2026-05-19T10:00:36.480396900Z,TaxiAlgorithmP2PCollector,0,100,6,80,1,nearest,1,4,0,true,page-rank,page-rank,BASELINE,6,116264431,Client Waiting Time [min],0.05,5.38,0.99,71.48,72,5.33
2026-05-19T10:00:36.480396900Z,TaxiAlgorithmP2PCollector,0,100,6,80,1,nearest,1,4,0,true,page-rank,page-rank,BASELINE,6,116264431,Client Travel Time [min],11.0,337.0,86.86,6949.0,80,326.0
2026-05-19T10:00:36.480396900Z,TaxiAlgorithmP2PCollector,0,100,6,80,1,nearest,1,4,0,true,page-rank,page-rank,BASELINE,6,116264431,Calculation Time [millis],0.0,1.0,0.02,82.0,4051,1.0
2026-05-19T10:00:36.480396900Z,TaxiAlgorithmP2PCollector,0,100,6,80,1,nearest,1,4,0,true,page-rank,page-rank,BASELINE,6,116264431,Custom Time [micros],0.0,0.0,0.0,0.0,4051,0.0
2026-05-19T10:00:36.636398100Z,TaxiAlgorithmP2PCollector,0,100,6,80,1,nearest,1,4,0,true,page-rank,page-rank,BASELINE,7,116264432,Taxi Travel Distance [km],43.7,45.68,44.86,269.18,6,1.9799999999999969
2026-05-19T10:00:36.636398100Z,TaxiAlgorithmP2PCollector,0,100,6,80,1,nearest,1,4,0,true,page-rank,page-rank,BASELINE,7,116264432,Client Waiting Time [min],0.03,4.62,1.1,82.32,75,4.59
2026-05-19T10:00:36.636398100Z,TaxiAlgorithmP2PCollector,0,100,6,80,1,nearest,1,4,0,true,page-rank,page-rank,BASELINE,7,116264432,Client Travel Time [min],14.0,291.0,89.0,7120.0,80,277.0
2026-05-19T10:00:36.636398100Z,TaxiAlgorithmP2PCollector,0,100,6,80,1,nearest,1,4,0,true,page-rank,page-rank,BASELINE,7,116264432,Calculation Time [millis],0.0,0.0,0.02,88.0,4142,0.0
2026-05-19T10:00:36.636398100Z,TaxiAlgorithmP2PCollector,0,100,6,80,1,nearest,1,4,0,true,page-rank,page-rank,BASELINE,7,116264432,Custom Time [micros],0.0,0.0,0.0,0.0,4142,0.0
2026-05-19T10:00:36.793396800Z,TaxiAlgorithmP2PCollector,0,100,6,80,1,nearest,1,4,0,true,page-rank,page-rank,BASELINE,8,116264433,Taxi Travel Distance [km],45.03,48.12,46.99,281.92,6,3.0899999999999963
2026-05-19T10:00:36.793396800Z,TaxiAlgorithmP2PCollector,0,100,6,80,1,nearest,1,4,0,true,page-rank,page-rank,BASELINE,8,116264433,Client Waiting Time [min],0.05,4.0,1.18,94.68,80,3.95
2026-05-19T10:00:36.793396800Z,TaxiAlgorithmP2PCollector,0,100,6,80,1,nearest,1,4,0,true,page-rank,page-rank,BASELINE,8,116264433,Client Travel Time [min],11.0,249.0,92.85,7428.0,80,238.0
2026-05-19T10:00:36.793396800Z,TaxiAlgorithmP2PCollector,0,100,6,80,1,nearest,1,4,0,true,page-rank,page-rank,BASELINE,8,116264433,Calculation Time [millis],0.0,1.0,0.02,91.0,4094,1.0
2026-05-19T10:00:36.793396800Z,TaxiAlgorithmP2PCollector,0,100,6,80,1,nearest,1,4,0,true,page-rank,page-rank,BASELINE,8,116264433,Custom Time [micros],0.0,0.0,0.0,0.0,4094,0.0
2026-05-19T10:00:36.918399600Z,TaxiAlgorithmP2PCollector,0,100,6,80,1,nearest,1,4,0,true,page-rank,page-rank,BASELINE,9,116264434,Taxi Travel Distance [km],34.93,42.31,38.64,231.85,6,7.380000000000003
2026-05-19T10:00:36.918399600Z,TaxiAlgorithmP2PCollector,0,100,6,80,1,nearest,1,4,0,true,page-rank,page-rank,BASELINE,9,116264434,Client Waiting Time [min],0.03,4.35,1.14,90.28,79,4.319999999999999
2026-05-19T10:00:36.918399600Z,TaxiAlgorithmP2PCollector,0,100,6,80,1,nearest,1,4,0,true,page-rank,page-rank,BASELINE,9,116264434,Client Travel Time [min],6.0,293.0,90.03,7202.0,80,287.0
2026-05-19T10:00:36.918399600Z,TaxiAlgorithmP2PCollector,0,100,6,80,1,nearest,1,4,0,true,page-rank,page-rank,BASELINE,9,116264434,Calculation Time [millis],0.0,0.0,0.02,75.0,4063,0.0
2026-05-19T10:00:36.918399600Z,TaxiAlgorithmP2PCollector,0,100,6,80,1,nearest,1,4,0,true,page-rank,page-rank,BASELINE,9,116264434,Custom Time [micros],0.0,0.0,0.0,0.0,4063,0.0
2026-05-19T10:00:37.086397100Z,TaxiAlgorithmP2PCollector,0,100,6,80,1,nearest,1,4,0,true,page-rank,page-rank,BASELINE,10,116264435,Taxi Travel Distance [km],43.23,50.68,47.1,282.63,6,7.450000000000003
2026-05-19T10:00:37.086397100Z,TaxiAlgorithmP2PCollector,0,100,6,80,1,nearest,1,4,0,true,page-rank,page-rank,BASELINE,10,116264435,Client Waiting Time [min],0.03,5.48,1.23,94.58,77,5.45
2026-05-19T10:00:37.086397100Z,TaxiAlgorithmP2PCollector,0,100,6,80,1,nearest,1,4,0,true,page-rank,page-rank,BASELINE,10,116264435,Client Travel Time [min],9.0,342.0,97.2,7776.0,80,333.0
2026-05-19T10:00:37.086397100Z,TaxiAlgorithmP2PCollector,0,100,6,80,1,nearest,1,4,0,true,page-rank,page-rank,BASELINE,10,116264435,Calculation Time [millis],0.0,0.0,0.02,98.0,4262,0.0
2026-05-19T10:00:37.086397100Z,TaxiAlgorithmP2PCollector,0,100,6,80,1,nearest,1,4,0,true,page-rank,page-rank,BASELINE,10,116264435,Custom Time [micros],0.0,0.0,0.0,0.0,4262,0.0
2026-05-19T10:00:37.211399400Z,TaxiAlgorithmP2PCollector,0,100,6,80,1,nearest,1,4,0,true,page-rank,page-rank,RUSH_HOUR,1,116264426,Taxi Travel Distance [km],0.21,11.2,4.64,27.85,6,10.989999999999998
2026-05-19T10:00:37.211399400Z,TaxiAlgorithmP2PCollector,0,100,6,80,1,nearest,1,4,0,true,page-rank,page-rank,RUSH_HOUR,1,116264426,Client Waiting Time [min],0.08,11.23,3.32,132.7,40,11.15
2026-05-19T10:00:37.211399400Z,TaxiAlgorithmP2PCollector,0,100,6,80,1,nearest,1,4,0,true,page-rank,page-rank,RUSH_HOUR,1,116264426,Client Travel Time [min],18.0,792.0,292.01,23361.0,80,774.0
2026-05-19T10:00:37.211399400Z,TaxiAlgorithmP2PCollector,0,100,6,80,1,nearest,1,4,0,true,page-rank,page-rank,RUSH_HOUR,1,116264426,Calculation Time [millis],0.0,0.0,0.01,46.0,4232,0.0
2026-05-19T10:00:37.211399400Z,TaxiAlgorithmP2PCollector,0,100,6,80,1,nearest,1,4,0,true,page-rank,page-rank,RUSH_HOUR,1,116264426,Custom Time [micros],0.0,0.0,0.0,0.0,4232,0.0
2026-05-19T10:00:37.304397300Z,TaxiAlgorithmP2PCollector,0,100,6,80,1,nearest,1,4,0,true,page-rank,page-rank,RUSH_HOUR,2,116264427,Taxi Travel Distance [km],0.39,9.56,5.0,29.98,6,9.17
2026-05-19T10:00:37.304397300Z,TaxiAlgorithmP2PCollector,0,100,6,80,1,nearest,1,4,0,true,page-rank,page-rank,RUSH_HOUR,2,116264427,Client Waiting Time [min],0.05,8.42,2.71,116.62,43,8.37
2026-05-19T10:00:37.304397300Z,TaxiAlgorithmP2PCollector,0,100,6,80,1,nearest,1,4,0,true,page-rank,page-rank,RUSH_HOUR,2,116264427,Client Travel Time [min],16.0,961.0,260.19,20815.0,80,945.0
2026-05-19T10:00:37.304397300Z,TaxiAlgorithmP2PCollector,0,100,6,80,1,nearest,1,4,0,true,page-rank,page-rank,RUSH_HOUR,2,116264427,Calculation Time [millis],0.0,0.0,0.01,39.0,4010,0.0
2026-05-19T10:00:37.304397300Z,TaxiAlgorithmP2PCollector,0,100,6,80,1,nearest,1,4,0,true,page-rank,page-rank,RUSH_HOUR,2,116264427,Custom Time [micros],0.0,0.0,0.0,0.0,4010,0.0
2026-05-19T10:00:37.412396700Z,TaxiAlgorithmP2PCollector,0,100,6,80,1,nearest,1,4,0,true,page-rank,page-rank,RUSH_HOUR,3,116264428,Taxi Travel Distance [km],0.28,14.6,3.88,23.25,6,14.32
2026-05-19T10:00:37.412396700Z,TaxiAlgorithmP2PCollector,0,100,6,80,1,nearest,1,4,0,true,page-rank,page-rank,RUSH_HOUR,3,116264428,Client Waiting Time [min],0.42,14.5,5.04,181.52,36,14.08
2026-05-19T10:00:37.412396700Z,TaxiAlgorithmP2PCollector,0,100,6,80,1,nearest,1,4,0,true,page-rank,page-rank,RUSH_HOUR,3,116264428,Client Travel Time [min],39.0,951.0,379.25,30340.0,80,912.0
2026-05-19T10:00:37.412396700Z,TaxiAlgorithmP2PCollector,0,100,6,80,1,nearest,1,4,0,true,page-rank,page-rank,RUSH_HOUR,3,116264428,Calculation Time [millis],0.0,0.0,0.01,40.0,4242,0.0
2026-05-19T10:00:37.412396700Z,TaxiAlgorithmP2PCollector,0,100,6,80,1,nearest,1,4,0,true,page-rank,page-rank,RUSH_HOUR,3,116264428,Custom Time [micros],0.0,0.0,0.0,0.0,4242,0.0
2026-05-19T10:00:37.505398700Z,TaxiAlgorithmP2PCollector,0,100,6,80,1,nearest,1,4,0,true,page-rank,page-rank,RUSH_HOUR,4,116264429,Taxi Travel Distance [km],0.8,11.32,4.8,28.83,6,10.52
2026-05-19T10:00:37.505398700Z,TaxiAlgorithmP2PCollector,0,100,6,80,1,nearest,1,4,0,true,page-rank,page-rank,RUSH_HOUR,4,116264429,Client Waiting Time [min],0.07,10.35,3.47,142.33,41,10.28
2026-05-19T10:00:37.505398700Z,TaxiAlgorithmP2PCollector,0,100,6,80,1,nearest,1,4,0,true,page-rank,page-rank,RUSH_HOUR,4,116264429,Client Travel Time [min],24.0,825.0,295.23,23618.0,80,801.0
2026-05-19T10:00:37.505398700Z,TaxiAlgorithmP2PCollector,0,100,6,80,1,nearest,1,4,0,true,page-rank,page-rank,RUSH_HOUR,4,116264429,Calculation Time [millis],0.0,1.0,0.01,37.0,4138,1.0
2026-05-19T10:00:37.505398700Z,TaxiAlgorithmP2PCollector,0,100,6,80,1,nearest,1,4,0,true,page-rank,page-rank,RUSH_HOUR,4,116264429,Custom Time [micros],0.0,0.0,0.0,0.0,4138,0.0
2026-05-19T10:00:37.615397300Z,TaxiAlgorithmP2PCollector,0,100,6,80,1,nearest,1,4,0,true,page-rank,page-rank,RUSH_HOUR,5,116264430,Taxi Travel Distance [km],1.48,9.25,4.96,29.78,6,7.77
2026-05-19T10:00:37.615397300Z,TaxiAlgorithmP2PCollector,0,100,6,80,1,nearest,1,4,0,true,page-rank,page-rank,RUSH_HOUR,5,116264430,Client Waiting Time [min],0.03,10.83,3.69,184.52,50,10.8
2026-05-19T10:00:37.615397300Z,TaxiAlgorithmP2PCollector,0,100,6,80,1,nearest,1,4,0,true,page-rank,page-rank,RUSH_HOUR,5,116264430,Client Travel Time [min],11.0,905.0,310.9,24872.0,80,894.0
2026-05-19T10:00:37.615397300Z,TaxiAlgorithmP2PCollector,0,100,6,80,1,nearest,1,4,0,true,page-rank,page-rank,RUSH_HOUR,5,116264430,Calculation Time [millis],0.0,0.0,0.01,40.0,4360,0.0
2026-05-19T10:00:37.615397300Z,TaxiAlgorithmP2PCollector,0,100,6,80,1,nearest,1,4,0,true,page-rank,page-rank,RUSH_HOUR,5,116264430,Custom Time [micros],0.0,0.0,0.0,0.0,4360,0.0
2026-05-19T10:00:37.708400800Z,TaxiAlgorithmP2PCollector,0,100,6,80,1,nearest,1,4,0,true,page-rank,page-rank,RUSH_HOUR,6,116264431,Taxi Travel Distance [km],0.29,7.38,3.77,22.63,6,7.09
2026-05-19T10:00:37.708400800Z,TaxiAlgorithmP2PCollector,0,100,6,80,1,nearest,1,4,0,true,page-rank,page-rank,RUSH_HOUR,6,116264431,Client Waiting Time [min],0.07,11.47,4.03,149.15,37,11.4
2026-05-19T10:00:37.708400800Z,TaxiAlgorithmP2PCollector,0,100,6,80,1,nearest,1,4,0,true,page-rank,page-rank,RUSH_HOUR,6,116264431,Client Travel Time [min],17.0,829.0,332.38,26590.0,80,812.0
2026-05-19T10:00:37.708400800Z,TaxiAlgorithmP2PCollector,0,100,6,80,1,nearest,1,4,0,true,page-rank,page-rank,RUSH_HOUR,6,116264431,Calculation Time [millis],0.0,0.0,0.01,35.0,4043,0.0
2026-05-19T10:00:37.708400800Z,TaxiAlgorithmP2PCollector,0,100,6,80,1,nearest,1,4,0,true,page-rank,page-rank,RUSH_HOUR,6,116264431,Custom Time [micros],0.0,0.0,0.0,0.0,4043,0.0
2026-05-19T10:00:37.833396900Z,TaxiAlgorithmP2PCollector,0,100,6,80,1,nearest,1,4,0,true,page-rank,page-rank,RUSH_HOUR,7,116264432,Taxi Travel Distance [km],0.48,10.62,4.33,26.0,6,10.139999999999999
2026-05-19T10:00:37.833396900Z,TaxiAlgorithmP2PCollector,0,100,6,80,1,nearest,1,4,0,true,page-rank,page-rank,RUSH_HOUR,7,116264432,Client Waiting Time [min],0.05,10.8,4.13,152.68,37,10.75
2026-05-19T10:00:37.833396900Z,TaxiAlgorithmP2PCollector,0,100,6,80,1,nearest,1,4,0,true,page-rank,page-rank,RUSH_HOUR,7,116264432,Client Travel Time [min],25.0,813.0,316.18,25294.0,80,788.0
2026-05-19T10:00:37.833396900Z,TaxiAlgorithmP2PCollector,0,100,6,80,1,nearest,1,4,0,true,page-rank,page-rank,RUSH_HOUR,7,116264432,Calculation Time [millis],0.0,1.0,0.01,47.0,3967,1.0
2026-05-19T10:00:37.833396900Z,TaxiAlgorithmP2PCollector,0,100,6,80,1,nearest,1,4,0,true,page-rank,page-rank,RUSH_HOUR,7,116264432,Custom Time [micros],0.0,0.0,0.0,0.0,3967,0.0
2026-05-19T10:00:37.925398400Z,TaxiAlgorithmP2PCollector,0,100,6,80,1,nearest,1,4,0,true,page-rank,page-rank,RUSH_HOUR,8,116264433,Taxi Travel Distance [km],1.52,10.31,4.83,28.98,6,8.790000000000001
2026-05-19T10:00:37.925398400Z,TaxiAlgorithmP2PCollector,0,100,6,80,1,nearest,1,4,0,true,page-rank,page-rank,RUSH_HOUR,8,116264433,Client Waiting Time [min],0.07,9.63,3.75,146.35,39,9.56
2026-05-19T10:00:37.925398400Z,TaxiAlgorithmP2PCollector,0,100,6,80,1,nearest,1,4,0,true,page-rank,page-rank,RUSH_HOUR,8,116264433,Client Travel Time [min],8.0,917.0,343.01,27441.0,80,909.0
2026-05-19T10:00:37.925398400Z,TaxiAlgorithmP2PCollector,0,100,6,80,1,nearest,1,4,0,true,page-rank,page-rank,RUSH_HOUR,8,116264433,Calculation Time [millis],0.0,0.0,0.01,40.0,4478,0.0
2026-05-19T10:00:37.925398400Z,TaxiAlgorithmP2PCollector,0,100,6,80,1,nearest,1,4,0,true,page-rank,page-rank,RUSH_HOUR,8,116264433,Custom Time [micros],0.0,0.0,0.0,0.0,4478,0.0
2026-05-19T10:00:38.034917100Z,TaxiAlgorithmP2PCollector,0,100,6,80,1,nearest,1,4,0,true,page-rank,page-rank,RUSH_HOUR,9,116264434,Taxi Travel Distance [km],0.48,9.77,2.56,15.33,6,9.29
2026-05-19T10:00:38.034917100Z,TaxiAlgorithmP2PCollector,0,100,6,80,1,nearest,1,4,0,true,page-rank,page-rank,RUSH_HOUR,9,116264434,Client Waiting Time [min],0.08,12.82,3.99,95.65,24,12.74
2026-05-19T10:00:38.034917100Z,TaxiAlgorithmP2PCollector,0,100,6,80,1,nearest,1,4,0,true,page-rank,page-rank,RUSH_HOUR,9,116264434,Client Travel Time [min],20.0,869.0,347.54,27803.0,80,849.0
2026-05-19T10:00:38.034917100Z,TaxiAlgorithmP2PCollector,0,100,6,80,1,nearest,1,4,0,true,page-rank,page-rank,RUSH_HOUR,9,116264434,Calculation Time [millis],0.0,1.0,0.01,37.0,4716,1.0
2026-05-19T10:00:38.034917100Z,TaxiAlgorithmP2PCollector,0,100,6,80,1,nearest,1,4,0,true,page-rank,page-rank,RUSH_HOUR,9,116264434,Custom Time [micros],0.0,0.0,0.0,0.0,4716,0.0
2026-05-19T10:00:38.127919300Z,TaxiAlgorithmP2PCollector,0,100,6,80,1,nearest,1,4,0,true,page-rank,page-rank,RUSH_HOUR,10,116264435,Taxi Travel Distance [km],1.72,7.81,4.34,26.01,6,6.09
2026-05-19T10:00:38.127919300Z,TaxiAlgorithmP2PCollector,0,100,6,80,1,nearest,1,4,0,true,page-rank,page-rank,RUSH_HOUR,10,116264435,Client Waiting Time [min],0.05,9.37,3.16,142.05,45,9.319999999999999
2026-05-19T10:00:38.127919300Z,TaxiAlgorithmP2PCollector,0,100,6,80,1,nearest,1,4,0,true,page-rank,page-rank,RUSH_HOUR,10,116264435,Client Travel Time [min],6.0,823.0,264.48,21158.0,80,817.0
2026-05-19T10:00:38.127919300Z,TaxiAlgorithmP2PCollector,0,100,6,80,1,nearest,1,4,0,true,page-rank,page-rank,RUSH_HOUR,10,116264435,Calculation Time [millis],0.0,0.0,0.01,40.0,3952,0.0
2026-05-19T10:00:38.127919300Z,TaxiAlgorithmP2PCollector,0,100,6,80,1,nearest,1,4,0,true,page-rank,page-rank,RUSH_HOUR,10,116264435,Custom Time [micros],0.0,0.0,0.0,0.0,3952,0.0
2026-05-19T10:00:38.236928100Z,TaxiAlgorithmP2PCollector,0,100,6,80,1,nearest,1,4,0,true,page-rank,page-rank,SPATIAL_IMBALANCE,1,116264426,Taxi Travel Distance [km],0.29,15.57,6.78,40.69,6,15.280000000000001
2026-05-19T10:00:38.236928100Z,TaxiAlgorithmP2PCollector,0,100,6,80,1,nearest,1,4,0,true,page-rank,page-rank,SPATIAL_IMBALANCE,1,116264426,Client Waiting Time [min],0.05,8.85,1.49,87.9,59,8.799999999999999
2026-05-19T10:00:38.236928100Z,TaxiAlgorithmP2PCollector,0,100,6,80,1,nearest,1,4,0,true,page-rank,page-rank,SPATIAL_IMBALANCE,1,116264426,Client Travel Time [min],6.0,800.0,179.83,14386.0,80,794.0
2026-05-19T10:00:38.236928100Z,TaxiAlgorithmP2PCollector,0,100,6,80,1,nearest,1,4,0,true,page-rank,page-rank,SPATIAL_IMBALANCE,1,116264426,Calculation Time [millis],0.0,0.0,0.01,49.0,3991,0.0
2026-05-19T10:00:38.236928100Z,TaxiAlgorithmP2PCollector,0,100,6,80,1,nearest,1,4,0,true,page-rank,page-rank,SPATIAL_IMBALANCE,1,116264426,Custom Time [micros],0.0,0.0,0.0,0.0,3991,0.0
2026-05-19T10:00:38.346927100Z,TaxiAlgorithmP2PCollector,0,100,6,80,1,nearest,1,4,0,true,page-rank,page-rank,SPATIAL_IMBALANCE,2,116264427,Taxi Travel Distance [km],1.3,11.59,5.18,31.07,6,10.29
2026-05-19T10:00:38.346927100Z,TaxiAlgorithmP2PCollector,0,100,6,80,1,nearest,1,4,0,true,page-rank,page-rank,SPATIAL_IMBALANCE,2,116264427,Client Waiting Time [min],0.03,11.48,1.71,76.75,45,11.450000000000001
2026-05-19T10:00:38.346927100Z,TaxiAlgorithmP2PCollector,0,100,6,80,1,nearest,1,4,0,true,page-rank,page-rank,SPATIAL_IMBALANCE,2,116264427,Client Travel Time [min],8.0,703.0,201.43,16114.0,80,695.0
2026-05-19T10:00:38.346927100Z,TaxiAlgorithmP2PCollector,0,100,6,80,1,nearest,1,4,0,true,page-rank,page-rank,SPATIAL_IMBALANCE,2,116264427,Calculation Time [millis],0.0,1.0,0.01,36.0,4025,1.0
2026-05-19T10:00:38.346927100Z,TaxiAlgorithmP2PCollector,0,100,6,80,1,nearest,1,4,0,true,page-rank,page-rank,SPATIAL_IMBALANCE,2,116264427,Custom Time [micros],0.0,0.0,0.0,0.0,4025,0.0
2026-05-19T10:00:38.469928800Z,TaxiAlgorithmP2PCollector,0,100,6,80,1,nearest,1,4,0,true,page-rank,page-rank,SPATIAL_IMBALANCE,3,116264428,Taxi Travel Distance [km],0.93,12.28,7.56,45.36,6,11.35
2026-05-19T10:00:38.469928800Z,TaxiAlgorithmP2PCollector,0,100,6,80,1,nearest,1,4,0,true,page-rank,page-rank,SPATIAL_IMBALANCE,3,116264428,Client Waiting Time [min],0.03,8.08,1.54,86.25,56,8.05
2026-05-19T10:00:38.469928800Z,TaxiAlgorithmP2PCollector,0,100,6,80,1,nearest,1,4,0,true,page-rank,page-rank,SPATIAL_IMBALANCE,3,116264428,Client Travel Time [min],10.0,975.0,214.35,17148.0,80,965.0
2026-05-19T10:00:38.469928800Z,TaxiAlgorithmP2PCollector,0,100,6,80,1,nearest,1,4,0,true,page-rank,page-rank,SPATIAL_IMBALANCE,3,116264428,Calculation Time [millis],0.0,0.0,0.01,54.0,4054,0.0
2026-05-19T10:00:38.469928800Z,TaxiAlgorithmP2PCollector,0,100,6,80,1,nearest,1,4,0,true,page-rank,page-rank,SPATIAL_IMBALANCE,3,116264428,Custom Time [micros],0.0,0.0,0.0,0.0,4054,0.0
2026-05-19T10:00:38.560929600Z,TaxiAlgorithmP2PCollector,0,100,6,80,1,nearest,1,4,0,true,page-rank,page-rank,SPATIAL_IMBALANCE,4,116264429,Taxi Travel Distance [km],1.4,12.53,6.49,38.92,6,11.129999999999999
2026-05-19T10:00:38.560929600Z,TaxiAlgorithmP2PCollector,0,100,6,80,1,nearest,1,4,0,true,page-rank,page-rank,SPATIAL_IMBALANCE,4,116264429,Client Waiting Time [min],0.03,12.3,1.42,76.78,54,12.270000000000001
2026-05-19T10:00:38.560929600Z,TaxiAlgorithmP2PCollector,0,100,6,80,1,nearest,1,4,0,true,page-rank,page-rank,SPATIAL_IMBALANCE,4,116264429,Client Travel Time [min],10.0,768.0,191.49,15319.0,80,758.0
2026-05-19T10:00:38.560929600Z,TaxiAlgorithmP2PCollector,0,100,6,80,1,nearest,1,4,0,true,page-rank,page-rank,SPATIAL_IMBALANCE,4,116264429,Calculation Time [millis],0.0,0.0,0.01,42.0,4389,0.0
2026-05-19T10:00:38.560929600Z,TaxiAlgorithmP2PCollector,0,100,6,80,1,nearest,1,4,0,true,page-rank,page-rank,SPATIAL_IMBALANCE,4,116264429,Custom Time [micros],0.0,0.0,0.0,0.0,4389,0.0
2026-05-19T10:00:38.668929600Z,TaxiAlgorithmP2PCollector,0,100,6,80,1,nearest,1,4,0,true,page-rank,page-rank,SPATIAL_IMBALANCE,5,116264430,Taxi Travel Distance [km],0.52,18.59,6.85,41.08,6,18.07
2026-05-19T10:00:38.668929600Z,TaxiAlgorithmP2PCollector,0,100,6,80,1,nearest,1,4,0,true,page-rank,page-rank,SPATIAL_IMBALANCE,5,116264430,Client Waiting Time [min],0.05,8.82,1.56,87.25,56,8.77
2026-05-19T10:00:38.668929600Z,TaxiAlgorithmP2PCollector,0,100,6,80,1,nearest,1,4,0,true,page-rank,page-rank,SPATIAL_IMBALANCE,5,116264430,Client Travel Time [min],8.0,805.0,182.56,14605.0,80,797.0
2026-05-19T10:00:38.668929600Z,TaxiAlgorithmP2PCollector,0,100,6,80,1,nearest,1,4,0,true,page-rank,page-rank,SPATIAL_IMBALANCE,5,116264430,Calculation Time [millis],0.0,0.0,0.01,39.0,4116,0.0
2026-05-19T10:00:38.668929600Z,TaxiAlgorithmP2PCollector,0,100,6,80,1,nearest,1,4,0,true,page-rank,page-rank,SPATIAL_IMBALANCE,5,116264430,Custom Time [micros],0.0,0.0,0.0,0.0,4116,0.0
2026-05-19T10:00:38.764930100Z,TaxiAlgorithmP2PCollector,0,100,6,80,1,nearest,1,4,0,true,page-rank,page-rank,SPATIAL_IMBALANCE,6,116264431,Taxi Travel Distance [km],0.89,11.94,6.01,36.03,6,11.049999999999999
2026-05-19T10:00:38.764930100Z,TaxiAlgorithmP2PCollector,0,100,6,80,1,nearest,1,4,0,true,page-rank,page-rank,SPATIAL_IMBALANCE,6,116264431,Client Waiting Time [min],0.05,9.7,2.16,110.37,51,9.649999999999999
2026-05-19T10:00:38.764930100Z,TaxiAlgorithmP2PCollector,0,100,6,80,1,nearest,1,4,0,true,page-rank,page-rank,SPATIAL_IMBALANCE,6,116264431,Client Travel Time [min],10.0,761.0,213.53,17082.0,80,751.0
2026-05-19T10:00:38.764930100Z,TaxiAlgorithmP2PCollector,0,100,6,80,1,nearest,1,4,0,true,page-rank,page-rank,SPATIAL_IMBALANCE,6,116264431,Calculation Time [millis],0.0,0.0,0.01,39.0,4181,0.0
2026-05-19T10:00:38.764930100Z,TaxiAlgorithmP2PCollector,0,100,6,80,1,nearest,1,4,0,true,page-rank,page-rank,SPATIAL_IMBALANCE,6,116264431,Custom Time [micros],0.0,0.0,0.0,0.0,4181,0.0
2026-05-19T10:00:38.857932200Z,TaxiAlgorithmP2PCollector,0,100,6,80,1,nearest,1,4,0,true,page-rank,page-rank,SPATIAL_IMBALANCE,7,116264432,Taxi Travel Distance [km],2.3,10.2,5.94,35.66,6,7.8999999999999995
2026-05-19T10:00:38.857932200Z,TaxiAlgorithmP2PCollector,0,100,6,80,1,nearest,1,4,0,true,page-rank,page-rank,SPATIAL_IMBALANCE,7,116264432,Client Waiting Time [min],0.05,8.52,1.53,68.85,45,8.469999999999999
2026-05-19T10:00:38.857932200Z,TaxiAlgorithmP2PCollector,0,100,6,80,1,nearest,1,4,0,true,page-rank,page-rank,SPATIAL_IMBALANCE,7,116264432,Client Travel Time [min],9.0,949.0,232.18,18574.0,80,940.0
2026-05-19T10:00:38.857932200Z,TaxiAlgorithmP2PCollector,0,100,6,80,1,nearest,1,4,0,true,page-rank,page-rank,SPATIAL_IMBALANCE,7,116264432,Calculation Time [millis],0.0,1.0,0.01,42.0,4378,1.0
2026-05-19T10:00:38.857932200Z,TaxiAlgorithmP2PCollector,0,100,6,80,1,nearest,1,4,0,true,page-rank,page-rank,SPATIAL_IMBALANCE,7,116264432,Custom Time [micros],0.0,0.0,0.0,0.0,4378,0.0
2026-05-19T10:00:38.965930100Z,TaxiAlgorithmP2PCollector,0,100,6,80,1,nearest,1,4,0,true,page-rank,page-rank,SPATIAL_IMBALANCE,8,116264433,Taxi Travel Distance [km],2.18,13.14,7.7,46.2,6,10.96
2026-05-19T10:00:38.965930100Z,TaxiAlgorithmP2PCollector,0,100,6,80,1,nearest,1,4,0,true,page-rank,page-rank,SPATIAL_IMBALANCE,8,116264433,Client Waiting Time [min],0.03,7.37,1.71,94.13,55,7.34
2026-05-19T10:00:38.965930100Z,TaxiAlgorithmP2PCollector,0,100,6,80,1,nearest,1,4,0,true,page-rank,page-rank,SPATIAL_IMBALANCE,8,116264433,Client Travel Time [min],7.0,725.0,201.83,16146.0,80,718.0
2026-05-19T10:00:38.965930100Z,TaxiAlgorithmP2PCollector,0,100,6,80,1,nearest,1,4,0,true,page-rank,page-rank,SPATIAL_IMBALANCE,8,116264433,Calculation Time [millis],0.0,0.0,0.01,45.0,4683,0.0
2026-05-19T10:00:38.965930100Z,TaxiAlgorithmP2PCollector,0,100,6,80,1,nearest,1,4,0,true,page-rank,page-rank,SPATIAL_IMBALANCE,8,116264433,Custom Time [micros],0.0,0.0,0.0,0.0,4683,0.0
2026-05-19T10:00:39.073930200Z,TaxiAlgorithmP2PCollector,0,100,6,80,1,nearest,1,4,0,true,page-rank,page-rank,SPATIAL_IMBALANCE,9,116264434,Taxi Travel Distance [km],1.19,12.19,6.98,41.9,6,11.0
2026-05-19T10:00:39.073930200Z,TaxiAlgorithmP2PCollector,0,100,6,80,1,nearest,1,4,0,true,page-rank,page-rank,SPATIAL_IMBALANCE,9,116264434,Client Waiting Time [min],0.03,7.53,1.58,85.15,54,7.5
2026-05-19T10:00:39.073930200Z,TaxiAlgorithmP2PCollector,0,100,6,80,1,nearest,1,4,0,true,page-rank,page-rank,SPATIAL_IMBALANCE,9,116264434,Client Travel Time [min],14.0,605.0,160.59,12847.0,80,591.0
2026-05-19T10:00:39.073930200Z,TaxiAlgorithmP2PCollector,0,100,6,80,1,nearest,1,4,0,true,page-rank,page-rank,SPATIAL_IMBALANCE,9,116264434,Calculation Time [millis],0.0,0.0,0.01,44.0,4343,0.0
2026-05-19T10:00:39.073930200Z,TaxiAlgorithmP2PCollector,0,100,6,80,1,nearest,1,4,0,true,page-rank,page-rank,SPATIAL_IMBALANCE,9,116264434,Custom Time [micros],0.0,0.0,0.0,0.0,4343,0.0
2026-05-19T10:00:39.182931Z,TaxiAlgorithmP2PCollector,0,100,6,80,1,nearest,1,4,0,true,page-rank,page-rank,SPATIAL_IMBALANCE,10,116264435,Taxi Travel Distance [km],2.18,9.36,5.75,34.48,6,7.18
2026-05-19T10:00:39.182931Z,TaxiAlgorithmP2PCollector,0,100,6,80,1,nearest,1,4,0,true,page-rank,page-rank,SPATIAL_IMBALANCE,10,116264435,Client Waiting Time [min],0.05,8.08,1.34,68.17,51,8.03
2026-05-19T10:00:39.182931Z,TaxiAlgorithmP2PCollector,0,100,6,80,1,nearest,1,4,0,true,page-rank,page-rank,SPATIAL_IMBALANCE,10,116264435,Client Travel Time [min],9.0,910.0,191.15,15292.0,80,901.0
2026-05-19T10:00:39.182931Z,TaxiAlgorithmP2PCollector,0,100,6,80,1,nearest,1,4,0,true,page-rank,page-rank,SPATIAL_IMBALANCE,10,116264435,Calculation Time [millis],0.0,0.0,0.01,38.0,4036,0.0
2026-05-19T10:00:39.182931Z,TaxiAlgorithmP2PCollector,0,100,6,80,1,nearest,1,4,0,true,page-rank,page-rank,SPATIAL_IMBALANCE,10,116264435,Custom Time [micros],0.0,0.0,0.0,0.0,4036,0.0
2026-05-19T10:00:39.276930300Z,TaxiAlgorithmP2PCollector,0,100,6,80,1,nearest,1,4,0,true,page-rank,page-rank,SPATIAL_ISLANDS,1,116264426,Taxi Travel Distance [km],4.9,10.3,7.09,42.55,6,5.4
2026-05-19T10:00:39.276930300Z,TaxiAlgorithmP2PCollector,0,100,6,80,1,nearest,1,4,0,true,page-rank,page-rank,SPATIAL_ISLANDS,1,116264426,Client Waiting Time [min],0.03,8.7,0.75,44.52,59,8.67
2026-05-19T10:00:39.276930300Z,TaxiAlgorithmP2PCollector,0,100,6,80,1,nearest,1,4,0,true,page-rank,page-rank,SPATIAL_ISLANDS,1,116264426,Client Travel Time [min],8.0,713.0,156.13,12490.0,80,705.0
2026-05-19T10:00:39.276930300Z,TaxiAlgorithmP2PCollector,0,100,6,80,1,nearest,1,4,0,true,page-rank,page-rank,SPATIAL_ISLANDS,1,116264426,Calculation Time [millis],0.0,0.0,0.01,45.0,4270,0.0
2026-05-19T10:00:39.276930300Z,TaxiAlgorithmP2PCollector,0,100,6,80,1,nearest,1,4,0,true,page-rank,page-rank,SPATIAL_ISLANDS,1,116264426,Custom Time [micros],0.0,0.0,0.0,0.0,4270,0.0
2026-05-19T10:00:39.385927600Z,TaxiAlgorithmP2PCollector,0,100,6,80,1,nearest,1,4,0,true,page-rank,page-rank,SPATIAL_ISLANDS,2,116264427,Taxi Travel Distance [km],4.54,10.79,7.94,47.67,6,6.249999999999999
2026-05-19T10:00:39.385927600Z,TaxiAlgorithmP2PCollector,0,100,6,80,1,nearest,1,4,0,true,page-rank,page-rank,SPATIAL_ISLANDS,2,116264427,Client Waiting Time [min],0.03,11.08,1.29,82.38,64,11.05
2026-05-19T10:00:39.385927600Z,TaxiAlgorithmP2PCollector,0,100,6,80,1,nearest,1,4,0,true,page-rank,page-rank,SPATIAL_ISLANDS,2,116264427,Client Travel Time [min],10.0,796.0,151.53,12122.0,80,786.0
2026-05-19T10:00:39.385927600Z,TaxiAlgorithmP2PCollector,0,100,6,80,1,nearest,1,4,0,true,page-rank,page-rank,SPATIAL_ISLANDS,2,116264427,Calculation Time [millis],0.0,1.0,0.01,36.0,4017,1.0
2026-05-19T10:00:39.385927600Z,TaxiAlgorithmP2PCollector,0,100,6,80,1,nearest,1,4,0,true,page-rank,page-rank,SPATIAL_ISLANDS,2,116264427,Custom Time [micros],0.0,0.0,0.0,0.0,4017,0.0
2026-05-19T10:00:39.479940600Z,TaxiAlgorithmP2PCollector,0,100,6,80,1,nearest,1,4,0,true,page-rank,page-rank,SPATIAL_ISLANDS,3,116264428,Taxi Travel Distance [km],6.19,11.56,8.45,50.69,6,5.37
2026-05-19T10:00:39.479940600Z,TaxiAlgorithmP2PCollector,0,100,6,80,1,nearest,1,4,0,true,page-rank,page-rank,SPATIAL_ISLANDS,3,116264428,Client Waiting Time [min],0.03,9.87,0.84,52.72,63,9.84
2026-05-19T10:00:39.479940600Z,TaxiAlgorithmP2PCollector,0,100,6,80,1,nearest,1,4,0,true,page-rank,page-rank,SPATIAL_ISLANDS,3,116264428,Client Travel Time [min],10.0,676.0,141.73,11338.0,80,666.0
2026-05-19T10:00:39.479940600Z,TaxiAlgorithmP2PCollector,0,100,6,80,1,nearest,1,4,0,true,page-rank,page-rank,SPATIAL_ISLANDS,3,116264428,Calculation Time [millis],0.0,0.0,0.01,39.0,4287,0.0
2026-05-19T10:00:39.479940600Z,TaxiAlgorithmP2PCollector,0,100,6,80,1,nearest,1,4,0,true,page-rank,page-rank,SPATIAL_ISLANDS,3,116264428,Custom Time [micros],0.0,0.0,0.0,0.0,4287,0.0
2026-05-19T10:00:39.572463100Z,TaxiAlgorithmP2PCollector,0,100,6,80,1,nearest,1,4,0,true,page-rank,page-rank,SPATIAL_ISLANDS,4,116264429,Taxi Travel Distance [km],5.71,9.59,8.15,48.93,6,3.88
2026-05-19T10:00:39.572463100Z,TaxiAlgorithmP2PCollector,0,100,6,80,1,nearest,1,4,0,true,page-rank,page-rank,SPATIAL_ISLANDS,4,116264429,Client Waiting Time [min],0.03,7.33,1.12,68.1,61,7.3
2026-05-19T10:00:39.572463100Z,TaxiAlgorithmP2PCollector,0,100,6,80,1,nearest,1,4,0,true,page-rank,page-rank,SPATIAL_ISLANDS,4,116264429,Client Travel Time [min],7.0,712.0,148.99,11919.0,80,705.0
2026-05-19T10:00:39.572463100Z,TaxiAlgorithmP2PCollector,0,100,6,80,1,nearest,1,4,0,true,page-rank,page-rank,SPATIAL_ISLANDS,4,116264429,Calculation Time [millis],0.0,0.0,0.01,36.0,4197,0.0
2026-05-19T10:00:39.572463100Z,TaxiAlgorithmP2PCollector,0,100,6,80,1,nearest,1,4,0,true,page-rank,page-rank,SPATIAL_ISLANDS,4,116264429,Custom Time [micros],0.0,0.0,0.0,0.0,4197,0.0
2026-05-19T10:00:39.666981100Z,TaxiAlgorithmP2PCollector,0,100,6,80,1,nearest,1,4,0,true,page-rank,page-rank,SPATIAL_ISLANDS,5,116264430,Taxi Travel Distance [km],4.69,11.79,6.74,40.44,6,7.099999999999999
2026-05-19T10:00:39.666981100Z,TaxiAlgorithmP2PCollector,0,100,6,80,1,nearest,1,4,0,true,page-rank,page-rank,SPATIAL_ISLANDS,5,116264430,Client Waiting Time [min],0.03,10.4,1.57,89.65,57,10.370000000000001
2026-05-19T10:00:39.666981100Z,TaxiAlgorithmP2PCollector,0,100,6,80,1,nearest,1,4,0,true,page-rank,page-rank,SPATIAL_ISLANDS,5,116264430,Client Travel Time [min],9.0,767.0,181.19,14495.0,80,758.0
2026-05-19T10:00:39.666981100Z,TaxiAlgorithmP2PCollector,0,100,6,80,1,nearest,1,4,0,true,page-rank,page-rank,SPATIAL_ISLANDS,5,116264430,Calculation Time [millis],0.0,0.0,0.01,36.0,4362,0.0
2026-05-19T10:00:39.666981100Z,TaxiAlgorithmP2PCollector,0,100,6,80,1,nearest,1,4,0,true,page-rank,page-rank,SPATIAL_ISLANDS,5,116264430,Custom Time [micros],0.0,0.0,0.0,0.0,4362,0.0
2026-05-19T10:00:39.759505500Z,TaxiAlgorithmP2PCollector,0,100,6,80,1,nearest,1,4,0,true,page-rank,page-rank,SPATIAL_ISLANDS,6,116264431,Taxi Travel Distance [km],4.14,9.64,6.77,40.63,6,5.500000000000001
2026-05-19T10:00:39.759505500Z,TaxiAlgorithmP2PCollector,0,100,6,80,1,nearest,1,4,0,true,page-rank,page-rank,SPATIAL_ISLANDS,6,116264431,Client Waiting Time [min],0.03,9.52,0.76,38.13,50,9.49
2026-05-19T10:00:39.759505500Z,TaxiAlgorithmP2PCollector,0,100,6,80,1,nearest,1,4,0,true,page-rank,page-rank,SPATIAL_ISLANDS,6,116264431,Client Travel Time [min],5.0,740.0,184.3,14744.0,80,735.0
2026-05-19T10:00:39.759505500Z,TaxiAlgorithmP2PCollector,0,100,6,80,1,nearest,1,4,0,true,page-rank,page-rank,SPATIAL_ISLANDS,6,116264431,Calculation Time [millis],0.0,0.0,0.01,43.0,4388,0.0
2026-05-19T10:00:39.759505500Z,TaxiAlgorithmP2PCollector,0,100,6,80,1,nearest,1,4,0,true,page-rank,page-rank,SPATIAL_ISLANDS,6,116264431,Custom Time [micros],0.0,0.0,0.0,0.0,4388,0.0
2026-05-19T10:00:39.901039300Z,TaxiAlgorithmP2PCollector,0,100,6,80,1,nearest,1,4,0,true,page-rank,page-rank,SPATIAL_ISLANDS,7,116264432,Taxi Travel Distance [km],2.1,9.97,6.7,40.23,6,7.870000000000001
2026-05-19T10:00:39.901039300Z,TaxiAlgorithmP2PCollector,0,100,6,80,1,nearest,1,4,0,true,page-rank,page-rank,SPATIAL_ISLANDS,7,116264432,Client Waiting Time [min],0.03,9.27,1.35,72.83,54,9.24
2026-05-19T10:00:39.901039300Z,TaxiAlgorithmP2PCollector,0,100,6,80,1,nearest,1,4,0,true,page-rank,page-rank,SPATIAL_ISLANDS,7,116264432,Client Travel Time [min],6.0,891.0,200.93,16074.0,80,885.0
2026-05-19T10:00:39.901039300Z,TaxiAlgorithmP2PCollector,0,100,6,80,1,nearest,1,4,0,true,page-rank,page-rank,SPATIAL_ISLANDS,7,116264432,Calculation Time [millis],0.0,1.0,0.01,52.0,4602,1.0
2026-05-19T10:00:39.901039300Z,TaxiAlgorithmP2PCollector,0,100,6,80,1,nearest,1,4,0,true,page-rank,page-rank,SPATIAL_ISLANDS,7,116264432,Custom Time [micros],0.0,0.0,0.0,0.0,4602,0.0
2026-05-19T10:00:39.994557700Z,TaxiAlgorithmP2PCollector,0,100,6,80,1,nearest,1,4,0,true,page-rank,page-rank,SPATIAL_ISLANDS,8,116264433,Taxi Travel Distance [km],4.07,14.09,7.9,47.43,6,10.02
2026-05-19T10:00:39.994557700Z,TaxiAlgorithmP2PCollector,0,100,6,80,1,nearest,1,4,0,true,page-rank,page-rank,SPATIAL_ISLANDS,8,116264433,Client Waiting Time [min],0.03,11.37,1.34,83.23,62,11.34
2026-05-19T10:00:39.994557700Z,TaxiAlgorithmP2PCollector,0,100,6,80,1,nearest,1,4,0,true,page-rank,page-rank,SPATIAL_ISLANDS,8,116264433,Client Travel Time [min],8.0,836.0,186.54,14923.0,80,828.0
2026-05-19T10:00:39.994557700Z,TaxiAlgorithmP2PCollector,0,100,6,80,1,nearest,1,4,0,true,page-rank,page-rank,SPATIAL_ISLANDS,8,116264433,Calculation Time [millis],0.0,0.0,0.01,39.0,4076,0.0
2026-05-19T10:00:39.994557700Z,TaxiAlgorithmP2PCollector,0,100,6,80,1,nearest,1,4,0,true,page-rank,page-rank,SPATIAL_ISLANDS,8,116264433,Custom Time [micros],0.0,0.0,0.0,0.0,4076,0.0
2026-05-19T10:00:40.118558200Z,TaxiAlgorithmP2PCollector,0,100,6,80,1,nearest,1,4,0,true,page-rank,page-rank,SPATIAL_ISLANDS,9,116264434,Taxi Travel Distance [km],4.09,13.7,7.41,44.47,6,9.61
2026-05-19T10:00:40.118558200Z,TaxiAlgorithmP2PCollector,0,100,6,80,1,nearest,1,4,0,true,page-rank,page-rank,SPATIAL_ISLANDS,9,116264434,Client Waiting Time [min],0.03,9.52,0.91,55.8,61,9.49
2026-05-19T10:00:40.118558200Z,TaxiAlgorithmP2PCollector,0,100,6,80,1,nearest,1,4,0,true,page-rank,page-rank,SPATIAL_ISLANDS,9,116264434,Client Travel Time [min],6.0,912.0,179.21,14337.0,80,906.0
2026-05-19T10:00:40.118558200Z,TaxiAlgorithmP2PCollector,0,100,6,80,1,nearest,1,4,0,true,page-rank,page-rank,SPATIAL_ISLANDS,9,116264434,Calculation Time [millis],0.0,0.0,0.01,47.0,4517,0.0
2026-05-19T10:00:40.118558200Z,TaxiAlgorithmP2PCollector,0,100,6,80,1,nearest,1,4,0,true,page-rank,page-rank,SPATIAL_ISLANDS,9,116264434,Custom Time [micros],0.0,0.0,0.0,0.0,4517,0.0
2026-05-19T10:00:40.212559Z,TaxiAlgorithmP2PCollector,0,100,6,80,1,nearest,1,4,0,true,page-rank,page-rank,SPATIAL_ISLANDS,10,116264435,Taxi Travel Distance [km],5.27,11.72,7.9,47.41,6,6.450000000000001
2026-05-19T10:00:40.212559Z,TaxiAlgorithmP2PCollector,0,100,6,80,1,nearest,1,4,0,true,page-rank,page-rank,SPATIAL_ISLANDS,10,116264435,Client Waiting Time [min],0.03,4.83,0.42,24.18,58,4.8
2026-05-19T10:00:40.212559Z,TaxiAlgorithmP2PCollector,0,100,6,80,1,nearest,1,4,0,true,page-rank,page-rank,SPATIAL_ISLANDS,10,116264435,Client Travel Time [min],6.0,720.0,139.44,11155.0,80,714.0
2026-05-19T10:00:40.212559Z,TaxiAlgorithmP2PCollector,0,100,6,80,1,nearest,1,4,0,true,page-rank,page-rank,SPATIAL_ISLANDS,10,116264435,Calculation Time [millis],0.0,1.0,0.01,43.0,4523,1.0
2026-05-19T10:00:40.212559Z,TaxiAlgorithmP2PCollector,0,100,6,80,1,nearest,1,4,0,true,page-rank,page-rank,SPATIAL_ISLANDS,10,116264435,Custom Time [micros],0.0,0.0,0.0,0.0,4523,0.0
2026-05-19T10:00:40.336557900Z,TaxiAlgorithmP2PCollector,0,100,6,80,1,nearest,1,4,1,false,none,none,BASELINE,1,116264426,Taxi Travel Distance [km],1.94,4.8,3.15,18.88,6,2.86
2026-05-19T10:00:40.336557900Z,TaxiAlgorithmP2PCollector,0,100,6,80,1,nearest,1,4,1,false,none,none,BASELINE,1,116264426,Client Waiting Time [min],0.05,6.4,2.42,96.73,40,6.3500000000000005
2026-05-19T10:00:40.336557900Z,TaxiAlgorithmP2PCollector,0,100,6,80,1,nearest,1,4,1,false,none,none,BASELINE,1,116264426,Client Travel Time [min],8.0,765.0,265.78,21262.0,80,757.0
2026-05-19T10:00:40.336557900Z,TaxiAlgorithmP2PCollector,0,100,6,80,1,nearest,1,4,1,false,none,none,BASELINE,1,116264426,Calculation Time [millis],0.0,0.0,0.01,54.0,4724,0.0
2026-05-19T10:00:40.336557900Z,TaxiAlgorithmP2PCollector,0,100,6,80,1,nearest,1,4,1,false,none,none,BASELINE,1,116264426,Custom Time [micros],0.0,0.0,0.0,0.0,4724,0.0
2026-05-19T10:00:40.428560200Z,TaxiAlgorithmP2PCollector,0,100,6,80,1,nearest,1,4,1,false,none,none,BASELINE,2,116264427,Taxi Travel Distance [km],0.81,3.67,2.18,13.11,6,2.86
2026-05-19T10:00:40.428560200Z,TaxiAlgorithmP2PCollector,0,100,6,80,1,nearest,1,4,1,false,none,none,BASELINE,2,116264427,Client Waiting Time [min],0.03,14.0,3.95,134.2,34,13.97
2026-05-19T10:00:40.428560200Z,TaxiAlgorithmP2PCollector,0,100,6,80,1,nearest,1,4,1,false,none,none,BASELINE,2,116264427,Client Travel Time [min],13.0,865.0,301.0,24080.0,80,852.0
2026-05-19T10:00:40.428560200Z,TaxiAlgorithmP2PCollector,0,100,6,80,1,nearest,1,4,1,false,none,none,BASELINE,2,116264427,Calculation Time [millis],0.0,1.0,0.01,41.0,4746,1.0
2026-05-19T10:00:40.428560200Z,TaxiAlgorithmP2PCollector,0,100,6,80,1,nearest,1,4,1,false,none,none,BASELINE,2,116264427,Custom Time [micros],0.0,0.0,0.0,0.0,4746,0.0
2026-05-19T10:00:40.538559600Z,TaxiAlgorithmP2PCollector,0,100,6,80,1,nearest,1,4,1,false,none,none,BASELINE,3,116264428,Taxi Travel Distance [km],1.16,3.39,2.2,13.21,6,2.2300000000000004
2026-05-19T10:00:40.538559600Z,TaxiAlgorithmP2PCollector,0,100,6,80,1,nearest,1,4,1,false,none,none,BASELINE,3,116264428,Client Waiting Time [min],0.05,10.97,4.33,138.4,32,10.92
2026-05-19T10:00:40.538559600Z,TaxiAlgorithmP2PCollector,0,100,6,80,1,nearest,1,4,1,false,none,none,BASELINE,3,116264428,Client Travel Time [min],17.0,870.0,374.53,29962.0,80,853.0
2026-05-19T10:00:40.538559600Z,TaxiAlgorithmP2PCollector,0,100,6,80,1,nearest,1,4,1,false,none,none,BASELINE,3,116264428,Calculation Time [millis],0.0,0.0,0.01,40.0,4549,0.0
2026-05-19T10:00:40.538559600Z,TaxiAlgorithmP2PCollector,0,100,6,80,1,nearest,1,4,1,false,none,none,BASELINE,3,116264428,Custom Time [micros],0.0,0.0,0.0,0.0,4549,0.0
2026-05-19T10:00:40.632560900Z,TaxiAlgorithmP2PCollector,0,100,6,80,1,nearest,1,4,1,false,none,none,BASELINE,4,116264429,Taxi Travel Distance [km],0.4,5.49,2.59,15.56,6,5.09
2026-05-19T10:00:40.632560900Z,TaxiAlgorithmP2PCollector,0,100,6,80,1,nearest,1,4,1,false,none,none,BASELINE,4,116264429,Client Waiting Time [min],0.05,12.53,2.63,89.43,34,12.479999999999999
2026-05-19T10:00:40.632560900Z,TaxiAlgorithmP2PCollector,0,100,6,80,1,nearest,1,4,1,false,none,none,BASELINE,4,116264429,Client Travel Time [min],12.0,881.0,337.89,27031.0,80,869.0
2026-05-19T10:00:40.632560900Z,TaxiAlgorithmP2PCollector,0,100,6,80,1,nearest,1,4,1,false,none,none,BASELINE,4,116264429,Calculation Time [millis],0.0,0.0,0.01,39.0,4328,0.0
2026-05-19T10:00:40.632560900Z,TaxiAlgorithmP2PCollector,0,100,6,80,1,nearest,1,4,1,false,none,none,BASELINE,4,116264429,Custom Time [micros],0.0,0.0,0.0,0.0,4328,0.0
2026-05-19T10:00:40.739573800Z,TaxiAlgorithmP2PCollector,0,100,6,80,1,nearest,1,4,1,false,none,none,BASELINE,5,116264430,Taxi Travel Distance [km],2.42,5.07,3.46,20.73,6,2.6500000000000004
2026-05-19T10:00:40.739573800Z,TaxiAlgorithmP2PCollector,0,100,6,80,1,nearest,1,4,1,false,none,none,BASELINE,5,116264430,Client Waiting Time [min],0.05,11.65,3.39,149.1,44,11.6
2026-05-19T10:00:40.739573800Z,TaxiAlgorithmP2PCollector,0,100,6,80,1,nearest,1,4,1,false,none,none,BASELINE,5,116264430,Client Travel Time [min],12.0,820.0,296.98,23758.0,80,808.0
2026-05-19T10:00:40.739573800Z,TaxiAlgorithmP2PCollector,0,100,6,80,1,nearest,1,4,1,false,none,none,BASELINE,5,116264430,Calculation Time [millis],0.0,0.0,0.01,36.0,4360,0.0
2026-05-19T10:00:40.739573800Z,TaxiAlgorithmP2PCollector,0,100,6,80,1,nearest,1,4,1,false,none,none,BASELINE,5,116264430,Custom Time [micros],0.0,0.0,0.0,0.0,4360,0.0
2026-05-19T10:00:40.832577800Z,TaxiAlgorithmP2PCollector,0,100,6,80,1,nearest,1,4,1,false,none,none,BASELINE,6,116264431,Taxi Travel Distance [km],1.54,4.92,3.32,19.91,6,3.38
2026-05-19T10:00:40.832577800Z,TaxiAlgorithmP2PCollector,0,100,6,80,1,nearest,1,4,1,false,none,none,BASELINE,6,116264431,Client Waiting Time [min],0.03,7.53,1.88,73.18,39,7.5
2026-05-19T10:00:40.832577800Z,TaxiAlgorithmP2PCollector,0,100,6,80,1,nearest,1,4,1,false,none,none,BASELINE,6,116264431,Client Travel Time [min],13.0,813.0,239.86,19189.0,80,800.0
2026-05-19T10:00:40.832577800Z,TaxiAlgorithmP2PCollector,0,100,6,80,1,nearest,1,4,1,false,none,none,BASELINE,6,116264431,Calculation Time [millis],0.0,0.0,0.01,34.0,4225,0.0
2026-05-19T10:00:40.832577800Z,TaxiAlgorithmP2PCollector,0,100,6,80,1,nearest,1,4,1,false,none,none,BASELINE,6,116264431,Custom Time [micros],0.0,0.0,0.0,0.0,4225,0.0
2026-05-19T10:00:40.924575Z,TaxiAlgorithmP2PCollector,0,100,6,80,1,nearest,1,4,1,false,none,none,BASELINE,7,116264432,Taxi Travel Distance [km],1.41,4.52,2.99,17.96,6,3.1099999999999994
2026-05-19T10:00:40.924575Z,TaxiAlgorithmP2PCollector,0,100,6,80,1,nearest,1,4,1,false,none,none,BASELINE,7,116264432,Client Waiting Time [min],0.05,11.28,2.81,115.25,41,11.229999999999999
2026-05-19T10:00:40.924575Z,TaxiAlgorithmP2PCollector,0,100,6,80,1,nearest,1,4,1,false,none,none,BASELINE,7,116264432,Client Travel Time [min],6.0,939.0,296.46,23717.0,80,933.0
2026-05-19T10:00:40.924575Z,TaxiAlgorithmP2PCollector,0,100,6,80,1,nearest,1,4,1,false,none,none,BASELINE,7,116264432,Calculation Time [millis],0.0,0.0,0.01,39.0,4195,0.0
2026-05-19T10:00:40.924575Z,TaxiAlgorithmP2PCollector,0,100,6,80,1,nearest,1,4,1,false,none,none,BASELINE,7,116264432,Custom Time [micros],0.0,0.0,0.0,0.0,4195,0.0
2026-05-19T10:00:41.016626800Z,TaxiAlgorithmP2PCollector,0,100,6,80,1,nearest,1,4,1,false,none,none,BASELINE,8,116264433,Taxi Travel Distance [km],1.25,5.4,3.14,18.86,6,4.15
2026-05-19T10:00:41.016626800Z,TaxiAlgorithmP2PCollector,0,100,6,80,1,nearest,1,4,1,false,none,none,BASELINE,8,116264433,Client Waiting Time [min],0.03,12.52,2.92,105.18,36,12.49
2026-05-19T10:00:41.016626800Z,TaxiAlgorithmP2PCollector,0,100,6,80,1,nearest,1,4,1,false,none,none,BASELINE,8,116264433,Client Travel Time [min],14.0,907.0,329.78,26382.0,80,893.0
2026-05-19T10:00:41.016626800Z,TaxiAlgorithmP2PCollector,0,100,6,80,1,nearest,1,4,1,false,none,none,BASELINE,8,116264433,Calculation Time [millis],0.0,1.0,0.01,42.0,4797,1.0
2026-05-19T10:00:41.016626800Z,TaxiAlgorithmP2PCollector,0,100,6,80,1,nearest,1,4,1,false,none,none,BASELINE,8,116264433,Custom Time [micros],0.0,0.0,0.0,0.0,4797,0.0
2026-05-19T10:00:41.124576100Z,TaxiAlgorithmP2PCollector,0,100,6,80,1,nearest,1,4,1,false,none,none,BASELINE,9,116264434,Taxi Travel Distance [km],0.11,4.57,2.61,15.64,6,4.46
2026-05-19T10:00:41.124576100Z,TaxiAlgorithmP2PCollector,0,100,6,80,1,nearest,1,4,1,false,none,none,BASELINE,9,116264434,Client Waiting Time [min],0.05,13.73,3.61,122.9,34,13.68
2026-05-19T10:00:41.124576100Z,TaxiAlgorithmP2PCollector,0,100,6,80,1,nearest,1,4,1,false,none,none,BASELINE,9,116264434,Client Travel Time [min],15.0,864.0,330.96,26477.0,80,849.0
2026-05-19T10:00:41.124576100Z,TaxiAlgorithmP2PCollector,0,100,6,80,1,nearest,1,4,1,false,none,none,BASELINE,9,116264434,Calculation Time [millis],0.0,0.0,0.01,41.0,4621,0.0
2026-05-19T10:00:41.124576100Z,TaxiAlgorithmP2PCollector,0,100,6,80,1,nearest,1,4,1,false,none,none,BASELINE,9,116264434,Custom Time [micros],0.0,0.0,0.0,0.0,4621,0.0
2026-05-19T10:00:41.217575900Z,TaxiAlgorithmP2PCollector,0,100,6,80,1,nearest,1,4,1,false,none,none,BASELINE,10,116264435,Taxi Travel Distance [km],0.55,3.34,1.86,11.17,6,2.79
2026-05-19T10:00:41.217575900Z,TaxiAlgorithmP2PCollector,0,100,6,80,1,nearest,1,4,1,false,none,none,BASELINE,10,116264435,Client Waiting Time [min],0.05,9.63,3.67,91.72,25,9.58
2026-05-19T10:00:41.217575900Z,TaxiAlgorithmP2PCollector,0,100,6,80,1,nearest,1,4,1,false,none,none,BASELINE,10,116264435,Client Travel Time [min],13.0,934.0,352.19,28175.0,80,921.0
2026-05-19T10:00:41.217575900Z,TaxiAlgorithmP2PCollector,0,100,6,80,1,nearest,1,4,1,false,none,none,BASELINE,10,116264435,Calculation Time [millis],0.0,0.0,0.01,35.0,4512,0.0
2026-05-19T10:00:41.217575900Z,TaxiAlgorithmP2PCollector,0,100,6,80,1,nearest,1,4,1,false,none,none,BASELINE,10,116264435,Custom Time [micros],0.0,0.0,0.0,0.0,4512,0.0
2026-05-19T10:00:41.311575200Z,TaxiAlgorithmP2PCollector,0,100,6,80,1,nearest,1,4,1,false,none,none,RUSH_HOUR,1,116264426,Taxi Travel Distance [km],0.88,5.62,3.45,20.73,6,4.74
2026-05-19T10:00:41.311575200Z,TaxiAlgorithmP2PCollector,0,100,6,80,1,nearest,1,4,1,false,none,none,RUSH_HOUR,1,116264426,Client Waiting Time [min],0.05,12.08,2.85,128.08,45,12.03
2026-05-19T10:00:41.311575200Z,TaxiAlgorithmP2PCollector,0,100,6,80,1,nearest,1,4,1,false,none,none,RUSH_HOUR,1,116264426,Client Travel Time [min],6.0,865.0,280.9,22472.0,80,859.0
2026-05-19T10:00:41.311575200Z,TaxiAlgorithmP2PCollector,0,100,6,80,1,nearest,1,4,1,false,none,none,RUSH_HOUR,1,116264426,Calculation Time [millis],0.0,0.0,0.01,34.0,4232,0.0
2026-05-19T10:00:41.311575200Z,TaxiAlgorithmP2PCollector,0,100,6,80,1,nearest,1,4,1,false,none,none,RUSH_HOUR,1,116264426,Custom Time [micros],0.0,0.0,0.0,0.0,4232,0.0
2026-05-19T10:00:41.422573300Z,TaxiAlgorithmP2PCollector,0,100,6,80,1,nearest,1,4,1,false,none,none,RUSH_HOUR,2,116264427,Taxi Travel Distance [km],0.65,4.62,2.28,13.67,6,3.97
2026-05-19T10:00:41.422573300Z,TaxiAlgorithmP2PCollector,0,100,6,80,1,nearest,1,4,1,false,none,none,RUSH_HOUR,2,116264427,Client Waiting Time [min],0.03,12.63,2.57,74.65,29,12.600000000000001
2026-05-19T10:00:41.422573300Z,TaxiAlgorithmP2PCollector,0,100,6,80,1,nearest,1,4,1,false,none,none,RUSH_HOUR,2,116264427,Client Travel Time [min],9.0,966.0,319.64,25571.0,80,957.0
2026-05-19T10:00:41.422573300Z,TaxiAlgorithmP2PCollector,0,100,6,80,1,nearest,1,4,1,false,none,none,RUSH_HOUR,2,116264427,Calculation Time [millis],0.0,0.0,0.01,30.0,4012,0.0
2026-05-19T10:00:41.422573300Z,TaxiAlgorithmP2PCollector,0,100,6,80,1,nearest,1,4,1,false,none,none,RUSH_HOUR,2,116264427,Custom Time [micros],0.0,0.0,0.0,0.0,4012,0.0
2026-05-19T10:00:41.514575200Z,TaxiAlgorithmP2PCollector,0,100,6,80,1,nearest,1,4,1,false,none,none,RUSH_HOUR,3,116264428,Taxi Travel Distance [km],1.34,5.14,3.31,19.84,6,3.8
2026-05-19T10:00:41.514575200Z,TaxiAlgorithmP2PCollector,0,100,6,80,1,nearest,1,4,1,false,none,none,RUSH_HOUR,3,116264428,Client Waiting Time [min],0.03,12.37,3.69,154.9,42,12.34
2026-05-19T10:00:41.514575200Z,TaxiAlgorithmP2PCollector,0,100,6,80,1,nearest,1,4,1,false,none,none,RUSH_HOUR,3,116264428,Client Travel Time [min],12.0,879.0,332.28,26582.0,80,867.0
2026-05-19T10:00:41.514575200Z,TaxiAlgorithmP2PCollector,0,100,6,80,1,nearest,1,4,1,false,none,none,RUSH_HOUR,3,116264428,Calculation Time [millis],0.0,0.0,0.01,36.0,4251,0.0
2026-05-19T10:00:41.514575200Z,TaxiAlgorithmP2PCollector,0,100,6,80,1,nearest,1,4,1,false,none,none,RUSH_HOUR,3,116264428,Custom Time [micros],0.0,0.0,0.0,0.0,4251,0.0
2026-05-19T10:00:41.607575200Z,TaxiAlgorithmP2PCollector,0,100,6,80,1,nearest,1,4,1,false,none,none,RUSH_HOUR,4,116264429,Taxi Travel Distance [km],0.0,4.5,2.13,12.78,6,4.5
2026-05-19T10:00:41.607575200Z,TaxiAlgorithmP2PCollector,0,100,6,80,1,nearest,1,4,1,false,none,none,RUSH_HOUR,4,116264429,Client Waiting Time [min],0.05,14.02,3.26,91.28,28,13.969999999999999
2026-05-19T10:00:41.607575200Z,TaxiAlgorithmP2PCollector,0,100,6,80,1,nearest,1,4,1,false,none,none,RUSH_HOUR,4,116264429,Client Travel Time [min],18.0,843.0,343.14,27451.0,80,825.0
2026-05-19T10:00:41.607575200Z,TaxiAlgorithmP2PCollector,0,100,6,80,1,nearest,1,4,1,false,none,none,RUSH_HOUR,4,116264429,Calculation Time [millis],0.0,0.0,0.01,30.0,4066,0.0
2026-05-19T10:00:41.607575200Z,TaxiAlgorithmP2PCollector,0,100,6,80,1,nearest,1,4,1,false,none,none,RUSH_HOUR,4,116264429,Custom Time [micros],0.0,0.0,0.0,0.0,4066,0.0
2026-05-19T10:00:41.700575100Z,TaxiAlgorithmP2PCollector,0,100,6,80,1,nearest,1,4,1,false,none,none,RUSH_HOUR,5,116264430,Taxi Travel Distance [km],0.93,5.01,3.17,18.99,6,4.08
2026-05-19T10:00:41.700575100Z,TaxiAlgorithmP2PCollector,0,100,6,80,1,nearest,1,4,1,false,none,none,RUSH_HOUR,5,116264430,Client Waiting Time [min],0.07,10.83,3.77,162.15,43,10.76
2026-05-19T10:00:41.700575100Z,TaxiAlgorithmP2PCollector,0,100,6,80,1,nearest,1,4,1,false,none,none,RUSH_HOUR,5,116264430,Client Travel Time [min],16.0,866.0,315.45,25236.0,80,850.0
2026-05-19T10:00:41.700575100Z,TaxiAlgorithmP2PCollector,0,100,6,80,1,nearest,1,4,1,false,none,none,RUSH_HOUR,5,116264430,Calculation Time [millis],0.0,0.0,0.01,31.0,3915,0.0
2026-05-19T10:00:41.700575100Z,TaxiAlgorithmP2PCollector,0,100,6,80,1,nearest,1,4,1,false,none,none,RUSH_HOUR,5,116264430,Custom Time [micros],0.0,0.0,0.0,0.0,3915,0.0
2026-05-19T10:00:41.794572900Z,TaxiAlgorithmP2PCollector,0,100,6,80,1,nearest,1,4,1,false,none,none,RUSH_HOUR,6,116264431,Taxi Travel Distance [km],1.0,5.96,3.11,18.67,6,4.96
2026-05-19T10:00:41.794572900Z,TaxiAlgorithmP2PCollector,0,100,6,80,1,nearest,1,4,1,false,none,none,RUSH_HOUR,6,116264431,Client Waiting Time [min],0.03,12.85,2.63,110.48,42,12.82
2026-05-19T10:00:41.794572900Z,TaxiAlgorithmP2PCollector,0,100,6,80,1,nearest,1,4,1,false,none,none,RUSH_HOUR,6,116264431,Client Travel Time [min],5.0,829.0,301.76,24141.0,80,824.0
2026-05-19T10:00:41.794572900Z,TaxiAlgorithmP2PCollector,0,100,6,80,1,nearest,1,4,1,false,none,none,RUSH_HOUR,6,116264431,Calculation Time [millis],0.0,1.0,0.01,33.0,4333,1.0
2026-05-19T10:00:41.794572900Z,TaxiAlgorithmP2PCollector,0,100,6,80,1,nearest,1,4,1,false,none,none,RUSH_HOUR,6,116264431,Custom Time [micros],0.0,0.0,0.0,0.0,4333,0.0
2026-05-19T10:00:41.887573100Z,TaxiAlgorithmP2PCollector,0,100,6,80,1,nearest,1,4,1,false,none,none,RUSH_HOUR,7,116264432,Taxi Travel Distance [km],0.25,4.39,2.39,14.34,6,4.14
2026-05-19T10:00:41.887573100Z,TaxiAlgorithmP2PCollector,0,100,6,80,1,nearest,1,4,1,false,none,none,RUSH_HOUR,7,116264432,Client Waiting Time [min],0.07,10.47,3.07,79.75,26,10.4
2026-05-19T10:00:41.887573100Z,TaxiAlgorithmP2PCollector,0,100,6,80,1,nearest,1,4,1,false,none,none,RUSH_HOUR,7,116264432,Client Travel Time [min],25.0,850.0,330.46,26437.0,80,825.0
2026-05-19T10:00:41.887573100Z,TaxiAlgorithmP2PCollector,0,100,6,80,1,nearest,1,4,1,false,none,none,RUSH_HOUR,7,116264432,Calculation Time [millis],0.0,0.0,0.01,32.0,4182,0.0
2026-05-19T10:00:41.887573100Z,TaxiAlgorithmP2PCollector,0,100,6,80,1,nearest,1,4,1,false,none,none,RUSH_HOUR,7,116264432,Custom Time [micros],0.0,0.0,0.0,0.0,4182,0.0
2026-05-19T10:00:41.983588Z,TaxiAlgorithmP2PCollector,0,100,6,80,1,nearest,1,4,1,false,none,none,RUSH_HOUR,8,116264433,Taxi Travel Distance [km],0.43,6.21,2.9,17.37,6,5.78
2026-05-19T10:00:41.983588Z,TaxiAlgorithmP2PCollector,0,100,6,80,1,nearest,1,4,1,false,none,none,RUSH_HOUR,8,116264433,Client Waiting Time [min],0.05,13.4,3.78,155.03,41,13.35
2026-05-19T10:00:41.983588Z,TaxiAlgorithmP2PCollector,0,100,6,80,1,nearest,1,4,1,false,none,none,RUSH_HOUR,8,116264433,Client Travel Time [min],9.0,892.0,345.76,27661.0,80,883.0
2026-05-19T10:00:41.983588Z,TaxiAlgorithmP2PCollector,0,100,6,80,1,nearest,1,4,1,false,none,none,RUSH_HOUR,8,116264433,Calculation Time [millis],0.0,0.0,0.01,36.0,4395,0.0
2026-05-19T10:00:41.983588Z,TaxiAlgorithmP2PCollector,0,100,6,80,1,nearest,1,4,1,false,none,none,RUSH_HOUR,8,116264433,Custom Time [micros],0.0,0.0,0.0,0.0,4395,0.0
2026-05-19T10:00:42.077587100Z,TaxiAlgorithmP2PCollector,0,100,6,80,1,nearest,1,4,1,false,none,none,RUSH_HOUR,9,116264434,Taxi Travel Distance [km],0.0,5.35,2.32,13.92,6,5.35
2026-05-19T10:00:42.077587100Z,TaxiAlgorithmP2PCollector,0,100,6,80,1,nearest,1,4,1,false,none,none,RUSH_HOUR,9,116264434,Client Waiting Time [min],0.03,10.62,2.12,70.05,33,10.59
2026-05-19T10:00:42.077587100Z,TaxiAlgorithmP2PCollector,0,100,6,80,1,nearest,1,4,1,false,none,none,RUSH_HOUR,9,116264434,Client Travel Time [min],10.0,867.0,295.24,23619.0,80,857.0
2026-05-19T10:00:42.077587100Z,TaxiAlgorithmP2PCollector,0,100,6,80,1,nearest,1,4,1,false,none,none,RUSH_HOUR,9,116264434,Calculation Time [millis],0.0,0.0,0.01,39.0,4716,0.0
2026-05-19T10:00:42.077587100Z,TaxiAlgorithmP2PCollector,0,100,6,80,1,nearest,1,4,1,false,none,none,RUSH_HOUR,9,116264434,Custom Time [micros],0.0,0.0,0.0,0.0,4716,0.0
2026-05-19T10:00:42.170585600Z,TaxiAlgorithmP2PCollector,0,100,6,80,1,nearest,1,4,1,false,none,none,RUSH_HOUR,10,116264435,Taxi Travel Distance [km],1.76,5.26,2.78,16.66,6,3.5
2026-05-19T10:00:42.170585600Z,TaxiAlgorithmP2PCollector,0,100,6,80,1,nearest,1,4,1,false,none,none,RUSH_HOUR,10,116264435,Client Waiting Time [min],0.05,12.27,2.19,76.6,35,12.219999999999999
2026-05-19T10:00:42.170585600Z,TaxiAlgorithmP2PCollector,0,100,6,80,1,nearest,1,4,1,false,none,none,RUSH_HOUR,10,116264435,Client Travel Time [min],8.0,777.0,269.28,21542.0,80,769.0
2026-05-19T10:00:42.170585600Z,TaxiAlgorithmP2PCollector,0,100,6,80,1,nearest,1,4,1,false,none,none,RUSH_HOUR,10,116264435,Calculation Time [millis],0.0,0.0,0.01,30.0,4234,0.0
2026-05-19T10:00:42.170585600Z,TaxiAlgorithmP2PCollector,0,100,6,80,1,nearest,1,4,1,false,none,none,RUSH_HOUR,10,116264435,Custom Time [micros],0.0,0.0,0.0,0.0,4234,0.0
2026-05-19T10:00:42.262585600Z,TaxiAlgorithmP2PCollector,0,100,6,80,1,nearest,1,4,1,false,none,none,SPATIAL_IMBALANCE,1,116264426,Taxi Travel Distance [km],0.17,2.22,1.52,9.14,6,2.0500000000000003
2026-05-19T10:00:42.262585600Z,TaxiAlgorithmP2PCollector,0,100,6,80,1,nearest,1,4,1,false,none,none,SPATIAL_IMBALANCE,1,116264426,Client Waiting Time [min],0.05,12.35,3.84,88.27,23,12.299999999999999
2026-05-19T10:00:42.262585600Z,TaxiAlgorithmP2PCollector,0,100,6,80,1,nearest,1,4,1,false,none,none,SPATIAL_IMBALANCE,1,116264426,Client Travel Time [min],19.0,765.0,328.9,26312.0,80,746.0
2026-05-19T10:00:42.262585600Z,TaxiAlgorithmP2PCollector,0,100,6,80,1,nearest,1,4,1,false,none,none,SPATIAL_IMBALANCE,1,116264426,Calculation Time [millis],0.0,0.0,0.01,32.0,4317,0.0
2026-05-19T10:00:42.262585600Z,TaxiAlgorithmP2PCollector,0,100,6,80,1,nearest,1,4,1,false,none,none,SPATIAL_IMBALANCE,1,116264426,Custom Time [micros],0.0,0.0,0.0,0.0,4317,0.0
2026-05-19T10:00:42.355587Z,TaxiAlgorithmP2PCollector,0,100,6,80,1,nearest,1,4,1,false,none,none,SPATIAL_IMBALANCE,2,116264427,Taxi Travel Distance [km],0.33,1.84,1.04,6.23,6,1.51
2026-05-19T10:00:42.355587Z,TaxiAlgorithmP2PCollector,0,100,6,80,1,nearest,1,4,1,false,none,none,SPATIAL_IMBALANCE,2,116264427,Client Waiting Time [min],0.05,6.95,3.69,66.33,18,6.9
2026-05-19T10:00:42.355587Z,TaxiAlgorithmP2PCollector,0,100,6,80,1,nearest,1,4,1,false,none,none,SPATIAL_IMBALANCE,2,116264427,Client Travel Time [min],22.0,748.0,311.48,24918.0,80,726.0
2026-05-19T10:00:42.355587Z,TaxiAlgorithmP2PCollector,0,100,6,80,1,nearest,1,4,1,false,none,none,SPATIAL_IMBALANCE,2,116264427,Calculation Time [millis],0.0,0.0,0.01,31.0,4254,0.0
2026-05-19T10:00:42.355587Z,TaxiAlgorithmP2PCollector,0,100,6,80,1,nearest,1,4,1,false,none,none,SPATIAL_IMBALANCE,2,116264427,Custom Time [micros],0.0,0.0,0.0,0.0,4254,0.0
2026-05-19T10:00:42.450601600Z,TaxiAlgorithmP2PCollector,0,100,6,80,1,nearest,1,4,1,false,none,none,SPATIAL_IMBALANCE,3,116264428,Taxi Travel Distance [km],0.0,3.36,1.33,7.97,6,3.36
2026-05-19T10:00:42.450601600Z,TaxiAlgorithmP2PCollector,0,100,6,80,1,nearest,1,4,1,false,none,none,SPATIAL_IMBALANCE,3,116264428,Client Waiting Time [min],0.05,15.67,5.66,118.9,21,15.62
2026-05-19T10:00:42.450601600Z,TaxiAlgorithmP2PCollector,0,100,6,80,1,nearest,1,4,1,false,none,none,SPATIAL_IMBALANCE,3,116264428,Client Travel Time [min],32.0,942.0,393.06,31445.0,80,910.0
2026-05-19T10:00:42.450601600Z,TaxiAlgorithmP2PCollector,0,100,6,80,1,nearest,1,4,1,false,none,none,SPATIAL_IMBALANCE,3,116264428,Calculation Time [millis],0.0,0.0,0.01,33.0,4343,0.0
2026-05-19T10:00:42.450601600Z,TaxiAlgorithmP2PCollector,0,100,6,80,1,nearest,1,4,1,false,none,none,SPATIAL_IMBALANCE,3,116264428,Custom Time [micros],0.0,0.0,0.0,0.0,4343,0.0
2026-05-19T10:00:42.543600500Z,TaxiAlgorithmP2PCollector,0,100,6,80,1,nearest,1,4,1,false,none,none,SPATIAL_IMBALANCE,4,116264429,Taxi Travel Distance [km],0.16,2.78,1.07,6.41,6,2.6199999999999997
2026-05-19T10:00:42.543600500Z,TaxiAlgorithmP2PCollector,0,100,6,80,1,nearest,1,4,1,false,none,none,SPATIAL_IMBALANCE,4,116264429,Client Waiting Time [min],0.07,10.53,3.98,75.6,19,10.459999999999999
2026-05-19T10:00:42.543600500Z,TaxiAlgorithmP2PCollector,0,100,6,80,1,nearest,1,4,1,false,none,none,SPATIAL_IMBALANCE,4,116264429,Client Travel Time [min],20.0,877.0,334.1,26728.0,80,857.0
2026-05-19T10:00:42.543600500Z,TaxiAlgorithmP2PCollector,0,100,6,80,1,nearest,1,4,1,false,none,none,SPATIAL_IMBALANCE,4,116264429,Calculation Time [millis],0.0,1.0,0.01,33.0,4346,1.0
2026-05-19T10:00:42.543600500Z,TaxiAlgorithmP2PCollector,0,100,6,80,1,nearest,1,4,1,false,none,none,SPATIAL_IMBALANCE,4,116264429,Custom Time [micros],0.0,0.0,0.0,0.0,4346,0.0
2026-05-19T10:00:42.636599600Z,TaxiAlgorithmP2PCollector,0,100,6,80,1,nearest,1,4,1,false,none,none,SPATIAL_IMBALANCE,5,116264430,Taxi Travel Distance [km],0.36,3.2,1.53,9.19,6,2.8400000000000003
2026-05-19T10:00:42.636599600Z,TaxiAlgorithmP2PCollector,0,100,6,80,1,nearest,1,4,1,false,none,none,SPATIAL_IMBALANCE,5,116264430,Client Waiting Time [min],0.05,8.65,3.22,67.52,21,8.6
2026-05-19T10:00:42.636599600Z,TaxiAlgorithmP2PCollector,0,100,6,80,1,nearest,1,4,1,false,none,none,SPATIAL_IMBALANCE,5,116264430,Client Travel Time [min],9.0,712.0,316.13,25290.0,80,703.0
2026-05-19T10:00:42.636599600Z,TaxiAlgorithmP2PCollector,0,100,6,80,1,nearest,1,4,1,false,none,none,SPATIAL_IMBALANCE,5,116264430,Calculation Time [millis],0.0,0.0,0.01,32.0,4358,0.0
2026-05-19T10:00:42.636599600Z,TaxiAlgorithmP2PCollector,0,100,6,80,1,nearest,1,4,1,false,none,none,SPATIAL_IMBALANCE,5,116264430,Custom Time [micros],0.0,0.0,0.0,0.0,4358,0.0
2026-05-19T10:00:42.730265800Z,TaxiAlgorithmP2PCollector,0,100,6,80,1,nearest,1,4,1,false,none,none,SPATIAL_IMBALANCE,6,116264431,Taxi Travel Distance [km],0.4,1.49,0.92,5.5,6,1.0899999999999999
2026-05-19T10:00:42.730265800Z,TaxiAlgorithmP2PCollector,0,100,6,80,1,nearest,1,4,1,false,none,none,SPATIAL_IMBALANCE,6,116264431,Client Waiting Time [min],0.07,7.07,3.21,51.32,16,7.0
2026-05-19T10:00:42.730265800Z,TaxiAlgorithmP2PCollector,0,100,6,80,1,nearest,1,4,1,false,none,none,SPATIAL_IMBALANCE,6,116264431,Client Travel Time [min],10.0,823.0,348.75,27900.0,80,813.0
2026-05-19T10:00:42.730265800Z,TaxiAlgorithmP2PCollector,0,100,6,80,1,nearest,1,4,1,false,none,none,SPATIAL_IMBALANCE,6,116264431,Calculation Time [millis],0.0,0.0,0.01,31.0,4297,0.0
2026-05-19T10:00:42.730265800Z,TaxiAlgorithmP2PCollector,0,100,6,80,1,nearest,1,4,1,false,none,none,SPATIAL_IMBALANCE,6,116264431,Custom Time [micros],0.0,0.0,0.0,0.0,4297,0.0
2026-05-19T10:00:42.821280100Z,TaxiAlgorithmP2PCollector,0,100,6,80,1,nearest,1,4,1,false,none,none,SPATIAL_IMBALANCE,7,116264432,Taxi Travel Distance [km],0.39,2.42,1.31,7.86,6,2.03
2026-05-19T10:00:42.821280100Z,TaxiAlgorithmP2PCollector,0,100,6,80,1,nearest,1,4,1,false,none,none,SPATIAL_IMBALANCE,7,116264432,Client Waiting Time [min],0.03,9.75,3.51,70.15,20,9.72
2026-05-19T10:00:42.821280100Z,TaxiAlgorithmP2PCollector,0,100,6,80,1,nearest,1,4,1,false,none,none,SPATIAL_IMBALANCE,7,116264432,Client Travel Time [min],13.0,877.0,335.26,26821.0,80,864.0
2026-05-19T10:00:42.821280100Z,TaxiAlgorithmP2PCollector,0,100,6,80,1,nearest,1,4,1,false,none,none,SPATIAL_IMBALANCE,7,116264432,Calculation Time [millis],0.0,1.0,0.01,34.0,4378,1.0
2026-05-19T10:00:42.821280100Z,TaxiAlgorithmP2PCollector,0,100,6,80,1,nearest,1,4,1,false,none,none,SPATIAL_IMBALANCE,7,116264432,Custom Time [micros],0.0,0.0,0.0,0.0,4378,0.0
2026-05-19T10:00:42.916799900Z,TaxiAlgorithmP2PCollector,0,100,6,80,1,nearest,1,4,1,false,none,none,SPATIAL_IMBALANCE,8,116264433,Taxi Travel Distance [km],0.58,3.81,1.79,10.76,6,3.23
2026-05-19T10:00:42.916799900Z,TaxiAlgorithmP2PCollector,0,100,6,80,1,nearest,1,4,1,false,none,none,SPATIAL_IMBALANCE,8,116264433,Client Waiting Time [min],0.05,12.47,3.92,117.53,30,12.42
2026-05-19T10:00:42.916799900Z,TaxiAlgorithmP2PCollector,0,100,6,80,1,nearest,1,4,1,false,none,none,SPATIAL_IMBALANCE,8,116264433,Client Travel Time [min],12.0,907.0,356.53,28522.0,80,895.0
2026-05-19T10:00:42.916799900Z,TaxiAlgorithmP2PCollector,0,100,6,80,1,nearest,1,4,1,false,none,none,SPATIAL_IMBALANCE,8,116264433,Calculation Time [millis],0.0,0.0,0.01,34.0,4415,0.0
2026-05-19T10:00:42.916799900Z,TaxiAlgorithmP2PCollector,0,100,6,80,1,nearest,1,4,1,false,none,none,SPATIAL_IMBALANCE,8,116264433,Custom Time [micros],0.0,0.0,0.0,0.0,4415,0.0
2026-05-19T10:00:43.011312800Z,TaxiAlgorithmP2PCollector,0,100,6,80,1,nearest,1,4,1,false,none,none,SPATIAL_IMBALANCE,9,116264434,Taxi Travel Distance [km],0.63,3.28,1.25,7.47,6,2.65
2026-05-19T10:00:43.011312800Z,TaxiAlgorithmP2PCollector,0,100,6,80,1,nearest,1,4,1,false,none,none,SPATIAL_IMBALANCE,9,116264434,Client Waiting Time [min],0.05,10.83,4.02,100.45,25,10.78
2026-05-19T10:00:43.011312800Z,TaxiAlgorithmP2PCollector,0,100,6,80,1,nearest,1,4,1,false,none,none,SPATIAL_IMBALANCE,9,116264434,Client Travel Time [min],6.0,745.0,319.25,25540.0,80,739.0
2026-05-19T10:00:43.011312800Z,TaxiAlgorithmP2PCollector,0,100,6,80,1,nearest,1,4,1,false,none,none,SPATIAL_IMBALANCE,9,116264434,Calculation Time [millis],0.0,0.0,0.01,32.0,4343,0.0
2026-05-19T10:00:43.011312800Z,TaxiAlgorithmP2PCollector,0,100,6,80,1,nearest,1,4,1,false,none,none,SPATIAL_IMBALANCE,9,116264434,Custom Time [micros],0.0,0.0,0.0,0.0,4343,0.0
2026-05-19T10:00:43.104313100Z,TaxiAlgorithmP2PCollector,0,100,6,80,1,nearest,1,4,1,false,none,none,SPATIAL_IMBALANCE,10,116264435,Taxi Travel Distance [km],0.39,2.41,1.16,6.95,6,2.02
2026-05-19T10:00:43.104313100Z,TaxiAlgorithmP2PCollector,0,100,6,80,1,nearest,1,4,1,false,none,none,SPATIAL_IMBALANCE,10,116264435,Client Waiting Time [min],0.07,7.57,3.33,69.88,21,7.5
2026-05-19T10:00:43.104313100Z,TaxiAlgorithmP2PCollector,0,100,6,80,1,nearest,1,4,1,false,none,none,SPATIAL_IMBALANCE,10,116264435,Client Travel Time [min],17.0,910.0,306.61,24529.0,80,893.0
2026-05-19T10:00:43.104313100Z,TaxiAlgorithmP2PCollector,0,100,6,80,1,nearest,1,4,1,false,none,none,SPATIAL_IMBALANCE,10,116264435,Calculation Time [millis],0.0,1.0,0.01,34.0,4230,1.0
2026-05-19T10:00:43.104313100Z,TaxiAlgorithmP2PCollector,0,100,6,80,1,nearest,1,4,1,false,none,none,SPATIAL_IMBALANCE,10,116264435,Custom Time [micros],0.0,0.0,0.0,0.0,4230,0.0
2026-05-19T10:00:43.197312100Z,TaxiAlgorithmP2PCollector,0,100,6,80,1,nearest,1,4,1,false,none,none,SPATIAL_ISLANDS,1,116264426,Taxi Travel Distance [km],0.16,3.5,1.42,8.53,6,3.34
2026-05-19T10:00:43.197312100Z,TaxiAlgorithmP2PCollector,0,100,6,80,1,nearest,1,4,1,false,none,none,SPATIAL_ISLANDS,1,116264426,Client Waiting Time [min],0.07,12.62,4.64,102.13,22,12.549999999999999
2026-05-19T10:00:43.197312100Z,TaxiAlgorithmP2PCollector,0,100,6,80,1,nearest,1,4,1,false,none,none,SPATIAL_ISLANDS,1,116264426,Client Travel Time [min],19.0,765.0,350.03,28002.0,80,746.0
2026-05-19T10:00:43.197312100Z,TaxiAlgorithmP2PCollector,0,100,6,80,1,nearest,1,4,1,false,none,none,SPATIAL_ISLANDS,1,116264426,Calculation Time [millis],0.0,0.0,0.01,33.0,4518,0.0
2026-05-19T10:00:43.197312100Z,TaxiAlgorithmP2PCollector,0,100,6,80,1,nearest,1,4,1,false,none,none,SPATIAL_ISLANDS,1,116264426,Custom Time [micros],0.0,0.0,0.0,0.0,4518,0.0
2026-05-19T10:00:43.290314400Z,TaxiAlgorithmP2PCollector,0,100,6,80,1,nearest,1,4,1,false,none,none,SPATIAL_ISLANDS,2,116264427,Taxi Travel Distance [km],0.88,4.08,2.08,12.48,6,3.2
2026-05-19T10:00:43.290314400Z,TaxiAlgorithmP2PCollector,0,100,6,80,1,nearest,1,4,1,false,none,none,SPATIAL_ISLANDS,2,116264427,Client Waiting Time [min],0.03,12.77,4.83,149.8,31,12.74
2026-05-19T10:00:43.290314400Z,TaxiAlgorithmP2PCollector,0,100,6,80,1,nearest,1,4,1,false,none,none,SPATIAL_ISLANDS,2,116264427,Client Travel Time [min],19.0,858.0,354.91,28393.0,80,839.0
2026-05-19T10:00:43.290314400Z,TaxiAlgorithmP2PCollector,0,100,6,80,1,nearest,1,4,1,false,none,none,SPATIAL_ISLANDS,2,116264427,Calculation Time [millis],0.0,0.0,0.01,36.0,4655,0.0
2026-05-19T10:00:43.290314400Z,TaxiAlgorithmP2PCollector,0,100,6,80,1,nearest,1,4,1,false,none,none,SPATIAL_ISLANDS,2,116264427,Custom Time [micros],0.0,0.0,0.0,0.0,4655,0.0
2026-05-19T10:00:43.384312100Z,TaxiAlgorithmP2PCollector,0,100,6,80,1,nearest,1,4,1,false,none,none,SPATIAL_ISLANDS,3,116264428,Taxi Travel Distance [km],0.0,1.64,0.93,5.59,6,1.64
2026-05-19T10:00:43.384312100Z,TaxiAlgorithmP2PCollector,0,100,6,80,1,nearest,1,4,1,false,none,none,SPATIAL_ISLANDS,3,116264428,Client Waiting Time [min],0.08,11.38,5.82,104.83,18,11.3
2026-05-19T10:00:43.384312100Z,TaxiAlgorithmP2PCollector,0,100,6,80,1,nearest,1,4,1,false,none,none,SPATIAL_ISLANDS,3,116264428,Client Travel Time [min],19.0,975.0,426.94,34155.0,80,956.0
2026-05-19T10:00:43.384312100Z,TaxiAlgorithmP2PCollector,0,100,6,80,1,nearest,1,4,1,false,none,none,SPATIAL_ISLANDS,3,116264428,Calculation Time [millis],0.0,1.0,0.01,35.0,4538,1.0
2026-05-19T10:00:43.384312100Z,TaxiAlgorithmP2PCollector,0,100,6,80,1,nearest,1,4,1,false,none,none,SPATIAL_ISLANDS,3,116264428,Custom Time [micros],0.0,0.0,0.0,0.0,4538,0.0
2026-05-19T10:00:43.478315500Z,TaxiAlgorithmP2PCollector,0,100,6,80,1,nearest,1,4,1,false,none,none,SPATIAL_ISLANDS,4,116264429,Taxi Travel Distance [km],0.46,2.32,1.41,8.47,6,1.8599999999999999
2026-05-19T10:00:43.478315500Z,TaxiAlgorithmP2PCollector,0,100,6,80,1,nearest,1,4,1,false,none,none,SPATIAL_ISLANDS,4,116264429,Client Waiting Time [min],0.05,14.05,5.79,144.68,25,14.0
2026-05-19T10:00:43.478315500Z,TaxiAlgorithmP2PCollector,0,100,6,80,1,nearest,1,4,1,false,none,none,SPATIAL_ISLANDS,4,116264429,Client Travel Time [min],20.0,849.0,396.95,31756.0,80,829.0
2026-05-19T10:00:43.478315500Z,TaxiAlgorithmP2PCollector,0,100,6,80,1,nearest,1,4,1,false,none,none,SPATIAL_ISLANDS,4,116264429,Calculation Time [millis],0.0,0.0,0.01,36.0,4776,0.0
2026-05-19T10:00:43.478315500Z,TaxiAlgorithmP2PCollector,0,100,6,80,1,nearest,1,4,1,false,none,none,SPATIAL_ISLANDS,4,116264429,Custom Time [micros],0.0,0.0,0.0,0.0,4776,0.0
2026-05-19T10:00:43.570312600Z,TaxiAlgorithmP2PCollector,0,100,6,80,1,nearest,1,4,1,false,none,none,SPATIAL_ISLANDS,5,116264430,Taxi Travel Distance [km],0.48,2.22,1.33,7.95,6,1.7400000000000002
2026-05-19T10:00:43.570312600Z,TaxiAlgorithmP2PCollector,0,100,6,80,1,nearest,1,4,1,false,none,none,SPATIAL_ISLANDS,5,116264430,Client Waiting Time [min],0.07,12.87,3.36,73.9,22,12.799999999999999
2026-05-19T10:00:43.570312600Z,TaxiAlgorithmP2PCollector,0,100,6,80,1,nearest,1,4,1,false,none,none,SPATIAL_ISLANDS,5,116264430,Client Travel Time [min],11.0,798.0,370.98,29678.0,80,787.0
2026-05-19T10:00:43.570312600Z,TaxiAlgorithmP2PCollector,0,100,6,80,1,nearest,1,4,1,false,none,none,SPATIAL_ISLANDS,5,116264430,Calculation Time [millis],0.0,1.0,0.01,34.0,4392,1.0
2026-05-19T10:00:43.570312600Z,TaxiAlgorithmP2PCollector,0,100,6,80,1,nearest,1,4,1,false,none,none,SPATIAL_ISLANDS,5,116264430,Custom Time [micros],0.0,0.0,0.0,0.0,4392,0.0
2026-05-19T10:00:43.663312200Z,TaxiAlgorithmP2PCollector,0,100,6,80,1,nearest,1,4,1,false,none,none,SPATIAL_ISLANDS,6,116264431,Taxi Travel Distance [km],0.0,3.22,1.54,9.25,6,3.22
2026-05-19T10:00:43.663312200Z,TaxiAlgorithmP2PCollector,0,100,6,80,1,nearest,1,4,1,false,none,none,SPATIAL_ISLANDS,6,116264431,Client Waiting Time [min],0.05,10.35,3.5,77.1,22,10.299999999999999
2026-05-19T10:00:43.663312200Z,TaxiAlgorithmP2PCollector,0,100,6,80,1,nearest,1,4,1,false,none,none,SPATIAL_ISLANDS,6,116264431,Client Travel Time [min],10.0,788.0,370.34,29627.0,80,778.0
2026-05-19T10:00:43.663312200Z,TaxiAlgorithmP2PCollector,0,100,6,80,1,nearest,1,4,1,false,none,none,SPATIAL_ISLANDS,6,116264431,Calculation Time [millis],0.0,0.0,0.01,34.0,4451,0.0
2026-05-19T10:00:43.663312200Z,TaxiAlgorithmP2PCollector,0,100,6,80,1,nearest,1,4,1,false,none,none,SPATIAL_ISLANDS,6,116264431,Custom Time [micros],0.0,0.0,0.0,0.0,4451,0.0
2026-05-19T10:00:43.755317400Z,TaxiAlgorithmP2PCollector,0,100,6,80,1,nearest,1,4,1,false,none,none,SPATIAL_ISLANDS,7,116264432,Taxi Travel Distance [km],0.22,1.99,0.84,5.01,6,1.77
2026-05-19T10:00:43.755317400Z,TaxiAlgorithmP2PCollector,0,100,6,80,1,nearest,1,4,1,false,none,none,SPATIAL_ISLANDS,7,116264432,Client Waiting Time [min],0.05,9.32,4.38,56.98,13,9.27
2026-05-19T10:00:43.755317400Z,TaxiAlgorithmP2PCollector,0,100,6,80,1,nearest,1,4,1,false,none,none,SPATIAL_ISLANDS,7,116264432,Client Travel Time [min],33.0,814.0,405.6,32448.0,80,781.0
2026-05-19T10:00:43.755317400Z,TaxiAlgorithmP2PCollector,0,100,6,80,1,nearest,1,4,1,false,none,none,SPATIAL_ISLANDS,7,116264432,Calculation Time [millis],0.0,0.0,0.01,40.0,4651,0.0
2026-05-19T10:00:43.755317400Z,TaxiAlgorithmP2PCollector,0,100,6,80,1,nearest,1,4,1,false,none,none,SPATIAL_ISLANDS,7,116264432,Custom Time [micros],0.0,0.0,0.0,0.0,4651,0.0
2026-05-19T10:00:43.863313500Z,TaxiAlgorithmP2PCollector,0,100,6,80,1,nearest,1,4,1,false,none,none,SPATIAL_ISLANDS,8,116264433,Taxi Travel Distance [km],0.39,1.77,0.96,5.79,6,1.38
2026-05-19T10:00:43.863313500Z,TaxiAlgorithmP2PCollector,0,100,6,80,1,nearest,1,4,1,false,none,none,SPATIAL_ISLANDS,8,116264433,Client Waiting Time [min],0.08,12.53,6.16,117.1,19,12.45
2026-05-19T10:00:43.863313500Z,TaxiAlgorithmP2PCollector,0,100,6,80,1,nearest,1,4,1,false,none,none,SPATIAL_ISLANDS,8,116264433,Client Travel Time [min],12.0,836.0,448.13,35850.0,80,824.0
2026-05-19T10:00:43.863313500Z,TaxiAlgorithmP2PCollector,0,100,6,80,1,nearest,1,4,1,false,none,none,SPATIAL_ISLANDS,8,116264433,Calculation Time [millis],0.0,1.0,0.01,43.0,4633,1.0
2026-05-19T10:00:43.863313500Z,TaxiAlgorithmP2PCollector,0,100,6,80,1,nearest,1,4,1,false,none,none,SPATIAL_ISLANDS,8,116264433,Custom Time [micros],0.0,0.0,0.0,0.0,4633,0.0
2026-05-19T10:00:43.970312400Z,TaxiAlgorithmP2PCollector,0,100,6,80,1,nearest,1,4,1,false,none,none,SPATIAL_ISLANDS,9,116264434,Taxi Travel Distance [km],0.51,3.11,1.87,11.21,6,2.5999999999999996
2026-05-19T10:00:43.970312400Z,TaxiAlgorithmP2PCollector,0,100,6,80,1,nearest,1,4,1,false,none,none,SPATIAL_ISLANDS,9,116264434,Client Waiting Time [min],0.07,14.68,5.22,151.23,29,14.61
2026-05-19T10:00:43.970312400Z,TaxiAlgorithmP2PCollector,0,100,6,80,1,nearest,1,4,1,false,none,none,SPATIAL_ISLANDS,9,116264434,Client Travel Time [min],18.0,887.0,365.35,29228.0,80,869.0
2026-05-19T10:00:43.970312400Z,TaxiAlgorithmP2PCollector,0,100,6,80,1,nearest,1,4,1,false,none,none,SPATIAL_ISLANDS,9,116264434,Calculation Time [millis],0.0,0.0,0.01,37.0,4581,0.0
2026-05-19T10:00:43.970312400Z,TaxiAlgorithmP2PCollector,0,100,6,80,1,nearest,1,4,1,false,none,none,SPATIAL_ISLANDS,9,116264434,Custom Time [micros],0.0,0.0,0.0,0.0,4581,0.0
2026-05-19T10:00:44.063311400Z,TaxiAlgorithmP2PCollector,0,100,6,80,1,nearest,1,4,1,false,none,none,SPATIAL_ISLANDS,10,116264435,Taxi Travel Distance [km],0.29,2.6,1.5,9.03,6,2.31
2026-05-19T10:00:44.063311400Z,TaxiAlgorithmP2PCollector,0,100,6,80,1,nearest,1,4,1,false,none,none,SPATIAL_ISLANDS,10,116264435,Client Waiting Time [min],0.05,11.88,4.29,102.97,24,11.83
2026-05-19T10:00:44.063311400Z,TaxiAlgorithmP2PCollector,0,100,6,80,1,nearest,1,4,1,false,none,none,SPATIAL_ISLANDS,10,116264435,Client Travel Time [min],17.0,811.0,370.05,29604.0,80,794.0
2026-05-19T10:00:44.063311400Z,TaxiAlgorithmP2PCollector,0,100,6,80,1,nearest,1,4,1,false,none,none,SPATIAL_ISLANDS,10,116264435,Calculation Time [millis],0.0,0.0,0.01,34.0,4523,0.0
2026-05-19T10:00:44.063311400Z,TaxiAlgorithmP2PCollector,0,100,6,80,1,nearest,1,4,1,false,none,none,SPATIAL_ISLANDS,10,116264435,Custom Time [micros],0.0,0.0,0.0,0.0,4523,0.0
2026-05-19T10:00:44.217312800Z,TaxiAlgorithmP2PCollector,0,100,6,80,1,nearest,1,4,1,true,page-rank,page-rank,BASELINE,1,116264426,Taxi Travel Distance [km],43.34,53.86,49.34,296.01,6,10.519999999999996
2026-05-19T10:00:44.217312800Z,TaxiAlgorithmP2PCollector,0,100,6,80,1,nearest,1,4,1,true,page-rank,page-rank,BASELINE,1,116264426,Client Waiting Time [min],0.05,4.38,1.33,97.42,73,4.33
2026-05-19T10:00:44.217312800Z,TaxiAlgorithmP2PCollector,0,100,6,80,1,nearest,1,4,1,true,page-rank,page-rank,BASELINE,1,116264426,Client Travel Time [min],12.0,275.0,100.26,8021.0,80,263.0
2026-05-19T10:00:44.217312800Z,TaxiAlgorithmP2PCollector,0,100,6,80,1,nearest,1,4,1,true,page-rank,page-rank,BASELINE,1,116264426,Calculation Time [millis],0.0,1.0,0.02,99.0,4058,1.0
2026-05-19T10:00:44.217312800Z,TaxiAlgorithmP2PCollector,0,100,6,80,1,nearest,1,4,1,true,page-rank,page-rank,BASELINE,1,116264426,Custom Time [micros],0.0,0.0,0.0,0.0,4058,0.0
2026-05-19T10:00:44.372312300Z,TaxiAlgorithmP2PCollector,0,100,6,80,1,nearest,1,4,1,true,page-rank,page-rank,BASELINE,2,116264427,Taxi Travel Distance [km],43.25,48.99,45.84,275.05,6,5.740000000000002
2026-05-19T10:00:44.372312300Z,TaxiAlgorithmP2PCollector,0,100,6,80,1,nearest,1,4,1,true,page-rank,page-rank,BASELINE,2,116264427,Client Waiting Time [min],0.05,5.23,1.19,90.63,76,5.180000000000001
2026-05-19T10:00:44.372312300Z,TaxiAlgorithmP2PCollector,0,100,6,80,1,nearest,1,4,1,true,page-rank,page-rank,BASELINE,2,116264427,Client Travel Time [min],14.0,329.0,92.05,7364.0,80,315.0
2026-05-19T10:00:44.372312300Z,TaxiAlgorithmP2PCollector,0,100,6,80,1,nearest,1,4,1,true,page-rank,page-rank,BASELINE,2,116264427,Calculation Time [millis],0.0,0.0,0.02,93.0,4113,0.0
2026-05-19T10:00:44.372312300Z,TaxiAlgorithmP2PCollector,0,100,6,80,1,nearest,1,4,1,true,page-rank,page-rank,BASELINE,2,116264427,Custom Time [micros],0.0,0.0,0.0,0.0,4113,0.0
2026-05-19T10:00:44.527314Z,TaxiAlgorithmP2PCollector,0,100,6,80,1,nearest,1,4,1,true,page-rank,page-rank,BASELINE,3,116264428,Taxi Travel Distance [km],42.85,48.2,46.39,278.35,6,5.350000000000001
2026-05-19T10:00:44.527314Z,TaxiAlgorithmP2PCollector,0,100,6,80,1,nearest,1,4,1,true,page-rank,page-rank,BASELINE,3,116264428,Client Waiting Time [min],0.05,4.52,1.2,93.77,78,4.47
2026-05-19T10:00:44.527314Z,TaxiAlgorithmP2PCollector,0,100,6,80,1,nearest,1,4,1,true,page-rank,page-rank,BASELINE,3,116264428,Client Travel Time [min],17.0,288.0,93.88,7510.0,80,271.0
2026-05-19T10:00:44.527314Z,TaxiAlgorithmP2PCollector,0,100,6,80,1,nearest,1,4,1,true,page-rank,page-rank,BASELINE,3,116264428,Calculation Time [millis],0.0,1.0,0.02,93.0,3968,1.0
2026-05-19T10:00:44.527314Z,TaxiAlgorithmP2PCollector,0,100,6,80,1,nearest,1,4,1,true,page-rank,page-rank,BASELINE,3,116264428,Custom Time [micros],0.0,0.0,0.0,0.0,3968,0.0
2026-05-19T10:00:44.684312100Z,TaxiAlgorithmP2PCollector,0,100,6,80,1,nearest,1,4,1,true,page-rank,page-rank,BASELINE,4,116264429,Taxi Travel Distance [km],39.78,48.31,44.38,266.26,6,8.530000000000001
2026-05-19T10:00:44.684312100Z,TaxiAlgorithmP2PCollector,0,100,6,80,1,nearest,1,4,1,true,page-rank,page-rank,BASELINE,4,116264429,Client Waiting Time [min],0.05,5.17,1.19,87.75,74,5.12
2026-05-19T10:00:44.684312100Z,TaxiAlgorithmP2PCollector,0,100,6,80,1,nearest,1,4,1,true,page-rank,page-rank,BASELINE,4,116264429,Client Travel Time [min],11.0,387.0,96.59,7727.0,80,376.0
2026-05-19T10:00:44.684312100Z,TaxiAlgorithmP2PCollector,0,100,6,80,1,nearest,1,4,1,true,page-rank,page-rank,BASELINE,4,116264429,Calculation Time [millis],0.0,1.0,0.02,96.0,4149,1.0
2026-05-19T10:00:44.684312100Z,TaxiAlgorithmP2PCollector,0,100,6,80,1,nearest,1,4,1,true,page-rank,page-rank,BASELINE,4,116264429,Custom Time [micros],0.0,0.0,0.0,0.0,4149,0.0
2026-05-19T10:00:44.867314600Z,TaxiAlgorithmP2PCollector,0,100,6,80,1,nearest,1,4,1,true,page-rank,page-rank,BASELINE,5,116264430,Taxi Travel Distance [km],45.35,49.71,47.09,282.55,6,4.359999999999999
2026-05-19T10:00:44.867314600Z,TaxiAlgorithmP2PCollector,0,100,6,80,1,nearest,1,4,1,true,page-rank,page-rank,BASELINE,5,116264430,Client Waiting Time [min],0.05,4.15,1.33,103.45,78,4.1000000000000005
2026-05-19T10:00:44.867314600Z,TaxiAlgorithmP2PCollector,0,100,6,80,1,nearest,1,4,1,true,page-rank,page-rank,BASELINE,5,116264430,Client Travel Time [min],9.0,272.0,101.05,8084.0,80,263.0
2026-05-19T10:00:44.867314600Z,TaxiAlgorithmP2PCollector,0,100,6,80,1,nearest,1,4,1,true,page-rank,page-rank,BASELINE,5,116264430,Calculation Time [millis],0.0,0.0,0.03,109.0,4035,0.0
2026-05-19T10:00:44.867314600Z,TaxiAlgorithmP2PCollector,0,100,6,80,1,nearest,1,4,1,true,page-rank,page-rank,BASELINE,5,116264430,Custom Time [micros],0.0,0.0,0.0,0.0,4035,0.0
2026-05-19T10:00:45.020312300Z,TaxiAlgorithmP2PCollector,0,100,6,80,1,nearest,1,4,1,true,page-rank,page-rank,BASELINE,6,116264431,Taxi Travel Distance [km],45.93,50.81,48.22,289.31,6,4.880000000000003
2026-05-19T10:00:45.020312300Z,TaxiAlgorithmP2PCollector,0,100,6,80,1,nearest,1,4,1,true,page-rank,page-rank,BASELINE,6,116264431,Client Waiting Time [min],0.05,5.6,1.08,83.38,77,5.55
2026-05-19T10:00:45.020312300Z,TaxiAlgorithmP2PCollector,0,100,6,80,1,nearest,1,4,1,true,page-rank,page-rank,BASELINE,6,116264431,Client Travel Time [min],14.0,355.0,84.0,6720.0,80,341.0
2026-05-19T10:00:45.020312300Z,TaxiAlgorithmP2PCollector,0,100,6,80,1,nearest,1,4,1,true,page-rank,page-rank,BASELINE,6,116264431,Calculation Time [millis],0.0,1.0,0.02,95.0,4081,1.0
2026-05-19T10:00:45.020312300Z,TaxiAlgorithmP2PCollector,0,100,6,80,1,nearest,1,4,1,true,page-rank,page-rank,BASELINE,6,116264431,Custom Time [micros],0.0,0.0,0.0,0.0,4081,0.0
2026-05-19T10:00:45.175376900Z,TaxiAlgorithmP2PCollector,0,100,6,80,1,nearest,1,4,1,true,page-rank,page-rank,BASELINE,7,116264432,Taxi Travel Distance [km],37.26,46.99,42.62,255.72,6,9.730000000000004
2026-05-19T10:00:45.175376900Z,TaxiAlgorithmP2PCollector,0,100,6,80,1,nearest,1,4,1,true,page-rank,page-rank,BASELINE,7,116264432,Client Waiting Time [min],0.05,4.42,1.15,90.9,79,4.37
2026-05-19T10:00:45.175376900Z,TaxiAlgorithmP2PCollector,0,100,6,80,1,nearest,1,4,1,true,page-rank,page-rank,BASELINE,7,116264432,Client Travel Time [min],8.0,279.0,89.49,7159.0,80,271.0
2026-05-19T10:00:45.175376900Z,TaxiAlgorithmP2PCollector,0,100,6,80,1,nearest,1,4,1,true,page-rank,page-rank,BASELINE,7,116264432,Calculation Time [millis],0.0,1.0,0.02,84.0,4072,1.0
2026-05-19T10:00:45.175376900Z,TaxiAlgorithmP2PCollector,0,100,6,80,1,nearest,1,4,1,true,page-rank,page-rank,BASELINE,7,116264432,Custom Time [micros],0.0,0.0,0.0,0.0,4072,0.0
2026-05-19T10:00:45.331378200Z,TaxiAlgorithmP2PCollector,0,100,6,80,1,nearest,1,4,1,true,page-rank,page-rank,BASELINE,8,116264433,Taxi Travel Distance [km],43.1,48.98,46.61,279.68,6,5.8799999999999955
2026-05-19T10:00:45.331378200Z,TaxiAlgorithmP2PCollector,0,100,6,80,1,nearest,1,4,1,true,page-rank,page-rank,BASELINE,8,116264433,Client Waiting Time [min],0.03,5.53,1.15,88.78,77,5.5
2026-05-19T10:00:45.331378200Z,TaxiAlgorithmP2PCollector,0,100,6,80,1,nearest,1,4,1,true,page-rank,page-rank,BASELINE,8,116264433,Client Travel Time [min],16.0,353.0,94.6,7568.0,80,337.0
2026-05-19T10:00:45.331378200Z,TaxiAlgorithmP2PCollector,0,100,6,80,1,nearest,1,4,1,true,page-rank,page-rank,BASELINE,8,116264433,Calculation Time [millis],0.0,1.0,0.02,94.0,4054,1.0
2026-05-19T10:00:45.331378200Z,TaxiAlgorithmP2PCollector,0,100,6,80,1,nearest,1,4,1,true,page-rank,page-rank,BASELINE,8,116264433,Custom Time [micros],0.0,0.0,0.0,0.0,4054,0.0
2026-05-19T10:00:45.487379100Z,TaxiAlgorithmP2PCollector,0,100,6,80,1,nearest,1,4,1,true,page-rank,page-rank,BASELINE,9,116264434,Taxi Travel Distance [km],41.57,48.18,43.93,263.59,6,6.609999999999999
2026-05-19T10:00:45.487379100Z,TaxiAlgorithmP2PCollector,0,100,6,80,1,nearest,1,4,1,true,page-rank,page-rank,BASELINE,9,116264434,Client Waiting Time [min],0.03,5.67,1.22,94.82,78,5.64
2026-05-19T10:00:45.487379100Z,TaxiAlgorithmP2PCollector,0,100,6,80,1,nearest,1,4,1,true,page-rank,page-rank,BASELINE,9,116264434,Client Travel Time [min],14.0,355.0,93.46,7477.0,80,341.0
2026-05-19T10:00:45.487379100Z,TaxiAlgorithmP2PCollector,0,100,6,80,1,nearest,1,4,1,true,page-rank,page-rank,BASELINE,9,116264434,Calculation Time [millis],0.0,0.0,0.02,96.0,4038,0.0
2026-05-19T10:00:45.487379100Z,TaxiAlgorithmP2PCollector,0,100,6,80,1,nearest,1,4,1,true,page-rank,page-rank,BASELINE,9,116264434,Custom Time [micros],0.0,0.0,0.0,0.0,4038,0.0
2026-05-19T10:00:45.690378800Z,TaxiAlgorithmP2PCollector,0,100,6,80,1,nearest,1,4,1,true,page-rank,page-rank,BASELINE,10,116264435,Taxi Travel Distance [km],43.63,49.26,46.9,281.39,6,5.6299999999999955
2026-05-19T10:00:45.690378800Z,TaxiAlgorithmP2PCollector,0,100,6,80,1,nearest,1,4,1,true,page-rank,page-rank,BASELINE,10,116264435,Client Waiting Time [min],0.05,5.37,1.32,101.92,77,5.32
2026-05-19T10:00:45.690378800Z,TaxiAlgorithmP2PCollector,0,100,6,80,1,nearest,1,4,1,true,page-rank,page-rank,BASELINE,10,116264435,Client Travel Time [min],16.0,331.0,101.46,8117.0,80,315.0
2026-05-19T10:00:45.690378800Z,TaxiAlgorithmP2PCollector,0,100,6,80,1,nearest,1,4,1,true,page-rank,page-rank,BASELINE,10,116264435,Calculation Time [millis],0.0,1.0,0.03,128.0,4087,1.0
2026-05-19T10:00:45.690378800Z,TaxiAlgorithmP2PCollector,0,100,6,80,1,nearest,1,4,1,true,page-rank,page-rank,BASELINE,10,116264435,Custom Time [micros],0.0,0.0,0.0,0.0,4087,0.0
2026-05-19T10:00:45.843381200Z,TaxiAlgorithmP2PCollector,0,100,6,80,1,nearest,1,4,1,true,page-rank,page-rank,RUSH_HOUR,1,116264426,Taxi Travel Distance [km],0.21,11.2,4.64,27.85,6,10.989999999999998
2026-05-19T10:00:45.843381200Z,TaxiAlgorithmP2PCollector,0,100,6,80,1,nearest,1,4,1,true,page-rank,page-rank,RUSH_HOUR,1,116264426,Client Waiting Time [min],0.08,11.23,3.32,132.7,40,11.15
2026-05-19T10:00:45.843381200Z,TaxiAlgorithmP2PCollector,0,100,6,80,1,nearest,1,4,1,true,page-rank,page-rank,RUSH_HOUR,1,116264426,Client Travel Time [min],18.0,792.0,292.01,23361.0,80,774.0
2026-05-19T10:00:45.843381200Z,TaxiAlgorithmP2PCollector,0,100,6,80,1,nearest,1,4,1,true,page-rank,page-rank,RUSH_HOUR,1,116264426,Calculation Time [millis],0.0,1.0,0.01,60.0,4232,1.0
2026-05-19T10:00:45.843381200Z,TaxiAlgorithmP2PCollector,0,100,6,80,1,nearest,1,4,1,true,page-rank,page-rank,RUSH_HOUR,1,116264426,Custom Time [micros],0.0,0.0,0.0,0.0,4232,0.0
2026-05-19T10:00:45.996375400Z,TaxiAlgorithmP2PCollector,0,100,6,80,1,nearest,1,4,1,true,page-rank,page-rank,RUSH_HOUR,2,116264427,Taxi Travel Distance [km],0.39,9.56,5.0,29.98,6,9.17
2026-05-19T10:00:45.996375400Z,TaxiAlgorithmP2PCollector,0,100,6,80,1,nearest,1,4,1,true,page-rank,page-rank,RUSH_HOUR,2,116264427,Client Waiting Time [min],0.05,8.42,2.71,116.62,43,8.37
2026-05-19T10:00:45.996375400Z,TaxiAlgorithmP2PCollector,0,100,6,80,1,nearest,1,4,1,true,page-rank,page-rank,RUSH_HOUR,2,116264427,Client Travel Time [min],16.0,961.0,260.19,20815.0,80,945.0
2026-05-19T10:00:45.996375400Z,TaxiAlgorithmP2PCollector,0,100,6,80,1,nearest,1,4,1,true,page-rank,page-rank,RUSH_HOUR,2,116264427,Calculation Time [millis],0.0,0.0,0.01,59.0,4010,0.0
2026-05-19T10:00:45.996375400Z,TaxiAlgorithmP2PCollector,0,100,6,80,1,nearest,1,4,1,true,page-rank,page-rank,RUSH_HOUR,2,116264427,Custom Time [micros],0.0,0.0,0.0,0.0,4010,0.0
2026-05-19T10:00:46.136378500Z,TaxiAlgorithmP2PCollector,0,100,6,80,1,nearest,1,4,1,true,page-rank,page-rank,RUSH_HOUR,3,116264428,Taxi Travel Distance [km],0.28,9.44,3.89,23.36,6,9.16
2026-05-19T10:00:46.136378500Z,TaxiAlgorithmP2PCollector,0,100,6,80,1,nearest,1,4,1,true,page-rank,page-rank,RUSH_HOUR,3,116264428,Client Waiting Time [min],0.42,14.5,5.16,190.87,37,14.08
2026-05-19T10:00:46.136378500Z,TaxiAlgorithmP2PCollector,0,100,6,80,1,nearest,1,4,1,true,page-rank,page-rank,RUSH_HOUR,3,116264428,Client Travel Time [min],39.0,951.0,379.31,30345.0,80,912.0
2026-05-19T10:00:46.136378500Z,TaxiAlgorithmP2PCollector,0,100,6,80,1,nearest,1,4,1,true,page-rank,page-rank,RUSH_HOUR,3,116264428,Calculation Time [millis],0.0,0.0,0.01,53.0,4242,0.0
2026-05-19T10:00:46.136378500Z,TaxiAlgorithmP2PCollector,0,100,6,80,1,nearest,1,4,1,true,page-rank,page-rank,RUSH_HOUR,3,116264428,Custom Time [micros],0.0,0.0,0.0,0.0,4242,0.0
2026-05-19T10:00:46.277376800Z,TaxiAlgorithmP2PCollector,0,100,6,80,1,nearest,1,4,1,true,page-rank,page-rank,RUSH_HOUR,4,116264429,Taxi Travel Distance [km],0.8,11.32,4.8,28.83,6,10.52
2026-05-19T10:00:46.277376800Z,TaxiAlgorithmP2PCollector,0,100,6,80,1,nearest,1,4,1,true,page-rank,page-rank,RUSH_HOUR,4,116264429,Client Waiting Time [min],0.07,10.35,3.47,142.33,41,10.28
2026-05-19T10:00:46.277376800Z,TaxiAlgorithmP2PCollector,0,100,6,80,1,nearest,1,4,1,true,page-rank,page-rank,RUSH_HOUR,4,116264429,Client Travel Time [min],24.0,825.0,295.23,23618.0,80,801.0
2026-05-19T10:00:46.277376800Z,TaxiAlgorithmP2PCollector,0,100,6,80,1,nearest,1,4,1,true,page-rank,page-rank,RUSH_HOUR,4,116264429,Calculation Time [millis],0.0,1.0,0.01,52.0,4138,1.0
2026-05-19T10:00:46.277376800Z,TaxiAlgorithmP2PCollector,0,100,6,80,1,nearest,1,4,1,true,page-rank,page-rank,RUSH_HOUR,4,116264429,Custom Time [micros],0.0,0.0,0.0,0.0,4138,0.0
2026-05-19T10:00:46.416375300Z,TaxiAlgorithmP2PCollector,0,100,6,80,1,nearest,1,4,1,true,page-rank,page-rank,RUSH_HOUR,5,116264430,Taxi Travel Distance [km],1.48,9.25,4.97,29.8,6,7.77
2026-05-19T10:00:46.416375300Z,TaxiAlgorithmP2PCollector,0,100,6,80,1,nearest,1,4,1,true,page-rank,page-rank,RUSH_HOUR,5,116264430,Client Waiting Time [min],0.03,10.83,3.66,183.17,50,10.8
2026-05-19T10:00:46.416375300Z,TaxiAlgorithmP2PCollector,0,100,6,80,1,nearest,1,4,1,true,page-rank,page-rank,RUSH_HOUR,5,116264430,Client Travel Time [min],11.0,905.0,309.94,24795.0,80,894.0
2026-05-19T10:00:46.416375300Z,TaxiAlgorithmP2PCollector,0,100,6,80,1,nearest,1,4,1,true,page-rank,page-rank,RUSH_HOUR,5,116264430,Calculation Time [millis],0.0,0.0,0.01,58.0,4360,0.0
2026-05-19T10:00:46.416375300Z,TaxiAlgorithmP2PCollector,0,100,6,80,1,nearest,1,4,1,true,page-rank,page-rank,RUSH_HOUR,5,116264430,Custom Time [micros],0.0,0.0,0.0,0.0,4360,0.0
2026-05-19T10:00:46.526381300Z,TaxiAlgorithmP2PCollector,0,100,6,80,1,nearest,1,4,1,true,page-rank,page-rank,RUSH_HOUR,6,116264431,Taxi Travel Distance [km],0.29,8.98,3.77,22.65,6,8.690000000000001
2026-05-19T10:00:46.526381300Z,TaxiAlgorithmP2PCollector,0,100,6,80,1,nearest,1,4,1,true,page-rank,page-rank,RUSH_HOUR,6,116264431,Client Waiting Time [min],0.07,11.47,3.92,145.02,37,11.4
2026-05-19T10:00:46.526381300Z,TaxiAlgorithmP2PCollector,0,100,6,80,1,nearest,1,4,1,true,page-rank,page-rank,RUSH_HOUR,6,116264431,Client Travel Time [min],17.0,829.0,329.44,26355.0,80,812.0
2026-05-19T10:00:46.526381300Z,TaxiAlgorithmP2PCollector,0,100,6,80,1,nearest,1,4,1,true,page-rank,page-rank,RUSH_HOUR,6,116264431,Calculation Time [millis],0.0,0.0,0.01,37.0,4043,0.0
2026-05-19T10:00:46.526381300Z,TaxiAlgorithmP2PCollector,0,100,6,80,1,nearest,1,4,1,true,page-rank,page-rank,RUSH_HOUR,6,116264431,Custom Time [micros],0.0,0.0,0.0,0.0,4043,0.0
2026-05-19T10:00:46.634377400Z,TaxiAlgorithmP2PCollector,0,100,6,80,1,nearest,1,4,1,true,page-rank,page-rank,RUSH_HOUR,7,116264432,Taxi Travel Distance [km],0.48,10.62,4.33,26.0,6,10.139999999999999
2026-05-19T10:00:46.634377400Z,TaxiAlgorithmP2PCollector,0,100,6,80,1,nearest,1,4,1,true,page-rank,page-rank,RUSH_HOUR,7,116264432,Client Waiting Time [min],0.05,10.8,4.13,152.68,37,10.75
2026-05-19T10:00:46.634377400Z,TaxiAlgorithmP2PCollector,0,100,6,80,1,nearest,1,4,1,true,page-rank,page-rank,RUSH_HOUR,7,116264432,Client Travel Time [min],25.0,813.0,316.18,25294.0,80,788.0
2026-05-19T10:00:46.634377400Z,TaxiAlgorithmP2PCollector,0,100,6,80,1,nearest,1,4,1,true,page-rank,page-rank,RUSH_HOUR,7,116264432,Calculation Time [millis],0.0,0.0,0.01,45.0,3967,0.0
2026-05-19T10:00:46.634377400Z,TaxiAlgorithmP2PCollector,0,100,6,80,1,nearest,1,4,1,true,page-rank,page-rank,RUSH_HOUR,7,116264432,Custom Time [micros],0.0,0.0,0.0,0.0,3967,0.0
2026-05-19T10:00:46.774379Z,TaxiAlgorithmP2PCollector,0,100,6,80,1,nearest,1,4,1,true,page-rank,page-rank,RUSH_HOUR,8,116264433,Taxi Travel Distance [km],1.52,10.31,4.83,28.98,6,8.790000000000001
2026-05-19T10:00:46.774379Z,TaxiAlgorithmP2PCollector,0,100,6,80,1,nearest,1,4,1,true,page-rank,page-rank,RUSH_HOUR,8,116264433,Client Waiting Time [min],0.07,9.63,3.75,146.35,39,9.56
2026-05-19T10:00:46.774379Z,TaxiAlgorithmP2PCollector,0,100,6,80,1,nearest,1,4,1,true,page-rank,page-rank,RUSH_HOUR,8,116264433,Client Travel Time [min],8.0,917.0,343.01,27441.0,80,909.0
2026-05-19T10:00:46.774379Z,TaxiAlgorithmP2PCollector,0,100,6,80,1,nearest,1,4,1,true,page-rank,page-rank,RUSH_HOUR,8,116264433,Calculation Time [millis],0.0,0.0,0.01,51.0,4478,0.0
2026-05-19T10:00:46.774379Z,TaxiAlgorithmP2PCollector,0,100,6,80,1,nearest,1,4,1,true,page-rank,page-rank,RUSH_HOUR,8,116264433,Custom Time [micros],0.0,0.0,0.0,0.0,4478,0.0
2026-05-19T10:00:46.882379600Z,TaxiAlgorithmP2PCollector,0,100,6,80,1,nearest,1,4,1,true,page-rank,page-rank,RUSH_HOUR,9,116264434,Taxi Travel Distance [km],0.48,9.77,2.56,15.33,6,9.29
2026-05-19T10:00:46.882379600Z,TaxiAlgorithmP2PCollector,0,100,6,80,1,nearest,1,4,1,true,page-rank,page-rank,RUSH_HOUR,9,116264434,Client Waiting Time [min],0.08,12.82,3.99,95.65,24,12.74
2026-05-19T10:00:46.882379600Z,TaxiAlgorithmP2PCollector,0,100,6,80,1,nearest,1,4,1,true,page-rank,page-rank,RUSH_HOUR,9,116264434,Client Travel Time [min],20.0,869.0,347.54,27803.0,80,849.0
2026-05-19T10:00:46.882379600Z,TaxiAlgorithmP2PCollector,0,100,6,80,1,nearest,1,4,1,true,page-rank,page-rank,RUSH_HOUR,9,116264434,Calculation Time [millis],0.0,1.0,0.01,44.0,4716,1.0
2026-05-19T10:00:46.882379600Z,TaxiAlgorithmP2PCollector,0,100,6,80,1,nearest,1,4,1,true,page-rank,page-rank,RUSH_HOUR,9,116264434,Custom Time [micros],0.0,0.0,0.0,0.0,4716,0.0
2026-05-19T10:00:46.992378900Z,TaxiAlgorithmP2PCollector,0,100,6,80,1,nearest,1,4,1,true,page-rank,page-rank,RUSH_HOUR,10,116264435,Taxi Travel Distance [km],1.72,7.81,4.34,26.01,6,6.09
2026-05-19T10:00:46.992378900Z,TaxiAlgorithmP2PCollector,0,100,6,80,1,nearest,1,4,1,true,page-rank,page-rank,RUSH_HOUR,10,116264435,Client Waiting Time [min],0.05,9.37,3.16,142.05,45,9.319999999999999
2026-05-19T10:00:46.992378900Z,TaxiAlgorithmP2PCollector,0,100,6,80,1,nearest,1,4,1,true,page-rank,page-rank,RUSH_HOUR,10,116264435,Client Travel Time [min],6.0,823.0,264.48,21158.0,80,817.0
2026-05-19T10:00:46.992378900Z,TaxiAlgorithmP2PCollector,0,100,6,80,1,nearest,1,4,1,true,page-rank,page-rank,RUSH_HOUR,10,116264435,Calculation Time [millis],0.0,0.0,0.01,44.0,3952,0.0
2026-05-19T10:00:46.992378900Z,TaxiAlgorithmP2PCollector,0,100,6,80,1,nearest,1,4,1,true,page-rank,page-rank,RUSH_HOUR,10,116264435,Custom Time [micros],0.0,0.0,0.0,0.0,3952,0.0
2026-05-19T10:00:47.100376900Z,TaxiAlgorithmP2PCollector,0,100,6,80,1,nearest,1,4,1,true,page-rank,page-rank,SPATIAL_IMBALANCE,1,116264426,Taxi Travel Distance [km],0.29,15.23,6.73,40.36,6,14.940000000000001
2026-05-19T10:00:47.100376900Z,TaxiAlgorithmP2PCollector,0,100,6,80,1,nearest,1,4,1,true,page-rank,page-rank,SPATIAL_IMBALANCE,1,116264426,Client Waiting Time [min],0.05,8.85,1.49,86.6,58,8.799999999999999
2026-05-19T10:00:47.100376900Z,TaxiAlgorithmP2PCollector,0,100,6,80,1,nearest,1,4,1,true,page-rank,page-rank,SPATIAL_IMBALANCE,1,116264426,Client Travel Time [min],6.0,800.0,180.79,14463.0,80,794.0
2026-05-19T10:00:47.100376900Z,TaxiAlgorithmP2PCollector,0,100,6,80,1,nearest,1,4,1,true,page-rank,page-rank,SPATIAL_IMBALANCE,1,116264426,Calculation Time [millis],0.0,0.0,0.01,45.0,3991,0.0
2026-05-19T10:00:47.100376900Z,TaxiAlgorithmP2PCollector,0,100,6,80,1,nearest,1,4,1,true,page-rank,page-rank,SPATIAL_IMBALANCE,1,116264426,Custom Time [micros],0.0,0.0,0.0,0.0,3991,0.0
2026-05-19T10:00:47.224379500Z,TaxiAlgorithmP2PCollector,0,100,6,80,1,nearest,1,4,1,true,page-rank,page-rank,SPATIAL_IMBALANCE,2,116264427,Taxi Travel Distance [km],1.3,11.04,5.18,31.07,6,9.739999999999998
2026-05-19T10:00:47.224379500Z,TaxiAlgorithmP2PCollector,0,100,6,80,1,nearest,1,4,1,true,page-rank,page-rank,SPATIAL_IMBALANCE,2,116264427,Client Waiting Time [min],0.03,11.48,1.71,76.75,45,11.450000000000001
2026-05-19T10:00:47.224379500Z,TaxiAlgorithmP2PCollector,0,100,6,80,1,nearest,1,4,1,true,page-rank,page-rank,SPATIAL_IMBALANCE,2,116264427,Client Travel Time [min],8.0,703.0,201.43,16114.0,80,695.0
2026-05-19T10:00:47.224379500Z,TaxiAlgorithmP2PCollector,0,100,6,80,1,nearest,1,4,1,true,page-rank,page-rank,SPATIAL_IMBALANCE,2,116264427,Calculation Time [millis],0.0,0.0,0.01,48.0,4025,0.0
2026-05-19T10:00:47.224379500Z,TaxiAlgorithmP2PCollector,0,100,6,80,1,nearest,1,4,1,true,page-rank,page-rank,SPATIAL_IMBALANCE,2,116264427,Custom Time [micros],0.0,0.0,0.0,0.0,4025,0.0
2026-05-19T10:00:47.348378300Z,TaxiAlgorithmP2PCollector,0,100,6,80,1,nearest,1,4,1,true,page-rank,page-rank,SPATIAL_IMBALANCE,3,116264428,Taxi Travel Distance [km],0.93,12.39,7.56,45.36,6,11.46
2026-05-19T10:00:47.348378300Z,TaxiAlgorithmP2PCollector,0,100,6,80,1,nearest,1,4,1,true,page-rank,page-rank,SPATIAL_IMBALANCE,3,116264428,Client Waiting Time [min],0.03,8.08,1.54,86.25,56,8.05
2026-05-19T10:00:47.348378300Z,TaxiAlgorithmP2PCollector,0,100,6,80,1,nearest,1,4,1,true,page-rank,page-rank,SPATIAL_IMBALANCE,3,116264428,Client Travel Time [min],10.0,975.0,214.35,17148.0,80,965.0
2026-05-19T10:00:47.348378300Z,TaxiAlgorithmP2PCollector,0,100,6,80,1,nearest,1,4,1,true,page-rank,page-rank,SPATIAL_IMBALANCE,3,116264428,Calculation Time [millis],0.0,0.0,0.01,45.0,4054,0.0
2026-05-19T10:00:47.348378300Z,TaxiAlgorithmP2PCollector,0,100,6,80,1,nearest,1,4,1,true,page-rank,page-rank,SPATIAL_IMBALANCE,3,116264428,Custom Time [micros],0.0,0.0,0.0,0.0,4054,0.0
2026-05-19T10:00:47.488377600Z,TaxiAlgorithmP2PCollector,0,100,6,80,1,nearest,1,4,1,true,page-rank,page-rank,SPATIAL_IMBALANCE,4,116264429,Taxi Travel Distance [km],1.4,12.53,6.49,38.92,6,11.129999999999999
2026-05-19T10:00:47.488377600Z,TaxiAlgorithmP2PCollector,0,100,6,80,1,nearest,1,4,1,true,page-rank,page-rank,SPATIAL_IMBALANCE,4,116264429,Client Waiting Time [min],0.03,12.3,1.42,76.78,54,12.270000000000001
2026-05-19T10:00:47.488377600Z,TaxiAlgorithmP2PCollector,0,100,6,80,1,nearest,1,4,1,true,page-rank,page-rank,SPATIAL_IMBALANCE,4,116264429,Client Travel Time [min],10.0,768.0,191.49,15319.0,80,758.0
2026-05-19T10:00:47.488377600Z,TaxiAlgorithmP2PCollector,0,100,6,80,1,nearest,1,4,1,true,page-rank,page-rank,SPATIAL_IMBALANCE,4,116264429,Calculation Time [millis],0.0,1.0,0.01,54.0,4389,1.0
2026-05-19T10:00:47.488377600Z,TaxiAlgorithmP2PCollector,0,100,6,80,1,nearest,1,4,1,true,page-rank,page-rank,SPATIAL_IMBALANCE,4,116264429,Custom Time [micros],0.0,0.0,0.0,0.0,4389,0.0
2026-05-19T10:00:47.598375600Z,TaxiAlgorithmP2PCollector,0,100,6,80,1,nearest,1,4,1,true,page-rank,page-rank,SPATIAL_IMBALANCE,5,116264430,Taxi Travel Distance [km],0.52,18.59,6.85,41.08,6,18.07
2026-05-19T10:00:47.598375600Z,TaxiAlgorithmP2PCollector,0,100,6,80,1,nearest,1,4,1,true,page-rank,page-rank,SPATIAL_IMBALANCE,5,116264430,Client Waiting Time [min],0.05,8.82,1.56,87.25,56,8.77
2026-05-19T10:00:47.598375600Z,TaxiAlgorithmP2PCollector,0,100,6,80,1,nearest,1,4,1,true,page-rank,page-rank,SPATIAL_IMBALANCE,5,116264430,Client Travel Time [min],8.0,805.0,182.56,14605.0,80,797.0
2026-05-19T10:00:47.598375600Z,TaxiAlgorithmP2PCollector,0,100,6,80,1,nearest,1,4,1,true,page-rank,page-rank,SPATIAL_IMBALANCE,5,116264430,Calculation Time [millis],0.0,0.0,0.01,50.0,4116,0.0
2026-05-19T10:00:47.598375600Z,TaxiAlgorithmP2PCollector,0,100,6,80,1,nearest,1,4,1,true,page-rank,page-rank,SPATIAL_IMBALANCE,5,116264430,Custom Time [micros],0.0,0.0,0.0,0.0,4116,0.0
2026-05-19T10:00:47.737376Z,TaxiAlgorithmP2PCollector,0,100,6,80,1,nearest,1,4,1,true,page-rank,page-rank,SPATIAL_IMBALANCE,6,116264431,Taxi Travel Distance [km],0.89,9.36,6.01,36.03,6,8.469999999999999
2026-05-19T10:00:47.737376Z,TaxiAlgorithmP2PCollector,0,100,6,80,1,nearest,1,4,1,true,page-rank,page-rank,SPATIAL_IMBALANCE,6,116264431,Client Waiting Time [min],0.05,9.7,2.16,110.37,51,9.649999999999999
2026-05-19T10:00:47.737376Z,TaxiAlgorithmP2PCollector,0,100,6,80,1,nearest,1,4,1,true,page-rank,page-rank,SPATIAL_IMBALANCE,6,116264431,Client Travel Time [min],10.0,761.0,213.53,17082.0,80,751.0
2026-05-19T10:00:47.737376Z,TaxiAlgorithmP2PCollector,0,100,6,80,1,nearest,1,4,1,true,page-rank,page-rank,SPATIAL_IMBALANCE,6,116264431,Calculation Time [millis],0.0,0.0,0.01,48.0,4181,0.0
2026-05-19T10:00:47.737376Z,TaxiAlgorithmP2PCollector,0,100,6,80,1,nearest,1,4,1,true,page-rank,page-rank,SPATIAL_IMBALANCE,6,116264431,Custom Time [micros],0.0,0.0,0.0,0.0,4181,0.0
2026-05-19T10:00:47.844378900Z,TaxiAlgorithmP2PCollector,0,100,6,80,1,nearest,1,4,1,true,page-rank,page-rank,SPATIAL_IMBALANCE,7,116264432,Taxi Travel Distance [km],2.3,10.2,5.94,35.66,6,7.8999999999999995
2026-05-19T10:00:47.844378900Z,TaxiAlgorithmP2PCollector,0,100,6,80,1,nearest,1,4,1,true,page-rank,page-rank,SPATIAL_IMBALANCE,7,116264432,Client Waiting Time [min],0.05,8.52,1.53,68.85,45,8.469999999999999
2026-05-19T10:00:47.844378900Z,TaxiAlgorithmP2PCollector,0,100,6,80,1,nearest,1,4,1,true,page-rank,page-rank,SPATIAL_IMBALANCE,7,116264432,Client Travel Time [min],9.0,949.0,232.18,18574.0,80,940.0
2026-05-19T10:00:47.844378900Z,TaxiAlgorithmP2PCollector,0,100,6,80,1,nearest,1,4,1,true,page-rank,page-rank,SPATIAL_IMBALANCE,7,116264432,Calculation Time [millis],0.0,1.0,0.01,50.0,4378,1.0
2026-05-19T10:00:47.844378900Z,TaxiAlgorithmP2PCollector,0,100,6,80,1,nearest,1,4,1,true,page-rank,page-rank,SPATIAL_IMBALANCE,7,116264432,Custom Time [micros],0.0,0.0,0.0,0.0,4378,0.0
2026-05-19T10:00:47.986379400Z,TaxiAlgorithmP2PCollector,0,100,6,80,1,nearest,1,4,1,true,page-rank,page-rank,SPATIAL_IMBALANCE,8,116264433,Taxi Travel Distance [km],2.18,13.14,7.7,46.2,6,10.96
2026-05-19T10:00:47.986379400Z,TaxiAlgorithmP2PCollector,0,100,6,80,1,nearest,1,4,1,true,page-rank,page-rank,SPATIAL_IMBALANCE,8,116264433,Client Waiting Time [min],0.03,7.37,1.71,94.13,55,7.34
2026-05-19T10:00:47.986379400Z,TaxiAlgorithmP2PCollector,0,100,6,80,1,nearest,1,4,1,true,page-rank,page-rank,SPATIAL_IMBALANCE,8,116264433,Client Travel Time [min],7.0,725.0,201.83,16146.0,80,718.0
2026-05-19T10:00:47.986379400Z,TaxiAlgorithmP2PCollector,0,100,6,80,1,nearest,1,4,1,true,page-rank,page-rank,SPATIAL_IMBALANCE,8,116264433,Calculation Time [millis],0.0,0.0,0.01,60.0,4683,0.0
2026-05-19T10:00:47.986379400Z,TaxiAlgorithmP2PCollector,0,100,6,80,1,nearest,1,4,1,true,page-rank,page-rank,SPATIAL_IMBALANCE,8,116264433,Custom Time [micros],0.0,0.0,0.0,0.0,4683,0.0
2026-05-19T10:00:48.126375700Z,TaxiAlgorithmP2PCollector,0,100,6,80,1,nearest,1,4,1,true,page-rank,page-rank,SPATIAL_IMBALANCE,9,116264434,Taxi Travel Distance [km],2.5,12.19,6.98,41.9,6,9.69
2026-05-19T10:00:48.126375700Z,TaxiAlgorithmP2PCollector,0,100,6,80,1,nearest,1,4,1,true,page-rank,page-rank,SPATIAL_IMBALANCE,9,116264434,Client Waiting Time [min],0.03,7.53,1.58,85.15,54,7.5
2026-05-19T10:00:48.126375700Z,TaxiAlgorithmP2PCollector,0,100,6,80,1,nearest,1,4,1,true,page-rank,page-rank,SPATIAL_IMBALANCE,9,116264434,Client Travel Time [min],14.0,605.0,160.59,12847.0,80,591.0
2026-05-19T10:00:48.126375700Z,TaxiAlgorithmP2PCollector,0,100,6,80,1,nearest,1,4,1,true,page-rank,page-rank,SPATIAL_IMBALANCE,9,116264434,Calculation Time [millis],0.0,1.0,0.01,53.0,4343,1.0
2026-05-19T10:00:48.126375700Z,TaxiAlgorithmP2PCollector,0,100,6,80,1,nearest,1,4,1,true,page-rank,page-rank,SPATIAL_IMBALANCE,9,116264434,Custom Time [micros],0.0,0.0,0.0,0.0,4343,0.0
2026-05-19T10:00:48.266378300Z,TaxiAlgorithmP2PCollector,0,100,6,80,1,nearest,1,4,1,true,page-rank,page-rank,SPATIAL_IMBALANCE,10,116264435,Taxi Travel Distance [km],2.18,10.19,5.74,34.43,6,8.01
2026-05-19T10:00:48.266378300Z,TaxiAlgorithmP2PCollector,0,100,6,80,1,nearest,1,4,1,true,page-rank,page-rank,SPATIAL_IMBALANCE,10,116264435,Client Waiting Time [min],0.05,8.08,1.33,67.9,51,8.03
2026-05-19T10:00:48.266378300Z,TaxiAlgorithmP2PCollector,0,100,6,80,1,nearest,1,4,1,true,page-rank,page-rank,SPATIAL_IMBALANCE,10,116264435,Client Travel Time [min],9.0,910.0,190.95,15276.0,80,901.0
2026-05-19T10:00:48.266378300Z,TaxiAlgorithmP2PCollector,0,100,6,80,1,nearest,1,4,1,true,page-rank,page-rank,SPATIAL_IMBALANCE,10,116264435,Calculation Time [millis],0.0,0.0,0.01,54.0,4036,0.0
2026-05-19T10:00:48.266378300Z,TaxiAlgorithmP2PCollector,0,100,6,80,1,nearest,1,4,1,true,page-rank,page-rank,SPATIAL_IMBALANCE,10,116264435,Custom Time [micros],0.0,0.0,0.0,0.0,4036,0.0
2026-05-19T10:00:48.376378900Z,TaxiAlgorithmP2PCollector,0,100,6,80,1,nearest,1,4,1,true,page-rank,page-rank,SPATIAL_ISLANDS,1,116264426,Taxi Travel Distance [km],4.92,10.3,7.1,42.58,6,5.380000000000001
2026-05-19T10:00:48.376378900Z,TaxiAlgorithmP2PCollector,0,100,6,80,1,nearest,1,4,1,true,page-rank,page-rank,SPATIAL_ISLANDS,1,116264426,Client Waiting Time [min],0.03,8.7,0.75,44.38,59,8.67
2026-05-19T10:00:48.376378900Z,TaxiAlgorithmP2PCollector,0,100,6,80,1,nearest,1,4,1,true,page-rank,page-rank,SPATIAL_ISLANDS,1,116264426,Client Travel Time [min],8.0,713.0,156.03,12482.0,80,705.0
2026-05-19T10:00:48.376378900Z,TaxiAlgorithmP2PCollector,0,100,6,80,1,nearest,1,4,1,true,page-rank,page-rank,SPATIAL_ISLANDS,1,116264426,Calculation Time [millis],0.0,0.0,0.01,43.0,4270,0.0
2026-05-19T10:00:48.376378900Z,TaxiAlgorithmP2PCollector,0,100,6,80,1,nearest,1,4,1,true,page-rank,page-rank,SPATIAL_ISLANDS,1,116264426,Custom Time [micros],0.0,0.0,0.0,0.0,4270,0.0
2026-05-19T10:00:48.484377100Z,TaxiAlgorithmP2PCollector,0,100,6,80,1,nearest,1,4,1,true,page-rank,page-rank,SPATIAL_ISLANDS,2,116264427,Taxi Travel Distance [km],4.54,10.79,7.94,47.67,6,6.249999999999999
2026-05-19T10:00:48.484377100Z,TaxiAlgorithmP2PCollector,0,100,6,80,1,nearest,1,4,1,true,page-rank,page-rank,SPATIAL_ISLANDS,2,116264427,Client Waiting Time [min],0.03,11.08,1.29,82.38,64,11.05
2026-05-19T10:00:48.484377100Z,TaxiAlgorithmP2PCollector,0,100,6,80,1,nearest,1,4,1,true,page-rank,page-rank,SPATIAL_ISLANDS,2,116264427,Client Travel Time [min],10.0,796.0,151.53,12122.0,80,786.0
2026-05-19T10:00:48.484377100Z,TaxiAlgorithmP2PCollector,0,100,6,80,1,nearest,1,4,1,true,page-rank,page-rank,SPATIAL_ISLANDS,2,116264427,Calculation Time [millis],0.0,1.0,0.01,41.0,4017,1.0
2026-05-19T10:00:48.484377100Z,TaxiAlgorithmP2PCollector,0,100,6,80,1,nearest,1,4,1,true,page-rank,page-rank,SPATIAL_ISLANDS,2,116264427,Custom Time [micros],0.0,0.0,0.0,0.0,4017,0.0
2026-05-19T10:00:48.594377100Z,TaxiAlgorithmP2PCollector,0,100,6,80,1,nearest,1,4,1,true,page-rank,page-rank,SPATIAL_ISLANDS,3,116264428,Taxi Travel Distance [km],6.19,11.56,8.45,50.69,6,5.37
2026-05-19T10:00:48.594377100Z,TaxiAlgorithmP2PCollector,0,100,6,80,1,nearest,1,4,1,true,page-rank,page-rank,SPATIAL_ISLANDS,3,116264428,Client Waiting Time [min],0.03,9.87,0.84,52.72,63,9.84
2026-05-19T10:00:48.594377100Z,TaxiAlgorithmP2PCollector,0,100,6,80,1,nearest,1,4,1,true,page-rank,page-rank,SPATIAL_ISLANDS,3,116264428,Client Travel Time [min],10.0,676.0,141.73,11338.0,80,666.0
2026-05-19T10:00:48.594377100Z,TaxiAlgorithmP2PCollector,0,100,6,80,1,nearest,1,4,1,true,page-rank,page-rank,SPATIAL_ISLANDS,3,116264428,Calculation Time [millis],0.0,0.0,0.01,47.0,4287,0.0
2026-05-19T10:00:48.594377100Z,TaxiAlgorithmP2PCollector,0,100,6,80,1,nearest,1,4,1,true,page-rank,page-rank,SPATIAL_ISLANDS,3,116264428,Custom Time [micros],0.0,0.0,0.0,0.0,4287,0.0
2026-05-19T10:00:48.701378600Z,TaxiAlgorithmP2PCollector,0,100,6,80,1,nearest,1,4,1,true,page-rank,page-rank,SPATIAL_ISLANDS,4,116264429,Taxi Travel Distance [km],5.71,9.59,8.15,48.93,6,3.88
2026-05-19T10:00:48.701378600Z,TaxiAlgorithmP2PCollector,0,100,6,80,1,nearest,1,4,1,true,page-rank,page-rank,SPATIAL_ISLANDS,4,116264429,Client Waiting Time [min],0.03,7.33,1.12,68.1,61,7.3
2026-05-19T10:00:48.701378600Z,TaxiAlgorithmP2PCollector,0,100,6,80,1,nearest,1,4,1,true,page-rank,page-rank,SPATIAL_ISLANDS,4,116264429,Client Travel Time [min],7.0,712.0,148.99,11919.0,80,705.0
2026-05-19T10:00:48.701378600Z,TaxiAlgorithmP2PCollector,0,100,6,80,1,nearest,1,4,1,true,page-rank,page-rank,SPATIAL_ISLANDS,4,116264429,Calculation Time [millis],0.0,1.0,0.01,42.0,4197,1.0
2026-05-19T10:00:48.701378600Z,TaxiAlgorithmP2PCollector,0,100,6,80,1,nearest,1,4,1,true,page-rank,page-rank,SPATIAL_ISLANDS,4,116264429,Custom Time [micros],0.0,0.0,0.0,0.0,4197,0.0
2026-05-19T10:00:48.812377200Z,TaxiAlgorithmP2PCollector,0,100,6,80,1,nearest,1,4,1,true,page-rank,page-rank,SPATIAL_ISLANDS,5,116264430,Taxi Travel Distance [km],4.69,11.79,6.74,40.44,6,7.099999999999999
2026-05-19T10:00:48.812377200Z,TaxiAlgorithmP2PCollector,0,100,6,80,1,nearest,1,4,1,true,page-rank,page-rank,SPATIAL_ISLANDS,5,116264430,Client Waiting Time [min],0.03,10.4,1.57,89.65,57,10.370000000000001
2026-05-19T10:00:48.812377200Z,TaxiAlgorithmP2PCollector,0,100,6,80,1,nearest,1,4,1,true,page-rank,page-rank,SPATIAL_ISLANDS,5,116264430,Client Travel Time [min],9.0,767.0,181.19,14495.0,80,758.0
2026-05-19T10:00:48.812377200Z,TaxiAlgorithmP2PCollector,0,100,6,80,1,nearest,1,4,1,true,page-rank,page-rank,SPATIAL_ISLANDS,5,116264430,Calculation Time [millis],0.0,0.0,0.01,40.0,4362,0.0
2026-05-19T10:00:48.812377200Z,TaxiAlgorithmP2PCollector,0,100,6,80,1,nearest,1,4,1,true,page-rank,page-rank,SPATIAL_ISLANDS,5,116264430,Custom Time [micros],0.0,0.0,0.0,0.0,4362,0.0
2026-05-19T10:00:48.921376900Z,TaxiAlgorithmP2PCollector,0,100,6,80,1,nearest,1,4,1,true,page-rank,page-rank,SPATIAL_ISLANDS,6,116264431,Taxi Travel Distance [km],4.14,9.64,6.77,40.63,6,5.500000000000001
2026-05-19T10:00:48.921376900Z,TaxiAlgorithmP2PCollector,0,100,6,80,1,nearest,1,4,1,true,page-rank,page-rank,SPATIAL_ISLANDS,6,116264431,Client Waiting Time [min],0.03,9.52,0.76,38.13,50,9.49
2026-05-19T10:00:48.921376900Z,TaxiAlgorithmP2PCollector,0,100,6,80,1,nearest,1,4,1,true,page-rank,page-rank,SPATIAL_ISLANDS,6,116264431,Client Travel Time [min],5.0,740.0,184.3,14744.0,80,735.0
2026-05-19T10:00:48.921376900Z,TaxiAlgorithmP2PCollector,0,100,6,80,1,nearest,1,4,1,true,page-rank,page-rank,SPATIAL_ISLANDS,6,116264431,Calculation Time [millis],0.0,0.0,0.01,46.0,4388,0.0
2026-05-19T10:00:48.921376900Z,TaxiAlgorithmP2PCollector,0,100,6,80,1,nearest,1,4,1,true,page-rank,page-rank,SPATIAL_ISLANDS,6,116264431,Custom Time [micros],0.0,0.0,0.0,0.0,4388,0.0
2026-05-19T10:00:49.060378100Z,TaxiAlgorithmP2PCollector,0,100,6,80,1,nearest,1,4,1,true,page-rank,page-rank,SPATIAL_ISLANDS,7,116264432,Taxi Travel Distance [km],2.1,9.97,6.7,40.23,6,7.870000000000001
2026-05-19T10:00:49.060378100Z,TaxiAlgorithmP2PCollector,0,100,6,80,1,nearest,1,4,1,true,page-rank,page-rank,SPATIAL_ISLANDS,7,116264432,Client Waiting Time [min],0.03,9.27,1.35,72.83,54,9.24
2026-05-19T10:00:49.060378100Z,TaxiAlgorithmP2PCollector,0,100,6,80,1,nearest,1,4,1,true,page-rank,page-rank,SPATIAL_ISLANDS,7,116264432,Client Travel Time [min],6.0,891.0,200.93,16074.0,80,885.0
2026-05-19T10:00:49.060378100Z,TaxiAlgorithmP2PCollector,0,100,6,80,1,nearest,1,4,1,true,page-rank,page-rank,SPATIAL_ISLANDS,7,116264432,Calculation Time [millis],0.0,1.0,0.01,54.0,4602,1.0
2026-05-19T10:00:49.060378100Z,TaxiAlgorithmP2PCollector,0,100,6,80,1,nearest,1,4,1,true,page-rank,page-rank,SPATIAL_ISLANDS,7,116264432,Custom Time [micros],0.0,0.0,0.0,0.0,4602,0.0
2026-05-19T10:00:49.170378Z,TaxiAlgorithmP2PCollector,0,100,6,80,1,nearest,1,4,1,true,page-rank,page-rank,SPATIAL_ISLANDS,8,116264433,Taxi Travel Distance [km],4.07,14.09,7.9,47.43,6,10.02
2026-05-19T10:00:49.170378Z,TaxiAlgorithmP2PCollector,0,100,6,80,1,nearest,1,4,1,true,page-rank,page-rank,SPATIAL_ISLANDS,8,116264433,Client Waiting Time [min],0.03,11.37,1.34,83.23,62,11.34
2026-05-19T10:00:49.170378Z,TaxiAlgorithmP2PCollector,0,100,6,80,1,nearest,1,4,1,true,page-rank,page-rank,SPATIAL_ISLANDS,8,116264433,Client Travel Time [min],8.0,836.0,186.54,14923.0,80,828.0
2026-05-19T10:00:49.170378Z,TaxiAlgorithmP2PCollector,0,100,6,80,1,nearest,1,4,1,true,page-rank,page-rank,SPATIAL_ISLANDS,8,116264433,Calculation Time [millis],0.0,0.0,0.01,47.0,4076,0.0
2026-05-19T10:00:49.170378Z,TaxiAlgorithmP2PCollector,0,100,6,80,1,nearest,1,4,1,true,page-rank,page-rank,SPATIAL_ISLANDS,8,116264433,Custom Time [micros],0.0,0.0,0.0,0.0,4076,0.0
2026-05-19T10:00:49.310380400Z,TaxiAlgorithmP2PCollector,0,100,6,80,1,nearest,1,4,1,true,page-rank,page-rank,SPATIAL_ISLANDS,9,116264434,Taxi Travel Distance [km],4.09,13.7,7.41,44.47,6,9.61
2026-05-19T10:00:49.310380400Z,TaxiAlgorithmP2PCollector,0,100,6,80,1,nearest,1,4,1,true,page-rank,page-rank,SPATIAL_ISLANDS,9,116264434,Client Waiting Time [min],0.03,9.52,0.91,55.8,61,9.49
2026-05-19T10:00:49.310380400Z,TaxiAlgorithmP2PCollector,0,100,6,80,1,nearest,1,4,1,true,page-rank,page-rank,SPATIAL_ISLANDS,9,116264434,Client Travel Time [min],6.0,912.0,179.21,14337.0,80,906.0
2026-05-19T10:00:49.310380400Z,TaxiAlgorithmP2PCollector,0,100,6,80,1,nearest,1,4,1,true,page-rank,page-rank,SPATIAL_ISLANDS,9,116264434,Calculation Time [millis],0.0,1.0,0.01,60.0,4517,1.0
2026-05-19T10:00:49.310380400Z,TaxiAlgorithmP2PCollector,0,100,6,80,1,nearest,1,4,1,true,page-rank,page-rank,SPATIAL_ISLANDS,9,116264434,Custom Time [micros],0.0,0.0,0.0,0.0,4517,0.0
2026-05-19T10:00:49.449377300Z,TaxiAlgorithmP2PCollector,0,100,6,80,1,nearest,1,4,1,true,page-rank,page-rank,SPATIAL_ISLANDS,10,116264435,Taxi Travel Distance [km],5.27,11.72,7.9,47.41,6,6.450000000000001
2026-05-19T10:00:49.449377300Z,TaxiAlgorithmP2PCollector,0,100,6,80,1,nearest,1,4,1,true,page-rank,page-rank,SPATIAL_ISLANDS,10,116264435,Client Waiting Time [min],0.03,4.83,0.42,24.18,58,4.8
2026-05-19T10:00:49.449377300Z,TaxiAlgorithmP2PCollector,0,100,6,80,1,nearest,1,4,1,true,page-rank,page-rank,SPATIAL_ISLANDS,10,116264435,Client Travel Time [min],6.0,720.0,139.44,11155.0,80,714.0
2026-05-19T10:00:49.449377300Z,TaxiAlgorithmP2PCollector,0,100,6,80,1,nearest,1,4,1,true,page-rank,page-rank,SPATIAL_ISLANDS,10,116264435,Calculation Time [millis],0.0,0.0,0.01,50.0,4523,0.0
2026-05-19T10:00:49.449377300Z,TaxiAlgorithmP2PCollector,0,100,6,80,1,nearest,1,4,1,true,page-rank,page-rank,SPATIAL_ISLANDS,10,116264435,Custom Time [micros],0.0,0.0,0.0,0.0,4523,0.0
2026-05-19T10:00:49.556379Z,TaxiAlgorithmP2PCollector,0,200,6,80,1,nearest,1,4,0,false,none,none,BASELINE,1,116264426,Taxi Travel Distance [km],3.38,9.66,5.94,35.63,6,6.28
2026-05-19T10:00:49.556379Z,TaxiAlgorithmP2PCollector,0,200,6,80,1,nearest,1,4,0,false,none,none,BASELINE,1,116264426,Client Waiting Time [min],0.05,11.32,1.66,104.38,63,11.27
2026-05-19T10:00:49.556379Z,TaxiAlgorithmP2PCollector,0,200,6,80,1,nearest,1,4,0,false,none,none,BASELINE,1,116264426,Client Travel Time [min],10.0,684.0,155.83,12466.0,80,674.0
2026-05-19T10:00:49.556379Z,TaxiAlgorithmP2PCollector,0,200,6,80,1,nearest,1,4,0,false,none,none,BASELINE,1,116264426,Calculation Time [millis],0.0,0.0,0.01,37.0,4643,0.0
2026-05-19T10:00:49.556379Z,TaxiAlgorithmP2PCollector,0,200,6,80,1,nearest,1,4,0,false,none,none,BASELINE,1,116264426,Custom Time [micros],0.0,0.0,0.0,0.0,4643,0.0
2026-05-19T10:00:49.665376300Z,TaxiAlgorithmP2PCollector,0,200,6,80,1,nearest,1,4,0,false,none,none,BASELINE,2,116264427,Taxi Travel Distance [km],3.58,8.53,5.43,32.56,6,4.949999999999999
2026-05-19T10:00:49.665376300Z,TaxiAlgorithmP2PCollector,0,200,6,80,1,nearest,1,4,0,false,none,none,BASELINE,2,116264427,Client Waiting Time [min],0.05,10.18,2.0,126.07,63,10.129999999999999
2026-05-19T10:00:49.665376300Z,TaxiAlgorithmP2PCollector,0,200,6,80,1,nearest,1,4,0,false,none,none,BASELINE,2,116264427,Client Travel Time [min],13.0,708.0,161.76,12941.0,80,695.0
2026-05-19T10:00:49.665376300Z,TaxiAlgorithmP2PCollector,0,200,6,80,1,nearest,1,4,0,false,none,none,BASELINE,2,116264427,Calculation Time [millis],0.0,1.0,0.01,38.0,4550,1.0
2026-05-19T10:00:49.665376300Z,TaxiAlgorithmP2PCollector,0,200,6,80,1,nearest,1,4,0,false,none,none,BASELINE,2,116264427,Custom Time [micros],0.0,0.0,0.0,0.0,4550,0.0
2026-05-19T10:00:49.774380Z,TaxiAlgorithmP2PCollector,0,200,6,80,1,nearest,1,4,0,false,none,none,BASELINE,3,116264428,Taxi Travel Distance [km],3.15,7.94,5.56,33.33,6,4.790000000000001
2026-05-19T10:00:49.774380Z,TaxiAlgorithmP2PCollector,0,200,6,80,1,nearest,1,4,0,false,none,none,BASELINE,3,116264428,Client Waiting Time [min],0.07,12.22,2.39,138.8,58,12.15
2026-05-19T10:00:49.774380Z,TaxiAlgorithmP2PCollector,0,200,6,80,1,nearest,1,4,0,false,none,none,BASELINE,3,116264428,Client Travel Time [min],16.0,797.0,214.73,17178.0,80,781.0
2026-05-19T10:00:49.774380Z,TaxiAlgorithmP2PCollector,0,200,6,80,1,nearest,1,4,0,false,none,none,BASELINE,3,116264428,Calculation Time [millis],0.0,0.0,0.01,37.0,4549,0.0
2026-05-19T10:00:49.774380Z,TaxiAlgorithmP2PCollector,0,200,6,80,1,nearest,1,4,0,false,none,none,BASELINE,3,116264428,Custom Time [micros],0.0,0.0,0.0,0.0,4549,0.0
2026-05-19T10:00:49.882379600Z,TaxiAlgorithmP2PCollector,0,200,6,80,1,nearest,1,4,0,false,none,none,BASELINE,4,116264429,Taxi Travel Distance [km],2.71,8.14,5.29,31.71,6,5.430000000000001
2026-05-19T10:00:49.882379600Z,TaxiAlgorithmP2PCollector,0,200,6,80,1,nearest,1,4,0,false,none,none,BASELINE,4,116264429,Client Waiting Time [min],0.03,12.3,2.45,137.12,56,12.270000000000001
2026-05-19T10:00:49.882379600Z,TaxiAlgorithmP2PCollector,0,200,6,80,1,nearest,1,4,0,false,none,none,BASELINE,4,116264429,Client Travel Time [min],10.0,768.0,225.53,18042.0,80,758.0
2026-05-19T10:00:49.882379600Z,TaxiAlgorithmP2PCollector,0,200,6,80,1,nearest,1,4,0,false,none,none,BASELINE,4,116264429,Calculation Time [millis],0.0,0.0,0.01,36.0,4221,0.0
2026-05-19T10:00:49.882379600Z,TaxiAlgorithmP2PCollector,0,200,6,80,1,nearest,1,4,0,false,none,none,BASELINE,4,116264429,Custom Time [micros],0.0,0.0,0.0,0.0,4221,0.0
2026-05-19T10:00:49.990375200Z,TaxiAlgorithmP2PCollector,0,200,6,80,1,nearest,1,4,0,false,none,none,BASELINE,5,116264430,Taxi Travel Distance [km],3.38,6.93,6.04,36.25,6,3.55
2026-05-19T10:00:49.990375200Z,TaxiAlgorithmP2PCollector,0,200,6,80,1,nearest,1,4,0,false,none,none,BASELINE,5,116264430,Client Waiting Time [min],0.05,10.13,2.11,132.72,63,10.08
2026-05-19T10:00:49.990375200Z,TaxiAlgorithmP2PCollector,0,200,6,80,1,nearest,1,4,0,false,none,none,BASELINE,5,116264430,Client Travel Time [min],12.0,767.0,191.15,15292.0,80,755.0
2026-05-19T10:00:49.990375200Z,TaxiAlgorithmP2PCollector,0,200,6,80,1,nearest,1,4,0,false,none,none,BASELINE,5,116264430,Calculation Time [millis],0.0,1.0,0.01,37.0,4080,1.0
2026-05-19T10:00:49.990375200Z,TaxiAlgorithmP2PCollector,0,200,6,80,1,nearest,1,4,0,false,none,none,BASELINE,5,116264430,Custom Time [micros],0.0,0.0,0.0,0.0,4080,0.0
2026-05-19T10:00:50.097379200Z,TaxiAlgorithmP2PCollector,0,200,6,80,1,nearest,1,4,0,false,none,none,BASELINE,6,116264431,Taxi Travel Distance [km],4.12,10.46,6.36,38.18,6,6.340000000000001
2026-05-19T10:00:50.097379200Z,TaxiAlgorithmP2PCollector,0,200,6,80,1,nearest,1,4,0,false,none,none,BASELINE,6,116264431,Client Waiting Time [min],0.03,6.82,1.01,66.5,66,6.79
2026-05-19T10:00:50.097379200Z,TaxiAlgorithmP2PCollector,0,200,6,80,1,nearest,1,4,0,false,none,none,BASELINE,6,116264431,Client Travel Time [min],7.0,806.0,110.44,8835.0,80,799.0
2026-05-19T10:00:50.097379200Z,TaxiAlgorithmP2PCollector,0,200,6,80,1,nearest,1,4,0,false,none,none,BASELINE,6,116264431,Calculation Time [millis],0.0,0.0,0.01,31.0,4033,0.0
2026-05-19T10:00:50.097379200Z,TaxiAlgorithmP2PCollector,0,200,6,80,1,nearest,1,4,0,false,none,none,BASELINE,6,116264431,Custom Time [micros],0.0,0.0,0.0,0.0,4033,0.0
2026-05-19T10:00:50.204392300Z,TaxiAlgorithmP2PCollector,0,200,6,80,1,nearest,1,4,0,false,none,none,BASELINE,7,116264432,Taxi Travel Distance [km],2.79,8.43,6.45,38.68,6,5.64
2026-05-19T10:00:50.204392300Z,TaxiAlgorithmP2PCollector,0,200,6,80,1,nearest,1,4,0,false,none,none,BASELINE,7,116264432,Client Waiting Time [min],0.05,7.75,1.69,113.48,67,7.7
2026-05-19T10:00:50.204392300Z,TaxiAlgorithmP2PCollector,0,200,6,80,1,nearest,1,4,0,false,none,none,BASELINE,7,116264432,Client Travel Time [min],15.0,860.0,155.38,12430.0,80,845.0
2026-05-19T10:00:50.204392300Z,TaxiAlgorithmP2PCollector,0,200,6,80,1,nearest,1,4,0,false,none,none,BASELINE,7,116264432,Calculation Time [millis],0.0,0.0,0.01,40.0,4301,0.0
2026-05-19T10:00:50.204392300Z,TaxiAlgorithmP2PCollector,0,200,6,80,1,nearest,1,4,0,false,none,none,BASELINE,7,116264432,Custom Time [micros],0.0,0.0,0.0,0.0,4301,0.0
2026-05-19T10:00:50.346394600Z,TaxiAlgorithmP2PCollector,0,200,6,80,1,nearest,1,4,0,false,none,none,BASELINE,8,116264433,Taxi Travel Distance [km],2.6,11.4,6.57,39.44,6,8.8
2026-05-19T10:00:50.346394600Z,TaxiAlgorithmP2PCollector,0,200,6,80,1,nearest,1,4,0,false,none,none,BASELINE,8,116264433,Client Waiting Time [min],0.03,10.82,1.89,122.93,65,10.790000000000001
2026-05-19T10:00:50.346394600Z,TaxiAlgorithmP2PCollector,0,200,6,80,1,nearest,1,4,0,false,none,none,BASELINE,8,116264433,Client Travel Time [min],10.0,787.0,188.24,15059.0,80,777.0
2026-05-19T10:00:50.346394600Z,TaxiAlgorithmP2PCollector,0,200,6,80,1,nearest,1,4,0,false,none,none,BASELINE,8,116264433,Calculation Time [millis],0.0,0.0,0.01,47.0,4537,0.0
2026-05-19T10:00:50.346394600Z,TaxiAlgorithmP2PCollector,0,200,6,80,1,nearest,1,4,0,false,none,none,BASELINE,8,116264433,Custom Time [micros],0.0,0.0,0.0,0.0,4537,0.0
2026-05-19T10:00:50.454394200Z,TaxiAlgorithmP2PCollector,0,200,6,80,1,nearest,1,4,0,false,none,none,BASELINE,9,116264434,Taxi Travel Distance [km],3.38,9.28,6.4,38.39,6,5.8999999999999995
2026-05-19T10:00:50.454394200Z,TaxiAlgorithmP2PCollector,0,200,6,80,1,nearest,1,4,0,false,none,none,BASELINE,9,116264434,Client Waiting Time [min],0.05,11.93,2.12,142.05,67,11.879999999999999
2026-05-19T10:00:50.454394200Z,TaxiAlgorithmP2PCollector,0,200,6,80,1,nearest,1,4,0,false,none,none,BASELINE,9,116264434,Client Travel Time [min],12.0,726.0,165.98,13278.0,80,714.0
2026-05-19T10:00:50.454394200Z,TaxiAlgorithmP2PCollector,0,200,6,80,1,nearest,1,4,0,false,none,none,BASELINE,9,116264434,Calculation Time [millis],0.0,0.0,0.01,46.0,4621,0.0
2026-05-19T10:00:50.454394200Z,TaxiAlgorithmP2PCollector,0,200,6,80,1,nearest,1,4,0,false,none,none,BASELINE,9,116264434,Custom Time [micros],0.0,0.0,0.0,0.0,4621,0.0
2026-05-19T10:00:50.580336900Z,TaxiAlgorithmP2PCollector,0,200,6,80,1,nearest,1,4,0,false,none,none,BASELINE,10,116264435,Taxi Travel Distance [km],0.95,8.74,4.82,28.95,6,7.79
2026-05-19T10:00:50.580336900Z,TaxiAlgorithmP2PCollector,0,200,6,80,1,nearest,1,4,0,false,none,none,BASELINE,10,116264435,Client Waiting Time [min],0.03,12.28,2.68,150.2,56,12.25
2026-05-19T10:00:50.580336900Z,TaxiAlgorithmP2PCollector,0,200,6,80,1,nearest,1,4,0,false,none,none,BASELINE,10,116264435,Client Travel Time [min],9.0,740.0,228.06,18245.0,80,731.0
2026-05-19T10:00:50.580336900Z,TaxiAlgorithmP2PCollector,0,200,6,80,1,nearest,1,4,0,false,none,none,BASELINE,10,116264435,Calculation Time [millis],0.0,0.0,0.01,51.0,4512,0.0
2026-05-19T10:00:50.580336900Z,TaxiAlgorithmP2PCollector,0,200,6,80,1,nearest,1,4,0,false,none,none,BASELINE,10,116264435,Custom Time [micros],0.0,0.0,0.0,0.0,4512,0.0
2026-05-19T10:00:50.703378600Z,TaxiAlgorithmP2PCollector,0,200,6,80,1,nearest,1,4,0,false,none,none,RUSH_HOUR,1,116264426,Taxi Travel Distance [km],2.77,9.81,6.47,38.79,6,7.040000000000001
2026-05-19T10:00:50.703378600Z,TaxiAlgorithmP2PCollector,0,200,6,80,1,nearest,1,4,0,false,none,none,RUSH_HOUR,1,116264426,Client Waiting Time [min],0.03,11.45,1.77,121.95,69,11.42
2026-05-19T10:00:50.703378600Z,TaxiAlgorithmP2PCollector,0,200,6,80,1,nearest,1,4,0,false,none,none,RUSH_HOUR,1,116264426,Client Travel Time [min],6.0,750.0,154.31,12345.0,80,744.0
2026-05-19T10:00:50.703378600Z,TaxiAlgorithmP2PCollector,0,200,6,80,1,nearest,1,4,0,false,none,none,RUSH_HOUR,1,116264426,Calculation Time [millis],0.0,0.0,0.01,37.0,4033,0.0
2026-05-19T10:00:50.703378600Z,TaxiAlgorithmP2PCollector,0,200,6,80,1,nearest,1,4,0,false,none,none,RUSH_HOUR,1,116264426,Custom Time [micros],0.0,0.0,0.0,0.0,4033,0.0
2026-05-19T10:00:50.812096800Z,TaxiAlgorithmP2PCollector,0,200,6,80,1,nearest,1,4,0,false,none,none,RUSH_HOUR,2,116264427,Taxi Travel Distance [km],2.55,10.46,6.32,37.93,6,7.910000000000001
2026-05-19T10:00:50.812096800Z,TaxiAlgorithmP2PCollector,0,200,6,80,1,nearest,1,4,0,false,none,none,RUSH_HOUR,2,116264427,Client Waiting Time [min],0.05,11.25,1.59,102.05,64,11.2
2026-05-19T10:00:50.812096800Z,TaxiAlgorithmP2PCollector,0,200,6,80,1,nearest,1,4,0,false,none,none,RUSH_HOUR,2,116264427,Client Travel Time [min],7.0,729.0,141.08,11286.0,80,722.0
2026-05-19T10:00:50.812096800Z,TaxiAlgorithmP2PCollector,0,200,6,80,1,nearest,1,4,0,false,none,none,RUSH_HOUR,2,116264427,Calculation Time [millis],0.0,0.0,0.01,35.0,3857,0.0
2026-05-19T10:00:50.812096800Z,TaxiAlgorithmP2PCollector,0,200,6,80,1,nearest,1,4,0,false,none,none,RUSH_HOUR,2,116264427,Custom Time [micros],0.0,0.0,0.0,0.0,3857,0.0
2026-05-19T10:00:50.920099300Z,TaxiAlgorithmP2PCollector,0,200,6,80,1,nearest,1,4,0,false,none,none,RUSH_HOUR,3,116264428,Taxi Travel Distance [km],4.3,9.14,6.85,41.1,6,4.840000000000001
2026-05-19T10:00:50.920099300Z,TaxiAlgorithmP2PCollector,0,200,6,80,1,nearest,1,4,0,false,none,none,RUSH_HOUR,3,116264428,Client Waiting Time [min],0.05,12.98,1.85,127.4,69,12.93
2026-05-19T10:00:50.920099300Z,TaxiAlgorithmP2PCollector,0,200,6,80,1,nearest,1,4,0,false,none,none,RUSH_HOUR,3,116264428,Client Travel Time [min],11.0,802.0,175.69,14055.0,80,791.0
2026-05-19T10:00:50.920099300Z,TaxiAlgorithmP2PCollector,0,200,6,80,1,nearest,1,4,0,false,none,none,RUSH_HOUR,3,116264428,Calculation Time [millis],0.0,0.0,0.01,36.0,4249,0.0
2026-05-19T10:00:50.920099300Z,TaxiAlgorithmP2PCollector,0,200,6,80,1,nearest,1,4,0,false,none,none,RUSH_HOUR,3,116264428,Custom Time [micros],0.0,0.0,0.0,0.0,4249,0.0
2026-05-19T10:00:51.030099400Z,TaxiAlgorithmP2PCollector,0,200,6,80,1,nearest,1,4,0,false,none,none,RUSH_HOUR,4,116264429,Taxi Travel Distance [km],4.29,7.44,5.59,33.56,6,3.1500000000000004
2026-05-19T10:00:51.030099400Z,TaxiAlgorithmP2PCollector,0,200,6,80,1,nearest,1,4,0,false,none,none,RUSH_HOUR,4,116264429,Client Waiting Time [min],0.03,10.65,2.12,133.57,63,10.620000000000001
2026-05-19T10:00:51.030099400Z,TaxiAlgorithmP2PCollector,0,200,6,80,1,nearest,1,4,0,false,none,none,RUSH_HOUR,4,116264429,Client Travel Time [min],8.0,833.0,194.13,15530.0,80,825.0
2026-05-19T10:00:51.030099400Z,TaxiAlgorithmP2PCollector,0,200,6,80,1,nearest,1,4,0,false,none,none,RUSH_HOUR,4,116264429,Calculation Time [millis],0.0,1.0,0.01,32.0,4019,1.0
2026-05-19T10:00:51.030099400Z,TaxiAlgorithmP2PCollector,0,200,6,80,1,nearest,1,4,0,false,none,none,RUSH_HOUR,4,116264429,Custom Time [micros],0.0,0.0,0.0,0.0,4019,0.0
2026-05-19T10:00:51.140480400Z,TaxiAlgorithmP2PCollector,0,200,6,80,1,nearest,1,4,0,false,none,none,RUSH_HOUR,5,116264430,Taxi Travel Distance [km],2.12,9.99,6.29,37.71,6,7.87
2026-05-19T10:00:51.140480400Z,TaxiAlgorithmP2PCollector,0,200,6,80,1,nearest,1,4,0,false,none,none,RUSH_HOUR,5,116264430,Client Waiting Time [min],0.05,10.18,1.99,131.55,66,10.129999999999999
2026-05-19T10:00:51.140480400Z,TaxiAlgorithmP2PCollector,0,200,6,80,1,nearest,1,4,0,false,none,none,RUSH_HOUR,5,116264430,Client Travel Time [min],13.0,624.0,185.15,14812.0,80,611.0
2026-05-19T10:00:51.140480400Z,TaxiAlgorithmP2PCollector,0,200,6,80,1,nearest,1,4,0,false,none,none,RUSH_HOUR,5,116264430,Calculation Time [millis],0.0,0.0,0.01,36.0,4122,0.0
2026-05-19T10:00:51.140480400Z,TaxiAlgorithmP2PCollector,0,200,6,80,1,nearest,1,4,0,false,none,none,RUSH_HOUR,5,116264430,Custom Time [micros],0.0,0.0,0.0,0.0,4122,0.0
2026-05-19T10:00:51.233524Z,TaxiAlgorithmP2PCollector,0,200,6,80,1,nearest,1,4,0,false,none,none,RUSH_HOUR,6,116264431,Taxi Travel Distance [km],3.37,7.69,6.04,36.23,6,4.32
2026-05-19T10:00:51.233524Z,TaxiAlgorithmP2PCollector,0,200,6,80,1,nearest,1,4,0,false,none,none,RUSH_HOUR,6,116264431,Client Waiting Time [min],0.03,10.32,2.12,139.6,66,10.290000000000001
2026-05-19T10:00:51.233524Z,TaxiAlgorithmP2PCollector,0,200,6,80,1,nearest,1,4,0,false,none,none,RUSH_HOUR,6,116264431,Client Travel Time [min],13.0,746.0,182.65,14612.0,80,733.0
2026-05-19T10:00:51.233524Z,TaxiAlgorithmP2PCollector,0,200,6,80,1,nearest,1,4,0,false,none,none,RUSH_HOUR,6,116264431,Calculation Time [millis],0.0,0.0,0.01,35.0,3868,0.0
2026-05-19T10:00:51.233524Z,TaxiAlgorithmP2PCollector,0,200,6,80,1,nearest,1,4,0,false,none,none,RUSH_HOUR,6,116264431,Custom Time [micros],0.0,0.0,0.0,0.0,3868,0.0
2026-05-19T10:00:51.343044900Z,TaxiAlgorithmP2PCollector,0,200,6,80,1,nearest,1,4,0,false,none,none,RUSH_HOUR,7,116264432,Taxi Travel Distance [km],2.97,10.61,6.5,39.02,6,7.639999999999999
2026-05-19T10:00:51.343044900Z,TaxiAlgorithmP2PCollector,0,200,6,80,1,nearest,1,4,0,false,none,none,RUSH_HOUR,7,116264432,Client Waiting Time [min],0.05,12.5,1.73,114.38,66,12.45
2026-05-19T10:00:51.343044900Z,TaxiAlgorithmP2PCollector,0,200,6,80,1,nearest,1,4,0,false,none,none,RUSH_HOUR,7,116264432,Client Travel Time [min],8.0,751.0,151.34,12107.0,80,743.0
2026-05-19T10:00:51.343044900Z,TaxiAlgorithmP2PCollector,0,200,6,80,1,nearest,1,4,0,false,none,none,RUSH_HOUR,7,116264432,Calculation Time [millis],0.0,1.0,0.01,40.0,4182,1.0
2026-05-19T10:00:51.343044900Z,TaxiAlgorithmP2PCollector,0,200,6,80,1,nearest,1,4,0,false,none,none,RUSH_HOUR,7,116264432,Custom Time [micros],0.0,0.0,0.0,0.0,4182,0.0
2026-05-19T10:00:51.452651100Z,TaxiAlgorithmP2PCollector,0,200,6,80,1,nearest,1,4,0,false,none,none,RUSH_HOUR,8,116264433,Taxi Travel Distance [km],1.76,9.15,5.57,33.4,6,7.390000000000001
2026-05-19T10:00:51.452651100Z,TaxiAlgorithmP2PCollector,0,200,6,80,1,nearest,1,4,0,false,none,none,RUSH_HOUR,8,116264433,Client Waiting Time [min],0.08,12.37,2.44,136.63,56,12.29
2026-05-19T10:00:51.452651100Z,TaxiAlgorithmP2PCollector,0,200,6,80,1,nearest,1,4,0,false,none,none,RUSH_HOUR,8,116264433,Client Travel Time [min],13.0,750.0,232.98,18638.0,80,737.0
2026-05-19T10:00:51.452651100Z,TaxiAlgorithmP2PCollector,0,200,6,80,1,nearest,1,4,0,false,none,none,RUSH_HOUR,8,116264433,Calculation Time [millis],0.0,0.0,0.01,34.0,4478,0.0
2026-05-19T10:00:51.452651100Z,TaxiAlgorithmP2PCollector,0,200,6,80,1,nearest,1,4,0,false,none,none,RUSH_HOUR,8,116264433,Custom Time [micros],0.0,0.0,0.0,0.0,4478,0.0
2026-05-19T10:00:51.562649400Z,TaxiAlgorithmP2PCollector,0,200,6,80,1,nearest,1,4,0,false,none,none,RUSH_HOUR,9,116264434,Taxi Travel Distance [km],0.84,11.24,5.26,31.59,6,10.4
2026-05-19T10:00:51.562649400Z,TaxiAlgorithmP2PCollector,0,200,6,80,1,nearest,1,4,0,false,none,none,RUSH_HOUR,9,116264434,Client Waiting Time [min],0.03,12.77,2.0,125.68,63,12.74
2026-05-19T10:00:51.562649400Z,TaxiAlgorithmP2PCollector,0,200,6,80,1,nearest,1,4,0,false,none,none,RUSH_HOUR,9,116264434,Client Travel Time [min],10.0,845.0,179.44,14355.0,80,835.0
2026-05-19T10:00:51.562649400Z,TaxiAlgorithmP2PCollector,0,200,6,80,1,nearest,1,4,0,false,none,none,RUSH_HOUR,9,116264434,Calculation Time [millis],0.0,0.0,0.01,38.0,4716,0.0
2026-05-19T10:00:51.562649400Z,TaxiAlgorithmP2PCollector,0,200,6,80,1,nearest,1,4,0,false,none,none,RUSH_HOUR,9,116264434,Custom Time [micros],0.0,0.0,0.0,0.0,4716,0.0
2026-05-19T10:00:51.658651600Z,TaxiAlgorithmP2PCollector,0,200,6,80,1,nearest,1,4,0,false,none,none,RUSH_HOUR,10,116264435,Taxi Travel Distance [km],4.31,9.54,6.0,36.01,6,5.2299999999999995
2026-05-19T10:00:51.658651600Z,TaxiAlgorithmP2PCollector,0,200,6,80,1,nearest,1,4,0,false,none,none,RUSH_HOUR,10,116264435,Client Waiting Time [min],0.05,8.98,1.62,106.73,66,8.93
2026-05-19T10:00:51.658651600Z,TaxiAlgorithmP2PCollector,0,200,6,80,1,nearest,1,4,0,false,none,none,RUSH_HOUR,10,116264435,Client Travel Time [min],8.0,540.0,140.09,11207.0,80,532.0
2026-05-19T10:00:51.658651600Z,TaxiAlgorithmP2PCollector,0,200,6,80,1,nearest,1,4,0,false,none,none,RUSH_HOUR,10,116264435,Calculation Time [millis],0.0,1.0,0.01,28.0,4027,1.0
2026-05-19T10:00:51.658651600Z,TaxiAlgorithmP2PCollector,0,200,6,80,1,nearest,1,4,0,false,none,none,RUSH_HOUR,10,116264435,Custom Time [micros],0.0,0.0,0.0,0.0,4027,0.0
2026-05-19T10:00:51.753650200Z,TaxiAlgorithmP2PCollector,0,200,6,80,1,nearest,1,4,0,false,none,none,SPATIAL_IMBALANCE,1,116264426,Taxi Travel Distance [km],0.0,9.34,4.41,26.48,6,9.34
2026-05-19T10:00:51.753650200Z,TaxiAlgorithmP2PCollector,0,200,6,80,1,nearest,1,4,0,false,none,none,SPATIAL_IMBALANCE,1,116264426,Client Waiting Time [min],0.05,9.87,2.64,129.43,49,9.819999999999999
2026-05-19T10:00:51.753650200Z,TaxiAlgorithmP2PCollector,0,200,6,80,1,nearest,1,4,0,false,none,none,SPATIAL_IMBALANCE,1,116264426,Client Travel Time [min],17.0,634.0,214.84,17187.0,80,617.0
2026-05-19T10:00:51.753650200Z,TaxiAlgorithmP2PCollector,0,200,6,80,1,nearest,1,4,0,false,none,none,SPATIAL_IMBALANCE,1,116264426,Calculation Time [millis],0.0,0.0,0.01,32.0,4275,0.0
2026-05-19T10:00:51.753650200Z,TaxiAlgorithmP2PCollector,0,200,6,80,1,nearest,1,4,0,false,none,none,SPATIAL_IMBALANCE,1,116264426,Custom Time [micros],0.0,0.0,0.0,0.0,4275,0.0
2026-05-19T10:00:51.863168300Z,TaxiAlgorithmP2PCollector,0,200,6,80,1,nearest,1,4,0,false,none,none,SPATIAL_IMBALANCE,2,116264427,Taxi Travel Distance [km],1.5,6.96,3.83,22.96,6,5.46
2026-05-19T10:00:51.863168300Z,TaxiAlgorithmP2PCollector,0,200,6,80,1,nearest,1,4,0,false,none,none,SPATIAL_IMBALANCE,2,116264427,Client Waiting Time [min],0.05,8.92,2.36,117.77,50,8.87
2026-05-19T10:00:51.863168300Z,TaxiAlgorithmP2PCollector,0,200,6,80,1,nearest,1,4,0,false,none,none,SPATIAL_IMBALANCE,2,116264427,Client Travel Time [min],15.0,589.0,208.8,16704.0,80,574.0
2026-05-19T10:00:51.863168300Z,TaxiAlgorithmP2PCollector,0,200,6,80,1,nearest,1,4,0,false,none,none,SPATIAL_IMBALANCE,2,116264427,Calculation Time [millis],0.0,0.0,0.01,35.0,4254,0.0
2026-05-19T10:00:51.863168300Z,TaxiAlgorithmP2PCollector,0,200,6,80,1,nearest,1,4,0,false,none,none,SPATIAL_IMBALANCE,2,116264427,Custom Time [micros],0.0,0.0,0.0,0.0,4254,0.0
2026-05-19T10:00:51.973170600Z,TaxiAlgorithmP2PCollector,0,200,6,80,1,nearest,1,4,0,false,none,none,SPATIAL_IMBALANCE,3,116264428,Taxi Travel Distance [km],1.12,6.13,3.86,23.15,6,5.01
2026-05-19T10:00:51.973170600Z,TaxiAlgorithmP2PCollector,0,200,6,80,1,nearest,1,4,0,false,none,none,SPATIAL_IMBALANCE,3,116264428,Client Waiting Time [min],0.05,11.53,3.83,168.5,44,11.479999999999999
2026-05-19T10:00:51.973170600Z,TaxiAlgorithmP2PCollector,0,200,6,80,1,nearest,1,4,0,false,none,none,SPATIAL_IMBALANCE,3,116264428,Client Travel Time [min],29.0,789.0,296.98,23758.0,80,760.0
2026-05-19T10:00:51.973170600Z,TaxiAlgorithmP2PCollector,0,200,6,80,1,nearest,1,4,0,false,none,none,SPATIAL_IMBALANCE,3,116264428,Calculation Time [millis],0.0,0.0,0.01,39.0,4394,0.0
2026-05-19T10:00:51.973170600Z,TaxiAlgorithmP2PCollector,0,200,6,80,1,nearest,1,4,0,false,none,none,SPATIAL_IMBALANCE,3,116264428,Custom Time [micros],0.0,0.0,0.0,0.0,4394,0.0
2026-05-19T10:00:52.081167700Z,TaxiAlgorithmP2PCollector,0,200,6,80,1,nearest,1,4,0,false,none,none,SPATIAL_IMBALANCE,4,116264429,Taxi Travel Distance [km],1.8,6.76,3.99,23.93,6,4.96
2026-05-19T10:00:52.081167700Z,TaxiAlgorithmP2PCollector,0,200,6,80,1,nearest,1,4,0,false,none,none,SPATIAL_IMBALANCE,4,116264429,Client Waiting Time [min],0.07,10.22,2.71,141.02,52,10.15
2026-05-19T10:00:52.081167700Z,TaxiAlgorithmP2PCollector,0,200,6,80,1,nearest,1,4,0,false,none,none,SPATIAL_IMBALANCE,4,116264429,Client Travel Time [min],17.0,785.0,225.73,18058.0,80,768.0
2026-05-19T10:00:52.081167700Z,TaxiAlgorithmP2PCollector,0,200,6,80,1,nearest,1,4,0,false,none,none,SPATIAL_IMBALANCE,4,116264429,Calculation Time [millis],0.0,0.0,0.01,45.0,4322,0.0
2026-05-19T10:00:52.081167700Z,TaxiAlgorithmP2PCollector,0,200,6,80,1,nearest,1,4,0,false,none,none,SPATIAL_IMBALANCE,4,116264429,Custom Time [micros],0.0,0.0,0.0,0.0,4322,0.0
2026-05-19T10:00:52.221168600Z,TaxiAlgorithmP2PCollector,0,200,6,80,1,nearest,1,4,0,false,none,none,SPATIAL_IMBALANCE,5,116264430,Taxi Travel Distance [km],0.92,5.87,3.72,22.31,6,4.95
2026-05-19T10:00:52.221168600Z,TaxiAlgorithmP2PCollector,0,200,6,80,1,nearest,1,4,0,false,none,none,SPATIAL_IMBALANCE,5,116264430,Client Waiting Time [min],0.08,8.63,2.94,146.83,50,8.55
2026-05-19T10:00:52.221168600Z,TaxiAlgorithmP2PCollector,0,200,6,80,1,nearest,1,4,0,false,none,none,SPATIAL_IMBALANCE,5,116264430,Client Travel Time [min],13.0,778.0,245.4,19632.0,80,765.0
2026-05-19T10:00:52.221168600Z,TaxiAlgorithmP2PCollector,0,200,6,80,1,nearest,1,4,0,false,none,none,SPATIAL_IMBALANCE,5,116264430,Calculation Time [millis],0.0,0.0,0.01,43.0,4281,0.0
2026-05-19T10:00:52.221168600Z,TaxiAlgorithmP2PCollector,0,200,6,80,1,nearest,1,4,0,false,none,none,SPATIAL_IMBALANCE,5,116264430,Custom Time [micros],0.0,0.0,0.0,0.0,4281,0.0
2026-05-19T10:00:52.330171500Z,TaxiAlgorithmP2PCollector,0,200,6,80,1,nearest,1,4,0,false,none,none,SPATIAL_IMBALANCE,6,116264431,Taxi Travel Distance [km],1.04,5.76,3.46,20.78,6,4.72
2026-05-19T10:00:52.330171500Z,TaxiAlgorithmP2PCollector,0,200,6,80,1,nearest,1,4,0,false,none,none,SPATIAL_IMBALANCE,6,116264431,Client Waiting Time [min],0.05,8.33,2.22,93.03,42,8.28
2026-05-19T10:00:52.330171500Z,TaxiAlgorithmP2PCollector,0,200,6,80,1,nearest,1,4,0,false,none,none,SPATIAL_IMBALANCE,6,116264431,Client Travel Time [min],10.0,823.0,246.4,19712.0,80,813.0
2026-05-19T10:00:52.330171500Z,TaxiAlgorithmP2PCollector,0,200,6,80,1,nearest,1,4,0,false,none,none,SPATIAL_IMBALANCE,6,116264431,Calculation Time [millis],0.0,1.0,0.01,34.0,4181,1.0
2026-05-19T10:00:52.330171500Z,TaxiAlgorithmP2PCollector,0,200,6,80,1,nearest,1,4,0,false,none,none,SPATIAL_IMBALANCE,6,116264431,Custom Time [micros],0.0,0.0,0.0,0.0,4181,0.0
2026-05-19T10:00:52.422172800Z,TaxiAlgorithmP2PCollector,0,200,6,80,1,nearest,1,4,0,false,none,none,SPATIAL_IMBALANCE,7,116264432,Taxi Travel Distance [km],2.13,5.69,4.13,24.8,6,3.5600000000000005
2026-05-19T10:00:52.422172800Z,TaxiAlgorithmP2PCollector,0,200,6,80,1,nearest,1,4,0,false,none,none,SPATIAL_IMBALANCE,7,116264432,Client Waiting Time [min],0.07,9.72,2.97,148.52,50,9.65
2026-05-19T10:00:52.422172800Z,TaxiAlgorithmP2PCollector,0,200,6,80,1,nearest,1,4,0,false,none,none,SPATIAL_IMBALANCE,7,116264432,Client Travel Time [min],13.0,612.0,236.93,18954.0,80,599.0
2026-05-19T10:00:52.422172800Z,TaxiAlgorithmP2PCollector,0,200,6,80,1,nearest,1,4,0,false,none,none,SPATIAL_IMBALANCE,7,116264432,Calculation Time [millis],0.0,0.0,0.01,34.0,4378,0.0
2026-05-19T10:00:52.422172800Z,TaxiAlgorithmP2PCollector,0,200,6,80,1,nearest,1,4,0,false,none,none,SPATIAL_IMBALANCE,7,116264432,Custom Time [micros],0.0,0.0,0.0,0.0,4378,0.0
2026-05-19T10:00:52.532019800Z,TaxiAlgorithmP2PCollector,0,200,6,80,1,nearest,1,4,0,false,none,none,SPATIAL_IMBALANCE,8,116264433,Taxi Travel Distance [km],1.38,5.14,3.77,22.6,6,3.76
2026-05-19T10:00:52.532019800Z,TaxiAlgorithmP2PCollector,0,200,6,80,1,nearest,1,4,0,false,none,none,SPATIAL_IMBALANCE,8,116264433,Client Waiting Time [min],0.05,10.62,2.8,120.37,43,10.569999999999999
2026-05-19T10:00:52.532019800Z,TaxiAlgorithmP2PCollector,0,200,6,80,1,nearest,1,4,0,false,none,none,SPATIAL_IMBALANCE,8,116264433,Client Travel Time [min],9.0,907.0,282.85,22628.0,80,898.0
2026-05-19T10:00:52.532019800Z,TaxiAlgorithmP2PCollector,0,200,6,80,1,nearest,1,4,0,false,none,none,SPATIAL_IMBALANCE,8,116264433,Calculation Time [millis],0.0,0.0,0.01,41.0,4442,0.0
2026-05-19T10:00:52.532019800Z,TaxiAlgorithmP2PCollector,0,200,6,80,1,nearest,1,4,0,false,none,none,SPATIAL_IMBALANCE,8,116264433,Custom Time [micros],0.0,0.0,0.0,0.0,4442,0.0
2026-05-19T10:00:52.641017400Z,TaxiAlgorithmP2PCollector,0,200,6,80,1,nearest,1,4,0,false,none,none,SPATIAL_IMBALANCE,9,116264434,Taxi Travel Distance [km],0.21,4.54,2.68,16.08,6,4.33
2026-05-19T10:00:52.641017400Z,TaxiAlgorithmP2PCollector,0,200,6,80,1,nearest,1,4,0,false,none,none,SPATIAL_IMBALANCE,9,116264434,Client Waiting Time [min],0.07,10.75,2.99,110.77,37,10.68
2026-05-19T10:00:52.641017400Z,TaxiAlgorithmP2PCollector,0,200,6,80,1,nearest,1,4,0,false,none,none,SPATIAL_IMBALANCE,9,116264434,Client Travel Time [min],10.0,745.0,275.28,22022.0,80,735.0
2026-05-19T10:00:52.641017400Z,TaxiAlgorithmP2PCollector,0,200,6,80,1,nearest,1,4,0,false,none,none,SPATIAL_IMBALANCE,9,116264434,Calculation Time [millis],0.0,1.0,0.01,39.0,4166,1.0
2026-05-19T10:00:52.641017400Z,TaxiAlgorithmP2PCollector,0,200,6,80,1,nearest,1,4,0,false,none,none,SPATIAL_IMBALANCE,9,116264434,Custom Time [micros],0.0,0.0,0.0,0.0,4166,0.0
2026-05-19T10:00:52.749016600Z,TaxiAlgorithmP2PCollector,0,200,6,80,1,nearest,1,4,0,false,none,none,SPATIAL_IMBALANCE,10,116264435,Taxi Travel Distance [km],1.59,4.73,2.71,16.24,6,3.1400000000000006
2026-05-19T10:00:52.749016600Z,TaxiAlgorithmP2PCollector,0,200,6,80,1,nearest,1,4,0,false,none,none,SPATIAL_IMBALANCE,10,116264435,Client Waiting Time [min],0.08,6.63,2.53,91.22,36,6.55
2026-05-19T10:00:52.749016600Z,TaxiAlgorithmP2PCollector,0,200,6,80,1,nearest,1,4,0,false,none,none,SPATIAL_IMBALANCE,10,116264435,Client Travel Time [min],14.0,763.0,253.13,20250.0,80,749.0
2026-05-19T10:00:52.749016600Z,TaxiAlgorithmP2PCollector,0,200,6,80,1,nearest,1,4,0,false,none,none,SPATIAL_IMBALANCE,10,116264435,Calculation Time [millis],0.0,0.0,0.01,40.0,4144,0.0
2026-05-19T10:00:52.749016600Z,TaxiAlgorithmP2PCollector,0,200,6,80,1,nearest,1,4,0,false,none,none,SPATIAL_IMBALANCE,10,116264435,Custom Time [micros],0.0,0.0,0.0,0.0,4144,0.0
2026-05-19T10:00:52.856019400Z,TaxiAlgorithmP2PCollector,0,200,6,80,1,nearest,1,4,0,false,none,none,SPATIAL_ISLANDS,1,116264426,Taxi Travel Distance [km],1.55,6.58,3.12,18.71,6,5.03
2026-05-19T10:00:52.856019400Z,TaxiAlgorithmP2PCollector,0,200,6,80,1,nearest,1,4,0,false,none,none,SPATIAL_ISLANDS,1,116264426,Client Waiting Time [min],0.07,12.07,2.66,95.83,36,12.0
2026-05-19T10:00:52.856019400Z,TaxiAlgorithmP2PCollector,0,200,6,80,1,nearest,1,4,0,false,none,none,SPATIAL_ISLANDS,1,116264426,Client Travel Time [min],20.0,733.0,286.85,22948.0,80,713.0
2026-05-19T10:00:52.856019400Z,TaxiAlgorithmP2PCollector,0,200,6,80,1,nearest,1,4,0,false,none,none,SPATIAL_ISLANDS,1,116264426,Calculation Time [millis],0.0,0.0,0.01,36.0,4518,0.0
2026-05-19T10:00:52.856019400Z,TaxiAlgorithmP2PCollector,0,200,6,80,1,nearest,1,4,0,false,none,none,SPATIAL_ISLANDS,1,116264426,Custom Time [micros],0.0,0.0,0.0,0.0,4518,0.0
2026-05-19T10:00:52.963019200Z,TaxiAlgorithmP2PCollector,0,200,6,80,1,nearest,1,4,0,false,none,none,SPATIAL_ISLANDS,2,116264427,Taxi Travel Distance [km],1.76,6.7,4.28,25.66,6,4.94
2026-05-19T10:00:52.963019200Z,TaxiAlgorithmP2PCollector,0,200,6,80,1,nearest,1,4,0,false,none,none,SPATIAL_ISLANDS,2,116264427,Client Waiting Time [min],0.03,9.87,2.96,142.22,48,9.84
2026-05-19T10:00:52.963019200Z,TaxiAlgorithmP2PCollector,0,200,6,80,1,nearest,1,4,0,false,none,none,SPATIAL_ISLANDS,2,116264427,Client Travel Time [min],20.0,858.0,266.19,21295.0,80,838.0
2026-05-19T10:00:52.963019200Z,TaxiAlgorithmP2PCollector,0,200,6,80,1,nearest,1,4,0,false,none,none,SPATIAL_ISLANDS,2,116264427,Calculation Time [millis],0.0,1.0,0.01,38.0,4655,1.0
2026-05-19T10:00:52.963019200Z,TaxiAlgorithmP2PCollector,0,200,6,80,1,nearest,1,4,0,false,none,none,SPATIAL_ISLANDS,2,116264427,Custom Time [micros],0.0,0.0,0.0,0.0,4655,0.0
2026-05-19T10:00:53.071020Z,TaxiAlgorithmP2PCollector,0,200,6,80,1,nearest,1,4,0,false,none,none,SPATIAL_ISLANDS,3,116264428,Taxi Travel Distance [km],0.96,5.27,2.69,16.14,6,4.31
2026-05-19T10:00:53.071020Z,TaxiAlgorithmP2PCollector,0,200,6,80,1,nearest,1,4,0,false,none,none,SPATIAL_ISLANDS,3,116264428,Client Waiting Time [min],0.1,10.18,4.13,132.17,32,10.08
2026-05-19T10:00:53.071020Z,TaxiAlgorithmP2PCollector,0,200,6,80,1,nearest,1,4,0,false,none,none,SPATIAL_ISLANDS,3,116264428,Client Travel Time [min],20.0,975.0,358.28,28662.0,80,955.0
2026-05-19T10:00:53.071020Z,TaxiAlgorithmP2PCollector,0,200,6,80,1,nearest,1,4,0,false,none,none,SPATIAL_ISLANDS,3,116264428,Calculation Time [millis],0.0,0.0,0.01,36.0,4396,0.0
2026-05-19T10:00:53.071020Z,TaxiAlgorithmP2PCollector,0,200,6,80,1,nearest,1,4,0,false,none,none,SPATIAL_ISLANDS,3,116264428,Custom Time [micros],0.0,0.0,0.0,0.0,4396,0.0
2026-05-19T10:00:53.179018300Z,TaxiAlgorithmP2PCollector,0,200,6,80,1,nearest,1,4,0,false,none,none,SPATIAL_ISLANDS,4,116264429,Taxi Travel Distance [km],0.91,7.9,4.31,25.88,6,6.99
2026-05-19T10:00:53.179018300Z,TaxiAlgorithmP2PCollector,0,200,6,80,1,nearest,1,4,0,false,none,none,SPATIAL_ISLANDS,4,116264429,Client Waiting Time [min],0.05,10.25,3.6,179.87,50,10.2
2026-05-19T10:00:53.179018300Z,TaxiAlgorithmP2PCollector,0,200,6,80,1,nearest,1,4,0,false,none,none,SPATIAL_ISLANDS,4,116264429,Client Travel Time [min],16.0,805.0,276.14,22091.0,80,789.0
2026-05-19T10:00:53.179018300Z,TaxiAlgorithmP2PCollector,0,200,6,80,1,nearest,1,4,0,false,none,none,SPATIAL_ISLANDS,4,116264429,Calculation Time [millis],0.0,0.0,0.01,42.0,4776,0.0
2026-05-19T10:00:53.179018300Z,TaxiAlgorithmP2PCollector,0,200,6,80,1,nearest,1,4,0,false,none,none,SPATIAL_ISLANDS,4,116264429,Custom Time [micros],0.0,0.0,0.0,0.0,4776,0.0
2026-05-19T10:00:53.289016900Z,TaxiAlgorithmP2PCollector,0,200,6,80,1,nearest,1,4,0,false,none,none,SPATIAL_ISLANDS,5,116264430,Taxi Travel Distance [km],0.81,5.69,2.94,17.67,6,4.880000000000001
2026-05-19T10:00:53.289016900Z,TaxiAlgorithmP2PCollector,0,200,6,80,1,nearest,1,4,0,false,none,none,SPATIAL_ISLANDS,5,116264430,Client Waiting Time [min],0.1,10.43,3.87,150.87,39,10.33
2026-05-19T10:00:53.289016900Z,TaxiAlgorithmP2PCollector,0,200,6,80,1,nearest,1,4,0,false,none,none,SPATIAL_ISLANDS,5,116264430,Client Travel Time [min],18.0,727.0,317.61,25409.0,80,709.0
2026-05-19T10:00:53.289016900Z,TaxiAlgorithmP2PCollector,0,200,6,80,1,nearest,1,4,0,false,none,none,SPATIAL_ISLANDS,5,116264430,Calculation Time [millis],0.0,1.0,0.01,34.0,4362,1.0
2026-05-19T10:00:53.289016900Z,TaxiAlgorithmP2PCollector,0,200,6,80,1,nearest,1,4,0,false,none,none,SPATIAL_ISLANDS,5,116264430,Custom Time [micros],0.0,0.0,0.0,0.0,4362,0.0
2026-05-19T10:00:53.381015900Z,TaxiAlgorithmP2PCollector,0,200,6,80,1,nearest,1,4,0,false,none,none,SPATIAL_ISLANDS,6,116264431,Taxi Travel Distance [km],0.73,6.56,3.76,22.53,6,5.83
2026-05-19T10:00:53.381015900Z,TaxiAlgorithmP2PCollector,0,200,6,80,1,nearest,1,4,0,false,none,none,SPATIAL_ISLANDS,6,116264431,Client Waiting Time [min],0.07,8.95,2.5,97.42,39,8.879999999999999
2026-05-19T10:00:53.381015900Z,TaxiAlgorithmP2PCollector,0,200,6,80,1,nearest,1,4,0,false,none,none,SPATIAL_ISLANDS,6,116264431,Client Travel Time [min],16.0,733.0,281.78,22542.0,80,717.0
2026-05-19T10:00:53.381015900Z,TaxiAlgorithmP2PCollector,0,200,6,80,1,nearest,1,4,0,false,none,none,SPATIAL_ISLANDS,6,116264431,Calculation Time [millis],0.0,0.0,0.01,39.0,4466,0.0
2026-05-19T10:00:53.381015900Z,TaxiAlgorithmP2PCollector,0,200,6,80,1,nearest,1,4,0,false,none,none,SPATIAL_ISLANDS,6,116264431,Custom Time [micros],0.0,0.0,0.0,0.0,4466,0.0
2026-05-19T10:00:53.505019100Z,TaxiAlgorithmP2PCollector,0,200,6,80,1,nearest,1,4,0,false,none,none,SPATIAL_ISLANDS,7,116264432,Taxi Travel Distance [km],1.78,5.02,3.79,22.77,6,3.2399999999999993
2026-05-19T10:00:53.505019100Z,TaxiAlgorithmP2PCollector,0,200,6,80,1,nearest,1,4,0,false,none,none,SPATIAL_ISLANDS,7,116264432,Client Waiting Time [min],0.05,11.33,3.68,161.83,44,11.28
2026-05-19T10:00:53.505019100Z,TaxiAlgorithmP2PCollector,0,200,6,80,1,nearest,1,4,0,false,none,none,SPATIAL_ISLANDS,7,116264432,Client Travel Time [min],17.0,761.0,289.53,23162.0,80,744.0
2026-05-19T10:00:53.505019100Z,TaxiAlgorithmP2PCollector,0,200,6,80,1,nearest,1,4,0,false,none,none,SPATIAL_ISLANDS,7,116264432,Calculation Time [millis],0.0,0.0,0.01,42.0,4651,0.0
2026-05-19T10:00:53.505019100Z,TaxiAlgorithmP2PCollector,0,200,6,80,1,nearest,1,4,0,false,none,none,SPATIAL_ISLANDS,7,116264432,Custom Time [micros],0.0,0.0,0.0,0.0,4651,0.0
2026-05-19T10:00:53.615018100Z,TaxiAlgorithmP2PCollector,0,200,6,80,1,nearest,1,4,0,false,none,none,SPATIAL_ISLANDS,8,116264433,Taxi Travel Distance [km],0.62,5.12,2.1,12.59,6,4.5
2026-05-19T10:00:53.615018100Z,TaxiAlgorithmP2PCollector,0,200,6,80,1,nearest,1,4,0,false,none,none,SPATIAL_ISLANDS,8,116264433,Client Waiting Time [min],0.13,10.08,5.14,133.72,26,9.95
2026-05-19T10:00:53.615018100Z,TaxiAlgorithmP2PCollector,0,200,6,80,1,nearest,1,4,0,false,none,none,SPATIAL_ISLANDS,8,116264433,Client Travel Time [min],30.0,836.0,407.26,32581.0,80,806.0
2026-05-19T10:00:53.615018100Z,TaxiAlgorithmP2PCollector,0,200,6,80,1,nearest,1,4,0,false,none,none,SPATIAL_ISLANDS,8,116264433,Calculation Time [millis],0.0,0.0,0.01,44.0,4442,0.0
2026-05-19T10:00:53.615018100Z,TaxiAlgorithmP2PCollector,0,200,6,80,1,nearest,1,4,0,false,none,none,SPATIAL_ISLANDS,8,116264433,Custom Time [micros],0.0,0.0,0.0,0.0,4442,0.0
2026-05-19T10:00:53.739018600Z,TaxiAlgorithmP2PCollector,0,200,6,80,1,nearest,1,4,0,false,none,none,SPATIAL_ISLANDS,9,116264434,Taxi Travel Distance [km],1.58,8.08,4.77,28.6,6,6.5
2026-05-19T10:00:53.739018600Z,TaxiAlgorithmP2PCollector,0,200,6,80,1,nearest,1,4,0,false,none,none,SPATIAL_ISLANDS,9,116264434,Client Waiting Time [min],0.05,10.57,2.89,153.08,53,10.52
2026-05-19T10:00:53.739018600Z,TaxiAlgorithmP2PCollector,0,200,6,80,1,nearest,1,4,0,false,none,none,SPATIAL_ISLANDS,9,116264434,Client Travel Time [min],10.0,876.0,247.13,19770.0,80,866.0
2026-05-19T10:00:53.739018600Z,TaxiAlgorithmP2PCollector,0,200,6,80,1,nearest,1,4,0,false,none,none,SPATIAL_ISLANDS,9,116264434,Calculation Time [millis],0.0,0.0,0.01,38.0,4581,0.0
2026-05-19T10:00:53.739018600Z,TaxiAlgorithmP2PCollector,0,200,6,80,1,nearest,1,4,0,false,none,none,SPATIAL_ISLANDS,9,116264434,Custom Time [micros],0.0,0.0,0.0,0.0,4581,0.0
2026-05-19T10:00:53.831019400Z,TaxiAlgorithmP2PCollector,0,200,6,80,1,nearest,1,4,0,false,none,none,SPATIAL_ISLANDS,10,116264435,Taxi Travel Distance [km],1.27,6.4,3.94,23.64,6,5.130000000000001
2026-05-19T10:00:53.831019400Z,TaxiAlgorithmP2PCollector,0,200,6,80,1,nearest,1,4,0,false,none,none,SPATIAL_ISLANDS,10,116264435,Client Waiting Time [min],0.05,9.87,3.34,153.62,46,9.819999999999999
2026-05-19T10:00:53.831019400Z,TaxiAlgorithmP2PCollector,0,200,6,80,1,nearest,1,4,0,false,none,none,SPATIAL_ISLANDS,10,116264435,Client Travel Time [min],11.0,720.0,274.93,21994.0,80,709.0
2026-05-19T10:00:53.831019400Z,TaxiAlgorithmP2PCollector,0,200,6,80,1,nearest,1,4,0,false,none,none,SPATIAL_ISLANDS,10,116264435,Calculation Time [millis],0.0,1.0,0.01,38.0,4523,1.0
2026-05-19T10:00:53.831019400Z,TaxiAlgorithmP2PCollector,0,200,6,80,1,nearest,1,4,0,false,none,none,SPATIAL_ISLANDS,10,116264435,Custom Time [micros],0.0,0.0,0.0,0.0,4523,0.0
2026-05-19T10:00:53.987019300Z,TaxiAlgorithmP2PCollector,0,200,6,80,1,nearest,1,4,0,true,page-rank,page-rank,BASELINE,1,116264426,Taxi Travel Distance [km],27.48,31.86,30.42,182.51,6,4.379999999999999
2026-05-19T10:00:53.987019300Z,TaxiAlgorithmP2PCollector,0,200,6,80,1,nearest,1,4,0,true,page-rank,page-rank,BASELINE,1,116264426,Client Waiting Time [min],0.05,2.6,0.71,55.6,78,2.5500000000000003
2026-05-19T10:00:53.987019300Z,TaxiAlgorithmP2PCollector,0,200,6,80,1,nearest,1,4,0,true,page-rank,page-rank,BASELINE,1,116264426,Client Travel Time [min],12.0,167.0,63.24,5059.0,80,155.0
2026-05-19T10:00:53.987019300Z,TaxiAlgorithmP2PCollector,0,200,6,80,1,nearest,1,4,0,true,page-rank,page-rank,BASELINE,1,116264426,Calculation Time [millis],0.0,0.0,0.01,60.0,4071,0.0
2026-05-19T10:00:53.987019300Z,TaxiAlgorithmP2PCollector,0,200,6,80,1,nearest,1,4,0,true,page-rank,page-rank,BASELINE,1,116264426,Custom Time [micros],0.0,0.0,0.0,0.0,4071,0.0
2026-05-19T10:00:54.125017100Z,TaxiAlgorithmP2PCollector,0,200,6,80,1,nearest,1,4,0,true,page-rank,page-rank,BASELINE,2,116264427,Taxi Travel Distance [km],26.15,30.1,28.62,171.72,6,3.950000000000003
2026-05-19T10:00:54.125017100Z,TaxiAlgorithmP2PCollector,0,200,6,80,1,nearest,1,4,0,true,page-rank,page-rank,BASELINE,2,116264427,Client Waiting Time [min],0.05,3.02,0.69,53.72,78,2.97
2026-05-19T10:00:54.125017100Z,TaxiAlgorithmP2PCollector,0,200,6,80,1,nearest,1,4,0,true,page-rank,page-rank,BASELINE,2,116264427,Client Travel Time [min],11.0,195.0,60.43,4834.0,80,184.0
2026-05-19T10:00:54.125017100Z,TaxiAlgorithmP2PCollector,0,200,6,80,1,nearest,1,4,0,true,page-rank,page-rank,BASELINE,2,116264427,Calculation Time [millis],0.0,0.0,0.02,61.0,3974,0.0
2026-05-19T10:00:54.125017100Z,TaxiAlgorithmP2PCollector,0,200,6,80,1,nearest,1,4,0,true,page-rank,page-rank,BASELINE,2,116264427,Custom Time [micros],0.0,0.0,0.0,0.0,3974,0.0
2026-05-19T10:00:54.235019200Z,TaxiAlgorithmP2PCollector,0,200,6,80,1,nearest,1,4,0,true,page-rank,page-rank,BASELINE,3,116264428,Taxi Travel Distance [km],23.26,28.8,25.86,155.13,6,5.539999999999999
2026-05-19T10:00:54.235019200Z,TaxiAlgorithmP2PCollector,0,200,6,80,1,nearest,1,4,0,true,page-rank,page-rank,BASELINE,3,116264428,Client Waiting Time [min],0.03,2.48,0.6,47.47,79,2.45
2026-05-19T10:00:54.235019200Z,TaxiAlgorithmP2PCollector,0,200,6,80,1,nearest,1,4,0,true,page-rank,page-rank,BASELINE,3,116264428,Client Travel Time [min],12.0,175.0,59.7,4776.0,80,163.0
2026-05-19T10:00:54.235019200Z,TaxiAlgorithmP2PCollector,0,200,6,80,1,nearest,1,4,0,true,page-rank,page-rank,BASELINE,3,116264428,Calculation Time [millis],0.0,0.0,0.01,52.0,3924,0.0
2026-05-19T10:00:54.235019200Z,TaxiAlgorithmP2PCollector,0,200,6,80,1,nearest,1,4,0,true,page-rank,page-rank,BASELINE,3,116264428,Custom Time [micros],0.0,0.0,0.0,0.0,3924,0.0
2026-05-19T10:00:54.376015900Z,TaxiAlgorithmP2PCollector,0,200,6,80,1,nearest,1,4,0,true,page-rank,page-rank,BASELINE,4,116264429,Taxi Travel Distance [km],26.85,32.9,30.37,182.2,6,6.049999999999997
2026-05-19T10:00:54.376015900Z,TaxiAlgorithmP2PCollector,0,200,6,80,1,nearest,1,4,0,true,page-rank,page-rank,BASELINE,4,116264429,Client Waiting Time [min],0.03,2.9,0.66,51.83,79,2.87
2026-05-19T10:00:54.376015900Z,TaxiAlgorithmP2PCollector,0,200,6,80,1,nearest,1,4,0,true,page-rank,page-rank,BASELINE,4,116264429,Client Travel Time [min],11.0,194.0,61.55,4924.0,80,183.0
2026-05-19T10:00:54.376015900Z,TaxiAlgorithmP2PCollector,0,200,6,80,1,nearest,1,4,0,true,page-rank,page-rank,BASELINE,4,116264429,Calculation Time [millis],0.0,0.0,0.01,53.0,3998,0.0
2026-05-19T10:00:54.376015900Z,TaxiAlgorithmP2PCollector,0,200,6,80,1,nearest,1,4,0,true,page-rank,page-rank,BASELINE,4,116264429,Custom Time [micros],0.0,0.0,0.0,0.0,3998,0.0
2026-05-19T10:00:54.485019400Z,TaxiAlgorithmP2PCollector,0,200,6,80,1,nearest,1,4,0,true,page-rank,page-rank,BASELINE,5,116264430,Taxi Travel Distance [km],23.5,28.65,26.6,159.62,6,5.149999999999999
2026-05-19T10:00:54.485019400Z,TaxiAlgorithmP2PCollector,0,200,6,80,1,nearest,1,4,0,true,page-rank,page-rank,BASELINE,5,116264430,Client Waiting Time [min],0.03,2.62,0.61,48.53,79,2.5900000000000003
2026-05-19T10:00:54.485019400Z,TaxiAlgorithmP2PCollector,0,200,6,80,1,nearest,1,4,0,true,page-rank,page-rank,BASELINE,5,116264430,Client Travel Time [min],10.0,190.0,59.66,4773.0,80,180.0
2026-05-19T10:00:54.485019400Z,TaxiAlgorithmP2PCollector,0,200,6,80,1,nearest,1,4,0,true,page-rank,page-rank,BASELINE,5,116264430,Calculation Time [millis],0.0,1.0,0.01,54.0,4033,1.0
2026-05-19T10:00:54.485019400Z,TaxiAlgorithmP2PCollector,0,200,6,80,1,nearest,1,4,0,true,page-rank,page-rank,BASELINE,5,116264430,Custom Time [micros],0.0,0.0,0.0,0.0,4033,0.0
2026-05-19T10:00:54.625018300Z,TaxiAlgorithmP2PCollector,0,200,6,80,1,nearest,1,4,0,true,page-rank,page-rank,BASELINE,6,116264431,Taxi Travel Distance [km],28.23,31.93,29.92,179.51,6,3.6999999999999993
2026-05-19T10:00:54.625018300Z,TaxiAlgorithmP2PCollector,0,200,6,80,1,nearest,1,4,0,true,page-rank,page-rank,BASELINE,6,116264431,Client Waiting Time [min],0.05,4.63,0.7,55.4,79,4.58
2026-05-19T10:00:54.625018300Z,TaxiAlgorithmP2PCollector,0,200,6,80,1,nearest,1,4,0,true,page-rank,page-rank,BASELINE,6,116264431,Client Travel Time [min],10.0,279.0,62.14,4971.0,80,269.0
2026-05-19T10:00:54.625018300Z,TaxiAlgorithmP2PCollector,0,200,6,80,1,nearest,1,4,0,true,page-rank,page-rank,BASELINE,6,116264431,Calculation Time [millis],0.0,0.0,0.01,59.0,3984,0.0
2026-05-19T10:00:54.625018300Z,TaxiAlgorithmP2PCollector,0,200,6,80,1,nearest,1,4,0,true,page-rank,page-rank,BASELINE,6,116264431,Custom Time [micros],0.0,0.0,0.0,0.0,3984,0.0
2026-05-19T10:00:54.749070200Z,TaxiAlgorithmP2PCollector,0,200,6,80,1,nearest,1,4,0,true,page-rank,page-rank,BASELINE,7,116264432,Taxi Travel Distance [km],24.31,30.9,28.2,169.22,6,6.59
2026-05-19T10:00:54.749070200Z,TaxiAlgorithmP2PCollector,0,200,6,80,1,nearest,1,4,0,true,page-rank,page-rank,BASELINE,7,116264432,Client Waiting Time [min],0.05,2.87,0.69,54.98,80,2.8200000000000003
2026-05-19T10:00:54.749070200Z,TaxiAlgorithmP2PCollector,0,200,6,80,1,nearest,1,4,0,true,page-rank,page-rank,BASELINE,7,116264432,Client Travel Time [min],6.0,204.0,62.75,5020.0,80,198.0
2026-05-19T10:00:54.749070200Z,TaxiAlgorithmP2PCollector,0,200,6,80,1,nearest,1,4,0,true,page-rank,page-rank,BASELINE,7,116264432,Calculation Time [millis],0.0,1.0,0.01,59.0,4079,1.0
2026-05-19T10:00:54.749070200Z,TaxiAlgorithmP2PCollector,0,200,6,80,1,nearest,1,4,0,true,page-rank,page-rank,BASELINE,7,116264432,Custom Time [micros],0.0,0.0,0.0,0.0,4079,0.0
2026-05-19T10:00:54.891069700Z,TaxiAlgorithmP2PCollector,0,200,6,80,1,nearest,1,4,0,true,page-rank,page-rank,BASELINE,8,116264433,Taxi Travel Distance [km],26.39,29.64,27.71,166.23,6,3.25
2026-05-19T10:00:54.891069700Z,TaxiAlgorithmP2PCollector,0,200,6,80,1,nearest,1,4,0,true,page-rank,page-rank,BASELINE,8,116264433,Client Waiting Time [min],0.03,4.3,0.8,64.12,80,4.27
2026-05-19T10:00:54.891069700Z,TaxiAlgorithmP2PCollector,0,200,6,80,1,nearest,1,4,0,true,page-rank,page-rank,BASELINE,8,116264433,Client Travel Time [min],11.0,283.0,71.4,5712.0,80,272.0
2026-05-19T10:00:54.891069700Z,TaxiAlgorithmP2PCollector,0,200,6,80,1,nearest,1,4,0,true,page-rank,page-rank,BASELINE,8,116264433,Calculation Time [millis],0.0,0.0,0.01,58.0,4049,0.0
2026-05-19T10:00:54.891069700Z,TaxiAlgorithmP2PCollector,0,200,6,80,1,nearest,1,4,0,true,page-rank,page-rank,BASELINE,8,116264433,Custom Time [micros],0.0,0.0,0.0,0.0,4049,0.0
2026-05-19T10:00:55.031072200Z,TaxiAlgorithmP2PCollector,0,200,6,80,1,nearest,1,4,0,true,page-rank,page-rank,BASELINE,9,116264434,Taxi Travel Distance [km],25.56,29.01,26.82,160.9,6,3.450000000000003
2026-05-19T10:00:55.031072200Z,TaxiAlgorithmP2PCollector,0,200,6,80,1,nearest,1,4,0,true,page-rank,page-rank,BASELINE,9,116264434,Client Waiting Time [min],0.05,3.47,0.61,48.35,79,3.4200000000000004
2026-05-19T10:00:55.031072200Z,TaxiAlgorithmP2PCollector,0,200,6,80,1,nearest,1,4,0,true,page-rank,page-rank,BASELINE,9,116264434,Client Travel Time [min],7.0,233.0,59.83,4786.0,80,226.0
2026-05-19T10:00:55.031072200Z,TaxiAlgorithmP2PCollector,0,200,6,80,1,nearest,1,4,0,true,page-rank,page-rank,BASELINE,9,116264434,Calculation Time [millis],0.0,1.0,0.01,53.0,4031,1.0
2026-05-19T10:00:55.031072200Z,TaxiAlgorithmP2PCollector,0,200,6,80,1,nearest,1,4,0,true,page-rank,page-rank,BASELINE,9,116264434,Custom Time [micros],0.0,0.0,0.0,0.0,4031,0.0
2026-05-19T10:00:55.170070700Z,TaxiAlgorithmP2PCollector,0,200,6,80,1,nearest,1,4,0,true,page-rank,page-rank,BASELINE,10,116264435,Taxi Travel Distance [km],29.35,34.5,31.2,187.19,6,5.149999999999999
2026-05-19T10:00:55.170070700Z,TaxiAlgorithmP2PCollector,0,200,6,80,1,nearest,1,4,0,true,page-rank,page-rank,BASELINE,10,116264435,Client Waiting Time [min],0.05,2.62,0.73,57.9,79,2.5700000000000003
2026-05-19T10:00:55.170070700Z,TaxiAlgorithmP2PCollector,0,200,6,80,1,nearest,1,4,0,true,page-rank,page-rank,BASELINE,10,116264435,Client Travel Time [min],9.0,182.0,64.95,5196.0,80,173.0
2026-05-19T10:00:55.170070700Z,TaxiAlgorithmP2PCollector,0,200,6,80,1,nearest,1,4,0,true,page-rank,page-rank,BASELINE,10,116264435,Calculation Time [millis],0.0,0.0,0.02,78.0,4073,0.0
2026-05-19T10:00:55.170070700Z,TaxiAlgorithmP2PCollector,0,200,6,80,1,nearest,1,4,0,true,page-rank,page-rank,BASELINE,10,116264435,Custom Time [micros],0.0,0.0,0.0,0.0,4073,0.0
2026-05-19T10:00:55.295071300Z,TaxiAlgorithmP2PCollector,0,200,6,80,1,nearest,1,4,0,true,page-rank,page-rank,RUSH_HOUR,1,116264426,Taxi Travel Distance [km],1.54,12.73,8.24,49.44,6,11.190000000000001
2026-05-19T10:00:55.295071300Z,TaxiAlgorithmP2PCollector,0,200,6,80,1,nearest,1,4,0,true,page-rank,page-rank,RUSH_HOUR,1,116264426,Client Waiting Time [min],0.05,12.4,2.08,139.45,67,12.35
2026-05-19T10:00:55.295071300Z,TaxiAlgorithmP2PCollector,0,200,6,80,1,nearest,1,4,0,true,page-rank,page-rank,RUSH_HOUR,1,116264426,Client Travel Time [min],6.0,747.0,167.34,13387.0,80,741.0
2026-05-19T10:00:55.295071300Z,TaxiAlgorithmP2PCollector,0,200,6,80,1,nearest,1,4,0,true,page-rank,page-rank,RUSH_HOUR,1,116264426,Calculation Time [millis],0.0,0.0,0.01,49.0,3843,0.0
2026-05-19T10:00:55.295071300Z,TaxiAlgorithmP2PCollector,0,200,6,80,1,nearest,1,4,0,true,page-rank,page-rank,RUSH_HOUR,1,116264426,Custom Time [micros],0.0,0.0,0.0,0.0,3843,0.0
2026-05-19T10:00:55.403072600Z,TaxiAlgorithmP2PCollector,0,200,6,80,1,nearest,1,4,0,true,page-rank,page-rank,RUSH_HOUR,2,116264427,Taxi Travel Distance [km],0.39,13.37,7.94,47.62,6,12.979999999999999
2026-05-19T10:00:55.403072600Z,TaxiAlgorithmP2PCollector,0,200,6,80,1,nearest,1,4,0,true,page-rank,page-rank,RUSH_HOUR,2,116264427,Client Waiting Time [min],0.05,8.3,1.28,77.83,61,8.25
2026-05-19T10:00:55.403072600Z,TaxiAlgorithmP2PCollector,0,200,6,80,1,nearest,1,4,0,true,page-rank,page-rank,RUSH_HOUR,2,116264427,Client Travel Time [min],13.0,787.0,137.68,11014.0,80,774.0
2026-05-19T10:00:55.403072600Z,TaxiAlgorithmP2PCollector,0,200,6,80,1,nearest,1,4,0,true,page-rank,page-rank,RUSH_HOUR,2,116264427,Calculation Time [millis],0.0,0.0,0.01,37.0,4010,0.0
2026-05-19T10:00:55.403072600Z,TaxiAlgorithmP2PCollector,0,200,6,80,1,nearest,1,4,0,true,page-rank,page-rank,RUSH_HOUR,2,116264427,Custom Time [micros],0.0,0.0,0.0,0.0,4010,0.0
2026-05-19T10:00:55.511071700Z,TaxiAlgorithmP2PCollector,0,200,6,80,1,nearest,1,4,0,true,page-rank,page-rank,RUSH_HOUR,3,116264428,Taxi Travel Distance [km],2.34,20.28,8.53,51.16,6,17.94
2026-05-19T10:00:55.511071700Z,TaxiAlgorithmP2PCollector,0,200,6,80,1,nearest,1,4,0,true,page-rank,page-rank,RUSH_HOUR,3,116264428,Client Waiting Time [min],0.1,9.5,2.33,153.58,66,9.4
2026-05-19T10:00:55.511071700Z,TaxiAlgorithmP2PCollector,0,200,6,80,1,nearest,1,4,0,true,page-rank,page-rank,RUSH_HOUR,3,116264428,Client Travel Time [min],17.0,587.0,185.58,14846.0,80,570.0
2026-05-19T10:00:55.511071700Z,TaxiAlgorithmP2PCollector,0,200,6,80,1,nearest,1,4,0,true,page-rank,page-rank,RUSH_HOUR,3,116264428,Calculation Time [millis],0.0,0.0,0.01,36.0,4242,0.0
2026-05-19T10:00:55.511071700Z,TaxiAlgorithmP2PCollector,0,200,6,80,1,nearest,1,4,0,true,page-rank,page-rank,RUSH_HOUR,3,116264428,Custom Time [micros],0.0,0.0,0.0,0.0,4242,0.0
2026-05-19T10:00:55.604069400Z,TaxiAlgorithmP2PCollector,0,200,6,80,1,nearest,1,4,0,true,page-rank,page-rank,RUSH_HOUR,4,116264429,Taxi Travel Distance [km],0.2,13.72,8.45,50.68,6,13.520000000000001
2026-05-19T10:00:55.604069400Z,TaxiAlgorithmP2PCollector,0,200,6,80,1,nearest,1,4,0,true,page-rank,page-rank,RUSH_HOUR,4,116264429,Client Waiting Time [min],0.07,8.25,1.67,112.12,67,8.18
2026-05-19T10:00:55.604069400Z,TaxiAlgorithmP2PCollector,0,200,6,80,1,nearest,1,4,0,true,page-rank,page-rank,RUSH_HOUR,4,116264429,Client Travel Time [min],18.0,501.0,142.89,11431.0,80,483.0
2026-05-19T10:00:55.604069400Z,TaxiAlgorithmP2PCollector,0,200,6,80,1,nearest,1,4,0,true,page-rank,page-rank,RUSH_HOUR,4,116264429,Calculation Time [millis],0.0,0.0,0.01,37.0,4138,0.0
2026-05-19T10:00:55.604069400Z,TaxiAlgorithmP2PCollector,0,200,6,80,1,nearest,1,4,0,true,page-rank,page-rank,RUSH_HOUR,4,116264429,Custom Time [micros],0.0,0.0,0.0,0.0,4138,0.0
2026-05-19T10:00:55.697084400Z,TaxiAlgorithmP2PCollector,0,200,6,80,1,nearest,1,4,0,true,page-rank,page-rank,RUSH_HOUR,5,116264430,Taxi Travel Distance [km],2.01,16.25,7.97,47.79,6,14.24
2026-05-19T10:00:55.697084400Z,TaxiAlgorithmP2PCollector,0,200,6,80,1,nearest,1,4,0,true,page-rank,page-rank,RUSH_HOUR,5,116264430,Client Waiting Time [min],0.03,10.63,2.57,182.62,71,10.600000000000001
2026-05-19T10:00:55.697084400Z,TaxiAlgorithmP2PCollector,0,200,6,80,1,nearest,1,4,0,true,page-rank,page-rank,RUSH_HOUR,5,116264430,Client Travel Time [min],11.0,826.0,193.11,15449.0,80,815.0
2026-05-19T10:00:55.697084400Z,TaxiAlgorithmP2PCollector,0,200,6,80,1,nearest,1,4,0,true,page-rank,page-rank,RUSH_HOUR,5,116264430,Calculation Time [millis],0.0,0.0,0.01,38.0,4136,0.0
2026-05-19T10:00:55.697084400Z,TaxiAlgorithmP2PCollector,0,200,6,80,1,nearest,1,4,0,true,page-rank,page-rank,RUSH_HOUR,5,116264430,Custom Time [micros],0.0,0.0,0.0,0.0,4136,0.0
2026-05-19T10:00:55.791082200Z,TaxiAlgorithmP2PCollector,0,200,6,80,1,nearest,1,4,0,true,page-rank,page-rank,RUSH_HOUR,6,116264431,Taxi Travel Distance [km],2.0,11.32,8.02,48.11,6,9.32
2026-05-19T10:00:55.791082200Z,TaxiAlgorithmP2PCollector,0,200,6,80,1,nearest,1,4,0,true,page-rank,page-rank,RUSH_HOUR,6,116264431,Client Waiting Time [min],0.08,13.37,2.78,188.83,68,13.29
2026-05-19T10:00:55.791082200Z,TaxiAlgorithmP2PCollector,0,200,6,80,1,nearest,1,4,0,true,page-rank,page-rank,RUSH_HOUR,6,116264431,Client Travel Time [min],18.0,804.0,195.94,15675.0,80,786.0
2026-05-19T10:00:55.791082200Z,TaxiAlgorithmP2PCollector,0,200,6,80,1,nearest,1,4,0,true,page-rank,page-rank,RUSH_HOUR,6,116264431,Calculation Time [millis],0.0,0.0,0.01,37.0,3979,0.0
2026-05-19T10:00:55.791082200Z,TaxiAlgorithmP2PCollector,0,200,6,80,1,nearest,1,4,0,true,page-rank,page-rank,RUSH_HOUR,6,116264431,Custom Time [micros],0.0,0.0,0.0,0.0,3979,0.0
2026-05-19T10:00:55.886147300Z,TaxiAlgorithmP2PCollector,0,200,6,80,1,nearest,1,4,0,true,page-rank,page-rank,RUSH_HOUR,7,116264432,Taxi Travel Distance [km],3.45,16.9,7.83,46.99,6,13.45
2026-05-19T10:00:55.886147300Z,TaxiAlgorithmP2PCollector,0,200,6,80,1,nearest,1,4,0,true,page-rank,page-rank,RUSH_HOUR,7,116264432,Client Waiting Time [min],0.05,9.45,2.2,129.52,59,9.399999999999999
2026-05-19T10:00:55.886147300Z,TaxiAlgorithmP2PCollector,0,200,6,80,1,nearest,1,4,0,true,page-rank,page-rank,RUSH_HOUR,7,116264432,Client Travel Time [min],13.0,809.0,200.06,16005.0,80,796.0
2026-05-19T10:00:55.886147300Z,TaxiAlgorithmP2PCollector,0,200,6,80,1,nearest,1,4,0,true,page-rank,page-rank,RUSH_HOUR,7,116264432,Calculation Time [millis],0.0,1.0,0.01,39.0,3868,1.0
2026-05-19T10:00:55.886147300Z,TaxiAlgorithmP2PCollector,0,200,6,80,1,nearest,1,4,0,true,page-rank,page-rank,RUSH_HOUR,7,116264432,Custom Time [micros],0.0,0.0,0.0,0.0,3868,0.0
2026-05-19T10:00:55.979159900Z,TaxiAlgorithmP2PCollector,0,200,6,80,1,nearest,1,4,0,true,page-rank,page-rank,RUSH_HOUR,8,116264433,Taxi Travel Distance [km],2.77,13.96,8.26,49.58,6,11.190000000000001
2026-05-19T10:00:55.979159900Z,TaxiAlgorithmP2PCollector,0,200,6,80,1,nearest,1,4,0,true,page-rank,page-rank,RUSH_HOUR,8,116264433,Client Waiting Time [min],0.08,13.15,2.61,162.02,62,13.07
2026-05-19T10:00:55.979159900Z,TaxiAlgorithmP2PCollector,0,200,6,80,1,nearest,1,4,0,true,page-rank,page-rank,RUSH_HOUR,8,116264433,Client Travel Time [min],8.0,793.0,205.15,16412.0,80,785.0
2026-05-19T10:00:55.979159900Z,TaxiAlgorithmP2PCollector,0,200,6,80,1,nearest,1,4,0,true,page-rank,page-rank,RUSH_HOUR,8,116264433,Calculation Time [millis],0.0,0.0,0.01,41.0,4478,0.0
2026-05-19T10:00:55.979159900Z,TaxiAlgorithmP2PCollector,0,200,6,80,1,nearest,1,4,0,true,page-rank,page-rank,RUSH_HOUR,8,116264433,Custom Time [micros],0.0,0.0,0.0,0.0,4478,0.0
2026-05-19T10:00:56.072684400Z,TaxiAlgorithmP2PCollector,0,200,6,80,1,nearest,1,4,0,true,page-rank,page-rank,RUSH_HOUR,9,116264434,Taxi Travel Distance [km],4.71,10.8,7.42,44.51,6,6.090000000000001
2026-05-19T10:00:56.072684400Z,TaxiAlgorithmP2PCollector,0,200,6,80,1,nearest,1,4,0,true,page-rank,page-rank,RUSH_HOUR,9,116264434,Client Waiting Time [min],0.03,6.87,1.84,110.27,60,6.84
2026-05-19T10:00:56.072684400Z,TaxiAlgorithmP2PCollector,0,200,6,80,1,nearest,1,4,0,true,page-rank,page-rank,RUSH_HOUR,9,116264434,Client Travel Time [min],18.0,845.0,164.44,13155.0,80,827.0
2026-05-19T10:00:56.072684400Z,TaxiAlgorithmP2PCollector,0,200,6,80,1,nearest,1,4,0,true,page-rank,page-rank,RUSH_HOUR,9,116264434,Calculation Time [millis],0.0,0.0,0.01,38.0,4716,0.0
2026-05-19T10:00:56.072684400Z,TaxiAlgorithmP2PCollector,0,200,6,80,1,nearest,1,4,0,true,page-rank,page-rank,RUSH_HOUR,9,116264434,Custom Time [micros],0.0,0.0,0.0,0.0,4716,0.0
2026-05-19T10:00:56.166683100Z,TaxiAlgorithmP2PCollector,0,200,6,80,1,nearest,1,4,0,true,page-rank,page-rank,RUSH_HOUR,10,116264435,Taxi Travel Distance [km],3.66,12.56,7.81,46.87,6,8.9
2026-05-19T10:00:56.166683100Z,TaxiAlgorithmP2PCollector,0,200,6,80,1,nearest,1,4,0,true,page-rank,page-rank,RUSH_HOUR,10,116264435,Client Waiting Time [min],0.05,8.58,1.63,117.3,72,8.53
2026-05-19T10:00:56.166683100Z,TaxiAlgorithmP2PCollector,0,200,6,80,1,nearest,1,4,0,true,page-rank,page-rank,RUSH_HOUR,10,116264435,Client Travel Time [min],8.0,665.0,140.95,11276.0,80,657.0
2026-05-19T10:00:56.166683100Z,TaxiAlgorithmP2PCollector,0,200,6,80,1,nearest,1,4,0,true,page-rank,page-rank,RUSH_HOUR,10,116264435,Calculation Time [millis],0.0,1.0,0.01,36.0,3897,1.0
2026-05-19T10:00:56.166683100Z,TaxiAlgorithmP2PCollector,0,200,6,80,1,nearest,1,4,0,true,page-rank,page-rank,RUSH_HOUR,10,116264435,Custom Time [micros],0.0,0.0,0.0,0.0,3897,0.0
2026-05-19T10:00:56.258683Z,TaxiAlgorithmP2PCollector,0,200,6,80,1,nearest,1,4,0,true,page-rank,page-rank,SPATIAL_IMBALANCE,1,116264426,Taxi Travel Distance [km],6.47,13.09,9.9,59.43,6,6.62
2026-05-19T10:00:56.258683Z,TaxiAlgorithmP2PCollector,0,200,6,80,1,nearest,1,4,0,true,page-rank,page-rank,SPATIAL_IMBALANCE,1,116264426,Client Waiting Time [min],0.05,8.27,0.94,71.43,76,8.219999999999999
2026-05-19T10:00:56.258683Z,TaxiAlgorithmP2PCollector,0,200,6,80,1,nearest,1,4,0,true,page-rank,page-rank,SPATIAL_IMBALANCE,1,116264426,Client Travel Time [min],6.0,503.0,81.53,6522.0,80,497.0
2026-05-19T10:00:56.258683Z,TaxiAlgorithmP2PCollector,0,200,6,80,1,nearest,1,4,0,true,page-rank,page-rank,SPATIAL_IMBALANCE,1,116264426,Calculation Time [millis],0.0,0.0,0.01,31.0,3991,0.0
2026-05-19T10:00:56.258683Z,TaxiAlgorithmP2PCollector,0,200,6,80,1,nearest,1,4,0,true,page-rank,page-rank,SPATIAL_IMBALANCE,1,116264426,Custom Time [micros],0.0,0.0,0.0,0.0,3991,0.0
2026-05-19T10:00:56.352684200Z,TaxiAlgorithmP2PCollector,0,200,6,80,1,nearest,1,4,0,true,page-rank,page-rank,SPATIAL_IMBALANCE,2,116264427,Taxi Travel Distance [km],6.71,11.5,9.68,58.07,6,4.79
2026-05-19T10:00:56.352684200Z,TaxiAlgorithmP2PCollector,0,200,6,80,1,nearest,1,4,0,true,page-rank,page-rank,SPATIAL_IMBALANCE,2,116264427,Client Waiting Time [min],0.03,10.82,0.57,43.17,76,10.790000000000001
2026-05-19T10:00:56.352684200Z,TaxiAlgorithmP2PCollector,0,200,6,80,1,nearest,1,4,0,true,page-rank,page-rank,SPATIAL_IMBALANCE,2,116264427,Client Travel Time [min],7.0,655.0,61.83,4946.0,80,648.0
2026-05-19T10:00:56.352684200Z,TaxiAlgorithmP2PCollector,0,200,6,80,1,nearest,1,4,0,true,page-rank,page-rank,SPATIAL_IMBALANCE,2,116264427,Calculation Time [millis],0.0,0.0,0.01,26.0,3987,0.0
2026-05-19T10:00:56.352684200Z,TaxiAlgorithmP2PCollector,0,200,6,80,1,nearest,1,4,0,true,page-rank,page-rank,SPATIAL_IMBALANCE,2,116264427,Custom Time [micros],0.0,0.0,0.0,0.0,3987,0.0
2026-05-19T10:00:56.446684100Z,TaxiAlgorithmP2PCollector,0,200,6,80,1,nearest,1,4,0,true,page-rank,page-rank,SPATIAL_IMBALANCE,3,116264428,Taxi Travel Distance [km],4.32,18.28,11.45,68.68,6,13.96
2026-05-19T10:00:56.446684100Z,TaxiAlgorithmP2PCollector,0,200,6,80,1,nearest,1,4,0,true,page-rank,page-rank,SPATIAL_IMBALANCE,3,116264428,Client Waiting Time [min],0.03,7.52,1.17,91.32,78,7.489999999999999
2026-05-19T10:00:56.446684100Z,TaxiAlgorithmP2PCollector,0,200,6,80,1,nearest,1,4,0,true,page-rank,page-rank,SPATIAL_IMBALANCE,3,116264428,Client Travel Time [min],10.0,611.0,99.66,7973.0,80,601.0
2026-05-19T10:00:56.446684100Z,TaxiAlgorithmP2PCollector,0,200,6,80,1,nearest,1,4,0,true,page-rank,page-rank,SPATIAL_IMBALANCE,3,116264428,Calculation Time [millis],0.0,1.0,0.01,40.0,3959,1.0
2026-05-19T10:00:56.446684100Z,TaxiAlgorithmP2PCollector,0,200,6,80,1,nearest,1,4,0,true,page-rank,page-rank,SPATIAL_IMBALANCE,3,116264428,Custom Time [micros],0.0,0.0,0.0,0.0,3959,0.0
2026-05-19T10:00:56.540520400Z,TaxiAlgorithmP2PCollector,0,200,6,80,1,nearest,1,4,0,true,page-rank,page-rank,SPATIAL_IMBALANCE,4,116264429,Taxi Travel Distance [km],5.39,17.62,10.02,60.1,6,12.23
2026-05-19T10:00:56.540520400Z,TaxiAlgorithmP2PCollector,0,200,6,80,1,nearest,1,4,0,true,page-rank,page-rank,SPATIAL_IMBALANCE,4,116264429,Client Waiting Time [min],0.03,6.95,0.75,56.12,75,6.92
2026-05-19T10:00:56.540520400Z,TaxiAlgorithmP2PCollector,0,200,6,80,1,nearest,1,4,0,true,page-rank,page-rank,SPATIAL_IMBALANCE,4,116264429,Client Travel Time [min],10.0,424.0,80.1,6408.0,80,414.0
2026-05-19T10:00:56.540520400Z,TaxiAlgorithmP2PCollector,0,200,6,80,1,nearest,1,4,0,true,page-rank,page-rank,SPATIAL_IMBALANCE,4,116264429,Calculation Time [millis],0.0,0.0,0.01,32.0,4014,0.0
2026-05-19T10:00:56.540520400Z,TaxiAlgorithmP2PCollector,0,200,6,80,1,nearest,1,4,0,true,page-rank,page-rank,SPATIAL_IMBALANCE,4,116264429,Custom Time [micros],0.0,0.0,0.0,0.0,4014,0.0
2026-05-19T10:00:56.632519200Z,TaxiAlgorithmP2PCollector,0,200,6,80,1,nearest,1,4,0,true,page-rank,page-rank,SPATIAL_IMBALANCE,5,116264430,Taxi Travel Distance [km],6.2,14.37,9.72,58.31,6,8.169999999999998
2026-05-19T10:00:56.632519200Z,TaxiAlgorithmP2PCollector,0,200,6,80,1,nearest,1,4,0,true,page-rank,page-rank,SPATIAL_IMBALANCE,5,116264430,Client Waiting Time [min],0.05,7.05,0.87,63.2,73,7.0
2026-05-19T10:00:56.632519200Z,TaxiAlgorithmP2PCollector,0,200,6,80,1,nearest,1,4,0,true,page-rank,page-rank,SPATIAL_IMBALANCE,5,116264430,Client Travel Time [min],8.0,528.0,88.53,7082.0,80,520.0
2026-05-19T10:00:56.632519200Z,TaxiAlgorithmP2PCollector,0,200,6,80,1,nearest,1,4,0,true,page-rank,page-rank,SPATIAL_IMBALANCE,5,116264430,Calculation Time [millis],0.0,0.0,0.01,31.0,3932,0.0
2026-05-19T10:00:56.632519200Z,TaxiAlgorithmP2PCollector,0,200,6,80,1,nearest,1,4,0,true,page-rank,page-rank,SPATIAL_IMBALANCE,5,116264430,Custom Time [micros],0.0,0.0,0.0,0.0,3932,0.0
2026-05-19T10:00:56.726517600Z,TaxiAlgorithmP2PCollector,0,200,6,80,1,nearest,1,4,0,true,page-rank,page-rank,SPATIAL_IMBALANCE,6,116264431,Taxi Travel Distance [km],6.25,14.85,10.27,61.64,6,8.6
2026-05-19T10:00:56.726517600Z,TaxiAlgorithmP2PCollector,0,200,6,80,1,nearest,1,4,0,true,page-rank,page-rank,SPATIAL_IMBALANCE,6,116264431,Client Waiting Time [min],0.05,8.75,0.93,70.9,76,8.7
2026-05-19T10:00:56.726517600Z,TaxiAlgorithmP2PCollector,0,200,6,80,1,nearest,1,4,0,true,page-rank,page-rank,SPATIAL_IMBALANCE,6,116264431,Client Travel Time [min],9.0,711.0,85.74,6859.0,80,702.0
2026-05-19T10:00:56.726517600Z,TaxiAlgorithmP2PCollector,0,200,6,80,1,nearest,1,4,0,true,page-rank,page-rank,SPATIAL_IMBALANCE,6,116264431,Calculation Time [millis],0.0,1.0,0.01,33.0,4037,1.0
2026-05-19T10:00:56.726517600Z,TaxiAlgorithmP2PCollector,0,200,6,80,1,nearest,1,4,0,true,page-rank,page-rank,SPATIAL_IMBALANCE,6,116264431,Custom Time [micros],0.0,0.0,0.0,0.0,4037,0.0
2026-05-19T10:00:56.820528Z,TaxiAlgorithmP2PCollector,0,200,6,80,1,nearest,1,4,0,true,page-rank,page-rank,SPATIAL_IMBALANCE,7,116264432,Taxi Travel Distance [km],1.86,18.38,10.9,65.41,6,16.52
2026-05-19T10:00:56.820528Z,TaxiAlgorithmP2PCollector,0,200,6,80,1,nearest,1,4,0,true,page-rank,page-rank,SPATIAL_IMBALANCE,7,116264432,Client Waiting Time [min],0.03,5.07,0.67,50.48,75,5.04
2026-05-19T10:00:56.820528Z,TaxiAlgorithmP2PCollector,0,200,6,80,1,nearest,1,4,0,true,page-rank,page-rank,SPATIAL_IMBALANCE,7,116264432,Client Travel Time [min],9.0,429.0,71.3,5704.0,80,420.0
2026-05-19T10:00:56.820528Z,TaxiAlgorithmP2PCollector,0,200,6,80,1,nearest,1,4,0,true,page-rank,page-rank,SPATIAL_IMBALANCE,7,116264432,Calculation Time [millis],0.0,0.0,0.01,32.0,4226,0.0
2026-05-19T10:00:56.820528Z,TaxiAlgorithmP2PCollector,0,200,6,80,1,nearest,1,4,0,true,page-rank,page-rank,SPATIAL_IMBALANCE,7,116264432,Custom Time [micros],0.0,0.0,0.0,0.0,4226,0.0
2026-05-19T10:00:56.913527900Z,TaxiAlgorithmP2PCollector,0,200,6,80,1,nearest,1,4,0,true,page-rank,page-rank,SPATIAL_IMBALANCE,8,116264433,Taxi Travel Distance [km],6.62,16.54,11.19,67.15,6,9.919999999999998
2026-05-19T10:00:56.913527900Z,TaxiAlgorithmP2PCollector,0,200,6,80,1,nearest,1,4,0,true,page-rank,page-rank,SPATIAL_IMBALANCE,8,116264433,Client Waiting Time [min],0.03,5.45,0.78,58.75,75,5.42
2026-05-19T10:00:56.913527900Z,TaxiAlgorithmP2PCollector,0,200,6,80,1,nearest,1,4,0,true,page-rank,page-rank,SPATIAL_IMBALANCE,8,116264433,Client Travel Time [min],7.0,688.0,90.31,7225.0,80,681.0
2026-05-19T10:00:56.913527900Z,TaxiAlgorithmP2PCollector,0,200,6,80,1,nearest,1,4,0,true,page-rank,page-rank,SPATIAL_IMBALANCE,8,116264433,Calculation Time [millis],0.0,0.0,0.01,32.0,4093,0.0
2026-05-19T10:00:56.913527900Z,TaxiAlgorithmP2PCollector,0,200,6,80,1,nearest,1,4,0,true,page-rank,page-rank,SPATIAL_IMBALANCE,8,116264433,Custom Time [micros],0.0,0.0,0.0,0.0,4093,0.0
2026-05-19T10:00:57.007527900Z,TaxiAlgorithmP2PCollector,0,200,6,80,1,nearest,1,4,0,true,page-rank,page-rank,SPATIAL_IMBALANCE,9,116264434,Taxi Travel Distance [km],3.2,17.87,9.63,57.75,6,14.670000000000002
2026-05-19T10:00:57.007527900Z,TaxiAlgorithmP2PCollector,0,200,6,80,1,nearest,1,4,0,true,page-rank,page-rank,SPATIAL_IMBALANCE,9,116264434,Client Waiting Time [min],0.03,4.88,0.5,36.93,74,4.85
2026-05-19T10:00:57.007527900Z,TaxiAlgorithmP2PCollector,0,200,6,80,1,nearest,1,4,0,true,page-rank,page-rank,SPATIAL_IMBALANCE,9,116264434,Client Travel Time [min],11.0,341.0,57.06,4565.0,80,330.0
2026-05-19T10:00:57.007527900Z,TaxiAlgorithmP2PCollector,0,200,6,80,1,nearest,1,4,0,true,page-rank,page-rank,SPATIAL_IMBALANCE,9,116264434,Calculation Time [millis],0.0,1.0,0.01,25.0,4035,1.0
2026-05-19T10:00:57.007527900Z,TaxiAlgorithmP2PCollector,0,200,6,80,1,nearest,1,4,0,true,page-rank,page-rank,SPATIAL_IMBALANCE,9,116264434,Custom Time [micros],0.0,0.0,0.0,0.0,4035,0.0
2026-05-19T10:00:57.099498700Z,TaxiAlgorithmP2PCollector,0,200,6,80,1,nearest,1,4,0,true,page-rank,page-rank,SPATIAL_IMBALANCE,10,116264435,Taxi Travel Distance [km],3.74,17.92,9.85,59.07,6,14.180000000000001
2026-05-19T10:00:57.099498700Z,TaxiAlgorithmP2PCollector,0,200,6,80,1,nearest,1,4,0,true,page-rank,page-rank,SPATIAL_IMBALANCE,10,116264435,Client Waiting Time [min],0.05,6.22,0.41,29.25,71,6.17
2026-05-19T10:00:57.099498700Z,TaxiAlgorithmP2PCollector,0,200,6,80,1,nearest,1,4,0,true,page-rank,page-rank,SPATIAL_IMBALANCE,10,116264435,Client Travel Time [min],9.0,586.0,78.19,6255.0,80,577.0
2026-05-19T10:00:57.099498700Z,TaxiAlgorithmP2PCollector,0,200,6,80,1,nearest,1,4,0,true,page-rank,page-rank,SPATIAL_IMBALANCE,10,116264435,Calculation Time [millis],0.0,0.0,0.01,31.0,4036,0.0
2026-05-19T10:00:57.099498700Z,TaxiAlgorithmP2PCollector,0,200,6,80,1,nearest,1,4,0,true,page-rank,page-rank,SPATIAL_IMBALANCE,10,116264435,Custom Time [micros],0.0,0.0,0.0,0.0,4036,0.0
2026-05-19T10:00:57.193500600Z,TaxiAlgorithmP2PCollector,0,200,6,80,1,nearest,1,4,0,true,page-rank,page-rank,SPATIAL_ISLANDS,1,116264426,Taxi Travel Distance [km],2.8,15.97,8.84,53.04,6,13.170000000000002
2026-05-19T10:00:57.193500600Z,TaxiAlgorithmP2PCollector,0,200,6,80,1,nearest,1,4,0,true,page-rank,page-rank,SPATIAL_ISLANDS,1,116264426,Client Waiting Time [min],0.03,9.52,0.86,60.82,71,9.49
2026-05-19T10:00:57.193500600Z,TaxiAlgorithmP2PCollector,0,200,6,80,1,nearest,1,4,0,true,page-rank,page-rank,SPATIAL_ISLANDS,1,116264426,Client Travel Time [min],9.0,602.0,101.81,8145.0,80,593.0
2026-05-19T10:00:57.193500600Z,TaxiAlgorithmP2PCollector,0,200,6,80,1,nearest,1,4,0,true,page-rank,page-rank,SPATIAL_ISLANDS,1,116264426,Calculation Time [millis],0.0,0.0,0.01,32.0,4270,0.0
2026-05-19T10:00:57.193500600Z,TaxiAlgorithmP2PCollector,0,200,6,80,1,nearest,1,4,0,true,page-rank,page-rank,SPATIAL_ISLANDS,1,116264426,Custom Time [micros],0.0,0.0,0.0,0.0,4270,0.0
2026-05-19T10:00:57.285500900Z,TaxiAlgorithmP2PCollector,0,200,6,80,1,nearest,1,4,0,true,page-rank,page-rank,SPATIAL_ISLANDS,2,116264427,Taxi Travel Distance [km],5.24,12.73,9.04,54.24,6,7.49
2026-05-19T10:00:57.285500900Z,TaxiAlgorithmP2PCollector,0,200,6,80,1,nearest,1,4,0,true,page-rank,page-rank,SPATIAL_ISLANDS,2,116264427,Client Waiting Time [min],0.03,12.8,1.13,81.18,72,12.770000000000001
2026-05-19T10:00:57.285500900Z,TaxiAlgorithmP2PCollector,0,200,6,80,1,nearest,1,4,0,true,page-rank,page-rank,SPATIAL_ISLANDS,2,116264427,Client Travel Time [min],10.0,770.0,114.41,9153.0,80,760.0
2026-05-19T10:00:57.285500900Z,TaxiAlgorithmP2PCollector,0,200,6,80,1,nearest,1,4,0,true,page-rank,page-rank,SPATIAL_ISLANDS,2,116264427,Calculation Time [millis],0.0,1.0,0.01,27.0,4076,1.0
2026-05-19T10:00:57.285500900Z,TaxiAlgorithmP2PCollector,0,200,6,80,1,nearest,1,4,0,true,page-rank,page-rank,SPATIAL_ISLANDS,2,116264427,Custom Time [micros],0.0,0.0,0.0,0.0,4076,0.0
2026-05-19T10:00:57.378498Z,TaxiAlgorithmP2PCollector,0,200,6,80,1,nearest,1,4,0,true,page-rank,page-rank,SPATIAL_ISLANDS,3,116264428,Taxi Travel Distance [km],5.23,15.7,9.68,58.09,6,10.469999999999999
2026-05-19T10:00:57.378498Z,TaxiAlgorithmP2PCollector,0,200,6,80,1,nearest,1,4,0,true,page-rank,page-rank,SPATIAL_ISLANDS,3,116264428,Client Waiting Time [min],0.03,12.3,0.72,51.83,72,12.270000000000001
2026-05-19T10:00:57.378498Z,TaxiAlgorithmP2PCollector,0,200,6,80,1,nearest,1,4,0,true,page-rank,page-rank,SPATIAL_ISLANDS,3,116264428,Client Travel Time [min],10.0,740.0,101.63,8130.0,80,730.0
2026-05-19T10:00:57.378498Z,TaxiAlgorithmP2PCollector,0,200,6,80,1,nearest,1,4,0,true,page-rank,page-rank,SPATIAL_ISLANDS,3,116264428,Calculation Time [millis],0.0,0.0,0.01,31.0,4517,0.0
2026-05-19T10:00:57.378498Z,TaxiAlgorithmP2PCollector,0,200,6,80,1,nearest,1,4,0,true,page-rank,page-rank,SPATIAL_ISLANDS,3,116264428,Custom Time [micros],0.0,0.0,0.0,0.0,4517,0.0
2026-05-19T10:00:57.470500400Z,TaxiAlgorithmP2PCollector,0,200,6,80,1,nearest,1,4,0,true,page-rank,page-rank,SPATIAL_ISLANDS,4,116264429,Taxi Travel Distance [km],5.53,13.66,9.62,57.71,6,8.129999999999999
2026-05-19T10:00:57.470500400Z,TaxiAlgorithmP2PCollector,0,200,6,80,1,nearest,1,4,0,true,page-rank,page-rank,SPATIAL_ISLANDS,4,116264429,Client Waiting Time [min],0.03,8.68,0.98,71.35,73,8.65
2026-05-19T10:00:57.470500400Z,TaxiAlgorithmP2PCollector,0,200,6,80,1,nearest,1,4,0,true,page-rank,page-rank,SPATIAL_ISLANDS,4,116264429,Client Travel Time [min],7.0,527.0,96.6,7728.0,80,520.0
2026-05-19T10:00:57.470500400Z,TaxiAlgorithmP2PCollector,0,200,6,80,1,nearest,1,4,0,true,page-rank,page-rank,SPATIAL_ISLANDS,4,116264429,Calculation Time [millis],0.0,0.0,0.01,35.0,4197,0.0
2026-05-19T10:00:57.470500400Z,TaxiAlgorithmP2PCollector,0,200,6,80,1,nearest,1,4,0,true,page-rank,page-rank,SPATIAL_ISLANDS,4,116264429,Custom Time [micros],0.0,0.0,0.0,0.0,4197,0.0
2026-05-19T10:00:57.562499900Z,TaxiAlgorithmP2PCollector,0,200,6,80,1,nearest,1,4,0,true,page-rank,page-rank,SPATIAL_ISLANDS,5,116264430,Taxi Travel Distance [km],2.26,15.11,8.43,50.55,6,12.85
2026-05-19T10:00:57.562499900Z,TaxiAlgorithmP2PCollector,0,200,6,80,1,nearest,1,4,0,true,page-rank,page-rank,SPATIAL_ISLANDS,5,116264430,Client Waiting Time [min],0.03,9.42,1.33,90.37,68,9.39
2026-05-19T10:00:57.562499900Z,TaxiAlgorithmP2PCollector,0,200,6,80,1,nearest,1,4,0,true,page-rank,page-rank,SPATIAL_ISLANDS,5,116264430,Client Travel Time [min],7.0,767.0,133.69,10695.0,80,760.0
2026-05-19T10:00:57.562499900Z,TaxiAlgorithmP2PCollector,0,200,6,80,1,nearest,1,4,0,true,page-rank,page-rank,SPATIAL_ISLANDS,5,116264430,Calculation Time [millis],0.0,1.0,0.01,41.0,4392,1.0
2026-05-19T10:00:57.562499900Z,TaxiAlgorithmP2PCollector,0,200,6,80,1,nearest,1,4,0,true,page-rank,page-rank,SPATIAL_ISLANDS,5,116264430,Custom Time [micros],0.0,0.0,0.0,0.0,4392,0.0
2026-05-19T10:00:57.656498600Z,TaxiAlgorithmP2PCollector,0,200,6,80,1,nearest,1,4,0,true,page-rank,page-rank,SPATIAL_ISLANDS,6,116264431,Taxi Travel Distance [km],4.75,14.16,9.25,55.49,6,9.41
2026-05-19T10:00:57.656498600Z,TaxiAlgorithmP2PCollector,0,200,6,80,1,nearest,1,4,0,true,page-rank,page-rank,SPATIAL_ISLANDS,6,116264431,Client Waiting Time [min],0.03,6.37,0.97,67.77,70,6.34
2026-05-19T10:00:57.656498600Z,TaxiAlgorithmP2PCollector,0,200,6,80,1,nearest,1,4,0,true,page-rank,page-rank,SPATIAL_ISLANDS,6,116264431,Client Travel Time [min],7.0,740.0,106.06,8485.0,80,733.0
2026-05-19T10:00:57.656498600Z,TaxiAlgorithmP2PCollector,0,200,6,80,1,nearest,1,4,0,true,page-rank,page-rank,SPATIAL_ISLANDS,6,116264431,Calculation Time [millis],0.0,0.0,0.01,31.0,4388,0.0
2026-05-19T10:00:57.656498600Z,TaxiAlgorithmP2PCollector,0,200,6,80,1,nearest,1,4,0,true,page-rank,page-rank,SPATIAL_ISLANDS,6,116264431,Custom Time [micros],0.0,0.0,0.0,0.0,4388,0.0
2026-05-19T10:00:57.750510100Z,TaxiAlgorithmP2PCollector,0,200,6,80,1,nearest,1,4,0,true,page-rank,page-rank,SPATIAL_ISLANDS,7,116264432,Taxi Travel Distance [km],6.13,11.0,8.75,52.49,6,4.87
2026-05-19T10:00:57.750510100Z,TaxiAlgorithmP2PCollector,0,200,6,80,1,nearest,1,4,0,true,page-rank,page-rank,SPATIAL_ISLANDS,7,116264432,Client Waiting Time [min],0.03,11.58,0.72,47.52,66,11.55
2026-05-19T10:00:57.750510100Z,TaxiAlgorithmP2PCollector,0,200,6,80,1,nearest,1,4,0,true,page-rank,page-rank,SPATIAL_ISLANDS,7,116264432,Client Travel Time [min],8.0,891.0,128.05,10244.0,80,883.0
2026-05-19T10:00:57.750510100Z,TaxiAlgorithmP2PCollector,0,200,6,80,1,nearest,1,4,0,true,page-rank,page-rank,SPATIAL_ISLANDS,7,116264432,Calculation Time [millis],0.0,0.0,0.01,26.0,4457,0.0
2026-05-19T10:00:57.750510100Z,TaxiAlgorithmP2PCollector,0,200,6,80,1,nearest,1,4,0,true,page-rank,page-rank,SPATIAL_ISLANDS,7,116264432,Custom Time [micros],0.0,0.0,0.0,0.0,4457,0.0
2026-05-19T10:00:57.844510900Z,TaxiAlgorithmP2PCollector,0,200,6,80,1,nearest,1,4,0,true,page-rank,page-rank,SPATIAL_ISLANDS,8,116264433,Taxi Travel Distance [km],5.87,16.2,9.85,59.08,6,10.329999999999998
2026-05-19T10:00:57.844510900Z,TaxiAlgorithmP2PCollector,0,200,6,80,1,nearest,1,4,0,true,page-rank,page-rank,SPATIAL_ISLANDS,8,116264433,Client Waiting Time [min],0.03,12.6,1.64,121.08,74,12.57
2026-05-19T10:00:57.844510900Z,TaxiAlgorithmP2PCollector,0,200,6,80,1,nearest,1,4,0,true,page-rank,page-rank,SPATIAL_ISLANDS,8,116264433,Client Travel Time [min],10.0,760.0,139.21,11137.0,80,750.0
2026-05-19T10:00:57.844510900Z,TaxiAlgorithmP2PCollector,0,200,6,80,1,nearest,1,4,0,true,page-rank,page-rank,SPATIAL_ISLANDS,8,116264433,Calculation Time [millis],0.0,0.0,0.01,39.0,4004,0.0
2026-05-19T10:00:57.844510900Z,TaxiAlgorithmP2PCollector,0,200,6,80,1,nearest,1,4,0,true,page-rank,page-rank,SPATIAL_ISLANDS,8,116264433,Custom Time [micros],0.0,0.0,0.0,0.0,4004,0.0
2026-05-19T10:00:57.939511Z,TaxiAlgorithmP2PCollector,0,200,6,80,1,nearest,1,4,0,true,page-rank,page-rank,SPATIAL_ISLANDS,9,116264434,Taxi Travel Distance [km],6.36,14.15,8.87,53.24,6,7.79
2026-05-19T10:00:57.939511Z,TaxiAlgorithmP2PCollector,0,200,6,80,1,nearest,1,4,0,true,page-rank,page-rank,SPATIAL_ISLANDS,9,116264434,Client Waiting Time [min],0.03,11.12,1.26,89.45,71,11.09
2026-05-19T10:00:57.939511Z,TaxiAlgorithmP2PCollector,0,200,6,80,1,nearest,1,4,0,true,page-rank,page-rank,SPATIAL_ISLANDS,9,116264434,Client Travel Time [min],6.0,912.0,129.69,10375.0,80,906.0
2026-05-19T10:00:57.939511Z,TaxiAlgorithmP2PCollector,0,200,6,80,1,nearest,1,4,0,true,page-rank,page-rank,SPATIAL_ISLANDS,9,116264434,Calculation Time [millis],0.0,0.0,0.01,37.0,4517,0.0
2026-05-19T10:00:57.939511Z,TaxiAlgorithmP2PCollector,0,200,6,80,1,nearest,1,4,0,true,page-rank,page-rank,SPATIAL_ISLANDS,9,116264434,Custom Time [micros],0.0,0.0,0.0,0.0,4517,0.0
2026-05-19T10:00:58.034521600Z,TaxiAlgorithmP2PCollector,0,200,6,80,1,nearest,1,4,0,true,page-rank,page-rank,SPATIAL_ISLANDS,10,116264435,Taxi Travel Distance [km],6.25,17.39,9.48,56.86,6,11.14
2026-05-19T10:00:58.034521600Z,TaxiAlgorithmP2PCollector,0,200,6,80,1,nearest,1,4,0,true,page-rank,page-rank,SPATIAL_ISLANDS,10,116264435,Client Waiting Time [min],0.03,6.15,0.61,43.05,71,6.12
2026-05-19T10:00:58.034521600Z,TaxiAlgorithmP2PCollector,0,200,6,80,1,nearest,1,4,0,true,page-rank,page-rank,SPATIAL_ISLANDS,10,116264435,Client Travel Time [min],7.0,620.0,86.38,6910.0,80,613.0
2026-05-19T10:00:58.034521600Z,TaxiAlgorithmP2PCollector,0,200,6,80,1,nearest,1,4,0,true,page-rank,page-rank,SPATIAL_ISLANDS,10,116264435,Calculation Time [millis],0.0,0.0,0.01,28.0,4523,0.0
2026-05-19T10:00:58.034521600Z,TaxiAlgorithmP2PCollector,0,200,6,80,1,nearest,1,4,0,true,page-rank,page-rank,SPATIAL_ISLANDS,10,116264435,Custom Time [micros],0.0,0.0,0.0,0.0,4523,0.0
2026-05-19T10:00:58.128045100Z,TaxiAlgorithmP2PCollector,0,200,6,80,1,nearest,1,4,1,false,none,none,BASELINE,1,116264426,Taxi Travel Distance [km],3.38,9.66,5.94,35.63,6,6.28
2026-05-19T10:00:58.128045100Z,TaxiAlgorithmP2PCollector,0,200,6,80,1,nearest,1,4,1,false,none,none,BASELINE,1,116264426,Client Waiting Time [min],0.05,11.32,1.66,104.38,63,11.27
2026-05-19T10:00:58.128045100Z,TaxiAlgorithmP2PCollector,0,200,6,80,1,nearest,1,4,1,false,none,none,BASELINE,1,116264426,Client Travel Time [min],10.0,684.0,155.83,12466.0,80,674.0
2026-05-19T10:00:58.128045100Z,TaxiAlgorithmP2PCollector,0,200,6,80,1,nearest,1,4,1,false,none,none,BASELINE,1,116264426,Calculation Time [millis],0.0,1.0,0.01,34.0,4643,1.0
2026-05-19T10:00:58.128045100Z,TaxiAlgorithmP2PCollector,0,200,6,80,1,nearest,1,4,1,false,none,none,BASELINE,1,116264426,Custom Time [micros],0.0,0.0,0.0,0.0,4643,0.0
2026-05-19T10:00:58.222043800Z,TaxiAlgorithmP2PCollector,0,200,6,80,1,nearest,1,4,1,false,none,none,BASELINE,2,116264427,Taxi Travel Distance [km],3.58,8.53,5.43,32.56,6,4.949999999999999
2026-05-19T10:00:58.222043800Z,TaxiAlgorithmP2PCollector,0,200,6,80,1,nearest,1,4,1,false,none,none,BASELINE,2,116264427,Client Waiting Time [min],0.05,10.18,2.0,126.07,63,10.129999999999999
2026-05-19T10:00:58.222043800Z,TaxiAlgorithmP2PCollector,0,200,6,80,1,nearest,1,4,1,false,none,none,BASELINE,2,116264427,Client Travel Time [min],13.0,708.0,161.76,12941.0,80,695.0
2026-05-19T10:00:58.222043800Z,TaxiAlgorithmP2PCollector,0,200,6,80,1,nearest,1,4,1,false,none,none,BASELINE,2,116264427,Calculation Time [millis],0.0,0.0,0.01,32.0,4550,0.0
2026-05-19T10:00:58.222043800Z,TaxiAlgorithmP2PCollector,0,200,6,80,1,nearest,1,4,1,false,none,none,BASELINE,2,116264427,Custom Time [micros],0.0,0.0,0.0,0.0,4550,0.0
2026-05-19T10:00:58.316569700Z,TaxiAlgorithmP2PCollector,0,200,6,80,1,nearest,1,4,1,false,none,none,BASELINE,3,116264428,Taxi Travel Distance [km],3.15,7.94,5.56,33.33,6,4.790000000000001
2026-05-19T10:00:58.316569700Z,TaxiAlgorithmP2PCollector,0,200,6,80,1,nearest,1,4,1,false,none,none,BASELINE,3,116264428,Client Waiting Time [min],0.07,12.22,2.39,138.8,58,12.15
2026-05-19T10:00:58.316569700Z,TaxiAlgorithmP2PCollector,0,200,6,80,1,nearest,1,4,1,false,none,none,BASELINE,3,116264428,Client Travel Time [min],16.0,797.0,214.73,17178.0,80,781.0
2026-05-19T10:00:58.316569700Z,TaxiAlgorithmP2PCollector,0,200,6,80,1,nearest,1,4,1,false,none,none,BASELINE,3,116264428,Calculation Time [millis],0.0,0.0,0.01,37.0,4549,0.0
2026-05-19T10:00:58.316569700Z,TaxiAlgorithmP2PCollector,0,200,6,80,1,nearest,1,4,1,false,none,none,BASELINE,3,116264428,Custom Time [micros],0.0,0.0,0.0,0.0,4549,0.0
2026-05-19T10:00:58.409570700Z,TaxiAlgorithmP2PCollector,0,200,6,80,1,nearest,1,4,1,false,none,none,BASELINE,4,116264429,Taxi Travel Distance [km],2.71,8.18,5.29,31.75,6,5.47
2026-05-19T10:00:58.409570700Z,TaxiAlgorithmP2PCollector,0,200,6,80,1,nearest,1,4,1,false,none,none,BASELINE,4,116264429,Client Waiting Time [min],0.03,12.3,2.44,136.87,56,12.270000000000001
2026-05-19T10:00:58.409570700Z,TaxiAlgorithmP2PCollector,0,200,6,80,1,nearest,1,4,1,false,none,none,BASELINE,4,116264429,Client Travel Time [min],10.0,768.0,225.35,18028.0,80,758.0
2026-05-19T10:00:58.409570700Z,TaxiAlgorithmP2PCollector,0,200,6,80,1,nearest,1,4,1,false,none,none,BASELINE,4,116264429,Calculation Time [millis],0.0,1.0,0.01,37.0,4221,1.0
2026-05-19T10:00:58.409570700Z,TaxiAlgorithmP2PCollector,0,200,6,80,1,nearest,1,4,1,false,none,none,BASELINE,4,116264429,Custom Time [micros],0.0,0.0,0.0,0.0,4221,0.0
2026-05-19T10:00:58.502569600Z,TaxiAlgorithmP2PCollector,0,200,6,80,1,nearest,1,4,1,false,none,none,BASELINE,5,116264430,Taxi Travel Distance [km],3.38,6.93,6.04,36.25,6,3.55
2026-05-19T10:00:58.502569600Z,TaxiAlgorithmP2PCollector,0,200,6,80,1,nearest,1,4,1,false,none,none,BASELINE,5,116264430,Client Waiting Time [min],0.05,10.13,2.11,132.72,63,10.08
2026-05-19T10:00:58.502569600Z,TaxiAlgorithmP2PCollector,0,200,6,80,1,nearest,1,4,1,false,none,none,BASELINE,5,116264430,Client Travel Time [min],12.0,767.0,191.15,15292.0,80,755.0
2026-05-19T10:00:58.502569600Z,TaxiAlgorithmP2PCollector,0,200,6,80,1,nearest,1,4,1,false,none,none,BASELINE,5,116264430,Calculation Time [millis],0.0,0.0,0.01,38.0,4080,0.0
2026-05-19T10:00:58.502569600Z,TaxiAlgorithmP2PCollector,0,200,6,80,1,nearest,1,4,1,false,none,none,BASELINE,5,116264430,Custom Time [micros],0.0,0.0,0.0,0.0,4080,0.0
2026-05-19T10:00:58.596570100Z,TaxiAlgorithmP2PCollector,0,200,6,80,1,nearest,1,4,1,false,none,none,BASELINE,6,116264431,Taxi Travel Distance [km],4.12,10.46,6.36,38.18,6,6.340000000000001
2026-05-19T10:00:58.596570100Z,TaxiAlgorithmP2PCollector,0,200,6,80,1,nearest,1,4,1,false,none,none,BASELINE,6,116264431,Client Waiting Time [min],0.03,6.82,1.01,66.5,66,6.79
2026-05-19T10:00:58.596570100Z,TaxiAlgorithmP2PCollector,0,200,6,80,1,nearest,1,4,1,false,none,none,BASELINE,6,116264431,Client Travel Time [min],7.0,806.0,110.44,8835.0,80,799.0
2026-05-19T10:00:58.596570100Z,TaxiAlgorithmP2PCollector,0,200,6,80,1,nearest,1,4,1,false,none,none,BASELINE,6,116264431,Calculation Time [millis],0.0,0.0,0.01,28.0,4033,0.0
2026-05-19T10:00:58.596570100Z,TaxiAlgorithmP2PCollector,0,200,6,80,1,nearest,1,4,1,false,none,none,BASELINE,6,116264431,Custom Time [micros],0.0,0.0,0.0,0.0,4033,0.0
2026-05-19T10:00:58.688569700Z,TaxiAlgorithmP2PCollector,0,200,6,80,1,nearest,1,4,1,false,none,none,BASELINE,7,116264432,Taxi Travel Distance [km],2.79,8.43,6.45,38.68,6,5.64
2026-05-19T10:00:58.688569700Z,TaxiAlgorithmP2PCollector,0,200,6,80,1,nearest,1,4,1,false,none,none,BASELINE,7,116264432,Client Waiting Time [min],0.05,7.75,1.69,113.48,67,7.7
2026-05-19T10:00:58.688569700Z,TaxiAlgorithmP2PCollector,0,200,6,80,1,nearest,1,4,1,false,none,none,BASELINE,7,116264432,Client Travel Time [min],15.0,860.0,155.38,12430.0,80,845.0
2026-05-19T10:00:58.688569700Z,TaxiAlgorithmP2PCollector,0,200,6,80,1,nearest,1,4,1,false,none,none,BASELINE,7,116264432,Calculation Time [millis],0.0,1.0,0.01,33.0,4301,1.0
2026-05-19T10:00:58.688569700Z,TaxiAlgorithmP2PCollector,0,200,6,80,1,nearest,1,4,1,false,none,none,BASELINE,7,116264432,Custom Time [micros],0.0,0.0,0.0,0.0,4301,0.0
2026-05-19T10:00:58.780569800Z,TaxiAlgorithmP2PCollector,0,200,6,80,1,nearest,1,4,1,false,none,none,BASELINE,8,116264433,Taxi Travel Distance [km],2.6,11.4,6.57,39.44,6,8.8
2026-05-19T10:00:58.780569800Z,TaxiAlgorithmP2PCollector,0,200,6,80,1,nearest,1,4,1,false,none,none,BASELINE,8,116264433,Client Waiting Time [min],0.03,10.82,1.89,122.88,65,10.790000000000001
2026-05-19T10:00:58.780569800Z,TaxiAlgorithmP2PCollector,0,200,6,80,1,nearest,1,4,1,false,none,none,BASELINE,8,116264433,Client Travel Time [min],10.0,787.0,188.2,15056.0,80,777.0
2026-05-19T10:00:58.780569800Z,TaxiAlgorithmP2PCollector,0,200,6,80,1,nearest,1,4,1,false,none,none,BASELINE,8,116264433,Calculation Time [millis],0.0,0.0,0.01,35.0,4537,0.0
2026-05-19T10:00:58.780569800Z,TaxiAlgorithmP2PCollector,0,200,6,80,1,nearest,1,4,1,false,none,none,BASELINE,8,116264433,Custom Time [micros],0.0,0.0,0.0,0.0,4537,0.0
2026-05-19T10:00:58.873824400Z,TaxiAlgorithmP2PCollector,0,200,6,80,1,nearest,1,4,1,false,none,none,BASELINE,9,116264434,Taxi Travel Distance [km],3.38,9.28,6.4,38.39,6,5.8999999999999995
2026-05-19T10:00:58.873824400Z,TaxiAlgorithmP2PCollector,0,200,6,80,1,nearest,1,4,1,false,none,none,BASELINE,9,116264434,Client Waiting Time [min],0.05,11.93,2.12,142.05,67,11.879999999999999
2026-05-19T10:00:58.873824400Z,TaxiAlgorithmP2PCollector,0,200,6,80,1,nearest,1,4,1,false,none,none,BASELINE,9,116264434,Client Travel Time [min],12.0,726.0,165.98,13278.0,80,714.0
2026-05-19T10:00:58.873824400Z,TaxiAlgorithmP2PCollector,0,200,6,80,1,nearest,1,4,1,false,none,none,BASELINE,9,116264434,Calculation Time [millis],0.0,0.0,0.01,35.0,4621,0.0
2026-05-19T10:00:58.873824400Z,TaxiAlgorithmP2PCollector,0,200,6,80,1,nearest,1,4,1,false,none,none,BASELINE,9,116264434,Custom Time [micros],0.0,0.0,0.0,0.0,4621,0.0
2026-05-19T10:00:58.966824100Z,TaxiAlgorithmP2PCollector,0,200,6,80,1,nearest,1,4,1,false,none,none,BASELINE,10,116264435,Taxi Travel Distance [km],0.95,8.74,4.82,28.95,6,7.79
2026-05-19T10:00:58.966824100Z,TaxiAlgorithmP2PCollector,0,200,6,80,1,nearest,1,4,1,false,none,none,BASELINE,10,116264435,Client Waiting Time [min],0.03,12.28,2.68,150.02,56,12.25
2026-05-19T10:00:58.966824100Z,TaxiAlgorithmP2PCollector,0,200,6,80,1,nearest,1,4,1,false,none,none,BASELINE,10,116264435,Client Travel Time [min],9.0,740.0,227.94,18235.0,80,731.0
2026-05-19T10:00:58.966824100Z,TaxiAlgorithmP2PCollector,0,200,6,80,1,nearest,1,4,1,false,none,none,BASELINE,10,116264435,Calculation Time [millis],0.0,1.0,0.01,36.0,4512,1.0
2026-05-19T10:00:58.966824100Z,TaxiAlgorithmP2PCollector,0,200,6,80,1,nearest,1,4,1,false,none,none,BASELINE,10,116264435,Custom Time [micros],0.0,0.0,0.0,0.0,4512,0.0
2026-05-19T10:00:59.060821600Z,TaxiAlgorithmP2PCollector,0,200,6,80,1,nearest,1,4,1,false,none,none,RUSH_HOUR,1,116264426,Taxi Travel Distance [km],4.37,9.81,6.45,38.69,6,5.44
2026-05-19T10:00:59.060821600Z,TaxiAlgorithmP2PCollector,0,200,6,80,1,nearest,1,4,1,false,none,none,RUSH_HOUR,1,116264426,Client Waiting Time [min],0.03,11.45,1.79,123.32,69,11.42
2026-05-19T10:00:59.060821600Z,TaxiAlgorithmP2PCollector,0,200,6,80,1,nearest,1,4,1,false,none,none,RUSH_HOUR,1,116264426,Client Travel Time [min],6.0,750.0,155.3,12424.0,80,744.0
2026-05-19T10:00:59.060821600Z,TaxiAlgorithmP2PCollector,0,200,6,80,1,nearest,1,4,1,false,none,none,RUSH_HOUR,1,116264426,Calculation Time [millis],0.0,0.0,0.01,30.0,4033,0.0
2026-05-19T10:00:59.060821600Z,TaxiAlgorithmP2PCollector,0,200,6,80,1,nearest,1,4,1,false,none,none,RUSH_HOUR,1,116264426,Custom Time [micros],0.0,0.0,0.0,0.0,4033,0.0
2026-05-19T10:00:59.152821700Z,TaxiAlgorithmP2PCollector,0,200,6,80,1,nearest,1,4,1,false,none,none,RUSH_HOUR,2,116264427,Taxi Travel Distance [km],2.55,10.46,6.32,37.93,6,7.910000000000001
2026-05-19T10:00:59.152821700Z,TaxiAlgorithmP2PCollector,0,200,6,80,1,nearest,1,4,1,false,none,none,RUSH_HOUR,2,116264427,Client Waiting Time [min],0.05,11.25,1.59,102.05,64,11.2
2026-05-19T10:00:59.152821700Z,TaxiAlgorithmP2PCollector,0,200,6,80,1,nearest,1,4,1,false,none,none,RUSH_HOUR,2,116264427,Client Travel Time [min],7.0,729.0,141.08,11286.0,80,722.0
2026-05-19T10:00:59.152821700Z,TaxiAlgorithmP2PCollector,0,200,6,80,1,nearest,1,4,1,false,none,none,RUSH_HOUR,2,116264427,Calculation Time [millis],0.0,0.0,0.01,29.0,3857,0.0
2026-05-19T10:00:59.152821700Z,TaxiAlgorithmP2PCollector,0,200,6,80,1,nearest,1,4,1,false,none,none,RUSH_HOUR,2,116264427,Custom Time [micros],0.0,0.0,0.0,0.0,3857,0.0
2026-05-19T10:00:59.245821800Z,TaxiAlgorithmP2PCollector,0,200,6,80,1,nearest,1,4,1,false,none,none,RUSH_HOUR,3,116264428,Taxi Travel Distance [km],4.3,9.14,6.85,41.11,6,4.840000000000001
2026-05-19T10:00:59.245821800Z,TaxiAlgorithmP2PCollector,0,200,6,80,1,nearest,1,4,1,false,none,none,RUSH_HOUR,3,116264428,Client Waiting Time [min],0.05,12.98,1.84,127.25,69,12.93
2026-05-19T10:00:59.245821800Z,TaxiAlgorithmP2PCollector,0,200,6,80,1,nearest,1,4,1,false,none,none,RUSH_HOUR,3,116264428,Client Travel Time [min],11.0,802.0,175.58,14046.0,80,791.0
2026-05-19T10:00:59.245821800Z,TaxiAlgorithmP2PCollector,0,200,6,80,1,nearest,1,4,1,false,none,none,RUSH_HOUR,3,116264428,Calculation Time [millis],0.0,1.0,0.01,35.0,4249,1.0
2026-05-19T10:00:59.245821800Z,TaxiAlgorithmP2PCollector,0,200,6,80,1,nearest,1,4,1,false,none,none,RUSH_HOUR,3,116264428,Custom Time [micros],0.0,0.0,0.0,0.0,4249,0.0
2026-05-19T10:00:59.337821900Z,TaxiAlgorithmP2PCollector,0,200,6,80,1,nearest,1,4,1,false,none,none,RUSH_HOUR,4,116264429,Taxi Travel Distance [km],4.29,7.44,5.59,33.56,6,3.1500000000000004
2026-05-19T10:00:59.337821900Z,TaxiAlgorithmP2PCollector,0,200,6,80,1,nearest,1,4,1,false,none,none,RUSH_HOUR,4,116264429,Client Waiting Time [min],0.03,10.65,2.12,133.57,63,10.620000000000001
2026-05-19T10:00:59.337821900Z,TaxiAlgorithmP2PCollector,0,200,6,80,1,nearest,1,4,1,false,none,none,RUSH_HOUR,4,116264429,Client Travel Time [min],8.0,833.0,194.13,15530.0,80,825.0
2026-05-19T10:00:59.337821900Z,TaxiAlgorithmP2PCollector,0,200,6,80,1,nearest,1,4,1,false,none,none,RUSH_HOUR,4,116264429,Calculation Time [millis],0.0,0.0,0.01,29.0,4019,0.0
2026-05-19T10:00:59.337821900Z,TaxiAlgorithmP2PCollector,0,200,6,80,1,nearest,1,4,1,false,none,none,RUSH_HOUR,4,116264429,Custom Time [micros],0.0,0.0,0.0,0.0,4019,0.0
2026-05-19T10:00:59.432824300Z,TaxiAlgorithmP2PCollector,0,200,6,80,1,nearest,1,4,1,false,none,none,RUSH_HOUR,5,116264430,Taxi Travel Distance [km],2.12,9.99,6.29,37.72,6,7.87
2026-05-19T10:00:59.432824300Z,TaxiAlgorithmP2PCollector,0,200,6,80,1,nearest,1,4,1,false,none,none,RUSH_HOUR,5,116264430,Client Waiting Time [min],0.05,10.18,1.99,131.33,66,10.129999999999999
2026-05-19T10:00:59.432824300Z,TaxiAlgorithmP2PCollector,0,200,6,80,1,nearest,1,4,1,false,none,none,RUSH_HOUR,5,116264430,Client Travel Time [min],13.0,624.0,185.0,14800.0,80,611.0
2026-05-19T10:00:59.432824300Z,TaxiAlgorithmP2PCollector,0,200,6,80,1,nearest,1,4,1,false,none,none,RUSH_HOUR,5,116264430,Calculation Time [millis],0.0,0.0,0.01,32.0,4122,0.0
2026-05-19T10:00:59.432824300Z,TaxiAlgorithmP2PCollector,0,200,6,80,1,nearest,1,4,1,false,none,none,RUSH_HOUR,5,116264430,Custom Time [micros],0.0,0.0,0.0,0.0,4122,0.0
2026-05-19T10:00:59.525821400Z,TaxiAlgorithmP2PCollector,0,200,6,80,1,nearest,1,4,1,false,none,none,RUSH_HOUR,6,116264431,Taxi Travel Distance [km],3.37,7.69,5.97,35.79,6,4.32
2026-05-19T10:00:59.525821400Z,TaxiAlgorithmP2PCollector,0,200,6,80,1,nearest,1,4,1,false,none,none,RUSH_HOUR,6,116264431,Client Waiting Time [min],0.03,10.35,2.07,134.47,65,10.32
2026-05-19T10:00:59.525821400Z,TaxiAlgorithmP2PCollector,0,200,6,80,1,nearest,1,4,1,false,none,none,RUSH_HOUR,6,116264431,Client Travel Time [min],13.0,746.0,182.91,14633.0,80,733.0
2026-05-19T10:00:59.525821400Z,TaxiAlgorithmP2PCollector,0,200,6,80,1,nearest,1,4,1,false,none,none,RUSH_HOUR,6,116264431,Calculation Time [millis],0.0,1.0,0.01,33.0,3888,1.0
2026-05-19T10:00:59.525821400Z,TaxiAlgorithmP2PCollector,0,200,6,80,1,nearest,1,4,1,false,none,none,RUSH_HOUR,6,116264431,Custom Time [micros],0.0,0.0,0.0,0.0,3888,0.0
2026-05-19T10:00:59.617826400Z,TaxiAlgorithmP2PCollector,0,200,6,80,1,nearest,1,4,1,false,none,none,RUSH_HOUR,7,116264432,Taxi Travel Distance [km],2.97,10.61,6.5,39.02,6,7.639999999999999
2026-05-19T10:00:59.617826400Z,TaxiAlgorithmP2PCollector,0,200,6,80,1,nearest,1,4,1,false,none,none,RUSH_HOUR,7,116264432,Client Waiting Time [min],0.05,12.5,1.73,114.38,66,12.45
2026-05-19T10:00:59.617826400Z,TaxiAlgorithmP2PCollector,0,200,6,80,1,nearest,1,4,1,false,none,none,RUSH_HOUR,7,116264432,Client Travel Time [min],8.0,751.0,151.34,12107.0,80,743.0
2026-05-19T10:00:59.617826400Z,TaxiAlgorithmP2PCollector,0,200,6,80,1,nearest,1,4,1,false,none,none,RUSH_HOUR,7,116264432,Calculation Time [millis],0.0,0.0,0.01,34.0,4182,0.0
2026-05-19T10:00:59.617826400Z,TaxiAlgorithmP2PCollector,0,200,6,80,1,nearest,1,4,1,false,none,none,RUSH_HOUR,7,116264432,Custom Time [micros],0.0,0.0,0.0,0.0,4182,0.0
2026-05-19T10:00:59.711824500Z,TaxiAlgorithmP2PCollector,0,200,6,80,1,nearest,1,4,1,false,none,none,RUSH_HOUR,8,116264433,Taxi Travel Distance [km],1.76,9.15,5.57,33.4,6,7.390000000000001
2026-05-19T10:00:59.711824500Z,TaxiAlgorithmP2PCollector,0,200,6,80,1,nearest,1,4,1,false,none,none,RUSH_HOUR,8,116264433,Client Waiting Time [min],0.08,12.37,2.44,136.63,56,12.29
2026-05-19T10:00:59.711824500Z,TaxiAlgorithmP2PCollector,0,200,6,80,1,nearest,1,4,1,false,none,none,RUSH_HOUR,8,116264433,Client Travel Time [min],13.0,750.0,232.98,18638.0,80,737.0
2026-05-19T10:00:59.711824500Z,TaxiAlgorithmP2PCollector,0,200,6,80,1,nearest,1,4,1,false,none,none,RUSH_HOUR,8,116264433,Calculation Time [millis],0.0,0.0,0.01,34.0,4478,0.0
2026-05-19T10:00:59.711824500Z,TaxiAlgorithmP2PCollector,0,200,6,80,1,nearest,1,4,1,false,none,none,RUSH_HOUR,8,116264433,Custom Time [micros],0.0,0.0,0.0,0.0,4478,0.0
2026-05-19T10:00:59.803828200Z,TaxiAlgorithmP2PCollector,0,200,6,80,1,nearest,1,4,1,false,none,none,RUSH_HOUR,9,116264434,Taxi Travel Distance [km],0.84,11.24,5.26,31.59,6,10.4
2026-05-19T10:00:59.803828200Z,TaxiAlgorithmP2PCollector,0,200,6,80,1,nearest,1,4,1,false,none,none,RUSH_HOUR,9,116264434,Client Waiting Time [min],0.03,12.77,2.0,125.68,63,12.74
2026-05-19T10:00:59.803828200Z,TaxiAlgorithmP2PCollector,0,200,6,80,1,nearest,1,4,1,false,none,none,RUSH_HOUR,9,116264434,Client Travel Time [min],10.0,845.0,179.44,14355.0,80,835.0
2026-05-19T10:00:59.803828200Z,TaxiAlgorithmP2PCollector,0,200,6,80,1,nearest,1,4,1,false,none,none,RUSH_HOUR,9,116264434,Calculation Time [millis],0.0,1.0,0.01,36.0,4716,1.0
2026-05-19T10:00:59.803828200Z,TaxiAlgorithmP2PCollector,0,200,6,80,1,nearest,1,4,1,false,none,none,RUSH_HOUR,9,116264434,Custom Time [micros],0.0,0.0,0.0,0.0,4716,0.0
2026-05-19T10:00:59.896821700Z,TaxiAlgorithmP2PCollector,0,200,6,80,1,nearest,1,4,1,false,none,none,RUSH_HOUR,10,116264435,Taxi Travel Distance [km],4.31,9.59,6.01,36.06,6,5.28
2026-05-19T10:00:59.896821700Z,TaxiAlgorithmP2PCollector,0,200,6,80,1,nearest,1,4,1,false,none,none,RUSH_HOUR,10,116264435,Client Waiting Time [min],0.05,8.98,1.61,106.4,66,8.93
2026-05-19T10:00:59.896821700Z,TaxiAlgorithmP2PCollector,0,200,6,80,1,nearest,1,4,1,false,none,none,RUSH_HOUR,10,116264435,Client Travel Time [min],8.0,540.0,139.85,11188.0,80,532.0
2026-05-19T10:00:59.896821700Z,TaxiAlgorithmP2PCollector,0,200,6,80,1,nearest,1,4,1,false,none,none,RUSH_HOUR,10,116264435,Calculation Time [millis],0.0,0.0,0.01,28.0,4027,0.0
2026-05-19T10:00:59.896821700Z,TaxiAlgorithmP2PCollector,0,200,6,80,1,nearest,1,4,1,false,none,none,RUSH_HOUR,10,116264435,Custom Time [micros],0.0,0.0,0.0,0.0,4027,0.0
2026-05-19T10:00:59.988821800Z,TaxiAlgorithmP2PCollector,0,200,6,80,1,nearest,1,4,1,false,none,none,SPATIAL_IMBALANCE,1,116264426,Taxi Travel Distance [km],0.0,9.35,4.42,26.49,6,9.35
2026-05-19T10:00:59.988821800Z,TaxiAlgorithmP2PCollector,0,200,6,80,1,nearest,1,4,1,false,none,none,SPATIAL_IMBALANCE,1,116264426,Client Waiting Time [min],0.05,9.87,2.63,128.97,49,9.819999999999999
2026-05-19T10:00:59.988821800Z,TaxiAlgorithmP2PCollector,0,200,6,80,1,nearest,1,4,1,false,none,none,SPATIAL_IMBALANCE,1,116264426,Client Travel Time [min],17.0,634.0,214.49,17159.0,80,617.0
2026-05-19T10:00:59.988821800Z,TaxiAlgorithmP2PCollector,0,200,6,80,1,nearest,1,4,1,false,none,none,SPATIAL_IMBALANCE,1,116264426,Calculation Time [millis],0.0,0.0,0.01,32.0,4275,0.0
2026-05-19T10:00:59.988821800Z,TaxiAlgorithmP2PCollector,0,200,6,80,1,nearest,1,4,1,false,none,none,SPATIAL_IMBALANCE,1,116264426,Custom Time [micros],0.0,0.0,0.0,0.0,4275,0.0
2026-05-19T10:01:00.083821400Z,TaxiAlgorithmP2PCollector,0,200,6,80,1,nearest,1,4,1,false,none,none,SPATIAL_IMBALANCE,2,116264427,Taxi Travel Distance [km],1.5,6.96,3.83,22.96,6,5.46
2026-05-19T10:01:00.083821400Z,TaxiAlgorithmP2PCollector,0,200,6,80,1,nearest,1,4,1,false,none,none,SPATIAL_IMBALANCE,2,116264427,Client Waiting Time [min],0.05,8.92,2.36,117.77,50,8.87
2026-05-19T10:01:00.083821400Z,TaxiAlgorithmP2PCollector,0,200,6,80,1,nearest,1,4,1,false,none,none,SPATIAL_IMBALANCE,2,116264427,Client Travel Time [min],15.0,589.0,208.8,16704.0,80,574.0
2026-05-19T10:01:00.083821400Z,TaxiAlgorithmP2PCollector,0,200,6,80,1,nearest,1,4,1,false,none,none,SPATIAL_IMBALANCE,2,116264427,Calculation Time [millis],0.0,1.0,0.01,34.0,4254,1.0
2026-05-19T10:01:00.083821400Z,TaxiAlgorithmP2PCollector,0,200,6,80,1,nearest,1,4,1,false,none,none,SPATIAL_IMBALANCE,2,116264427,Custom Time [micros],0.0,0.0,0.0,0.0,4254,0.0
2026-05-19T10:01:00.174821900Z,TaxiAlgorithmP2PCollector,0,200,6,80,1,nearest,1,4,1,false,none,none,SPATIAL_IMBALANCE,3,116264428,Taxi Travel Distance [km],1.12,6.13,3.86,23.15,6,5.01
2026-05-19T10:01:00.174821900Z,TaxiAlgorithmP2PCollector,0,200,6,80,1,nearest,1,4,1,false,none,none,SPATIAL_IMBALANCE,3,116264428,Client Waiting Time [min],0.05,11.53,3.83,168.5,44,11.479999999999999
2026-05-19T10:01:00.174821900Z,TaxiAlgorithmP2PCollector,0,200,6,80,1,nearest,1,4,1,false,none,none,SPATIAL_IMBALANCE,3,116264428,Client Travel Time [min],29.0,789.0,296.98,23758.0,80,760.0
2026-05-19T10:01:00.174821900Z,TaxiAlgorithmP2PCollector,0,200,6,80,1,nearest,1,4,1,false,none,none,SPATIAL_IMBALANCE,3,116264428,Calculation Time [millis],0.0,0.0,0.01,35.0,4394,0.0
2026-05-19T10:01:00.174821900Z,TaxiAlgorithmP2PCollector,0,200,6,80,1,nearest,1,4,1,false,none,none,SPATIAL_IMBALANCE,3,116264428,Custom Time [micros],0.0,0.0,0.0,0.0,4394,0.0
2026-05-19T10:01:00.266824500Z,TaxiAlgorithmP2PCollector,0,200,6,80,1,nearest,1,4,1,false,none,none,SPATIAL_IMBALANCE,4,116264429,Taxi Travel Distance [km],1.8,6.76,3.99,23.93,6,4.96
2026-05-19T10:01:00.266824500Z,TaxiAlgorithmP2PCollector,0,200,6,80,1,nearest,1,4,1,false,none,none,SPATIAL_IMBALANCE,4,116264429,Client Waiting Time [min],0.07,10.22,2.71,141.02,52,10.15
2026-05-19T10:01:00.266824500Z,TaxiAlgorithmP2PCollector,0,200,6,80,1,nearest,1,4,1,false,none,none,SPATIAL_IMBALANCE,4,116264429,Client Travel Time [min],17.0,785.0,225.73,18058.0,80,768.0
2026-05-19T10:01:00.266824500Z,TaxiAlgorithmP2PCollector,0,200,6,80,1,nearest,1,4,1,false,none,none,SPATIAL_IMBALANCE,4,116264429,Calculation Time [millis],0.0,0.0,0.01,39.0,4322,0.0
2026-05-19T10:01:00.266824500Z,TaxiAlgorithmP2PCollector,0,200,6,80,1,nearest,1,4,1,false,none,none,SPATIAL_IMBALANCE,4,116264429,Custom Time [micros],0.0,0.0,0.0,0.0,4322,0.0
2026-05-19T10:01:00.359822600Z,TaxiAlgorithmP2PCollector,0,200,6,80,1,nearest,1,4,1,false,none,none,SPATIAL_IMBALANCE,5,116264430,Taxi Travel Distance [km],0.92,5.29,3.41,20.47,6,4.37
2026-05-19T10:01:00.359822600Z,TaxiAlgorithmP2PCollector,0,200,6,80,1,nearest,1,4,1,false,none,none,SPATIAL_IMBALANCE,5,116264430,Client Waiting Time [min],0.08,8.63,2.99,140.4,47,8.55
2026-05-19T10:01:00.359822600Z,TaxiAlgorithmP2PCollector,0,200,6,80,1,nearest,1,4,1,false,none,none,SPATIAL_IMBALANCE,5,116264430,Client Travel Time [min],13.0,778.0,259.69,20775.0,80,765.0
2026-05-19T10:01:00.359822600Z,TaxiAlgorithmP2PCollector,0,200,6,80,1,nearest,1,4,1,false,none,none,SPATIAL_IMBALANCE,5,116264430,Calculation Time [millis],0.0,0.0,0.01,34.0,4281,0.0
2026-05-19T10:01:00.359822600Z,TaxiAlgorithmP2PCollector,0,200,6,80,1,nearest,1,4,1,false,none,none,SPATIAL_IMBALANCE,5,116264430,Custom Time [micros],0.0,0.0,0.0,0.0,4281,0.0
2026-05-19T10:01:00.453823900Z,TaxiAlgorithmP2PCollector,0,200,6,80,1,nearest,1,4,1,false,none,none,SPATIAL_IMBALANCE,6,116264431,Taxi Travel Distance [km],1.04,5.76,3.46,20.78,6,4.72
2026-05-19T10:01:00.453823900Z,TaxiAlgorithmP2PCollector,0,200,6,80,1,nearest,1,4,1,false,none,none,SPATIAL_IMBALANCE,6,116264431,Client Waiting Time [min],0.05,8.33,2.22,93.03,42,8.28
2026-05-19T10:01:00.453823900Z,TaxiAlgorithmP2PCollector,0,200,6,80,1,nearest,1,4,1,false,none,none,SPATIAL_IMBALANCE,6,116264431,Client Travel Time [min],10.0,823.0,246.4,19712.0,80,813.0
2026-05-19T10:01:00.453823900Z,TaxiAlgorithmP2PCollector,0,200,6,80,1,nearest,1,4,1,false,none,none,SPATIAL_IMBALANCE,6,116264431,Calculation Time [millis],0.0,0.0,0.01,33.0,4181,0.0
2026-05-19T10:01:00.453823900Z,TaxiAlgorithmP2PCollector,0,200,6,80,1,nearest,1,4,1,false,none,none,SPATIAL_IMBALANCE,6,116264431,Custom Time [micros],0.0,0.0,0.0,0.0,4181,0.0
2026-05-19T10:01:00.546821900Z,TaxiAlgorithmP2PCollector,0,200,6,80,1,nearest,1,4,1,false,none,none,SPATIAL_IMBALANCE,7,116264432,Taxi Travel Distance [km],2.13,5.69,4.13,24.8,6,3.5600000000000005
2026-05-19T10:01:00.546821900Z,TaxiAlgorithmP2PCollector,0,200,6,80,1,nearest,1,4,1,false,none,none,SPATIAL_IMBALANCE,7,116264432,Client Waiting Time [min],0.07,9.72,2.97,148.52,50,9.65
2026-05-19T10:01:00.546821900Z,TaxiAlgorithmP2PCollector,0,200,6,80,1,nearest,1,4,1,false,none,none,SPATIAL_IMBALANCE,7,116264432,Client Travel Time [min],13.0,612.0,236.93,18954.0,80,599.0
2026-05-19T10:01:00.546821900Z,TaxiAlgorithmP2PCollector,0,200,6,80,1,nearest,1,4,1,false,none,none,SPATIAL_IMBALANCE,7,116264432,Calculation Time [millis],0.0,1.0,0.01,36.0,4378,1.0
2026-05-19T10:01:00.546821900Z,TaxiAlgorithmP2PCollector,0,200,6,80,1,nearest,1,4,1,false,none,none,SPATIAL_IMBALANCE,7,116264432,Custom Time [micros],0.0,0.0,0.0,0.0,4378,0.0
2026-05-19T10:01:00.638821900Z,TaxiAlgorithmP2PCollector,0,200,6,80,1,nearest,1,4,1,false,none,none,SPATIAL_IMBALANCE,8,116264433,Taxi Travel Distance [km],1.38,5.14,3.77,22.6,6,3.76
2026-05-19T10:01:00.638821900Z,TaxiAlgorithmP2PCollector,0,200,6,80,1,nearest,1,4,1,false,none,none,SPATIAL_IMBALANCE,8,116264433,Client Waiting Time [min],0.05,10.62,2.8,120.37,43,10.569999999999999
2026-05-19T10:01:00.638821900Z,TaxiAlgorithmP2PCollector,0,200,6,80,1,nearest,1,4,1,false,none,none,SPATIAL_IMBALANCE,8,116264433,Client Travel Time [min],9.0,907.0,282.85,22628.0,80,898.0
2026-05-19T10:01:00.638821900Z,TaxiAlgorithmP2PCollector,0,200,6,80,1,nearest,1,4,1,false,none,none,SPATIAL_IMBALANCE,8,116264433,Calculation Time [millis],0.0,0.0,0.01,33.0,4442,0.0
2026-05-19T10:01:00.638821900Z,TaxiAlgorithmP2PCollector,0,200,6,80,1,nearest,1,4,1,false,none,none,SPATIAL_IMBALANCE,8,116264433,Custom Time [micros],0.0,0.0,0.0,0.0,4442,0.0
2026-05-19T10:01:00.731821900Z,TaxiAlgorithmP2PCollector,0,200,6,80,1,nearest,1,4,1,false,none,none,SPATIAL_IMBALANCE,9,116264434,Taxi Travel Distance [km],0.21,4.54,2.68,16.08,6,4.33
2026-05-19T10:01:00.731821900Z,TaxiAlgorithmP2PCollector,0,200,6,80,1,nearest,1,4,1,false,none,none,SPATIAL_IMBALANCE,9,116264434,Client Waiting Time [min],0.07,10.75,2.99,110.77,37,10.68
2026-05-19T10:01:00.731821900Z,TaxiAlgorithmP2PCollector,0,200,6,80,1,nearest,1,4,1,false,none,none,SPATIAL_IMBALANCE,9,116264434,Client Travel Time [min],10.0,745.0,275.28,22022.0,80,735.0
2026-05-19T10:01:00.731821900Z,TaxiAlgorithmP2PCollector,0,200,6,80,1,nearest,1,4,1,false,none,none,SPATIAL_IMBALANCE,9,116264434,Calculation Time [millis],0.0,0.0,0.01,31.0,4166,0.0
2026-05-19T10:01:00.731821900Z,TaxiAlgorithmP2PCollector,0,200,6,80,1,nearest,1,4,1,false,none,none,SPATIAL_IMBALANCE,9,116264434,Custom Time [micros],0.0,0.0,0.0,0.0,4166,0.0
2026-05-19T10:01:00.824822700Z,TaxiAlgorithmP2PCollector,0,200,6,80,1,nearest,1,4,1,false,none,none,SPATIAL_IMBALANCE,10,116264435,Taxi Travel Distance [km],1.59,4.73,2.71,16.24,6,3.1400000000000006
2026-05-19T10:01:00.824822700Z,TaxiAlgorithmP2PCollector,0,200,6,80,1,nearest,1,4,1,false,none,none,SPATIAL_IMBALANCE,10,116264435,Client Waiting Time [min],0.08,6.63,2.53,91.22,36,6.55
2026-05-19T10:01:00.824822700Z,TaxiAlgorithmP2PCollector,0,200,6,80,1,nearest,1,4,1,false,none,none,SPATIAL_IMBALANCE,10,116264435,Client Travel Time [min],14.0,763.0,253.13,20250.0,80,749.0
2026-05-19T10:01:00.824822700Z,TaxiAlgorithmP2PCollector,0,200,6,80,1,nearest,1,4,1,false,none,none,SPATIAL_IMBALANCE,10,116264435,Calculation Time [millis],0.0,1.0,0.01,31.0,4144,1.0
2026-05-19T10:01:00.824822700Z,TaxiAlgorithmP2PCollector,0,200,6,80,1,nearest,1,4,1,false,none,none,SPATIAL_IMBALANCE,10,116264435,Custom Time [micros],0.0,0.0,0.0,0.0,4144,0.0
2026-05-19T10:01:00.919822600Z,TaxiAlgorithmP2PCollector,0,200,6,80,1,nearest,1,4,1,false,none,none,SPATIAL_ISLANDS,1,116264426,Taxi Travel Distance [km],1.55,6.58,3.12,18.71,6,5.03
2026-05-19T10:01:00.919822600Z,TaxiAlgorithmP2PCollector,0,200,6,80,1,nearest,1,4,1,false,none,none,SPATIAL_ISLANDS,1,116264426,Client Waiting Time [min],0.07,12.07,2.66,95.83,36,12.0
2026-05-19T10:01:00.919822600Z,TaxiAlgorithmP2PCollector,0,200,6,80,1,nearest,1,4,1,false,none,none,SPATIAL_ISLANDS,1,116264426,Client Travel Time [min],20.0,733.0,286.85,22948.0,80,713.0
2026-05-19T10:01:00.919822600Z,TaxiAlgorithmP2PCollector,0,200,6,80,1,nearest,1,4,1,false,none,none,SPATIAL_ISLANDS,1,116264426,Calculation Time [millis],0.0,0.0,0.01,35.0,4518,0.0
2026-05-19T10:01:00.919822600Z,TaxiAlgorithmP2PCollector,0,200,6,80,1,nearest,1,4,1,false,none,none,SPATIAL_ISLANDS,1,116264426,Custom Time [micros],0.0,0.0,0.0,0.0,4518,0.0
2026-05-19T10:01:01.012821800Z,TaxiAlgorithmP2PCollector,0,200,6,80,1,nearest,1,4,1,false,none,none,SPATIAL_ISLANDS,2,116264427,Taxi Travel Distance [km],1.76,6.7,4.28,25.66,6,4.94
2026-05-19T10:01:01.012821800Z,TaxiAlgorithmP2PCollector,0,200,6,80,1,nearest,1,4,1,false,none,none,SPATIAL_ISLANDS,2,116264427,Client Waiting Time [min],0.03,9.87,2.96,142.22,48,9.84
2026-05-19T10:01:01.012821800Z,TaxiAlgorithmP2PCollector,0,200,6,80,1,nearest,1,4,1,false,none,none,SPATIAL_ISLANDS,2,116264427,Client Travel Time [min],20.0,858.0,266.19,21295.0,80,838.0
2026-05-19T10:01:01.012821800Z,TaxiAlgorithmP2PCollector,0,200,6,80,1,nearest,1,4,1,false,none,none,SPATIAL_ISLANDS,2,116264427,Calculation Time [millis],0.0,0.0,0.01,35.0,4655,0.0
2026-05-19T10:01:01.012821800Z,TaxiAlgorithmP2PCollector,0,200,6,80,1,nearest,1,4,1,false,none,none,SPATIAL_ISLANDS,2,116264427,Custom Time [micros],0.0,0.0,0.0,0.0,4655,0.0
2026-05-19T10:01:01.106823300Z,TaxiAlgorithmP2PCollector,0,200,6,80,1,nearest,1,4,1,false,none,none,SPATIAL_ISLANDS,3,116264428,Taxi Travel Distance [km],0.96,5.3,2.69,16.17,6,4.34
2026-05-19T10:01:01.106823300Z,TaxiAlgorithmP2PCollector,0,200,6,80,1,nearest,1,4,1,false,none,none,SPATIAL_ISLANDS,3,116264428,Client Waiting Time [min],0.1,10.18,4.12,131.97,32,10.08
2026-05-19T10:01:01.106823300Z,TaxiAlgorithmP2PCollector,0,200,6,80,1,nearest,1,4,1,false,none,none,SPATIAL_ISLANDS,3,116264428,Client Travel Time [min],20.0,975.0,358.14,28651.0,80,955.0
2026-05-19T10:01:01.106823300Z,TaxiAlgorithmP2PCollector,0,200,6,80,1,nearest,1,4,1,false,none,none,SPATIAL_ISLANDS,3,116264428,Calculation Time [millis],0.0,0.0,0.01,36.0,4396,0.0
2026-05-19T10:01:01.106823300Z,TaxiAlgorithmP2PCollector,0,200,6,80,1,nearest,1,4,1,false,none,none,SPATIAL_ISLANDS,3,116264428,Custom Time [micros],0.0,0.0,0.0,0.0,4396,0.0
2026-05-19T10:01:01.200821700Z,TaxiAlgorithmP2PCollector,0,200,6,80,1,nearest,1,4,1,false,none,none,SPATIAL_ISLANDS,4,116264429,Taxi Travel Distance [km],0.91,7.9,4.31,25.88,6,6.99
2026-05-19T10:01:01.200821700Z,TaxiAlgorithmP2PCollector,0,200,6,80,1,nearest,1,4,1,false,none,none,SPATIAL_ISLANDS,4,116264429,Client Waiting Time [min],0.05,10.25,3.6,179.87,50,10.2
2026-05-19T10:01:01.200821700Z,TaxiAlgorithmP2PCollector,0,200,6,80,1,nearest,1,4,1,false,none,none,SPATIAL_ISLANDS,4,116264429,Client Travel Time [min],16.0,805.0,276.14,22091.0,80,789.0
2026-05-19T10:01:01.200821700Z,TaxiAlgorithmP2PCollector,0,200,6,80,1,nearest,1,4,1,false,none,none,SPATIAL_ISLANDS,4,116264429,Calculation Time [millis],0.0,0.0,0.01,38.0,4776,0.0
2026-05-19T10:01:01.200821700Z,TaxiAlgorithmP2PCollector,0,200,6,80,1,nearest,1,4,1,false,none,none,SPATIAL_ISLANDS,4,116264429,Custom Time [micros],0.0,0.0,0.0,0.0,4776,0.0
2026-05-19T10:01:01.292822900Z,TaxiAlgorithmP2PCollector,0,200,6,80,1,nearest,1,4,1,false,none,none,SPATIAL_ISLANDS,5,116264430,Taxi Travel Distance [km],0.81,5.69,2.94,17.67,6,4.880000000000001
2026-05-19T10:01:01.292822900Z,TaxiAlgorithmP2PCollector,0,200,6,80,1,nearest,1,4,1,false,none,none,SPATIAL_ISLANDS,5,116264430,Client Waiting Time [min],0.1,10.43,3.87,150.87,39,10.33
2026-05-19T10:01:01.292822900Z,TaxiAlgorithmP2PCollector,0,200,6,80,1,nearest,1,4,1,false,none,none,SPATIAL_ISLANDS,5,116264430,Client Travel Time [min],18.0,727.0,317.61,25409.0,80,709.0
2026-05-19T10:01:01.292822900Z,TaxiAlgorithmP2PCollector,0,200,6,80,1,nearest,1,4,1,false,none,none,SPATIAL_ISLANDS,5,116264430,Calculation Time [millis],0.0,0.0,0.01,33.0,4362,0.0
2026-05-19T10:01:01.292822900Z,TaxiAlgorithmP2PCollector,0,200,6,80,1,nearest,1,4,1,false,none,none,SPATIAL_ISLANDS,5,116264430,Custom Time [micros],0.0,0.0,0.0,0.0,4362,0.0
2026-05-19T10:01:01.384821500Z,TaxiAlgorithmP2PCollector,0,200,6,80,1,nearest,1,4,1,false,none,none,SPATIAL_ISLANDS,6,116264431,Taxi Travel Distance [km],0.85,6.9,3.57,21.4,6,6.050000000000001
2026-05-19T10:01:01.384821500Z,TaxiAlgorithmP2PCollector,0,200,6,80,1,nearest,1,4,1,false,none,none,SPATIAL_ISLANDS,6,116264431,Client Waiting Time [min],0.07,8.95,2.48,91.77,37,8.879999999999999
2026-05-19T10:01:01.384821500Z,TaxiAlgorithmP2PCollector,0,200,6,80,1,nearest,1,4,1,false,none,none,SPATIAL_ISLANDS,6,116264431,Client Travel Time [min],16.0,733.0,289.83,23186.0,80,717.0
2026-05-19T10:01:01.384821500Z,TaxiAlgorithmP2PCollector,0,200,6,80,1,nearest,1,4,1,false,none,none,SPATIAL_ISLANDS,6,116264431,Calculation Time [millis],0.0,0.0,0.01,35.0,4466,0.0
2026-05-19T10:01:01.384821500Z,TaxiAlgorithmP2PCollector,0,200,6,80,1,nearest,1,4,1,false,none,none,SPATIAL_ISLANDS,6,116264431,Custom Time [micros],0.0,0.0,0.0,0.0,4466,0.0
2026-05-19T10:01:01.478882200Z,TaxiAlgorithmP2PCollector,0,200,6,80,1,nearest,1,4,1,false,none,none,SPATIAL_ISLANDS,7,116264432,Taxi Travel Distance [km],1.78,5.02,3.79,22.77,6,3.2399999999999993
2026-05-19T10:01:01.478882200Z,TaxiAlgorithmP2PCollector,0,200,6,80,1,nearest,1,4,1,false,none,none,SPATIAL_ISLANDS,7,116264432,Client Waiting Time [min],0.05,11.33,3.68,161.83,44,11.28
2026-05-19T10:01:01.478882200Z,TaxiAlgorithmP2PCollector,0,200,6,80,1,nearest,1,4,1,false,none,none,SPATIAL_ISLANDS,7,116264432,Client Travel Time [min],17.0,761.0,289.53,23162.0,80,744.0
2026-05-19T10:01:01.478882200Z,TaxiAlgorithmP2PCollector,0,200,6,80,1,nearest,1,4,1,false,none,none,SPATIAL_ISLANDS,7,116264432,Calculation Time [millis],0.0,0.0,0.01,38.0,4651,0.0
2026-05-19T10:01:01.478882200Z,TaxiAlgorithmP2PCollector,0,200,6,80,1,nearest,1,4,1,false,none,none,SPATIAL_ISLANDS,7,116264432,Custom Time [micros],0.0,0.0,0.0,0.0,4651,0.0
2026-05-19T10:01:01.572875200Z,TaxiAlgorithmP2PCollector,0,200,6,80,1,nearest,1,4,1,false,none,none,SPATIAL_ISLANDS,8,116264433,Taxi Travel Distance [km],0.62,5.12,2.1,12.59,6,4.5
2026-05-19T10:01:01.572875200Z,TaxiAlgorithmP2PCollector,0,200,6,80,1,nearest,1,4,1,false,none,none,SPATIAL_ISLANDS,8,116264433,Client Waiting Time [min],0.13,10.08,5.14,133.72,26,9.95
2026-05-19T10:01:01.572875200Z,TaxiAlgorithmP2PCollector,0,200,6,80,1,nearest,1,4,1,false,none,none,SPATIAL_ISLANDS,8,116264433,Client Travel Time [min],30.0,836.0,407.26,32581.0,80,806.0
2026-05-19T10:01:01.572875200Z,TaxiAlgorithmP2PCollector,0,200,6,80,1,nearest,1,4,1,false,none,none,SPATIAL_ISLANDS,8,116264433,Calculation Time [millis],0.0,1.0,0.01,42.0,4442,1.0
2026-05-19T10:01:01.572875200Z,TaxiAlgorithmP2PCollector,0,200,6,80,1,nearest,1,4,1,false,none,none,SPATIAL_ISLANDS,8,116264433,Custom Time [micros],0.0,0.0,0.0,0.0,4442,0.0
2026-05-19T10:01:01.665878800Z,TaxiAlgorithmP2PCollector,0,200,6,80,1,nearest,1,4,1,false,none,none,SPATIAL_ISLANDS,9,116264434,Taxi Travel Distance [km],1.58,8.08,4.77,28.61,6,6.5
2026-05-19T10:01:01.665878800Z,TaxiAlgorithmP2PCollector,0,200,6,80,1,nearest,1,4,1,false,none,none,SPATIAL_ISLANDS,9,116264434,Client Waiting Time [min],0.05,10.57,2.88,152.9,53,10.52
2026-05-19T10:01:01.665878800Z,TaxiAlgorithmP2PCollector,0,200,6,80,1,nearest,1,4,1,false,none,none,SPATIAL_ISLANDS,9,116264434,Client Travel Time [min],10.0,876.0,246.99,19759.0,80,866.0
2026-05-19T10:01:01.665878800Z,TaxiAlgorithmP2PCollector,0,200,6,80,1,nearest,1,4,1,false,none,none,SPATIAL_ISLANDS,9,116264434,Calculation Time [millis],0.0,0.0,0.01,36.0,4581,0.0
2026-05-19T10:01:01.665878800Z,TaxiAlgorithmP2PCollector,0,200,6,80,1,nearest,1,4,1,false,none,none,SPATIAL_ISLANDS,9,116264434,Custom Time [micros],0.0,0.0,0.0,0.0,4581,0.0
2026-05-19T10:01:01.758876800Z,TaxiAlgorithmP2PCollector,0,200,6,80,1,nearest,1,4,1,false,none,none,SPATIAL_ISLANDS,10,116264435,Taxi Travel Distance [km],1.27,6.4,3.94,23.64,6,5.130000000000001
2026-05-19T10:01:01.758876800Z,TaxiAlgorithmP2PCollector,0,200,6,80,1,nearest,1,4,1,false,none,none,SPATIAL_ISLANDS,10,116264435,Client Waiting Time [min],0.05,9.87,3.34,153.62,46,9.819999999999999
2026-05-19T10:01:01.758876800Z,TaxiAlgorithmP2PCollector,0,200,6,80,1,nearest,1,4,1,false,none,none,SPATIAL_ISLANDS,10,116264435,Client Travel Time [min],11.0,720.0,274.93,21994.0,80,709.0
2026-05-19T10:01:01.758876800Z,TaxiAlgorithmP2PCollector,0,200,6,80,1,nearest,1,4,1,false,none,none,SPATIAL_ISLANDS,10,116264435,Calculation Time [millis],0.0,0.0,0.01,34.0,4523,0.0
2026-05-19T10:01:01.758876800Z,TaxiAlgorithmP2PCollector,0,200,6,80,1,nearest,1,4,1,false,none,none,SPATIAL_ISLANDS,10,116264435,Custom Time [micros],0.0,0.0,0.0,0.0,4523,0.0
2026-05-19T10:01:01.883877600Z,TaxiAlgorithmP2PCollector,0,200,6,80,1,nearest,1,4,1,true,page-rank,page-rank,BASELINE,1,116264426,Taxi Travel Distance [km],29.25,36.71,33.33,199.96,6,7.460000000000001
2026-05-19T10:01:01.883877600Z,TaxiAlgorithmP2PCollector,0,200,6,80,1,nearest,1,4,1,true,page-rank,page-rank,BASELINE,1,116264426,Client Waiting Time [min],0.03,6.33,0.74,57.15,77,6.3
2026-05-19T10:01:01.883877600Z,TaxiAlgorithmP2PCollector,0,200,6,80,1,nearest,1,4,1,true,page-rank,page-rank,BASELINE,1,116264426,Client Travel Time [min],8.0,389.0,65.9,5272.0,80,381.0
2026-05-19T10:01:01.883877600Z,TaxiAlgorithmP2PCollector,0,200,6,80,1,nearest,1,4,1,true,page-rank,page-rank,BASELINE,1,116264426,Calculation Time [millis],0.0,1.0,0.02,71.0,4006,1.0
2026-05-19T10:01:01.883877600Z,TaxiAlgorithmP2PCollector,0,200,6,80,1,nearest,1,4,1,true,page-rank,page-rank,BASELINE,1,116264426,Custom Time [micros],0.0,0.0,0.0,0.0,4006,0.0
2026-05-19T10:01:01.976875Z,TaxiAlgorithmP2PCollector,0,200,6,80,1,nearest,1,4,1,true,page-rank,page-rank,BASELINE,2,116264427,Taxi Travel Distance [km],24.1,28.61,25.87,155.25,6,4.509999999999998
2026-05-19T10:01:01.976875Z,TaxiAlgorithmP2PCollector,0,200,6,80,1,nearest,1,4,1,true,page-rank,page-rank,BASELINE,2,116264427,Client Waiting Time [min],0.05,2.62,0.64,50.9,79,2.5700000000000003
2026-05-19T10:01:01.976875Z,TaxiAlgorithmP2PCollector,0,200,6,80,1,nearest,1,4,1,true,page-rank,page-rank,BASELINE,2,116264427,Client Travel Time [min],9.0,184.0,57.91,4633.0,80,175.0
2026-05-19T10:01:01.976875Z,TaxiAlgorithmP2PCollector,0,200,6,80,1,nearest,1,4,1,true,page-rank,page-rank,BASELINE,2,116264427,Calculation Time [millis],0.0,0.0,0.01,49.0,4045,0.0
2026-05-19T10:01:01.976875Z,TaxiAlgorithmP2PCollector,0,200,6,80,1,nearest,1,4,1,true,page-rank,page-rank,BASELINE,2,116264427,Custom Time [micros],0.0,0.0,0.0,0.0,4045,0.0
2026-05-19T10:01:02.085876200Z,TaxiAlgorithmP2PCollector,0,200,6,80,1,nearest,1,4,1,true,page-rank,page-rank,BASELINE,3,116264428,Taxi Travel Distance [km],23.79,26.27,25.22,151.3,6,2.4800000000000004
2026-05-19T10:01:02.085876200Z,TaxiAlgorithmP2PCollector,0,200,6,80,1,nearest,1,4,1,true,page-rank,page-rank,BASELINE,3,116264428,Client Waiting Time [min],0.03,2.5,0.6,47.98,80,2.47
2026-05-19T10:01:02.085876200Z,TaxiAlgorithmP2PCollector,0,200,6,80,1,nearest,1,4,1,true,page-rank,page-rank,BASELINE,3,116264428,Client Travel Time [min],15.0,170.0,58.69,4695.0,80,155.0
2026-05-19T10:01:02.085876200Z,TaxiAlgorithmP2PCollector,0,200,6,80,1,nearest,1,4,1,true,page-rank,page-rank,BASELINE,3,116264428,Calculation Time [millis],0.0,1.0,0.01,49.0,3946,1.0
2026-05-19T10:01:02.085876200Z,TaxiAlgorithmP2PCollector,0,200,6,80,1,nearest,1,4,1,true,page-rank,page-rank,BASELINE,3,116264428,Custom Time [micros],0.0,0.0,0.0,0.0,3946,0.0
2026-05-19T10:01:02.210877100Z,TaxiAlgorithmP2PCollector,0,200,6,80,1,nearest,1,4,1,true,page-rank,page-rank,BASELINE,4,116264429,Taxi Travel Distance [km],29.58,36.04,32.09,192.54,6,6.460000000000001
2026-05-19T10:01:02.210877100Z,TaxiAlgorithmP2PCollector,0,200,6,80,1,nearest,1,4,1,true,page-rank,page-rank,BASELINE,4,116264429,Client Waiting Time [min],0.05,4.42,0.67,51.33,77,4.37
2026-05-19T10:01:02.210877100Z,TaxiAlgorithmP2PCollector,0,200,6,80,1,nearest,1,4,1,true,page-rank,page-rank,BASELINE,4,116264429,Client Travel Time [min],10.0,290.0,64.4,5152.0,80,280.0
2026-05-19T10:01:02.210877100Z,TaxiAlgorithmP2PCollector,0,200,6,80,1,nearest,1,4,1,true,page-rank,page-rank,BASELINE,4,116264429,Calculation Time [millis],0.0,0.0,0.01,56.0,3998,0.0
2026-05-19T10:01:02.210877100Z,TaxiAlgorithmP2PCollector,0,200,6,80,1,nearest,1,4,1,true,page-rank,page-rank,BASELINE,4,116264429,Custom Time [micros],0.0,0.0,0.0,0.0,3998,0.0
2026-05-19T10:01:02.333877100Z,TaxiAlgorithmP2PCollector,0,200,6,80,1,nearest,1,4,1,true,page-rank,page-rank,BASELINE,5,116264430,Taxi Travel Distance [km],25.4,30.22,27.77,166.61,6,4.82
2026-05-19T10:01:02.333877100Z,TaxiAlgorithmP2PCollector,0,200,6,80,1,nearest,1,4,1,true,page-rank,page-rank,BASELINE,5,116264430,Client Waiting Time [min],0.03,6.27,0.7,56.37,80,6.239999999999999
2026-05-19T10:01:02.333877100Z,TaxiAlgorithmP2PCollector,0,200,6,80,1,nearest,1,4,1,true,page-rank,page-rank,BASELINE,5,116264430,Client Travel Time [min],12.0,390.0,64.49,5159.0,80,378.0
2026-05-19T10:01:02.333877100Z,TaxiAlgorithmP2PCollector,0,200,6,80,1,nearest,1,4,1,true,page-rank,page-rank,BASELINE,5,116264430,Calculation Time [millis],0.0,1.0,0.01,51.0,4017,1.0
2026-05-19T10:01:02.333877100Z,TaxiAlgorithmP2PCollector,0,200,6,80,1,nearest,1,4,1,true,page-rank,page-rank,BASELINE,5,116264430,Custom Time [micros],0.0,0.0,0.0,0.0,4017,0.0
2026-05-19T10:01:02.426876700Z,TaxiAlgorithmP2PCollector,0,200,6,80,1,nearest,1,4,1,true,page-rank,page-rank,BASELINE,6,116264431,Taxi Travel Distance [km],23.06,31.22,26.93,161.59,6,8.16
2026-05-19T10:01:02.426876700Z,TaxiAlgorithmP2PCollector,0,200,6,80,1,nearest,1,4,1,true,page-rank,page-rank,BASELINE,6,116264431,Client Waiting Time [min],0.05,3.62,0.62,48.28,78,3.5700000000000003
2026-05-19T10:01:02.426876700Z,TaxiAlgorithmP2PCollector,0,200,6,80,1,nearest,1,4,1,true,page-rank,page-rank,BASELINE,6,116264431,Client Travel Time [min],10.0,247.0,58.66,4693.0,80,237.0
2026-05-19T10:01:02.426876700Z,TaxiAlgorithmP2PCollector,0,200,6,80,1,nearest,1,4,1,true,page-rank,page-rank,BASELINE,6,116264431,Calculation Time [millis],0.0,0.0,0.01,46.0,3984,0.0
2026-05-19T10:01:02.426876700Z,TaxiAlgorithmP2PCollector,0,200,6,80,1,nearest,1,4,1,true,page-rank,page-rank,BASELINE,6,116264431,Custom Time [micros],0.0,0.0,0.0,0.0,3984,0.0
2026-05-19T10:01:02.534876500Z,TaxiAlgorithmP2PCollector,0,200,6,80,1,nearest,1,4,1,true,page-rank,page-rank,BASELINE,7,116264432,Taxi Travel Distance [km],28.94,31.85,30.39,182.37,6,2.91
2026-05-19T10:01:02.534876500Z,TaxiAlgorithmP2PCollector,0,200,6,80,1,nearest,1,4,1,true,page-rank,page-rank,BASELINE,7,116264432,Client Waiting Time [min],0.03,3.47,0.74,59.05,80,3.4400000000000004
2026-05-19T10:01:02.534876500Z,TaxiAlgorithmP2PCollector,0,200,6,80,1,nearest,1,4,1,true,page-rank,page-rank,BASELINE,7,116264432,Client Travel Time [min],6.0,231.0,65.7,5256.0,80,225.0
2026-05-19T10:01:02.534876500Z,TaxiAlgorithmP2PCollector,0,200,6,80,1,nearest,1,4,1,true,page-rank,page-rank,BASELINE,7,116264432,Calculation Time [millis],0.0,1.0,0.01,54.0,4028,1.0
2026-05-19T10:01:02.534876500Z,TaxiAlgorithmP2PCollector,0,200,6,80,1,nearest,1,4,1,true,page-rank,page-rank,BASELINE,7,116264432,Custom Time [micros],0.0,0.0,0.0,0.0,4028,0.0
2026-05-19T10:01:02.660877600Z,TaxiAlgorithmP2PCollector,0,200,6,80,1,nearest,1,4,1,true,page-rank,page-rank,BASELINE,8,116264433,Taxi Travel Distance [km],27.38,32.66,30.62,183.74,6,5.279999999999998
2026-05-19T10:01:02.660877600Z,TaxiAlgorithmP2PCollector,0,200,6,80,1,nearest,1,4,1,true,page-rank,page-rank,BASELINE,8,116264433,Client Waiting Time [min],0.03,4.57,0.74,57.53,78,4.54
2026-05-19T10:01:02.660877600Z,TaxiAlgorithmP2PCollector,0,200,6,80,1,nearest,1,4,1,true,page-rank,page-rank,BASELINE,8,116264433,Client Travel Time [min],16.0,288.0,70.93,5674.0,80,272.0
2026-05-19T10:01:02.660877600Z,TaxiAlgorithmP2PCollector,0,200,6,80,1,nearest,1,4,1,true,page-rank,page-rank,BASELINE,8,116264433,Calculation Time [millis],0.0,0.0,0.01,55.0,4020,0.0
2026-05-19T10:01:02.660877600Z,TaxiAlgorithmP2PCollector,0,200,6,80,1,nearest,1,4,1,true,page-rank,page-rank,BASELINE,8,116264433,Custom Time [micros],0.0,0.0,0.0,0.0,4020,0.0
2026-05-19T10:01:02.754876800Z,TaxiAlgorithmP2PCollector,0,200,6,80,1,nearest,1,4,1,true,page-rank,page-rank,BASELINE,9,116264434,Taxi Travel Distance [km],24.21,31.5,27.55,165.3,6,7.289999999999999
2026-05-19T10:01:02.754876800Z,TaxiAlgorithmP2PCollector,0,200,6,80,1,nearest,1,4,1,true,page-rank,page-rank,BASELINE,9,116264434,Client Waiting Time [min],0.05,2.62,0.6,47.73,79,2.5700000000000003
2026-05-19T10:01:02.754876800Z,TaxiAlgorithmP2PCollector,0,200,6,80,1,nearest,1,4,1,true,page-rank,page-rank,BASELINE,9,116264434,Client Travel Time [min],9.0,176.0,59.84,4787.0,80,167.0
2026-05-19T10:01:02.754876800Z,TaxiAlgorithmP2PCollector,0,200,6,80,1,nearest,1,4,1,true,page-rank,page-rank,BASELINE,9,116264434,Calculation Time [millis],0.0,1.0,0.01,48.0,4031,1.0
2026-05-19T10:01:02.754876800Z,TaxiAlgorithmP2PCollector,0,200,6,80,1,nearest,1,4,1,true,page-rank,page-rank,BASELINE,9,116264434,Custom Time [micros],0.0,0.0,0.0,0.0,4031,0.0
2026-05-19T10:01:02.879569500Z,TaxiAlgorithmP2PCollector,0,200,6,80,1,nearest,1,4,1,true,page-rank,page-rank,BASELINE,10,116264435,Taxi Travel Distance [km],27.26,31.86,29.51,177.08,6,4.599999999999998
2026-05-19T10:01:02.879569500Z,TaxiAlgorithmP2PCollector,0,200,6,80,1,nearest,1,4,1,true,page-rank,page-rank,BASELINE,10,116264435,Client Waiting Time [min],0.05,2.72,0.73,58.5,80,2.6700000000000004
2026-05-19T10:01:02.879569500Z,TaxiAlgorithmP2PCollector,0,200,6,80,1,nearest,1,4,1,true,page-rank,page-rank,BASELINE,10,116264435,Client Travel Time [min],9.0,182.0,64.85,5188.0,80,173.0
2026-05-19T10:01:02.879569500Z,TaxiAlgorithmP2PCollector,0,200,6,80,1,nearest,1,4,1,true,page-rank,page-rank,BASELINE,10,116264435,Calculation Time [millis],0.0,0.0,0.01,49.0,4052,0.0
2026-05-19T10:01:02.879569500Z,TaxiAlgorithmP2PCollector,0,200,6,80,1,nearest,1,4,1,true,page-rank,page-rank,BASELINE,10,116264435,Custom Time [micros],0.0,0.0,0.0,0.0,4052,0.0
2026-05-19T10:01:02.972599600Z,TaxiAlgorithmP2PCollector,0,200,6,80,1,nearest,1,4,1,true,page-rank,page-rank,RUSH_HOUR,1,116264426,Taxi Travel Distance [km],1.54,12.67,8.23,49.38,6,11.129999999999999
2026-05-19T10:01:02.972599600Z,TaxiAlgorithmP2PCollector,0,200,6,80,1,nearest,1,4,1,true,page-rank,page-rank,RUSH_HOUR,1,116264426,Client Waiting Time [min],0.05,12.4,2.09,140.03,67,12.35
2026-05-19T10:01:02.972599600Z,TaxiAlgorithmP2PCollector,0,200,6,80,1,nearest,1,4,1,true,page-rank,page-rank,RUSH_HOUR,1,116264426,Client Travel Time [min],6.0,747.0,167.74,13419.0,80,741.0
2026-05-19T10:01:02.972599600Z,TaxiAlgorithmP2PCollector,0,200,6,80,1,nearest,1,4,1,true,page-rank,page-rank,RUSH_HOUR,1,116264426,Calculation Time [millis],0.0,0.0,0.01,38.0,3843,0.0
2026-05-19T10:01:02.972599600Z,TaxiAlgorithmP2PCollector,0,200,6,80,1,nearest,1,4,1,true,page-rank,page-rank,RUSH_HOUR,1,116264426,Custom Time [micros],0.0,0.0,0.0,0.0,3843,0.0
2026-05-19T10:01:03.065601200Z,TaxiAlgorithmP2PCollector,0,200,6,80,1,nearest,1,4,1,true,page-rank,page-rank,RUSH_HOUR,2,116264427,Taxi Travel Distance [km],3.96,13.11,7.94,47.62,6,9.149999999999999
2026-05-19T10:01:03.065601200Z,TaxiAlgorithmP2PCollector,0,200,6,80,1,nearest,1,4,1,true,page-rank,page-rank,RUSH_HOUR,2,116264427,Client Waiting Time [min],0.05,8.3,1.28,77.83,61,8.25
2026-05-19T10:01:03.065601200Z,TaxiAlgorithmP2PCollector,0,200,6,80,1,nearest,1,4,1,true,page-rank,page-rank,RUSH_HOUR,2,116264427,Client Travel Time [min],13.0,787.0,137.68,11014.0,80,774.0
2026-05-19T10:01:03.065601200Z,TaxiAlgorithmP2PCollector,0,200,6,80,1,nearest,1,4,1,true,page-rank,page-rank,RUSH_HOUR,2,116264427,Calculation Time [millis],0.0,0.0,0.01,36.0,4010,0.0
2026-05-19T10:01:03.065601200Z,TaxiAlgorithmP2PCollector,0,200,6,80,1,nearest,1,4,1,true,page-rank,page-rank,RUSH_HOUR,2,116264427,Custom Time [micros],0.0,0.0,0.0,0.0,4010,0.0
2026-05-19T10:01:03.157614400Z,TaxiAlgorithmP2PCollector,0,200,6,80,1,nearest,1,4,1,true,page-rank,page-rank,RUSH_HOUR,3,116264428,Taxi Travel Distance [km],3.47,14.37,8.54,51.25,6,10.899999999999999
2026-05-19T10:01:03.157614400Z,TaxiAlgorithmP2PCollector,0,200,6,80,1,nearest,1,4,1,true,page-rank,page-rank,RUSH_HOUR,3,116264428,Client Waiting Time [min],0.1,9.63,2.43,157.75,65,9.530000000000001
2026-05-19T10:01:03.157614400Z,TaxiAlgorithmP2PCollector,0,200,6,80,1,nearest,1,4,1,true,page-rank,page-rank,RUSH_HOUR,3,116264428,Client Travel Time [min],17.0,681.0,196.0,15680.0,80,664.0
2026-05-19T10:01:03.157614400Z,TaxiAlgorithmP2PCollector,0,200,6,80,1,nearest,1,4,1,true,page-rank,page-rank,RUSH_HOUR,3,116264428,Calculation Time [millis],0.0,0.0,0.01,36.0,4242,0.0
2026-05-19T10:01:03.157614400Z,TaxiAlgorithmP2PCollector,0,200,6,80,1,nearest,1,4,1,true,page-rank,page-rank,RUSH_HOUR,3,116264428,Custom Time [micros],0.0,0.0,0.0,0.0,4242,0.0
2026-05-19T10:01:03.251612400Z,TaxiAlgorithmP2PCollector,0,200,6,80,1,nearest,1,4,1,true,page-rank,page-rank,RUSH_HOUR,4,116264429,Taxi Travel Distance [km],0.2,13.72,8.45,50.68,6,13.520000000000001
2026-05-19T10:01:03.251612400Z,TaxiAlgorithmP2PCollector,0,200,6,80,1,nearest,1,4,1,true,page-rank,page-rank,RUSH_HOUR,4,116264429,Client Waiting Time [min],0.07,8.25,1.67,112.12,67,8.18
2026-05-19T10:01:03.251612400Z,TaxiAlgorithmP2PCollector,0,200,6,80,1,nearest,1,4,1,true,page-rank,page-rank,RUSH_HOUR,4,116264429,Client Travel Time [min],18.0,501.0,142.89,11431.0,80,483.0
2026-05-19T10:01:03.251612400Z,TaxiAlgorithmP2PCollector,0,200,6,80,1,nearest,1,4,1,true,page-rank,page-rank,RUSH_HOUR,4,116264429,Calculation Time [millis],0.0,1.0,0.01,34.0,4138,1.0
2026-05-19T10:01:03.251612400Z,TaxiAlgorithmP2PCollector,0,200,6,80,1,nearest,1,4,1,true,page-rank,page-rank,RUSH_HOUR,4,116264429,Custom Time [micros],0.0,0.0,0.0,0.0,4138,0.0
2026-05-19T10:01:03.345615300Z,TaxiAlgorithmP2PCollector,0,200,6,80,1,nearest,1,4,1,true,page-rank,page-rank,RUSH_HOUR,5,116264430,Taxi Travel Distance [km],2.01,16.23,7.92,47.53,6,14.22
2026-05-19T10:01:03.345615300Z,TaxiAlgorithmP2PCollector,0,200,6,80,1,nearest,1,4,1,true,page-rank,page-rank,RUSH_HOUR,5,116264430,Client Waiting Time [min],0.03,10.63,2.6,181.82,70,10.600000000000001
2026-05-19T10:01:03.345615300Z,TaxiAlgorithmP2PCollector,0,200,6,80,1,nearest,1,4,1,true,page-rank,page-rank,RUSH_HOUR,5,116264430,Client Travel Time [min],11.0,826.0,194.68,15574.0,80,815.0
2026-05-19T10:01:03.345615300Z,TaxiAlgorithmP2PCollector,0,200,6,80,1,nearest,1,4,1,true,page-rank,page-rank,RUSH_HOUR,5,116264430,Calculation Time [millis],0.0,0.0,0.01,37.0,4136,0.0
2026-05-19T10:01:03.345615300Z,TaxiAlgorithmP2PCollector,0,200,6,80,1,nearest,1,4,1,true,page-rank,page-rank,RUSH_HOUR,5,116264430,Custom Time [micros],0.0,0.0,0.0,0.0,4136,0.0
2026-05-19T10:01:03.438612700Z,TaxiAlgorithmP2PCollector,0,200,6,80,1,nearest,1,4,1,true,page-rank,page-rank,RUSH_HOUR,6,116264431,Taxi Travel Distance [km],0.29,11.05,7.7,46.21,6,10.760000000000002
2026-05-19T10:01:03.438612700Z,TaxiAlgorithmP2PCollector,0,200,6,80,1,nearest,1,4,1,true,page-rank,page-rank,RUSH_HOUR,6,116264431,Client Waiting Time [min],0.08,13.37,2.85,188.0,66,13.29
2026-05-19T10:01:03.438612700Z,TaxiAlgorithmP2PCollector,0,200,6,80,1,nearest,1,4,1,true,page-rank,page-rank,RUSH_HOUR,6,116264431,Client Travel Time [min],18.0,804.0,199.4,15952.0,80,786.0
2026-05-19T10:01:03.438612700Z,TaxiAlgorithmP2PCollector,0,200,6,80,1,nearest,1,4,1,true,page-rank,page-rank,RUSH_HOUR,6,116264431,Calculation Time [millis],0.0,0.0,0.01,38.0,3979,0.0
2026-05-19T10:01:03.438612700Z,TaxiAlgorithmP2PCollector,0,200,6,80,1,nearest,1,4,1,true,page-rank,page-rank,RUSH_HOUR,6,116264431,Custom Time [micros],0.0,0.0,0.0,0.0,3979,0.0
2026-05-19T10:01:03.532626100Z,TaxiAlgorithmP2PCollector,0,200,6,80,1,nearest,1,4,1,true,page-rank,page-rank,RUSH_HOUR,7,116264432,Taxi Travel Distance [km],1.78,15.67,7.91,47.47,6,13.89
2026-05-19T10:01:03.532626100Z,TaxiAlgorithmP2PCollector,0,200,6,80,1,nearest,1,4,1,true,page-rank,page-rank,RUSH_HOUR,7,116264432,Client Waiting Time [min],0.05,6.38,2.0,118.13,59,6.33
2026-05-19T10:01:03.532626100Z,TaxiAlgorithmP2PCollector,0,200,6,80,1,nearest,1,4,1,true,page-rank,page-rank,RUSH_HOUR,7,116264432,Client Travel Time [min],13.0,809.0,193.1,15448.0,80,796.0
2026-05-19T10:01:03.532626100Z,TaxiAlgorithmP2PCollector,0,200,6,80,1,nearest,1,4,1,true,page-rank,page-rank,RUSH_HOUR,7,116264432,Calculation Time [millis],0.0,1.0,0.01,41.0,3868,1.0
2026-05-19T10:01:03.532626100Z,TaxiAlgorithmP2PCollector,0,200,6,80,1,nearest,1,4,1,true,page-rank,page-rank,RUSH_HOUR,7,116264432,Custom Time [micros],0.0,0.0,0.0,0.0,3868,0.0
2026-05-19T10:01:03.627135700Z,TaxiAlgorithmP2PCollector,0,200,6,80,1,nearest,1,4,1,true,page-rank,page-rank,RUSH_HOUR,8,116264433,Taxi Travel Distance [km],2.77,13.96,8.31,49.88,6,11.190000000000001
2026-05-19T10:01:03.627135700Z,TaxiAlgorithmP2PCollector,0,200,6,80,1,nearest,1,4,1,true,page-rank,page-rank,RUSH_HOUR,8,116264433,Client Waiting Time [min],0.08,13.15,2.61,164.65,63,13.07
2026-05-19T10:01:03.627135700Z,TaxiAlgorithmP2PCollector,0,200,6,80,1,nearest,1,4,1,true,page-rank,page-rank,RUSH_HOUR,8,116264433,Client Travel Time [min],8.0,793.0,205.01,16401.0,80,785.0
2026-05-19T10:01:03.627135700Z,TaxiAlgorithmP2PCollector,0,200,6,80,1,nearest,1,4,1,true,page-rank,page-rank,RUSH_HOUR,8,116264433,Calculation Time [millis],0.0,0.0,0.01,42.0,4478,0.0
2026-05-19T10:01:03.627135700Z,TaxiAlgorithmP2PCollector,0,200,6,80,1,nearest,1,4,1,true,page-rank,page-rank,RUSH_HOUR,8,116264433,Custom Time [micros],0.0,0.0,0.0,0.0,4478,0.0
2026-05-19T10:01:03.721071900Z,TaxiAlgorithmP2PCollector,0,200,6,80,1,nearest,1,4,1,true,page-rank,page-rank,RUSH_HOUR,9,116264434,Taxi Travel Distance [km],4.71,10.8,7.42,44.53,6,6.090000000000001
2026-05-19T10:01:03.721071900Z,TaxiAlgorithmP2PCollector,0,200,6,80,1,nearest,1,4,1,true,page-rank,page-rank,RUSH_HOUR,9,116264434,Client Waiting Time [min],0.03,6.87,1.83,109.92,60,6.84
2026-05-19T10:01:03.721071900Z,TaxiAlgorithmP2PCollector,0,200,6,80,1,nearest,1,4,1,true,page-rank,page-rank,RUSH_HOUR,9,116264434,Client Travel Time [min],18.0,845.0,164.18,13134.0,80,827.0
2026-05-19T10:01:03.721071900Z,TaxiAlgorithmP2PCollector,0,200,6,80,1,nearest,1,4,1,true,page-rank,page-rank,RUSH_HOUR,9,116264434,Calculation Time [millis],0.0,0.0,0.01,40.0,4716,0.0
2026-05-19T10:01:03.721071900Z,TaxiAlgorithmP2PCollector,0,200,6,80,1,nearest,1,4,1,true,page-rank,page-rank,RUSH_HOUR,9,116264434,Custom Time [micros],0.0,0.0,0.0,0.0,4716,0.0
2026-05-19T10:01:03.830927800Z,TaxiAlgorithmP2PCollector,0,200,6,80,1,nearest,1,4,1,true,page-rank,page-rank,RUSH_HOUR,10,116264435,Taxi Travel Distance [km],3.66,12.56,7.81,46.87,6,8.9
2026-05-19T10:01:03.830927800Z,TaxiAlgorithmP2PCollector,0,200,6,80,1,nearest,1,4,1,true,page-rank,page-rank,RUSH_HOUR,10,116264435,Client Waiting Time [min],0.05,8.58,1.63,117.3,72,8.53
2026-05-19T10:01:03.830927800Z,TaxiAlgorithmP2PCollector,0,200,6,80,1,nearest,1,4,1,true,page-rank,page-rank,RUSH_HOUR,10,116264435,Client Travel Time [min],8.0,665.0,140.95,11276.0,80,657.0
2026-05-19T10:01:03.830927800Z,TaxiAlgorithmP2PCollector,0,200,6,80,1,nearest,1,4,1,true,page-rank,page-rank,RUSH_HOUR,10,116264435,Calculation Time [millis],0.0,0.0,0.01,36.0,3897,0.0
2026-05-19T10:01:03.830927800Z,TaxiAlgorithmP2PCollector,0,200,6,80,1,nearest,1,4,1,true,page-rank,page-rank,RUSH_HOUR,10,116264435,Custom Time [micros],0.0,0.0,0.0,0.0,3897,0.0
2026-05-19T10:01:03.923934900Z,TaxiAlgorithmP2PCollector,0,200,6,80,1,nearest,1,4,1,true,page-rank,page-rank,SPATIAL_IMBALANCE,1,116264426,Taxi Travel Distance [km],6.52,13.12,9.92,59.5,6,6.6
2026-05-19T10:01:03.923934900Z,TaxiAlgorithmP2PCollector,0,200,6,80,1,nearest,1,4,1,true,page-rank,page-rank,SPATIAL_IMBALANCE,1,116264426,Client Waiting Time [min],0.05,8.27,0.93,70.97,76,8.219999999999999
2026-05-19T10:01:03.923934900Z,TaxiAlgorithmP2PCollector,0,200,6,80,1,nearest,1,4,1,true,page-rank,page-rank,SPATIAL_IMBALANCE,1,116264426,Client Travel Time [min],6.0,503.0,81.2,6496.0,80,497.0
2026-05-19T10:01:03.923934900Z,TaxiAlgorithmP2PCollector,0,200,6,80,1,nearest,1,4,1,true,page-rank,page-rank,SPATIAL_IMBALANCE,1,116264426,Calculation Time [millis],0.0,0.0,0.01,33.0,3991,0.0
2026-05-19T10:01:03.923934900Z,TaxiAlgorithmP2PCollector,0,200,6,80,1,nearest,1,4,1,true,page-rank,page-rank,SPATIAL_IMBALANCE,1,116264426,Custom Time [micros],0.0,0.0,0.0,0.0,3991,0.0
2026-05-19T10:01:04.017965300Z,TaxiAlgorithmP2PCollector,0,200,6,80,1,nearest,1,4,1,true,page-rank,page-rank,SPATIAL_IMBALANCE,2,116264427,Taxi Travel Distance [km],4.73,12.25,9.49,56.92,6,7.52
2026-05-19T10:01:04.017965300Z,TaxiAlgorithmP2PCollector,0,200,6,80,1,nearest,1,4,1,true,page-rank,page-rank,SPATIAL_IMBALANCE,2,116264427,Client Waiting Time [min],0.03,10.82,0.68,51.8,76,10.790000000000001
2026-05-19T10:01:04.017965300Z,TaxiAlgorithmP2PCollector,0,200,6,80,1,nearest,1,4,1,true,page-rank,page-rank,SPATIAL_IMBALANCE,2,116264427,Client Travel Time [min],8.0,655.0,67.99,5439.0,80,647.0
2026-05-19T10:01:04.017965300Z,TaxiAlgorithmP2PCollector,0,200,6,80,1,nearest,1,4,1,true,page-rank,page-rank,SPATIAL_IMBALANCE,2,116264427,Calculation Time [millis],0.0,0.0,0.01,30.0,3987,0.0
2026-05-19T10:01:04.017965300Z,TaxiAlgorithmP2PCollector,0,200,6,80,1,nearest,1,4,1,true,page-rank,page-rank,SPATIAL_IMBALANCE,2,116264427,Custom Time [micros],0.0,0.0,0.0,0.0,3987,0.0
2026-05-19T10:01:04.111966100Z,TaxiAlgorithmP2PCollector,0,200,6,80,1,nearest,1,4,1,true,page-rank,page-rank,SPATIAL_IMBALANCE,3,116264428,Taxi Travel Distance [km],4.32,18.28,11.45,68.68,6,13.96
2026-05-19T10:01:04.111966100Z,TaxiAlgorithmP2PCollector,0,200,6,80,1,nearest,1,4,1,true,page-rank,page-rank,SPATIAL_IMBALANCE,3,116264428,Client Waiting Time [min],0.03,7.52,1.17,91.32,78,7.489999999999999
2026-05-19T10:01:04.111966100Z,TaxiAlgorithmP2PCollector,0,200,6,80,1,nearest,1,4,1,true,page-rank,page-rank,SPATIAL_IMBALANCE,3,116264428,Client Travel Time [min],10.0,611.0,99.66,7973.0,80,601.0
2026-05-19T10:01:04.111966100Z,TaxiAlgorithmP2PCollector,0,200,6,80,1,nearest,1,4,1,true,page-rank,page-rank,SPATIAL_IMBALANCE,3,116264428,Calculation Time [millis],0.0,0.0,0.01,41.0,3959,0.0
2026-05-19T10:01:04.111966100Z,TaxiAlgorithmP2PCollector,0,200,6,80,1,nearest,1,4,1,true,page-rank,page-rank,SPATIAL_IMBALANCE,3,116264428,Custom Time [micros],0.0,0.0,0.0,0.0,3959,0.0
2026-05-19T10:01:04.206969900Z,TaxiAlgorithmP2PCollector,0,200,6,80,1,nearest,1,4,1,true,page-rank,page-rank,SPATIAL_IMBALANCE,4,116264429,Taxi Travel Distance [km],5.44,17.62,9.99,59.95,6,12.18
2026-05-19T10:01:04.206969900Z,TaxiAlgorithmP2PCollector,0,200,6,80,1,nearest,1,4,1,true,page-rank,page-rank,SPATIAL_IMBALANCE,4,116264429,Client Waiting Time [min],0.03,6.95,0.75,56.28,75,6.92
2026-05-19T10:01:04.206969900Z,TaxiAlgorithmP2PCollector,0,200,6,80,1,nearest,1,4,1,true,page-rank,page-rank,SPATIAL_IMBALANCE,4,116264429,Client Travel Time [min],10.0,424.0,80.23,6418.0,80,414.0
2026-05-19T10:01:04.206969900Z,TaxiAlgorithmP2PCollector,0,200,6,80,1,nearest,1,4,1,true,page-rank,page-rank,SPATIAL_IMBALANCE,4,116264429,Calculation Time [millis],0.0,0.0,0.01,38.0,4014,0.0
2026-05-19T10:01:04.206969900Z,TaxiAlgorithmP2PCollector,0,200,6,80,1,nearest,1,4,1,true,page-rank,page-rank,SPATIAL_IMBALANCE,4,116264429,Custom Time [micros],0.0,0.0,0.0,0.0,4014,0.0
2026-05-19T10:01:04.301484700Z,TaxiAlgorithmP2PCollector,0,200,6,80,1,nearest,1,4,1,true,page-rank,page-rank,SPATIAL_IMBALANCE,5,116264430,Taxi Travel Distance [km],6.2,14.37,9.72,58.31,6,8.169999999999998
2026-05-19T10:01:04.301484700Z,TaxiAlgorithmP2PCollector,0,200,6,80,1,nearest,1,4,1,true,page-rank,page-rank,SPATIAL_IMBALANCE,5,116264430,Client Waiting Time [min],0.05,7.05,0.87,63.2,73,7.0
2026-05-19T10:01:04.301484700Z,TaxiAlgorithmP2PCollector,0,200,6,80,1,nearest,1,4,1,true,page-rank,page-rank,SPATIAL_IMBALANCE,5,116264430,Client Travel Time [min],8.0,528.0,88.53,7082.0,80,520.0
2026-05-19T10:01:04.301484700Z,TaxiAlgorithmP2PCollector,0,200,6,80,1,nearest,1,4,1,true,page-rank,page-rank,SPATIAL_IMBALANCE,5,116264430,Calculation Time [millis],0.0,1.0,0.01,34.0,3932,1.0
2026-05-19T10:01:04.301484700Z,TaxiAlgorithmP2PCollector,0,200,6,80,1,nearest,1,4,1,true,page-rank,page-rank,SPATIAL_IMBALANCE,5,116264430,Custom Time [micros],0.0,0.0,0.0,0.0,3932,0.0
2026-05-19T10:01:04.395485500Z,TaxiAlgorithmP2PCollector,0,200,6,80,1,nearest,1,4,1,true,page-rank,page-rank,SPATIAL_IMBALANCE,6,116264431,Taxi Travel Distance [km],6.25,14.85,10.23,61.38,6,8.6
2026-05-19T10:01:04.395485500Z,TaxiAlgorithmP2PCollector,0,200,6,80,1,nearest,1,4,1,true,page-rank,page-rank,SPATIAL_IMBALANCE,6,116264431,Client Waiting Time [min],0.05,8.75,0.93,70.87,76,8.7
2026-05-19T10:01:04.395485500Z,TaxiAlgorithmP2PCollector,0,200,6,80,1,nearest,1,4,1,true,page-rank,page-rank,SPATIAL_IMBALANCE,6,116264431,Client Travel Time [min],9.0,711.0,85.71,6857.0,80,702.0
2026-05-19T10:01:04.395485500Z,TaxiAlgorithmP2PCollector,0,200,6,80,1,nearest,1,4,1,true,page-rank,page-rank,SPATIAL_IMBALANCE,6,116264431,Calculation Time [millis],0.0,0.0,0.01,34.0,4037,0.0
2026-05-19T10:01:04.395485500Z,TaxiAlgorithmP2PCollector,0,200,6,80,1,nearest,1,4,1,true,page-rank,page-rank,SPATIAL_IMBALANCE,6,116264431,Custom Time [micros],0.0,0.0,0.0,0.0,4037,0.0
2026-05-19T10:01:04.487999500Z,TaxiAlgorithmP2PCollector,0,200,6,80,1,nearest,1,4,1,true,page-rank,page-rank,SPATIAL_IMBALANCE,7,116264432,Taxi Travel Distance [km],1.86,18.38,10.9,65.41,6,16.52
2026-05-19T10:01:04.487999500Z,TaxiAlgorithmP2PCollector,0,200,6,80,1,nearest,1,4,1,true,page-rank,page-rank,SPATIAL_IMBALANCE,7,116264432,Client Waiting Time [min],0.03,5.07,0.67,50.48,75,5.04
2026-05-19T10:01:04.487999500Z,TaxiAlgorithmP2PCollector,0,200,6,80,1,nearest,1,4,1,true,page-rank,page-rank,SPATIAL_IMBALANCE,7,116264432,Client Travel Time [min],9.0,429.0,71.3,5704.0,80,420.0
2026-05-19T10:01:04.487999500Z,TaxiAlgorithmP2PCollector,0,200,6,80,1,nearest,1,4,1,true,page-rank,page-rank,SPATIAL_IMBALANCE,7,116264432,Calculation Time [millis],0.0,0.0,0.01,33.0,4226,0.0
2026-05-19T10:01:04.487999500Z,TaxiAlgorithmP2PCollector,0,200,6,80,1,nearest,1,4,1,true,page-rank,page-rank,SPATIAL_IMBALANCE,7,116264432,Custom Time [micros],0.0,0.0,0.0,0.0,4226,0.0
2026-05-19T10:01:04.582647100Z,TaxiAlgorithmP2PCollector,0,200,6,80,1,nearest,1,4,1,true,page-rank,page-rank,SPATIAL_IMBALANCE,8,116264433,Taxi Travel Distance [km],6.41,14.41,11.29,67.76,6,8.0
2026-05-19T10:01:04.582647100Z,TaxiAlgorithmP2PCollector,0,200,6,80,1,nearest,1,4,1,true,page-rank,page-rank,SPATIAL_IMBALANCE,8,116264433,Client Waiting Time [min],0.03,5.45,0.79,59.0,75,5.42
2026-05-19T10:01:04.582647100Z,TaxiAlgorithmP2PCollector,0,200,6,80,1,nearest,1,4,1,true,page-rank,page-rank,SPATIAL_IMBALANCE,8,116264433,Client Travel Time [min],7.0,688.0,90.48,7238.0,80,681.0
2026-05-19T10:01:04.582647100Z,TaxiAlgorithmP2PCollector,0,200,6,80,1,nearest,1,4,1,true,page-rank,page-rank,SPATIAL_IMBALANCE,8,116264433,Calculation Time [millis],0.0,1.0,0.01,35.0,4096,1.0
2026-05-19T10:01:04.582647100Z,TaxiAlgorithmP2PCollector,0,200,6,80,1,nearest,1,4,1,true,page-rank,page-rank,SPATIAL_IMBALANCE,8,116264433,Custom Time [micros],0.0,0.0,0.0,0.0,4096,0.0
2026-05-19T10:01:04.675172300Z,TaxiAlgorithmP2PCollector,0,200,6,80,1,nearest,1,4,1,true,page-rank,page-rank,SPATIAL_IMBALANCE,9,116264434,Taxi Travel Distance [km],3.19,17.87,9.64,57.85,6,14.680000000000001
2026-05-19T10:01:04.675172300Z,TaxiAlgorithmP2PCollector,0,200,6,80,1,nearest,1,4,1,true,page-rank,page-rank,SPATIAL_IMBALANCE,9,116264434,Client Waiting Time [min],0.03,4.88,0.49,36.62,74,4.85
2026-05-19T10:01:04.675172300Z,TaxiAlgorithmP2PCollector,0,200,6,80,1,nearest,1,4,1,true,page-rank,page-rank,SPATIAL_IMBALANCE,9,116264434,Client Travel Time [min],11.0,341.0,56.85,4548.0,80,330.0
2026-05-19T10:01:04.675172300Z,TaxiAlgorithmP2PCollector,0,200,6,80,1,nearest,1,4,1,true,page-rank,page-rank,SPATIAL_IMBALANCE,9,116264434,Calculation Time [millis],0.0,0.0,0.01,25.0,4017,0.0
2026-05-19T10:01:04.675172300Z,TaxiAlgorithmP2PCollector,0,200,6,80,1,nearest,1,4,1,true,page-rank,page-rank,SPATIAL_IMBALANCE,9,116264434,Custom Time [micros],0.0,0.0,0.0,0.0,4017,0.0
2026-05-19T10:01:04.767172200Z,TaxiAlgorithmP2PCollector,0,200,6,80,1,nearest,1,4,1,true,page-rank,page-rank,SPATIAL_IMBALANCE,10,116264435,Taxi Travel Distance [km],4.93,17.92,9.85,59.07,6,12.990000000000002
2026-05-19T10:01:04.767172200Z,TaxiAlgorithmP2PCollector,0,200,6,80,1,nearest,1,4,1,true,page-rank,page-rank,SPATIAL_IMBALANCE,10,116264435,Client Waiting Time [min],0.05,6.22,0.41,29.25,71,6.17
2026-05-19T10:01:04.767172200Z,TaxiAlgorithmP2PCollector,0,200,6,80,1,nearest,1,4,1,true,page-rank,page-rank,SPATIAL_IMBALANCE,10,116264435,Client Travel Time [min],9.0,586.0,78.19,6255.0,80,577.0
2026-05-19T10:01:04.767172200Z,TaxiAlgorithmP2PCollector,0,200,6,80,1,nearest,1,4,1,true,page-rank,page-rank,SPATIAL_IMBALANCE,10,116264435,Calculation Time [millis],0.0,0.0,0.01,33.0,4036,0.0
2026-05-19T10:01:04.767172200Z,TaxiAlgorithmP2PCollector,0,200,6,80,1,nearest,1,4,1,true,page-rank,page-rank,SPATIAL_IMBALANCE,10,116264435,Custom Time [micros],0.0,0.0,0.0,0.0,4036,0.0
2026-05-19T10:01:04.860185800Z,TaxiAlgorithmP2PCollector,0,200,6,80,1,nearest,1,4,1,true,page-rank,page-rank,SPATIAL_ISLANDS,1,116264426,Taxi Travel Distance [km],2.8,17.63,8.89,53.35,6,14.829999999999998
2026-05-19T10:01:04.860185800Z,TaxiAlgorithmP2PCollector,0,200,6,80,1,nearest,1,4,1,true,page-rank,page-rank,SPATIAL_ISLANDS,1,116264426,Client Waiting Time [min],0.03,9.52,0.86,61.33,71,9.49
2026-05-19T10:01:04.860185800Z,TaxiAlgorithmP2PCollector,0,200,6,80,1,nearest,1,4,1,true,page-rank,page-rank,SPATIAL_ISLANDS,1,116264426,Client Travel Time [min],9.0,602.0,102.2,8176.0,80,593.0
2026-05-19T10:01:04.860185800Z,TaxiAlgorithmP2PCollector,0,200,6,80,1,nearest,1,4,1,true,page-rank,page-rank,SPATIAL_ISLANDS,1,116264426,Calculation Time [millis],0.0,1.0,0.01,40.0,4270,1.0
2026-05-19T10:01:04.860185800Z,TaxiAlgorithmP2PCollector,0,200,6,80,1,nearest,1,4,1,true,page-rank,page-rank,SPATIAL_ISLANDS,1,116264426,Custom Time [micros],0.0,0.0,0.0,0.0,4270,0.0
2026-05-19T10:01:04.954184100Z,TaxiAlgorithmP2PCollector,0,200,6,80,1,nearest,1,4,1,true,page-rank,page-rank,SPATIAL_ISLANDS,2,116264427,Taxi Travel Distance [km],5.84,11.84,8.96,53.75,6,6.0
2026-05-19T10:01:04.954184100Z,TaxiAlgorithmP2PCollector,0,200,6,80,1,nearest,1,4,1,true,page-rank,page-rank,SPATIAL_ISLANDS,2,116264427,Client Waiting Time [min],0.03,12.8,1.09,78.2,72,12.770000000000001
2026-05-19T10:01:04.954184100Z,TaxiAlgorithmP2PCollector,0,200,6,80,1,nearest,1,4,1,true,page-rank,page-rank,SPATIAL_ISLANDS,2,116264427,Client Travel Time [min],10.0,770.0,112.24,8979.0,80,760.0
2026-05-19T10:01:04.954184100Z,TaxiAlgorithmP2PCollector,0,200,6,80,1,nearest,1,4,1,true,page-rank,page-rank,SPATIAL_ISLANDS,2,116264427,Calculation Time [millis],0.0,0.0,0.01,36.0,4039,0.0
2026-05-19T10:01:04.954184100Z,TaxiAlgorithmP2PCollector,0,200,6,80,1,nearest,1,4,1,true,page-rank,page-rank,SPATIAL_ISLANDS,2,116264427,Custom Time [micros],0.0,0.0,0.0,0.0,4039,0.0
2026-05-19T10:01:05.046183500Z,TaxiAlgorithmP2PCollector,0,200,6,80,1,nearest,1,4,1,true,page-rank,page-rank,SPATIAL_ISLANDS,3,116264428,Taxi Travel Distance [km],5.23,15.7,9.68,58.09,6,10.469999999999999
2026-05-19T10:01:05.046183500Z,TaxiAlgorithmP2PCollector,0,200,6,80,1,nearest,1,4,1,true,page-rank,page-rank,SPATIAL_ISLANDS,3,116264428,Client Waiting Time [min],0.03,12.3,0.72,51.52,72,12.270000000000001
2026-05-19T10:01:05.046183500Z,TaxiAlgorithmP2PCollector,0,200,6,80,1,nearest,1,4,1,true,page-rank,page-rank,SPATIAL_ISLANDS,3,116264428,Client Travel Time [min],10.0,740.0,101.4,8112.0,80,730.0
2026-05-19T10:01:05.046183500Z,TaxiAlgorithmP2PCollector,0,200,6,80,1,nearest,1,4,1,true,page-rank,page-rank,SPATIAL_ISLANDS,3,116264428,Calculation Time [millis],0.0,0.0,0.01,33.0,4517,0.0
2026-05-19T10:01:05.046183500Z,TaxiAlgorithmP2PCollector,0,200,6,80,1,nearest,1,4,1,true,page-rank,page-rank,SPATIAL_ISLANDS,3,116264428,Custom Time [micros],0.0,0.0,0.0,0.0,4517,0.0
2026-05-19T10:01:05.139183Z,TaxiAlgorithmP2PCollector,0,200,6,80,1,nearest,1,4,1,true,page-rank,page-rank,SPATIAL_ISLANDS,4,116264429,Taxi Travel Distance [km],6.72,13.91,9.68,58.08,6,7.19
2026-05-19T10:01:05.139183Z,TaxiAlgorithmP2PCollector,0,200,6,80,1,nearest,1,4,1,true,page-rank,page-rank,SPATIAL_ISLANDS,4,116264429,Client Waiting Time [min],0.03,8.68,0.95,69.17,73,8.65
2026-05-19T10:01:05.139183Z,TaxiAlgorithmP2PCollector,0,200,6,80,1,nearest,1,4,1,true,page-rank,page-rank,SPATIAL_ISLANDS,4,116264429,Client Travel Time [min],7.0,527.0,95.04,7603.0,80,520.0
2026-05-19T10:01:05.139183Z,TaxiAlgorithmP2PCollector,0,200,6,80,1,nearest,1,4,1,true,page-rank,page-rank,SPATIAL_ISLANDS,4,116264429,Calculation Time [millis],0.0,1.0,0.01,33.0,4197,1.0
2026-05-19T10:01:05.139183Z,TaxiAlgorithmP2PCollector,0,200,6,80,1,nearest,1,4,1,true,page-rank,page-rank,SPATIAL_ISLANDS,4,116264429,Custom Time [micros],0.0,0.0,0.0,0.0,4197,0.0
2026-05-19T10:01:05.232703400Z,TaxiAlgorithmP2PCollector,0,200,6,80,1,nearest,1,4,1,true,page-rank,page-rank,SPATIAL_ISLANDS,5,116264430,Taxi Travel Distance [km],2.26,15.11,8.42,50.55,6,12.85
2026-05-19T10:01:05.232703400Z,TaxiAlgorithmP2PCollector,0,200,6,80,1,nearest,1,4,1,true,page-rank,page-rank,SPATIAL_ISLANDS,5,116264430,Client Waiting Time [min],0.03,9.42,1.33,90.42,68,9.39
2026-05-19T10:01:05.232703400Z,TaxiAlgorithmP2PCollector,0,200,6,80,1,nearest,1,4,1,true,page-rank,page-rank,SPATIAL_ISLANDS,5,116264430,Client Travel Time [min],7.0,767.0,133.73,10698.0,80,760.0
2026-05-19T10:01:05.232703400Z,TaxiAlgorithmP2PCollector,0,200,6,80,1,nearest,1,4,1,true,page-rank,page-rank,SPATIAL_ISLANDS,5,116264430,Calculation Time [millis],0.0,0.0,0.01,41.0,4392,0.0
2026-05-19T10:01:05.232703400Z,TaxiAlgorithmP2PCollector,0,200,6,80,1,nearest,1,4,1,true,page-rank,page-rank,SPATIAL_ISLANDS,5,116264430,Custom Time [micros],0.0,0.0,0.0,0.0,4392,0.0
2026-05-19T10:01:05.356717100Z,TaxiAlgorithmP2PCollector,0,200,6,80,1,nearest,1,4,1,true,page-rank,page-rank,SPATIAL_ISLANDS,6,116264431,Taxi Travel Distance [km],2.9,14.96,9.13,54.78,6,12.06
2026-05-19T10:01:05.356717100Z,TaxiAlgorithmP2PCollector,0,200,6,80,1,nearest,1,4,1,true,page-rank,page-rank,SPATIAL_ISLANDS,6,116264431,Client Waiting Time [min],0.03,6.35,0.95,66.78,70,6.319999999999999
2026-05-19T10:01:05.356717100Z,TaxiAlgorithmP2PCollector,0,200,6,80,1,nearest,1,4,1,true,page-rank,page-rank,SPATIAL_ISLANDS,6,116264431,Client Travel Time [min],7.0,740.0,105.38,8430.0,80,733.0
2026-05-19T10:01:05.356717100Z,TaxiAlgorithmP2PCollector,0,200,6,80,1,nearest,1,4,1,true,page-rank,page-rank,SPATIAL_ISLANDS,6,116264431,Calculation Time [millis],0.0,0.0,0.01,42.0,4388,0.0
2026-05-19T10:01:05.356717100Z,TaxiAlgorithmP2PCollector,0,200,6,80,1,nearest,1,4,1,true,page-rank,page-rank,SPATIAL_ISLANDS,6,116264431,Custom Time [micros],0.0,0.0,0.0,0.0,4388,0.0
2026-05-19T10:01:05.449716300Z,TaxiAlgorithmP2PCollector,0,200,6,80,1,nearest,1,4,1,true,page-rank,page-rank,SPATIAL_ISLANDS,7,116264432,Taxi Travel Distance [km],4.06,16.89,8.45,50.67,6,12.830000000000002
2026-05-19T10:01:05.449716300Z,TaxiAlgorithmP2PCollector,0,200,6,80,1,nearest,1,4,1,true,page-rank,page-rank,SPATIAL_ISLANDS,7,116264432,Client Waiting Time [min],0.03,11.58,0.75,48.17,64,11.55
2026-05-19T10:01:05.449716300Z,TaxiAlgorithmP2PCollector,0,200,6,80,1,nearest,1,4,1,true,page-rank,page-rank,SPATIAL_ISLANDS,7,116264432,Client Travel Time [min],6.0,891.0,136.83,10946.0,80,885.0
2026-05-19T10:01:05.449716300Z,TaxiAlgorithmP2PCollector,0,200,6,80,1,nearest,1,4,1,true,page-rank,page-rank,SPATIAL_ISLANDS,7,116264432,Calculation Time [millis],0.0,1.0,0.01,30.0,4457,1.0
2026-05-19T10:01:05.449716300Z,TaxiAlgorithmP2PCollector,0,200,6,80,1,nearest,1,4,1,true,page-rank,page-rank,SPATIAL_ISLANDS,7,116264432,Custom Time [micros],0.0,0.0,0.0,0.0,4457,0.0
2026-05-19T10:01:05.542717600Z,TaxiAlgorithmP2PCollector,0,200,6,80,1,nearest,1,4,1,true,page-rank,page-rank,SPATIAL_ISLANDS,8,116264433,Taxi Travel Distance [km],5.87,16.2,9.85,59.08,6,10.329999999999998
2026-05-19T10:01:05.542717600Z,TaxiAlgorithmP2PCollector,0,200,6,80,1,nearest,1,4,1,true,page-rank,page-rank,SPATIAL_ISLANDS,8,116264433,Client Waiting Time [min],0.03,12.6,1.64,121.08,74,12.57
2026-05-19T10:01:05.542717600Z,TaxiAlgorithmP2PCollector,0,200,6,80,1,nearest,1,4,1,true,page-rank,page-rank,SPATIAL_ISLANDS,8,116264433,Client Travel Time [min],10.0,760.0,139.21,11137.0,80,750.0
2026-05-19T10:01:05.542717600Z,TaxiAlgorithmP2PCollector,0,200,6,80,1,nearest,1,4,1,true,page-rank,page-rank,SPATIAL_ISLANDS,8,116264433,Calculation Time [millis],0.0,0.0,0.01,37.0,4004,0.0
2026-05-19T10:01:05.542717600Z,TaxiAlgorithmP2PCollector,0,200,6,80,1,nearest,1,4,1,true,page-rank,page-rank,SPATIAL_ISLANDS,8,116264433,Custom Time [micros],0.0,0.0,0.0,0.0,4004,0.0
2026-05-19T10:01:05.666714500Z,TaxiAlgorithmP2PCollector,0,200,6,80,1,nearest,1,4,1,true,page-rank,page-rank,SPATIAL_ISLANDS,9,116264434,Taxi Travel Distance [km],6.36,14.15,8.87,53.24,6,7.79
2026-05-19T10:01:05.666714500Z,TaxiAlgorithmP2PCollector,0,200,6,80,1,nearest,1,4,1,true,page-rank,page-rank,SPATIAL_ISLANDS,9,116264434,Client Waiting Time [min],0.03,11.12,1.26,89.45,71,11.09
2026-05-19T10:01:05.666714500Z,TaxiAlgorithmP2PCollector,0,200,6,80,1,nearest,1,4,1,true,page-rank,page-rank,SPATIAL_ISLANDS,9,116264434,Client Travel Time [min],6.0,912.0,129.69,10375.0,80,906.0
2026-05-19T10:01:05.666714500Z,TaxiAlgorithmP2PCollector,0,200,6,80,1,nearest,1,4,1,true,page-rank,page-rank,SPATIAL_ISLANDS,9,116264434,Calculation Time [millis],0.0,0.0,0.01,44.0,4517,0.0
2026-05-19T10:01:05.666714500Z,TaxiAlgorithmP2PCollector,0,200,6,80,1,nearest,1,4,1,true,page-rank,page-rank,SPATIAL_ISLANDS,9,116264434,Custom Time [micros],0.0,0.0,0.0,0.0,4517,0.0
2026-05-19T10:01:05.761470500Z,TaxiAlgorithmP2PCollector,0,200,6,80,1,nearest,1,4,1,true,page-rank,page-rank,SPATIAL_ISLANDS,10,116264435,Taxi Travel Distance [km],6.26,15.76,9.46,56.76,6,9.5
2026-05-19T10:01:05.761470500Z,TaxiAlgorithmP2PCollector,0,200,6,80,1,nearest,1,4,1,true,page-rank,page-rank,SPATIAL_ISLANDS,10,116264435,Client Waiting Time [min],0.03,6.15,0.61,43.07,71,6.12
2026-05-19T10:01:05.761470500Z,TaxiAlgorithmP2PCollector,0,200,6,80,1,nearest,1,4,1,true,page-rank,page-rank,SPATIAL_ISLANDS,10,116264435,Client Travel Time [min],7.0,620.0,86.39,6911.0,80,613.0
2026-05-19T10:01:05.761470500Z,TaxiAlgorithmP2PCollector,0,200,6,80,1,nearest,1,4,1,true,page-rank,page-rank,SPATIAL_ISLANDS,10,116264435,Calculation Time [millis],0.0,1.0,0.01,33.0,4523,1.0
2026-05-19T10:01:05.761470500Z,TaxiAlgorithmP2PCollector,0,200,6,80,1,nearest,1,4,1,true,page-rank,page-rank,SPATIAL_ISLANDS,10,116264435,Custom Time [micros],0.0,0.0,0.0,0.0,4523,0.0
2026-05-19T10:01:05.884223400Z,TaxiAlgorithmP2PCollector,1,100,6,80,1,nearest,1,4,0,false,none,none,BASELINE,1,116264426,Taxi Travel Distance [km],1.94,4.82,3.31,19.85,6,2.8800000000000003
2026-05-19T10:01:05.884223400Z,TaxiAlgorithmP2PCollector,1,100,6,80,1,nearest,1,4,0,false,none,none,BASELINE,1,116264426,Client Waiting Time [min],0.05,6.4,2.27,93.0,41,6.3500000000000005
2026-05-19T10:01:05.884223400Z,TaxiAlgorithmP2PCollector,1,100,6,80,1,nearest,1,4,0,false,none,none,BASELINE,1,116264426,Client Travel Time [min],8.0,765.0,262.06,20965.0,80,757.0
2026-05-19T10:01:05.884223400Z,TaxiAlgorithmP2PCollector,1,100,6,80,1,nearest,1,4,0,false,none,none,BASELINE,1,116264426,Calculation Time [millis],0.0,2.0,0.01,53.0,4724,2.0
2026-05-19T10:01:05.884223400Z,TaxiAlgorithmP2PCollector,1,100,6,80,1,nearest,1,4,0,false,none,none,BASELINE,1,116264426,Custom Time [micros],0.0,0.0,0.0,0.0,4724,0.0
2026-05-19T10:01:05.977075600Z,TaxiAlgorithmP2PCollector,1,100,6,80,1,nearest,1,4,0,false,none,none,BASELINE,2,116264427,Taxi Travel Distance [km],0.81,3.67,2.18,13.11,6,2.86
2026-05-19T10:01:05.977075600Z,TaxiAlgorithmP2PCollector,1,100,6,80,1,nearest,1,4,0,false,none,none,BASELINE,2,116264427,Client Waiting Time [min],0.03,14.0,3.95,134.2,34,13.97
2026-05-19T10:01:05.977075600Z,TaxiAlgorithmP2PCollector,1,100,6,80,1,nearest,1,4,0,false,none,none,BASELINE,2,116264427,Client Travel Time [min],13.0,865.0,301.0,24080.0,80,852.0
2026-05-19T10:01:05.977075600Z,TaxiAlgorithmP2PCollector,1,100,6,80,1,nearest,1,4,0,false,none,none,BASELINE,2,116264427,Calculation Time [millis],0.0,0.0,0.01,37.0,4746,0.0
2026-05-19T10:01:05.977075600Z,TaxiAlgorithmP2PCollector,1,100,6,80,1,nearest,1,4,0,false,none,none,BASELINE,2,116264427,Custom Time [micros],0.0,0.0,0.0,0.0,4746,0.0
2026-05-19T10:01:06.068605500Z,TaxiAlgorithmP2PCollector,1,100,6,80,1,nearest,1,4,0,false,none,none,BASELINE,3,116264428,Taxi Travel Distance [km],0.96,4.31,2.4,14.4,6,3.3499999999999996
2026-05-19T10:01:06.068605500Z,TaxiAlgorithmP2PCollector,1,100,6,80,1,nearest,1,4,0,false,none,none,BASELINE,3,116264428,Client Waiting Time [min],0.05,10.97,3.94,118.2,30,10.92
2026-05-19T10:01:06.068605500Z,TaxiAlgorithmP2PCollector,1,100,6,80,1,nearest,1,4,0,false,none,none,BASELINE,3,116264428,Client Travel Time [min],19.0,870.0,364.83,29186.0,80,851.0
2026-05-19T10:01:06.068605500Z,TaxiAlgorithmP2PCollector,1,100,6,80,1,nearest,1,4,0,false,none,none,BASELINE,3,116264428,Calculation Time [millis],0.0,1.0,0.01,38.0,4549,1.0
2026-05-19T10:01:06.068605500Z,TaxiAlgorithmP2PCollector,1,100,6,80,1,nearest,1,4,0,false,none,none,BASELINE,3,116264428,Custom Time [micros],0.0,0.0,0.0,0.0,4549,0.0
2026-05-19T10:01:06.177604500Z,TaxiAlgorithmP2PCollector,1,100,6,80,1,nearest,1,4,0,false,none,none,BASELINE,4,116264429,Taxi Travel Distance [km],0.4,5.49,2.59,15.56,6,5.09
2026-05-19T10:01:06.177604500Z,TaxiAlgorithmP2PCollector,1,100,6,80,1,nearest,1,4,0,false,none,none,BASELINE,4,116264429,Client Waiting Time [min],0.05,12.53,2.63,89.43,34,12.479999999999999
2026-05-19T10:01:06.177604500Z,TaxiAlgorithmP2PCollector,1,100,6,80,1,nearest,1,4,0,false,none,none,BASELINE,4,116264429,Client Travel Time [min],12.0,881.0,337.89,27031.0,80,869.0
2026-05-19T10:01:06.177604500Z,TaxiAlgorithmP2PCollector,1,100,6,80,1,nearest,1,4,0,false,none,none,BASELINE,4,116264429,Calculation Time [millis],0.0,0.0,0.01,34.0,4328,0.0
2026-05-19T10:01:06.177604500Z,TaxiAlgorithmP2PCollector,1,100,6,80,1,nearest,1,4,0,false,none,none,BASELINE,4,116264429,Custom Time [micros],0.0,0.0,0.0,0.0,4328,0.0
2026-05-19T10:01:06.270605100Z,TaxiAlgorithmP2PCollector,1,100,6,80,1,nearest,1,4,0,false,none,none,BASELINE,5,116264430,Taxi Travel Distance [km],2.57,6.22,3.52,21.11,6,3.65
2026-05-19T10:01:06.270605100Z,TaxiAlgorithmP2PCollector,1,100,6,80,1,nearest,1,4,0,false,none,none,BASELINE,5,116264430,Client Waiting Time [min],0.05,11.65,3.34,143.82,43,11.6
2026-05-19T10:01:06.270605100Z,TaxiAlgorithmP2PCollector,1,100,6,80,1,nearest,1,4,0,false,none,none,BASELINE,5,116264430,Client Travel Time [min],12.0,820.0,296.78,23742.0,80,808.0
2026-05-19T10:01:06.270605100Z,TaxiAlgorithmP2PCollector,1,100,6,80,1,nearest,1,4,0,false,none,none,BASELINE,5,116264430,Calculation Time [millis],0.0,0.0,0.01,34.0,4360,0.0
2026-05-19T10:01:06.270605100Z,TaxiAlgorithmP2PCollector,1,100,6,80,1,nearest,1,4,0,false,none,none,BASELINE,5,116264430,Custom Time [micros],0.0,0.0,0.0,0.0,4360,0.0
2026-05-19T10:01:06.364607100Z,TaxiAlgorithmP2PCollector,1,100,6,80,1,nearest,1,4,0,false,none,none,BASELINE,6,116264431,Taxi Travel Distance [km],0.89,5.77,3.37,20.2,6,4.88
2026-05-19T10:01:06.364607100Z,TaxiAlgorithmP2PCollector,1,100,6,80,1,nearest,1,4,0,false,none,none,BASELINE,6,116264431,Client Waiting Time [min],0.03,7.53,1.64,58.9,36,7.5
2026-05-19T10:01:06.364607100Z,TaxiAlgorithmP2PCollector,1,100,6,80,1,nearest,1,4,0,false,none,none,BASELINE,6,116264431,Client Travel Time [min],10.0,813.0,244.98,19598.0,80,803.0
2026-05-19T10:01:06.364607100Z,TaxiAlgorithmP2PCollector,1,100,6,80,1,nearest,1,4,0,false,none,none,BASELINE,6,116264431,Calculation Time [millis],0.0,0.0,0.01,31.0,4286,0.0
2026-05-19T10:01:06.364607100Z,TaxiAlgorithmP2PCollector,1,100,6,80,1,nearest,1,4,0,false,none,none,BASELINE,6,116264431,Custom Time [micros],0.0,0.0,0.0,0.0,4286,0.0
2026-05-19T10:01:06.457605600Z,TaxiAlgorithmP2PCollector,1,100,6,80,1,nearest,1,4,0,false,none,none,BASELINE,7,116264432,Taxi Travel Distance [km],1.41,4.52,2.99,17.96,6,3.1099999999999994
2026-05-19T10:01:06.457605600Z,TaxiAlgorithmP2PCollector,1,100,6,80,1,nearest,1,4,0,false,none,none,BASELINE,7,116264432,Client Waiting Time [min],0.05,11.28,2.81,115.25,41,11.229999999999999
2026-05-19T10:01:06.457605600Z,TaxiAlgorithmP2PCollector,1,100,6,80,1,nearest,1,4,0,false,none,none,BASELINE,7,116264432,Client Travel Time [min],6.0,939.0,296.46,23717.0,80,933.0
2026-05-19T10:01:06.457605600Z,TaxiAlgorithmP2PCollector,1,100,6,80,1,nearest,1,4,0,false,none,none,BASELINE,7,116264432,Calculation Time [millis],0.0,0.0,0.01,32.0,4195,0.0
2026-05-19T10:01:06.457605600Z,TaxiAlgorithmP2PCollector,1,100,6,80,1,nearest,1,4,0,false,none,none,BASELINE,7,116264432,Custom Time [micros],0.0,0.0,0.0,0.0,4195,0.0
2026-05-19T10:01:06.549607Z,TaxiAlgorithmP2PCollector,1,100,6,80,1,nearest,1,4,0,false,none,none,BASELINE,8,116264433,Taxi Travel Distance [km],1.25,5.56,3.22,19.34,6,4.31
2026-05-19T10:01:06.549607Z,TaxiAlgorithmP2PCollector,1,100,6,80,1,nearest,1,4,0,false,none,none,BASELINE,8,116264433,Client Waiting Time [min],0.03,11.83,2.82,101.37,36,11.8
2026-05-19T10:01:06.549607Z,TaxiAlgorithmP2PCollector,1,100,6,80,1,nearest,1,4,0,false,none,none,BASELINE,8,116264433,Client Travel Time [min],14.0,907.0,327.06,26165.0,80,893.0
2026-05-19T10:01:06.549607Z,TaxiAlgorithmP2PCollector,1,100,6,80,1,nearest,1,4,0,false,none,none,BASELINE,8,116264433,Calculation Time [millis],0.0,1.0,0.01,37.0,4797,1.0
2026-05-19T10:01:06.549607Z,TaxiAlgorithmP2PCollector,1,100,6,80,1,nearest,1,4,0,false,none,none,BASELINE,8,116264433,Custom Time [micros],0.0,0.0,0.0,0.0,4797,0.0
2026-05-19T10:01:06.642604800Z,TaxiAlgorithmP2PCollector,1,100,6,80,1,nearest,1,4,0,false,none,none,BASELINE,9,116264434,Taxi Travel Distance [km],0.11,4.56,2.61,15.64,6,4.449999999999999
2026-05-19T10:01:06.642604800Z,TaxiAlgorithmP2PCollector,1,100,6,80,1,nearest,1,4,0,false,none,none,BASELINE,9,116264434,Client Waiting Time [min],0.07,13.73,3.62,123.17,34,13.66
2026-05-19T10:01:06.642604800Z,TaxiAlgorithmP2PCollector,1,100,6,80,1,nearest,1,4,0,false,none,none,BASELINE,9,116264434,Client Travel Time [min],15.0,864.0,331.14,26491.0,80,849.0
2026-05-19T10:01:06.642604800Z,TaxiAlgorithmP2PCollector,1,100,6,80,1,nearest,1,4,0,false,none,none,BASELINE,9,116264434,Calculation Time [millis],0.0,0.0,0.01,39.0,4621,0.0
2026-05-19T10:01:06.642604800Z,TaxiAlgorithmP2PCollector,1,100,6,80,1,nearest,1,4,0,false,none,none,BASELINE,9,116264434,Custom Time [micros],0.0,0.0,0.0,0.0,4621,0.0
2026-05-19T10:01:06.736607200Z,TaxiAlgorithmP2PCollector,1,100,6,80,1,nearest,1,4,0,false,none,none,BASELINE,10,116264435,Taxi Travel Distance [km],0.55,5.16,2.19,13.12,6,4.61
2026-05-19T10:01:06.736607200Z,TaxiAlgorithmP2PCollector,1,100,6,80,1,nearest,1,4,0,false,none,none,BASELINE,10,116264435,Client Waiting Time [min],0.05,12.8,3.4,98.5,29,12.75
2026-05-19T10:01:06.736607200Z,TaxiAlgorithmP2PCollector,1,100,6,80,1,nearest,1,4,0,false,none,none,BASELINE,10,116264435,Client Travel Time [min],13.0,934.0,338.05,27044.0,80,921.0
2026-05-19T10:01:06.736607200Z,TaxiAlgorithmP2PCollector,1,100,6,80,1,nearest,1,4,0,false,none,none,BASELINE,10,116264435,Calculation Time [millis],0.0,0.0,0.01,32.0,4478,0.0
2026-05-19T10:01:06.736607200Z,TaxiAlgorithmP2PCollector,1,100,6,80,1,nearest,1,4,0,false,none,none,BASELINE,10,116264435,Custom Time [micros],0.0,0.0,0.0,0.0,4478,0.0
2026-05-19T10:01:06.829606200Z,TaxiAlgorithmP2PCollector,1,100,6,80,1,nearest,1,4,0,false,none,none,RUSH_HOUR,1,116264426,Taxi Travel Distance [km],0.85,6.43,3.85,23.07,6,5.58
2026-05-19T10:01:06.829606200Z,TaxiAlgorithmP2PCollector,1,100,6,80,1,nearest,1,4,0,false,none,none,RUSH_HOUR,1,116264426,Client Waiting Time [min],0.05,11.72,2.67,136.1,51,11.67
2026-05-19T10:01:06.829606200Z,TaxiAlgorithmP2PCollector,1,100,6,80,1,nearest,1,4,0,false,none,none,RUSH_HOUR,1,116264426,Client Travel Time [min],6.0,865.0,265.71,21257.0,80,859.0
2026-05-19T10:01:06.829606200Z,TaxiAlgorithmP2PCollector,1,100,6,80,1,nearest,1,4,0,false,none,none,RUSH_HOUR,1,116264426,Calculation Time [millis],0.0,1.0,0.01,32.0,4232,1.0
2026-05-19T10:01:06.829606200Z,TaxiAlgorithmP2PCollector,1,100,6,80,1,nearest,1,4,0,false,none,none,RUSH_HOUR,1,116264426,Custom Time [micros],0.0,0.0,0.0,0.0,4232,0.0
2026-05-19T10:01:06.921605400Z,TaxiAlgorithmP2PCollector,1,100,6,80,1,nearest,1,4,0,false,none,none,RUSH_HOUR,2,116264427,Taxi Travel Distance [km],1.28,5.69,2.63,15.77,6,4.41
2026-05-19T10:01:06.921605400Z,TaxiAlgorithmP2PCollector,1,100,6,80,1,nearest,1,4,0,false,none,none,RUSH_HOUR,2,116264427,Client Waiting Time [min],0.07,12.63,2.81,92.8,33,12.56
2026-05-19T10:01:06.921605400Z,TaxiAlgorithmP2PCollector,1,100,6,80,1,nearest,1,4,0,false,none,none,RUSH_HOUR,2,116264427,Client Travel Time [min],9.0,966.0,306.61,24529.0,80,957.0
2026-05-19T10:01:06.921605400Z,TaxiAlgorithmP2PCollector,1,100,6,80,1,nearest,1,4,0,false,none,none,RUSH_HOUR,2,116264427,Calculation Time [millis],0.0,0.0,0.01,29.0,4012,0.0
2026-05-19T10:01:06.921605400Z,TaxiAlgorithmP2PCollector,1,100,6,80,1,nearest,1,4,0,false,none,none,RUSH_HOUR,2,116264427,Custom Time [micros],0.0,0.0,0.0,0.0,4012,0.0
2026-05-19T10:01:07.015702800Z,TaxiAlgorithmP2PCollector,1,100,6,80,1,nearest,1,4,0,false,none,none,RUSH_HOUR,3,116264428,Taxi Travel Distance [km],1.44,5.42,3.65,21.92,6,3.98
2026-05-19T10:01:07.015702800Z,TaxiAlgorithmP2PCollector,1,100,6,80,1,nearest,1,4,0,false,none,none,RUSH_HOUR,3,116264428,Client Waiting Time [min],0.03,11.27,3.15,129.33,41,11.24
2026-05-19T10:01:07.015702800Z,TaxiAlgorithmP2PCollector,1,100,6,80,1,nearest,1,4,0,false,none,none,RUSH_HOUR,3,116264428,Client Travel Time [min],12.0,962.0,321.99,25759.0,80,950.0
2026-05-19T10:01:07.015702800Z,TaxiAlgorithmP2PCollector,1,100,6,80,1,nearest,1,4,0,false,none,none,RUSH_HOUR,3,116264428,Calculation Time [millis],0.0,0.0,0.01,33.0,4251,0.0
2026-05-19T10:01:07.015702800Z,TaxiAlgorithmP2PCollector,1,100,6,80,1,nearest,1,4,0,false,none,none,RUSH_HOUR,3,116264428,Custom Time [micros],0.0,0.0,0.0,0.0,4251,0.0
2026-05-19T10:01:07.109604900Z,TaxiAlgorithmP2PCollector,1,100,6,80,1,nearest,1,4,0,false,none,none,RUSH_HOUR,4,116264429,Taxi Travel Distance [km],0.0,5.01,2.64,15.84,6,5.01
2026-05-19T10:01:07.109604900Z,TaxiAlgorithmP2PCollector,1,100,6,80,1,nearest,1,4,0,false,none,none,RUSH_HOUR,4,116264429,Client Waiting Time [min],0.03,14.02,3.36,120.88,36,13.99
2026-05-19T10:01:07.109604900Z,TaxiAlgorithmP2PCollector,1,100,6,80,1,nearest,1,4,0,false,none,none,RUSH_HOUR,4,116264429,Client Travel Time [min],9.0,843.0,322.0,25760.0,80,834.0
2026-05-19T10:01:07.109604900Z,TaxiAlgorithmP2PCollector,1,100,6,80,1,nearest,1,4,0,false,none,none,RUSH_HOUR,4,116264429,Calculation Time [millis],0.0,1.0,0.01,30.0,4066,1.0
2026-05-19T10:01:07.109604900Z,TaxiAlgorithmP2PCollector,1,100,6,80,1,nearest,1,4,0,false,none,none,RUSH_HOUR,4,116264429,Custom Time [micros],0.0,0.0,0.0,0.0,4066,0.0
2026-05-19T10:01:07.202604400Z,TaxiAlgorithmP2PCollector,1,100,6,80,1,nearest,1,4,0,false,none,none,RUSH_HOUR,5,116264430,Taxi Travel Distance [km],1.11,5.01,3.2,19.2,6,3.8999999999999995
2026-05-19T10:01:07.202604400Z,TaxiAlgorithmP2PCollector,1,100,6,80,1,nearest,1,4,0,false,none,none,RUSH_HOUR,5,116264430,Client Waiting Time [min],0.07,10.83,3.81,163.65,43,10.76
2026-05-19T10:01:07.202604400Z,TaxiAlgorithmP2PCollector,1,100,6,80,1,nearest,1,4,0,false,none,none,RUSH_HOUR,5,116264430,Client Travel Time [min],16.0,866.0,316.54,25323.0,80,850.0
2026-05-19T10:01:07.202604400Z,TaxiAlgorithmP2PCollector,1,100,6,80,1,nearest,1,4,0,false,none,none,RUSH_HOUR,5,116264430,Calculation Time [millis],0.0,0.0,0.01,30.0,3915,0.0
2026-05-19T10:01:07.202604400Z,TaxiAlgorithmP2PCollector,1,100,6,80,1,nearest,1,4,0,false,none,none,RUSH_HOUR,5,116264430,Custom Time [micros],0.0,0.0,0.0,0.0,3915,0.0
2026-05-19T10:01:07.296604600Z,TaxiAlgorithmP2PCollector,1,100,6,80,1,nearest,1,4,0,false,none,none,RUSH_HOUR,6,116264431,Taxi Travel Distance [km],1.0,5.74,3.33,19.99,6,4.74
2026-05-19T10:01:07.296604600Z,TaxiAlgorithmP2PCollector,1,100,6,80,1,nearest,1,4,0,false,none,none,RUSH_HOUR,6,116264431,Client Waiting Time [min],0.03,12.85,2.38,97.55,41,12.82
2026-05-19T10:01:07.296604600Z,TaxiAlgorithmP2PCollector,1,100,6,80,1,nearest,1,4,0,false,none,none,RUSH_HOUR,6,116264431,Client Travel Time [min],5.0,829.0,298.1,23848.0,80,824.0
2026-05-19T10:01:07.296604600Z,TaxiAlgorithmP2PCollector,1,100,6,80,1,nearest,1,4,0,false,none,none,RUSH_HOUR,6,116264431,Calculation Time [millis],0.0,0.0,0.01,30.0,4333,0.0
2026-05-19T10:01:07.296604600Z,TaxiAlgorithmP2PCollector,1,100,6,80,1,nearest,1,4,0,false,none,none,RUSH_HOUR,6,116264431,Custom Time [micros],0.0,0.0,0.0,0.0,4333,0.0
2026-05-19T10:01:07.389605700Z,TaxiAlgorithmP2PCollector,1,100,6,80,1,nearest,1,4,0,false,none,none,RUSH_HOUR,7,116264432,Taxi Travel Distance [km],0.39,5.88,2.24,13.44,6,5.49
2026-05-19T10:01:07.389605700Z,TaxiAlgorithmP2PCollector,1,100,6,80,1,nearest,1,4,0,false,none,none,RUSH_HOUR,7,116264432,Client Waiting Time [min],0.07,10.47,3.4,84.97,25,10.4
2026-05-19T10:01:07.389605700Z,TaxiAlgorithmP2PCollector,1,100,6,80,1,nearest,1,4,0,false,none,none,RUSH_HOUR,7,116264432,Client Travel Time [min],22.0,850.0,344.64,27571.0,80,828.0
2026-05-19T10:01:07.389605700Z,TaxiAlgorithmP2PCollector,1,100,6,80,1,nearest,1,4,0,false,none,none,RUSH_HOUR,7,116264432,Calculation Time [millis],0.0,1.0,0.01,32.0,4182,1.0
2026-05-19T10:01:07.389605700Z,TaxiAlgorithmP2PCollector,1,100,6,80,1,nearest,1,4,0,false,none,none,RUSH_HOUR,7,116264432,Custom Time [micros],0.0,0.0,0.0,0.0,4182,0.0
2026-05-19T10:01:07.483606900Z,TaxiAlgorithmP2PCollector,1,100,6,80,1,nearest,1,4,0,false,none,none,RUSH_HOUR,8,116264433,Taxi Travel Distance [km],0.43,6.21,2.98,17.87,6,5.78
2026-05-19T10:01:07.483606900Z,TaxiAlgorithmP2PCollector,1,100,6,80,1,nearest,1,4,0,false,none,none,RUSH_HOUR,8,116264433,Client Waiting Time [min],0.05,13.25,3.69,154.88,42,13.2
2026-05-19T10:01:07.483606900Z,TaxiAlgorithmP2PCollector,1,100,6,80,1,nearest,1,4,0,false,none,none,RUSH_HOUR,8,116264433,Client Travel Time [min],9.0,892.0,342.39,27391.0,80,883.0
2026-05-19T10:01:07.483606900Z,TaxiAlgorithmP2PCollector,1,100,6,80,1,nearest,1,4,0,false,none,none,RUSH_HOUR,8,116264433,Calculation Time [millis],0.0,0.0,0.01,35.0,4395,0.0
2026-05-19T10:01:07.483606900Z,TaxiAlgorithmP2PCollector,1,100,6,80,1,nearest,1,4,0,false,none,none,RUSH_HOUR,8,116264433,Custom Time [micros],0.0,0.0,0.0,0.0,4395,0.0
2026-05-19T10:01:07.576605Z,TaxiAlgorithmP2PCollector,1,100,6,80,1,nearest,1,4,0,false,none,none,RUSH_HOUR,9,116264434,Taxi Travel Distance [km],1.37,5.29,3.49,20.92,6,3.92
2026-05-19T10:01:07.576605Z,TaxiAlgorithmP2PCollector,1,100,6,80,1,nearest,1,4,0,false,none,none,RUSH_HOUR,9,116264434,Client Waiting Time [min],0.03,9.5,1.77,77.8,44,9.47
2026-05-19T10:01:07.576605Z,TaxiAlgorithmP2PCollector,1,100,6,80,1,nearest,1,4,0,false,none,none,RUSH_HOUR,9,116264434,Client Travel Time [min],10.0,864.0,232.96,18637.0,80,854.0
2026-05-19T10:01:07.576605Z,TaxiAlgorithmP2PCollector,1,100,6,80,1,nearest,1,4,0,false,none,none,RUSH_HOUR,9,116264434,Calculation Time [millis],0.0,0.0,0.01,30.0,4134,0.0
2026-05-19T10:01:07.576605Z,TaxiAlgorithmP2PCollector,1,100,6,80,1,nearest,1,4,0,false,none,none,RUSH_HOUR,9,116264434,Custom Time [micros],0.0,0.0,0.0,0.0,4134,0.0
2026-05-19T10:01:07.669604700Z,TaxiAlgorithmP2PCollector,1,100,6,80,1,nearest,1,4,0,false,none,none,RUSH_HOUR,10,116264435,Taxi Travel Distance [km],1.76,3.93,2.89,17.32,6,2.17
2026-05-19T10:01:07.669604700Z,TaxiAlgorithmP2PCollector,1,100,6,80,1,nearest,1,4,0,false,none,none,RUSH_HOUR,10,116264435,Client Waiting Time [min],0.05,12.27,2.76,110.37,40,12.219999999999999
2026-05-19T10:01:07.669604700Z,TaxiAlgorithmP2PCollector,1,100,6,80,1,nearest,1,4,0,false,none,none,RUSH_HOUR,10,116264435,Client Travel Time [min],8.0,777.0,269.91,21593.0,80,769.0
2026-05-19T10:01:07.669604700Z,TaxiAlgorithmP2PCollector,1,100,6,80,1,nearest,1,4,0,false,none,none,RUSH_HOUR,10,116264435,Calculation Time [millis],0.0,1.0,0.01,31.0,4234,1.0
2026-05-19T10:01:07.669604700Z,TaxiAlgorithmP2PCollector,1,100,6,80,1,nearest,1,4,0,false,none,none,RUSH_HOUR,10,116264435,Custom Time [micros],0.0,0.0,0.0,0.0,4234,0.0
2026-05-19T10:01:07.762606500Z,TaxiAlgorithmP2PCollector,1,100,6,80,1,nearest,1,4,0,false,none,none,SPATIAL_IMBALANCE,1,116264426,Taxi Travel Distance [km],0.17,2.22,1.52,9.14,6,2.0500000000000003
2026-05-19T10:01:07.762606500Z,TaxiAlgorithmP2PCollector,1,100,6,80,1,nearest,1,4,0,false,none,none,SPATIAL_IMBALANCE,1,116264426,Client Waiting Time [min],0.05,12.35,3.84,88.27,23,12.299999999999999
2026-05-19T10:01:07.762606500Z,TaxiAlgorithmP2PCollector,1,100,6,80,1,nearest,1,4,0,false,none,none,SPATIAL_IMBALANCE,1,116264426,Client Travel Time [min],19.0,765.0,328.9,26312.0,80,746.0
2026-05-19T10:01:07.762606500Z,TaxiAlgorithmP2PCollector,1,100,6,80,1,nearest,1,4,0,false,none,none,SPATIAL_IMBALANCE,1,116264426,Calculation Time [millis],0.0,0.0,0.01,33.0,4317,0.0
2026-05-19T10:01:07.762606500Z,TaxiAlgorithmP2PCollector,1,100,6,80,1,nearest,1,4,0,false,none,none,SPATIAL_IMBALANCE,1,116264426,Custom Time [micros],0.0,0.0,0.0,0.0,4317,0.0
2026-05-19T10:01:07.855605700Z,TaxiAlgorithmP2PCollector,1,100,6,80,1,nearest,1,4,0,false,none,none,SPATIAL_IMBALANCE,2,116264427,Taxi Travel Distance [km],0.33,1.84,1.04,6.23,6,1.51
2026-05-19T10:01:07.855605700Z,TaxiAlgorithmP2PCollector,1,100,6,80,1,nearest,1,4,0,false,none,none,SPATIAL_IMBALANCE,2,116264427,Client Waiting Time [min],0.05,6.95,3.69,66.33,18,6.9
2026-05-19T10:01:07.855605700Z,TaxiAlgorithmP2PCollector,1,100,6,80,1,nearest,1,4,0,false,none,none,SPATIAL_IMBALANCE,2,116264427,Client Travel Time [min],22.0,748.0,311.48,24918.0,80,726.0
2026-05-19T10:01:07.855605700Z,TaxiAlgorithmP2PCollector,1,100,6,80,1,nearest,1,4,0,false,none,none,SPATIAL_IMBALANCE,2,116264427,Calculation Time [millis],0.0,0.0,0.01,32.0,4254,0.0
2026-05-19T10:01:07.855605700Z,TaxiAlgorithmP2PCollector,1,100,6,80,1,nearest,1,4,0,false,none,none,SPATIAL_IMBALANCE,2,116264427,Custom Time [micros],0.0,0.0,0.0,0.0,4254,0.0
2026-05-19T10:01:07.951620200Z,TaxiAlgorithmP2PCollector,1,100,6,80,1,nearest,1,4,0,false,none,none,SPATIAL_IMBALANCE,3,116264428,Taxi Travel Distance [km],0.0,1.78,1.05,6.3,6,1.78
2026-05-19T10:01:07.951620200Z,TaxiAlgorithmP2PCollector,1,100,6,80,1,nearest,1,4,0,false,none,none,SPATIAL_IMBALANCE,3,116264428,Client Waiting Time [min],0.05,15.67,5.7,108.3,19,15.62
2026-05-19T10:01:07.951620200Z,TaxiAlgorithmP2PCollector,1,100,6,80,1,nearest,1,4,0,false,none,none,SPATIAL_IMBALANCE,3,116264428,Client Travel Time [min],15.0,942.0,409.6,32768.0,80,927.0
2026-05-19T10:01:07.951620200Z,TaxiAlgorithmP2PCollector,1,100,6,80,1,nearest,1,4,0,false,none,none,SPATIAL_IMBALANCE,3,116264428,Calculation Time [millis],0.0,1.0,0.01,33.0,4343,1.0
2026-05-19T10:01:07.951620200Z,TaxiAlgorithmP2PCollector,1,100,6,80,1,nearest,1,4,0,false,none,none,SPATIAL_IMBALANCE,3,116264428,Custom Time [micros],0.0,0.0,0.0,0.0,4343,0.0
2026-05-19T10:01:08.043620800Z,TaxiAlgorithmP2PCollector,1,100,6,80,1,nearest,1,4,0,false,none,none,SPATIAL_IMBALANCE,4,116264429,Taxi Travel Distance [km],0.16,2.05,1.14,6.83,6,1.89
2026-05-19T10:01:08.043620800Z,TaxiAlgorithmP2PCollector,1,100,6,80,1,nearest,1,4,0,false,none,none,SPATIAL_IMBALANCE,4,116264429,Client Waiting Time [min],0.07,7.38,3.46,65.78,19,7.31
2026-05-19T10:01:08.043620800Z,TaxiAlgorithmP2PCollector,1,100,6,80,1,nearest,1,4,0,false,none,none,SPATIAL_IMBALANCE,4,116264429,Client Travel Time [min],19.0,877.0,329.08,26326.0,80,858.0
2026-05-19T10:01:08.043620800Z,TaxiAlgorithmP2PCollector,1,100,6,80,1,nearest,1,4,0,false,none,none,SPATIAL_IMBALANCE,4,116264429,Calculation Time [millis],0.0,0.0,0.01,30.0,4346,0.0
2026-05-19T10:01:08.043620800Z,TaxiAlgorithmP2PCollector,1,100,6,80,1,nearest,1,4,0,false,none,none,SPATIAL_IMBALANCE,4,116264429,Custom Time [micros],0.0,0.0,0.0,0.0,4346,0.0
2026-05-19T10:01:08.136620Z,TaxiAlgorithmP2PCollector,1,100,6,80,1,nearest,1,4,0,false,none,none,SPATIAL_IMBALANCE,5,116264430,Taxi Travel Distance [km],0.36,3.2,1.53,9.19,6,2.8400000000000003
2026-05-19T10:01:08.136620Z,TaxiAlgorithmP2PCollector,1,100,6,80,1,nearest,1,4,0,false,none,none,SPATIAL_IMBALANCE,5,116264430,Client Waiting Time [min],0.05,8.65,3.22,67.52,21,8.6
2026-05-19T10:01:08.136620Z,TaxiAlgorithmP2PCollector,1,100,6,80,1,nearest,1,4,0,false,none,none,SPATIAL_IMBALANCE,5,116264430,Client Travel Time [min],9.0,712.0,316.13,25290.0,80,703.0
2026-05-19T10:01:08.136620Z,TaxiAlgorithmP2PCollector,1,100,6,80,1,nearest,1,4,0,false,none,none,SPATIAL_IMBALANCE,5,116264430,Calculation Time [millis],0.0,0.0,0.01,34.0,4358,0.0
2026-05-19T10:01:08.136620Z,TaxiAlgorithmP2PCollector,1,100,6,80,1,nearest,1,4,0,false,none,none,SPATIAL_IMBALANCE,5,116264430,Custom Time [micros],0.0,0.0,0.0,0.0,4358,0.0
2026-05-19T10:01:08.229622700Z,TaxiAlgorithmP2PCollector,1,100,6,80,1,nearest,1,4,0,false,none,none,SPATIAL_IMBALANCE,6,116264431,Taxi Travel Distance [km],0.4,1.48,0.97,5.8,6,1.08
2026-05-19T10:01:08.229622700Z,TaxiAlgorithmP2PCollector,1,100,6,80,1,nearest,1,4,0,false,none,none,SPATIAL_IMBALANCE,6,116264431,Client Waiting Time [min],0.08,8.47,3.11,49.7,16,8.39
2026-05-19T10:01:08.229622700Z,TaxiAlgorithmP2PCollector,1,100,6,80,1,nearest,1,4,0,false,none,none,SPATIAL_IMBALANCE,6,116264431,Client Travel Time [min],10.0,823.0,348.21,27857.0,80,813.0
2026-05-19T10:01:08.229622700Z,TaxiAlgorithmP2PCollector,1,100,6,80,1,nearest,1,4,0,false,none,none,SPATIAL_IMBALANCE,6,116264431,Calculation Time [millis],0.0,0.0,0.01,30.0,4297,0.0
2026-05-19T10:01:08.229622700Z,TaxiAlgorithmP2PCollector,1,100,6,80,1,nearest,1,4,0,false,none,none,SPATIAL_IMBALANCE,6,116264431,Custom Time [micros],0.0,0.0,0.0,0.0,4297,0.0
2026-05-19T10:01:08.323619500Z,TaxiAlgorithmP2PCollector,1,100,6,80,1,nearest,1,4,0,false,none,none,SPATIAL_IMBALANCE,7,116264432,Taxi Travel Distance [km],0.39,2.42,1.31,7.86,6,2.03
2026-05-19T10:01:08.323619500Z,TaxiAlgorithmP2PCollector,1,100,6,80,1,nearest,1,4,0,false,none,none,SPATIAL_IMBALANCE,7,116264432,Client Waiting Time [min],0.03,9.75,3.51,70.15,20,9.72
2026-05-19T10:01:08.323619500Z,TaxiAlgorithmP2PCollector,1,100,6,80,1,nearest,1,4,0,false,none,none,SPATIAL_IMBALANCE,7,116264432,Client Travel Time [min],13.0,877.0,335.26,26821.0,80,864.0
2026-05-19T10:01:08.323619500Z,TaxiAlgorithmP2PCollector,1,100,6,80,1,nearest,1,4,0,false,none,none,SPATIAL_IMBALANCE,7,116264432,Calculation Time [millis],0.0,0.0,0.01,35.0,4378,0.0
2026-05-19T10:01:08.323619500Z,TaxiAlgorithmP2PCollector,1,100,6,80,1,nearest,1,4,0,false,none,none,SPATIAL_IMBALANCE,7,116264432,Custom Time [micros],0.0,0.0,0.0,0.0,4378,0.0
2026-05-19T10:01:08.416620200Z,TaxiAlgorithmP2PCollector,1,100,6,80,1,nearest,1,4,0,false,none,none,SPATIAL_IMBALANCE,8,116264433,Taxi Travel Distance [km],0.58,3.81,1.79,10.76,6,3.23
2026-05-19T10:01:08.416620200Z,TaxiAlgorithmP2PCollector,1,100,6,80,1,nearest,1,4,0,false,none,none,SPATIAL_IMBALANCE,8,116264433,Client Waiting Time [min],0.05,12.47,3.92,117.53,30,12.42
2026-05-19T10:01:08.416620200Z,TaxiAlgorithmP2PCollector,1,100,6,80,1,nearest,1,4,0,false,none,none,SPATIAL_IMBALANCE,8,116264433,Client Travel Time [min],12.0,907.0,356.53,28522.0,80,895.0
2026-05-19T10:01:08.416620200Z,TaxiAlgorithmP2PCollector,1,100,6,80,1,nearest,1,4,0,false,none,none,SPATIAL_IMBALANCE,8,116264433,Calculation Time [millis],0.0,0.0,0.01,32.0,4415,0.0
2026-05-19T10:01:08.416620200Z,TaxiAlgorithmP2PCollector,1,100,6,80,1,nearest,1,4,0,false,none,none,SPATIAL_IMBALANCE,8,116264433,Custom Time [micros],0.0,0.0,0.0,0.0,4415,0.0
2026-05-19T10:01:08.511620600Z,TaxiAlgorithmP2PCollector,1,100,6,80,1,nearest,1,4,0,false,none,none,SPATIAL_IMBALANCE,9,116264434,Taxi Travel Distance [km],0.33,3.28,1.26,7.55,6,2.9499999999999997
2026-05-19T10:01:08.511620600Z,TaxiAlgorithmP2PCollector,1,100,6,80,1,nearest,1,4,0,false,none,none,SPATIAL_IMBALANCE,9,116264434,Client Waiting Time [min],0.05,10.83,4.02,100.5,25,10.78
2026-05-19T10:01:08.511620600Z,TaxiAlgorithmP2PCollector,1,100,6,80,1,nearest,1,4,0,false,none,none,SPATIAL_IMBALANCE,9,116264434,Client Travel Time [min],6.0,745.0,319.29,25543.0,80,739.0
2026-05-19T10:01:08.511620600Z,TaxiAlgorithmP2PCollector,1,100,6,80,1,nearest,1,4,0,false,none,none,SPATIAL_IMBALANCE,9,116264434,Calculation Time [millis],0.0,0.0,0.01,30.0,4343,0.0
2026-05-19T10:01:08.511620600Z,TaxiAlgorithmP2PCollector,1,100,6,80,1,nearest,1,4,0,false,none,none,SPATIAL_IMBALANCE,9,116264434,Custom Time [micros],0.0,0.0,0.0,0.0,4343,0.0
2026-05-19T10:01:08.602631800Z,TaxiAlgorithmP2PCollector,1,100,6,80,1,nearest,1,4,0,false,none,none,SPATIAL_IMBALANCE,10,116264435,Taxi Travel Distance [km],0.39,1.9,1.21,7.29,6,1.5099999999999998
2026-05-19T10:01:08.602631800Z,TaxiAlgorithmP2PCollector,1,100,6,80,1,nearest,1,4,0,false,none,none,SPATIAL_IMBALANCE,10,116264435,Client Waiting Time [min],0.07,7.57,3.33,69.92,21,7.5
2026-05-19T10:01:08.602631800Z,TaxiAlgorithmP2PCollector,1,100,6,80,1,nearest,1,4,0,false,none,none,SPATIAL_IMBALANCE,10,116264435,Client Travel Time [min],17.0,910.0,306.64,24531.0,80,893.0
2026-05-19T10:01:08.602631800Z,TaxiAlgorithmP2PCollector,1,100,6,80,1,nearest,1,4,0,false,none,none,SPATIAL_IMBALANCE,10,116264435,Calculation Time [millis],0.0,0.0,0.01,29.0,4230,0.0
2026-05-19T10:01:08.602631800Z,TaxiAlgorithmP2PCollector,1,100,6,80,1,nearest,1,4,0,false,none,none,SPATIAL_IMBALANCE,10,116264435,Custom Time [micros],0.0,0.0,0.0,0.0,4230,0.0
2026-05-19T10:01:08.695631Z,TaxiAlgorithmP2PCollector,1,100,6,80,1,nearest,1,4,0,false,none,none,SPATIAL_ISLANDS,1,116264426,Taxi Travel Distance [km],0.16,2.96,1.45,8.68,6,2.8
2026-05-19T10:01:08.695631Z,TaxiAlgorithmP2PCollector,1,100,6,80,1,nearest,1,4,0,false,none,none,SPATIAL_ISLANDS,1,116264426,Client Waiting Time [min],0.07,12.62,4.6,101.2,22,12.549999999999999
2026-05-19T10:01:08.695631Z,TaxiAlgorithmP2PCollector,1,100,6,80,1,nearest,1,4,0,false,none,none,SPATIAL_ISLANDS,1,116264426,Client Travel Time [min],19.0,765.0,349.35,27948.0,80,746.0
2026-05-19T10:01:08.695631Z,TaxiAlgorithmP2PCollector,1,100,6,80,1,nearest,1,4,0,false,none,none,SPATIAL_ISLANDS,1,116264426,Calculation Time [millis],0.0,0.0,0.01,33.0,4518,0.0
2026-05-19T10:01:08.695631Z,TaxiAlgorithmP2PCollector,1,100,6,80,1,nearest,1,4,0,false,none,none,SPATIAL_ISLANDS,1,116264426,Custom Time [micros],0.0,0.0,0.0,0.0,4518,0.0
2026-05-19T10:01:08.789631Z,TaxiAlgorithmP2PCollector,1,100,6,80,1,nearest,1,4,0,false,none,none,SPATIAL_ISLANDS,2,116264427,Taxi Travel Distance [km],0.63,4.08,2.13,12.78,6,3.45
2026-05-19T10:01:08.789631Z,TaxiAlgorithmP2PCollector,1,100,6,80,1,nearest,1,4,0,false,none,none,SPATIAL_ISLANDS,2,116264427,Client Waiting Time [min],0.03,12.77,4.76,147.6,31,12.74
2026-05-19T10:01:08.789631Z,TaxiAlgorithmP2PCollector,1,100,6,80,1,nearest,1,4,0,false,none,none,SPATIAL_ISLANDS,2,116264427,Client Travel Time [min],17.0,858.0,354.15,28332.0,80,841.0
2026-05-19T10:01:08.789631Z,TaxiAlgorithmP2PCollector,1,100,6,80,1,nearest,1,4,0,false,none,none,SPATIAL_ISLANDS,2,116264427,Calculation Time [millis],0.0,0.0,0.01,33.0,4655,0.0
2026-05-19T10:01:08.789631Z,TaxiAlgorithmP2PCollector,1,100,6,80,1,nearest,1,4,0,false,none,none,SPATIAL_ISLANDS,2,116264427,Custom Time [micros],0.0,0.0,0.0,0.0,4655,0.0
2026-05-19T10:01:08.883630900Z,TaxiAlgorithmP2PCollector,1,100,6,80,1,nearest,1,4,0,false,none,none,SPATIAL_ISLANDS,3,116264428,Taxi Travel Distance [km],0.0,1.64,0.93,5.59,6,1.64
2026-05-19T10:01:08.883630900Z,TaxiAlgorithmP2PCollector,1,100,6,80,1,nearest,1,4,0,false,none,none,SPATIAL_ISLANDS,3,116264428,Client Waiting Time [min],0.08,11.38,5.82,104.83,18,11.3
2026-05-19T10:01:08.883630900Z,TaxiAlgorithmP2PCollector,1,100,6,80,1,nearest,1,4,0,false,none,none,SPATIAL_ISLANDS,3,116264428,Client Travel Time [min],19.0,975.0,426.94,34155.0,80,956.0
2026-05-19T10:01:08.883630900Z,TaxiAlgorithmP2PCollector,1,100,6,80,1,nearest,1,4,0,false,none,none,SPATIAL_ISLANDS,3,116264428,Calculation Time [millis],0.0,0.0,0.01,32.0,4538,0.0
2026-05-19T10:01:08.883630900Z,TaxiAlgorithmP2PCollector,1,100,6,80,1,nearest,1,4,0,false,none,none,SPATIAL_ISLANDS,3,116264428,Custom Time [micros],0.0,0.0,0.0,0.0,4538,0.0
2026-05-19T10:01:08.977631100Z,TaxiAlgorithmP2PCollector,1,100,6,80,1,nearest,1,4,0,false,none,none,SPATIAL_ISLANDS,4,116264429,Taxi Travel Distance [km],0.46,2.32,1.41,8.47,6,1.8599999999999999
2026-05-19T10:01:08.977631100Z,TaxiAlgorithmP2PCollector,1,100,6,80,1,nearest,1,4,0,false,none,none,SPATIAL_ISLANDS,4,116264429,Client Waiting Time [min],0.05,14.05,5.79,144.68,25,14.0
2026-05-19T10:01:08.977631100Z,TaxiAlgorithmP2PCollector,1,100,6,80,1,nearest,1,4,0,false,none,none,SPATIAL_ISLANDS,4,116264429,Client Travel Time [min],20.0,849.0,396.95,31756.0,80,829.0
2026-05-19T10:01:08.977631100Z,TaxiAlgorithmP2PCollector,1,100,6,80,1,nearest,1,4,0,false,none,none,SPATIAL_ISLANDS,4,116264429,Calculation Time [millis],0.0,1.0,0.01,35.0,4776,1.0
2026-05-19T10:01:08.977631100Z,TaxiAlgorithmP2PCollector,1,100,6,80,1,nearest,1,4,0,false,none,none,SPATIAL_ISLANDS,4,116264429,Custom Time [micros],0.0,0.0,0.0,0.0,4776,0.0
2026-05-19T10:01:09.070631800Z,TaxiAlgorithmP2PCollector,1,100,6,80,1,nearest,1,4,0,false,none,none,SPATIAL_ISLANDS,5,116264430,Taxi Travel Distance [km],0.48,2.22,1.33,7.95,6,1.7400000000000002
2026-05-19T10:01:09.070631800Z,TaxiAlgorithmP2PCollector,1,100,6,80,1,nearest,1,4,0,false,none,none,SPATIAL_ISLANDS,5,116264430,Client Waiting Time [min],0.07,12.87,3.36,73.9,22,12.799999999999999
2026-05-19T10:01:09.070631800Z,TaxiAlgorithmP2PCollector,1,100,6,80,1,nearest,1,4,0,false,none,none,SPATIAL_ISLANDS,5,116264430,Client Travel Time [min],11.0,798.0,370.98,29678.0,80,787.0
2026-05-19T10:01:09.070631800Z,TaxiAlgorithmP2PCollector,1,100,6,80,1,nearest,1,4,0,false,none,none,SPATIAL_ISLANDS,5,116264430,Calculation Time [millis],0.0,0.0,0.01,35.0,4392,0.0
2026-05-19T10:01:09.070631800Z,TaxiAlgorithmP2PCollector,1,100,6,80,1,nearest,1,4,0,false,none,none,SPATIAL_ISLANDS,5,116264430,Custom Time [micros],0.0,0.0,0.0,0.0,4392,0.0
2026-05-19T10:01:09.162633800Z,TaxiAlgorithmP2PCollector,1,100,6,80,1,nearest,1,4,0,false,none,none,SPATIAL_ISLANDS,6,116264431,Taxi Travel Distance [km],0.0,3.22,1.51,9.06,6,3.22
2026-05-19T10:01:09.162633800Z,TaxiAlgorithmP2PCollector,1,100,6,80,1,nearest,1,4,0,false,none,none,SPATIAL_ISLANDS,6,116264431,Client Waiting Time [min],0.05,10.35,3.61,79.38,22,10.299999999999999
2026-05-19T10:01:09.162633800Z,TaxiAlgorithmP2PCollector,1,100,6,80,1,nearest,1,4,0,false,none,none,SPATIAL_ISLANDS,6,116264431,Client Travel Time [min],10.0,788.0,371.95,29756.0,80,778.0
2026-05-19T10:01:09.162633800Z,TaxiAlgorithmP2PCollector,1,100,6,80,1,nearest,1,4,0,false,none,none,SPATIAL_ISLANDS,6,116264431,Calculation Time [millis],0.0,0.0,0.01,32.0,4451,0.0
2026-05-19T10:01:09.162633800Z,TaxiAlgorithmP2PCollector,1,100,6,80,1,nearest,1,4,0,false,none,none,SPATIAL_ISLANDS,6,116264431,Custom Time [micros],0.0,0.0,0.0,0.0,4451,0.0
2026-05-19T10:01:09.257631500Z,TaxiAlgorithmP2PCollector,1,100,6,80,1,nearest,1,4,0,false,none,none,SPATIAL_ISLANDS,7,116264432,Taxi Travel Distance [km],0.22,1.99,0.84,5.01,6,1.77
2026-05-19T10:01:09.257631500Z,TaxiAlgorithmP2PCollector,1,100,6,80,1,nearest,1,4,0,false,none,none,SPATIAL_ISLANDS,7,116264432,Client Waiting Time [min],0.05,9.32,4.38,56.98,13,9.27
2026-05-19T10:01:09.257631500Z,TaxiAlgorithmP2PCollector,1,100,6,80,1,nearest,1,4,0,false,none,none,SPATIAL_ISLANDS,7,116264432,Client Travel Time [min],33.0,814.0,405.6,32448.0,80,781.0
2026-05-19T10:01:09.257631500Z,TaxiAlgorithmP2PCollector,1,100,6,80,1,nearest,1,4,0,false,none,none,SPATIAL_ISLANDS,7,116264432,Calculation Time [millis],0.0,1.0,0.01,34.0,4651,1.0
2026-05-19T10:01:09.257631500Z,TaxiAlgorithmP2PCollector,1,100,6,80,1,nearest,1,4,0,false,none,none,SPATIAL_ISLANDS,7,116264432,Custom Time [micros],0.0,0.0,0.0,0.0,4651,0.0
2026-05-19T10:01:09.349631700Z,TaxiAlgorithmP2PCollector,1,100,6,80,1,nearest,1,4,0,false,none,none,SPATIAL_ISLANDS,8,116264433,Taxi Travel Distance [km],0.42,1.77,1.0,5.97,6,1.35
2026-05-19T10:01:09.349631700Z,TaxiAlgorithmP2PCollector,1,100,6,80,1,nearest,1,4,0,false,none,none,SPATIAL_ISLANDS,8,116264433,Client Waiting Time [min],0.08,12.53,6.12,116.37,19,12.45
2026-05-19T10:01:09.349631700Z,TaxiAlgorithmP2PCollector,1,100,6,80,1,nearest,1,4,0,false,none,none,SPATIAL_ISLANDS,8,116264433,Client Travel Time [min],12.0,836.0,447.6,35808.0,80,824.0
2026-05-19T10:01:09.349631700Z,TaxiAlgorithmP2PCollector,1,100,6,80,1,nearest,1,4,0,false,none,none,SPATIAL_ISLANDS,8,116264433,Calculation Time [millis],0.0,0.0,0.01,38.0,4633,0.0
2026-05-19T10:01:09.349631700Z,TaxiAlgorithmP2PCollector,1,100,6,80,1,nearest,1,4,0,false,none,none,SPATIAL_ISLANDS,8,116264433,Custom Time [micros],0.0,0.0,0.0,0.0,4633,0.0
2026-05-19T10:01:09.441634100Z,TaxiAlgorithmP2PCollector,1,100,6,80,1,nearest,1,4,0,false,none,none,SPATIAL_ISLANDS,9,116264434,Taxi Travel Distance [km],0.51,3.21,1.82,10.89,6,2.7
2026-05-19T10:01:09.441634100Z,TaxiAlgorithmP2PCollector,1,100,6,80,1,nearest,1,4,0,false,none,none,SPATIAL_ISLANDS,9,116264434,Client Waiting Time [min],0.07,14.68,5.04,146.17,29,14.61
2026-05-19T10:01:09.441634100Z,TaxiAlgorithmP2PCollector,1,100,6,80,1,nearest,1,4,0,false,none,none,SPATIAL_ISLANDS,9,116264434,Client Travel Time [min],18.0,912.0,371.66,29733.0,80,894.0
2026-05-19T10:01:09.441634100Z,TaxiAlgorithmP2PCollector,1,100,6,80,1,nearest,1,4,0,false,none,none,SPATIAL_ISLANDS,9,116264434,Calculation Time [millis],0.0,0.0,0.01,33.0,4581,0.0
2026-05-19T10:01:09.441634100Z,TaxiAlgorithmP2PCollector,1,100,6,80,1,nearest,1,4,0,false,none,none,SPATIAL_ISLANDS,9,116264434,Custom Time [micros],0.0,0.0,0.0,0.0,4581,0.0
2026-05-19T10:01:09.535630500Z,TaxiAlgorithmP2PCollector,1,100,6,80,1,nearest,1,4,0,false,none,none,SPATIAL_ISLANDS,10,116264435,Taxi Travel Distance [km],0.29,2.58,1.51,9.04,6,2.29
2026-05-19T10:01:09.535630500Z,TaxiAlgorithmP2PCollector,1,100,6,80,1,nearest,1,4,0,false,none,none,SPATIAL_ISLANDS,10,116264435,Client Waiting Time [min],0.05,11.88,4.48,107.57,24,11.83
2026-05-19T10:01:09.535630500Z,TaxiAlgorithmP2PCollector,1,100,6,80,1,nearest,1,4,0,false,none,none,SPATIAL_ISLANDS,10,116264435,Client Travel Time [min],17.0,811.0,373.33,29866.0,80,794.0
2026-05-19T10:01:09.535630500Z,TaxiAlgorithmP2PCollector,1,100,6,80,1,nearest,1,4,0,false,none,none,SPATIAL_ISLANDS,10,116264435,Calculation Time [millis],0.0,0.0,0.01,33.0,4523,0.0
2026-05-19T10:01:09.535630500Z,TaxiAlgorithmP2PCollector,1,100,6,80,1,nearest,1,4,0,false,none,none,SPATIAL_ISLANDS,10,116264435,Custom Time [micros],0.0,0.0,0.0,0.0,4523,0.0
2026-05-19T10:01:09.689631700Z,TaxiAlgorithmP2PCollector,1,100,6,80,1,nearest,1,4,0,true,page-rank,page-rank,BASELINE,1,116264426,Taxi Travel Distance [km],44.67,47.37,45.77,274.63,6,2.6999999999999957
2026-05-19T10:01:09.689631700Z,TaxiAlgorithmP2PCollector,1,100,6,80,1,nearest,1,4,0,true,page-rank,page-rank,BASELINE,1,116264426,Client Waiting Time [min],0.05,5.27,1.09,82.52,76,5.22
2026-05-19T10:01:09.689631700Z,TaxiAlgorithmP2PCollector,1,100,6,80,1,nearest,1,4,0,true,page-rank,page-rank,BASELINE,1,116264426,Client Travel Time [min],16.0,360.0,87.39,6991.0,80,344.0
2026-05-19T10:01:09.689631700Z,TaxiAlgorithmP2PCollector,1,100,6,80,1,nearest,1,4,0,true,page-rank,page-rank,BASELINE,1,116264426,Calculation Time [millis],0.0,1.0,0.02,93.0,4070,1.0
2026-05-19T10:01:09.689631700Z,TaxiAlgorithmP2PCollector,1,100,6,80,1,nearest,1,4,0,true,page-rank,page-rank,BASELINE,1,116264426,Custom Time [micros],0.0,0.0,0.0,0.0,4070,0.0
2026-05-19T10:01:09.845632500Z,TaxiAlgorithmP2PCollector,1,100,6,80,1,nearest,1,4,0,true,page-rank,page-rank,BASELINE,2,116264427,Taxi Travel Distance [km],46.23,55.52,51.21,307.23,6,9.290000000000006
2026-05-19T10:01:09.845632500Z,TaxiAlgorithmP2PCollector,1,100,6,80,1,nearest,1,4,0,true,page-rank,page-rank,BASELINE,2,116264427,Client Waiting Time [min],0.03,5.13,1.35,100.08,74,5.1
2026-05-19T10:01:09.845632500Z,TaxiAlgorithmP2PCollector,1,100,6,80,1,nearest,1,4,0,true,page-rank,page-rank,BASELINE,2,116264427,Client Travel Time [min],9.0,321.0,99.01,7921.0,80,312.0
2026-05-19T10:01:09.845632500Z,TaxiAlgorithmP2PCollector,1,100,6,80,1,nearest,1,4,0,true,page-rank,page-rank,BASELINE,2,116264427,Calculation Time [millis],0.0,0.0,0.03,104.0,4110,0.0
2026-05-19T10:01:09.845632500Z,TaxiAlgorithmP2PCollector,1,100,6,80,1,nearest,1,4,0,true,page-rank,page-rank,BASELINE,2,116264427,Custom Time [micros],0.0,0.0,0.0,0.0,4110,0.0
2026-05-19T10:01:10.015633400Z,TaxiAlgorithmP2PCollector,1,100,6,80,1,nearest,1,4,0,true,page-rank,page-rank,BASELINE,3,116264428,Taxi Travel Distance [km],43.87,51.7,48.49,290.92,6,7.830000000000005
2026-05-19T10:01:10.015633400Z,TaxiAlgorithmP2PCollector,1,100,6,80,1,nearest,1,4,0,true,page-rank,page-rank,BASELINE,3,116264428,Client Waiting Time [min],0.03,5.72,1.21,94.73,78,5.6899999999999995
2026-05-19T10:01:10.015633400Z,TaxiAlgorithmP2PCollector,1,100,6,80,1,nearest,1,4,0,true,page-rank,page-rank,BASELINE,3,116264428,Client Travel Time [min],19.0,369.0,96.85,7748.0,80,350.0
2026-05-19T10:01:10.015633400Z,TaxiAlgorithmP2PCollector,1,100,6,80,1,nearest,1,4,0,true,page-rank,page-rank,BASELINE,3,116264428,Calculation Time [millis],0.0,0.0,0.03,99.0,3954,0.0
2026-05-19T10:01:10.015633400Z,TaxiAlgorithmP2PCollector,1,100,6,80,1,nearest,1,4,0,true,page-rank,page-rank,BASELINE,3,116264428,Custom Time [micros],0.0,0.0,0.0,0.0,3954,0.0
2026-05-19T10:01:10.139633200Z,TaxiAlgorithmP2PCollector,1,100,6,80,1,nearest,1,4,0,true,page-rank,page-rank,BASELINE,4,116264429,Taxi Travel Distance [km],38.65,42.59,40.71,244.25,6,3.940000000000005
2026-05-19T10:01:10.139633200Z,TaxiAlgorithmP2PCollector,1,100,6,80,1,nearest,1,4,0,true,page-rank,page-rank,BASELINE,4,116264429,Client Waiting Time [min],0.05,5.25,1.25,96.33,77,5.2
2026-05-19T10:01:10.139633200Z,TaxiAlgorithmP2PCollector,1,100,6,80,1,nearest,1,4,0,true,page-rank,page-rank,BASELINE,4,116264429,Client Travel Time [min],11.0,325.0,96.31,7705.0,80,314.0
2026-05-19T10:01:10.139633200Z,TaxiAlgorithmP2PCollector,1,100,6,80,1,nearest,1,4,0,true,page-rank,page-rank,BASELINE,4,116264429,Calculation Time [millis],0.0,1.0,0.02,79.0,4057,1.0
2026-05-19T10:01:10.139633200Z,TaxiAlgorithmP2PCollector,1,100,6,80,1,nearest,1,4,0,true,page-rank,page-rank,BASELINE,4,116264429,Custom Time [micros],0.0,0.0,0.0,0.0,4057,0.0
2026-05-19T10:01:10.310634300Z,TaxiAlgorithmP2PCollector,1,100,6,80,1,nearest,1,4,0,true,page-rank,page-rank,BASELINE,5,116264430,Taxi Travel Distance [km],41.73,51.42,46.11,276.67,6,9.690000000000005
2026-05-19T10:01:10.310634300Z,TaxiAlgorithmP2PCollector,1,100,6,80,1,nearest,1,4,0,true,page-rank,page-rank,BASELINE,5,116264430,Client Waiting Time [min],0.03,5.02,1.17,90.03,77,4.989999999999999
2026-05-19T10:01:10.310634300Z,TaxiAlgorithmP2PCollector,1,100,6,80,1,nearest,1,4,0,true,page-rank,page-rank,BASELINE,5,116264430,Client Travel Time [min],12.0,321.0,93.63,7490.0,80,309.0
2026-05-19T10:01:10.310634300Z,TaxiAlgorithmP2PCollector,1,100,6,80,1,nearest,1,4,0,true,page-rank,page-rank,BASELINE,5,116264430,Calculation Time [millis],0.0,1.0,0.02,97.0,4009,1.0
2026-05-19T10:01:10.310634300Z,TaxiAlgorithmP2PCollector,1,100,6,80,1,nearest,1,4,0,true,page-rank,page-rank,BASELINE,5,116264430,Custom Time [micros],0.0,0.0,0.0,0.0,4009,0.0
2026-05-19T10:01:10.465631200Z,TaxiAlgorithmP2PCollector,1,100,6,80,1,nearest,1,4,0,true,page-rank,page-rank,BASELINE,6,116264431,Taxi Travel Distance [km],34.57,47.42,42.19,253.12,6,12.850000000000001
2026-05-19T10:01:10.465631200Z,TaxiAlgorithmP2PCollector,1,100,6,80,1,nearest,1,4,0,true,page-rank,page-rank,BASELINE,6,116264431,Client Waiting Time [min],0.05,3.88,0.93,70.5,76,3.83
2026-05-19T10:01:10.465631200Z,TaxiAlgorithmP2PCollector,1,100,6,80,1,nearest,1,4,0,true,page-rank,page-rank,BASELINE,6,116264431,Client Travel Time [min],11.0,262.0,79.38,6350.0,80,251.0
2026-05-19T10:01:10.465631200Z,TaxiAlgorithmP2PCollector,1,100,6,80,1,nearest,1,4,0,true,page-rank,page-rank,BASELINE,6,116264431,Calculation Time [millis],0.0,0.0,0.02,83.0,4009,0.0
2026-05-19T10:01:10.465631200Z,TaxiAlgorithmP2PCollector,1,100,6,80,1,nearest,1,4,0,true,page-rank,page-rank,BASELINE,6,116264431,Custom Time [micros],0.0,0.0,0.0,0.0,4009,0.0
2026-05-19T10:01:10.621633800Z,TaxiAlgorithmP2PCollector,1,100,6,80,1,nearest,1,4,0,true,page-rank,page-rank,BASELINE,7,116264432,Taxi Travel Distance [km],42.25,50.69,44.24,265.43,6,8.439999999999998
2026-05-19T10:01:10.621633800Z,TaxiAlgorithmP2PCollector,1,100,6,80,1,nearest,1,4,0,true,page-rank,page-rank,BASELINE,7,116264432,Client Waiting Time [min],0.05,5.97,1.09,85.13,78,5.92
2026-05-19T10:01:10.621633800Z,TaxiAlgorithmP2PCollector,1,100,6,80,1,nearest,1,4,0,true,page-rank,page-rank,BASELINE,7,116264432,Client Travel Time [min],8.0,362.0,85.74,6859.0,80,354.0
2026-05-19T10:01:10.621633800Z,TaxiAlgorithmP2PCollector,1,100,6,80,1,nearest,1,4,0,true,page-rank,page-rank,BASELINE,7,116264432,Calculation Time [millis],0.0,0.0,0.02,85.0,4072,0.0
2026-05-19T10:01:10.621633800Z,TaxiAlgorithmP2PCollector,1,100,6,80,1,nearest,1,4,0,true,page-rank,page-rank,BASELINE,7,116264432,Custom Time [micros],0.0,0.0,0.0,0.0,4072,0.0
2026-05-19T10:01:10.823635300Z,TaxiAlgorithmP2PCollector,1,100,6,80,1,nearest,1,4,0,true,page-rank,page-rank,BASELINE,8,116264433,Taxi Travel Distance [km],50.56,58.8,55.14,330.85,6,8.239999999999995
2026-05-19T10:01:10.823635300Z,TaxiAlgorithmP2PCollector,1,100,6,80,1,nearest,1,4,0,true,page-rank,page-rank,BASELINE,8,116264433,Client Waiting Time [min],0.05,6.32,1.33,100.9,76,6.2700000000000005
2026-05-19T10:01:10.823635300Z,TaxiAlgorithmP2PCollector,1,100,6,80,1,nearest,1,4,0,true,page-rank,page-rank,BASELINE,8,116264433,Client Travel Time [min],12.0,402.0,106.19,8495.0,80,390.0
2026-05-19T10:01:10.823635300Z,TaxiAlgorithmP2PCollector,1,100,6,80,1,nearest,1,4,0,true,page-rank,page-rank,BASELINE,8,116264433,Calculation Time [millis],0.0,0.0,0.03,117.0,4357,0.0
2026-05-19T10:01:10.823635300Z,TaxiAlgorithmP2PCollector,1,100,6,80,1,nearest,1,4,0,true,page-rank,page-rank,BASELINE,8,116264433,Custom Time [micros],0.0,0.0,0.0,0.0,4357,0.0
2026-05-19T10:01:10.993633100Z,TaxiAlgorithmP2PCollector,1,100,6,80,1,nearest,1,4,0,true,page-rank,page-rank,BASELINE,9,116264434,Taxi Travel Distance [km],47.36,54.1,50.11,300.68,6,6.740000000000002
2026-05-19T10:01:10.993633100Z,TaxiAlgorithmP2PCollector,1,100,6,80,1,nearest,1,4,0,true,page-rank,page-rank,BASELINE,9,116264434,Client Waiting Time [min],0.03,5.58,1.18,91.7,78,5.55
2026-05-19T10:01:10.993633100Z,TaxiAlgorithmP2PCollector,1,100,6,80,1,nearest,1,4,0,true,page-rank,page-rank,BASELINE,9,116264434,Client Travel Time [min],5.0,358.0,93.86,7509.0,80,353.0
2026-05-19T10:01:10.993633100Z,TaxiAlgorithmP2PCollector,1,100,6,80,1,nearest,1,4,0,true,page-rank,page-rank,BASELINE,9,116264434,Calculation Time [millis],0.0,1.0,0.02,105.0,4210,1.0
2026-05-19T10:01:10.993633100Z,TaxiAlgorithmP2PCollector,1,100,6,80,1,nearest,1,4,0,true,page-rank,page-rank,BASELINE,9,116264434,Custom Time [micros],0.0,0.0,0.0,0.0,4210,0.0
2026-05-19T10:01:11.163632Z,TaxiAlgorithmP2PCollector,1,100,6,80,1,nearest,1,4,0,true,page-rank,page-rank,BASELINE,10,116264435,Taxi Travel Distance [km],44.04,49.32,46.63,279.79,6,5.280000000000001
2026-05-19T10:01:11.163632Z,TaxiAlgorithmP2PCollector,1,100,6,80,1,nearest,1,4,0,true,page-rank,page-rank,BASELINE,10,116264435,Client Waiting Time [min],0.05,5.63,1.26,100.52,80,5.58
2026-05-19T10:01:11.163632Z,TaxiAlgorithmP2PCollector,1,100,6,80,1,nearest,1,4,0,true,page-rank,page-rank,BASELINE,10,116264435,Client Travel Time [min],19.0,366.0,94.65,7572.0,80,347.0
2026-05-19T10:01:11.163632Z,TaxiAlgorithmP2PCollector,1,100,6,80,1,nearest,1,4,0,true,page-rank,page-rank,BASELINE,10,116264435,Calculation Time [millis],0.0,1.0,0.03,104.0,4012,1.0
2026-05-19T10:01:11.163632Z,TaxiAlgorithmP2PCollector,1,100,6,80,1,nearest,1,4,0,true,page-rank,page-rank,BASELINE,10,116264435,Custom Time [micros],0.0,0.0,0.0,0.0,4012,0.0
2026-05-19T10:01:11.289632700Z,TaxiAlgorithmP2PCollector,1,100,6,80,1,nearest,1,4,0,true,page-rank,page-rank,RUSH_HOUR,1,116264426,Taxi Travel Distance [km],1.35,11.18,5.12,30.71,6,9.83
2026-05-19T10:01:11.289632700Z,TaxiAlgorithmP2PCollector,1,100,6,80,1,nearest,1,4,0,true,page-rank,page-rank,RUSH_HOUR,1,116264426,Client Waiting Time [min],0.08,11.23,3.28,137.73,42,11.15
2026-05-19T10:01:11.289632700Z,TaxiAlgorithmP2PCollector,1,100,6,80,1,nearest,1,4,0,true,page-rank,page-rank,RUSH_HOUR,1,116264426,Client Travel Time [min],18.0,792.0,283.54,22683.0,80,774.0
2026-05-19T10:01:11.289632700Z,TaxiAlgorithmP2PCollector,1,100,6,80,1,nearest,1,4,0,true,page-rank,page-rank,RUSH_HOUR,1,116264426,Calculation Time [millis],0.0,0.0,0.01,43.0,4232,0.0
2026-05-19T10:01:11.289632700Z,TaxiAlgorithmP2PCollector,1,100,6,80,1,nearest,1,4,0,true,page-rank,page-rank,RUSH_HOUR,1,116264426,Custom Time [micros],0.0,0.0,0.0,0.0,4232,0.0
2026-05-19T10:01:11.399633400Z,TaxiAlgorithmP2PCollector,1,100,6,80,1,nearest,1,4,0,true,page-rank,page-rank,RUSH_HOUR,2,116264427,Taxi Travel Distance [km],2.98,9.51,5.93,35.55,6,6.529999999999999
2026-05-19T10:01:11.399633400Z,TaxiAlgorithmP2PCollector,1,100,6,80,1,nearest,1,4,0,true,page-rank,page-rank,RUSH_HOUR,2,116264427,Client Waiting Time [min],0.05,8.57,2.75,134.97,49,8.52
2026-05-19T10:01:11.399633400Z,TaxiAlgorithmP2PCollector,1,100,6,80,1,nearest,1,4,0,true,page-rank,page-rank,RUSH_HOUR,2,116264427,Client Travel Time [min],16.0,793.0,236.9,18952.0,80,777.0
2026-05-19T10:01:11.399633400Z,TaxiAlgorithmP2PCollector,1,100,6,80,1,nearest,1,4,0,true,page-rank,page-rank,RUSH_HOUR,2,116264427,Calculation Time [millis],0.0,0.0,0.01,42.0,4010,0.0
2026-05-19T10:01:11.399633400Z,TaxiAlgorithmP2PCollector,1,100,6,80,1,nearest,1,4,0,true,page-rank,page-rank,RUSH_HOUR,2,116264427,Custom Time [micros],0.0,0.0,0.0,0.0,4010,0.0
2026-05-19T10:01:11.523157300Z,TaxiAlgorithmP2PCollector,1,100,6,80,1,nearest,1,4,0,true,page-rank,page-rank,RUSH_HOUR,3,116264428,Taxi Travel Distance [km],1.24,8.9,4.93,29.58,6,7.66
2026-05-19T10:01:11.523157300Z,TaxiAlgorithmP2PCollector,1,100,6,80,1,nearest,1,4,0,true,page-rank,page-rank,RUSH_HOUR,3,116264428,Client Waiting Time [min],0.1,14.5,4.88,219.43,45,14.4
2026-05-19T10:01:11.523157300Z,TaxiAlgorithmP2PCollector,1,100,6,80,1,nearest,1,4,0,true,page-rank,page-rank,RUSH_HOUR,3,116264428,Client Travel Time [min],38.0,951.0,347.44,27795.0,80,913.0
2026-05-19T10:01:11.523157300Z,TaxiAlgorithmP2PCollector,1,100,6,80,1,nearest,1,4,0,true,page-rank,page-rank,RUSH_HOUR,3,116264428,Calculation Time [millis],0.0,0.0,0.01,45.0,4242,0.0
2026-05-19T10:01:11.523157300Z,TaxiAlgorithmP2PCollector,1,100,6,80,1,nearest,1,4,0,true,page-rank,page-rank,RUSH_HOUR,3,116264428,Custom Time [micros],0.0,0.0,0.0,0.0,4242,0.0
2026-05-19T10:01:11.661922900Z,TaxiAlgorithmP2PCollector,1,100,6,80,1,nearest,1,4,0,true,page-rank,page-rank,RUSH_HOUR,4,116264429,Taxi Travel Distance [km],0.2,10.71,4.89,29.35,6,10.510000000000002
2026-05-19T10:01:11.661922900Z,TaxiAlgorithmP2PCollector,1,100,6,80,1,nearest,1,4,0,true,page-rank,page-rank,RUSH_HOUR,4,116264429,Client Waiting Time [min],0.07,10.35,3.28,127.83,39,10.28
2026-05-19T10:01:11.661922900Z,TaxiAlgorithmP2PCollector,1,100,6,80,1,nearest,1,4,0,true,page-rank,page-rank,RUSH_HOUR,4,116264429,Client Travel Time [min],24.0,825.0,296.6,23728.0,80,801.0
2026-05-19T10:01:11.661922900Z,TaxiAlgorithmP2PCollector,1,100,6,80,1,nearest,1,4,0,true,page-rank,page-rank,RUSH_HOUR,4,116264429,Calculation Time [millis],0.0,0.0,0.01,50.0,4138,0.0
2026-05-19T10:01:11.661922900Z,TaxiAlgorithmP2PCollector,1,100,6,80,1,nearest,1,4,0,true,page-rank,page-rank,RUSH_HOUR,4,116264429,Custom Time [micros],0.0,0.0,0.0,0.0,4138,0.0
2026-05-19T10:01:11.769577700Z,TaxiAlgorithmP2PCollector,1,100,6,80,1,nearest,1,4,0,true,page-rank,page-rank,RUSH_HOUR,5,116264430,Taxi Travel Distance [km],1.46,10.55,5.22,31.31,6,9.09
2026-05-19T10:01:11.769577700Z,TaxiAlgorithmP2PCollector,1,100,6,80,1,nearest,1,4,0,true,page-rank,page-rank,RUSH_HOUR,5,116264430,Client Waiting Time [min],0.03,10.88,3.6,183.68,51,10.850000000000001
2026-05-19T10:01:11.769577700Z,TaxiAlgorithmP2PCollector,1,100,6,80,1,nearest,1,4,0,true,page-rank,page-rank,RUSH_HOUR,5,116264430,Client Travel Time [min],11.0,905.0,307.56,24605.0,80,894.0
2026-05-19T10:01:11.769577700Z,TaxiAlgorithmP2PCollector,1,100,6,80,1,nearest,1,4,0,true,page-rank,page-rank,RUSH_HOUR,5,116264430,Calculation Time [millis],0.0,1.0,0.01,53.0,4360,1.0
2026-05-19T10:01:11.769577700Z,TaxiAlgorithmP2PCollector,1,100,6,80,1,nearest,1,4,0,true,page-rank,page-rank,RUSH_HOUR,5,116264430,Custom Time [micros],0.0,0.0,0.0,0.0,4360,0.0
2026-05-19T10:01:11.879565900Z,TaxiAlgorithmP2PCollector,1,100,6,80,1,nearest,1,4,0,true,page-rank,page-rank,RUSH_HOUR,6,116264431,Taxi Travel Distance [km],0.95,6.91,3.96,23.75,6,5.96
2026-05-19T10:01:11.879565900Z,TaxiAlgorithmP2PCollector,1,100,6,80,1,nearest,1,4,0,true,page-rank,page-rank,RUSH_HOUR,6,116264431,Client Waiting Time [min],0.07,11.47,3.9,140.38,36,11.4
2026-05-19T10:01:11.879565900Z,TaxiAlgorithmP2PCollector,1,100,6,80,1,nearest,1,4,0,true,page-rank,page-rank,RUSH_HOUR,6,116264431,Client Travel Time [min],17.0,829.0,332.36,26589.0,80,812.0
2026-05-19T10:01:11.879565900Z,TaxiAlgorithmP2PCollector,1,100,6,80,1,nearest,1,4,0,true,page-rank,page-rank,RUSH_HOUR,6,116264431,Calculation Time [millis],0.0,0.0,0.01,46.0,4043,0.0
2026-05-19T10:01:11.879565900Z,TaxiAlgorithmP2PCollector,1,100,6,80,1,nearest,1,4,0,true,page-rank,page-rank,RUSH_HOUR,6,116264431,Custom Time [micros],0.0,0.0,0.0,0.0,4043,0.0
2026-05-19T10:01:11.989567Z,TaxiAlgorithmP2PCollector,1,100,6,80,1,nearest,1,4,0,true,page-rank,page-rank,RUSH_HOUR,7,116264432,Taxi Travel Distance [km],1.42,10.4,4.86,29.14,6,8.98
2026-05-19T10:01:11.989567Z,TaxiAlgorithmP2PCollector,1,100,6,80,1,nearest,1,4,0,true,page-rank,page-rank,RUSH_HOUR,7,116264432,Client Waiting Time [min],0.03,10.8,3.88,147.28,38,10.770000000000001
2026-05-19T10:01:11.989567Z,TaxiAlgorithmP2PCollector,1,100,6,80,1,nearest,1,4,0,true,page-rank,page-rank,RUSH_HOUR,7,116264432,Client Travel Time [min],25.0,813.0,305.79,24463.0,80,788.0
2026-05-19T10:01:11.989567Z,TaxiAlgorithmP2PCollector,1,100,6,80,1,nearest,1,4,0,true,page-rank,page-rank,RUSH_HOUR,7,116264432,Calculation Time [millis],0.0,0.0,0.01,39.0,3967,0.0
2026-05-19T10:01:11.989567Z,TaxiAlgorithmP2PCollector,1,100,6,80,1,nearest,1,4,0,true,page-rank,page-rank,RUSH_HOUR,7,116264432,Custom Time [micros],0.0,0.0,0.0,0.0,3967,0.0
2026-05-19T10:01:12.097566700Z,TaxiAlgorithmP2PCollector,1,100,6,80,1,nearest,1,4,0,true,page-rank,page-rank,RUSH_HOUR,8,116264433,Taxi Travel Distance [km],1.65,10.32,4.86,29.15,6,8.67
2026-05-19T10:01:12.097566700Z,TaxiAlgorithmP2PCollector,1,100,6,80,1,nearest,1,4,0,true,page-rank,page-rank,RUSH_HOUR,8,116264433,Client Waiting Time [min],0.07,9.63,3.71,144.77,39,9.56
2026-05-19T10:01:12.097566700Z,TaxiAlgorithmP2PCollector,1,100,6,80,1,nearest,1,4,0,true,page-rank,page-rank,RUSH_HOUR,8,116264433,Client Travel Time [min],8.0,917.0,341.88,27350.0,80,909.0
2026-05-19T10:01:12.097566700Z,TaxiAlgorithmP2PCollector,1,100,6,80,1,nearest,1,4,0,true,page-rank,page-rank,RUSH_HOUR,8,116264433,Calculation Time [millis],0.0,1.0,0.01,44.0,4478,1.0
2026-05-19T10:01:12.097566700Z,TaxiAlgorithmP2PCollector,1,100,6,80,1,nearest,1,4,0,true,page-rank,page-rank,RUSH_HOUR,8,116264433,Custom Time [micros],0.0,0.0,0.0,0.0,4478,0.0
2026-05-19T10:01:12.207565500Z,TaxiAlgorithmP2PCollector,1,100,6,80,1,nearest,1,4,0,true,page-rank,page-rank,RUSH_HOUR,9,116264434,Taxi Travel Distance [km],0.48,7.68,3.14,18.86,6,7.199999999999999
2026-05-19T10:01:12.207565500Z,TaxiAlgorithmP2PCollector,1,100,6,80,1,nearest,1,4,0,true,page-rank,page-rank,RUSH_HOUR,9,116264434,Client Waiting Time [min],0.08,12.82,3.45,103.48,30,12.74
2026-05-19T10:01:12.207565500Z,TaxiAlgorithmP2PCollector,1,100,6,80,1,nearest,1,4,0,true,page-rank,page-rank,RUSH_HOUR,9,116264434,Client Travel Time [min],20.0,869.0,330.38,26430.0,80,849.0
2026-05-19T10:01:12.207565500Z,TaxiAlgorithmP2PCollector,1,100,6,80,1,nearest,1,4,0,true,page-rank,page-rank,RUSH_HOUR,9,116264434,Calculation Time [millis],0.0,0.0,0.01,43.0,4716,0.0
2026-05-19T10:01:12.207565500Z,TaxiAlgorithmP2PCollector,1,100,6,80,1,nearest,1,4,0,true,page-rank,page-rank,RUSH_HOUR,9,116264434,Custom Time [micros],0.0,0.0,0.0,0.0,4716,0.0
2026-05-19T10:01:12.315319600Z,TaxiAlgorithmP2PCollector,1,100,6,80,1,nearest,1,4,0,true,page-rank,page-rank,RUSH_HOUR,10,116264435,Taxi Travel Distance [km],1.75,6.19,4.52,27.09,6,4.44
2026-05-19T10:01:12.315319600Z,TaxiAlgorithmP2PCollector,1,100,6,80,1,nearest,1,4,0,true,page-rank,page-rank,RUSH_HOUR,10,116264435,Client Waiting Time [min],0.05,9.37,3.23,148.42,46,9.319999999999999
2026-05-19T10:01:12.315319600Z,TaxiAlgorithmP2PCollector,1,100,6,80,1,nearest,1,4,0,true,page-rank,page-rank,RUSH_HOUR,10,116264435,Client Travel Time [min],6.0,823.0,261.1,20888.0,80,817.0
2026-05-19T10:01:12.315319600Z,TaxiAlgorithmP2PCollector,1,100,6,80,1,nearest,1,4,0,true,page-rank,page-rank,RUSH_HOUR,10,116264435,Calculation Time [millis],0.0,1.0,0.01,44.0,3952,1.0
2026-05-19T10:01:12.315319600Z,TaxiAlgorithmP2PCollector,1,100,6,80,1,nearest,1,4,0,true,page-rank,page-rank,RUSH_HOUR,10,116264435,Custom Time [micros],0.0,0.0,0.0,0.0,3952,0.0
2026-05-19T10:01:12.439318900Z,TaxiAlgorithmP2PCollector,1,100,6,80,1,nearest,1,4,0,true,page-rank,page-rank,SPATIAL_IMBALANCE,1,116264426,Taxi Travel Distance [km],1.04,14.61,7.37,44.21,6,13.57
2026-05-19T10:01:12.439318900Z,TaxiAlgorithmP2PCollector,1,100,6,80,1,nearest,1,4,0,true,page-rank,page-rank,SPATIAL_IMBALANCE,1,116264426,Client Waiting Time [min],0.05,8.27,1.43,88.97,62,8.219999999999999
2026-05-19T10:01:12.439318900Z,TaxiAlgorithmP2PCollector,1,100,6,80,1,nearest,1,4,0,true,page-rank,page-rank,SPATIAL_IMBALANCE,1,116264426,Client Travel Time [min],6.0,800.0,169.11,13529.0,80,794.0
2026-05-19T10:01:12.439318900Z,TaxiAlgorithmP2PCollector,1,100,6,80,1,nearest,1,4,0,true,page-rank,page-rank,SPATIAL_IMBALANCE,1,116264426,Calculation Time [millis],0.0,0.0,0.01,44.0,3991,0.0
2026-05-19T10:01:12.439318900Z,TaxiAlgorithmP2PCollector,1,100,6,80,1,nearest,1,4,0,true,page-rank,page-rank,SPATIAL_IMBALANCE,1,116264426,Custom Time [micros],0.0,0.0,0.0,0.0,3991,0.0
2026-05-19T10:01:12.563317600Z,TaxiAlgorithmP2PCollector,1,100,6,80,1,nearest,1,4,0,true,page-rank,page-rank,SPATIAL_IMBALANCE,2,116264427,Taxi Travel Distance [km],1.3,12.59,5.59,33.55,6,11.29
2026-05-19T10:01:12.563317600Z,TaxiAlgorithmP2PCollector,1,100,6,80,1,nearest,1,4,0,true,page-rank,page-rank,SPATIAL_IMBALANCE,2,116264427,Client Waiting Time [min],0.03,11.48,1.63,76.83,47,11.450000000000001
2026-05-19T10:01:12.563317600Z,TaxiAlgorithmP2PCollector,1,100,6,80,1,nearest,1,4,0,true,page-rank,page-rank,SPATIAL_IMBALANCE,2,116264427,Client Travel Time [min],8.0,703.0,195.8,15664.0,80,695.0
2026-05-19T10:01:12.563317600Z,TaxiAlgorithmP2PCollector,1,100,6,80,1,nearest,1,4,0,true,page-rank,page-rank,SPATIAL_IMBALANCE,2,116264427,Calculation Time [millis],0.0,0.0,0.01,45.0,4017,0.0
2026-05-19T10:01:12.563317600Z,TaxiAlgorithmP2PCollector,1,100,6,80,1,nearest,1,4,0,true,page-rank,page-rank,SPATIAL_IMBALANCE,2,116264427,Custom Time [micros],0.0,0.0,0.0,0.0,4017,0.0
2026-05-19T10:01:12.689317900Z,TaxiAlgorithmP2PCollector,1,100,6,80,1,nearest,1,4,0,true,page-rank,page-rank,SPATIAL_IMBALANCE,3,116264428,Taxi Travel Distance [km],0.93,15.54,7.77,46.6,6,14.61
2026-05-19T10:01:12.689317900Z,TaxiAlgorithmP2PCollector,1,100,6,80,1,nearest,1,4,0,true,page-rank,page-rank,SPATIAL_IMBALANCE,3,116264428,Client Waiting Time [min],0.03,8.08,1.55,86.72,56,8.05
2026-05-19T10:01:12.689317900Z,TaxiAlgorithmP2PCollector,1,100,6,80,1,nearest,1,4,0,true,page-rank,page-rank,SPATIAL_IMBALANCE,3,116264428,Client Travel Time [min],10.0,975.0,214.71,17177.0,80,965.0
2026-05-19T10:01:12.689317900Z,TaxiAlgorithmP2PCollector,1,100,6,80,1,nearest,1,4,0,true,page-rank,page-rank,SPATIAL_IMBALANCE,3,116264428,Calculation Time [millis],0.0,2.0,0.01,49.0,4054,2.0
2026-05-19T10:01:12.689317900Z,TaxiAlgorithmP2PCollector,1,100,6,80,1,nearest,1,4,0,true,page-rank,page-rank,SPATIAL_IMBALANCE,3,116264428,Custom Time [micros],0.0,0.0,0.0,0.0,4054,0.0
2026-05-19T10:01:12.812318500Z,TaxiAlgorithmP2PCollector,1,100,6,80,1,nearest,1,4,0,true,page-rank,page-rank,SPATIAL_IMBALANCE,4,116264429,Taxi Travel Distance [km],3.36,13.43,6.75,40.51,6,10.07
2026-05-19T10:01:12.812318500Z,TaxiAlgorithmP2PCollector,1,100,6,80,1,nearest,1,4,0,true,page-rank,page-rank,SPATIAL_IMBALANCE,4,116264429,Client Waiting Time [min],0.03,10.37,1.27,69.58,55,10.34
2026-05-19T10:01:12.812318500Z,TaxiAlgorithmP2PCollector,1,100,6,80,1,nearest,1,4,0,true,page-rank,page-rank,SPATIAL_IMBALANCE,4,116264429,Client Travel Time [min],10.0,768.0,183.14,14651.0,80,758.0
2026-05-19T10:01:12.812318500Z,TaxiAlgorithmP2PCollector,1,100,6,80,1,nearest,1,4,0,true,page-rank,page-rank,SPATIAL_IMBALANCE,4,116264429,Calculation Time [millis],0.0,0.0,0.01,50.0,4389,0.0
2026-05-19T10:01:12.812318500Z,TaxiAlgorithmP2PCollector,1,100,6,80,1,nearest,1,4,0,true,page-rank,page-rank,SPATIAL_IMBALANCE,4,116264429,Custom Time [micros],0.0,0.0,0.0,0.0,4389,0.0
2026-05-19T10:01:12.923321100Z,TaxiAlgorithmP2PCollector,1,100,6,80,1,nearest,1,4,0,true,page-rank,page-rank,SPATIAL_IMBALANCE,5,116264430,Taxi Travel Distance [km],0.52,17.78,6.87,41.21,6,17.26
2026-05-19T10:01:12.923321100Z,TaxiAlgorithmP2PCollector,1,100,6,80,1,nearest,1,4,0,true,page-rank,page-rank,SPATIAL_IMBALANCE,5,116264430,Client Waiting Time [min],0.05,8.82,1.56,87.12,56,8.77
2026-05-19T10:01:12.923321100Z,TaxiAlgorithmP2PCollector,1,100,6,80,1,nearest,1,4,0,true,page-rank,page-rank,SPATIAL_IMBALANCE,5,116264430,Client Travel Time [min],8.0,805.0,182.48,14598.0,80,797.0
2026-05-19T10:01:12.923321100Z,TaxiAlgorithmP2PCollector,1,100,6,80,1,nearest,1,4,0,true,page-rank,page-rank,SPATIAL_IMBALANCE,5,116264430,Calculation Time [millis],0.0,1.0,0.01,43.0,4116,1.0
2026-05-19T10:01:12.923321100Z,TaxiAlgorithmP2PCollector,1,100,6,80,1,nearest,1,4,0,true,page-rank,page-rank,SPATIAL_IMBALANCE,5,116264430,Custom Time [micros],0.0,0.0,0.0,0.0,4116,0.0
2026-05-19T10:01:13.046321400Z,TaxiAlgorithmP2PCollector,1,100,6,80,1,nearest,1,4,0,true,page-rank,page-rank,SPATIAL_IMBALANCE,6,116264431,Taxi Travel Distance [km],1.75,15.02,6.38,38.28,6,13.27
2026-05-19T10:01:13.046321400Z,TaxiAlgorithmP2PCollector,1,100,6,80,1,nearest,1,4,0,true,page-rank,page-rank,SPATIAL_IMBALANCE,6,116264431,Client Waiting Time [min],0.05,9.7,2.16,110.38,51,9.649999999999999
2026-05-19T10:01:13.046321400Z,TaxiAlgorithmP2PCollector,1,100,6,80,1,nearest,1,4,0,true,page-rank,page-rank,SPATIAL_IMBALANCE,6,116264431,Client Travel Time [min],10.0,761.0,213.56,17085.0,80,751.0
2026-05-19T10:01:13.046321400Z,TaxiAlgorithmP2PCollector,1,100,6,80,1,nearest,1,4,0,true,page-rank,page-rank,SPATIAL_IMBALANCE,6,116264431,Calculation Time [millis],0.0,0.0,0.01,41.0,4181,0.0
2026-05-19T10:01:13.046321400Z,TaxiAlgorithmP2PCollector,1,100,6,80,1,nearest,1,4,0,true,page-rank,page-rank,SPATIAL_IMBALANCE,6,116264431,Custom Time [micros],0.0,0.0,0.0,0.0,4181,0.0
2026-05-19T10:01:13.155939900Z,TaxiAlgorithmP2PCollector,1,100,6,80,1,nearest,1,4,0,true,page-rank,page-rank,SPATIAL_IMBALANCE,7,116264432,Taxi Travel Distance [km],2.29,12.17,6.58,39.48,6,9.879999999999999
2026-05-19T10:01:13.155939900Z,TaxiAlgorithmP2PCollector,1,100,6,80,1,nearest,1,4,0,true,page-rank,page-rank,SPATIAL_IMBALANCE,7,116264432,Client Waiting Time [min],0.03,8.52,1.49,69.88,47,8.49
2026-05-19T10:01:13.155939900Z,TaxiAlgorithmP2PCollector,1,100,6,80,1,nearest,1,4,0,true,page-rank,page-rank,SPATIAL_IMBALANCE,7,116264432,Client Travel Time [min],9.0,949.0,224.59,17967.0,80,940.0
2026-05-19T10:01:13.155939900Z,TaxiAlgorithmP2PCollector,1,100,6,80,1,nearest,1,4,0,true,page-rank,page-rank,SPATIAL_IMBALANCE,7,116264432,Calculation Time [millis],0.0,0.0,0.01,41.0,4378,0.0
2026-05-19T10:01:13.155939900Z,TaxiAlgorithmP2PCollector,1,100,6,80,1,nearest,1,4,0,true,page-rank,page-rank,SPATIAL_IMBALANCE,7,116264432,Custom Time [micros],0.0,0.0,0.0,0.0,4378,0.0
2026-05-19T10:01:13.297940100Z,TaxiAlgorithmP2PCollector,1,100,6,80,1,nearest,1,4,0,true,page-rank,page-rank,SPATIAL_IMBALANCE,8,116264433,Taxi Travel Distance [km],0.99,16.82,7.79,46.74,6,15.83
2026-05-19T10:01:13.297940100Z,TaxiAlgorithmP2PCollector,1,100,6,80,1,nearest,1,4,0,true,page-rank,page-rank,SPATIAL_IMBALANCE,8,116264433,Client Waiting Time [min],0.03,7.37,1.71,94.23,55,7.34
2026-05-19T10:01:13.297940100Z,TaxiAlgorithmP2PCollector,1,100,6,80,1,nearest,1,4,0,true,page-rank,page-rank,SPATIAL_IMBALANCE,8,116264433,Client Travel Time [min],7.0,725.0,201.93,16154.0,80,718.0
2026-05-19T10:01:13.297940100Z,TaxiAlgorithmP2PCollector,1,100,6,80,1,nearest,1,4,0,true,page-rank,page-rank,SPATIAL_IMBALANCE,8,116264433,Calculation Time [millis],0.0,1.0,0.01,54.0,4683,1.0
2026-05-19T10:01:13.297940100Z,TaxiAlgorithmP2PCollector,1,100,6,80,1,nearest,1,4,0,true,page-rank,page-rank,SPATIAL_IMBALANCE,8,116264433,Custom Time [micros],0.0,0.0,0.0,0.0,4683,0.0
2026-05-19T10:01:13.423939400Z,TaxiAlgorithmP2PCollector,1,100,6,80,1,nearest,1,4,0,true,page-rank,page-rank,SPATIAL_IMBALANCE,9,116264434,Taxi Travel Distance [km],2.15,14.85,7.16,42.94,6,12.7
2026-05-19T10:01:13.423939400Z,TaxiAlgorithmP2PCollector,1,100,6,80,1,nearest,1,4,0,true,page-rank,page-rank,SPATIAL_IMBALANCE,9,116264434,Client Waiting Time [min],0.03,7.53,1.57,84.75,54,7.5
2026-05-19T10:01:13.423939400Z,TaxiAlgorithmP2PCollector,1,100,6,80,1,nearest,1,4,0,true,page-rank,page-rank,SPATIAL_IMBALANCE,9,116264434,Client Travel Time [min],14.0,605.0,160.34,12827.0,80,591.0
2026-05-19T10:01:13.423939400Z,TaxiAlgorithmP2PCollector,1,100,6,80,1,nearest,1,4,0,true,page-rank,page-rank,SPATIAL_IMBALANCE,9,116264434,Calculation Time [millis],0.0,0.0,0.01,46.0,4343,0.0
2026-05-19T10:01:13.423939400Z,TaxiAlgorithmP2PCollector,1,100,6,80,1,nearest,1,4,0,true,page-rank,page-rank,SPATIAL_IMBALANCE,9,116264434,Custom Time [micros],0.0,0.0,0.0,0.0,4343,0.0
2026-05-19T10:01:13.517937Z,TaxiAlgorithmP2PCollector,1,100,6,80,1,nearest,1,4,0,true,page-rank,page-rank,SPATIAL_IMBALANCE,10,116264435,Taxi Travel Distance [km],1.84,10.59,5.97,35.8,6,8.75
2026-05-19T10:01:13.517937Z,TaxiAlgorithmP2PCollector,1,100,6,80,1,nearest,1,4,0,true,page-rank,page-rank,SPATIAL_IMBALANCE,10,116264435,Client Waiting Time [min],0.05,8.08,1.33,67.93,51,8.03
2026-05-19T10:01:13.517937Z,TaxiAlgorithmP2PCollector,1,100,6,80,1,nearest,1,4,0,true,page-rank,page-rank,SPATIAL_IMBALANCE,10,116264435,Client Travel Time [min],9.0,910.0,190.99,15279.0,80,901.0
2026-05-19T10:01:13.517937Z,TaxiAlgorithmP2PCollector,1,100,6,80,1,nearest,1,4,0,true,page-rank,page-rank,SPATIAL_IMBALANCE,10,116264435,Calculation Time [millis],0.0,0.0,0.01,40.0,4036,0.0
2026-05-19T10:01:13.517937Z,TaxiAlgorithmP2PCollector,1,100,6,80,1,nearest,1,4,0,true,page-rank,page-rank,SPATIAL_IMBALANCE,10,116264435,Custom Time [micros],0.0,0.0,0.0,0.0,4036,0.0
2026-05-19T10:01:13.640938600Z,TaxiAlgorithmP2PCollector,1,100,6,80,1,nearest,1,4,0,true,page-rank,page-rank,SPATIAL_ISLANDS,1,116264426,Taxi Travel Distance [km],5.97,8.52,7.42,44.54,6,2.55
2026-05-19T10:01:13.640938600Z,TaxiAlgorithmP2PCollector,1,100,6,80,1,nearest,1,4,0,true,page-rank,page-rank,SPATIAL_ISLANDS,1,116264426,Client Waiting Time [min],0.03,8.78,0.88,53.38,61,8.75
2026-05-19T10:01:13.640938600Z,TaxiAlgorithmP2PCollector,1,100,6,80,1,nearest,1,4,0,true,page-rank,page-rank,SPATIAL_ISLANDS,1,116264426,Client Travel Time [min],8.0,713.0,151.0,12080.0,80,705.0
2026-05-19T10:01:13.640938600Z,TaxiAlgorithmP2PCollector,1,100,6,80,1,nearest,1,4,0,true,page-rank,page-rank,SPATIAL_ISLANDS,1,116264426,Calculation Time [millis],0.0,0.0,0.01,39.0,4270,0.0
2026-05-19T10:01:13.640938600Z,TaxiAlgorithmP2PCollector,1,100,6,80,1,nearest,1,4,0,true,page-rank,page-rank,SPATIAL_ISLANDS,1,116264426,Custom Time [micros],0.0,0.0,0.0,0.0,4270,0.0
2026-05-19T10:01:13.748937900Z,TaxiAlgorithmP2PCollector,1,100,6,80,1,nearest,1,4,0,true,page-rank,page-rank,SPATIAL_ISLANDS,2,116264427,Taxi Travel Distance [km],6.07,10.01,7.9,47.41,6,3.9399999999999995
2026-05-19T10:01:13.748937900Z,TaxiAlgorithmP2PCollector,1,100,6,80,1,nearest,1,4,0,true,page-rank,page-rank,SPATIAL_ISLANDS,2,116264427,Client Waiting Time [min],0.03,11.08,1.32,84.6,64,11.05
2026-05-19T10:01:13.748937900Z,TaxiAlgorithmP2PCollector,1,100,6,80,1,nearest,1,4,0,true,page-rank,page-rank,SPATIAL_ISLANDS,2,116264427,Client Travel Time [min],10.0,796.0,153.04,12243.0,80,786.0
2026-05-19T10:01:13.748937900Z,TaxiAlgorithmP2PCollector,1,100,6,80,1,nearest,1,4,0,true,page-rank,page-rank,SPATIAL_ISLANDS,2,116264427,Calculation Time [millis],0.0,0.0,0.01,39.0,4014,0.0
2026-05-19T10:01:13.748937900Z,TaxiAlgorithmP2PCollector,1,100,6,80,1,nearest,1,4,0,true,page-rank,page-rank,SPATIAL_ISLANDS,2,116264427,Custom Time [micros],0.0,0.0,0.0,0.0,4014,0.0
2026-05-19T10:01:13.887936400Z,TaxiAlgorithmP2PCollector,1,100,6,80,1,nearest,1,4,0,true,page-rank,page-rank,SPATIAL_ISLANDS,3,116264428,Taxi Travel Distance [km],5.87,13.24,8.74,52.44,6,7.37
2026-05-19T10:01:13.887936400Z,TaxiAlgorithmP2PCollector,1,100,6,80,1,nearest,1,4,0,true,page-rank,page-rank,SPATIAL_ISLANDS,3,116264428,Client Waiting Time [min],0.03,9.87,0.79,50.47,64,9.84
2026-05-19T10:01:13.887936400Z,TaxiAlgorithmP2PCollector,1,100,6,80,1,nearest,1,4,0,true,page-rank,page-rank,SPATIAL_ISLANDS,3,116264428,Client Travel Time [min],10.0,676.0,134.78,10782.0,80,666.0
2026-05-19T10:01:13.887936400Z,TaxiAlgorithmP2PCollector,1,100,6,80,1,nearest,1,4,0,true,page-rank,page-rank,SPATIAL_ISLANDS,3,116264428,Calculation Time [millis],0.0,1.0,0.01,52.0,4287,1.0
2026-05-19T10:01:13.887936400Z,TaxiAlgorithmP2PCollector,1,100,6,80,1,nearest,1,4,0,true,page-rank,page-rank,SPATIAL_ISLANDS,3,116264428,Custom Time [micros],0.0,0.0,0.0,0.0,4287,0.0
2026-05-19T10:01:13.994937800Z,TaxiAlgorithmP2PCollector,1,100,6,80,1,nearest,1,4,0,true,page-rank,page-rank,SPATIAL_ISLANDS,4,116264429,Taxi Travel Distance [km],6.37,13.33,8.27,49.6,6,6.96
2026-05-19T10:01:13.994937800Z,TaxiAlgorithmP2PCollector,1,100,6,80,1,nearest,1,4,0,true,page-rank,page-rank,SPATIAL_ISLANDS,4,116264429,Client Waiting Time [min],0.03,6.58,1.06,64.85,61,6.55
2026-05-19T10:01:13.994937800Z,TaxiAlgorithmP2PCollector,1,100,6,80,1,nearest,1,4,0,true,page-rank,page-rank,SPATIAL_ISLANDS,4,116264429,Client Travel Time [min],7.0,712.0,146.68,11734.0,80,705.0
2026-05-19T10:01:13.994937800Z,TaxiAlgorithmP2PCollector,1,100,6,80,1,nearest,1,4,0,true,page-rank,page-rank,SPATIAL_ISLANDS,4,116264429,Calculation Time [millis],0.0,0.0,0.01,45.0,4197,0.0
2026-05-19T10:01:13.994937800Z,TaxiAlgorithmP2PCollector,1,100,6,80,1,nearest,1,4,0,true,page-rank,page-rank,SPATIAL_ISLANDS,4,116264429,Custom Time [micros],0.0,0.0,0.0,0.0,4197,0.0
2026-05-19T10:01:14.102936900Z,TaxiAlgorithmP2PCollector,1,100,6,80,1,nearest,1,4,0,true,page-rank,page-rank,SPATIAL_ISLANDS,5,116264430,Taxi Travel Distance [km],2.92,10.43,7.4,44.42,6,7.51
2026-05-19T10:01:14.102936900Z,TaxiAlgorithmP2PCollector,1,100,6,80,1,nearest,1,4,0,true,page-rank,page-rank,SPATIAL_ISLANDS,5,116264430,Client Waiting Time [min],0.03,10.45,1.59,100.23,63,10.42
2026-05-19T10:01:14.102936900Z,TaxiAlgorithmP2PCollector,1,100,6,80,1,nearest,1,4,0,true,page-rank,page-rank,SPATIAL_ISLANDS,5,116264430,Client Travel Time [min],8.0,767.0,165.65,13252.0,80,759.0
2026-05-19T10:01:14.102936900Z,TaxiAlgorithmP2PCollector,1,100,6,80,1,nearest,1,4,0,true,page-rank,page-rank,SPATIAL_ISLANDS,5,116264430,Calculation Time [millis],0.0,0.0,0.01,41.0,4362,0.0
2026-05-19T10:01:14.102936900Z,TaxiAlgorithmP2PCollector,1,100,6,80,1,nearest,1,4,0,true,page-rank,page-rank,SPATIAL_ISLANDS,5,116264430,Custom Time [micros],0.0,0.0,0.0,0.0,4362,0.0
2026-05-19T10:01:14.225942200Z,TaxiAlgorithmP2PCollector,1,100,6,80,1,nearest,1,4,0,true,page-rank,page-rank,SPATIAL_ISLANDS,6,116264431,Taxi Travel Distance [km],4.24,14.4,6.97,41.82,6,10.16
2026-05-19T10:01:14.225942200Z,TaxiAlgorithmP2PCollector,1,100,6,80,1,nearest,1,4,0,true,page-rank,page-rank,SPATIAL_ISLANDS,6,116264431,Client Waiting Time [min],0.03,9.52,0.77,39.95,52,9.49
2026-05-19T10:01:14.225942200Z,TaxiAlgorithmP2PCollector,1,100,6,80,1,nearest,1,4,0,true,page-rank,page-rank,SPATIAL_ISLANDS,6,116264431,Client Travel Time [min],5.0,740.0,179.1,14328.0,80,735.0
2026-05-19T10:01:14.225942200Z,TaxiAlgorithmP2PCollector,1,100,6,80,1,nearest,1,4,0,true,page-rank,page-rank,SPATIAL_ISLANDS,6,116264431,Calculation Time [millis],0.0,1.0,0.01,44.0,4388,1.0
2026-05-19T10:01:14.225942200Z,TaxiAlgorithmP2PCollector,1,100,6,80,1,nearest,1,4,0,true,page-rank,page-rank,SPATIAL_ISLANDS,6,116264431,Custom Time [micros],0.0,0.0,0.0,0.0,4388,0.0
2026-05-19T10:01:14.365233400Z,TaxiAlgorithmP2PCollector,1,100,6,80,1,nearest,1,4,0,true,page-rank,page-rank,SPATIAL_ISLANDS,7,116264432,Taxi Travel Distance [km],2.04,10.42,6.7,40.22,6,8.379999999999999
2026-05-19T10:01:14.365233400Z,TaxiAlgorithmP2PCollector,1,100,6,80,1,nearest,1,4,0,true,page-rank,page-rank,SPATIAL_ISLANDS,7,116264432,Client Waiting Time [min],0.03,9.27,1.35,72.88,54,9.24
2026-05-19T10:01:14.365233400Z,TaxiAlgorithmP2PCollector,1,100,6,80,1,nearest,1,4,0,true,page-rank,page-rank,SPATIAL_ISLANDS,7,116264432,Client Travel Time [min],6.0,891.0,200.95,16076.0,80,885.0
2026-05-19T10:01:14.365233400Z,TaxiAlgorithmP2PCollector,1,100,6,80,1,nearest,1,4,0,true,page-rank,page-rank,SPATIAL_ISLANDS,7,116264432,Calculation Time [millis],0.0,0.0,0.01,47.0,4602,0.0
2026-05-19T10:01:14.365233400Z,TaxiAlgorithmP2PCollector,1,100,6,80,1,nearest,1,4,0,true,page-rank,page-rank,SPATIAL_ISLANDS,7,116264432,Custom Time [micros],0.0,0.0,0.0,0.0,4602,0.0
2026-05-19T10:01:14.475234700Z,TaxiAlgorithmP2PCollector,1,100,6,80,1,nearest,1,4,0,true,page-rank,page-rank,SPATIAL_ISLANDS,8,116264433,Taxi Travel Distance [km],4.21,14.09,7.9,47.42,6,9.879999999999999
2026-05-19T10:01:14.475234700Z,TaxiAlgorithmP2PCollector,1,100,6,80,1,nearest,1,4,0,true,page-rank,page-rank,SPATIAL_ISLANDS,8,116264433,Client Waiting Time [min],0.03,11.37,1.34,83.38,62,11.34
2026-05-19T10:01:14.475234700Z,TaxiAlgorithmP2PCollector,1,100,6,80,1,nearest,1,4,0,true,page-rank,page-rank,SPATIAL_ISLANDS,8,116264433,Client Travel Time [min],8.0,836.0,186.64,14931.0,80,828.0
2026-05-19T10:01:14.475234700Z,TaxiAlgorithmP2PCollector,1,100,6,80,1,nearest,1,4,0,true,page-rank,page-rank,SPATIAL_ISLANDS,8,116264433,Calculation Time [millis],0.0,0.0,0.01,42.0,4076,0.0
2026-05-19T10:01:14.475234700Z,TaxiAlgorithmP2PCollector,1,100,6,80,1,nearest,1,4,0,true,page-rank,page-rank,SPATIAL_ISLANDS,8,116264433,Custom Time [micros],0.0,0.0,0.0,0.0,4076,0.0
2026-05-19T10:01:14.583231800Z,TaxiAlgorithmP2PCollector,1,100,6,80,1,nearest,1,4,0,true,page-rank,page-rank,SPATIAL_ISLANDS,9,116264434,Taxi Travel Distance [km],4.09,12.63,7.4,44.42,6,8.540000000000001
2026-05-19T10:01:14.583231800Z,TaxiAlgorithmP2PCollector,1,100,6,80,1,nearest,1,4,0,true,page-rank,page-rank,SPATIAL_ISLANDS,9,116264434,Client Waiting Time [min],0.03,9.52,0.92,56.37,61,9.49
2026-05-19T10:01:14.583231800Z,TaxiAlgorithmP2PCollector,1,100,6,80,1,nearest,1,4,0,true,page-rank,page-rank,SPATIAL_ISLANDS,9,116264434,Client Travel Time [min],6.0,912.0,179.61,14369.0,80,906.0
2026-05-19T10:01:14.583231800Z,TaxiAlgorithmP2PCollector,1,100,6,80,1,nearest,1,4,0,true,page-rank,page-rank,SPATIAL_ISLANDS,9,116264434,Calculation Time [millis],0.0,0.0,0.01,48.0,4517,0.0
2026-05-19T10:01:14.583231800Z,TaxiAlgorithmP2PCollector,1,100,6,80,1,nearest,1,4,0,true,page-rank,page-rank,SPATIAL_ISLANDS,9,116264434,Custom Time [micros],0.0,0.0,0.0,0.0,4517,0.0
2026-05-19T10:01:14.723233Z,TaxiAlgorithmP2PCollector,1,100,6,80,1,nearest,1,4,0,true,page-rank,page-rank,SPATIAL_ISLANDS,10,116264435,Taxi Travel Distance [km],4.13,11.72,8.04,48.23,6,7.590000000000001
2026-05-19T10:01:14.723233Z,TaxiAlgorithmP2PCollector,1,100,6,80,1,nearest,1,4,0,true,page-rank,page-rank,SPATIAL_ISLANDS,10,116264435,Client Waiting Time [min],0.03,7.65,0.6,36.23,60,7.62
2026-05-19T10:01:14.723233Z,TaxiAlgorithmP2PCollector,1,100,6,80,1,nearest,1,4,0,true,page-rank,page-rank,SPATIAL_ISLANDS,10,116264435,Client Travel Time [min],6.0,637.0,134.86,10789.0,80,631.0
2026-05-19T10:01:14.723233Z,TaxiAlgorithmP2PCollector,1,100,6,80,1,nearest,1,4,0,true,page-rank,page-rank,SPATIAL_ISLANDS,10,116264435,Calculation Time [millis],0.0,0.0,0.01,46.0,4523,0.0
2026-05-19T10:01:14.723233Z,TaxiAlgorithmP2PCollector,1,100,6,80,1,nearest,1,4,0,true,page-rank,page-rank,SPATIAL_ISLANDS,10,116264435,Custom Time [micros],0.0,0.0,0.0,0.0,4523,0.0
2026-05-19T10:01:14.831231200Z,TaxiAlgorithmP2PCollector,1,100,6,80,1,nearest,1,4,1,false,none,none,BASELINE,1,116264426,Taxi Travel Distance [km],1.94,4.24,3.35,20.1,6,2.3000000000000003
2026-05-19T10:01:14.831231200Z,TaxiAlgorithmP2PCollector,1,100,6,80,1,nearest,1,4,1,false,none,none,BASELINE,1,116264426,Client Waiting Time [min],0.05,6.4,2.27,90.8,40,6.3500000000000005
2026-05-19T10:01:14.831231200Z,TaxiAlgorithmP2PCollector,1,100,6,80,1,nearest,1,4,1,false,none,none,BASELINE,1,116264426,Client Travel Time [min],18.0,765.0,259.01,20721.0,80,747.0
2026-05-19T10:01:14.831231200Z,TaxiAlgorithmP2PCollector,1,100,6,80,1,nearest,1,4,1,false,none,none,BASELINE,1,116264426,Calculation Time [millis],0.0,1.0,0.01,48.0,4724,1.0
2026-05-19T10:01:14.831231200Z,TaxiAlgorithmP2PCollector,1,100,6,80,1,nearest,1,4,1,false,none,none,BASELINE,1,116264426,Custom Time [micros],0.0,0.0,0.0,0.0,4724,0.0
2026-05-19T10:01:14.953233200Z,TaxiAlgorithmP2PCollector,1,100,6,80,1,nearest,1,4,1,false,none,none,BASELINE,2,116264427,Taxi Travel Distance [km],0.81,3.67,2.18,13.11,6,2.86
2026-05-19T10:01:14.953233200Z,TaxiAlgorithmP2PCollector,1,100,6,80,1,nearest,1,4,1,false,none,none,BASELINE,2,116264427,Client Waiting Time [min],0.03,14.0,3.95,134.2,34,13.97
2026-05-19T10:01:14.953233200Z,TaxiAlgorithmP2PCollector,1,100,6,80,1,nearest,1,4,1,false,none,none,BASELINE,2,116264427,Client Travel Time [min],13.0,865.0,301.0,24080.0,80,852.0
2026-05-19T10:01:14.953233200Z,TaxiAlgorithmP2PCollector,1,100,6,80,1,nearest,1,4,1,false,none,none,BASELINE,2,116264427,Calculation Time [millis],0.0,0.0,0.01,47.0,4746,0.0
2026-05-19T10:01:14.953233200Z,TaxiAlgorithmP2PCollector,1,100,6,80,1,nearest,1,4,1,false,none,none,BASELINE,2,116264427,Custom Time [micros],0.0,0.0,0.0,0.0,4746,0.0
2026-05-19T10:01:15.063231200Z,TaxiAlgorithmP2PCollector,1,100,6,80,1,nearest,1,4,1,false,none,none,BASELINE,3,116264428,Taxi Travel Distance [km],0.96,3.55,2.31,13.86,6,2.59
2026-05-19T10:01:15.063231200Z,TaxiAlgorithmP2PCollector,1,100,6,80,1,nearest,1,4,1,false,none,none,BASELINE,3,116264428,Client Waiting Time [min],0.05,12.18,4.03,121.0,30,12.129999999999999
2026-05-19T10:01:15.063231200Z,TaxiAlgorithmP2PCollector,1,100,6,80,1,nearest,1,4,1,false,none,none,BASELINE,3,116264428,Client Travel Time [min],17.0,908.0,371.53,29722.0,80,891.0
2026-05-19T10:01:15.063231200Z,TaxiAlgorithmP2PCollector,1,100,6,80,1,nearest,1,4,1,false,none,none,BASELINE,3,116264428,Calculation Time [millis],0.0,1.0,0.01,41.0,4487,1.0
2026-05-19T10:01:15.063231200Z,TaxiAlgorithmP2PCollector,1,100,6,80,1,nearest,1,4,1,false,none,none,BASELINE,3,116264428,Custom Time [micros],0.0,0.0,0.0,0.0,4487,0.0
2026-05-19T10:01:15.173234800Z,TaxiAlgorithmP2PCollector,1,100,6,80,1,nearest,1,4,1,false,none,none,BASELINE,4,116264429,Taxi Travel Distance [km],0.4,5.49,2.59,15.56,6,5.09
2026-05-19T10:01:15.173234800Z,TaxiAlgorithmP2PCollector,1,100,6,80,1,nearest,1,4,1,false,none,none,BASELINE,4,116264429,Client Waiting Time [min],0.05,12.53,2.63,89.43,34,12.479999999999999
2026-05-19T10:01:15.173234800Z,TaxiAlgorithmP2PCollector,1,100,6,80,1,nearest,1,4,1,false,none,none,BASELINE,4,116264429,Client Travel Time [min],12.0,881.0,337.89,27031.0,80,869.0
2026-05-19T10:01:15.173234800Z,TaxiAlgorithmP2PCollector,1,100,6,80,1,nearest,1,4,1,false,none,none,BASELINE,4,116264429,Calculation Time [millis],0.0,0.0,0.01,36.0,4328,0.0
2026-05-19T10:01:15.173234800Z,TaxiAlgorithmP2PCollector,1,100,6,80,1,nearest,1,4,1,false,none,none,BASELINE,4,116264429,Custom Time [micros],0.0,0.0,0.0,0.0,4328,0.0
2026-05-19T10:01:15.299235200Z,TaxiAlgorithmP2PCollector,1,100,6,80,1,nearest,1,4,1,false,none,none,BASELINE,5,116264430,Taxi Travel Distance [km],2.57,6.22,3.52,21.11,6,3.65
2026-05-19T10:01:15.299235200Z,TaxiAlgorithmP2PCollector,1,100,6,80,1,nearest,1,4,1,false,none,none,BASELINE,5,116264430,Client Waiting Time [min],0.05,11.65,3.34,143.82,43,11.6
2026-05-19T10:01:15.299235200Z,TaxiAlgorithmP2PCollector,1,100,6,80,1,nearest,1,4,1,false,none,none,BASELINE,5,116264430,Client Travel Time [min],12.0,820.0,296.78,23742.0,80,808.0
2026-05-19T10:01:15.299235200Z,TaxiAlgorithmP2PCollector,1,100,6,80,1,nearest,1,4,1,false,none,none,BASELINE,5,116264430,Calculation Time [millis],0.0,0.0,0.01,44.0,4360,0.0
2026-05-19T10:01:15.299235200Z,TaxiAlgorithmP2PCollector,1,100,6,80,1,nearest,1,4,1,false,none,none,BASELINE,5,116264430,Custom Time [micros],0.0,0.0,0.0,0.0,4360,0.0
2026-05-19T10:01:15.438761Z,TaxiAlgorithmP2PCollector,1,100,6,80,1,nearest,1,4,1,false,none,none,BASELINE,6,116264431,Taxi Travel Distance [km],0.89,5.77,3.37,20.2,6,4.88
2026-05-19T10:01:15.438761Z,TaxiAlgorithmP2PCollector,1,100,6,80,1,nearest,1,4,1,false,none,none,BASELINE,6,116264431,Client Waiting Time [min],0.03,7.53,1.64,58.9,36,7.5
2026-05-19T10:01:15.438761Z,TaxiAlgorithmP2PCollector,1,100,6,80,1,nearest,1,4,1,false,none,none,BASELINE,6,116264431,Client Travel Time [min],10.0,813.0,244.98,19598.0,80,803.0
2026-05-19T10:01:15.438761Z,TaxiAlgorithmP2PCollector,1,100,6,80,1,nearest,1,4,1,false,none,none,BASELINE,6,116264431,Calculation Time [millis],0.0,1.0,0.01,51.0,4286,1.0
2026-05-19T10:01:15.438761Z,TaxiAlgorithmP2PCollector,1,100,6,80,1,nearest,1,4,1,false,none,none,BASELINE,6,116264431,Custom Time [micros],0.0,0.0,0.0,0.0,4286,0.0
2026-05-19T10:01:15.547759500Z,TaxiAlgorithmP2PCollector,1,100,6,80,1,nearest,1,4,1,false,none,none,BASELINE,7,116264432,Taxi Travel Distance [km],1.41,5.04,2.93,17.57,6,3.63
2026-05-19T10:01:15.547759500Z,TaxiAlgorithmP2PCollector,1,100,6,80,1,nearest,1,4,1,false,none,none,BASELINE,7,116264432,Client Waiting Time [min],0.05,11.28,2.74,106.87,39,11.229999999999999
2026-05-19T10:01:15.547759500Z,TaxiAlgorithmP2PCollector,1,100,6,80,1,nearest,1,4,1,false,none,none,BASELINE,7,116264432,Client Travel Time [min],6.0,939.0,300.09,24007.0,80,933.0
2026-05-19T10:01:15.547759500Z,TaxiAlgorithmP2PCollector,1,100,6,80,1,nearest,1,4,1,false,none,none,BASELINE,7,116264432,Calculation Time [millis],0.0,0.0,0.01,37.0,4195,0.0
2026-05-19T10:01:15.547759500Z,TaxiAlgorithmP2PCollector,1,100,6,80,1,nearest,1,4,1,false,none,none,BASELINE,7,116264432,Custom Time [micros],0.0,0.0,0.0,0.0,4195,0.0
2026-05-19T10:01:15.673760Z,TaxiAlgorithmP2PCollector,1,100,6,80,1,nearest,1,4,1,false,none,none,BASELINE,8,116264433,Taxi Travel Distance [km],1.25,5.56,3.22,19.34,6,4.31
2026-05-19T10:01:15.673760Z,TaxiAlgorithmP2PCollector,1,100,6,80,1,nearest,1,4,1,false,none,none,BASELINE,8,116264433,Client Waiting Time [min],0.03,11.83,2.82,101.37,36,11.8
2026-05-19T10:01:15.673760Z,TaxiAlgorithmP2PCollector,1,100,6,80,1,nearest,1,4,1,false,none,none,BASELINE,8,116264433,Client Travel Time [min],14.0,907.0,327.06,26165.0,80,893.0
2026-05-19T10:01:15.673760Z,TaxiAlgorithmP2PCollector,1,100,6,80,1,nearest,1,4,1,false,none,none,BASELINE,8,116264433,Calculation Time [millis],0.0,0.0,0.01,44.0,4797,0.0
2026-05-19T10:01:15.673760Z,TaxiAlgorithmP2PCollector,1,100,6,80,1,nearest,1,4,1,false,none,none,BASELINE,8,116264433,Custom Time [micros],0.0,0.0,0.0,0.0,4797,0.0
2026-05-19T10:01:15.781758900Z,TaxiAlgorithmP2PCollector,1,100,6,80,1,nearest,1,4,1,false,none,none,BASELINE,9,116264434,Taxi Travel Distance [km],0.11,4.57,2.61,15.64,6,4.46
2026-05-19T10:01:15.781758900Z,TaxiAlgorithmP2PCollector,1,100,6,80,1,nearest,1,4,1,false,none,none,BASELINE,9,116264434,Client Waiting Time [min],0.05,13.73,3.61,122.9,34,13.68
2026-05-19T10:01:15.781758900Z,TaxiAlgorithmP2PCollector,1,100,6,80,1,nearest,1,4,1,false,none,none,BASELINE,9,116264434,Client Travel Time [min],15.0,864.0,330.96,26477.0,80,849.0
2026-05-19T10:01:15.781758900Z,TaxiAlgorithmP2PCollector,1,100,6,80,1,nearest,1,4,1,false,none,none,BASELINE,9,116264434,Calculation Time [millis],0.0,0.0,0.01,39.0,4621,0.0
2026-05-19T10:01:15.781758900Z,TaxiAlgorithmP2PCollector,1,100,6,80,1,nearest,1,4,1,false,none,none,BASELINE,9,116264434,Custom Time [micros],0.0,0.0,0.0,0.0,4621,0.0
2026-05-19T10:01:15.889759500Z,TaxiAlgorithmP2PCollector,1,100,6,80,1,nearest,1,4,1,false,none,none,BASELINE,10,116264435,Taxi Travel Distance [km],0.55,4.8,2.61,15.67,6,4.25
2026-05-19T10:01:15.889759500Z,TaxiAlgorithmP2PCollector,1,100,6,80,1,nearest,1,4,1,false,none,none,BASELINE,10,116264435,Client Waiting Time [min],0.05,12.8,3.54,116.73,33,12.75
2026-05-19T10:01:15.889759500Z,TaxiAlgorithmP2PCollector,1,100,6,80,1,nearest,1,4,1,false,none,none,BASELINE,10,116264435,Client Travel Time [min],13.0,934.0,328.86,26309.0,80,921.0
2026-05-19T10:01:15.889759500Z,TaxiAlgorithmP2PCollector,1,100,6,80,1,nearest,1,4,1,false,none,none,BASELINE,10,116264435,Calculation Time [millis],0.0,0.0,0.01,40.0,4478,0.0
2026-05-19T10:01:15.889759500Z,TaxiAlgorithmP2PCollector,1,100,6,80,1,nearest,1,4,1,false,none,none,BASELINE,10,116264435,Custom Time [micros],0.0,0.0,0.0,0.0,4478,0.0
2026-05-19T10:01:16.001758100Z,TaxiAlgorithmP2PCollector,1,100,6,80,1,nearest,1,4,1,false,none,none,RUSH_HOUR,1,116264426,Taxi Travel Distance [km],0.85,6.43,3.85,23.07,6,5.58
2026-05-19T10:01:16.001758100Z,TaxiAlgorithmP2PCollector,1,100,6,80,1,nearest,1,4,1,false,none,none,RUSH_HOUR,1,116264426,Client Waiting Time [min],0.05,11.72,2.67,136.1,51,11.67
2026-05-19T10:01:16.001758100Z,TaxiAlgorithmP2PCollector,1,100,6,80,1,nearest,1,4,1,false,none,none,RUSH_HOUR,1,116264426,Client Travel Time [min],6.0,865.0,265.71,21257.0,80,859.0
2026-05-19T10:01:16.001758100Z,TaxiAlgorithmP2PCollector,1,100,6,80,1,nearest,1,4,1,false,none,none,RUSH_HOUR,1,116264426,Calculation Time [millis],0.0,1.0,0.01,43.0,4232,1.0
2026-05-19T10:01:16.001758100Z,TaxiAlgorithmP2PCollector,1,100,6,80,1,nearest,1,4,1,false,none,none,RUSH_HOUR,1,116264426,Custom Time [micros],0.0,0.0,0.0,0.0,4232,0.0
2026-05-19T10:01:16.109760400Z,TaxiAlgorithmP2PCollector,1,100,6,80,1,nearest,1,4,1,false,none,none,RUSH_HOUR,2,116264427,Taxi Travel Distance [km],1.28,5.69,2.63,15.77,6,4.41
2026-05-19T10:01:16.109760400Z,TaxiAlgorithmP2PCollector,1,100,6,80,1,nearest,1,4,1,false,none,none,RUSH_HOUR,2,116264427,Client Waiting Time [min],0.07,12.63,2.81,92.8,33,12.56
2026-05-19T10:01:16.109760400Z,TaxiAlgorithmP2PCollector,1,100,6,80,1,nearest,1,4,1,false,none,none,RUSH_HOUR,2,116264427,Client Travel Time [min],9.0,966.0,306.61,24529.0,80,957.0
2026-05-19T10:01:16.109760400Z,TaxiAlgorithmP2PCollector,1,100,6,80,1,nearest,1,4,1,false,none,none,RUSH_HOUR,2,116264427,Calculation Time [millis],0.0,0.0,0.01,36.0,4012,0.0
2026-05-19T10:01:16.109760400Z,TaxiAlgorithmP2PCollector,1,100,6,80,1,nearest,1,4,1,false,none,none,RUSH_HOUR,2,116264427,Custom Time [micros],0.0,0.0,0.0,0.0,4012,0.0
2026-05-19T10:01:16.217759900Z,TaxiAlgorithmP2PCollector,1,100,6,80,1,nearest,1,4,1,false,none,none,RUSH_HOUR,3,116264428,Taxi Travel Distance [km],2.01,5.88,3.93,23.58,6,3.87
2026-05-19T10:01:16.217759900Z,TaxiAlgorithmP2PCollector,1,100,6,80,1,nearest,1,4,1,false,none,none,RUSH_HOUR,3,116264428,Client Waiting Time [min],0.03,12.45,3.2,147.13,46,12.42
2026-05-19T10:01:16.217759900Z,TaxiAlgorithmP2PCollector,1,100,6,80,1,nearest,1,4,1,false,none,none,RUSH_HOUR,3,116264428,Client Travel Time [min],12.0,951.0,304.84,24387.0,80,939.0
2026-05-19T10:01:16.217759900Z,TaxiAlgorithmP2PCollector,1,100,6,80,1,nearest,1,4,1,false,none,none,RUSH_HOUR,3,116264428,Calculation Time [millis],0.0,0.0,0.01,36.0,4251,0.0
2026-05-19T10:01:16.217759900Z,TaxiAlgorithmP2PCollector,1,100,6,80,1,nearest,1,4,1,false,none,none,RUSH_HOUR,3,116264428,Custom Time [micros],0.0,0.0,0.0,0.0,4251,0.0
2026-05-19T10:01:16.311757500Z,TaxiAlgorithmP2PCollector,1,100,6,80,1,nearest,1,4,1,false,none,none,RUSH_HOUR,4,116264429,Taxi Travel Distance [km],0.0,5.01,2.64,15.84,6,5.01
2026-05-19T10:01:16.311757500Z,TaxiAlgorithmP2PCollector,1,100,6,80,1,nearest,1,4,1,false,none,none,RUSH_HOUR,4,116264429,Client Waiting Time [min],0.03,14.02,3.36,120.88,36,13.99
2026-05-19T10:01:16.311757500Z,TaxiAlgorithmP2PCollector,1,100,6,80,1,nearest,1,4,1,false,none,none,RUSH_HOUR,4,116264429,Client Travel Time [min],9.0,843.0,322.0,25760.0,80,834.0
2026-05-19T10:01:16.311757500Z,TaxiAlgorithmP2PCollector,1,100,6,80,1,nearest,1,4,1,false,none,none,RUSH_HOUR,4,116264429,Calculation Time [millis],0.0,1.0,0.01,35.0,4066,1.0
2026-05-19T10:01:16.311757500Z,TaxiAlgorithmP2PCollector,1,100,6,80,1,nearest,1,4,1,false,none,none,RUSH_HOUR,4,116264429,Custom Time [micros],0.0,0.0,0.0,0.0,4066,0.0
2026-05-19T10:01:16.423761100Z,TaxiAlgorithmP2PCollector,1,100,6,80,1,nearest,1,4,1,false,none,none,RUSH_HOUR,5,116264430,Taxi Travel Distance [km],1.25,5.97,3.47,20.83,6,4.72
2026-05-19T10:01:16.423761100Z,TaxiAlgorithmP2PCollector,1,100,6,80,1,nearest,1,4,1,false,none,none,RUSH_HOUR,5,116264430,Client Waiting Time [min],0.05,11.37,3.49,153.52,44,11.319999999999999
2026-05-19T10:01:16.423761100Z,TaxiAlgorithmP2PCollector,1,100,6,80,1,nearest,1,4,1,false,none,none,RUSH_HOUR,5,116264430,Client Travel Time [min],16.0,866.0,310.16,24813.0,80,850.0
2026-05-19T10:01:16.423761100Z,TaxiAlgorithmP2PCollector,1,100,6,80,1,nearest,1,4,1,false,none,none,RUSH_HOUR,5,116264430,Calculation Time [millis],0.0,0.0,0.01,36.0,3915,0.0
2026-05-19T10:01:16.423761100Z,TaxiAlgorithmP2PCollector,1,100,6,80,1,nearest,1,4,1,false,none,none,RUSH_HOUR,5,116264430,Custom Time [micros],0.0,0.0,0.0,0.0,3915,0.0
2026-05-19T10:01:16.532758500Z,TaxiAlgorithmP2PCollector,1,100,6,80,1,nearest,1,4,1,false,none,none,RUSH_HOUR,6,116264431,Taxi Travel Distance [km],1.0,5.74,3.33,19.99,6,4.74
2026-05-19T10:01:16.532758500Z,TaxiAlgorithmP2PCollector,1,100,6,80,1,nearest,1,4,1,false,none,none,RUSH_HOUR,6,116264431,Client Waiting Time [min],0.03,12.85,2.38,97.55,41,12.82
2026-05-19T10:01:16.532758500Z,TaxiAlgorithmP2PCollector,1,100,6,80,1,nearest,1,4,1,false,none,none,RUSH_HOUR,6,116264431,Client Travel Time [min],5.0,829.0,298.1,23848.0,80,824.0
2026-05-19T10:01:16.532758500Z,TaxiAlgorithmP2PCollector,1,100,6,80,1,nearest,1,4,1,false,none,none,RUSH_HOUR,6,116264431,Calculation Time [millis],0.0,0.0,0.01,40.0,4333,0.0
2026-05-19T10:01:16.532758500Z,TaxiAlgorithmP2PCollector,1,100,6,80,1,nearest,1,4,1,false,none,none,RUSH_HOUR,6,116264431,Custom Time [micros],0.0,0.0,0.0,0.0,4333,0.0
2026-05-19T10:01:16.640762400Z,TaxiAlgorithmP2PCollector,1,100,6,80,1,nearest,1,4,1,false,none,none,RUSH_HOUR,7,116264432,Taxi Travel Distance [km],1.13,5.31,2.84,17.06,6,4.18
2026-05-19T10:01:16.640762400Z,TaxiAlgorithmP2PCollector,1,100,6,80,1,nearest,1,4,1,false,none,none,RUSH_HOUR,7,116264432,Client Waiting Time [min],0.07,9.68,2.78,83.28,30,9.61
2026-05-19T10:01:16.640762400Z,TaxiAlgorithmP2PCollector,1,100,6,80,1,nearest,1,4,1,false,none,none,RUSH_HOUR,7,116264432,Client Travel Time [min],22.0,850.0,314.38,25150.0,80,828.0
2026-05-19T10:01:16.640762400Z,TaxiAlgorithmP2PCollector,1,100,6,80,1,nearest,1,4,1,false,none,none,RUSH_HOUR,7,116264432,Calculation Time [millis],0.0,1.0,0.01,41.0,4182,1.0
2026-05-19T10:01:16.640762400Z,TaxiAlgorithmP2PCollector,1,100,6,80,1,nearest,1,4,1,false,none,none,RUSH_HOUR,7,116264432,Custom Time [micros],0.0,0.0,0.0,0.0,4182,0.0
2026-05-19T10:01:16.765758500Z,TaxiAlgorithmP2PCollector,1,100,6,80,1,nearest,1,4,1,false,none,none,RUSH_HOUR,8,116264433,Taxi Travel Distance [km],0.43,6.21,2.98,17.87,6,5.78
2026-05-19T10:01:16.765758500Z,TaxiAlgorithmP2PCollector,1,100,6,80,1,nearest,1,4,1,false,none,none,RUSH_HOUR,8,116264433,Client Waiting Time [min],0.05,13.25,3.69,154.88,42,13.2
2026-05-19T10:01:16.765758500Z,TaxiAlgorithmP2PCollector,1,100,6,80,1,nearest,1,4,1,false,none,none,RUSH_HOUR,8,116264433,Client Travel Time [min],9.0,892.0,342.39,27391.0,80,883.0
2026-05-19T10:01:16.765758500Z,TaxiAlgorithmP2PCollector,1,100,6,80,1,nearest,1,4,1,false,none,none,RUSH_HOUR,8,116264433,Calculation Time [millis],0.0,0.0,0.01,44.0,4395,0.0
2026-05-19T10:01:16.765758500Z,TaxiAlgorithmP2PCollector,1,100,6,80,1,nearest,1,4,1,false,none,none,RUSH_HOUR,8,116264433,Custom Time [micros],0.0,0.0,0.0,0.0,4395,0.0
2026-05-19T10:01:16.875756500Z,TaxiAlgorithmP2PCollector,1,100,6,80,1,nearest,1,4,1,false,none,none,RUSH_HOUR,9,116264434,Taxi Travel Distance [km],1.89,7.3,3.93,23.57,6,5.41
2026-05-19T10:01:16.875756500Z,TaxiAlgorithmP2PCollector,1,100,6,80,1,nearest,1,4,1,false,none,none,RUSH_HOUR,9,116264434,Client Waiting Time [min],0.03,10.62,1.83,87.83,48,10.59
2026-05-19T10:01:16.875756500Z,TaxiAlgorithmP2PCollector,1,100,6,80,1,nearest,1,4,1,false,none,none,RUSH_HOUR,9,116264434,Client Travel Time [min],10.0,867.0,227.69,18215.0,80,857.0
2026-05-19T10:01:16.875756500Z,TaxiAlgorithmP2PCollector,1,100,6,80,1,nearest,1,4,1,false,none,none,RUSH_HOUR,9,116264434,Calculation Time [millis],0.0,0.0,0.01,36.0,4134,0.0
2026-05-19T10:01:16.875756500Z,TaxiAlgorithmP2PCollector,1,100,6,80,1,nearest,1,4,1,false,none,none,RUSH_HOUR,9,116264434,Custom Time [micros],0.0,0.0,0.0,0.0,4134,0.0
2026-05-19T10:01:16.997759700Z,TaxiAlgorithmP2PCollector,1,100,6,80,1,nearest,1,4,1,false,none,none,RUSH_HOUR,10,116264435,Taxi Travel Distance [km],1.91,4.54,3.22,19.31,6,2.63
2026-05-19T10:01:16.997759700Z,TaxiAlgorithmP2PCollector,1,100,6,80,1,nearest,1,4,1,false,none,none,RUSH_HOUR,10,116264435,Client Waiting Time [min],0.05,11.55,2.49,102.02,41,11.5
2026-05-19T10:01:16.997759700Z,TaxiAlgorithmP2PCollector,1,100,6,80,1,nearest,1,4,1,false,none,none,RUSH_HOUR,10,116264435,Client Travel Time [min],8.0,777.0,253.71,20297.0,80,769.0
2026-05-19T10:01:16.997759700Z,TaxiAlgorithmP2PCollector,1,100,6,80,1,nearest,1,4,1,false,none,none,RUSH_HOUR,10,116264435,Calculation Time [millis],0.0,0.0,0.01,35.0,4234,0.0
2026-05-19T10:01:16.997759700Z,TaxiAlgorithmP2PCollector,1,100,6,80,1,nearest,1,4,1,false,none,none,RUSH_HOUR,10,116264435,Custom Time [micros],0.0,0.0,0.0,0.0,4234,0.0
2026-05-19T10:01:17.105758900Z,TaxiAlgorithmP2PCollector,1,100,6,80,1,nearest,1,4,1,false,none,none,SPATIAL_IMBALANCE,1,116264426,Taxi Travel Distance [km],0.17,2.22,1.52,9.14,6,2.0500000000000003
2026-05-19T10:01:17.105758900Z,TaxiAlgorithmP2PCollector,1,100,6,80,1,nearest,1,4,1,false,none,none,SPATIAL_IMBALANCE,1,116264426,Client Waiting Time [min],0.05,12.35,3.84,88.27,23,12.299999999999999
2026-05-19T10:01:17.105758900Z,TaxiAlgorithmP2PCollector,1,100,6,80,1,nearest,1,4,1,false,none,none,SPATIAL_IMBALANCE,1,116264426,Client Travel Time [min],19.0,765.0,328.9,26312.0,80,746.0
2026-05-19T10:01:17.105758900Z,TaxiAlgorithmP2PCollector,1,100,6,80,1,nearest,1,4,1,false,none,none,SPATIAL_IMBALANCE,1,116264426,Calculation Time [millis],0.0,0.0,0.01,38.0,4317,0.0
2026-05-19T10:01:17.105758900Z,TaxiAlgorithmP2PCollector,1,100,6,80,1,nearest,1,4,1,false,none,none,SPATIAL_IMBALANCE,1,116264426,Custom Time [micros],0.0,0.0,0.0,0.0,4317,0.0
2026-05-19T10:01:17.213760500Z,TaxiAlgorithmP2PCollector,1,100,6,80,1,nearest,1,4,1,false,none,none,SPATIAL_IMBALANCE,2,116264427,Taxi Travel Distance [km],0.36,1.84,1.06,6.37,6,1.48
2026-05-19T10:01:17.213760500Z,TaxiAlgorithmP2PCollector,1,100,6,80,1,nearest,1,4,1,false,none,none,SPATIAL_IMBALANCE,2,116264427,Client Waiting Time [min],0.05,7.57,3.75,67.43,18,7.5200000000000005
2026-05-19T10:01:17.213760500Z,TaxiAlgorithmP2PCollector,1,100,6,80,1,nearest,1,4,1,false,none,none,SPATIAL_IMBALANCE,2,116264427,Client Travel Time [min],10.0,748.0,312.25,24980.0,80,738.0
2026-05-19T10:01:17.213760500Z,TaxiAlgorithmP2PCollector,1,100,6,80,1,nearest,1,4,1,false,none,none,SPATIAL_IMBALANCE,2,116264427,Calculation Time [millis],0.0,1.0,0.01,39.0,4254,1.0
2026-05-19T10:01:17.213760500Z,TaxiAlgorithmP2PCollector,1,100,6,80,1,nearest,1,4,1,false,none,none,SPATIAL_IMBALANCE,2,116264427,Custom Time [micros],0.0,0.0,0.0,0.0,4254,0.0
2026-05-19T10:01:17.322759Z,TaxiAlgorithmP2PCollector,1,100,6,80,1,nearest,1,4,1,false,none,none,SPATIAL_IMBALANCE,3,116264428,Taxi Travel Distance [km],0.0,1.78,1.05,6.3,6,1.78
2026-05-19T10:01:17.322759Z,TaxiAlgorithmP2PCollector,1,100,6,80,1,nearest,1,4,1,false,none,none,SPATIAL_IMBALANCE,3,116264428,Client Waiting Time [min],0.05,15.67,5.7,108.3,19,15.62
2026-05-19T10:01:17.322759Z,TaxiAlgorithmP2PCollector,1,100,6,80,1,nearest,1,4,1,false,none,none,SPATIAL_IMBALANCE,3,116264428,Client Travel Time [min],15.0,942.0,409.6,32768.0,80,927.0
2026-05-19T10:01:17.322759Z,TaxiAlgorithmP2PCollector,1,100,6,80,1,nearest,1,4,1,false,none,none,SPATIAL_IMBALANCE,3,116264428,Calculation Time [millis],0.0,0.0,0.01,41.0,4343,0.0
2026-05-19T10:01:17.322759Z,TaxiAlgorithmP2PCollector,1,100,6,80,1,nearest,1,4,1,false,none,none,SPATIAL_IMBALANCE,3,116264428,Custom Time [micros],0.0,0.0,0.0,0.0,4343,0.0
2026-05-19T10:01:17.434758300Z,TaxiAlgorithmP2PCollector,1,100,6,80,1,nearest,1,4,1,false,none,none,SPATIAL_IMBALANCE,4,116264429,Taxi Travel Distance [km],0.16,2.78,1.07,6.41,6,2.6199999999999997
2026-05-19T10:01:17.434758300Z,TaxiAlgorithmP2PCollector,1,100,6,80,1,nearest,1,4,1,false,none,none,SPATIAL_IMBALANCE,4,116264429,Client Waiting Time [min],0.07,10.53,3.98,75.55,19,10.459999999999999
2026-05-19T10:01:17.434758300Z,TaxiAlgorithmP2PCollector,1,100,6,80,1,nearest,1,4,1,false,none,none,SPATIAL_IMBALANCE,4,116264429,Client Travel Time [min],20.0,877.0,334.06,26725.0,80,857.0
2026-05-19T10:01:17.434758300Z,TaxiAlgorithmP2PCollector,1,100,6,80,1,nearest,1,4,1,false,none,none,SPATIAL_IMBALANCE,4,116264429,Calculation Time [millis],0.0,0.0,0.01,37.0,4346,0.0
2026-05-19T10:01:17.434758300Z,TaxiAlgorithmP2PCollector,1,100,6,80,1,nearest,1,4,1,false,none,none,SPATIAL_IMBALANCE,4,116264429,Custom Time [micros],0.0,0.0,0.0,0.0,4346,0.0
2026-05-19T10:01:17.544756600Z,TaxiAlgorithmP2PCollector,1,100,6,80,1,nearest,1,4,1,false,none,none,SPATIAL_IMBALANCE,5,116264430,Taxi Travel Distance [km],0.36,3.2,1.53,9.19,6,2.8400000000000003
2026-05-19T10:01:17.544756600Z,TaxiAlgorithmP2PCollector,1,100,6,80,1,nearest,1,4,1,false,none,none,SPATIAL_IMBALANCE,5,116264430,Client Waiting Time [min],0.05,8.65,3.22,67.52,21,8.6
2026-05-19T10:01:17.544756600Z,TaxiAlgorithmP2PCollector,1,100,6,80,1,nearest,1,4,1,false,none,none,SPATIAL_IMBALANCE,5,116264430,Client Travel Time [min],9.0,712.0,316.13,25290.0,80,703.0
2026-05-19T10:01:17.544756600Z,TaxiAlgorithmP2PCollector,1,100,6,80,1,nearest,1,4,1,false,none,none,SPATIAL_IMBALANCE,5,116264430,Calculation Time [millis],0.0,1.0,0.01,36.0,4358,1.0
2026-05-19T10:01:17.544756600Z,TaxiAlgorithmP2PCollector,1,100,6,80,1,nearest,1,4,1,false,none,none,SPATIAL_IMBALANCE,5,116264430,Custom Time [micros],0.0,0.0,0.0,0.0,4358,0.0
2026-05-19T10:01:17.653760900Z,TaxiAlgorithmP2PCollector,1,100,6,80,1,nearest,1,4,1,false,none,none,SPATIAL_IMBALANCE,6,116264431,Taxi Travel Distance [km],0.4,1.48,0.97,5.8,6,1.08
2026-05-19T10:01:17.653760900Z,TaxiAlgorithmP2PCollector,1,100,6,80,1,nearest,1,4,1,false,none,none,SPATIAL_IMBALANCE,6,116264431,Client Waiting Time [min],0.08,8.47,3.11,49.7,16,8.39
2026-05-19T10:01:17.653760900Z,TaxiAlgorithmP2PCollector,1,100,6,80,1,nearest,1,4,1,false,none,none,SPATIAL_IMBALANCE,6,116264431,Client Travel Time [min],10.0,823.0,348.21,27857.0,80,813.0
2026-05-19T10:01:17.653760900Z,TaxiAlgorithmP2PCollector,1,100,6,80,1,nearest,1,4,1,false,none,none,SPATIAL_IMBALANCE,6,116264431,Calculation Time [millis],0.0,0.0,0.01,41.0,4297,0.0
2026-05-19T10:01:17.653760900Z,TaxiAlgorithmP2PCollector,1,100,6,80,1,nearest,1,4,1,false,none,none,SPATIAL_IMBALANCE,6,116264431,Custom Time [micros],0.0,0.0,0.0,0.0,4297,0.0
2026-05-19T10:01:17.761763900Z,TaxiAlgorithmP2PCollector,1,100,6,80,1,nearest,1,4,1,false,none,none,SPATIAL_IMBALANCE,7,116264432,Taxi Travel Distance [km],0.39,2.42,1.31,7.86,6,2.03
2026-05-19T10:01:17.761763900Z,TaxiAlgorithmP2PCollector,1,100,6,80,1,nearest,1,4,1,false,none,none,SPATIAL_IMBALANCE,7,116264432,Client Waiting Time [min],0.03,9.75,3.51,70.15,20,9.72
2026-05-19T10:01:17.761763900Z,TaxiAlgorithmP2PCollector,1,100,6,80,1,nearest,1,4,1,false,none,none,SPATIAL_IMBALANCE,7,116264432,Client Travel Time [min],13.0,877.0,335.26,26821.0,80,864.0
2026-05-19T10:01:17.761763900Z,TaxiAlgorithmP2PCollector,1,100,6,80,1,nearest,1,4,1,false,none,none,SPATIAL_IMBALANCE,7,116264432,Calculation Time [millis],0.0,0.0,0.01,35.0,4378,0.0
2026-05-19T10:01:17.761763900Z,TaxiAlgorithmP2PCollector,1,100,6,80,1,nearest,1,4,1,false,none,none,SPATIAL_IMBALANCE,7,116264432,Custom Time [micros],0.0,0.0,0.0,0.0,4378,0.0
2026-05-19T10:01:17.885758200Z,TaxiAlgorithmP2PCollector,1,100,6,80,1,nearest,1,4,1,false,none,none,SPATIAL_IMBALANCE,8,116264433,Taxi Travel Distance [km],0.58,3.81,1.79,10.76,6,3.23
2026-05-19T10:01:17.885758200Z,TaxiAlgorithmP2PCollector,1,100,6,80,1,nearest,1,4,1,false,none,none,SPATIAL_IMBALANCE,8,116264433,Client Waiting Time [min],0.05,12.47,3.92,117.53,30,12.42
2026-05-19T10:01:17.885758200Z,TaxiAlgorithmP2PCollector,1,100,6,80,1,nearest,1,4,1,false,none,none,SPATIAL_IMBALANCE,8,116264433,Client Travel Time [min],12.0,907.0,356.53,28522.0,80,895.0
2026-05-19T10:01:17.885758200Z,TaxiAlgorithmP2PCollector,1,100,6,80,1,nearest,1,4,1,false,none,none,SPATIAL_IMBALANCE,8,116264433,Calculation Time [millis],0.0,1.0,0.01,44.0,4415,1.0
2026-05-19T10:01:17.885758200Z,TaxiAlgorithmP2PCollector,1,100,6,80,1,nearest,1,4,1,false,none,none,SPATIAL_IMBALANCE,8,116264433,Custom Time [micros],0.0,0.0,0.0,0.0,4415,0.0
2026-05-19T10:01:17.996760900Z,TaxiAlgorithmP2PCollector,1,100,6,80,1,nearest,1,4,1,false,none,none,SPATIAL_IMBALANCE,9,116264434,Taxi Travel Distance [km],0.33,3.28,1.36,8.14,6,2.9499999999999997
2026-05-19T10:01:17.996760900Z,TaxiAlgorithmP2PCollector,1,100,6,80,1,nearest,1,4,1,false,none,none,SPATIAL_IMBALANCE,9,116264434,Client Waiting Time [min],0.05,10.83,3.96,99.03,25,10.78
2026-05-19T10:01:17.996760900Z,TaxiAlgorithmP2PCollector,1,100,6,80,1,nearest,1,4,1,false,none,none,SPATIAL_IMBALANCE,9,116264434,Client Travel Time [min],6.0,745.0,318.26,25461.0,80,739.0
2026-05-19T10:01:17.996760900Z,TaxiAlgorithmP2PCollector,1,100,6,80,1,nearest,1,4,1,false,none,none,SPATIAL_IMBALANCE,9,116264434,Calculation Time [millis],0.0,0.0,0.01,43.0,4343,0.0
2026-05-19T10:01:17.996760900Z,TaxiAlgorithmP2PCollector,1,100,6,80,1,nearest,1,4,1,false,none,none,SPATIAL_IMBALANCE,9,116264434,Custom Time [micros],0.0,0.0,0.0,0.0,4343,0.0
2026-05-19T10:01:18.104762300Z,TaxiAlgorithmP2PCollector,1,100,6,80,1,nearest,1,4,1,false,none,none,SPATIAL_IMBALANCE,10,116264435,Taxi Travel Distance [km],0.39,1.9,1.21,7.29,6,1.5099999999999998
2026-05-19T10:01:18.104762300Z,TaxiAlgorithmP2PCollector,1,100,6,80,1,nearest,1,4,1,false,none,none,SPATIAL_IMBALANCE,10,116264435,Client Waiting Time [min],0.07,7.57,3.33,69.92,21,7.5
2026-05-19T10:01:18.104762300Z,TaxiAlgorithmP2PCollector,1,100,6,80,1,nearest,1,4,1,false,none,none,SPATIAL_IMBALANCE,10,116264435,Client Travel Time [min],17.0,910.0,306.64,24531.0,80,893.0
2026-05-19T10:01:18.104762300Z,TaxiAlgorithmP2PCollector,1,100,6,80,1,nearest,1,4,1,false,none,none,SPATIAL_IMBALANCE,10,116264435,Calculation Time [millis],0.0,0.0,0.01,38.0,4230,0.0
2026-05-19T10:01:18.104762300Z,TaxiAlgorithmP2PCollector,1,100,6,80,1,nearest,1,4,1,false,none,none,SPATIAL_IMBALANCE,10,116264435,Custom Time [micros],0.0,0.0,0.0,0.0,4230,0.0
2026-05-19T10:01:18.227761400Z,TaxiAlgorithmP2PCollector,1,100,6,80,1,nearest,1,4,1,false,none,none,SPATIAL_ISLANDS,1,116264426,Taxi Travel Distance [km],0.16,2.96,1.39,8.36,6,2.8
2026-05-19T10:01:18.227761400Z,TaxiAlgorithmP2PCollector,1,100,6,80,1,nearest,1,4,1,false,none,none,SPATIAL_ISLANDS,1,116264426,Client Waiting Time [min],0.07,12.62,4.72,99.2,21,12.549999999999999
2026-05-19T10:01:18.227761400Z,TaxiAlgorithmP2PCollector,1,100,6,80,1,nearest,1,4,1,false,none,none,SPATIAL_ISLANDS,1,116264426,Client Travel Time [min],19.0,765.0,356.79,28543.0,80,746.0
2026-05-19T10:01:18.227761400Z,TaxiAlgorithmP2PCollector,1,100,6,80,1,nearest,1,4,1,false,none,none,SPATIAL_ISLANDS,1,116264426,Calculation Time [millis],0.0,0.0,0.01,38.0,4518,0.0
2026-05-19T10:01:18.227761400Z,TaxiAlgorithmP2PCollector,1,100,6,80,1,nearest,1,4,1,false,none,none,SPATIAL_ISLANDS,1,116264426,Custom Time [micros],0.0,0.0,0.0,0.0,4518,0.0
2026-05-19T10:01:18.336761400Z,TaxiAlgorithmP2PCollector,1,100,6,80,1,nearest,1,4,1,false,none,none,SPATIAL_ISLANDS,2,116264427,Taxi Travel Distance [km],0.63,4.08,2.13,12.78,6,3.45
2026-05-19T10:01:18.336761400Z,TaxiAlgorithmP2PCollector,1,100,6,80,1,nearest,1,4,1,false,none,none,SPATIAL_ISLANDS,2,116264427,Client Waiting Time [min],0.03,12.77,4.76,147.6,31,12.74
2026-05-19T10:01:18.336761400Z,TaxiAlgorithmP2PCollector,1,100,6,80,1,nearest,1,4,1,false,none,none,SPATIAL_ISLANDS,2,116264427,Client Travel Time [min],17.0,858.0,354.15,28332.0,80,841.0
2026-05-19T10:01:18.336761400Z,TaxiAlgorithmP2PCollector,1,100,6,80,1,nearest,1,4,1,false,none,none,SPATIAL_ISLANDS,2,116264427,Calculation Time [millis],0.0,0.0,0.01,45.0,4655,0.0
2026-05-19T10:01:18.336761400Z,TaxiAlgorithmP2PCollector,1,100,6,80,1,nearest,1,4,1,false,none,none,SPATIAL_ISLANDS,2,116264427,Custom Time [micros],0.0,0.0,0.0,0.0,4655,0.0
2026-05-19T10:01:18.445761200Z,TaxiAlgorithmP2PCollector,1,100,6,80,1,nearest,1,4,1,false,none,none,SPATIAL_ISLANDS,3,116264428,Taxi Travel Distance [km],0.0,1.64,0.93,5.59,6,1.64
2026-05-19T10:01:18.445761200Z,TaxiAlgorithmP2PCollector,1,100,6,80,1,nearest,1,4,1,false,none,none,SPATIAL_ISLANDS,3,116264428,Client Waiting Time [min],0.08,11.38,5.82,104.83,18,11.3
2026-05-19T10:01:18.445761200Z,TaxiAlgorithmP2PCollector,1,100,6,80,1,nearest,1,4,1,false,none,none,SPATIAL_ISLANDS,3,116264428,Client Travel Time [min],19.0,975.0,426.94,34155.0,80,956.0
2026-05-19T10:01:18.445761200Z,TaxiAlgorithmP2PCollector,1,100,6,80,1,nearest,1,4,1,false,none,none,SPATIAL_ISLANDS,3,116264428,Calculation Time [millis],0.0,1.0,0.01,40.0,4538,1.0
2026-05-19T10:01:18.445761200Z,TaxiAlgorithmP2PCollector,1,100,6,80,1,nearest,1,4,1,false,none,none,SPATIAL_ISLANDS,3,116264428,Custom Time [micros],0.0,0.0,0.0,0.0,4538,0.0
2026-05-19T10:01:18.554758700Z,TaxiAlgorithmP2PCollector,1,100,6,80,1,nearest,1,4,1,false,none,none,SPATIAL_ISLANDS,4,116264429,Taxi Travel Distance [km],0.46,3.33,1.42,8.52,6,2.87
2026-05-19T10:01:18.554758700Z,TaxiAlgorithmP2PCollector,1,100,6,80,1,nearest,1,4,1,false,none,none,SPATIAL_ISLANDS,4,116264429,Client Waiting Time [min],0.05,14.05,5.78,144.42,25,14.0
2026-05-19T10:01:18.554758700Z,TaxiAlgorithmP2PCollector,1,100,6,80,1,nearest,1,4,1,false,none,none,SPATIAL_ISLANDS,4,116264429,Client Travel Time [min],20.0,849.0,396.76,31741.0,80,829.0
2026-05-19T10:01:18.554758700Z,TaxiAlgorithmP2PCollector,1,100,6,80,1,nearest,1,4,1,false,none,none,SPATIAL_ISLANDS,4,116264429,Calculation Time [millis],0.0,0.0,0.01,39.0,4776,0.0
2026-05-19T10:01:18.554758700Z,TaxiAlgorithmP2PCollector,1,100,6,80,1,nearest,1,4,1,false,none,none,SPATIAL_ISLANDS,4,116264429,Custom Time [micros],0.0,0.0,0.0,0.0,4776,0.0
2026-05-19T10:01:18.662760200Z,TaxiAlgorithmP2PCollector,1,100,6,80,1,nearest,1,4,1,false,none,none,SPATIAL_ISLANDS,5,116264430,Taxi Travel Distance [km],0.48,2.22,1.33,7.95,6,1.7400000000000002
2026-05-19T10:01:18.662760200Z,TaxiAlgorithmP2PCollector,1,100,6,80,1,nearest,1,4,1,false,none,none,SPATIAL_ISLANDS,5,116264430,Client Waiting Time [min],0.07,12.87,3.36,73.9,22,12.799999999999999
2026-05-19T10:01:18.662760200Z,TaxiAlgorithmP2PCollector,1,100,6,80,1,nearest,1,4,1,false,none,none,SPATIAL_ISLANDS,5,116264430,Client Travel Time [min],11.0,798.0,370.98,29678.0,80,787.0
2026-05-19T10:01:18.662760200Z,TaxiAlgorithmP2PCollector,1,100,6,80,1,nearest,1,4,1,false,none,none,SPATIAL_ISLANDS,5,116264430,Calculation Time [millis],0.0,0.0,0.01,34.0,4392,0.0
2026-05-19T10:01:18.662760200Z,TaxiAlgorithmP2PCollector,1,100,6,80,1,nearest,1,4,1,false,none,none,SPATIAL_ISLANDS,5,116264430,Custom Time [micros],0.0,0.0,0.0,0.0,4392,0.0
2026-05-19T10:01:18.772758600Z,TaxiAlgorithmP2PCollector,1,100,6,80,1,nearest,1,4,1,false,none,none,SPATIAL_ISLANDS,6,116264431,Taxi Travel Distance [km],0.0,3.22,1.51,9.08,6,3.22
2026-05-19T10:01:18.772758600Z,TaxiAlgorithmP2PCollector,1,100,6,80,1,nearest,1,4,1,false,none,none,SPATIAL_ISLANDS,6,116264431,Client Waiting Time [min],0.05,10.35,4.13,99.22,24,10.299999999999999
2026-05-19T10:01:18.772758600Z,TaxiAlgorithmP2PCollector,1,100,6,80,1,nearest,1,4,1,false,none,none,SPATIAL_ISLANDS,6,116264431,Client Travel Time [min],9.0,788.0,373.98,29918.0,80,779.0
2026-05-19T10:01:18.772758600Z,TaxiAlgorithmP2PCollector,1,100,6,80,1,nearest,1,4,1,false,none,none,SPATIAL_ISLANDS,6,116264431,Calculation Time [millis],0.0,1.0,0.01,40.0,4451,1.0
2026-05-19T10:01:18.772758600Z,TaxiAlgorithmP2PCollector,1,100,6,80,1,nearest,1,4,1,false,none,none,SPATIAL_ISLANDS,6,116264431,Custom Time [micros],0.0,0.0,0.0,0.0,4451,0.0
2026-05-19T10:01:18.880758900Z,TaxiAlgorithmP2PCollector,1,100,6,80,1,nearest,1,4,1,false,none,none,SPATIAL_ISLANDS,7,116264432,Taxi Travel Distance [km],0.22,1.99,0.84,5.01,6,1.77
2026-05-19T10:01:18.880758900Z,TaxiAlgorithmP2PCollector,1,100,6,80,1,nearest,1,4,1,false,none,none,SPATIAL_ISLANDS,7,116264432,Client Waiting Time [min],0.05,9.32,4.38,56.98,13,9.27
2026-05-19T10:01:18.880758900Z,TaxiAlgorithmP2PCollector,1,100,6,80,1,nearest,1,4,1,false,none,none,SPATIAL_ISLANDS,7,116264432,Client Travel Time [min],33.0,814.0,405.6,32448.0,80,781.0
2026-05-19T10:01:18.880758900Z,TaxiAlgorithmP2PCollector,1,100,6,80,1,nearest,1,4,1,false,none,none,SPATIAL_ISLANDS,7,116264432,Calculation Time [millis],0.0,0.0,0.01,37.0,4651,0.0
2026-05-19T10:01:18.880758900Z,TaxiAlgorithmP2PCollector,1,100,6,80,1,nearest,1,4,1,false,none,none,SPATIAL_ISLANDS,7,116264432,Custom Time [micros],0.0,0.0,0.0,0.0,4651,0.0
2026-05-19T10:01:19.019758800Z,TaxiAlgorithmP2PCollector,1,100,6,80,1,nearest,1,4,1,false,none,none,SPATIAL_ISLANDS,8,116264433,Taxi Travel Distance [km],0.42,1.77,1.0,5.97,6,1.35
2026-05-19T10:01:19.019758800Z,TaxiAlgorithmP2PCollector,1,100,6,80,1,nearest,1,4,1,false,none,none,SPATIAL_ISLANDS,8,116264433,Client Waiting Time [min],0.08,12.53,6.12,116.37,19,12.45
2026-05-19T10:01:19.019758800Z,TaxiAlgorithmP2PCollector,1,100,6,80,1,nearest,1,4,1,false,none,none,SPATIAL_ISLANDS,8,116264433,Client Travel Time [min],12.0,836.0,447.6,35808.0,80,824.0
2026-05-19T10:01:19.019758800Z,TaxiAlgorithmP2PCollector,1,100,6,80,1,nearest,1,4,1,false,none,none,SPATIAL_ISLANDS,8,116264433,Calculation Time [millis],0.0,1.0,0.01,46.0,4633,1.0
2026-05-19T10:01:19.019758800Z,TaxiAlgorithmP2PCollector,1,100,6,80,1,nearest,1,4,1,false,none,none,SPATIAL_ISLANDS,8,116264433,Custom Time [micros],0.0,0.0,0.0,0.0,4633,0.0
2026-05-19T10:01:19.128762800Z,TaxiAlgorithmP2PCollector,1,100,6,80,1,nearest,1,4,1,false,none,none,SPATIAL_ISLANDS,9,116264434,Taxi Travel Distance [km],0.51,3.21,1.82,10.89,6,2.7
2026-05-19T10:01:19.128762800Z,TaxiAlgorithmP2PCollector,1,100,6,80,1,nearest,1,4,1,false,none,none,SPATIAL_ISLANDS,9,116264434,Client Waiting Time [min],0.07,14.68,5.04,146.17,29,14.61
2026-05-19T10:01:19.128762800Z,TaxiAlgorithmP2PCollector,1,100,6,80,1,nearest,1,4,1,false,none,none,SPATIAL_ISLANDS,9,116264434,Client Travel Time [min],18.0,912.0,371.66,29733.0,80,894.0
2026-05-19T10:01:19.128762800Z,TaxiAlgorithmP2PCollector,1,100,6,80,1,nearest,1,4,1,false,none,none,SPATIAL_ISLANDS,9,116264434,Calculation Time [millis],0.0,0.0,0.01,39.0,4581,0.0
2026-05-19T10:01:19.128762800Z,TaxiAlgorithmP2PCollector,1,100,6,80,1,nearest,1,4,1,false,none,none,SPATIAL_ISLANDS,9,116264434,Custom Time [micros],0.0,0.0,0.0,0.0,4581,0.0
2026-05-19T10:01:19.238396900Z,TaxiAlgorithmP2PCollector,1,100,6,80,1,nearest,1,4,1,false,none,none,SPATIAL_ISLANDS,10,116264435,Taxi Travel Distance [km],0.29,2.58,1.51,9.04,6,2.29
2026-05-19T10:01:19.238396900Z,TaxiAlgorithmP2PCollector,1,100,6,80,1,nearest,1,4,1,false,none,none,SPATIAL_ISLANDS,10,116264435,Client Waiting Time [min],0.05,11.88,4.48,107.57,24,11.83
2026-05-19T10:01:19.238396900Z,TaxiAlgorithmP2PCollector,1,100,6,80,1,nearest,1,4,1,false,none,none,SPATIAL_ISLANDS,10,116264435,Client Travel Time [min],17.0,811.0,373.33,29866.0,80,794.0
2026-05-19T10:01:19.238396900Z,TaxiAlgorithmP2PCollector,1,100,6,80,1,nearest,1,4,1,false,none,none,SPATIAL_ISLANDS,10,116264435,Calculation Time [millis],0.0,0.0,0.01,38.0,4523,0.0
2026-05-19T10:01:19.238396900Z,TaxiAlgorithmP2PCollector,1,100,6,80,1,nearest,1,4,1,false,none,none,SPATIAL_ISLANDS,10,116264435,Custom Time [micros],0.0,0.0,0.0,0.0,4523,0.0
2026-05-19T10:01:19.441187Z,TaxiAlgorithmP2PCollector,1,100,6,80,1,nearest,1,4,1,true,page-rank,page-rank,BASELINE,1,116264426,Taxi Travel Distance [km],42.63,47.57,45.14,270.82,6,4.939999999999998
2026-05-19T10:01:19.441187Z,TaxiAlgorithmP2PCollector,1,100,6,80,1,nearest,1,4,1,true,page-rank,page-rank,BASELINE,1,116264426,Client Waiting Time [min],0.03,4.53,1.21,90.83,75,4.5
2026-05-19T10:01:19.441187Z,TaxiAlgorithmP2PCollector,1,100,6,80,1,nearest,1,4,1,true,page-rank,page-rank,BASELINE,1,116264426,Client Travel Time [min],19.0,278.0,91.98,7358.0,80,259.0
2026-05-19T10:01:19.441187Z,TaxiAlgorithmP2PCollector,1,100,6,80,1,nearest,1,4,1,true,page-rank,page-rank,BASELINE,1,116264426,Calculation Time [millis],0.0,1.0,0.03,130.0,4034,1.0
2026-05-19T10:01:19.441187Z,TaxiAlgorithmP2PCollector,1,100,6,80,1,nearest,1,4,1,true,page-rank,page-rank,BASELINE,1,116264426,Custom Time [micros],0.0,0.0,0.0,0.0,4034,0.0
2026-05-19T10:01:19.628188500Z,TaxiAlgorithmP2PCollector,1,100,6,80,1,nearest,1,4,1,true,page-rank,page-rank,BASELINE,2,116264427,Taxi Travel Distance [km],39.59,45.67,42.4,254.37,6,6.079999999999998
2026-05-19T10:01:19.628188500Z,TaxiAlgorithmP2PCollector,1,100,6,80,1,nearest,1,4,1,true,page-rank,page-rank,BASELINE,2,116264427,Client Waiting Time [min],0.05,3.97,1.11,81.98,74,3.9200000000000004
2026-05-19T10:01:19.628188500Z,TaxiAlgorithmP2PCollector,1,100,6,80,1,nearest,1,4,1,true,page-rank,page-rank,BASELINE,2,116264427,Client Travel Time [min],15.0,257.0,84.69,6775.0,80,242.0
2026-05-19T10:01:19.628188500Z,TaxiAlgorithmP2PCollector,1,100,6,80,1,nearest,1,4,1,true,page-rank,page-rank,BASELINE,2,116264427,Calculation Time [millis],0.0,1.0,0.02,96.0,4084,1.0
2026-05-19T10:01:19.628188500Z,TaxiAlgorithmP2PCollector,1,100,6,80,1,nearest,1,4,1,true,page-rank,page-rank,BASELINE,2,116264427,Custom Time [micros],0.0,0.0,0.0,0.0,4084,0.0
2026-05-19T10:01:19.831187700Z,TaxiAlgorithmP2PCollector,1,100,6,80,1,nearest,1,4,1,true,page-rank,page-rank,BASELINE,3,116264428,Taxi Travel Distance [km],47.4,55.21,51.22,307.3,6,7.810000000000002
2026-05-19T10:01:19.831187700Z,TaxiAlgorithmP2PCollector,1,100,6,80,1,nearest,1,4,1,true,page-rank,page-rank,BASELINE,3,116264428,Client Waiting Time [min],0.07,6.82,1.37,104.2,76,6.75
2026-05-19T10:01:19.831187700Z,TaxiAlgorithmP2PCollector,1,100,6,80,1,nearest,1,4,1,true,page-rank,page-rank,BASELINE,3,116264428,Client Travel Time [min],16.0,428.0,106.98,8558.0,80,412.0
2026-05-19T10:01:19.831187700Z,TaxiAlgorithmP2PCollector,1,100,6,80,1,nearest,1,4,1,true,page-rank,page-rank,BASELINE,3,116264428,Calculation Time [millis],0.0,1.0,0.03,120.0,4073,1.0
2026-05-19T10:01:19.831187700Z,TaxiAlgorithmP2PCollector,1,100,6,80,1,nearest,1,4,1,true,page-rank,page-rank,BASELINE,3,116264428,Custom Time [micros],0.0,0.0,0.0,0.0,4073,0.0
2026-05-19T10:01:20.001185900Z,TaxiAlgorithmP2PCollector,1,100,6,80,1,nearest,1,4,1,true,page-rank,page-rank,BASELINE,4,116264429,Taxi Travel Distance [km],38.92,43.51,41.06,246.37,6,4.589999999999996
2026-05-19T10:01:20.001185900Z,TaxiAlgorithmP2PCollector,1,100,6,80,1,nearest,1,4,1,true,page-rank,page-rank,BASELINE,4,116264429,Client Waiting Time [min],0.07,6.5,1.33,104.0,78,6.43
2026-05-19T10:01:20.001185900Z,TaxiAlgorithmP2PCollector,1,100,6,80,1,nearest,1,4,1,true,page-rank,page-rank,BASELINE,4,116264429,Client Travel Time [min],11.0,397.0,101.44,8115.0,80,386.0
2026-05-19T10:01:20.001185900Z,TaxiAlgorithmP2PCollector,1,100,6,80,1,nearest,1,4,1,true,page-rank,page-rank,BASELINE,4,116264429,Calculation Time [millis],0.0,0.0,0.02,98.0,4082,0.0
2026-05-19T10:01:20.001185900Z,TaxiAlgorithmP2PCollector,1,100,6,80,1,nearest,1,4,1,true,page-rank,page-rank,BASELINE,4,116264429,Custom Time [micros],0.0,0.0,0.0,0.0,4082,0.0
2026-05-19T10:01:20.171184800Z,TaxiAlgorithmP2PCollector,1,100,6,80,1,nearest,1,4,1,true,page-rank,page-rank,BASELINE,5,116264430,Taxi Travel Distance [km],39.63,52.49,46.02,276.1,6,12.86
2026-05-19T10:01:20.171184800Z,TaxiAlgorithmP2PCollector,1,100,6,80,1,nearest,1,4,1,true,page-rank,page-rank,BASELINE,5,116264430,Client Waiting Time [min],0.07,7.1,1.37,101.3,74,7.029999999999999
2026-05-19T10:01:20.171184800Z,TaxiAlgorithmP2PCollector,1,100,6,80,1,nearest,1,4,1,true,page-rank,page-rank,BASELINE,5,116264430,Client Travel Time [min],12.0,444.0,105.48,8438.0,80,432.0
2026-05-19T10:01:20.171184800Z,TaxiAlgorithmP2PCollector,1,100,6,80,1,nearest,1,4,1,true,page-rank,page-rank,BASELINE,5,116264430,Calculation Time [millis],0.0,1.0,0.03,105.0,4074,1.0
2026-05-19T10:01:20.171184800Z,TaxiAlgorithmP2PCollector,1,100,6,80,1,nearest,1,4,1,true,page-rank,page-rank,BASELINE,5,116264430,Custom Time [micros],0.0,0.0,0.0,0.0,4074,0.0
2026-05-19T10:01:20.342188400Z,TaxiAlgorithmP2PCollector,1,100,6,80,1,nearest,1,4,1,true,page-rank,page-rank,BASELINE,6,116264431,Taxi Travel Distance [km],41.81,46.34,43.46,260.76,6,4.530000000000001
2026-05-19T10:01:20.342188400Z,TaxiAlgorithmP2PCollector,1,100,6,80,1,nearest,1,4,1,true,page-rank,page-rank,BASELINE,6,116264431,Client Waiting Time [min],0.05,6.13,1.2,94.97,79,6.08
2026-05-19T10:01:20.342188400Z,TaxiAlgorithmP2PCollector,1,100,6,80,1,nearest,1,4,1,true,page-rank,page-rank,BASELINE,6,116264431,Client Travel Time [min],10.0,375.0,90.34,7227.0,80,365.0
2026-05-19T10:01:20.342188400Z,TaxiAlgorithmP2PCollector,1,100,6,80,1,nearest,1,4,1,true,page-rank,page-rank,BASELINE,6,116264431,Calculation Time [millis],0.0,0.0,0.02,93.0,4051,0.0
2026-05-19T10:01:20.342188400Z,TaxiAlgorithmP2PCollector,1,100,6,80,1,nearest,1,4,1,true,page-rank,page-rank,BASELINE,6,116264431,Custom Time [micros],0.0,0.0,0.0,0.0,4051,0.0
2026-05-19T10:01:20.546188100Z,TaxiAlgorithmP2PCollector,1,100,6,80,1,nearest,1,4,1,true,page-rank,page-rank,BASELINE,7,116264432,Taxi Travel Distance [km],46.39,54.39,51.19,307.13,6,8.0
2026-05-19T10:01:20.546188100Z,TaxiAlgorithmP2PCollector,1,100,6,80,1,nearest,1,4,1,true,page-rank,page-rank,BASELINE,7,116264432,Client Waiting Time [min],0.05,7.08,1.31,99.55,76,7.03
2026-05-19T10:01:20.546188100Z,TaxiAlgorithmP2PCollector,1,100,6,80,1,nearest,1,4,1,true,page-rank,page-rank,BASELINE,7,116264432,Client Travel Time [min],6.0,431.0,101.45,8116.0,80,425.0
2026-05-19T10:01:20.546188100Z,TaxiAlgorithmP2PCollector,1,100,6,80,1,nearest,1,4,1,true,page-rank,page-rank,BASELINE,7,116264432,Calculation Time [millis],0.0,1.0,0.03,119.0,4140,1.0
2026-05-19T10:01:20.546188100Z,TaxiAlgorithmP2PCollector,1,100,6,80,1,nearest,1,4,1,true,page-rank,page-rank,BASELINE,7,116264432,Custom Time [micros],0.0,0.0,0.0,0.0,4140,0.0
2026-05-19T10:01:20.717223900Z,TaxiAlgorithmP2PCollector,1,100,6,80,1,nearest,1,4,1,true,page-rank,page-rank,BASELINE,8,116264433,Taxi Travel Distance [km],42.89,48.31,45.93,275.56,6,5.420000000000002
2026-05-19T10:01:20.717223900Z,TaxiAlgorithmP2PCollector,1,100,6,80,1,nearest,1,4,1,true,page-rank,page-rank,BASELINE,8,116264433,Client Waiting Time [min],0.03,5.17,1.2,92.03,77,5.14
2026-05-19T10:01:20.717223900Z,TaxiAlgorithmP2PCollector,1,100,6,80,1,nearest,1,4,1,true,page-rank,page-rank,BASELINE,8,116264433,Client Travel Time [min],13.0,321.0,96.09,7687.0,80,308.0
2026-05-19T10:01:20.717223900Z,TaxiAlgorithmP2PCollector,1,100,6,80,1,nearest,1,4,1,true,page-rank,page-rank,BASELINE,8,116264433,Calculation Time [millis],0.0,1.0,0.03,111.0,4074,1.0
2026-05-19T10:01:20.717223900Z,TaxiAlgorithmP2PCollector,1,100,6,80,1,nearest,1,4,1,true,page-rank,page-rank,BASELINE,8,116264433,Custom Time [micros],0.0,0.0,0.0,0.0,4074,0.0
2026-05-19T10:01:20.887223Z,TaxiAlgorithmP2PCollector,1,100,6,80,1,nearest,1,4,1,true,page-rank,page-rank,BASELINE,9,116264434,Taxi Travel Distance [km],42.31,46.54,44.31,265.88,6,4.229999999999997
2026-05-19T10:01:20.887223Z,TaxiAlgorithmP2PCollector,1,100,6,80,1,nearest,1,4,1,true,page-rank,page-rank,BASELINE,9,116264434,Client Waiting Time [min],0.03,6.92,1.29,96.48,75,6.89
2026-05-19T10:01:20.887223Z,TaxiAlgorithmP2PCollector,1,100,6,80,1,nearest,1,4,1,true,page-rank,page-rank,BASELINE,9,116264434,Client Travel Time [min],18.0,433.0,99.18,7934.0,80,415.0
2026-05-19T10:01:20.887223Z,TaxiAlgorithmP2PCollector,1,100,6,80,1,nearest,1,4,1,true,page-rank,page-rank,BASELINE,9,116264434,Calculation Time [millis],0.0,0.0,0.02,98.0,4103,0.0
2026-05-19T10:01:20.887223Z,TaxiAlgorithmP2PCollector,1,100,6,80,1,nearest,1,4,1,true,page-rank,page-rank,BASELINE,9,116264434,Custom Time [micros],0.0,0.0,0.0,0.0,4103,0.0
2026-05-19T10:01:21.043224800Z,TaxiAlgorithmP2PCollector,1,100,6,80,1,nearest,1,4,1,true,page-rank,page-rank,BASELINE,10,116264435,Taxi Travel Distance [km],45.35,51.27,48.17,289.05,6,5.920000000000002
2026-05-19T10:01:21.043224800Z,TaxiAlgorithmP2PCollector,1,100,6,80,1,nearest,1,4,1,true,page-rank,page-rank,BASELINE,10,116264435,Client Waiting Time [min],0.05,7.78,1.6,127.88,80,7.73
2026-05-19T10:01:21.043224800Z,TaxiAlgorithmP2PCollector,1,100,6,80,1,nearest,1,4,1,true,page-rank,page-rank,BASELINE,10,116264435,Client Travel Time [min],16.0,476.0,114.09,9127.0,80,460.0
2026-05-19T10:01:21.043224800Z,TaxiAlgorithmP2PCollector,1,100,6,80,1,nearest,1,4,1,true,page-rank,page-rank,BASELINE,10,116264435,Calculation Time [millis],0.0,1.0,0.02,100.0,4232,1.0
2026-05-19T10:01:21.043224800Z,TaxiAlgorithmP2PCollector,1,100,6,80,1,nearest,1,4,1,true,page-rank,page-rank,BASELINE,10,116264435,Custom Time [micros],0.0,0.0,0.0,0.0,4232,0.0
2026-05-19T10:01:21.152222700Z,TaxiAlgorithmP2PCollector,1,100,6,80,1,nearest,1,4,1,true,page-rank,page-rank,RUSH_HOUR,1,116264426,Taxi Travel Distance [km],2.18,10.72,5.41,32.48,6,8.540000000000001
2026-05-19T10:01:21.152222700Z,TaxiAlgorithmP2PCollector,1,100,6,80,1,nearest,1,4,1,true,page-rank,page-rank,RUSH_HOUR,1,116264426,Client Waiting Time [min],0.08,11.23,3.28,141.15,43,11.15
2026-05-19T10:01:21.152222700Z,TaxiAlgorithmP2PCollector,1,100,6,80,1,nearest,1,4,1,true,page-rank,page-rank,RUSH_HOUR,1,116264426,Client Travel Time [min],18.0,792.0,276.86,22149.0,80,774.0
2026-05-19T10:01:21.152222700Z,TaxiAlgorithmP2PCollector,1,100,6,80,1,nearest,1,4,1,true,page-rank,page-rank,RUSH_HOUR,1,116264426,Calculation Time [millis],0.0,1.0,0.01,40.0,4232,1.0
2026-05-19T10:01:21.152222700Z,TaxiAlgorithmP2PCollector,1,100,6,80,1,nearest,1,4,1,true,page-rank,page-rank,RUSH_HOUR,1,116264426,Custom Time [micros],0.0,0.0,0.0,0.0,4232,0.0
2026-05-19T10:01:21.275917900Z,TaxiAlgorithmP2PCollector,1,100,6,80,1,nearest,1,4,1,true,page-rank,page-rank,RUSH_HOUR,2,116264427,Taxi Travel Distance [km],3.2,8.36,5.94,35.66,6,5.159999999999999
2026-05-19T10:01:21.275917900Z,TaxiAlgorithmP2PCollector,1,100,6,80,1,nearest,1,4,1,true,page-rank,page-rank,RUSH_HOUR,2,116264427,Client Waiting Time [min],0.05,8.57,2.68,131.23,49,8.52
2026-05-19T10:01:21.275917900Z,TaxiAlgorithmP2PCollector,1,100,6,80,1,nearest,1,4,1,true,page-rank,page-rank,RUSH_HOUR,2,116264427,Client Travel Time [min],16.0,961.0,239.44,19155.0,80,945.0
2026-05-19T10:01:21.275917900Z,TaxiAlgorithmP2PCollector,1,100,6,80,1,nearest,1,4,1,true,page-rank,page-rank,RUSH_HOUR,2,116264427,Calculation Time [millis],0.0,0.0,0.01,49.0,4010,0.0
2026-05-19T10:01:21.275917900Z,TaxiAlgorithmP2PCollector,1,100,6,80,1,nearest,1,4,1,true,page-rank,page-rank,RUSH_HOUR,2,116264427,Custom Time [micros],0.0,0.0,0.0,0.0,4010,0.0
2026-05-19T10:01:21.369932700Z,TaxiAlgorithmP2PCollector,1,100,6,80,1,nearest,1,4,1,true,page-rank,page-rank,RUSH_HOUR,3,116264428,Taxi Travel Distance [km],1.24,8.9,4.93,29.58,6,7.66
2026-05-19T10:01:21.369932700Z,TaxiAlgorithmP2PCollector,1,100,6,80,1,nearest,1,4,1,true,page-rank,page-rank,RUSH_HOUR,3,116264428,Client Waiting Time [min],0.1,14.5,4.88,219.43,45,14.4
2026-05-19T10:01:21.369932700Z,TaxiAlgorithmP2PCollector,1,100,6,80,1,nearest,1,4,1,true,page-rank,page-rank,RUSH_HOUR,3,116264428,Client Travel Time [min],38.0,951.0,347.44,27795.0,80,913.0
2026-05-19T10:01:21.369932700Z,TaxiAlgorithmP2PCollector,1,100,6,80,1,nearest,1,4,1,true,page-rank,page-rank,RUSH_HOUR,3,116264428,Calculation Time [millis],0.0,0.0,0.01,45.0,4242,0.0
2026-05-19T10:01:21.369932700Z,TaxiAlgorithmP2PCollector,1,100,6,80,1,nearest,1,4,1,true,page-rank,page-rank,RUSH_HOUR,3,116264428,Custom Time [micros],0.0,0.0,0.0,0.0,4242,0.0
2026-05-19T10:01:21.477932500Z,TaxiAlgorithmP2PCollector,1,100,6,80,1,nearest,1,4,1,true,page-rank,page-rank,RUSH_HOUR,4,116264429,Taxi Travel Distance [km],2.18,10.72,4.99,29.93,6,8.540000000000001
2026-05-19T10:01:21.477932500Z,TaxiAlgorithmP2PCollector,1,100,6,80,1,nearest,1,4,1,true,page-rank,page-rank,RUSH_HOUR,4,116264429,Client Waiting Time [min],0.07,10.35,3.48,142.6,41,10.28
2026-05-19T10:01:21.477932500Z,TaxiAlgorithmP2PCollector,1,100,6,80,1,nearest,1,4,1,true,page-rank,page-rank,RUSH_HOUR,4,116264429,Client Travel Time [min],24.0,825.0,295.38,23630.0,80,801.0
2026-05-19T10:01:21.477932500Z,TaxiAlgorithmP2PCollector,1,100,6,80,1,nearest,1,4,1,true,page-rank,page-rank,RUSH_HOUR,4,116264429,Calculation Time [millis],0.0,1.0,0.01,38.0,4138,1.0
2026-05-19T10:01:21.477932500Z,TaxiAlgorithmP2PCollector,1,100,6,80,1,nearest,1,4,1,true,page-rank,page-rank,RUSH_HOUR,4,116264429,Custom Time [micros],0.0,0.0,0.0,0.0,4138,0.0
2026-05-19T10:01:21.587931300Z,TaxiAlgorithmP2PCollector,1,100,6,80,1,nearest,1,4,1,true,page-rank,page-rank,RUSH_HOUR,5,116264430,Taxi Travel Distance [km],1.06,11.02,5.12,30.74,6,9.959999999999999
2026-05-19T10:01:21.587931300Z,TaxiAlgorithmP2PCollector,1,100,6,80,1,nearest,1,4,1,true,page-rank,page-rank,RUSH_HOUR,5,116264430,Client Waiting Time [min],0.03,11.03,3.49,174.28,50,11.0
2026-05-19T10:01:21.587931300Z,TaxiAlgorithmP2PCollector,1,100,6,80,1,nearest,1,4,1,true,page-rank,page-rank,RUSH_HOUR,5,116264430,Client Travel Time [min],11.0,905.0,308.83,24706.0,80,894.0
2026-05-19T10:01:21.587931300Z,TaxiAlgorithmP2PCollector,1,100,6,80,1,nearest,1,4,1,true,page-rank,page-rank,RUSH_HOUR,5,116264430,Calculation Time [millis],0.0,0.0,0.01,51.0,4360,0.0
2026-05-19T10:01:21.587931300Z,TaxiAlgorithmP2PCollector,1,100,6,80,1,nearest,1,4,1,true,page-rank,page-rank,RUSH_HOUR,5,116264430,Custom Time [micros],0.0,0.0,0.0,0.0,4360,0.0
2026-05-19T10:01:21.696461500Z,TaxiAlgorithmP2PCollector,1,100,6,80,1,nearest,1,4,1,true,page-rank,page-rank,RUSH_HOUR,6,116264431,Taxi Travel Distance [km],1.42,7.46,4.24,25.47,6,6.04
2026-05-19T10:01:21.696461500Z,TaxiAlgorithmP2PCollector,1,100,6,80,1,nearest,1,4,1,true,page-rank,page-rank,RUSH_HOUR,6,116264431,Client Waiting Time [min],0.07,11.8,4.05,154.05,38,11.73
2026-05-19T10:01:21.696461500Z,TaxiAlgorithmP2PCollector,1,100,6,80,1,nearest,1,4,1,true,page-rank,page-rank,RUSH_HOUR,6,116264431,Client Travel Time [min],17.0,829.0,329.65,26372.0,80,812.0
2026-05-19T10:01:21.696461500Z,TaxiAlgorithmP2PCollector,1,100,6,80,1,nearest,1,4,1,true,page-rank,page-rank,RUSH_HOUR,6,116264431,Calculation Time [millis],0.0,1.0,0.01,42.0,4043,1.0
2026-05-19T10:01:21.696461500Z,TaxiAlgorithmP2PCollector,1,100,6,80,1,nearest,1,4,1,true,page-rank,page-rank,RUSH_HOUR,6,116264431,Custom Time [micros],0.0,0.0,0.0,0.0,4043,0.0
2026-05-19T10:01:21.820462700Z,TaxiAlgorithmP2PCollector,1,100,6,80,1,nearest,1,4,1,true,page-rank,page-rank,RUSH_HOUR,7,116264432,Taxi Travel Distance [km],1.84,9.74,5.12,30.71,6,7.9
2026-05-19T10:01:21.820462700Z,TaxiAlgorithmP2PCollector,1,100,6,80,1,nearest,1,4,1,true,page-rank,page-rank,RUSH_HOUR,7,116264432,Client Waiting Time [min],0.05,10.8,3.82,152.67,40,10.75
2026-05-19T10:01:21.820462700Z,TaxiAlgorithmP2PCollector,1,100,6,80,1,nearest,1,4,1,true,page-rank,page-rank,RUSH_HOUR,7,116264432,Client Travel Time [min],25.0,669.0,297.91,23833.0,80,644.0
2026-05-19T10:01:21.820462700Z,TaxiAlgorithmP2PCollector,1,100,6,80,1,nearest,1,4,1,true,page-rank,page-rank,RUSH_HOUR,7,116264432,Calculation Time [millis],0.0,0.0,0.01,43.0,3967,0.0
2026-05-19T10:01:21.820462700Z,TaxiAlgorithmP2PCollector,1,100,6,80,1,nearest,1,4,1,true,page-rank,page-rank,RUSH_HOUR,7,116264432,Custom Time [micros],0.0,0.0,0.0,0.0,3967,0.0
2026-05-19T10:01:21.929462900Z,TaxiAlgorithmP2PCollector,1,100,6,80,1,nearest,1,4,1,true,page-rank,page-rank,RUSH_HOUR,8,116264433,Taxi Travel Distance [km],1.84,10.35,4.86,29.15,6,8.51
2026-05-19T10:01:21.929462900Z,TaxiAlgorithmP2PCollector,1,100,6,80,1,nearest,1,4,1,true,page-rank,page-rank,RUSH_HOUR,8,116264433,Client Waiting Time [min],0.07,9.63,3.71,144.77,39,9.56
2026-05-19T10:01:21.929462900Z,TaxiAlgorithmP2PCollector,1,100,6,80,1,nearest,1,4,1,true,page-rank,page-rank,RUSH_HOUR,8,116264433,Client Travel Time [min],8.0,917.0,341.88,27350.0,80,909.0
2026-05-19T10:01:21.929462900Z,TaxiAlgorithmP2PCollector,1,100,6,80,1,nearest,1,4,1,true,page-rank,page-rank,RUSH_HOUR,8,116264433,Calculation Time [millis],0.0,0.0,0.01,48.0,4478,0.0
2026-05-19T10:01:21.929462900Z,TaxiAlgorithmP2PCollector,1,100,6,80,1,nearest,1,4,1,true,page-rank,page-rank,RUSH_HOUR,8,116264433,Custom Time [micros],0.0,0.0,0.0,0.0,4478,0.0
2026-05-19T10:01:22.038981300Z,TaxiAlgorithmP2PCollector,1,100,6,80,1,nearest,1,4,1,true,page-rank,page-rank,RUSH_HOUR,9,116264434,Taxi Travel Distance [km],0.53,8.79,2.99,17.95,6,8.26
2026-05-19T10:01:22.038981300Z,TaxiAlgorithmP2PCollector,1,100,6,80,1,nearest,1,4,1,true,page-rank,page-rank,RUSH_HOUR,9,116264434,Client Waiting Time [min],0.08,12.82,3.95,118.4,30,12.74
2026-05-19T10:01:22.038981300Z,TaxiAlgorithmP2PCollector,1,100,6,80,1,nearest,1,4,1,true,page-rank,page-rank,RUSH_HOUR,9,116264434,Client Travel Time [min],20.0,869.0,336.6,26928.0,80,849.0
2026-05-19T10:01:22.038981300Z,TaxiAlgorithmP2PCollector,1,100,6,80,1,nearest,1,4,1,true,page-rank,page-rank,RUSH_HOUR,9,116264434,Calculation Time [millis],0.0,0.0,0.01,40.0,4716,0.0
2026-05-19T10:01:22.038981300Z,TaxiAlgorithmP2PCollector,1,100,6,80,1,nearest,1,4,1,true,page-rank,page-rank,RUSH_HOUR,9,116264434,Custom Time [micros],0.0,0.0,0.0,0.0,4716,0.0
2026-05-19T10:01:22.131982400Z,TaxiAlgorithmP2PCollector,1,100,6,80,1,nearest,1,4,1,true,page-rank,page-rank,RUSH_HOUR,10,116264435,Taxi Travel Distance [km],2.36,6.65,4.46,26.74,6,4.290000000000001
2026-05-19T10:01:22.131982400Z,TaxiAlgorithmP2PCollector,1,100,6,80,1,nearest,1,4,1,true,page-rank,page-rank,RUSH_HOUR,10,116264435,Client Waiting Time [min],0.05,9.37,3.17,142.77,45,9.319999999999999
2026-05-19T10:01:22.131982400Z,TaxiAlgorithmP2PCollector,1,100,6,80,1,nearest,1,4,1,true,page-rank,page-rank,RUSH_HOUR,10,116264435,Client Travel Time [min],6.0,823.0,265.0,21200.0,80,817.0
2026-05-19T10:01:22.131982400Z,TaxiAlgorithmP2PCollector,1,100,6,80,1,nearest,1,4,1,true,page-rank,page-rank,RUSH_HOUR,10,116264435,Calculation Time [millis],0.0,0.0,0.01,35.0,3952,0.0
2026-05-19T10:01:22.131982400Z,TaxiAlgorithmP2PCollector,1,100,6,80,1,nearest,1,4,1,true,page-rank,page-rank,RUSH_HOUR,10,116264435,Custom Time [micros],0.0,0.0,0.0,0.0,3952,0.0
2026-05-19T10:01:22.238979400Z,TaxiAlgorithmP2PCollector,1,100,6,80,1,nearest,1,4,1,true,page-rank,page-rank,SPATIAL_IMBALANCE,1,116264426,Taxi Travel Distance [km],2.71,17.98,7.09,42.56,6,15.27
2026-05-19T10:01:22.238979400Z,TaxiAlgorithmP2PCollector,1,100,6,80,1,nearest,1,4,1,true,page-rank,page-rank,SPATIAL_IMBALANCE,1,116264426,Client Waiting Time [min],0.05,8.27,1.35,79.68,59,8.219999999999999
2026-05-19T10:01:22.238979400Z,TaxiAlgorithmP2PCollector,1,100,6,80,1,nearest,1,4,1,true,page-rank,page-rank,SPATIAL_IMBALANCE,1,116264426,Client Travel Time [min],6.0,800.0,176.63,14130.0,80,794.0
2026-05-19T10:01:22.238979400Z,TaxiAlgorithmP2PCollector,1,100,6,80,1,nearest,1,4,1,true,page-rank,page-rank,SPATIAL_IMBALANCE,1,116264426,Calculation Time [millis],0.0,1.0,0.01,43.0,3991,1.0
2026-05-19T10:01:22.238979400Z,TaxiAlgorithmP2PCollector,1,100,6,80,1,nearest,1,4,1,true,page-rank,page-rank,SPATIAL_IMBALANCE,1,116264426,Custom Time [micros],0.0,0.0,0.0,0.0,3991,0.0
2026-05-19T10:01:22.331980100Z,TaxiAlgorithmP2PCollector,1,100,6,80,1,nearest,1,4,1,true,page-rank,page-rank,SPATIAL_IMBALANCE,2,116264427,Taxi Travel Distance [km],1.3,13.71,5.6,33.6,6,12.41
2026-05-19T10:01:22.331980100Z,TaxiAlgorithmP2PCollector,1,100,6,80,1,nearest,1,4,1,true,page-rank,page-rank,SPATIAL_IMBALANCE,2,116264427,Client Waiting Time [min],0.03,11.47,1.67,78.63,47,11.440000000000001
2026-05-19T10:01:22.331980100Z,TaxiAlgorithmP2PCollector,1,100,6,80,1,nearest,1,4,1,true,page-rank,page-rank,SPATIAL_IMBALANCE,2,116264427,Client Travel Time [min],8.0,703.0,197.08,15766.0,80,695.0
2026-05-19T10:01:22.331980100Z,TaxiAlgorithmP2PCollector,1,100,6,80,1,nearest,1,4,1,true,page-rank,page-rank,SPATIAL_IMBALANCE,2,116264427,Calculation Time [millis],0.0,0.0,0.01,37.0,4020,0.0
2026-05-19T10:01:22.331980100Z,TaxiAlgorithmP2PCollector,1,100,6,80,1,nearest,1,4,1,true,page-rank,page-rank,SPATIAL_IMBALANCE,2,116264427,Custom Time [micros],0.0,0.0,0.0,0.0,4020,0.0
2026-05-19T10:01:22.423980200Z,TaxiAlgorithmP2PCollector,1,100,6,80,1,nearest,1,4,1,true,page-rank,page-rank,SPATIAL_IMBALANCE,3,116264428,Taxi Travel Distance [km],0.93,17.07,7.68,46.08,6,16.14
2026-05-19T10:01:22.423980200Z,TaxiAlgorithmP2PCollector,1,100,6,80,1,nearest,1,4,1,true,page-rank,page-rank,SPATIAL_IMBALANCE,3,116264428,Client Waiting Time [min],0.03,12.75,1.65,92.28,56,12.72
2026-05-19T10:01:22.423980200Z,TaxiAlgorithmP2PCollector,1,100,6,80,1,nearest,1,4,1,true,page-rank,page-rank,SPATIAL_IMBALANCE,3,116264428,Client Travel Time [min],13.0,975.0,218.73,17498.0,80,962.0
2026-05-19T10:01:22.423980200Z,TaxiAlgorithmP2PCollector,1,100,6,80,1,nearest,1,4,1,true,page-rank,page-rank,SPATIAL_IMBALANCE,3,116264428,Calculation Time [millis],0.0,0.0,0.01,43.0,4054,0.0
2026-05-19T10:01:22.423980200Z,TaxiAlgorithmP2PCollector,1,100,6,80,1,nearest,1,4,1,true,page-rank,page-rank,SPATIAL_IMBALANCE,3,116264428,Custom Time [micros],0.0,0.0,0.0,0.0,4054,0.0
2026-05-19T10:01:22.532980200Z,TaxiAlgorithmP2PCollector,1,100,6,80,1,nearest,1,4,1,true,page-rank,page-rank,SPATIAL_IMBALANCE,4,116264429,Taxi Travel Distance [km],2.24,14.65,6.73,40.41,6,12.41
2026-05-19T10:01:22.532980200Z,TaxiAlgorithmP2PCollector,1,100,6,80,1,nearest,1,4,1,true,page-rank,page-rank,SPATIAL_IMBALANCE,4,116264429,Client Waiting Time [min],0.03,10.37,1.31,72.0,55,10.34
2026-05-19T10:01:22.532980200Z,TaxiAlgorithmP2PCollector,1,100,6,80,1,nearest,1,4,1,true,page-rank,page-rank,SPATIAL_IMBALANCE,4,116264429,Client Travel Time [min],10.0,768.0,184.9,14792.0,80,758.0
2026-05-19T10:01:22.532980200Z,TaxiAlgorithmP2PCollector,1,100,6,80,1,nearest,1,4,1,true,page-rank,page-rank,SPATIAL_IMBALANCE,4,116264429,Calculation Time [millis],0.0,0.0,0.01,45.0,4389,0.0
2026-05-19T10:01:22.532980200Z,TaxiAlgorithmP2PCollector,1,100,6,80,1,nearest,1,4,1,true,page-rank,page-rank,SPATIAL_IMBALANCE,4,116264429,Custom Time [micros],0.0,0.0,0.0,0.0,4389,0.0
2026-05-19T10:01:22.626982400Z,TaxiAlgorithmP2PCollector,1,100,6,80,1,nearest,1,4,1,true,page-rank,page-rank,SPATIAL_IMBALANCE,5,116264430,Taxi Travel Distance [km],1.55,19.01,6.76,40.57,6,17.46
2026-05-19T10:01:22.626982400Z,TaxiAlgorithmP2PCollector,1,100,6,80,1,nearest,1,4,1,true,page-rank,page-rank,SPATIAL_IMBALANCE,5,116264430,Client Waiting Time [min],0.05,7.4,1.51,81.52,54,7.3500000000000005
2026-05-19T10:01:22.626982400Z,TaxiAlgorithmP2PCollector,1,100,6,80,1,nearest,1,4,1,true,page-rank,page-rank,SPATIAL_IMBALANCE,5,116264430,Client Travel Time [min],8.0,805.0,190.39,15231.0,80,797.0
2026-05-19T10:01:22.626982400Z,TaxiAlgorithmP2PCollector,1,100,6,80,1,nearest,1,4,1,true,page-rank,page-rank,SPATIAL_IMBALANCE,5,116264430,Calculation Time [millis],0.0,0.0,0.01,39.0,4116,0.0
2026-05-19T10:01:22.626982400Z,TaxiAlgorithmP2PCollector,1,100,6,80,1,nearest,1,4,1,true,page-rank,page-rank,SPATIAL_IMBALANCE,5,116264430,Custom Time [micros],0.0,0.0,0.0,0.0,4116,0.0
2026-05-19T10:01:22.736980800Z,TaxiAlgorithmP2PCollector,1,100,6,80,1,nearest,1,4,1,true,page-rank,page-rank,SPATIAL_IMBALANCE,6,116264431,Taxi Travel Distance [km],1.75,15.75,6.36,38.14,6,14.0
2026-05-19T10:01:22.736980800Z,TaxiAlgorithmP2PCollector,1,100,6,80,1,nearest,1,4,1,true,page-rank,page-rank,SPATIAL_IMBALANCE,6,116264431,Client Waiting Time [min],0.05,9.7,2.17,110.42,51,9.649999999999999
2026-05-19T10:01:22.736980800Z,TaxiAlgorithmP2PCollector,1,100,6,80,1,nearest,1,4,1,true,page-rank,page-rank,SPATIAL_IMBALANCE,6,116264431,Client Travel Time [min],10.0,761.0,213.59,17087.0,80,751.0
2026-05-19T10:01:22.736980800Z,TaxiAlgorithmP2PCollector,1,100,6,80,1,nearest,1,4,1,true,page-rank,page-rank,SPATIAL_IMBALANCE,6,116264431,Calculation Time [millis],0.0,1.0,0.01,41.0,4181,1.0
2026-05-19T10:01:22.736980800Z,TaxiAlgorithmP2PCollector,1,100,6,80,1,nearest,1,4,1,true,page-rank,page-rank,SPATIAL_IMBALANCE,6,116264431,Custom Time [micros],0.0,0.0,0.0,0.0,4181,0.0
2026-05-19T10:01:22.831061500Z,TaxiAlgorithmP2PCollector,1,100,6,80,1,nearest,1,4,1,true,page-rank,page-rank,SPATIAL_IMBALANCE,7,116264432,Taxi Travel Distance [km],2.15,14.2,6.39,38.32,6,12.049999999999999
2026-05-19T10:01:22.831061500Z,TaxiAlgorithmP2PCollector,1,100,6,80,1,nearest,1,4,1,true,page-rank,page-rank,SPATIAL_IMBALANCE,7,116264432,Client Waiting Time [min],0.03,8.52,1.46,67.35,46,8.49
2026-05-19T10:01:22.831061500Z,TaxiAlgorithmP2PCollector,1,100,6,80,1,nearest,1,4,1,true,page-rank,page-rank,SPATIAL_IMBALANCE,7,116264432,Client Travel Time [min],9.0,949.0,225.44,18035.0,80,940.0
2026-05-19T10:01:22.831061500Z,TaxiAlgorithmP2PCollector,1,100,6,80,1,nearest,1,4,1,true,page-rank,page-rank,SPATIAL_IMBALANCE,7,116264432,Calculation Time [millis],0.0,0.0,0.01,41.0,4378,0.0
2026-05-19T10:01:22.831061500Z,TaxiAlgorithmP2PCollector,1,100,6,80,1,nearest,1,4,1,true,page-rank,page-rank,SPATIAL_IMBALANCE,7,116264432,Custom Time [micros],0.0,0.0,0.0,0.0,4378,0.0
2026-05-19T10:01:22.925059100Z,TaxiAlgorithmP2PCollector,1,100,6,80,1,nearest,1,4,1,true,page-rank,page-rank,SPATIAL_IMBALANCE,8,116264433,Taxi Travel Distance [km],1.51,19.38,7.82,46.94,6,17.869999999999997
2026-05-19T10:01:22.925059100Z,TaxiAlgorithmP2PCollector,1,100,6,80,1,nearest,1,4,1,true,page-rank,page-rank,SPATIAL_IMBALANCE,8,116264433,Client Waiting Time [min],0.03,7.6,1.7,91.77,54,7.569999999999999
2026-05-19T10:01:22.925059100Z,TaxiAlgorithmP2PCollector,1,100,6,80,1,nearest,1,4,1,true,page-rank,page-rank,SPATIAL_IMBALANCE,8,116264433,Client Travel Time [min],7.0,725.0,207.03,16562.0,80,718.0
2026-05-19T10:01:22.925059100Z,TaxiAlgorithmP2PCollector,1,100,6,80,1,nearest,1,4,1,true,page-rank,page-rank,SPATIAL_IMBALANCE,8,116264433,Calculation Time [millis],0.0,1.0,0.01,45.0,4683,1.0
2026-05-19T10:01:22.925059100Z,TaxiAlgorithmP2PCollector,1,100,6,80,1,nearest,1,4,1,true,page-rank,page-rank,SPATIAL_IMBALANCE,8,116264433,Custom Time [micros],0.0,0.0,0.0,0.0,4683,0.0
2026-05-19T10:01:23.034060500Z,TaxiAlgorithmP2PCollector,1,100,6,80,1,nearest,1,4,1,true,page-rank,page-rank,SPATIAL_IMBALANCE,9,116264434,Taxi Travel Distance [km],1.34,16.03,7.12,42.75,6,14.690000000000001
2026-05-19T10:01:23.034060500Z,TaxiAlgorithmP2PCollector,1,100,6,80,1,nearest,1,4,1,true,page-rank,page-rank,SPATIAL_IMBALANCE,9,116264434,Client Waiting Time [min],0.03,7.53,1.59,85.65,54,7.5
2026-05-19T10:01:23.034060500Z,TaxiAlgorithmP2PCollector,1,100,6,80,1,nearest,1,4,1,true,page-rank,page-rank,SPATIAL_IMBALANCE,9,116264434,Client Travel Time [min],14.0,605.0,161.01,12881.0,80,591.0
2026-05-19T10:01:23.034060500Z,TaxiAlgorithmP2PCollector,1,100,6,80,1,nearest,1,4,1,true,page-rank,page-rank,SPATIAL_IMBALANCE,9,116264434,Calculation Time [millis],0.0,0.0,0.01,42.0,4343,0.0
2026-05-19T10:01:23.034060500Z,TaxiAlgorithmP2PCollector,1,100,6,80,1,nearest,1,4,1,true,page-rank,page-rank,SPATIAL_IMBALANCE,9,116264434,Custom Time [micros],0.0,0.0,0.0,0.0,4343,0.0
2026-05-19T10:01:23.127060500Z,TaxiAlgorithmP2PCollector,1,100,6,80,1,nearest,1,4,1,true,page-rank,page-rank,SPATIAL_IMBALANCE,10,116264435,Taxi Travel Distance [km],2.23,14.79,5.94,35.62,6,12.559999999999999
2026-05-19T10:01:23.127060500Z,TaxiAlgorithmP2PCollector,1,100,6,80,1,nearest,1,4,1,true,page-rank,page-rank,SPATIAL_IMBALANCE,10,116264435,Client Waiting Time [min],0.05,8.43,1.36,69.6,51,8.379999999999999
2026-05-19T10:01:23.127060500Z,TaxiAlgorithmP2PCollector,1,100,6,80,1,nearest,1,4,1,true,page-rank,page-rank,SPATIAL_IMBALANCE,10,116264435,Client Travel Time [min],11.0,910.0,192.2,15376.0,80,899.0
2026-05-19T10:01:23.127060500Z,TaxiAlgorithmP2PCollector,1,100,6,80,1,nearest,1,4,1,true,page-rank,page-rank,SPATIAL_IMBALANCE,10,116264435,Calculation Time [millis],0.0,0.0,0.01,38.0,4036,0.0
2026-05-19T10:01:23.127060500Z,TaxiAlgorithmP2PCollector,1,100,6,80,1,nearest,1,4,1,true,page-rank,page-rank,SPATIAL_IMBALANCE,10,116264435,Custom Time [micros],0.0,0.0,0.0,0.0,4036,0.0
2026-05-19T10:01:23.236059900Z,TaxiAlgorithmP2PCollector,1,100,6,80,1,nearest,1,4,1,true,page-rank,page-rank,SPATIAL_ISLANDS,1,116264426,Taxi Travel Distance [km],6.05,8.21,6.81,40.84,6,2.160000000000001
2026-05-19T10:01:23.236059900Z,TaxiAlgorithmP2PCollector,1,100,6,80,1,nearest,1,4,1,true,page-rank,page-rank,SPATIAL_ISLANDS,1,116264426,Client Waiting Time [min],0.03,8.78,0.92,50.8,55,8.75
2026-05-19T10:01:23.236059900Z,TaxiAlgorithmP2PCollector,1,100,6,80,1,nearest,1,4,1,true,page-rank,page-rank,SPATIAL_ISLANDS,1,116264426,Client Travel Time [min],8.0,713.0,181.38,14510.0,80,705.0
2026-05-19T10:01:23.236059900Z,TaxiAlgorithmP2PCollector,1,100,6,80,1,nearest,1,4,1,true,page-rank,page-rank,SPATIAL_ISLANDS,1,116264426,Calculation Time [millis],0.0,1.0,0.01,41.0,4270,1.0
2026-05-19T10:01:23.236059900Z,TaxiAlgorithmP2PCollector,1,100,6,80,1,nearest,1,4,1,true,page-rank,page-rank,SPATIAL_ISLANDS,1,116264426,Custom Time [micros],0.0,0.0,0.0,0.0,4270,0.0
2026-05-19T10:01:23.328029700Z,TaxiAlgorithmP2PCollector,1,100,6,80,1,nearest,1,4,1,true,page-rank,page-rank,SPATIAL_ISLANDS,2,116264427,Taxi Travel Distance [km],4.94,10.94,7.69,46.15,6,5.999999999999999
2026-05-19T10:01:23.328029700Z,TaxiAlgorithmP2PCollector,1,100,6,80,1,nearest,1,4,1,true,page-rank,page-rank,SPATIAL_ISLANDS,2,116264427,Client Waiting Time [min],0.03,11.08,1.36,81.85,60,11.05
2026-05-19T10:01:23.328029700Z,TaxiAlgorithmP2PCollector,1,100,6,80,1,nearest,1,4,1,true,page-rank,page-rank,SPATIAL_ISLANDS,2,116264427,Client Travel Time [min],10.0,858.0,177.9,14232.0,80,848.0
2026-05-19T10:01:23.328029700Z,TaxiAlgorithmP2PCollector,1,100,6,80,1,nearest,1,4,1,true,page-rank,page-rank,SPATIAL_ISLANDS,2,116264427,Calculation Time [millis],0.0,0.0,0.01,41.0,4655,0.0
2026-05-19T10:01:23.328029700Z,TaxiAlgorithmP2PCollector,1,100,6,80,1,nearest,1,4,1,true,page-rank,page-rank,SPATIAL_ISLANDS,2,116264427,Custom Time [micros],0.0,0.0,0.0,0.0,4655,0.0
2026-05-19T10:01:23.421036600Z,TaxiAlgorithmP2PCollector,1,100,6,80,1,nearest,1,4,1,true,page-rank,page-rank,SPATIAL_ISLANDS,3,116264428,Taxi Travel Distance [km],5.09,13.24,8.77,52.62,6,8.15
2026-05-19T10:01:23.421036600Z,TaxiAlgorithmP2PCollector,1,100,6,80,1,nearest,1,4,1,true,page-rank,page-rank,SPATIAL_ISLANDS,3,116264428,Client Waiting Time [min],0.03,9.87,0.77,50.1,65,9.84
2026-05-19T10:01:23.421036600Z,TaxiAlgorithmP2PCollector,1,100,6,80,1,nearest,1,4,1,true,page-rank,page-rank,SPATIAL_ISLANDS,3,116264428,Client Travel Time [min],10.0,676.0,132.7,10616.0,80,666.0
2026-05-19T10:01:23.421036600Z,TaxiAlgorithmP2PCollector,1,100,6,80,1,nearest,1,4,1,true,page-rank,page-rank,SPATIAL_ISLANDS,3,116264428,Calculation Time [millis],0.0,1.0,0.01,43.0,4287,1.0
2026-05-19T10:01:23.421036600Z,TaxiAlgorithmP2PCollector,1,100,6,80,1,nearest,1,4,1,true,page-rank,page-rank,SPATIAL_ISLANDS,3,116264428,Custom Time [micros],0.0,0.0,0.0,0.0,4287,0.0
2026-05-19T10:01:23.528039100Z,TaxiAlgorithmP2PCollector,1,100,6,80,1,nearest,1,4,1,true,page-rank,page-rank,SPATIAL_ISLANDS,4,116264429,Taxi Travel Distance [km],4.74,12.15,8.48,50.86,6,7.41
2026-05-19T10:01:23.528039100Z,TaxiAlgorithmP2PCollector,1,100,6,80,1,nearest,1,4,1,true,page-rank,page-rank,SPATIAL_ISLANDS,4,116264429,Client Waiting Time [min],0.03,6.68,0.97,59.07,61,6.6499999999999995
2026-05-19T10:01:23.528039100Z,TaxiAlgorithmP2PCollector,1,100,6,80,1,nearest,1,4,1,true,page-rank,page-rank,SPATIAL_ISLANDS,4,116264429,Client Travel Time [min],7.0,712.0,144.01,11521.0,80,705.0
2026-05-19T10:01:23.528039100Z,TaxiAlgorithmP2PCollector,1,100,6,80,1,nearest,1,4,1,true,page-rank,page-rank,SPATIAL_ISLANDS,4,116264429,Calculation Time [millis],0.0,0.0,0.01,39.0,4197,0.0
2026-05-19T10:01:23.528039100Z,TaxiAlgorithmP2PCollector,1,100,6,80,1,nearest,1,4,1,true,page-rank,page-rank,SPATIAL_ISLANDS,4,116264429,Custom Time [micros],0.0,0.0,0.0,0.0,4197,0.0
2026-05-19T10:01:23.624036100Z,TaxiAlgorithmP2PCollector,1,100,6,80,1,nearest,1,4,1,true,page-rank,page-rank,SPATIAL_ISLANDS,5,116264430,Taxi Travel Distance [km],3.53,14.19,7.3,43.82,6,10.66
2026-05-19T10:01:23.624036100Z,TaxiAlgorithmP2PCollector,1,100,6,80,1,nearest,1,4,1,true,page-rank,page-rank,SPATIAL_ISLANDS,5,116264430,Client Waiting Time [min],0.03,10.4,1.67,99.95,60,10.370000000000001
2026-05-19T10:01:23.624036100Z,TaxiAlgorithmP2PCollector,1,100,6,80,1,nearest,1,4,1,true,page-rank,page-rank,SPATIAL_ISLANDS,5,116264430,Client Travel Time [min],8.0,637.0,180.03,14402.0,80,629.0
2026-05-19T10:01:23.624036100Z,TaxiAlgorithmP2PCollector,1,100,6,80,1,nearest,1,4,1,true,page-rank,page-rank,SPATIAL_ISLANDS,5,116264430,Calculation Time [millis],0.0,0.0,0.01,42.0,4392,0.0
2026-05-19T10:01:23.624036100Z,TaxiAlgorithmP2PCollector,1,100,6,80,1,nearest,1,4,1,true,page-rank,page-rank,SPATIAL_ISLANDS,5,116264430,Custom Time [micros],0.0,0.0,0.0,0.0,4392,0.0
2026-05-19T10:01:23.732037Z,TaxiAlgorithmP2PCollector,1,100,6,80,1,nearest,1,4,1,true,page-rank,page-rank,SPATIAL_ISLANDS,6,116264431,Taxi Travel Distance [km],4.05,14.3,7.43,44.58,6,10.25
2026-05-19T10:01:23.732037Z,TaxiAlgorithmP2PCollector,1,100,6,80,1,nearest,1,4,1,true,page-rank,page-rank,SPATIAL_ISLANDS,6,116264431,Client Waiting Time [min],0.03,7.43,0.55,29.83,54,7.3999999999999995
2026-05-19T10:01:23.732037Z,TaxiAlgorithmP2PCollector,1,100,6,80,1,nearest,1,4,1,true,page-rank,page-rank,SPATIAL_ISLANDS,6,116264431,Client Travel Time [min],5.0,740.0,163.53,13082.0,80,735.0
2026-05-19T10:01:23.732037Z,TaxiAlgorithmP2PCollector,1,100,6,80,1,nearest,1,4,1,true,page-rank,page-rank,SPATIAL_ISLANDS,6,116264431,Calculation Time [millis],0.0,0.0,0.01,41.0,4388,0.0
2026-05-19T10:01:23.732037Z,TaxiAlgorithmP2PCollector,1,100,6,80,1,nearest,1,4,1,true,page-rank,page-rank,SPATIAL_ISLANDS,6,116264431,Custom Time [micros],0.0,0.0,0.0,0.0,4388,0.0
2026-05-19T10:01:23.827039300Z,TaxiAlgorithmP2PCollector,1,100,6,80,1,nearest,1,4,1,true,page-rank,page-rank,SPATIAL_ISLANDS,7,116264432,Taxi Travel Distance [km],2.96,11.13,6.95,41.71,6,8.170000000000002
2026-05-19T10:01:23.827039300Z,TaxiAlgorithmP2PCollector,1,100,6,80,1,nearest,1,4,1,true,page-rank,page-rank,SPATIAL_ISLANDS,7,116264432,Client Waiting Time [min],0.03,9.23,1.17,62.05,53,9.200000000000001
2026-05-19T10:01:23.827039300Z,TaxiAlgorithmP2PCollector,1,100,6,80,1,nearest,1,4,1,true,page-rank,page-rank,SPATIAL_ISLANDS,7,116264432,Client Travel Time [min],6.0,891.0,191.73,15338.0,80,885.0
2026-05-19T10:01:23.827039300Z,TaxiAlgorithmP2PCollector,1,100,6,80,1,nearest,1,4,1,true,page-rank,page-rank,SPATIAL_ISLANDS,7,116264432,Calculation Time [millis],0.0,0.0,0.01,41.0,4602,0.0
2026-05-19T10:01:23.827039300Z,TaxiAlgorithmP2PCollector,1,100,6,80,1,nearest,1,4,1,true,page-rank,page-rank,SPATIAL_ISLANDS,7,116264432,Custom Time [micros],0.0,0.0,0.0,0.0,4602,0.0
2026-05-19T10:01:23.934036300Z,TaxiAlgorithmP2PCollector,1,100,6,80,1,nearest,1,4,1,true,page-rank,page-rank,SPATIAL_ISLANDS,8,116264433,Taxi Travel Distance [km],3.24,14.61,7.85,47.1,6,11.37
2026-05-19T10:01:23.934036300Z,TaxiAlgorithmP2PCollector,1,100,6,80,1,nearest,1,4,1,true,page-rank,page-rank,SPATIAL_ISLANDS,8,116264433,Client Waiting Time [min],0.03,11.37,1.38,84.0,61,11.34
2026-05-19T10:01:23.934036300Z,TaxiAlgorithmP2PCollector,1,100,6,80,1,nearest,1,4,1,true,page-rank,page-rank,SPATIAL_ISLANDS,8,116264433,Client Travel Time [min],8.0,836.0,190.86,15269.0,80,828.0
2026-05-19T10:01:23.934036300Z,TaxiAlgorithmP2PCollector,1,100,6,80,1,nearest,1,4,1,true,page-rank,page-rank,SPATIAL_ISLANDS,8,116264433,Calculation Time [millis],0.0,0.0,0.01,40.0,4106,0.0
2026-05-19T10:01:23.934036300Z,TaxiAlgorithmP2PCollector,1,100,6,80,1,nearest,1,4,1,true,page-rank,page-rank,SPATIAL_ISLANDS,8,116264433,Custom Time [micros],0.0,0.0,0.0,0.0,4106,0.0
2026-05-19T10:01:24.027037500Z,TaxiAlgorithmP2PCollector,1,100,6,80,1,nearest,1,4,1,true,page-rank,page-rank,SPATIAL_ISLANDS,9,116264434,Taxi Travel Distance [km],4.04,12.67,7.37,44.23,6,8.629999999999999
2026-05-19T10:01:24.027037500Z,TaxiAlgorithmP2PCollector,1,100,6,80,1,nearest,1,4,1,true,page-rank,page-rank,SPATIAL_ISLANDS,9,116264434,Client Waiting Time [min],0.03,9.52,0.98,58.68,60,9.49
2026-05-19T10:01:24.027037500Z,TaxiAlgorithmP2PCollector,1,100,6,80,1,nearest,1,4,1,true,page-rank,page-rank,SPATIAL_ISLANDS,9,116264434,Client Travel Time [min],6.0,912.0,189.98,15198.0,80,906.0
2026-05-19T10:01:24.027037500Z,TaxiAlgorithmP2PCollector,1,100,6,80,1,nearest,1,4,1,true,page-rank,page-rank,SPATIAL_ISLANDS,9,116264434,Calculation Time [millis],0.0,0.0,0.01,44.0,4517,0.0
2026-05-19T10:01:24.027037500Z,TaxiAlgorithmP2PCollector,1,100,6,80,1,nearest,1,4,1,true,page-rank,page-rank,SPATIAL_ISLANDS,9,116264434,Custom Time [micros],0.0,0.0,0.0,0.0,4517,0.0
2026-05-19T10:01:24.138038800Z,TaxiAlgorithmP2PCollector,1,100,6,80,1,nearest,1,4,1,true,page-rank,page-rank,SPATIAL_ISLANDS,10,116264435,Taxi Travel Distance [km],3.81,15.24,8.05,48.33,6,11.43
2026-05-19T10:01:24.138038800Z,TaxiAlgorithmP2PCollector,1,100,6,80,1,nearest,1,4,1,true,page-rank,page-rank,SPATIAL_ISLANDS,10,116264435,Client Waiting Time [min],0.03,5.22,0.57,34.02,60,5.1899999999999995
2026-05-19T10:01:24.138038800Z,TaxiAlgorithmP2PCollector,1,100,6,80,1,nearest,1,4,1,true,page-rank,page-rank,SPATIAL_ISLANDS,10,116264435,Client Travel Time [min],6.0,637.0,133.2,10656.0,80,631.0
2026-05-19T10:01:24.138038800Z,TaxiAlgorithmP2PCollector,1,100,6,80,1,nearest,1,4,1,true,page-rank,page-rank,SPATIAL_ISLANDS,10,116264435,Calculation Time [millis],0.0,0.0,0.01,40.0,4523,0.0
2026-05-19T10:01:24.138038800Z,TaxiAlgorithmP2PCollector,1,100,6,80,1,nearest,1,4,1,true,page-rank,page-rank,SPATIAL_ISLANDS,10,116264435,Custom Time [micros],0.0,0.0,0.0,0.0,4523,0.0
2026-05-19T10:01:24.234039Z,TaxiAlgorithmP2PCollector,1,200,6,80,1,nearest,1,4,0,false,none,none,BASELINE,1,116264426,Taxi Travel Distance [km],4.94,6.96,6.07,36.43,6,2.0199999999999996
2026-05-19T10:01:24.234039Z,TaxiAlgorithmP2PCollector,1,200,6,80,1,nearest,1,4,0,false,none,none,BASELINE,1,116264426,Client Waiting Time [min],0.05,11.12,1.44,92.37,64,11.069999999999999
2026-05-19T10:01:24.234039Z,TaxiAlgorithmP2PCollector,1,200,6,80,1,nearest,1,4,0,false,none,none,BASELINE,1,116264426,Client Travel Time [min],11.0,717.0,149.41,11953.0,80,706.0
2026-05-19T10:01:24.234039Z,TaxiAlgorithmP2PCollector,1,200,6,80,1,nearest,1,4,0,false,none,none,BASELINE,1,116264426,Calculation Time [millis],0.0,0.0,0.01,30.0,4497,0.0
2026-05-19T10:01:24.234039Z,TaxiAlgorithmP2PCollector,1,200,6,80,1,nearest,1,4,0,false,none,none,BASELINE,1,116264426,Custom Time [micros],0.0,0.0,0.0,0.0,4497,0.0
2026-05-19T10:01:24.327036500Z,TaxiAlgorithmP2PCollector,1,200,6,80,1,nearest,1,4,0,false,none,none,BASELINE,2,116264427,Taxi Travel Distance [km],3.14,7.57,5.58,33.49,6,4.43
2026-05-19T10:01:24.327036500Z,TaxiAlgorithmP2PCollector,1,200,6,80,1,nearest,1,4,0,false,none,none,BASELINE,2,116264427,Client Waiting Time [min],0.03,8.58,1.78,107.05,60,8.55
2026-05-19T10:01:24.327036500Z,TaxiAlgorithmP2PCollector,1,200,6,80,1,nearest,1,4,0,false,none,none,BASELINE,2,116264427,Client Travel Time [min],13.0,818.0,157.43,12594.0,80,805.0
2026-05-19T10:01:24.327036500Z,TaxiAlgorithmP2PCollector,1,200,6,80,1,nearest,1,4,0,false,none,none,BASELINE,2,116264427,Calculation Time [millis],0.0,0.0,0.01,31.0,4746,0.0
2026-05-19T10:01:24.327036500Z,TaxiAlgorithmP2PCollector,1,200,6,80,1,nearest,1,4,0,false,none,none,BASELINE,2,116264427,Custom Time [micros],0.0,0.0,0.0,0.0,4746,0.0
2026-05-19T10:01:24.419037Z,TaxiAlgorithmP2PCollector,1,200,6,80,1,nearest,1,4,0,false,none,none,BASELINE,3,116264428,Taxi Travel Distance [km],4.14,10.35,6.02,36.14,6,6.21
2026-05-19T10:01:24.419037Z,TaxiAlgorithmP2PCollector,1,200,6,80,1,nearest,1,4,0,false,none,none,BASELINE,3,116264428,Client Waiting Time [min],0.05,12.22,2.54,155.08,61,12.17
2026-05-19T10:01:24.419037Z,TaxiAlgorithmP2PCollector,1,200,6,80,1,nearest,1,4,0,false,none,none,BASELINE,3,116264428,Client Travel Time [min],16.0,760.0,215.36,17229.0,80,744.0
2026-05-19T10:01:24.419037Z,TaxiAlgorithmP2PCollector,1,200,6,80,1,nearest,1,4,0,false,none,none,BASELINE,3,116264428,Calculation Time [millis],0.0,0.0,0.01,35.0,4576,0.0
2026-05-19T10:01:24.419037Z,TaxiAlgorithmP2PCollector,1,200,6,80,1,nearest,1,4,0,false,none,none,BASELINE,3,116264428,Custom Time [micros],0.0,0.0,0.0,0.0,4576,0.0
2026-05-19T10:01:24.512041Z,TaxiAlgorithmP2PCollector,1,200,6,80,1,nearest,1,4,0,false,none,none,BASELINE,4,116264429,Taxi Travel Distance [km],1.41,10.27,5.74,34.44,6,8.86
2026-05-19T10:01:24.512041Z,TaxiAlgorithmP2PCollector,1,200,6,80,1,nearest,1,4,0,false,none,none,BASELINE,4,116264429,Client Waiting Time [min],0.07,11.6,1.94,110.73,57,11.53
2026-05-19T10:01:24.512041Z,TaxiAlgorithmP2PCollector,1,200,6,80,1,nearest,1,4,0,false,none,none,BASELINE,4,116264429,Client Travel Time [min],11.0,881.0,210.03,16802.0,80,870.0
2026-05-19T10:01:24.512041Z,TaxiAlgorithmP2PCollector,1,200,6,80,1,nearest,1,4,0,false,none,none,BASELINE,4,116264429,Calculation Time [millis],0.0,0.0,0.01,34.0,4193,0.0
2026-05-19T10:01:24.512041Z,TaxiAlgorithmP2PCollector,1,200,6,80,1,nearest,1,4,0,false,none,none,BASELINE,4,116264429,Custom Time [micros],0.0,0.0,0.0,0.0,4193,0.0
2026-05-19T10:01:24.606037400Z,TaxiAlgorithmP2PCollector,1,200,6,80,1,nearest,1,4,0,false,none,none,BASELINE,5,116264430,Taxi Travel Distance [km],3.46,9.64,6.92,41.51,6,6.180000000000001
2026-05-19T10:01:24.606037400Z,TaxiAlgorithmP2PCollector,1,200,6,80,1,nearest,1,4,0,false,none,none,BASELINE,5,116264430,Client Waiting Time [min],0.03,9.87,1.98,136.52,69,9.84
2026-05-19T10:01:24.606037400Z,TaxiAlgorithmP2PCollector,1,200,6,80,1,nearest,1,4,0,false,none,none,BASELINE,5,116264430,Client Travel Time [min],12.0,605.0,159.54,12763.0,80,593.0
2026-05-19T10:01:24.606037400Z,TaxiAlgorithmP2PCollector,1,200,6,80,1,nearest,1,4,0,false,none,none,BASELINE,5,116264430,Calculation Time [millis],0.0,0.0,0.01,35.0,4138,0.0
2026-05-19T10:01:24.606037400Z,TaxiAlgorithmP2PCollector,1,200,6,80,1,nearest,1,4,0,false,none,none,BASELINE,5,116264430,Custom Time [micros],0.0,0.0,0.0,0.0,4138,0.0
2026-05-19T10:01:24.699368500Z,TaxiAlgorithmP2PCollector,1,200,6,80,1,nearest,1,4,0,false,none,none,BASELINE,6,116264431,Taxi Travel Distance [km],4.1,9.8,6.87,41.23,6,5.700000000000001
2026-05-19T10:01:24.699368500Z,TaxiAlgorithmP2PCollector,1,200,6,80,1,nearest,1,4,0,false,none,none,BASELINE,6,116264431,Client Waiting Time [min],0.05,6.82,1.3,89.73,69,6.7700000000000005
2026-05-19T10:01:24.699368500Z,TaxiAlgorithmP2PCollector,1,200,6,80,1,nearest,1,4,0,false,none,none,BASELINE,6,116264431,Client Travel Time [min],7.0,410.0,109.91,8793.0,80,403.0
2026-05-19T10:01:24.699368500Z,TaxiAlgorithmP2PCollector,1,200,6,80,1,nearest,1,4,0,false,none,none,BASELINE,6,116264431,Calculation Time [millis],0.0,1.0,0.01,31.0,4033,1.0
2026-05-19T10:01:24.699368500Z,TaxiAlgorithmP2PCollector,1,200,6,80,1,nearest,1,4,0,false,none,none,BASELINE,6,116264431,Custom Time [micros],0.0,0.0,0.0,0.0,4033,0.0
2026-05-19T10:01:24.792444800Z,TaxiAlgorithmP2PCollector,1,200,6,80,1,nearest,1,4,0,false,none,none,BASELINE,7,116264432,Taxi Travel Distance [km],3.7,10.74,6.73,40.36,6,7.04
2026-05-19T10:01:24.792444800Z,TaxiAlgorithmP2PCollector,1,200,6,80,1,nearest,1,4,0,false,none,none,BASELINE,7,116264432,Client Waiting Time [min],0.05,10.28,1.84,126.75,69,10.229999999999999
2026-05-19T10:01:24.792444800Z,TaxiAlgorithmP2PCollector,1,200,6,80,1,nearest,1,4,0,false,none,none,BASELINE,7,116264432,Client Travel Time [min],15.0,860.0,150.25,12020.0,80,845.0
2026-05-19T10:01:24.792444800Z,TaxiAlgorithmP2PCollector,1,200,6,80,1,nearest,1,4,0,false,none,none,BASELINE,7,116264432,Calculation Time [millis],0.0,0.0,0.01,32.0,4301,0.0
2026-05-19T10:01:24.792444800Z,TaxiAlgorithmP2PCollector,1,200,6,80,1,nearest,1,4,0,false,none,none,BASELINE,7,116264432,Custom Time [micros],0.0,0.0,0.0,0.0,4301,0.0
2026-05-19T10:01:24.885367Z,TaxiAlgorithmP2PCollector,1,200,6,80,1,nearest,1,4,0,false,none,none,BASELINE,8,116264433,Taxi Travel Distance [km],2.6,11.39,6.63,39.8,6,8.790000000000001
2026-05-19T10:01:24.885367Z,TaxiAlgorithmP2PCollector,1,200,6,80,1,nearest,1,4,0,false,none,none,BASELINE,8,116264433,Client Waiting Time [min],0.03,10.82,1.88,124.28,66,10.790000000000001
2026-05-19T10:01:24.885367Z,TaxiAlgorithmP2PCollector,1,200,6,80,1,nearest,1,4,0,false,none,none,BASELINE,8,116264433,Client Travel Time [min],10.0,787.0,186.46,14917.0,80,777.0
2026-05-19T10:01:24.885367Z,TaxiAlgorithmP2PCollector,1,200,6,80,1,nearest,1,4,0,false,none,none,BASELINE,8,116264433,Calculation Time [millis],0.0,0.0,0.01,37.0,4537,0.0
2026-05-19T10:01:24.885367Z,TaxiAlgorithmP2PCollector,1,200,6,80,1,nearest,1,4,0,false,none,none,BASELINE,8,116264433,Custom Time [micros],0.0,0.0,0.0,0.0,4537,0.0
2026-05-19T10:01:24.978366600Z,TaxiAlgorithmP2PCollector,1,200,6,80,1,nearest,1,4,0,false,none,none,BASELINE,9,116264434,Taxi Travel Distance [km],2.59,10.96,6.55,39.33,6,8.370000000000001
2026-05-19T10:01:24.978366600Z,TaxiAlgorithmP2PCollector,1,200,6,80,1,nearest,1,4,0,false,none,none,BASELINE,9,116264434,Client Waiting Time [min],0.05,11.45,2.08,139.63,67,11.399999999999999
2026-05-19T10:01:24.978366600Z,TaxiAlgorithmP2PCollector,1,200,6,80,1,nearest,1,4,0,false,none,none,BASELINE,9,116264434,Client Travel Time [min],12.0,696.0,166.56,13325.0,80,684.0
2026-05-19T10:01:24.978366600Z,TaxiAlgorithmP2PCollector,1,200,6,80,1,nearest,1,4,0,false,none,none,BASELINE,9,116264434,Calculation Time [millis],0.0,1.0,0.01,42.0,4621,1.0
2026-05-19T10:01:24.978366600Z,TaxiAlgorithmP2PCollector,1,200,6,80,1,nearest,1,4,0,false,none,none,BASELINE,9,116264434,Custom Time [micros],0.0,0.0,0.0,0.0,4621,0.0
2026-05-19T10:01:25.087368100Z,TaxiAlgorithmP2PCollector,1,200,6,80,1,nearest,1,4,0,false,none,none,BASELINE,10,116264435,Taxi Travel Distance [km],1.48,8.93,5.6,33.6,6,7.449999999999999
2026-05-19T10:01:25.087368100Z,TaxiAlgorithmP2PCollector,1,200,6,80,1,nearest,1,4,0,false,none,none,BASELINE,10,116264435,Client Waiting Time [min],0.05,9.47,1.96,117.57,60,9.42
2026-05-19T10:01:25.087368100Z,TaxiAlgorithmP2PCollector,1,200,6,80,1,nearest,1,4,0,false,none,none,BASELINE,10,116264435,Client Travel Time [min],9.0,633.0,190.99,15279.0,80,624.0
2026-05-19T10:01:25.087368100Z,TaxiAlgorithmP2PCollector,1,200,6,80,1,nearest,1,4,0,false,none,none,BASELINE,10,116264435,Calculation Time [millis],0.0,0.0,0.01,36.0,4512,0.0
2026-05-19T10:01:25.087368100Z,TaxiAlgorithmP2PCollector,1,200,6,80,1,nearest,1,4,0,false,none,none,BASELINE,10,116264435,Custom Time [micros],0.0,0.0,0.0,0.0,4512,0.0
2026-05-19T10:01:25.181368700Z,TaxiAlgorithmP2PCollector,1,200,6,80,1,nearest,1,4,0,false,none,none,RUSH_HOUR,1,116264426,Taxi Travel Distance [km],4.49,9.15,6.71,40.24,6,4.66
2026-05-19T10:01:25.181368700Z,TaxiAlgorithmP2PCollector,1,200,6,80,1,nearest,1,4,0,false,none,none,RUSH_HOUR,1,116264426,Client Waiting Time [min],0.03,12.18,1.85,127.52,69,12.15
2026-05-19T10:01:25.181368700Z,TaxiAlgorithmP2PCollector,1,200,6,80,1,nearest,1,4,0,false,none,none,RUSH_HOUR,1,116264426,Client Travel Time [min],6.0,967.0,166.83,13346.0,80,961.0
2026-05-19T10:01:25.181368700Z,TaxiAlgorithmP2PCollector,1,200,6,80,1,nearest,1,4,0,false,none,none,RUSH_HOUR,1,116264426,Calculation Time [millis],0.0,0.0,0.01,32.0,4230,0.0
2026-05-19T10:01:25.181368700Z,TaxiAlgorithmP2PCollector,1,200,6,80,1,nearest,1,4,0,false,none,none,RUSH_HOUR,1,116264426,Custom Time [micros],0.0,0.0,0.0,0.0,4230,0.0
2026-05-19T10:01:25.274366900Z,TaxiAlgorithmP2PCollector,1,200,6,80,1,nearest,1,4,0,false,none,none,RUSH_HOUR,2,116264427,Taxi Travel Distance [km],5.65,8.75,6.91,41.46,6,3.0999999999999996
2026-05-19T10:01:25.274366900Z,TaxiAlgorithmP2PCollector,1,200,6,80,1,nearest,1,4,0,false,none,none,RUSH_HOUR,2,116264427,Client Waiting Time [min],0.05,7.73,1.35,87.68,65,7.680000000000001
2026-05-19T10:01:25.274366900Z,TaxiAlgorithmP2PCollector,1,200,6,80,1,nearest,1,4,0,false,none,none,RUSH_HOUR,2,116264427,Client Travel Time [min],8.0,729.0,121.5,9720.0,80,721.0
2026-05-19T10:01:25.274366900Z,TaxiAlgorithmP2PCollector,1,200,6,80,1,nearest,1,4,0,false,none,none,RUSH_HOUR,2,116264427,Calculation Time [millis],0.0,0.0,0.01,28.0,3751,0.0
2026-05-19T10:01:25.274366900Z,TaxiAlgorithmP2PCollector,1,200,6,80,1,nearest,1,4,0,false,none,none,RUSH_HOUR,2,116264427,Custom Time [micros],0.0,0.0,0.0,0.0,3751,0.0
2026-05-19T10:01:25.369404Z,TaxiAlgorithmP2PCollector,1,200,6,80,1,nearest,1,4,0,false,none,none,RUSH_HOUR,3,116264428,Taxi Travel Distance [km],4.81,8.91,7.13,42.79,6,4.1000000000000005
2026-05-19T10:01:25.369404Z,TaxiAlgorithmP2PCollector,1,200,6,80,1,nearest,1,4,0,false,none,none,RUSH_HOUR,3,116264428,Client Waiting Time [min],0.05,11.72,1.97,137.92,70,11.67
2026-05-19T10:01:25.369404Z,TaxiAlgorithmP2PCollector,1,200,6,80,1,nearest,1,4,0,false,none,none,RUSH_HOUR,3,116264428,Client Travel Time [min],11.0,802.0,177.63,14210.0,80,791.0
2026-05-19T10:01:25.369404Z,TaxiAlgorithmP2PCollector,1,200,6,80,1,nearest,1,4,0,false,none,none,RUSH_HOUR,3,116264428,Calculation Time [millis],0.0,0.0,0.01,33.0,4249,0.0
2026-05-19T10:01:25.369404Z,TaxiAlgorithmP2PCollector,1,200,6,80,1,nearest,1,4,0,false,none,none,RUSH_HOUR,3,116264428,Custom Time [micros],0.0,0.0,0.0,0.0,4249,0.0
2026-05-19T10:01:25.462403900Z,TaxiAlgorithmP2PCollector,1,200,6,80,1,nearest,1,4,0,false,none,none,RUSH_HOUR,4,116264429,Taxi Travel Distance [km],4.21,9.58,6.46,38.74,6,5.37
2026-05-19T10:01:25.462403900Z,TaxiAlgorithmP2PCollector,1,200,6,80,1,nearest,1,4,0,false,none,none,RUSH_HOUR,4,116264429,Client Waiting Time [min],0.07,12.4,1.84,119.43,65,12.33
2026-05-19T10:01:25.462403900Z,TaxiAlgorithmP2PCollector,1,200,6,80,1,nearest,1,4,0,false,none,none,RUSH_HOUR,4,116264429,Client Travel Time [min],8.0,881.0,170.01,13601.0,80,873.0
2026-05-19T10:01:25.462403900Z,TaxiAlgorithmP2PCollector,1,200,6,80,1,nearest,1,4,0,false,none,none,RUSH_HOUR,4,116264429,Calculation Time [millis],0.0,0.0,0.01,29.0,4138,0.0
2026-05-19T10:01:25.462403900Z,TaxiAlgorithmP2PCollector,1,200,6,80,1,nearest,1,4,0,false,none,none,RUSH_HOUR,4,116264429,Custom Time [micros],0.0,0.0,0.0,0.0,4138,0.0
2026-05-19T10:01:25.555406400Z,TaxiAlgorithmP2PCollector,1,200,6,80,1,nearest,1,4,0,false,none,none,RUSH_HOUR,5,116264430,Taxi Travel Distance [km],5.08,9.4,6.85,41.1,6,4.32
2026-05-19T10:01:25.555406400Z,TaxiAlgorithmP2PCollector,1,200,6,80,1,nearest,1,4,0,false,none,none,RUSH_HOUR,5,116264430,Client Waiting Time [min],0.07,10.18,2.12,144.32,68,10.11
2026-05-19T10:01:25.555406400Z,TaxiAlgorithmP2PCollector,1,200,6,80,1,nearest,1,4,0,false,none,none,RUSH_HOUR,5,116264430,Client Travel Time [min],13.0,624.0,175.39,14031.0,80,611.0
2026-05-19T10:01:25.555406400Z,TaxiAlgorithmP2PCollector,1,200,6,80,1,nearest,1,4,0,false,none,none,RUSH_HOUR,5,116264430,Calculation Time [millis],0.0,0.0,0.01,32.0,3915,0.0
2026-05-19T10:01:25.555406400Z,TaxiAlgorithmP2PCollector,1,200,6,80,1,nearest,1,4,0,false,none,none,RUSH_HOUR,5,116264430,Custom Time [micros],0.0,0.0,0.0,0.0,3915,0.0
2026-05-19T10:01:25.648414900Z,TaxiAlgorithmP2PCollector,1,200,6,80,1,nearest,1,4,0,false,none,none,RUSH_HOUR,6,116264431,Taxi Travel Distance [km],4.83,10.71,6.92,41.51,6,5.880000000000001
2026-05-19T10:01:25.648414900Z,TaxiAlgorithmP2PCollector,1,200,6,80,1,nearest,1,4,0,false,none,none,RUSH_HOUR,6,116264431,Client Waiting Time [min],0.03,10.9,2.03,141.78,70,10.870000000000001
2026-05-19T10:01:25.648414900Z,TaxiAlgorithmP2PCollector,1,200,6,80,1,nearest,1,4,0,false,none,none,RUSH_HOUR,6,116264431,Client Travel Time [min],13.0,661.0,159.13,12730.0,80,648.0
2026-05-19T10:01:25.648414900Z,TaxiAlgorithmP2PCollector,1,200,6,80,1,nearest,1,4,0,false,none,none,RUSH_HOUR,6,116264431,Calculation Time [millis],0.0,0.0,0.01,30.0,3868,0.0
2026-05-19T10:01:25.648414900Z,TaxiAlgorithmP2PCollector,1,200,6,80,1,nearest,1,4,0,false,none,none,RUSH_HOUR,6,116264431,Custom Time [micros],0.0,0.0,0.0,0.0,3868,0.0
2026-05-19T10:01:25.741415100Z,TaxiAlgorithmP2PCollector,1,200,6,80,1,nearest,1,4,0,false,none,none,RUSH_HOUR,7,116264432,Taxi Travel Distance [km],3.33,9.03,6.55,39.29,6,5.699999999999999
2026-05-19T10:01:25.741415100Z,TaxiAlgorithmP2PCollector,1,200,6,80,1,nearest,1,4,0,false,none,none,RUSH_HOUR,7,116264432,Client Waiting Time [min],0.05,12.5,1.68,111.0,66,12.45
2026-05-19T10:01:25.741415100Z,TaxiAlgorithmP2PCollector,1,200,6,80,1,nearest,1,4,0,false,none,none,RUSH_HOUR,7,116264432,Client Travel Time [min],8.0,751.0,151.06,12085.0,80,743.0
2026-05-19T10:01:25.741415100Z,TaxiAlgorithmP2PCollector,1,200,6,80,1,nearest,1,4,0,false,none,none,RUSH_HOUR,7,116264432,Calculation Time [millis],0.0,0.0,0.01,33.0,4182,0.0
2026-05-19T10:01:25.741415100Z,TaxiAlgorithmP2PCollector,1,200,6,80,1,nearest,1,4,0,false,none,none,RUSH_HOUR,7,116264432,Custom Time [micros],0.0,0.0,0.0,0.0,4182,0.0
2026-05-19T10:01:25.833416700Z,TaxiAlgorithmP2PCollector,1,200,6,80,1,nearest,1,4,0,false,none,none,RUSH_HOUR,8,116264433,Taxi Travel Distance [km],2.59,8.35,5.49,32.96,6,5.76
2026-05-19T10:01:25.833416700Z,TaxiAlgorithmP2PCollector,1,200,6,80,1,nearest,1,4,0,false,none,none,RUSH_HOUR,8,116264433,Client Waiting Time [min],0.07,10.4,2.08,108.38,52,10.33
2026-05-19T10:01:25.833416700Z,TaxiAlgorithmP2PCollector,1,200,6,80,1,nearest,1,4,0,false,none,none,RUSH_HOUR,8,116264433,Client Travel Time [min],13.0,785.0,239.53,19162.0,80,772.0
2026-05-19T10:01:25.833416700Z,TaxiAlgorithmP2PCollector,1,200,6,80,1,nearest,1,4,0,false,none,none,RUSH_HOUR,8,116264433,Calculation Time [millis],0.0,0.0,0.01,32.0,4478,0.0
2026-05-19T10:01:25.833416700Z,TaxiAlgorithmP2PCollector,1,200,6,80,1,nearest,1,4,0,false,none,none,RUSH_HOUR,8,116264433,Custom Time [micros],0.0,0.0,0.0,0.0,4478,0.0
2026-05-19T10:01:25.927139100Z,TaxiAlgorithmP2PCollector,1,200,6,80,1,nearest,1,4,0,false,none,none,RUSH_HOUR,9,116264434,Taxi Travel Distance [km],1.54,8.78,4.58,27.49,6,7.239999999999999
2026-05-19T10:01:25.927139100Z,TaxiAlgorithmP2PCollector,1,200,6,80,1,nearest,1,4,0,false,none,none,RUSH_HOUR,9,116264434,Client Waiting Time [min],0.03,12.45,1.45,76.67,53,12.42
2026-05-19T10:01:25.927139100Z,TaxiAlgorithmP2PCollector,1,200,6,80,1,nearest,1,4,0,false,none,none,RUSH_HOUR,9,116264434,Client Travel Time [min],11.0,864.0,204.71,16377.0,80,853.0
2026-05-19T10:01:25.927139100Z,TaxiAlgorithmP2PCollector,1,200,6,80,1,nearest,1,4,0,false,none,none,RUSH_HOUR,9,116264434,Calculation Time [millis],0.0,0.0,0.01,32.0,4716,0.0
2026-05-19T10:01:25.927139100Z,TaxiAlgorithmP2PCollector,1,200,6,80,1,nearest,1,4,0,false,none,none,RUSH_HOUR,9,116264434,Custom Time [micros],0.0,0.0,0.0,0.0,4716,0.0
2026-05-19T10:01:26.021845100Z,TaxiAlgorithmP2PCollector,1,200,6,80,1,nearest,1,4,0,false,none,none,RUSH_HOUR,10,116264435,Taxi Travel Distance [km],4.23,9.95,6.31,37.87,6,5.719999999999999
2026-05-19T10:01:26.021845100Z,TaxiAlgorithmP2PCollector,1,200,6,80,1,nearest,1,4,0,false,none,none,RUSH_HOUR,10,116264435,Client Waiting Time [min],0.05,8.37,1.68,112.45,67,8.319999999999999
2026-05-19T10:01:26.021845100Z,TaxiAlgorithmP2PCollector,1,200,6,80,1,nearest,1,4,0,false,none,none,RUSH_HOUR,10,116264435,Client Travel Time [min],8.0,511.0,141.28,11302.0,80,503.0
2026-05-19T10:01:26.021845100Z,TaxiAlgorithmP2PCollector,1,200,6,80,1,nearest,1,4,0,false,none,none,RUSH_HOUR,10,116264435,Calculation Time [millis],0.0,1.0,0.01,30.0,4027,1.0
2026-05-19T10:01:26.021845100Z,TaxiAlgorithmP2PCollector,1,200,6,80,1,nearest,1,4,0,false,none,none,RUSH_HOUR,10,116264435,Custom Time [micros],0.0,0.0,0.0,0.0,4027,0.0
2026-05-19T10:01:26.115847700Z,TaxiAlgorithmP2PCollector,1,200,6,80,1,nearest,1,4,0,false,none,none,SPATIAL_IMBALANCE,1,116264426,Taxi Travel Distance [km],0.22,10.07,4.29,25.75,6,9.85
2026-05-19T10:01:26.115847700Z,TaxiAlgorithmP2PCollector,1,200,6,80,1,nearest,1,4,0,false,none,none,SPATIAL_IMBALANCE,1,116264426,Client Waiting Time [min],0.05,6.12,2.1,94.33,45,6.07
2026-05-19T10:01:26.115847700Z,TaxiAlgorithmP2PCollector,1,200,6,80,1,nearest,1,4,0,false,none,none,SPATIAL_IMBALANCE,1,116264426,Client Travel Time [min],17.0,901.0,225.15,18012.0,80,884.0
2026-05-19T10:01:26.115847700Z,TaxiAlgorithmP2PCollector,1,200,6,80,1,nearest,1,4,0,false,none,none,SPATIAL_IMBALANCE,1,116264426,Calculation Time [millis],0.0,0.0,0.01,32.0,4276,0.0
2026-05-19T10:01:26.115847700Z,TaxiAlgorithmP2PCollector,1,200,6,80,1,nearest,1,4,0,false,none,none,SPATIAL_IMBALANCE,1,116264426,Custom Time [micros],0.0,0.0,0.0,0.0,4276,0.0
2026-05-19T10:01:26.207861600Z,TaxiAlgorithmP2PCollector,1,200,6,80,1,nearest,1,4,0,false,none,none,SPATIAL_IMBALANCE,2,116264427,Taxi Travel Distance [km],1.5,7.33,3.88,23.29,6,5.83
2026-05-19T10:01:26.207861600Z,TaxiAlgorithmP2PCollector,1,200,6,80,1,nearest,1,4,0,false,none,none,SPATIAL_IMBALANCE,2,116264427,Client Waiting Time [min],0.05,6.37,1.85,77.5,42,6.32
2026-05-19T10:01:26.207861600Z,TaxiAlgorithmP2PCollector,1,200,6,80,1,nearest,1,4,0,false,none,none,SPATIAL_IMBALANCE,2,116264427,Client Travel Time [min],15.0,611.0,208.05,16644.0,80,596.0
2026-05-19T10:01:26.207861600Z,TaxiAlgorithmP2PCollector,1,200,6,80,1,nearest,1,4,0,false,none,none,SPATIAL_IMBALANCE,2,116264427,Calculation Time [millis],0.0,0.0,0.01,31.0,4254,0.0
2026-05-19T10:01:26.207861600Z,TaxiAlgorithmP2PCollector,1,200,6,80,1,nearest,1,4,0,false,none,none,SPATIAL_IMBALANCE,2,116264427,Custom Time [micros],0.0,0.0,0.0,0.0,4254,0.0
2026-05-19T10:01:26.299863300Z,TaxiAlgorithmP2PCollector,1,200,6,80,1,nearest,1,4,0,false,none,none,SPATIAL_IMBALANCE,3,116264428,Taxi Travel Distance [km],1.12,5.6,3.89,23.34,6,4.4799999999999995
2026-05-19T10:01:26.299863300Z,TaxiAlgorithmP2PCollector,1,200,6,80,1,nearest,1,4,0,false,none,none,SPATIAL_IMBALANCE,3,116264428,Client Waiting Time [min],0.05,11.53,3.87,170.28,44,11.479999999999999
2026-05-19T10:01:26.299863300Z,TaxiAlgorithmP2PCollector,1,200,6,80,1,nearest,1,4,0,false,none,none,SPATIAL_IMBALANCE,3,116264428,Client Travel Time [min],29.0,789.0,298.24,23859.0,80,760.0
2026-05-19T10:01:26.299863300Z,TaxiAlgorithmP2PCollector,1,200,6,80,1,nearest,1,4,0,false,none,none,SPATIAL_IMBALANCE,3,116264428,Calculation Time [millis],0.0,1.0,0.01,35.0,4394,1.0
2026-05-19T10:01:26.299863300Z,TaxiAlgorithmP2PCollector,1,200,6,80,1,nearest,1,4,0,false,none,none,SPATIAL_IMBALANCE,3,116264428,Custom Time [micros],0.0,0.0,0.0,0.0,4394,0.0
2026-05-19T10:01:26.394874200Z,TaxiAlgorithmP2PCollector,1,200,6,80,1,nearest,1,4,0,false,none,none,SPATIAL_IMBALANCE,4,116264429,Taxi Travel Distance [km],2.47,7.63,4.79,28.74,6,5.16
2026-05-19T10:01:26.394874200Z,TaxiAlgorithmP2PCollector,1,200,6,80,1,nearest,1,4,0,false,none,none,SPATIAL_IMBALANCE,4,116264429,Client Waiting Time [min],0.07,10.22,2.67,160.2,60,10.15
2026-05-19T10:01:26.394874200Z,TaxiAlgorithmP2PCollector,1,200,6,80,1,nearest,1,4,0,false,none,none,SPATIAL_IMBALANCE,4,116264429,Client Travel Time [min],17.0,627.0,198.06,15845.0,80,610.0
2026-05-19T10:01:26.394874200Z,TaxiAlgorithmP2PCollector,1,200,6,80,1,nearest,1,4,0,false,none,none,SPATIAL_IMBALANCE,4,116264429,Calculation Time [millis],0.0,0.0,0.01,35.0,4055,0.0
2026-05-19T10:01:26.394874200Z,TaxiAlgorithmP2PCollector,1,200,6,80,1,nearest,1,4,0,false,none,none,SPATIAL_IMBALANCE,4,116264429,Custom Time [micros],0.0,0.0,0.0,0.0,4055,0.0
2026-05-19T10:01:26.487873200Z,TaxiAlgorithmP2PCollector,1,200,6,80,1,nearest,1,4,0,false,none,none,SPATIAL_IMBALANCE,5,116264430,Taxi Travel Distance [km],0.67,9.37,4.81,28.88,6,8.7
2026-05-19T10:01:26.487873200Z,TaxiAlgorithmP2PCollector,1,200,6,80,1,nearest,1,4,0,false,none,none,SPATIAL_IMBALANCE,5,116264430,Client Waiting Time [min],0.07,8.12,2.45,139.68,57,8.049999999999999
2026-05-19T10:01:26.487873200Z,TaxiAlgorithmP2PCollector,1,200,6,80,1,nearest,1,4,0,false,none,none,SPATIAL_IMBALANCE,5,116264430,Client Travel Time [min],13.0,608.0,198.2,15856.0,80,595.0
2026-05-19T10:01:26.487873200Z,TaxiAlgorithmP2PCollector,1,200,6,80,1,nearest,1,4,0,false,none,none,SPATIAL_IMBALANCE,5,116264430,Calculation Time [millis],0.0,0.0,0.01,33.0,4281,0.0
2026-05-19T10:01:26.487873200Z,TaxiAlgorithmP2PCollector,1,200,6,80,1,nearest,1,4,0,false,none,none,SPATIAL_IMBALANCE,5,116264430,Custom Time [micros],0.0,0.0,0.0,0.0,4281,0.0
2026-05-19T10:01:26.580875400Z,TaxiAlgorithmP2PCollector,1,200,6,80,1,nearest,1,4,0,false,none,none,SPATIAL_IMBALANCE,6,116264431,Taxi Travel Distance [km],0.54,6.81,3.49,20.92,6,6.27
2026-05-19T10:01:26.580875400Z,TaxiAlgorithmP2PCollector,1,200,6,80,1,nearest,1,4,0,false,none,none,SPATIAL_IMBALANCE,6,116264431,Client Waiting Time [min],0.08,8.33,2.12,82.7,39,8.25
2026-05-19T10:01:26.580875400Z,TaxiAlgorithmP2PCollector,1,200,6,80,1,nearest,1,4,0,false,none,none,SPATIAL_IMBALANCE,6,116264431,Client Travel Time [min],10.0,719.0,248.03,19842.0,80,709.0
2026-05-19T10:01:26.580875400Z,TaxiAlgorithmP2PCollector,1,200,6,80,1,nearest,1,4,0,false,none,none,SPATIAL_IMBALANCE,6,116264431,Calculation Time [millis],0.0,1.0,0.01,32.0,4181,1.0
2026-05-19T10:01:26.580875400Z,TaxiAlgorithmP2PCollector,1,200,6,80,1,nearest,1,4,0,false,none,none,SPATIAL_IMBALANCE,6,116264431,Custom Time [micros],0.0,0.0,0.0,0.0,4181,0.0
2026-05-19T10:01:26.674875900Z,TaxiAlgorithmP2PCollector,1,200,6,80,1,nearest,1,4,0,false,none,none,SPATIAL_IMBALANCE,7,116264432,Taxi Travel Distance [km],1.94,6.85,4.17,24.99,6,4.91
2026-05-19T10:01:26.674875900Z,TaxiAlgorithmP2PCollector,1,200,6,80,1,nearest,1,4,0,false,none,none,SPATIAL_IMBALANCE,7,116264432,Client Waiting Time [min],0.08,8.58,2.87,134.73,47,8.5
2026-05-19T10:01:26.674875900Z,TaxiAlgorithmP2PCollector,1,200,6,80,1,nearest,1,4,0,false,none,none,SPATIAL_IMBALANCE,7,116264432,Client Travel Time [min],15.0,949.0,246.35,19708.0,80,934.0
2026-05-19T10:01:26.674875900Z,TaxiAlgorithmP2PCollector,1,200,6,80,1,nearest,1,4,0,false,none,none,SPATIAL_IMBALANCE,7,116264432,Calculation Time [millis],0.0,0.0,0.01,32.0,4378,0.0
2026-05-19T10:01:26.674875900Z,TaxiAlgorithmP2PCollector,1,200,6,80,1,nearest,1,4,0,false,none,none,SPATIAL_IMBALANCE,7,116264432,Custom Time [micros],0.0,0.0,0.0,0.0,4378,0.0
2026-05-19T10:01:26.767874800Z,TaxiAlgorithmP2PCollector,1,200,6,80,1,nearest,1,4,0,false,none,none,SPATIAL_IMBALANCE,8,116264433,Taxi Travel Distance [km],2.47,5.14,3.87,23.19,6,2.6699999999999995
2026-05-19T10:01:26.767874800Z,TaxiAlgorithmP2PCollector,1,200,6,80,1,nearest,1,4,0,false,none,none,SPATIAL_IMBALANCE,8,116264433,Client Waiting Time [min],0.05,10.62,3.16,142.07,45,10.569999999999999
2026-05-19T10:01:26.767874800Z,TaxiAlgorithmP2PCollector,1,200,6,80,1,nearest,1,4,0,false,none,none,SPATIAL_IMBALANCE,8,116264433,Client Travel Time [min],9.0,907.0,283.91,22713.0,80,898.0
2026-05-19T10:01:26.767874800Z,TaxiAlgorithmP2PCollector,1,200,6,80,1,nearest,1,4,0,false,none,none,SPATIAL_IMBALANCE,8,116264433,Calculation Time [millis],0.0,0.0,0.01,32.0,4442,0.0
2026-05-19T10:01:26.767874800Z,TaxiAlgorithmP2PCollector,1,200,6,80,1,nearest,1,4,0,false,none,none,SPATIAL_IMBALANCE,8,116264433,Custom Time [micros],0.0,0.0,0.0,0.0,4442,0.0
2026-05-19T10:01:26.860873800Z,TaxiAlgorithmP2PCollector,1,200,6,80,1,nearest,1,4,0,false,none,none,SPATIAL_IMBALANCE,9,116264434,Taxi Travel Distance [km],0.21,5.89,3.58,21.46,6,5.68
2026-05-19T10:01:26.860873800Z,TaxiAlgorithmP2PCollector,1,200,6,80,1,nearest,1,4,0,false,none,none,SPATIAL_IMBALANCE,9,116264434,Client Waiting Time [min],0.05,6.82,2.26,95.02,42,6.7700000000000005
2026-05-19T10:01:26.860873800Z,TaxiAlgorithmP2PCollector,1,200,6,80,1,nearest,1,4,0,false,none,none,SPATIAL_IMBALANCE,9,116264434,Client Travel Time [min],10.0,745.0,239.28,19142.0,80,735.0
2026-05-19T10:01:26.860873800Z,TaxiAlgorithmP2PCollector,1,200,6,80,1,nearest,1,4,0,false,none,none,SPATIAL_IMBALANCE,9,116264434,Calculation Time [millis],0.0,0.0,0.01,31.0,4179,0.0
2026-05-19T10:01:26.860873800Z,TaxiAlgorithmP2PCollector,1,200,6,80,1,nearest,1,4,0,false,none,none,SPATIAL_IMBALANCE,9,116264434,Custom Time [micros],0.0,0.0,0.0,0.0,4179,0.0
2026-05-19T10:01:26.954873300Z,TaxiAlgorithmP2PCollector,1,200,6,80,1,nearest,1,4,0,false,none,none,SPATIAL_IMBALANCE,10,116264435,Taxi Travel Distance [km],1.0,5.51,2.73,16.4,6,4.51
2026-05-19T10:01:26.954873300Z,TaxiAlgorithmP2PCollector,1,200,6,80,1,nearest,1,4,0,false,none,none,SPATIAL_IMBALANCE,10,116264435,Client Waiting Time [min],0.05,6.6,2.57,90.08,35,6.55
2026-05-19T10:01:26.954873300Z,TaxiAlgorithmP2PCollector,1,200,6,80,1,nearest,1,4,0,false,none,none,SPATIAL_IMBALANCE,10,116264435,Client Travel Time [min],14.0,763.0,255.45,20436.0,80,749.0
2026-05-19T10:01:26.954873300Z,TaxiAlgorithmP2PCollector,1,200,6,80,1,nearest,1,4,0,false,none,none,SPATIAL_IMBALANCE,10,116264435,Calculation Time [millis],0.0,0.0,0.01,29.0,4157,0.0
2026-05-19T10:01:26.954873300Z,TaxiAlgorithmP2PCollector,1,200,6,80,1,nearest,1,4,0,false,none,none,SPATIAL_IMBALANCE,10,116264435,Custom Time [micros],0.0,0.0,0.0,0.0,4157,0.0
2026-05-19T10:01:27.047876500Z,TaxiAlgorithmP2PCollector,1,200,6,80,1,nearest,1,4,0,false,none,none,SPATIAL_ISLANDS,1,116264426,Taxi Travel Distance [km],1.16,7.69,4.06,24.37,6,6.53
2026-05-19T10:01:27.047876500Z,TaxiAlgorithmP2PCollector,1,200,6,80,1,nearest,1,4,0,false,none,none,SPATIAL_ISLANDS,1,116264426,Client Waiting Time [min],0.07,12.07,2.44,107.5,44,12.0
2026-05-19T10:01:27.047876500Z,TaxiAlgorithmP2PCollector,1,200,6,80,1,nearest,1,4,0,false,none,none,SPATIAL_ISLANDS,1,116264426,Client Travel Time [min],18.0,733.0,256.15,20492.0,80,715.0
2026-05-19T10:01:27.047876500Z,TaxiAlgorithmP2PCollector,1,200,6,80,1,nearest,1,4,0,false,none,none,SPATIAL_ISLANDS,1,116264426,Calculation Time [millis],0.0,1.0,0.01,35.0,4433,1.0
2026-05-19T10:01:27.047876500Z,TaxiAlgorithmP2PCollector,1,200,6,80,1,nearest,1,4,0,false,none,none,SPATIAL_ISLANDS,1,116264426,Custom Time [micros],0.0,0.0,0.0,0.0,4433,0.0
2026-05-19T10:01:27.140874Z,TaxiAlgorithmP2PCollector,1,200,6,80,1,nearest,1,4,0,false,none,none,SPATIAL_ISLANDS,2,116264427,Taxi Travel Distance [km],2.03,9.54,5.01,30.05,6,7.51
2026-05-19T10:01:27.140874Z,TaxiAlgorithmP2PCollector,1,200,6,80,1,nearest,1,4,0,false,none,none,SPATIAL_ISLANDS,2,116264427,Client Waiting Time [min],0.05,9.87,2.82,146.58,52,9.819999999999999
2026-05-19T10:01:27.140874Z,TaxiAlgorithmP2PCollector,1,200,6,80,1,nearest,1,4,0,false,none,none,SPATIAL_ISLANDS,2,116264427,Client Travel Time [min],20.0,858.0,245.81,19665.0,80,838.0
2026-05-19T10:01:27.140874Z,TaxiAlgorithmP2PCollector,1,200,6,80,1,nearest,1,4,0,false,none,none,SPATIAL_ISLANDS,2,116264427,Calculation Time [millis],0.0,0.0,0.01,34.0,4655,0.0
2026-05-19T10:01:27.140874Z,TaxiAlgorithmP2PCollector,1,200,6,80,1,nearest,1,4,0,false,none,none,SPATIAL_ISLANDS,2,116264427,Custom Time [micros],0.0,0.0,0.0,0.0,4655,0.0
2026-05-19T10:01:27.235085600Z,TaxiAlgorithmP2PCollector,1,200,6,80,1,nearest,1,4,0,false,none,none,SPATIAL_ISLANDS,3,116264428,Taxi Travel Distance [km],1.26,5.27,2.8,16.81,6,4.01
2026-05-19T10:01:27.235085600Z,TaxiAlgorithmP2PCollector,1,200,6,80,1,nearest,1,4,0,false,none,none,SPATIAL_ISLANDS,3,116264428,Client Waiting Time [min],0.1,10.18,4.39,145.0,33,10.08
2026-05-19T10:01:27.235085600Z,TaxiAlgorithmP2PCollector,1,200,6,80,1,nearest,1,4,0,false,none,none,SPATIAL_ISLANDS,3,116264428,Client Travel Time [min],20.0,908.0,357.86,28629.0,80,888.0
2026-05-19T10:01:27.235085600Z,TaxiAlgorithmP2PCollector,1,200,6,80,1,nearest,1,4,0,false,none,none,SPATIAL_ISLANDS,3,116264428,Calculation Time [millis],0.0,0.0,0.01,33.0,4396,0.0
2026-05-19T10:01:27.235085600Z,TaxiAlgorithmP2PCollector,1,200,6,80,1,nearest,1,4,0,false,none,none,SPATIAL_ISLANDS,3,116264428,Custom Time [micros],0.0,0.0,0.0,0.0,4396,0.0
2026-05-19T10:01:27.328087300Z,TaxiAlgorithmP2PCollector,1,200,6,80,1,nearest,1,4,0,false,none,none,SPATIAL_ISLANDS,4,116264429,Taxi Travel Distance [km],2.91,11.14,5.51,33.05,6,8.23
2026-05-19T10:01:27.328087300Z,TaxiAlgorithmP2PCollector,1,200,6,80,1,nearest,1,4,0,false,none,none,SPATIAL_ISLANDS,4,116264429,Client Waiting Time [min],0.03,9.47,2.81,160.17,57,9.440000000000001
2026-05-19T10:01:27.328087300Z,TaxiAlgorithmP2PCollector,1,200,6,80,1,nearest,1,4,0,false,none,none,SPATIAL_ISLANDS,4,116264429,Client Travel Time [min],16.0,805.0,229.31,18345.0,80,789.0
2026-05-19T10:01:27.328087300Z,TaxiAlgorithmP2PCollector,1,200,6,80,1,nearest,1,4,0,false,none,none,SPATIAL_ISLANDS,4,116264429,Calculation Time [millis],0.0,1.0,0.01,41.0,4776,1.0
2026-05-19T10:01:27.328087300Z,TaxiAlgorithmP2PCollector,1,200,6,80,1,nearest,1,4,0,false,none,none,SPATIAL_ISLANDS,4,116264429,Custom Time [micros],0.0,0.0,0.0,0.0,4776,0.0
2026-05-19T10:01:27.422086400Z,TaxiAlgorithmP2PCollector,1,200,6,80,1,nearest,1,4,0,false,none,none,SPATIAL_ISLANDS,5,116264430,Taxi Travel Distance [km],0.81,5.2,3.33,19.99,6,4.390000000000001
2026-05-19T10:01:27.422086400Z,TaxiAlgorithmP2PCollector,1,200,6,80,1,nearest,1,4,0,false,none,none,SPATIAL_ISLANDS,5,116264430,Client Waiting Time [min],0.1,11.17,3.99,163.38,41,11.07
2026-05-19T10:01:27.422086400Z,TaxiAlgorithmP2PCollector,1,200,6,80,1,nearest,1,4,0,false,none,none,SPATIAL_ISLANDS,5,116264430,Client Travel Time [min],18.0,682.0,311.41,24913.0,80,664.0
2026-05-19T10:01:27.422086400Z,TaxiAlgorithmP2PCollector,1,200,6,80,1,nearest,1,4,0,false,none,none,SPATIAL_ISLANDS,5,116264430,Calculation Time [millis],0.0,0.0,0.01,33.0,4362,0.0
2026-05-19T10:01:27.422086400Z,TaxiAlgorithmP2PCollector,1,200,6,80,1,nearest,1,4,0,false,none,none,SPATIAL_ISLANDS,5,116264430,Custom Time [micros],0.0,0.0,0.0,0.0,4362,0.0
2026-05-19T10:01:27.514088300Z,TaxiAlgorithmP2PCollector,1,200,6,80,1,nearest,1,4,0,false,none,none,SPATIAL_ISLANDS,6,116264431,Taxi Travel Distance [km],1.79,6.7,4.44,26.64,6,4.91
2026-05-19T10:01:27.514088300Z,TaxiAlgorithmP2PCollector,1,200,6,80,1,nearest,1,4,0,false,none,none,SPATIAL_ISLANDS,6,116264431,Client Waiting Time [min],0.1,9.18,2.12,88.93,42,9.08
2026-05-19T10:01:27.514088300Z,TaxiAlgorithmP2PCollector,1,200,6,80,1,nearest,1,4,0,false,none,none,SPATIAL_ISLANDS,6,116264431,Client Travel Time [min],12.0,733.0,259.21,20737.0,80,721.0
2026-05-19T10:01:27.514088300Z,TaxiAlgorithmP2PCollector,1,200,6,80,1,nearest,1,4,0,false,none,none,SPATIAL_ISLANDS,6,116264431,Calculation Time [millis],0.0,0.0,0.01,32.0,4466,0.0
2026-05-19T10:01:27.514088300Z,TaxiAlgorithmP2PCollector,1,200,6,80,1,nearest,1,4,0,false,none,none,SPATIAL_ISLANDS,6,116264431,Custom Time [micros],0.0,0.0,0.0,0.0,4466,0.0
2026-05-19T10:01:27.610086800Z,TaxiAlgorithmP2PCollector,1,200,6,80,1,nearest,1,4,0,false,none,none,SPATIAL_ISLANDS,7,116264432,Taxi Travel Distance [km],1.78,5.64,4.04,24.21,6,3.8599999999999994
2026-05-19T10:01:27.610086800Z,TaxiAlgorithmP2PCollector,1,200,6,80,1,nearest,1,4,0,false,none,none,SPATIAL_ISLANDS,7,116264432,Client Waiting Time [min],0.05,11.05,3.59,161.73,45,11.0
2026-05-19T10:01:27.610086800Z,TaxiAlgorithmP2PCollector,1,200,6,80,1,nearest,1,4,0,false,none,none,SPATIAL_ISLANDS,7,116264432,Client Travel Time [min],17.0,761.0,281.0,22480.0,80,744.0
2026-05-19T10:01:27.610086800Z,TaxiAlgorithmP2PCollector,1,200,6,80,1,nearest,1,4,0,false,none,none,SPATIAL_ISLANDS,7,116264432,Calculation Time [millis],0.0,0.0,0.01,34.0,4602,0.0
2026-05-19T10:01:27.610086800Z,TaxiAlgorithmP2PCollector,1,200,6,80,1,nearest,1,4,0,false,none,none,SPATIAL_ISLANDS,7,116264432,Custom Time [micros],0.0,0.0,0.0,0.0,4602,0.0
2026-05-19T10:01:27.705088800Z,TaxiAlgorithmP2PCollector,1,200,6,80,1,nearest,1,4,0,false,none,none,SPATIAL_ISLANDS,8,116264433,Taxi Travel Distance [km],0.62,7.1,2.66,15.94,6,6.4799999999999995
2026-05-19T10:01:27.705088800Z,TaxiAlgorithmP2PCollector,1,200,6,80,1,nearest,1,4,0,false,none,none,SPATIAL_ISLANDS,8,116264433,Client Waiting Time [min],0.13,9.95,4.81,139.47,29,9.819999999999999
2026-05-19T10:01:27.705088800Z,TaxiAlgorithmP2PCollector,1,200,6,80,1,nearest,1,4,0,false,none,none,SPATIAL_ISLANDS,8,116264433,Client Travel Time [min],30.0,836.0,391.68,31334.0,80,806.0
2026-05-19T10:01:27.705088800Z,TaxiAlgorithmP2PCollector,1,200,6,80,1,nearest,1,4,0,false,none,none,SPATIAL_ISLANDS,8,116264433,Calculation Time [millis],0.0,0.0,0.01,34.0,4442,0.0
2026-05-19T10:01:27.705088800Z,TaxiAlgorithmP2PCollector,1,200,6,80,1,nearest,1,4,0,false,none,none,SPATIAL_ISLANDS,8,116264433,Custom Time [micros],0.0,0.0,0.0,0.0,4442,0.0
2026-05-19T10:01:27.800089400Z,TaxiAlgorithmP2PCollector,1,200,6,80,1,nearest,1,4,0,false,none,none,SPATIAL_ISLANDS,9,116264434,Taxi Travel Distance [km],3.2,9.48,5.42,32.54,6,6.28
2026-05-19T10:01:27.800089400Z,TaxiAlgorithmP2PCollector,1,200,6,80,1,nearest,1,4,0,false,none,none,SPATIAL_ISLANDS,9,116264434,Client Waiting Time [min],0.07,13.27,2.78,161.45,58,13.2
2026-05-19T10:01:27.800089400Z,TaxiAlgorithmP2PCollector,1,200,6,80,1,nearest,1,4,0,false,none,none,SPATIAL_ISLANDS,9,116264434,Client Travel Time [min],10.0,876.0,224.69,17975.0,80,866.0
2026-05-19T10:01:27.800089400Z,TaxiAlgorithmP2PCollector,1,200,6,80,1,nearest,1,4,0,false,none,none,SPATIAL_ISLANDS,9,116264434,Calculation Time [millis],0.0,0.0,0.01,33.0,4581,0.0
2026-05-19T10:01:27.800089400Z,TaxiAlgorithmP2PCollector,1,200,6,80,1,nearest,1,4,0,false,none,none,SPATIAL_ISLANDS,9,116264434,Custom Time [micros],0.0,0.0,0.0,0.0,4581,0.0
2026-05-19T10:01:27.892089100Z,TaxiAlgorithmP2PCollector,1,200,6,80,1,nearest,1,4,0,false,none,none,SPATIAL_ISLANDS,10,116264435,Taxi Travel Distance [km],1.27,6.96,5.1,30.63,6,5.6899999999999995
2026-05-19T10:01:27.892089100Z,TaxiAlgorithmP2PCollector,1,200,6,80,1,nearest,1,4,0,false,none,none,SPATIAL_ISLANDS,10,116264435,Client Waiting Time [min],0.05,11.88,3.09,170.18,55,11.83
2026-05-19T10:01:27.892089100Z,TaxiAlgorithmP2PCollector,1,200,6,80,1,nearest,1,4,0,false,none,none,SPATIAL_ISLANDS,10,116264435,Client Travel Time [min],11.0,720.0,233.45,18676.0,80,709.0
2026-05-19T10:01:27.892089100Z,TaxiAlgorithmP2PCollector,1,200,6,80,1,nearest,1,4,0,false,none,none,SPATIAL_ISLANDS,10,116264435,Calculation Time [millis],0.0,0.0,0.01,33.0,4523,0.0
2026-05-19T10:01:27.892089100Z,TaxiAlgorithmP2PCollector,1,200,6,80,1,nearest,1,4,0,false,none,none,SPATIAL_ISLANDS,10,116264435,Custom Time [micros],0.0,0.0,0.0,0.0,4523,0.0
2026-05-19T10:01:28.017087300Z,TaxiAlgorithmP2PCollector,1,200,6,80,1,nearest,1,4,0,true,page-rank,page-rank,BASELINE,1,116264426,Taxi Travel Distance [km],31.88,35.98,34.28,205.67,6,4.099999999999998
2026-05-19T10:01:28.017087300Z,TaxiAlgorithmP2PCollector,1,200,6,80,1,nearest,1,4,0,true,page-rank,page-rank,BASELINE,1,116264426,Client Waiting Time [min],0.05,4.82,0.83,65.6,79,4.7700000000000005
2026-05-19T10:01:28.017087300Z,TaxiAlgorithmP2PCollector,1,200,6,80,1,nearest,1,4,0,true,page-rank,page-rank,BASELINE,1,116264426,Client Travel Time [min],8.0,294.0,69.66,5573.0,80,286.0
2026-05-19T10:01:28.017087300Z,TaxiAlgorithmP2PCollector,1,200,6,80,1,nearest,1,4,0,true,page-rank,page-rank,BASELINE,1,116264426,Calculation Time [millis],0.0,1.0,0.02,64.0,4056,1.0
2026-05-19T10:01:28.017087300Z,TaxiAlgorithmP2PCollector,1,200,6,80,1,nearest,1,4,0,true,page-rank,page-rank,BASELINE,1,116264426,Custom Time [micros],0.0,0.0,0.0,0.0,4056,0.0
2026-05-19T10:01:28.111088700Z,TaxiAlgorithmP2PCollector,1,200,6,80,1,nearest,1,4,0,true,page-rank,page-rank,BASELINE,2,116264427,Taxi Travel Distance [km],20.67,27.23,24.81,148.85,6,6.559999999999999
2026-05-19T10:01:28.111088700Z,TaxiAlgorithmP2PCollector,1,200,6,80,1,nearest,1,4,0,true,page-rank,page-rank,BASELINE,2,116264427,Client Waiting Time [min],0.08,2.43,0.63,49.43,78,2.35
2026-05-19T10:01:28.111088700Z,TaxiAlgorithmP2PCollector,1,200,6,80,1,nearest,1,4,0,true,page-rank,page-rank,BASELINE,2,116264427,Client Travel Time [min],15.0,166.0,58.95,4716.0,80,151.0
2026-05-19T10:01:28.111088700Z,TaxiAlgorithmP2PCollector,1,200,6,80,1,nearest,1,4,0,true,page-rank,page-rank,BASELINE,2,116264427,Calculation Time [millis],0.0,0.0,0.01,43.0,4026,0.0
2026-05-19T10:01:28.111088700Z,TaxiAlgorithmP2PCollector,1,200,6,80,1,nearest,1,4,0,true,page-rank,page-rank,BASELINE,2,116264427,Custom Time [micros],0.0,0.0,0.0,0.0,4026,0.0
2026-05-19T10:01:28.234086300Z,TaxiAlgorithmP2PCollector,1,200,6,80,1,nearest,1,4,0,true,page-rank,page-rank,BASELINE,3,116264428,Taxi Travel Distance [km],27.16,31.39,29.09,174.51,6,4.23
2026-05-19T10:01:28.234086300Z,TaxiAlgorithmP2PCollector,1,200,6,80,1,nearest,1,4,0,true,page-rank,page-rank,BASELINE,3,116264428,Client Waiting Time [min],0.05,2.92,0.68,53.55,79,2.87
2026-05-19T10:01:28.234086300Z,TaxiAlgorithmP2PCollector,1,200,6,80,1,nearest,1,4,0,true,page-rank,page-rank,BASELINE,3,116264428,Client Travel Time [min],16.0,197.0,64.39,5151.0,80,181.0
2026-05-19T10:01:28.234086300Z,TaxiAlgorithmP2PCollector,1,200,6,80,1,nearest,1,4,0,true,page-rank,page-rank,BASELINE,3,116264428,Calculation Time [millis],0.0,1.0,0.01,53.0,3900,1.0
2026-05-19T10:01:28.234086300Z,TaxiAlgorithmP2PCollector,1,200,6,80,1,nearest,1,4,0,true,page-rank,page-rank,BASELINE,3,116264428,Custom Time [micros],0.0,0.0,0.0,0.0,3900,0.0
2026-05-19T10:01:28.358088600Z,TaxiAlgorithmP2PCollector,1,200,6,80,1,nearest,1,4,0,true,page-rank,page-rank,BASELINE,4,116264429,Taxi Travel Distance [km],24.27,31.52,26.48,158.9,6,7.25
2026-05-19T10:01:28.358088600Z,TaxiAlgorithmP2PCollector,1,200,6,80,1,nearest,1,4,0,true,page-rank,page-rank,BASELINE,4,116264429,Client Waiting Time [min],0.05,4.42,0.7,55.08,79,4.37
2026-05-19T10:01:28.358088600Z,TaxiAlgorithmP2PCollector,1,200,6,80,1,nearest,1,4,0,true,page-rank,page-rank,BASELINE,4,116264429,Client Travel Time [min],11.0,289.0,63.84,5107.0,80,278.0
2026-05-19T10:01:28.358088600Z,TaxiAlgorithmP2PCollector,1,200,6,80,1,nearest,1,4,0,true,page-rank,page-rank,BASELINE,4,116264429,Calculation Time [millis],0.0,0.0,0.01,51.0,3998,0.0
2026-05-19T10:01:28.358088600Z,TaxiAlgorithmP2PCollector,1,200,6,80,1,nearest,1,4,0,true,page-rank,page-rank,BASELINE,4,116264429,Custom Time [micros],0.0,0.0,0.0,0.0,3998,0.0
2026-05-19T10:01:28.484086600Z,TaxiAlgorithmP2PCollector,1,200,6,80,1,nearest,1,4,0,true,page-rank,page-rank,BASELINE,5,116264430,Taxi Travel Distance [km],29.59,34.36,32.11,192.66,6,4.77
2026-05-19T10:01:28.484086600Z,TaxiAlgorithmP2PCollector,1,200,6,80,1,nearest,1,4,0,true,page-rank,page-rank,BASELINE,5,116264430,Client Waiting Time [min],0.07,3.3,0.83,66.42,80,3.23
2026-05-19T10:01:28.484086600Z,TaxiAlgorithmP2PCollector,1,200,6,80,1,nearest,1,4,0,true,page-rank,page-rank,BASELINE,5,116264430,Client Travel Time [min],11.0,199.0,71.79,5743.0,80,188.0
2026-05-19T10:01:28.484086600Z,TaxiAlgorithmP2PCollector,1,200,6,80,1,nearest,1,4,0,true,page-rank,page-rank,BASELINE,5,116264430,Calculation Time [millis],0.0,0.0,0.02,62.0,4031,0.0
2026-05-19T10:01:28.484086600Z,TaxiAlgorithmP2PCollector,1,200,6,80,1,nearest,1,4,0,true,page-rank,page-rank,BASELINE,5,116264430,Custom Time [micros],0.0,0.0,0.0,0.0,4031,0.0
2026-05-19T10:01:28.577088700Z,TaxiAlgorithmP2PCollector,1,200,6,80,1,nearest,1,4,0,true,page-rank,page-rank,BASELINE,6,116264431,Taxi Travel Distance [km],24.35,28.98,26.83,161.0,6,4.629999999999999
2026-05-19T10:01:28.577088700Z,TaxiAlgorithmP2PCollector,1,200,6,80,1,nearest,1,4,0,true,page-rank,page-rank,BASELINE,6,116264431,Client Waiting Time [min],0.05,2.63,0.69,53.78,78,2.58
2026-05-19T10:01:28.577088700Z,TaxiAlgorithmP2PCollector,1,200,6,80,1,nearest,1,4,0,true,page-rank,page-rank,BASELINE,6,116264431,Client Travel Time [min],11.0,179.0,62.5,5000.0,80,168.0
2026-05-19T10:01:28.577088700Z,TaxiAlgorithmP2PCollector,1,200,6,80,1,nearest,1,4,0,true,page-rank,page-rank,BASELINE,6,116264431,Calculation Time [millis],0.0,0.0,0.01,47.0,3984,0.0
2026-05-19T10:01:28.577088700Z,TaxiAlgorithmP2PCollector,1,200,6,80,1,nearest,1,4,0,true,page-rank,page-rank,BASELINE,6,116264431,Custom Time [micros],0.0,0.0,0.0,0.0,3984,0.0
2026-05-19T10:01:28.685087900Z,TaxiAlgorithmP2PCollector,1,200,6,80,1,nearest,1,4,0,true,page-rank,page-rank,BASELINE,7,116264432,Taxi Travel Distance [km],24.18,26.0,25.25,151.52,6,1.8200000000000003
2026-05-19T10:01:28.685087900Z,TaxiAlgorithmP2PCollector,1,200,6,80,1,nearest,1,4,0,true,page-rank,page-rank,BASELINE,7,116264432,Client Waiting Time [min],0.03,3.17,0.59,46.23,78,3.14
2026-05-19T10:01:28.685087900Z,TaxiAlgorithmP2PCollector,1,200,6,80,1,nearest,1,4,0,true,page-rank,page-rank,BASELINE,7,116264432,Client Travel Time [min],10.0,200.0,58.5,4680.0,80,190.0
2026-05-19T10:01:28.685087900Z,TaxiAlgorithmP2PCollector,1,200,6,80,1,nearest,1,4,0,true,page-rank,page-rank,BASELINE,7,116264432,Calculation Time [millis],0.0,0.0,0.01,47.0,4098,0.0
2026-05-19T10:01:28.685087900Z,TaxiAlgorithmP2PCollector,1,200,6,80,1,nearest,1,4,0,true,page-rank,page-rank,BASELINE,7,116264432,Custom Time [micros],0.0,0.0,0.0,0.0,4098,0.0
2026-05-19T10:01:28.794087800Z,TaxiAlgorithmP2PCollector,1,200,6,80,1,nearest,1,4,0,true,page-rank,page-rank,BASELINE,8,116264433,Taxi Travel Distance [km],29.5,32.85,30.95,185.71,6,3.3500000000000014
2026-05-19T10:01:28.794087800Z,TaxiAlgorithmP2PCollector,1,200,6,80,1,nearest,1,4,0,true,page-rank,page-rank,BASELINE,8,116264433,Client Waiting Time [min],0.03,4.67,0.86,67.12,78,4.64
2026-05-19T10:01:28.794087800Z,TaxiAlgorithmP2PCollector,1,200,6,80,1,nearest,1,4,0,true,page-rank,page-rank,BASELINE,8,116264433,Client Travel Time [min],14.0,294.0,76.08,6086.0,80,280.0
2026-05-19T10:01:28.794087800Z,TaxiAlgorithmP2PCollector,1,200,6,80,1,nearest,1,4,0,true,page-rank,page-rank,BASELINE,8,116264433,Calculation Time [millis],0.0,1.0,0.01,55.0,4046,1.0
2026-05-19T10:01:28.794087800Z,TaxiAlgorithmP2PCollector,1,200,6,80,1,nearest,1,4,0,true,page-rank,page-rank,BASELINE,8,116264433,Custom Time [micros],0.0,0.0,0.0,0.0,4046,0.0
2026-05-19T10:01:28.934086300Z,TaxiAlgorithmP2PCollector,1,200,6,80,1,nearest,1,4,0,true,page-rank,page-rank,BASELINE,9,116264434,Taxi Travel Distance [km],27.04,33.97,30.91,185.46,6,6.93
2026-05-19T10:01:28.934086300Z,TaxiAlgorithmP2PCollector,1,200,6,80,1,nearest,1,4,0,true,page-rank,page-rank,BASELINE,9,116264434,Client Waiting Time [min],0.05,3.17,0.72,56.65,79,3.12
2026-05-19T10:01:28.934086300Z,TaxiAlgorithmP2PCollector,1,200,6,80,1,nearest,1,4,0,true,page-rank,page-rank,BASELINE,9,116264434,Client Travel Time [min],15.0,193.0,65.4,5232.0,80,178.0
2026-05-19T10:01:28.934086300Z,TaxiAlgorithmP2PCollector,1,200,6,80,1,nearest,1,4,0,true,page-rank,page-rank,BASELINE,9,116264434,Calculation Time [millis],0.0,0.0,0.01,54.0,4062,0.0
2026-05-19T10:01:28.934086300Z,TaxiAlgorithmP2PCollector,1,200,6,80,1,nearest,1,4,0,true,page-rank,page-rank,BASELINE,9,116264434,Custom Time [micros],0.0,0.0,0.0,0.0,4062,0.0
2026-05-19T10:01:29.028098200Z,TaxiAlgorithmP2PCollector,1,200,6,80,1,nearest,1,4,0,true,page-rank,page-rank,BASELINE,10,116264435,Taxi Travel Distance [km],26.24,31.78,28.47,170.85,6,5.540000000000003
2026-05-19T10:01:29.028098200Z,TaxiAlgorithmP2PCollector,1,200,6,80,1,nearest,1,4,0,true,page-rank,page-rank,BASELINE,10,116264435,Client Waiting Time [min],0.03,2.68,0.72,57.28,80,2.6500000000000004
2026-05-19T10:01:29.028098200Z,TaxiAlgorithmP2PCollector,1,200,6,80,1,nearest,1,4,0,true,page-rank,page-rank,BASELINE,10,116264435,Client Travel Time [min],9.0,190.0,63.91,5113.0,80,181.0
2026-05-19T10:01:29.028098200Z,TaxiAlgorithmP2PCollector,1,200,6,80,1,nearest,1,4,0,true,page-rank,page-rank,BASELINE,10,116264435,Calculation Time [millis],0.0,1.0,0.01,50.0,4081,1.0
2026-05-19T10:01:29.028098200Z,TaxiAlgorithmP2PCollector,1,200,6,80,1,nearest,1,4,0,true,page-rank,page-rank,BASELINE,10,116264435,Custom Time [micros],0.0,0.0,0.0,0.0,4081,0.0
2026-05-19T10:01:29.136134600Z,TaxiAlgorithmP2PCollector,1,200,6,80,1,nearest,1,4,0,true,page-rank,page-rank,RUSH_HOUR,1,116264426,Taxi Travel Distance [km],3.9,11.28,8.55,51.3,6,7.379999999999999
2026-05-19T10:01:29.136134600Z,TaxiAlgorithmP2PCollector,1,200,6,80,1,nearest,1,4,0,true,page-rank,page-rank,RUSH_HOUR,1,116264426,Client Waiting Time [min],0.05,12.4,2.18,141.95,65,12.35
2026-05-19T10:01:29.136134600Z,TaxiAlgorithmP2PCollector,1,200,6,80,1,nearest,1,4,0,true,page-rank,page-rank,RUSH_HOUR,1,116264426,Client Travel Time [min],14.0,747.0,174.19,13935.0,80,733.0
2026-05-19T10:01:29.136134600Z,TaxiAlgorithmP2PCollector,1,200,6,80,1,nearest,1,4,0,true,page-rank,page-rank,RUSH_HOUR,1,116264426,Calculation Time [millis],0.0,0.0,0.01,38.0,3843,0.0
2026-05-19T10:01:29.136134600Z,TaxiAlgorithmP2PCollector,1,200,6,80,1,nearest,1,4,0,true,page-rank,page-rank,RUSH_HOUR,1,116264426,Custom Time [micros],0.0,0.0,0.0,0.0,3843,0.0
2026-05-19T10:01:29.230132300Z,TaxiAlgorithmP2PCollector,1,200,6,80,1,nearest,1,4,0,true,page-rank,page-rank,RUSH_HOUR,2,116264427,Taxi Travel Distance [km],5.35,12.36,8.68,52.07,6,7.01
2026-05-19T10:01:29.230132300Z,TaxiAlgorithmP2PCollector,1,200,6,80,1,nearest,1,4,0,true,page-rank,page-rank,RUSH_HOUR,2,116264427,Client Waiting Time [min],0.05,8.6,0.85,52.78,62,8.549999999999999
2026-05-19T10:01:29.230132300Z,TaxiAlgorithmP2PCollector,1,200,6,80,1,nearest,1,4,0,true,page-rank,page-rank,RUSH_HOUR,2,116264427,Client Travel Time [min],12.0,793.0,124.48,9958.0,80,781.0
2026-05-19T10:01:29.230132300Z,TaxiAlgorithmP2PCollector,1,200,6,80,1,nearest,1,4,0,true,page-rank,page-rank,RUSH_HOUR,2,116264427,Calculation Time [millis],0.0,0.0,0.01,37.0,4010,0.0
2026-05-19T10:01:29.230132300Z,TaxiAlgorithmP2PCollector,1,200,6,80,1,nearest,1,4,0,true,page-rank,page-rank,RUSH_HOUR,2,116264427,Custom Time [micros],0.0,0.0,0.0,0.0,4010,0.0
2026-05-19T10:01:29.324133200Z,TaxiAlgorithmP2PCollector,1,200,6,80,1,nearest,1,4,0,true,page-rank,page-rank,RUSH_HOUR,3,116264428,Taxi Travel Distance [km],4.41,13.54,8.9,53.39,6,9.129999999999999
2026-05-19T10:01:29.324133200Z,TaxiAlgorithmP2PCollector,1,200,6,80,1,nearest,1,4,0,true,page-rank,page-rank,RUSH_HOUR,3,116264428,Client Waiting Time [min],0.05,10.63,2.55,165.45,65,10.58
2026-05-19T10:01:29.324133200Z,TaxiAlgorithmP2PCollector,1,200,6,80,1,nearest,1,4,0,true,page-rank,page-rank,RUSH_HOUR,3,116264428,Client Travel Time [min],17.0,654.0,197.53,15802.0,80,637.0
2026-05-19T10:01:29.324133200Z,TaxiAlgorithmP2PCollector,1,200,6,80,1,nearest,1,4,0,true,page-rank,page-rank,RUSH_HOUR,3,116264428,Calculation Time [millis],0.0,0.0,0.01,36.0,4242,0.0
2026-05-19T10:01:29.324133200Z,TaxiAlgorithmP2PCollector,1,200,6,80,1,nearest,1,4,0,true,page-rank,page-rank,RUSH_HOUR,3,116264428,Custom Time [micros],0.0,0.0,0.0,0.0,4242,0.0
2026-05-19T10:01:29.433649100Z,TaxiAlgorithmP2PCollector,1,200,6,80,1,nearest,1,4,0,true,page-rank,page-rank,RUSH_HOUR,4,116264429,Taxi Travel Distance [km],6.94,15.04,9.93,59.56,6,8.099999999999998
2026-05-19T10:01:29.433649100Z,TaxiAlgorithmP2PCollector,1,200,6,80,1,nearest,1,4,0,true,page-rank,page-rank,RUSH_HOUR,4,116264429,Client Waiting Time [min],0.03,6.25,1.24,85.32,69,6.22
2026-05-19T10:01:29.433649100Z,TaxiAlgorithmP2PCollector,1,200,6,80,1,nearest,1,4,0,true,page-rank,page-rank,RUSH_HOUR,4,116264429,Client Travel Time [min],15.0,466.0,114.18,9134.0,80,451.0
2026-05-19T10:01:29.433649100Z,TaxiAlgorithmP2PCollector,1,200,6,80,1,nearest,1,4,0,true,page-rank,page-rank,RUSH_HOUR,4,116264429,Calculation Time [millis],0.0,0.0,0.01,34.0,4138,0.0
2026-05-19T10:01:29.433649100Z,TaxiAlgorithmP2PCollector,1,200,6,80,1,nearest,1,4,0,true,page-rank,page-rank,RUSH_HOUR,4,116264429,Custom Time [micros],0.0,0.0,0.0,0.0,4138,0.0
2026-05-19T10:01:29.528690800Z,TaxiAlgorithmP2PCollector,1,200,6,80,1,nearest,1,4,0,true,page-rank,page-rank,RUSH_HOUR,5,116264430,Taxi Travel Distance [km],3.17,13.23,8.41,50.46,6,10.06
2026-05-19T10:01:29.528690800Z,TaxiAlgorithmP2PCollector,1,200,6,80,1,nearest,1,4,0,true,page-rank,page-rank,RUSH_HOUR,5,116264430,Client Waiting Time [min],0.03,14.02,2.73,188.22,69,13.99
2026-05-19T10:01:29.528690800Z,TaxiAlgorithmP2PCollector,1,200,6,80,1,nearest,1,4,0,true,page-rank,page-rank,RUSH_HOUR,5,116264430,Client Travel Time [min],11.0,842.0,203.81,16305.0,80,831.0
2026-05-19T10:01:29.528690800Z,TaxiAlgorithmP2PCollector,1,200,6,80,1,nearest,1,4,0,true,page-rank,page-rank,RUSH_HOUR,5,116264430,Calculation Time [millis],0.0,1.0,0.01,39.0,4136,1.0
2026-05-19T10:01:29.528690800Z,TaxiAlgorithmP2PCollector,1,200,6,80,1,nearest,1,4,0,true,page-rank,page-rank,RUSH_HOUR,5,116264430,Custom Time [micros],0.0,0.0,0.0,0.0,4136,0.0
2026-05-19T10:01:29.621209700Z,TaxiAlgorithmP2PCollector,1,200,6,80,1,nearest,1,4,0,true,page-rank,page-rank,RUSH_HOUR,6,116264431,Taxi Travel Distance [km],2.38,13.92,8.14,48.84,6,11.54
2026-05-19T10:01:29.621209700Z,TaxiAlgorithmP2PCollector,1,200,6,80,1,nearest,1,4,0,true,page-rank,page-rank,RUSH_HOUR,6,116264431,Client Waiting Time [min],0.03,11.8,2.53,171.78,68,11.770000000000001
2026-05-19T10:01:29.621209700Z,TaxiAlgorithmP2PCollector,1,200,6,80,1,nearest,1,4,0,true,page-rank,page-rank,RUSH_HOUR,6,116264431,Client Travel Time [min],12.0,829.0,191.36,15309.0,80,817.0
2026-05-19T10:01:29.621209700Z,TaxiAlgorithmP2PCollector,1,200,6,80,1,nearest,1,4,0,true,page-rank,page-rank,RUSH_HOUR,6,116264431,Calculation Time [millis],0.0,0.0,0.01,42.0,3979,0.0
2026-05-19T10:01:29.621209700Z,TaxiAlgorithmP2PCollector,1,200,6,80,1,nearest,1,4,0,true,page-rank,page-rank,RUSH_HOUR,6,116264431,Custom Time [micros],0.0,0.0,0.0,0.0,3979,0.0
2026-05-19T10:01:29.730727600Z,TaxiAlgorithmP2PCollector,1,200,6,80,1,nearest,1,4,0,true,page-rank,page-rank,RUSH_HOUR,7,116264432,Taxi Travel Distance [km],2.98,13.53,8.66,51.96,6,10.549999999999999
2026-05-19T10:01:29.730727600Z,TaxiAlgorithmP2PCollector,1,200,6,80,1,nearest,1,4,0,true,page-rank,page-rank,RUSH_HOUR,7,116264432,Client Waiting Time [min],0.05,7.52,2.19,138.23,63,7.47
2026-05-19T10:01:29.730727600Z,TaxiAlgorithmP2PCollector,1,200,6,80,1,nearest,1,4,0,true,page-rank,page-rank,RUSH_HOUR,7,116264432,Client Travel Time [min],13.0,809.0,185.36,14829.0,80,796.0
2026-05-19T10:01:29.730727600Z,TaxiAlgorithmP2PCollector,1,200,6,80,1,nearest,1,4,0,true,page-rank,page-rank,RUSH_HOUR,7,116264432,Calculation Time [millis],0.0,0.0,0.01,37.0,3868,0.0
2026-05-19T10:01:29.730727600Z,TaxiAlgorithmP2PCollector,1,200,6,80,1,nearest,1,4,0,true,page-rank,page-rank,RUSH_HOUR,7,116264432,Custom Time [micros],0.0,0.0,0.0,0.0,3868,0.0
2026-05-19T10:01:29.824243400Z,TaxiAlgorithmP2PCollector,1,200,6,80,1,nearest,1,4,0,true,page-rank,page-rank,RUSH_HOUR,8,116264433,Taxi Travel Distance [km],3.49,15.03,9.13,54.8,6,11.54
2026-05-19T10:01:29.824243400Z,TaxiAlgorithmP2PCollector,1,200,6,80,1,nearest,1,4,0,true,page-rank,page-rank,RUSH_HOUR,8,116264433,Client Waiting Time [min],0.08,11.95,2.48,158.58,64,11.87
2026-05-19T10:01:29.824243400Z,TaxiAlgorithmP2PCollector,1,200,6,80,1,nearest,1,4,0,true,page-rank,page-rank,RUSH_HOUR,8,116264433,Client Travel Time [min],8.0,725.0,196.44,15715.0,80,717.0
2026-05-19T10:01:29.824243400Z,TaxiAlgorithmP2PCollector,1,200,6,80,1,nearest,1,4,0,true,page-rank,page-rank,RUSH_HOUR,8,116264433,Calculation Time [millis],0.0,0.0,0.01,43.0,4478,0.0
2026-05-19T10:01:29.824243400Z,TaxiAlgorithmP2PCollector,1,200,6,80,1,nearest,1,4,0,true,page-rank,page-rank,RUSH_HOUR,8,116264433,Custom Time [micros],0.0,0.0,0.0,0.0,4478,0.0
2026-05-19T10:01:29.933760200Z,TaxiAlgorithmP2PCollector,1,200,6,80,1,nearest,1,4,0,true,page-rank,page-rank,RUSH_HOUR,9,116264434,Taxi Travel Distance [km],4.09,15.44,7.87,47.23,6,11.35
2026-05-19T10:01:29.933760200Z,TaxiAlgorithmP2PCollector,1,200,6,80,1,nearest,1,4,0,true,page-rank,page-rank,RUSH_HOUR,9,116264434,Client Waiting Time [min],0.07,6.87,1.77,107.87,61,6.8
2026-05-19T10:01:29.933760200Z,TaxiAlgorithmP2PCollector,1,200,6,80,1,nearest,1,4,0,true,page-rank,page-rank,RUSH_HOUR,9,116264434,Client Travel Time [min],17.0,845.0,161.76,12941.0,80,828.0
2026-05-19T10:01:29.933760200Z,TaxiAlgorithmP2PCollector,1,200,6,80,1,nearest,1,4,0,true,page-rank,page-rank,RUSH_HOUR,9,116264434,Calculation Time [millis],0.0,0.0,0.01,41.0,4716,0.0
2026-05-19T10:01:29.933760200Z,TaxiAlgorithmP2PCollector,1,200,6,80,1,nearest,1,4,0,true,page-rank,page-rank,RUSH_HOUR,9,116264434,Custom Time [micros],0.0,0.0,0.0,0.0,4716,0.0
2026-05-19T10:01:30.027281500Z,TaxiAlgorithmP2PCollector,1,200,6,80,1,nearest,1,4,0,true,page-rank,page-rank,RUSH_HOUR,10,116264435,Taxi Travel Distance [km],5.68,12.01,8.95,53.71,6,6.33
2026-05-19T10:01:30.027281500Z,TaxiAlgorithmP2PCollector,1,200,6,80,1,nearest,1,4,0,true,page-rank,page-rank,RUSH_HOUR,10,116264435,Client Waiting Time [min],0.05,8.58,1.46,108.03,74,8.53
2026-05-19T10:01:30.027281500Z,TaxiAlgorithmP2PCollector,1,200,6,80,1,nearest,1,4,0,true,page-rank,page-rank,RUSH_HOUR,10,116264435,Client Travel Time [min],8.0,615.0,125.1,10008.0,80,607.0
2026-05-19T10:01:30.027281500Z,TaxiAlgorithmP2PCollector,1,200,6,80,1,nearest,1,4,0,true,page-rank,page-rank,RUSH_HOUR,10,116264435,Calculation Time [millis],0.0,0.0,0.01,35.0,3897,0.0
2026-05-19T10:01:30.027281500Z,TaxiAlgorithmP2PCollector,1,200,6,80,1,nearest,1,4,0,true,page-rank,page-rank,RUSH_HOUR,10,116264435,Custom Time [micros],0.0,0.0,0.0,0.0,3897,0.0
2026-05-19T10:01:30.121792600Z,TaxiAlgorithmP2PCollector,1,200,6,80,1,nearest,1,4,0,true,page-rank,page-rank,SPATIAL_IMBALANCE,1,116264426,Taxi Travel Distance [km],6.17,17.13,10.37,62.2,6,10.959999999999999
2026-05-19T10:01:30.121792600Z,TaxiAlgorithmP2PCollector,1,200,6,80,1,nearest,1,4,0,true,page-rank,page-rank,SPATIAL_IMBALANCE,1,116264426,Client Waiting Time [min],0.05,8.27,0.96,72.78,76,8.219999999999999
2026-05-19T10:01:30.121792600Z,TaxiAlgorithmP2PCollector,1,200,6,80,1,nearest,1,4,0,true,page-rank,page-rank,SPATIAL_IMBALANCE,1,116264426,Client Travel Time [min],7.0,503.0,82.56,6605.0,80,496.0
2026-05-19T10:01:30.121792600Z,TaxiAlgorithmP2PCollector,1,200,6,80,1,nearest,1,4,0,true,page-rank,page-rank,SPATIAL_IMBALANCE,1,116264426,Calculation Time [millis],0.0,0.0,0.01,34.0,3991,0.0
2026-05-19T10:01:30.121792600Z,TaxiAlgorithmP2PCollector,1,200,6,80,1,nearest,1,4,0,true,page-rank,page-rank,SPATIAL_IMBALANCE,1,116264426,Custom Time [micros],0.0,0.0,0.0,0.0,3991,0.0
2026-05-19T10:01:30.217901300Z,TaxiAlgorithmP2PCollector,1,200,6,80,1,nearest,1,4,0,true,page-rank,page-rank,SPATIAL_IMBALANCE,2,116264427,Taxi Travel Distance [km],7.94,12.38,9.94,59.61,6,4.44
2026-05-19T10:01:30.217901300Z,TaxiAlgorithmP2PCollector,1,200,6,80,1,nearest,1,4,0,true,page-rank,page-rank,SPATIAL_IMBALANCE,2,116264427,Client Waiting Time [min],0.03,10.83,0.56,42.77,76,10.8
2026-05-19T10:01:30.217901300Z,TaxiAlgorithmP2PCollector,1,200,6,80,1,nearest,1,4,0,true,page-rank,page-rank,SPATIAL_IMBALANCE,2,116264427,Client Travel Time [min],10.0,656.0,61.55,4924.0,80,646.0
2026-05-19T10:01:30.217901300Z,TaxiAlgorithmP2PCollector,1,200,6,80,1,nearest,1,4,0,true,page-rank,page-rank,SPATIAL_IMBALANCE,2,116264427,Calculation Time [millis],0.0,0.0,0.01,26.0,3990,0.0
2026-05-19T10:01:30.217901300Z,TaxiAlgorithmP2PCollector,1,200,6,80,1,nearest,1,4,0,true,page-rank,page-rank,SPATIAL_IMBALANCE,2,116264427,Custom Time [micros],0.0,0.0,0.0,0.0,3990,0.0
2026-05-19T10:01:30.311427200Z,TaxiAlgorithmP2PCollector,1,200,6,80,1,nearest,1,4,0,true,page-rank,page-rank,SPATIAL_IMBALANCE,3,116264428,Taxi Travel Distance [km],4.58,23.86,11.86,71.17,6,19.28
2026-05-19T10:01:30.311427200Z,TaxiAlgorithmP2PCollector,1,200,6,80,1,nearest,1,4,0,true,page-rank,page-rank,SPATIAL_IMBALANCE,3,116264428,Client Waiting Time [min],0.03,7.52,1.14,89.27,78,7.489999999999999
2026-05-19T10:01:30.311427200Z,TaxiAlgorithmP2PCollector,1,200,6,80,1,nearest,1,4,0,true,page-rank,page-rank,SPATIAL_IMBALANCE,3,116264428,Client Travel Time [min],10.0,611.0,98.24,7859.0,80,601.0
2026-05-19T10:01:30.311427200Z,TaxiAlgorithmP2PCollector,1,200,6,80,1,nearest,1,4,0,true,page-rank,page-rank,SPATIAL_IMBALANCE,3,116264428,Calculation Time [millis],0.0,1.0,0.01,42.0,3959,1.0
2026-05-19T10:01:30.311427200Z,TaxiAlgorithmP2PCollector,1,200,6,80,1,nearest,1,4,0,true,page-rank,page-rank,SPATIAL_IMBALANCE,3,116264428,Custom Time [micros],0.0,0.0,0.0,0.0,3959,0.0
2026-05-19T10:01:30.418424900Z,TaxiAlgorithmP2PCollector,1,200,6,80,1,nearest,1,4,0,true,page-rank,page-rank,SPATIAL_IMBALANCE,4,116264429,Taxi Travel Distance [km],3.59,18.78,10.11,60.65,6,15.190000000000001
2026-05-19T10:01:30.418424900Z,TaxiAlgorithmP2PCollector,1,200,6,80,1,nearest,1,4,0,true,page-rank,page-rank,SPATIAL_IMBALANCE,4,116264429,Client Waiting Time [min],0.03,6.95,0.72,54.23,75,6.92
2026-05-19T10:01:30.418424900Z,TaxiAlgorithmP2PCollector,1,200,6,80,1,nearest,1,4,0,true,page-rank,page-rank,SPATIAL_IMBALANCE,4,116264429,Client Travel Time [min],10.0,424.0,78.81,6305.0,80,414.0
2026-05-19T10:01:30.418424900Z,TaxiAlgorithmP2PCollector,1,200,6,80,1,nearest,1,4,0,true,page-rank,page-rank,SPATIAL_IMBALANCE,4,116264429,Calculation Time [millis],0.0,0.0,0.01,32.0,4014,0.0
2026-05-19T10:01:30.418424900Z,TaxiAlgorithmP2PCollector,1,200,6,80,1,nearest,1,4,0,true,page-rank,page-rank,SPATIAL_IMBALANCE,4,116264429,Custom Time [micros],0.0,0.0,0.0,0.0,4014,0.0
2026-05-19T10:01:30.512427100Z,TaxiAlgorithmP2PCollector,1,200,6,80,1,nearest,1,4,0,true,page-rank,page-rank,SPATIAL_IMBALANCE,5,116264430,Taxi Travel Distance [km],6.73,14.15,10.12,60.71,6,7.42
2026-05-19T10:01:30.512427100Z,TaxiAlgorithmP2PCollector,1,200,6,80,1,nearest,1,4,0,true,page-rank,page-rank,SPATIAL_IMBALANCE,5,116264430,Client Waiting Time [min],0.05,7.23,0.78,58.45,75,7.180000000000001
2026-05-19T10:01:30.512427100Z,TaxiAlgorithmP2PCollector,1,200,6,80,1,nearest,1,4,0,true,page-rank,page-rank,SPATIAL_IMBALANCE,5,116264430,Client Travel Time [min],8.0,444.0,77.14,6171.0,80,436.0
2026-05-19T10:01:30.512427100Z,TaxiAlgorithmP2PCollector,1,200,6,80,1,nearest,1,4,0,true,page-rank,page-rank,SPATIAL_IMBALANCE,5,116264430,Calculation Time [millis],0.0,0.0,0.01,29.0,3932,0.0
2026-05-19T10:01:30.512427100Z,TaxiAlgorithmP2PCollector,1,200,6,80,1,nearest,1,4,0,true,page-rank,page-rank,SPATIAL_IMBALANCE,5,116264430,Custom Time [micros],0.0,0.0,0.0,0.0,3932,0.0
2026-05-19T10:01:30.606426700Z,TaxiAlgorithmP2PCollector,1,200,6,80,1,nearest,1,4,0,true,page-rank,page-rank,SPATIAL_IMBALANCE,6,116264431,Taxi Travel Distance [km],6.41,17.59,10.46,62.74,6,11.18
2026-05-19T10:01:30.606426700Z,TaxiAlgorithmP2PCollector,1,200,6,80,1,nearest,1,4,0,true,page-rank,page-rank,SPATIAL_IMBALANCE,6,116264431,Client Waiting Time [min],0.05,8.75,0.92,69.72,76,8.7
2026-05-19T10:01:30.606426700Z,TaxiAlgorithmP2PCollector,1,200,6,80,1,nearest,1,4,0,true,page-rank,page-rank,SPATIAL_IMBALANCE,6,116264431,Client Travel Time [min],8.0,711.0,84.93,6794.0,80,703.0
2026-05-19T10:01:30.606426700Z,TaxiAlgorithmP2PCollector,1,200,6,80,1,nearest,1,4,0,true,page-rank,page-rank,SPATIAL_IMBALANCE,6,116264431,Calculation Time [millis],0.0,0.0,0.01,32.0,4037,0.0
2026-05-19T10:01:30.606426700Z,TaxiAlgorithmP2PCollector,1,200,6,80,1,nearest,1,4,0,true,page-rank,page-rank,SPATIAL_IMBALANCE,6,116264431,Custom Time [micros],0.0,0.0,0.0,0.0,4037,0.0
2026-05-19T10:01:30.698422800Z,TaxiAlgorithmP2PCollector,1,200,6,80,1,nearest,1,4,0,true,page-rank,page-rank,SPATIAL_IMBALANCE,7,116264432,Taxi Travel Distance [km],5.17,14.66,11.4,68.42,6,9.49
2026-05-19T10:01:30.698422800Z,TaxiAlgorithmP2PCollector,1,200,6,80,1,nearest,1,4,0,true,page-rank,page-rank,SPATIAL_IMBALANCE,7,116264432,Client Waiting Time [min],0.03,3.83,0.58,45.25,78,3.8000000000000003
2026-05-19T10:01:30.698422800Z,TaxiAlgorithmP2PCollector,1,200,6,80,1,nearest,1,4,0,true,page-rank,page-rank,SPATIAL_IMBALANCE,7,116264432,Client Travel Time [min],9.0,241.0,56.58,4526.0,80,232.0
2026-05-19T10:01:30.698422800Z,TaxiAlgorithmP2PCollector,1,200,6,80,1,nearest,1,4,0,true,page-rank,page-rank,SPATIAL_IMBALANCE,7,116264432,Calculation Time [millis],0.0,0.0,0.01,27.0,4226,0.0
2026-05-19T10:01:30.698422800Z,TaxiAlgorithmP2PCollector,1,200,6,80,1,nearest,1,4,0,true,page-rank,page-rank,SPATIAL_IMBALANCE,7,116264432,Custom Time [micros],0.0,0.0,0.0,0.0,4226,0.0
2026-05-19T10:01:30.792422800Z,TaxiAlgorithmP2PCollector,1,200,6,80,1,nearest,1,4,0,true,page-rank,page-rank,SPATIAL_IMBALANCE,8,116264433,Taxi Travel Distance [km],6.89,17.06,11.61,69.63,6,10.169999999999998
2026-05-19T10:01:30.792422800Z,TaxiAlgorithmP2PCollector,1,200,6,80,1,nearest,1,4,0,true,page-rank,page-rank,SPATIAL_IMBALANCE,8,116264433,Client Waiting Time [min],0.03,5.45,0.75,56.2,75,5.42
2026-05-19T10:01:30.792422800Z,TaxiAlgorithmP2PCollector,1,200,6,80,1,nearest,1,4,0,true,page-rank,page-rank,SPATIAL_IMBALANCE,8,116264433,Client Travel Time [min],7.0,688.0,88.53,7082.0,80,681.0
2026-05-19T10:01:30.792422800Z,TaxiAlgorithmP2PCollector,1,200,6,80,1,nearest,1,4,0,true,page-rank,page-rank,SPATIAL_IMBALANCE,8,116264433,Calculation Time [millis],0.0,0.0,0.01,31.0,4092,0.0
2026-05-19T10:01:30.792422800Z,TaxiAlgorithmP2PCollector,1,200,6,80,1,nearest,1,4,0,true,page-rank,page-rank,SPATIAL_IMBALANCE,8,116264433,Custom Time [micros],0.0,0.0,0.0,0.0,4092,0.0
2026-05-19T10:01:30.885433600Z,TaxiAlgorithmP2PCollector,1,200,6,80,1,nearest,1,4,0,true,page-rank,page-rank,SPATIAL_IMBALANCE,9,116264434,Taxi Travel Distance [km],6.68,14.58,9.91,59.45,6,7.9
2026-05-19T10:01:30.885433600Z,TaxiAlgorithmP2PCollector,1,200,6,80,1,nearest,1,4,0,true,page-rank,page-rank,SPATIAL_IMBALANCE,9,116264434,Client Waiting Time [min],0.03,4.88,0.43,31.82,74,4.85
2026-05-19T10:01:30.885433600Z,TaxiAlgorithmP2PCollector,1,200,6,80,1,nearest,1,4,0,true,page-rank,page-rank,SPATIAL_IMBALANCE,9,116264434,Client Travel Time [min],11.0,341.0,53.51,4281.0,80,330.0
2026-05-19T10:01:30.885433600Z,TaxiAlgorithmP2PCollector,1,200,6,80,1,nearest,1,4,0,true,page-rank,page-rank,SPATIAL_IMBALANCE,9,116264434,Calculation Time [millis],0.0,0.0,0.01,22.0,4017,0.0
2026-05-19T10:01:30.885433600Z,TaxiAlgorithmP2PCollector,1,200,6,80,1,nearest,1,4,0,true,page-rank,page-rank,SPATIAL_IMBALANCE,9,116264434,Custom Time [micros],0.0,0.0,0.0,0.0,4017,0.0
2026-05-19T10:01:30.978434800Z,TaxiAlgorithmP2PCollector,1,200,6,80,1,nearest,1,4,0,true,page-rank,page-rank,SPATIAL_IMBALANCE,10,116264435,Taxi Travel Distance [km],3.6,20.38,9.89,59.33,6,16.779999999999998
2026-05-19T10:01:30.978434800Z,TaxiAlgorithmP2PCollector,1,200,6,80,1,nearest,1,4,0,true,page-rank,page-rank,SPATIAL_IMBALANCE,10,116264435,Client Waiting Time [min],0.05,6.22,0.43,30.82,71,6.17
2026-05-19T10:01:30.978434800Z,TaxiAlgorithmP2PCollector,1,200,6,80,1,nearest,1,4,0,true,page-rank,page-rank,SPATIAL_IMBALANCE,10,116264435,Client Travel Time [min],9.0,586.0,79.31,6345.0,80,577.0
2026-05-19T10:01:30.978434800Z,TaxiAlgorithmP2PCollector,1,200,6,80,1,nearest,1,4,0,true,page-rank,page-rank,SPATIAL_IMBALANCE,10,116264435,Calculation Time [millis],0.0,0.0,0.01,32.0,4036,0.0
2026-05-19T10:01:30.978434800Z,TaxiAlgorithmP2PCollector,1,200,6,80,1,nearest,1,4,0,true,page-rank,page-rank,SPATIAL_IMBALANCE,10,116264435,Custom Time [micros],0.0,0.0,0.0,0.0,4036,0.0
2026-05-19T10:01:31.072446800Z,TaxiAlgorithmP2PCollector,1,200,6,80,1,nearest,1,4,0,true,page-rank,page-rank,SPATIAL_ISLANDS,1,116264426,Taxi Travel Distance [km],1.92,16.05,9.29,55.76,6,14.13
2026-05-19T10:01:31.072446800Z,TaxiAlgorithmP2PCollector,1,200,6,80,1,nearest,1,4,0,true,page-rank,page-rank,SPATIAL_ISLANDS,1,116264426,Client Waiting Time [min],0.03,9.88,0.95,66.3,70,9.850000000000001
2026-05-19T10:01:31.072446800Z,TaxiAlgorithmP2PCollector,1,200,6,80,1,nearest,1,4,0,true,page-rank,page-rank,SPATIAL_ISLANDS,1,116264426,Client Travel Time [min],6.0,602.0,108.44,8675.0,80,596.0
2026-05-19T10:01:31.072446800Z,TaxiAlgorithmP2PCollector,1,200,6,80,1,nearest,1,4,0,true,page-rank,page-rank,SPATIAL_ISLANDS,1,116264426,Calculation Time [millis],0.0,0.0,0.01,35.0,4210,0.0
2026-05-19T10:01:31.072446800Z,TaxiAlgorithmP2PCollector,1,200,6,80,1,nearest,1,4,0,true,page-rank,page-rank,SPATIAL_ISLANDS,1,116264426,Custom Time [micros],0.0,0.0,0.0,0.0,4210,0.0
2026-05-19T10:01:31.167445800Z,TaxiAlgorithmP2PCollector,1,200,6,80,1,nearest,1,4,0,true,page-rank,page-rank,SPATIAL_ISLANDS,2,116264427,Taxi Travel Distance [km],5.16,11.78,9.07,54.41,6,6.619999999999999
2026-05-19T10:01:31.167445800Z,TaxiAlgorithmP2PCollector,1,200,6,80,1,nearest,1,4,0,true,page-rank,page-rank,SPATIAL_ISLANDS,2,116264427,Client Waiting Time [min],0.03,12.9,1.11,80.0,72,12.870000000000001
2026-05-19T10:01:31.167445800Z,TaxiAlgorithmP2PCollector,1,200,6,80,1,nearest,1,4,0,true,page-rank,page-rank,SPATIAL_ISLANDS,2,116264427,Client Travel Time [min],15.0,776.0,113.59,9087.0,80,761.0
2026-05-19T10:01:31.167445800Z,TaxiAlgorithmP2PCollector,1,200,6,80,1,nearest,1,4,0,true,page-rank,page-rank,SPATIAL_ISLANDS,2,116264427,Calculation Time [millis],0.0,0.0,0.01,27.0,4056,0.0
2026-05-19T10:01:31.167445800Z,TaxiAlgorithmP2PCollector,1,200,6,80,1,nearest,1,4,0,true,page-rank,page-rank,SPATIAL_ISLANDS,2,116264427,Custom Time [micros],0.0,0.0,0.0,0.0,4056,0.0
2026-05-19T10:01:31.260445500Z,TaxiAlgorithmP2PCollector,1,200,6,80,1,nearest,1,4,0,true,page-rank,page-rank,SPATIAL_ISLANDS,3,116264428,Taxi Travel Distance [km],4.07,15.81,9.5,57.02,6,11.74
2026-05-19T10:01:31.260445500Z,TaxiAlgorithmP2PCollector,1,200,6,80,1,nearest,1,4,0,true,page-rank,page-rank,SPATIAL_ISLANDS,3,116264428,Client Waiting Time [min],0.03,12.3,0.8,56.57,71,12.270000000000001
2026-05-19T10:01:31.260445500Z,TaxiAlgorithmP2PCollector,1,200,6,80,1,nearest,1,4,0,true,page-rank,page-rank,SPATIAL_ISLANDS,3,116264428,Client Travel Time [min],11.0,740.0,112.99,9039.0,80,729.0
2026-05-19T10:01:31.260445500Z,TaxiAlgorithmP2PCollector,1,200,6,80,1,nearest,1,4,0,true,page-rank,page-rank,SPATIAL_ISLANDS,3,116264428,Calculation Time [millis],0.0,0.0,0.01,34.0,4517,0.0
2026-05-19T10:01:31.260445500Z,TaxiAlgorithmP2PCollector,1,200,6,80,1,nearest,1,4,0,true,page-rank,page-rank,SPATIAL_ISLANDS,3,116264428,Custom Time [micros],0.0,0.0,0.0,0.0,4517,0.0
2026-05-19T10:01:31.353445500Z,TaxiAlgorithmP2PCollector,1,200,6,80,1,nearest,1,4,0,true,page-rank,page-rank,SPATIAL_ISLANDS,4,116264429,Taxi Travel Distance [km],3.54,19.2,9.95,59.72,6,15.66
2026-05-19T10:01:31.353445500Z,TaxiAlgorithmP2PCollector,1,200,6,80,1,nearest,1,4,0,true,page-rank,page-rank,SPATIAL_ISLANDS,4,116264429,Client Waiting Time [min],0.03,8.83,0.96,70.92,74,8.8
2026-05-19T10:01:31.353445500Z,TaxiAlgorithmP2PCollector,1,200,6,80,1,nearest,1,4,0,true,page-rank,page-rank,SPATIAL_ISLANDS,4,116264429,Client Travel Time [min],11.0,534.0,92.55,7404.0,80,523.0
2026-05-19T10:01:31.353445500Z,TaxiAlgorithmP2PCollector,1,200,6,80,1,nearest,1,4,0,true,page-rank,page-rank,SPATIAL_ISLANDS,4,116264429,Calculation Time [millis],0.0,0.0,0.01,31.0,4197,0.0
2026-05-19T10:01:31.353445500Z,TaxiAlgorithmP2PCollector,1,200,6,80,1,nearest,1,4,0,true,page-rank,page-rank,SPATIAL_ISLANDS,4,116264429,Custom Time [micros],0.0,0.0,0.0,0.0,4197,0.0
2026-05-19T10:01:31.446447800Z,TaxiAlgorithmP2PCollector,1,200,6,80,1,nearest,1,4,0,true,page-rank,page-rank,SPATIAL_ISLANDS,5,116264430,Taxi Travel Distance [km],3.08,19.9,9.75,58.47,6,16.82
2026-05-19T10:01:31.446447800Z,TaxiAlgorithmP2PCollector,1,200,6,80,1,nearest,1,4,0,true,page-rank,page-rank,SPATIAL_ISLANDS,5,116264430,Client Waiting Time [min],0.03,9.25,1.14,86.87,76,9.22
2026-05-19T10:01:31.446447800Z,TaxiAlgorithmP2PCollector,1,200,6,80,1,nearest,1,4,0,true,page-rank,page-rank,SPATIAL_ISLANDS,5,116264430,Client Travel Time [min],6.0,557.0,99.83,7986.0,80,551.0
2026-05-19T10:01:31.446447800Z,TaxiAlgorithmP2PCollector,1,200,6,80,1,nearest,1,4,0,true,page-rank,page-rank,SPATIAL_ISLANDS,5,116264430,Calculation Time [millis],0.0,0.0,0.01,34.0,4392,0.0
2026-05-19T10:01:31.446447800Z,TaxiAlgorithmP2PCollector,1,200,6,80,1,nearest,1,4,0,true,page-rank,page-rank,SPATIAL_ISLANDS,5,116264430,Custom Time [micros],0.0,0.0,0.0,0.0,4392,0.0
2026-05-19T10:01:31.539444800Z,TaxiAlgorithmP2PCollector,1,200,6,80,1,nearest,1,4,0,true,page-rank,page-rank,SPATIAL_ISLANDS,6,116264431,Taxi Travel Distance [km],7.37,12.82,10.04,60.25,6,5.45
2026-05-19T10:01:31.539444800Z,TaxiAlgorithmP2PCollector,1,200,6,80,1,nearest,1,4,0,true,page-rank,page-rank,SPATIAL_ISLANDS,6,116264431,Client Waiting Time [min],0.03,4.58,0.53,38.95,74,4.55
2026-05-19T10:01:31.539444800Z,TaxiAlgorithmP2PCollector,1,200,6,80,1,nearest,1,4,0,true,page-rank,page-rank,SPATIAL_ISLANDS,6,116264431,Client Travel Time [min],5.0,740.0,74.83,5986.0,80,735.0
2026-05-19T10:01:31.539444800Z,TaxiAlgorithmP2PCollector,1,200,6,80,1,nearest,1,4,0,true,page-rank,page-rank,SPATIAL_ISLANDS,6,116264431,Calculation Time [millis],0.0,0.0,0.01,29.0,4388,0.0
2026-05-19T10:01:31.539444800Z,TaxiAlgorithmP2PCollector,1,200,6,80,1,nearest,1,4,0,true,page-rank,page-rank,SPATIAL_ISLANDS,6,116264431,Custom Time [micros],0.0,0.0,0.0,0.0,4388,0.0
2026-05-19T10:01:31.632447400Z,TaxiAlgorithmP2PCollector,1,200,6,80,1,nearest,1,4,0,true,page-rank,page-rank,SPATIAL_ISLANDS,7,116264432,Taxi Travel Distance [km],2.83,12.09,7.83,47.01,6,9.26
2026-05-19T10:01:31.632447400Z,TaxiAlgorithmP2PCollector,1,200,6,80,1,nearest,1,4,0,true,page-rank,page-rank,SPATIAL_ISLANDS,7,116264432,Client Waiting Time [min],0.03,11.53,1.25,72.45,58,11.5
2026-05-19T10:01:31.632447400Z,TaxiAlgorithmP2PCollector,1,200,6,80,1,nearest,1,4,0,true,page-rank,page-rank,SPATIAL_ISLANDS,7,116264432,Client Travel Time [min],8.0,891.0,168.56,13485.0,80,883.0
2026-05-19T10:01:31.632447400Z,TaxiAlgorithmP2PCollector,1,200,6,80,1,nearest,1,4,0,true,page-rank,page-rank,SPATIAL_ISLANDS,7,116264432,Calculation Time [millis],0.0,0.0,0.01,36.0,4457,0.0
2026-05-19T10:01:31.632447400Z,TaxiAlgorithmP2PCollector,1,200,6,80,1,nearest,1,4,0,true,page-rank,page-rank,SPATIAL_ISLANDS,7,116264432,Custom Time [micros],0.0,0.0,0.0,0.0,4457,0.0
2026-05-19T10:01:31.741444500Z,TaxiAlgorithmP2PCollector,1,200,6,80,1,nearest,1,4,0,true,page-rank,page-rank,SPATIAL_ISLANDS,8,116264433,Taxi Travel Distance [km],6.39,18.7,10.99,65.94,6,12.309999999999999
2026-05-19T10:01:31.741444500Z,TaxiAlgorithmP2PCollector,1,200,6,80,1,nearest,1,4,0,true,page-rank,page-rank,SPATIAL_ISLANDS,8,116264433,Client Waiting Time [min],0.03,7.42,1.38,105.17,76,7.39
2026-05-19T10:01:31.741444500Z,TaxiAlgorithmP2PCollector,1,200,6,80,1,nearest,1,4,0,true,page-rank,page-rank,SPATIAL_ISLANDS,8,116264433,Client Travel Time [min],14.0,559.0,113.65,9092.0,80,545.0
2026-05-19T10:01:31.741444500Z,TaxiAlgorithmP2PCollector,1,200,6,80,1,nearest,1,4,0,true,page-rank,page-rank,SPATIAL_ISLANDS,8,116264433,Calculation Time [millis],0.0,0.0,0.01,35.0,4025,0.0
2026-05-19T10:01:31.741444500Z,TaxiAlgorithmP2PCollector,1,200,6,80,1,nearest,1,4,0,true,page-rank,page-rank,SPATIAL_ISLANDS,8,116264433,Custom Time [micros],0.0,0.0,0.0,0.0,4025,0.0
2026-05-19T10:01:31.836454100Z,TaxiAlgorithmP2PCollector,1,200,6,80,1,nearest,1,4,0,true,page-rank,page-rank,SPATIAL_ISLANDS,9,116264434,Taxi Travel Distance [km],3.91,14.58,9.18,55.08,6,10.67
2026-05-19T10:01:31.836454100Z,TaxiAlgorithmP2PCollector,1,200,6,80,1,nearest,1,4,0,true,page-rank,page-rank,SPATIAL_ISLANDS,9,116264434,Client Waiting Time [min],0.03,11.72,1.26,91.07,72,11.690000000000001
2026-05-19T10:01:31.836454100Z,TaxiAlgorithmP2PCollector,1,200,6,80,1,nearest,1,4,0,true,page-rank,page-rank,SPATIAL_ISLANDS,9,116264434,Client Travel Time [min],6.0,912.0,126.1,10088.0,80,906.0
2026-05-19T10:01:31.836454100Z,TaxiAlgorithmP2PCollector,1,200,6,80,1,nearest,1,4,0,true,page-rank,page-rank,SPATIAL_ISLANDS,9,116264434,Calculation Time [millis],0.0,0.0,0.01,38.0,4517,0.0
2026-05-19T10:01:31.836454100Z,TaxiAlgorithmP2PCollector,1,200,6,80,1,nearest,1,4,0,true,page-rank,page-rank,SPATIAL_ISLANDS,9,116264434,Custom Time [micros],0.0,0.0,0.0,0.0,4517,0.0
2026-05-19T10:01:31.928453900Z,TaxiAlgorithmP2PCollector,1,200,6,80,1,nearest,1,4,0,true,page-rank,page-rank,SPATIAL_ISLANDS,10,116264435,Taxi Travel Distance [km],8.58,11.89,10.25,61.49,6,3.3100000000000005
2026-05-19T10:01:31.928453900Z,TaxiAlgorithmP2PCollector,1,200,6,80,1,nearest,1,4,0,true,page-rank,page-rank,SPATIAL_ISLANDS,10,116264435,Client Waiting Time [min],0.03,5.78,0.59,43.6,74,5.75
2026-05-19T10:01:31.928453900Z,TaxiAlgorithmP2PCollector,1,200,6,80,1,nearest,1,4,0,true,page-rank,page-rank,SPATIAL_ISLANDS,10,116264435,Client Travel Time [min],9.0,572.0,73.59,5887.0,80,563.0
2026-05-19T10:01:31.928453900Z,TaxiAlgorithmP2PCollector,1,200,6,80,1,nearest,1,4,0,true,page-rank,page-rank,SPATIAL_ISLANDS,10,116264435,Calculation Time [millis],0.0,0.0,0.01,26.0,4278,0.0
2026-05-19T10:01:31.928453900Z,TaxiAlgorithmP2PCollector,1,200,6,80,1,nearest,1,4,0,true,page-rank,page-rank,SPATIAL_ISLANDS,10,116264435,Custom Time [micros],0.0,0.0,0.0,0.0,4278,0.0
2026-05-19T10:01:32.020455Z,TaxiAlgorithmP2PCollector,1,200,6,80,1,nearest,1,4,1,false,none,none,BASELINE,1,116264426,Taxi Travel Distance [km],3.57,8.35,6.28,37.7,6,4.779999999999999
2026-05-19T10:01:32.020455Z,TaxiAlgorithmP2PCollector,1,200,6,80,1,nearest,1,4,1,false,none,none,BASELINE,1,116264426,Client Waiting Time [min],0.05,11.12,1.46,96.68,66,11.069999999999999
2026-05-19T10:01:32.020455Z,TaxiAlgorithmP2PCollector,1,200,6,80,1,nearest,1,4,1,false,none,none,BASELINE,1,116264426,Client Travel Time [min],11.0,717.0,145.0,11600.0,80,706.0
2026-05-19T10:01:32.020455Z,TaxiAlgorithmP2PCollector,1,200,6,80,1,nearest,1,4,1,false,none,none,BASELINE,1,116264426,Calculation Time [millis],0.0,0.0,0.01,33.0,4530,0.0
2026-05-19T10:01:32.020455Z,TaxiAlgorithmP2PCollector,1,200,6,80,1,nearest,1,4,1,false,none,none,BASELINE,1,116264426,Custom Time [micros],0.0,0.0,0.0,0.0,4530,0.0
2026-05-19T10:01:32.113456100Z,TaxiAlgorithmP2PCollector,1,200,6,80,1,nearest,1,4,1,false,none,none,BASELINE,2,116264427,Taxi Travel Distance [km],3.5,9.98,6.43,38.6,6,6.48
2026-05-19T10:01:32.113456100Z,TaxiAlgorithmP2PCollector,1,200,6,80,1,nearest,1,4,1,false,none,none,BASELINE,2,116264427,Client Waiting Time [min],0.03,8.78,1.92,132.78,69,8.75
2026-05-19T10:01:32.113456100Z,TaxiAlgorithmP2PCollector,1,200,6,80,1,nearest,1,4,1,false,none,none,BASELINE,2,116264427,Client Travel Time [min],13.0,538.0,138.53,11082.0,80,525.0
2026-05-19T10:01:32.113456100Z,TaxiAlgorithmP2PCollector,1,200,6,80,1,nearest,1,4,1,false,none,none,BASELINE,2,116264427,Calculation Time [millis],0.0,0.0,0.01,32.0,4174,0.0
2026-05-19T10:01:32.113456100Z,TaxiAlgorithmP2PCollector,1,200,6,80,1,nearest,1,4,1,false,none,none,BASELINE,2,116264427,Custom Time [micros],0.0,0.0,0.0,0.0,4174,0.0
2026-05-19T10:01:32.207839100Z,TaxiAlgorithmP2PCollector,1,200,6,80,1,nearest,1,4,1,false,none,none,BASELINE,3,116264428,Taxi Travel Distance [km],2.23,13.68,7.2,43.18,6,11.45
2026-05-19T10:01:32.207839100Z,TaxiAlgorithmP2PCollector,1,200,6,80,1,nearest,1,4,1,false,none,none,BASELINE,3,116264428,Client Waiting Time [min],0.03,12.22,2.16,151.27,70,12.190000000000001
2026-05-19T10:01:32.207839100Z,TaxiAlgorithmP2PCollector,1,200,6,80,1,nearest,1,4,1,false,none,none,BASELINE,3,116264428,Client Travel Time [min],14.0,735.0,176.43,14114.0,80,721.0
2026-05-19T10:01:32.207839100Z,TaxiAlgorithmP2PCollector,1,200,6,80,1,nearest,1,4,1,false,none,none,BASELINE,3,116264428,Calculation Time [millis],0.0,1.0,0.01,38.0,4288,1.0
2026-05-19T10:01:32.207839100Z,TaxiAlgorithmP2PCollector,1,200,6,80,1,nearest,1,4,1,false,none,none,BASELINE,3,116264428,Custom Time [micros],0.0,0.0,0.0,0.0,4288,0.0
2026-05-19T10:01:32.301841Z,TaxiAlgorithmP2PCollector,1,200,6,80,1,nearest,1,4,1,false,none,none,BASELINE,4,116264429,Taxi Travel Distance [km],1.41,9.78,5.91,35.47,6,8.37
2026-05-19T10:01:32.301841Z,TaxiAlgorithmP2PCollector,1,200,6,80,1,nearest,1,4,1,false,none,none,BASELINE,4,116264429,Client Waiting Time [min],0.05,10.73,1.91,110.83,58,10.68
2026-05-19T10:01:32.301841Z,TaxiAlgorithmP2PCollector,1,200,6,80,1,nearest,1,4,1,false,none,none,BASELINE,4,116264429,Client Travel Time [min],11.0,881.0,198.33,15866.0,80,870.0
2026-05-19T10:01:32.301841Z,TaxiAlgorithmP2PCollector,1,200,6,80,1,nearest,1,4,1,false,none,none,BASELINE,4,116264429,Calculation Time [millis],0.0,0.0,0.01,38.0,4193,0.0
2026-05-19T10:01:32.301841Z,TaxiAlgorithmP2PCollector,1,200,6,80,1,nearest,1,4,1,false,none,none,BASELINE,4,116264429,Custom Time [micros],0.0,0.0,0.0,0.0,4193,0.0
2026-05-19T10:01:32.393840100Z,TaxiAlgorithmP2PCollector,1,200,6,80,1,nearest,1,4,1,false,none,none,BASELINE,5,116264430,Taxi Travel Distance [km],4.3,9.66,7.04,42.24,6,5.36
2026-05-19T10:01:32.393840100Z,TaxiAlgorithmP2PCollector,1,200,6,80,1,nearest,1,4,1,false,none,none,BASELINE,5,116264430,Client Waiting Time [min],0.05,8.05,1.78,120.72,68,8.0
2026-05-19T10:01:32.393840100Z,TaxiAlgorithmP2PCollector,1,200,6,80,1,nearest,1,4,1,false,none,none,BASELINE,5,116264430,Client Travel Time [min],12.0,634.0,158.29,12663.0,80,622.0
2026-05-19T10:01:32.393840100Z,TaxiAlgorithmP2PCollector,1,200,6,80,1,nearest,1,4,1,false,none,none,BASELINE,5,116264430,Calculation Time [millis],0.0,0.0,0.01,36.0,4268,0.0
2026-05-19T10:01:32.393840100Z,TaxiAlgorithmP2PCollector,1,200,6,80,1,nearest,1,4,1,false,none,none,BASELINE,5,116264430,Custom Time [micros],0.0,0.0,0.0,0.0,4268,0.0
2026-05-19T10:01:32.502837800Z,TaxiAlgorithmP2PCollector,1,200,6,80,1,nearest,1,4,1,false,none,none,BASELINE,6,116264431,Taxi Travel Distance [km],4.1,10.76,6.89,41.34,6,6.66
2026-05-19T10:01:32.502837800Z,TaxiAlgorithmP2PCollector,1,200,6,80,1,nearest,1,4,1,false,none,none,BASELINE,6,116264431,Client Waiting Time [min],0.05,6.82,1.3,89.87,69,6.7700000000000005
2026-05-19T10:01:32.502837800Z,TaxiAlgorithmP2PCollector,1,200,6,80,1,nearest,1,4,1,false,none,none,BASELINE,6,116264431,Client Travel Time [min],7.0,410.0,110.01,8801.0,80,403.0
2026-05-19T10:01:32.502837800Z,TaxiAlgorithmP2PCollector,1,200,6,80,1,nearest,1,4,1,false,none,none,BASELINE,6,116264431,Calculation Time [millis],0.0,1.0,0.01,33.0,4033,1.0
2026-05-19T10:01:32.502837800Z,TaxiAlgorithmP2PCollector,1,200,6,80,1,nearest,1,4,1,false,none,none,BASELINE,6,116264431,Custom Time [micros],0.0,0.0,0.0,0.0,4033,0.0
2026-05-19T10:01:32.595838400Z,TaxiAlgorithmP2PCollector,1,200,6,80,1,nearest,1,4,1,false,none,none,BASELINE,7,116264432,Taxi Travel Distance [km],3.82,9.24,6.72,40.33,6,5.42
2026-05-19T10:01:32.595838400Z,TaxiAlgorithmP2PCollector,1,200,6,80,1,nearest,1,4,1,false,none,none,BASELINE,7,116264432,Client Waiting Time [min],0.05,10.6,1.75,117.47,67,10.549999999999999
2026-05-19T10:01:32.595838400Z,TaxiAlgorithmP2PCollector,1,200,6,80,1,nearest,1,4,1,false,none,none,BASELINE,7,116264432,Client Travel Time [min],11.0,860.0,151.06,12085.0,80,849.0
2026-05-19T10:01:32.595838400Z,TaxiAlgorithmP2PCollector,1,200,6,80,1,nearest,1,4,1,false,none,none,BASELINE,7,116264432,Calculation Time [millis],0.0,0.0,0.01,32.0,4301,0.0
2026-05-19T10:01:32.595838400Z,TaxiAlgorithmP2PCollector,1,200,6,80,1,nearest,1,4,1,false,none,none,BASELINE,7,116264432,Custom Time [micros],0.0,0.0,0.0,0.0,4301,0.0
2026-05-19T10:01:32.687843700Z,TaxiAlgorithmP2PCollector,1,200,6,80,1,nearest,1,4,1,false,none,none,BASELINE,8,116264433,Taxi Travel Distance [km],2.6,11.05,6.58,39.49,6,8.450000000000001
2026-05-19T10:01:32.687843700Z,TaxiAlgorithmP2PCollector,1,200,6,80,1,nearest,1,4,1,false,none,none,BASELINE,8,116264433,Client Waiting Time [min],0.03,10.82,1.83,116.88,64,10.790000000000001
2026-05-19T10:01:32.687843700Z,TaxiAlgorithmP2PCollector,1,200,6,80,1,nearest,1,4,1,false,none,none,BASELINE,8,116264433,Client Travel Time [min],10.0,787.0,192.33,15386.0,80,777.0
2026-05-19T10:01:32.687843700Z,TaxiAlgorithmP2PCollector,1,200,6,80,1,nearest,1,4,1,false,none,none,BASELINE,8,116264433,Calculation Time [millis],0.0,0.0,0.01,37.0,4537,0.0
2026-05-19T10:01:32.687843700Z,TaxiAlgorithmP2PCollector,1,200,6,80,1,nearest,1,4,1,false,none,none,BASELINE,8,116264433,Custom Time [micros],0.0,0.0,0.0,0.0,4537,0.0
2026-05-19T10:01:32.781839900Z,TaxiAlgorithmP2PCollector,1,200,6,80,1,nearest,1,4,1,false,none,none,BASELINE,9,116264434,Taxi Travel Distance [km],3.03,9.06,6.27,37.59,6,6.030000000000001
2026-05-19T10:01:32.781839900Z,TaxiAlgorithmP2PCollector,1,200,6,80,1,nearest,1,4,1,false,none,none,BASELINE,9,116264434,Client Waiting Time [min],0.05,11.45,1.86,118.9,64,11.399999999999999
2026-05-19T10:01:32.781839900Z,TaxiAlgorithmP2PCollector,1,200,6,80,1,nearest,1,4,1,false,none,none,BASELINE,9,116264434,Client Travel Time [min],12.0,701.0,176.05,14084.0,80,689.0
2026-05-19T10:01:32.781839900Z,TaxiAlgorithmP2PCollector,1,200,6,80,1,nearest,1,4,1,false,none,none,BASELINE,9,116264434,Calculation Time [millis],0.0,1.0,0.01,38.0,4621,1.0
2026-05-19T10:01:32.781839900Z,TaxiAlgorithmP2PCollector,1,200,6,80,1,nearest,1,4,1,false,none,none,BASELINE,9,116264434,Custom Time [micros],0.0,0.0,0.0,0.0,4621,0.0
2026-05-19T10:01:32.891837600Z,TaxiAlgorithmP2PCollector,1,200,6,80,1,nearest,1,4,1,false,none,none,BASELINE,10,116264435,Taxi Travel Distance [km],3.0,10.62,5.87,35.21,6,7.619999999999999
2026-05-19T10:01:32.891837600Z,TaxiAlgorithmP2PCollector,1,200,6,80,1,nearest,1,4,1,false,none,none,BASELINE,10,116264435,Client Waiting Time [min],0.03,9.7,2.04,128.37,63,9.67
2026-05-19T10:01:32.891837600Z,TaxiAlgorithmP2PCollector,1,200,6,80,1,nearest,1,4,1,false,none,none,BASELINE,10,116264435,Client Travel Time [min],9.0,633.0,182.01,14561.0,80,624.0
2026-05-19T10:01:32.891837600Z,TaxiAlgorithmP2PCollector,1,200,6,80,1,nearest,1,4,1,false,none,none,BASELINE,10,116264435,Calculation Time [millis],0.0,0.0,0.01,35.0,4512,0.0
2026-05-19T10:01:32.891837600Z,TaxiAlgorithmP2PCollector,1,200,6,80,1,nearest,1,4,1,false,none,none,BASELINE,10,116264435,Custom Time [micros],0.0,0.0,0.0,0.0,4512,0.0
2026-05-19T10:01:32.983838600Z,TaxiAlgorithmP2PCollector,1,200,6,80,1,nearest,1,4,1,false,none,none,RUSH_HOUR,1,116264426,Taxi Travel Distance [km],4.77,11.77,7.12,42.73,6,7.0
2026-05-19T10:01:32.983838600Z,TaxiAlgorithmP2PCollector,1,200,6,80,1,nearest,1,4,1,false,none,none,RUSH_HOUR,1,116264426,Client Waiting Time [min],0.03,11.37,1.58,110.88,70,11.34
2026-05-19T10:01:32.983838600Z,TaxiAlgorithmP2PCollector,1,200,6,80,1,nearest,1,4,1,false,none,none,RUSH_HOUR,1,116264426,Client Travel Time [min],6.0,686.0,142.16,11373.0,80,680.0
2026-05-19T10:01:32.983838600Z,TaxiAlgorithmP2PCollector,1,200,6,80,1,nearest,1,4,1,false,none,none,RUSH_HOUR,1,116264426,Calculation Time [millis],0.0,0.0,0.01,33.0,4033,0.0
2026-05-19T10:01:32.983838600Z,TaxiAlgorithmP2PCollector,1,200,6,80,1,nearest,1,4,1,false,none,none,RUSH_HOUR,1,116264426,Custom Time [micros],0.0,0.0,0.0,0.0,4033,0.0
2026-05-19T10:01:33.077839600Z,TaxiAlgorithmP2PCollector,1,200,6,80,1,nearest,1,4,1,false,none,none,RUSH_HOUR,2,116264427,Taxi Travel Distance [km],5.65,8.75,6.91,41.46,6,3.0999999999999996
2026-05-19T10:01:33.077839600Z,TaxiAlgorithmP2PCollector,1,200,6,80,1,nearest,1,4,1,false,none,none,RUSH_HOUR,2,116264427,Client Waiting Time [min],0.05,7.73,1.35,87.68,65,7.680000000000001
2026-05-19T10:01:33.077839600Z,TaxiAlgorithmP2PCollector,1,200,6,80,1,nearest,1,4,1,false,none,none,RUSH_HOUR,2,116264427,Client Travel Time [min],8.0,729.0,121.5,9720.0,80,721.0
2026-05-19T10:01:33.077839600Z,TaxiAlgorithmP2PCollector,1,200,6,80,1,nearest,1,4,1,false,none,none,RUSH_HOUR,2,116264427,Calculation Time [millis],0.0,0.0,0.01,29.0,3751,0.0
2026-05-19T10:01:33.077839600Z,TaxiAlgorithmP2PCollector,1,200,6,80,1,nearest,1,4,1,false,none,none,RUSH_HOUR,2,116264427,Custom Time [micros],0.0,0.0,0.0,0.0,3751,0.0
2026-05-19T10:01:33.172849400Z,TaxiAlgorithmP2PCollector,1,200,6,80,1,nearest,1,4,1,false,none,none,RUSH_HOUR,3,116264428,Taxi Travel Distance [km],4.81,8.91,7.13,42.8,6,4.1000000000000005
2026-05-19T10:01:33.172849400Z,TaxiAlgorithmP2PCollector,1,200,6,80,1,nearest,1,4,1,false,none,none,RUSH_HOUR,3,116264428,Client Waiting Time [min],0.05,11.72,1.97,137.82,70,11.67
2026-05-19T10:01:33.172849400Z,TaxiAlgorithmP2PCollector,1,200,6,80,1,nearest,1,4,1,false,none,none,RUSH_HOUR,3,116264428,Client Travel Time [min],11.0,802.0,177.55,14204.0,80,791.0
2026-05-19T10:01:33.172849400Z,TaxiAlgorithmP2PCollector,1,200,6,80,1,nearest,1,4,1,false,none,none,RUSH_HOUR,3,116264428,Calculation Time [millis],0.0,0.0,0.01,35.0,4249,0.0
2026-05-19T10:01:33.172849400Z,TaxiAlgorithmP2PCollector,1,200,6,80,1,nearest,1,4,1,false,none,none,RUSH_HOUR,3,116264428,Custom Time [micros],0.0,0.0,0.0,0.0,4249,0.0
2026-05-19T10:01:33.264043100Z,TaxiAlgorithmP2PCollector,1,200,6,80,1,nearest,1,4,1,false,none,none,RUSH_HOUR,4,116264429,Taxi Travel Distance [km],3.71,10.54,6.5,39.01,6,6.829999999999999
2026-05-19T10:01:33.264043100Z,TaxiAlgorithmP2PCollector,1,200,6,80,1,nearest,1,4,1,false,none,none,RUSH_HOUR,4,116264429,Client Waiting Time [min],0.07,10.65,1.75,110.27,63,10.58
2026-05-19T10:01:33.264043100Z,TaxiAlgorithmP2PCollector,1,200,6,80,1,nearest,1,4,1,false,none,none,RUSH_HOUR,4,116264429,Client Travel Time [min],8.0,833.0,175.25,14020.0,80,825.0
2026-05-19T10:01:33.264043100Z,TaxiAlgorithmP2PCollector,1,200,6,80,1,nearest,1,4,1,false,none,none,RUSH_HOUR,4,116264429,Calculation Time [millis],0.0,0.0,0.01,33.0,4019,0.0
2026-05-19T10:01:33.264043100Z,TaxiAlgorithmP2PCollector,1,200,6,80,1,nearest,1,4,1,false,none,none,RUSH_HOUR,4,116264429,Custom Time [micros],0.0,0.0,0.0,0.0,4019,0.0
2026-05-19T10:01:33.356712400Z,TaxiAlgorithmP2PCollector,1,200,6,80,1,nearest,1,4,1,false,none,none,RUSH_HOUR,5,116264430,Taxi Travel Distance [km],4.9,9.02,7.57,45.4,6,4.119999999999999
2026-05-19T10:01:33.356712400Z,TaxiAlgorithmP2PCollector,1,200,6,80,1,nearest,1,4,1,false,none,none,RUSH_HOUR,5,116264430,Client Waiting Time [min],0.03,9.43,2.12,159.08,75,9.4
2026-05-19T10:01:33.356712400Z,TaxiAlgorithmP2PCollector,1,200,6,80,1,nearest,1,4,1,false,none,none,RUSH_HOUR,5,116264430,Client Travel Time [min],13.0,567.0,150.71,12057.0,80,554.0
2026-05-19T10:01:33.356712400Z,TaxiAlgorithmP2PCollector,1,200,6,80,1,nearest,1,4,1,false,none,none,RUSH_HOUR,5,116264430,Calculation Time [millis],0.0,0.0,0.01,33.0,4238,0.0
2026-05-19T10:01:33.356712400Z,TaxiAlgorithmP2PCollector,1,200,6,80,1,nearest,1,4,1,false,none,none,RUSH_HOUR,5,116264430,Custom Time [micros],0.0,0.0,0.0,0.0,4238,0.0
2026-05-19T10:01:33.450613700Z,TaxiAlgorithmP2PCollector,1,200,6,80,1,nearest,1,4,1,false,none,none,RUSH_HOUR,6,116264431,Taxi Travel Distance [km],3.81,9.39,7.11,42.68,6,5.58
2026-05-19T10:01:33.450613700Z,TaxiAlgorithmP2PCollector,1,200,6,80,1,nearest,1,4,1,false,none,none,RUSH_HOUR,6,116264431,Client Waiting Time [min],0.03,11.7,1.77,120.33,68,11.67
2026-05-19T10:01:33.450613700Z,TaxiAlgorithmP2PCollector,1,200,6,80,1,nearest,1,4,1,false,none,none,RUSH_HOUR,6,116264431,Client Travel Time [min],16.0,708.0,148.65,11892.0,80,692.0
2026-05-19T10:01:33.450613700Z,TaxiAlgorithmP2PCollector,1,200,6,80,1,nearest,1,4,1,false,none,none,RUSH_HOUR,6,116264431,Calculation Time [millis],0.0,0.0,0.01,31.0,3800,0.0
2026-05-19T10:01:33.450613700Z,TaxiAlgorithmP2PCollector,1,200,6,80,1,nearest,1,4,1,false,none,none,RUSH_HOUR,6,116264431,Custom Time [micros],0.0,0.0,0.0,0.0,3800,0.0
2026-05-19T10:01:33.544129400Z,TaxiAlgorithmP2PCollector,1,200,6,80,1,nearest,1,4,1,false,none,none,RUSH_HOUR,7,116264432,Taxi Travel Distance [km],4.43,10.14,6.79,40.72,6,5.710000000000001
2026-05-19T10:01:33.544129400Z,TaxiAlgorithmP2PCollector,1,200,6,80,1,nearest,1,4,1,false,none,none,RUSH_HOUR,7,116264432,Client Waiting Time [min],0.05,10.23,1.73,115.93,67,10.18
2026-05-19T10:01:33.544129400Z,TaxiAlgorithmP2PCollector,1,200,6,80,1,nearest,1,4,1,false,none,none,RUSH_HOUR,7,116264432,Client Travel Time [min],8.0,621.0,143.98,11518.0,80,613.0
2026-05-19T10:01:33.544129400Z,TaxiAlgorithmP2PCollector,1,200,6,80,1,nearest,1,4,1,false,none,none,RUSH_HOUR,7,116264432,Calculation Time [millis],0.0,1.0,0.01,36.0,4182,1.0
2026-05-19T10:01:33.544129400Z,TaxiAlgorithmP2PCollector,1,200,6,80,1,nearest,1,4,1,false,none,none,RUSH_HOUR,7,116264432,Custom Time [micros],0.0,0.0,0.0,0.0,4182,0.0
2026-05-19T10:01:33.652128700Z,TaxiAlgorithmP2PCollector,1,200,6,80,1,nearest,1,4,1,false,none,none,RUSH_HOUR,8,116264433,Taxi Travel Distance [km],4.66,9.35,7.09,42.57,6,4.6899999999999995
2026-05-19T10:01:33.652128700Z,TaxiAlgorithmP2PCollector,1,200,6,80,1,nearest,1,4,1,false,none,none,RUSH_HOUR,8,116264433,Client Waiting Time [min],0.07,12.47,2.42,159.72,66,12.4
2026-05-19T10:01:33.652128700Z,TaxiAlgorithmP2PCollector,1,200,6,80,1,nearest,1,4,1,false,none,none,RUSH_HOUR,8,116264433,Client Travel Time [min],11.0,749.0,192.0,15360.0,80,738.0
2026-05-19T10:01:33.652128700Z,TaxiAlgorithmP2PCollector,1,200,6,80,1,nearest,1,4,1,false,none,none,RUSH_HOUR,8,116264433,Calculation Time [millis],0.0,0.0,0.01,33.0,4309,0.0
2026-05-19T10:01:33.652128700Z,TaxiAlgorithmP2PCollector,1,200,6,80,1,nearest,1,4,1,false,none,none,RUSH_HOUR,8,116264433,Custom Time [micros],0.0,0.0,0.0,0.0,4309,0.0
2026-05-19T10:01:33.746131700Z,TaxiAlgorithmP2PCollector,1,200,6,80,1,nearest,1,4,1,false,none,none,RUSH_HOUR,9,116264434,Taxi Travel Distance [km],0.84,7.89,4.74,28.45,6,7.05
2026-05-19T10:01:33.746131700Z,TaxiAlgorithmP2PCollector,1,200,6,80,1,nearest,1,4,1,false,none,none,RUSH_HOUR,9,116264434,Client Waiting Time [min],0.03,12.02,1.69,92.98,55,11.99
2026-05-19T10:01:33.746131700Z,TaxiAlgorithmP2PCollector,1,200,6,80,1,nearest,1,4,1,false,none,none,RUSH_HOUR,9,116264434,Client Travel Time [min],10.0,864.0,203.15,16252.0,80,854.0
2026-05-19T10:01:33.746131700Z,TaxiAlgorithmP2PCollector,1,200,6,80,1,nearest,1,4,1,false,none,none,RUSH_HOUR,9,116264434,Calculation Time [millis],0.0,0.0,0.01,35.0,4716,0.0
2026-05-19T10:01:33.746131700Z,TaxiAlgorithmP2PCollector,1,200,6,80,1,nearest,1,4,1,false,none,none,RUSH_HOUR,9,116264434,Custom Time [micros],0.0,0.0,0.0,0.0,4716,0.0
2026-05-19T10:01:33.837131100Z,TaxiAlgorithmP2PCollector,1,200,6,80,1,nearest,1,4,1,false,none,none,RUSH_HOUR,10,116264435,Taxi Travel Distance [km],3.15,12.88,6.95,41.67,6,9.73
2026-05-19T10:01:33.837131100Z,TaxiAlgorithmP2PCollector,1,200,6,80,1,nearest,1,4,1,false,none,none,RUSH_HOUR,10,116264435,Client Waiting Time [min],0.05,10.22,1.44,104.8,73,10.17
2026-05-19T10:01:33.837131100Z,TaxiAlgorithmP2PCollector,1,200,6,80,1,nearest,1,4,1,false,none,none,RUSH_HOUR,10,116264435,Client Travel Time [min],8.0,614.0,121.29,9703.0,80,606.0
2026-05-19T10:01:33.837131100Z,TaxiAlgorithmP2PCollector,1,200,6,80,1,nearest,1,4,1,false,none,none,RUSH_HOUR,10,116264435,Calculation Time [millis],0.0,1.0,0.01,36.0,4209,1.0
2026-05-19T10:01:33.837131100Z,TaxiAlgorithmP2PCollector,1,200,6,80,1,nearest,1,4,1,false,none,none,RUSH_HOUR,10,116264435,Custom Time [micros],0.0,0.0,0.0,0.0,4209,0.0
2026-05-19T10:01:33.931772900Z,TaxiAlgorithmP2PCollector,1,200,6,80,1,nearest,1,4,1,false,none,none,SPATIAL_IMBALANCE,1,116264426,Taxi Travel Distance [km],1.01,8.21,4.72,28.34,6,7.200000000000001
2026-05-19T10:01:33.931772900Z,TaxiAlgorithmP2PCollector,1,200,6,80,1,nearest,1,4,1,false,none,none,SPATIAL_IMBALANCE,1,116264426,Client Waiting Time [min],0.05,9.87,2.76,143.72,52,9.819999999999999
2026-05-19T10:01:33.931772900Z,TaxiAlgorithmP2PCollector,1,200,6,80,1,nearest,1,4,1,false,none,none,SPATIAL_IMBALANCE,1,116264426,Client Travel Time [min],17.0,634.0,210.94,16875.0,80,617.0
2026-05-19T10:01:33.931772900Z,TaxiAlgorithmP2PCollector,1,200,6,80,1,nearest,1,4,1,false,none,none,SPATIAL_IMBALANCE,1,116264426,Calculation Time [millis],0.0,0.0,0.01,32.0,4275,0.0
2026-05-19T10:01:33.931772900Z,TaxiAlgorithmP2PCollector,1,200,6,80,1,nearest,1,4,1,false,none,none,SPATIAL_IMBALANCE,1,116264426,Custom Time [micros],0.0,0.0,0.0,0.0,4275,0.0
2026-05-19T10:01:34.025773100Z,TaxiAlgorithmP2PCollector,1,200,6,80,1,nearest,1,4,1,false,none,none,SPATIAL_IMBALANCE,2,116264427,Taxi Travel Distance [km],1.5,5.41,3.41,20.49,6,3.91
2026-05-19T10:01:34.025773100Z,TaxiAlgorithmP2PCollector,1,200,6,80,1,nearest,1,4,1,false,none,none,SPATIAL_IMBALANCE,2,116264427,Client Waiting Time [min],0.05,8.92,2.35,91.48,39,8.87
2026-05-19T10:01:34.025773100Z,TaxiAlgorithmP2PCollector,1,200,6,80,1,nearest,1,4,1,false,none,none,SPATIAL_IMBALANCE,2,116264427,Client Travel Time [min],15.0,589.0,228.14,18251.0,80,574.0
2026-05-19T10:01:34.025773100Z,TaxiAlgorithmP2PCollector,1,200,6,80,1,nearest,1,4,1,false,none,none,SPATIAL_IMBALANCE,2,116264427,Calculation Time [millis],0.0,0.0,0.01,37.0,4206,0.0
2026-05-19T10:01:34.025773100Z,TaxiAlgorithmP2PCollector,1,200,6,80,1,nearest,1,4,1,false,none,none,SPATIAL_IMBALANCE,2,116264427,Custom Time [micros],0.0,0.0,0.0,0.0,4206,0.0
2026-05-19T10:01:34.121775200Z,TaxiAlgorithmP2PCollector,1,200,6,80,1,nearest,1,4,1,false,none,none,SPATIAL_IMBALANCE,3,116264428,Taxi Travel Distance [km],1.12,6.76,3.91,23.48,6,5.64
2026-05-19T10:01:34.121775200Z,TaxiAlgorithmP2PCollector,1,200,6,80,1,nearest,1,4,1,false,none,none,SPATIAL_IMBALANCE,3,116264428,Client Waiting Time [min],0.05,11.53,3.77,165.83,44,11.479999999999999
2026-05-19T10:01:34.121775200Z,TaxiAlgorithmP2PCollector,1,200,6,80,1,nearest,1,4,1,false,none,none,SPATIAL_IMBALANCE,3,116264428,Client Travel Time [min],29.0,789.0,295.08,23606.0,80,760.0
2026-05-19T10:01:34.121775200Z,TaxiAlgorithmP2PCollector,1,200,6,80,1,nearest,1,4,1,false,none,none,SPATIAL_IMBALANCE,3,116264428,Calculation Time [millis],0.0,1.0,0.01,37.0,4394,1.0
2026-05-19T10:01:34.121775200Z,TaxiAlgorithmP2PCollector,1,200,6,80,1,nearest,1,4,1,false,none,none,SPATIAL_IMBALANCE,3,116264428,Custom Time [micros],0.0,0.0,0.0,0.0,4394,0.0
2026-05-19T10:01:34.231775600Z,TaxiAlgorithmP2PCollector,1,200,6,80,1,nearest,1,4,1,false,none,none,SPATIAL_IMBALANCE,4,116264429,Taxi Travel Distance [km],1.8,7.86,4.85,29.08,6,6.0600000000000005
2026-05-19T10:01:34.231775600Z,TaxiAlgorithmP2PCollector,1,200,6,80,1,nearest,1,4,1,false,none,none,SPATIAL_IMBALANCE,4,116264429,Client Waiting Time [min],0.07,10.05,2.57,146.57,57,9.98
2026-05-19T10:01:34.231775600Z,TaxiAlgorithmP2PCollector,1,200,6,80,1,nearest,1,4,1,false,none,none,SPATIAL_IMBALANCE,4,116264429,Client Travel Time [min],17.0,606.0,200.55,16044.0,80,589.0
2026-05-19T10:01:34.231775600Z,TaxiAlgorithmP2PCollector,1,200,6,80,1,nearest,1,4,1,false,none,none,SPATIAL_IMBALANCE,4,116264429,Calculation Time [millis],0.0,0.0,0.01,38.0,4314,0.0
2026-05-19T10:01:34.231775600Z,TaxiAlgorithmP2PCollector,1,200,6,80,1,nearest,1,4,1,false,none,none,SPATIAL_IMBALANCE,4,116264429,Custom Time [micros],0.0,0.0,0.0,0.0,4314,0.0
2026-05-19T10:01:34.325774300Z,TaxiAlgorithmP2PCollector,1,200,6,80,1,nearest,1,4,1,false,none,none,SPATIAL_IMBALANCE,5,116264430,Taxi Travel Distance [km],0.67,7.2,4.38,26.27,6,6.53
2026-05-19T10:01:34.325774300Z,TaxiAlgorithmP2PCollector,1,200,6,80,1,nearest,1,4,1,false,none,none,SPATIAL_IMBALANCE,5,116264430,Client Waiting Time [min],0.08,8.07,2.52,141.38,56,7.99
2026-05-19T10:01:34.325774300Z,TaxiAlgorithmP2PCollector,1,200,6,80,1,nearest,1,4,1,false,none,none,SPATIAL_IMBALANCE,5,116264430,Client Travel Time [min],12.0,778.0,224.31,17945.0,80,766.0
2026-05-19T10:01:34.325774300Z,TaxiAlgorithmP2PCollector,1,200,6,80,1,nearest,1,4,1,false,none,none,SPATIAL_IMBALANCE,5,116264430,Calculation Time [millis],0.0,0.0,0.01,35.0,4281,0.0
2026-05-19T10:01:34.325774300Z,TaxiAlgorithmP2PCollector,1,200,6,80,1,nearest,1,4,1,false,none,none,SPATIAL_IMBALANCE,5,116264430,Custom Time [micros],0.0,0.0,0.0,0.0,4281,0.0
2026-05-19T10:01:34.417773400Z,TaxiAlgorithmP2PCollector,1,200,6,80,1,nearest,1,4,1,false,none,none,SPATIAL_IMBALANCE,6,116264431,Taxi Travel Distance [km],0.54,6.81,3.49,20.92,6,6.27
2026-05-19T10:01:34.417773400Z,TaxiAlgorithmP2PCollector,1,200,6,80,1,nearest,1,4,1,false,none,none,SPATIAL_IMBALANCE,6,116264431,Client Waiting Time [min],0.08,8.33,2.12,82.7,39,8.25
2026-05-19T10:01:34.417773400Z,TaxiAlgorithmP2PCollector,1,200,6,80,1,nearest,1,4,1,false,none,none,SPATIAL_IMBALANCE,6,116264431,Client Travel Time [min],10.0,719.0,248.03,19842.0,80,709.0
2026-05-19T10:01:34.417773400Z,TaxiAlgorithmP2PCollector,1,200,6,80,1,nearest,1,4,1,false,none,none,SPATIAL_IMBALANCE,6,116264431,Calculation Time [millis],0.0,0.0,0.01,33.0,4181,0.0
2026-05-19T10:01:34.417773400Z,TaxiAlgorithmP2PCollector,1,200,6,80,1,nearest,1,4,1,false,none,none,SPATIAL_IMBALANCE,6,116264431,Custom Time [micros],0.0,0.0,0.0,0.0,4181,0.0
2026-05-19T10:01:34.510772900Z,TaxiAlgorithmP2PCollector,1,200,6,80,1,nearest,1,4,1,false,none,none,SPATIAL_IMBALANCE,7,116264432,Taxi Travel Distance [km],1.94,6.85,4.17,24.99,6,4.91
2026-05-19T10:01:34.510772900Z,TaxiAlgorithmP2PCollector,1,200,6,80,1,nearest,1,4,1,false,none,none,SPATIAL_IMBALANCE,7,116264432,Client Waiting Time [min],0.08,8.58,2.87,134.73,47,8.5
2026-05-19T10:01:34.510772900Z,TaxiAlgorithmP2PCollector,1,200,6,80,1,nearest,1,4,1,false,none,none,SPATIAL_IMBALANCE,7,116264432,Client Travel Time [min],15.0,949.0,246.35,19708.0,80,934.0
2026-05-19T10:01:34.510772900Z,TaxiAlgorithmP2PCollector,1,200,6,80,1,nearest,1,4,1,false,none,none,SPATIAL_IMBALANCE,7,116264432,Calculation Time [millis],0.0,0.0,0.01,34.0,4378,0.0
2026-05-19T10:01:34.510772900Z,TaxiAlgorithmP2PCollector,1,200,6,80,1,nearest,1,4,1,false,none,none,SPATIAL_IMBALANCE,7,116264432,Custom Time [micros],0.0,0.0,0.0,0.0,4378,0.0
2026-05-19T10:01:34.604772400Z,TaxiAlgorithmP2PCollector,1,200,6,80,1,nearest,1,4,1,false,none,none,SPATIAL_IMBALANCE,8,116264433,Taxi Travel Distance [km],2.47,5.14,3.87,23.19,6,2.6699999999999995
2026-05-19T10:01:34.604772400Z,TaxiAlgorithmP2PCollector,1,200,6,80,1,nearest,1,4,1,false,none,none,SPATIAL_IMBALANCE,8,116264433,Client Waiting Time [min],0.05,10.62,3.16,142.07,45,10.569999999999999
2026-05-19T10:01:34.604772400Z,TaxiAlgorithmP2PCollector,1,200,6,80,1,nearest,1,4,1,false,none,none,SPATIAL_IMBALANCE,8,116264433,Client Travel Time [min],9.0,907.0,283.91,22713.0,80,898.0
2026-05-19T10:01:34.604772400Z,TaxiAlgorithmP2PCollector,1,200,6,80,1,nearest,1,4,1,false,none,none,SPATIAL_IMBALANCE,8,116264433,Calculation Time [millis],0.0,0.0,0.01,35.0,4442,0.0
2026-05-19T10:01:34.604772400Z,TaxiAlgorithmP2PCollector,1,200,6,80,1,nearest,1,4,1,false,none,none,SPATIAL_IMBALANCE,8,116264433,Custom Time [micros],0.0,0.0,0.0,0.0,4442,0.0
2026-05-19T10:01:34.697775Z,TaxiAlgorithmP2PCollector,1,200,6,80,1,nearest,1,4,1,false,none,none,SPATIAL_IMBALANCE,9,116264434,Taxi Travel Distance [km],0.21,5.89,3.59,21.52,6,5.68
2026-05-19T10:01:34.697775Z,TaxiAlgorithmP2PCollector,1,200,6,80,1,nearest,1,4,1,false,none,none,SPATIAL_IMBALANCE,9,116264434,Client Waiting Time [min],0.05,6.82,2.25,94.63,42,6.7700000000000005
2026-05-19T10:01:34.697775Z,TaxiAlgorithmP2PCollector,1,200,6,80,1,nearest,1,4,1,false,none,none,SPATIAL_IMBALANCE,9,116264434,Client Travel Time [min],10.0,745.0,239.01,19121.0,80,735.0
2026-05-19T10:01:34.697775Z,TaxiAlgorithmP2PCollector,1,200,6,80,1,nearest,1,4,1,false,none,none,SPATIAL_IMBALANCE,9,116264434,Calculation Time [millis],0.0,0.0,0.01,33.0,4179,0.0
2026-05-19T10:01:34.697775Z,TaxiAlgorithmP2PCollector,1,200,6,80,1,nearest,1,4,1,false,none,none,SPATIAL_IMBALANCE,9,116264434,Custom Time [micros],0.0,0.0,0.0,0.0,4179,0.0
2026-05-19T10:01:34.791772300Z,TaxiAlgorithmP2PCollector,1,200,6,80,1,nearest,1,4,1,false,none,none,SPATIAL_IMBALANCE,10,116264435,Taxi Travel Distance [km],0.31,5.98,2.74,16.45,6,5.670000000000001
2026-05-19T10:01:34.791772300Z,TaxiAlgorithmP2PCollector,1,200,6,80,1,nearest,1,4,1,false,none,none,SPATIAL_IMBALANCE,10,116264435,Client Waiting Time [min],0.1,6.6,2.64,92.4,35,6.5
2026-05-19T10:01:34.791772300Z,TaxiAlgorithmP2PCollector,1,200,6,80,1,nearest,1,4,1,false,none,none,SPATIAL_IMBALANCE,10,116264435,Client Travel Time [min],15.0,763.0,259.83,20786.0,80,748.0
2026-05-19T10:01:34.791772300Z,TaxiAlgorithmP2PCollector,1,200,6,80,1,nearest,1,4,1,false,none,none,SPATIAL_IMBALANCE,10,116264435,Calculation Time [millis],0.0,0.0,0.01,32.0,4144,0.0
2026-05-19T10:01:34.791772300Z,TaxiAlgorithmP2PCollector,1,200,6,80,1,nearest,1,4,1,false,none,none,SPATIAL_IMBALANCE,10,116264435,Custom Time [micros],0.0,0.0,0.0,0.0,4144,0.0
2026-05-19T10:01:34.883775Z,TaxiAlgorithmP2PCollector,1,200,6,80,1,nearest,1,4,1,false,none,none,SPATIAL_ISLANDS,1,116264426,Taxi Travel Distance [km],1.16,7.69,4.06,24.37,6,6.53
2026-05-19T10:01:34.883775Z,TaxiAlgorithmP2PCollector,1,200,6,80,1,nearest,1,4,1,false,none,none,SPATIAL_ISLANDS,1,116264426,Client Waiting Time [min],0.07,12.07,2.44,107.5,44,12.0
2026-05-19T10:01:34.883775Z,TaxiAlgorithmP2PCollector,1,200,6,80,1,nearest,1,4,1,false,none,none,SPATIAL_ISLANDS,1,116264426,Client Travel Time [min],18.0,733.0,256.15,20492.0,80,715.0
2026-05-19T10:01:34.883775Z,TaxiAlgorithmP2PCollector,1,200,6,80,1,nearest,1,4,1,false,none,none,SPATIAL_ISLANDS,1,116264426,Calculation Time [millis],0.0,1.0,0.01,38.0,4433,1.0
2026-05-19T10:01:34.883775Z,TaxiAlgorithmP2PCollector,1,200,6,80,1,nearest,1,4,1,false,none,none,SPATIAL_ISLANDS,1,116264426,Custom Time [micros],0.0,0.0,0.0,0.0,4433,0.0
2026-05-19T10:01:34.990772100Z,TaxiAlgorithmP2PCollector,1,200,6,80,1,nearest,1,4,1,false,none,none,SPATIAL_ISLANDS,2,116264427,Taxi Travel Distance [km],2.03,9.08,5.65,33.92,6,7.050000000000001
2026-05-19T10:01:34.990772100Z,TaxiAlgorithmP2PCollector,1,200,6,80,1,nearest,1,4,1,false,none,none,SPATIAL_ISLANDS,2,116264427,Client Waiting Time [min],0.05,9.87,2.31,131.82,57,9.819999999999999
2026-05-19T10:01:34.990772100Z,TaxiAlgorithmP2PCollector,1,200,6,80,1,nearest,1,4,1,false,none,none,SPATIAL_ISLANDS,2,116264427,Client Travel Time [min],16.0,858.0,221.78,17742.0,80,842.0
2026-05-19T10:01:34.990772100Z,TaxiAlgorithmP2PCollector,1,200,6,80,1,nearest,1,4,1,false,none,none,SPATIAL_ISLANDS,2,116264427,Calculation Time [millis],0.0,0.0,0.01,37.0,4655,0.0
2026-05-19T10:01:34.990772100Z,TaxiAlgorithmP2PCollector,1,200,6,80,1,nearest,1,4,1,false,none,none,SPATIAL_ISLANDS,2,116264427,Custom Time [micros],0.0,0.0,0.0,0.0,4655,0.0
2026-05-19T10:01:35.082772900Z,TaxiAlgorithmP2PCollector,1,200,6,80,1,nearest,1,4,1,false,none,none,SPATIAL_ISLANDS,3,116264428,Taxi Travel Distance [km],0.96,5.3,2.69,16.17,6,4.34
2026-05-19T10:01:35.082772900Z,TaxiAlgorithmP2PCollector,1,200,6,80,1,nearest,1,4,1,false,none,none,SPATIAL_ISLANDS,3,116264428,Client Waiting Time [min],0.1,10.18,4.12,131.97,32,10.08
2026-05-19T10:01:35.082772900Z,TaxiAlgorithmP2PCollector,1,200,6,80,1,nearest,1,4,1,false,none,none,SPATIAL_ISLANDS,3,116264428,Client Travel Time [min],20.0,975.0,358.14,28651.0,80,955.0
2026-05-19T10:01:35.082772900Z,TaxiAlgorithmP2PCollector,1,200,6,80,1,nearest,1,4,1,false,none,none,SPATIAL_ISLANDS,3,116264428,Calculation Time [millis],0.0,0.0,0.01,35.0,4396,0.0
2026-05-19T10:01:35.082772900Z,TaxiAlgorithmP2PCollector,1,200,6,80,1,nearest,1,4,1,false,none,none,SPATIAL_ISLANDS,3,116264428,Custom Time [micros],0.0,0.0,0.0,0.0,4396,0.0
2026-05-19T10:01:35.175772200Z,TaxiAlgorithmP2PCollector,1,200,6,80,1,nearest,1,4,1,false,none,none,SPATIAL_ISLANDS,4,116264429,Taxi Travel Distance [km],2.55,9.26,5.43,32.58,6,6.71
2026-05-19T10:01:35.175772200Z,TaxiAlgorithmP2PCollector,1,200,6,80,1,nearest,1,4,1,false,none,none,SPATIAL_ISLANDS,4,116264429,Client Waiting Time [min],0.03,10.25,2.7,148.43,55,10.22
2026-05-19T10:01:35.175772200Z,TaxiAlgorithmP2PCollector,1,200,6,80,1,nearest,1,4,1,false,none,none,SPATIAL_ISLANDS,4,116264429,Client Travel Time [min],16.0,805.0,231.01,18481.0,80,789.0
2026-05-19T10:01:35.175772200Z,TaxiAlgorithmP2PCollector,1,200,6,80,1,nearest,1,4,1,false,none,none,SPATIAL_ISLANDS,4,116264429,Calculation Time [millis],0.0,1.0,0.01,40.0,4776,1.0
2026-05-19T10:01:35.175772200Z,TaxiAlgorithmP2PCollector,1,200,6,80,1,nearest,1,4,1,false,none,none,SPATIAL_ISLANDS,4,116264429,Custom Time [micros],0.0,0.0,0.0,0.0,4776,0.0
2026-05-19T10:01:35.286774600Z,TaxiAlgorithmP2PCollector,1,200,6,80,1,nearest,1,4,1,false,none,none,SPATIAL_ISLANDS,5,116264430,Taxi Travel Distance [km],1.26,5.73,3.78,22.68,6,4.470000000000001
2026-05-19T10:01:35.286774600Z,TaxiAlgorithmP2PCollector,1,200,6,80,1,nearest,1,4,1,false,none,none,SPATIAL_ISLANDS,5,116264430,Client Waiting Time [min],0.08,10.18,3.51,157.95,45,10.1
2026-05-19T10:01:35.286774600Z,TaxiAlgorithmP2PCollector,1,200,6,80,1,nearest,1,4,1,false,none,none,SPATIAL_ISLANDS,5,116264430,Client Travel Time [min],11.0,798.0,299.04,23923.0,80,787.0
2026-05-19T10:01:35.286774600Z,TaxiAlgorithmP2PCollector,1,200,6,80,1,nearest,1,4,1,false,none,none,SPATIAL_ISLANDS,5,116264430,Calculation Time [millis],0.0,0.0,0.01,35.0,4362,0.0
2026-05-19T10:01:35.286774600Z,TaxiAlgorithmP2PCollector,1,200,6,80,1,nearest,1,4,1,false,none,none,SPATIAL_ISLANDS,5,116264430,Custom Time [micros],0.0,0.0,0.0,0.0,4362,0.0
2026-05-19T10:01:35.381772100Z,TaxiAlgorithmP2PCollector,1,200,6,80,1,nearest,1,4,1,false,none,none,SPATIAL_ISLANDS,6,116264431,Taxi Travel Distance [km],1.43,8.65,4.34,26.03,6,7.220000000000001
2026-05-19T10:01:35.381772100Z,TaxiAlgorithmP2PCollector,1,200,6,80,1,nearest,1,4,1,false,none,none,SPATIAL_ISLANDS,6,116264431,Client Waiting Time [min],0.1,9.22,2.35,98.7,42,9.120000000000001
2026-05-19T10:01:35.381772100Z,TaxiAlgorithmP2PCollector,1,200,6,80,1,nearest,1,4,1,false,none,none,SPATIAL_ISLANDS,6,116264431,Client Travel Time [min],12.0,733.0,266.16,21293.0,80,721.0
2026-05-19T10:01:35.381772100Z,TaxiAlgorithmP2PCollector,1,200,6,80,1,nearest,1,4,1,false,none,none,SPATIAL_ISLANDS,6,116264431,Calculation Time [millis],0.0,1.0,0.01,36.0,4466,1.0
2026-05-19T10:01:35.381772100Z,TaxiAlgorithmP2PCollector,1,200,6,80,1,nearest,1,4,1,false,none,none,SPATIAL_ISLANDS,6,116264431,Custom Time [micros],0.0,0.0,0.0,0.0,4466,0.0
2026-05-19T10:01:35.475773400Z,TaxiAlgorithmP2PCollector,1,200,6,80,1,nearest,1,4,1,false,none,none,SPATIAL_ISLANDS,7,116264432,Taxi Travel Distance [km],1.78,6.63,3.93,23.58,6,4.85
2026-05-19T10:01:35.475773400Z,TaxiAlgorithmP2PCollector,1,200,6,80,1,nearest,1,4,1,false,none,none,SPATIAL_ISLANDS,7,116264432,Client Waiting Time [min],0.05,11.62,3.47,152.83,44,11.569999999999999
2026-05-19T10:01:35.475773400Z,TaxiAlgorithmP2PCollector,1,200,6,80,1,nearest,1,4,1,false,none,none,SPATIAL_ISLANDS,7,116264432,Client Travel Time [min],12.0,775.0,291.65,23332.0,80,763.0
2026-05-19T10:01:35.475773400Z,TaxiAlgorithmP2PCollector,1,200,6,80,1,nearest,1,4,1,false,none,none,SPATIAL_ISLANDS,7,116264432,Calculation Time [millis],0.0,0.0,0.01,39.0,4602,0.0
2026-05-19T10:01:35.475773400Z,TaxiAlgorithmP2PCollector,1,200,6,80,1,nearest,1,4,1,false,none,none,SPATIAL_ISLANDS,7,116264432,Custom Time [micros],0.0,0.0,0.0,0.0,4602,0.0
2026-05-19T10:01:35.582773200Z,TaxiAlgorithmP2PCollector,1,200,6,80,1,nearest,1,4,1,false,none,none,SPATIAL_ISLANDS,8,116264433,Taxi Travel Distance [km],0.62,7.1,2.66,15.94,6,6.4799999999999995
2026-05-19T10:01:35.582773200Z,TaxiAlgorithmP2PCollector,1,200,6,80,1,nearest,1,4,1,false,none,none,SPATIAL_ISLANDS,8,116264433,Client Waiting Time [min],0.13,9.95,4.81,139.47,29,9.819999999999999
2026-05-19T10:01:35.582773200Z,TaxiAlgorithmP2PCollector,1,200,6,80,1,nearest,1,4,1,false,none,none,SPATIAL_ISLANDS,8,116264433,Client Travel Time [min],30.0,836.0,391.68,31334.0,80,806.0
2026-05-19T10:01:35.582773200Z,TaxiAlgorithmP2PCollector,1,200,6,80,1,nearest,1,4,1,false,none,none,SPATIAL_ISLANDS,8,116264433,Calculation Time [millis],0.0,0.0,0.01,37.0,4442,0.0
2026-05-19T10:01:35.582773200Z,TaxiAlgorithmP2PCollector,1,200,6,80,1,nearest,1,4,1,false,none,none,SPATIAL_ISLANDS,8,116264433,Custom Time [micros],0.0,0.0,0.0,0.0,4442,0.0
2026-05-19T10:01:35.673773600Z,TaxiAlgorithmP2PCollector,1,200,6,80,1,nearest,1,4,1,false,none,none,SPATIAL_ISLANDS,9,116264434,Taxi Travel Distance [km],2.72,10.65,5.33,32.0,6,7.93
2026-05-19T10:01:35.673773600Z,TaxiAlgorithmP2PCollector,1,200,6,80,1,nearest,1,4,1,false,none,none,SPATIAL_ISLANDS,9,116264434,Client Waiting Time [min],0.07,13.27,2.81,160.3,57,13.2
2026-05-19T10:01:35.673773600Z,TaxiAlgorithmP2PCollector,1,200,6,80,1,nearest,1,4,1,false,none,none,SPATIAL_ISLANDS,9,116264434,Client Travel Time [min],10.0,876.0,226.61,18129.0,80,866.0
2026-05-19T10:01:35.673773600Z,TaxiAlgorithmP2PCollector,1,200,6,80,1,nearest,1,4,1,false,none,none,SPATIAL_ISLANDS,9,116264434,Calculation Time [millis],0.0,0.0,0.01,36.0,4581,0.0
2026-05-19T10:01:35.673773600Z,TaxiAlgorithmP2PCollector,1,200,6,80,1,nearest,1,4,1,false,none,none,SPATIAL_ISLANDS,9,116264434,Custom Time [micros],0.0,0.0,0.0,0.0,4581,0.0
2026-05-19T10:01:35.767772400Z,TaxiAlgorithmP2PCollector,1,200,6,80,1,nearest,1,4,1,false,none,none,SPATIAL_ISLANDS,10,116264435,Taxi Travel Distance [km],4.28,8.28,5.83,34.95,6,3.999999999999999
2026-05-19T10:01:35.767772400Z,TaxiAlgorithmP2PCollector,1,200,6,80,1,nearest,1,4,1,false,none,none,SPATIAL_ISLANDS,10,116264435,Client Waiting Time [min],0.05,11.88,2.61,156.32,60,11.83
2026-05-19T10:01:35.767772400Z,TaxiAlgorithmP2PCollector,1,200,6,80,1,nearest,1,4,1,false,none,none,SPATIAL_ISLANDS,10,116264435,Client Travel Time [min],11.0,720.0,216.15,17292.0,80,709.0
2026-05-19T10:01:35.767772400Z,TaxiAlgorithmP2PCollector,1,200,6,80,1,nearest,1,4,1,false,none,none,SPATIAL_ISLANDS,10,116264435,Calculation Time [millis],0.0,0.0,0.01,41.0,4523,0.0
2026-05-19T10:01:35.767772400Z,TaxiAlgorithmP2PCollector,1,200,6,80,1,nearest,1,4,1,false,none,none,SPATIAL_ISLANDS,10,116264435,Custom Time [micros],0.0,0.0,0.0,0.0,4523,0.0
2026-05-19T10:01:35.877772500Z,TaxiAlgorithmP2PCollector,1,200,6,80,1,nearest,1,4,1,true,page-rank,page-rank,BASELINE,1,116264426,Taxi Travel Distance [km],21.47,28.96,24.28,145.69,6,7.490000000000002
2026-05-19T10:01:35.877772500Z,TaxiAlgorithmP2PCollector,1,200,6,80,1,nearest,1,4,1,true,page-rank,page-rank,BASELINE,1,116264426,Client Waiting Time [min],0.05,2.6,0.62,49.18,79,2.5500000000000003
2026-05-19T10:01:35.877772500Z,TaxiAlgorithmP2PCollector,1,200,6,80,1,nearest,1,4,1,true,page-rank,page-rank,BASELINE,1,116264426,Client Travel Time [min],5.0,172.0,57.85,4628.0,80,167.0
2026-05-19T10:01:35.877772500Z,TaxiAlgorithmP2PCollector,1,200,6,80,1,nearest,1,4,1,true,page-rank,page-rank,BASELINE,1,116264426,Calculation Time [millis],0.0,0.0,0.01,46.0,4039,0.0
2026-05-19T10:01:35.877772500Z,TaxiAlgorithmP2PCollector,1,200,6,80,1,nearest,1,4,1,true,page-rank,page-rank,BASELINE,1,116264426,Custom Time [micros],0.0,0.0,0.0,0.0,4039,0.0
2026-05-19T10:01:36.017775200Z,TaxiAlgorithmP2PCollector,1,200,6,80,1,nearest,1,4,1,true,page-rank,page-rank,BASELINE,2,116264427,Taxi Travel Distance [km],29.29,33.24,30.78,184.7,6,3.950000000000003
2026-05-19T10:01:36.017775200Z,TaxiAlgorithmP2PCollector,1,200,6,80,1,nearest,1,4,1,true,page-rank,page-rank,BASELINE,2,116264427,Client Waiting Time [min],0.05,4.78,0.82,63.13,77,4.73
2026-05-19T10:01:36.017775200Z,TaxiAlgorithmP2PCollector,1,200,6,80,1,nearest,1,4,1,true,page-rank,page-rank,BASELINE,2,116264427,Client Travel Time [min],14.0,302.0,68.01,5441.0,80,288.0
2026-05-19T10:01:36.017775200Z,TaxiAlgorithmP2PCollector,1,200,6,80,1,nearest,1,4,1,true,page-rank,page-rank,BASELINE,2,116264427,Calculation Time [millis],0.0,0.0,0.02,62.0,3975,0.0
2026-05-19T10:01:36.017775200Z,TaxiAlgorithmP2PCollector,1,200,6,80,1,nearest,1,4,1,true,page-rank,page-rank,BASELINE,2,116264427,Custom Time [micros],0.0,0.0,0.0,0.0,3975,0.0
2026-05-19T10:01:36.141777Z,TaxiAlgorithmP2PCollector,1,200,6,80,1,nearest,1,4,1,true,page-rank,page-rank,BASELINE,3,116264428,Taxi Travel Distance [km],21.12,28.8,25.31,151.84,6,7.68
2026-05-19T10:01:36.141777Z,TaxiAlgorithmP2PCollector,1,200,6,80,1,nearest,1,4,1,true,page-rank,page-rank,BASELINE,3,116264428,Client Waiting Time [min],0.03,4.58,0.62,49.23,79,4.55
2026-05-19T10:01:36.141777Z,TaxiAlgorithmP2PCollector,1,200,6,80,1,nearest,1,4,1,true,page-rank,page-rank,BASELINE,3,116264428,Client Travel Time [min],14.0,292.0,61.74,4939.0,80,278.0
2026-05-19T10:01:36.141777Z,TaxiAlgorithmP2PCollector,1,200,6,80,1,nearest,1,4,1,true,page-rank,page-rank,BASELINE,3,116264428,Calculation Time [millis],0.0,0.0,0.01,48.0,3958,0.0
2026-05-19T10:01:36.141777Z,TaxiAlgorithmP2PCollector,1,200,6,80,1,nearest,1,4,1,true,page-rank,page-rank,BASELINE,3,116264428,Custom Time [micros],0.0,0.0,0.0,0.0,3958,0.0
2026-05-19T10:01:36.266864Z,TaxiAlgorithmP2PCollector,1,200,6,80,1,nearest,1,4,1,true,page-rank,page-rank,BASELINE,4,116264429,Taxi Travel Distance [km],24.0,30.77,28.25,169.48,6,6.77
2026-05-19T10:01:36.266864Z,TaxiAlgorithmP2PCollector,1,200,6,80,1,nearest,1,4,1,true,page-rank,page-rank,BASELINE,4,116264429,Client Waiting Time [min],0.03,3.8,0.71,55.65,78,3.77
2026-05-19T10:01:36.266864Z,TaxiAlgorithmP2PCollector,1,200,6,80,1,nearest,1,4,1,true,page-rank,page-rank,BASELINE,4,116264429,Client Travel Time [min],15.0,242.0,65.46,5237.0,80,227.0
2026-05-19T10:01:36.266864Z,TaxiAlgorithmP2PCollector,1,200,6,80,1,nearest,1,4,1,true,page-rank,page-rank,BASELINE,4,116264429,Calculation Time [millis],0.0,1.0,0.01,58.0,3998,1.0
2026-05-19T10:01:36.266864Z,TaxiAlgorithmP2PCollector,1,200,6,80,1,nearest,1,4,1,true,page-rank,page-rank,BASELINE,4,116264429,Custom Time [micros],0.0,0.0,0.0,0.0,3998,0.0
2026-05-19T10:01:36.405864300Z,TaxiAlgorithmP2PCollector,1,200,6,80,1,nearest,1,4,1,true,page-rank,page-rank,BASELINE,5,116264430,Taxi Travel Distance [km],35.35,38.56,36.78,220.65,6,3.210000000000001
2026-05-19T10:01:36.405864300Z,TaxiAlgorithmP2PCollector,1,200,6,80,1,nearest,1,4,1,true,page-rank,page-rank,BASELINE,5,116264430,Client Waiting Time [min],0.05,3.48,0.87,68.07,78,3.43
2026-05-19T10:01:36.405864300Z,TaxiAlgorithmP2PCollector,1,200,6,80,1,nearest,1,4,1,true,page-rank,page-rank,BASELINE,5,116264430,Client Travel Time [min],12.0,237.0,75.24,6019.0,80,225.0
2026-05-19T10:01:36.405864300Z,TaxiAlgorithmP2PCollector,1,200,6,80,1,nearest,1,4,1,true,page-rank,page-rank,BASELINE,5,116264430,Calculation Time [millis],0.0,0.0,0.02,78.0,4037,0.0
2026-05-19T10:01:36.405864300Z,TaxiAlgorithmP2PCollector,1,200,6,80,1,nearest,1,4,1,true,page-rank,page-rank,BASELINE,5,116264430,Custom Time [micros],0.0,0.0,0.0,0.0,4037,0.0
2026-05-19T10:01:36.561866400Z,TaxiAlgorithmP2PCollector,1,200,6,80,1,nearest,1,4,1,true,page-rank,page-rank,BASELINE,6,116264431,Taxi Travel Distance [km],24.87,30.93,27.53,165.18,6,6.059999999999999
2026-05-19T10:01:36.561866400Z,TaxiAlgorithmP2PCollector,1,200,6,80,1,nearest,1,4,1,true,page-rank,page-rank,BASELINE,6,116264431,Client Waiting Time [min],0.05,3.37,0.72,56.75,79,3.3200000000000003
2026-05-19T10:01:36.561866400Z,TaxiAlgorithmP2PCollector,1,200,6,80,1,nearest,1,4,1,true,page-rank,page-rank,BASELINE,6,116264431,Client Travel Time [min],11.0,211.0,63.94,5115.0,80,200.0
2026-05-19T10:01:36.561866400Z,TaxiAlgorithmP2PCollector,1,200,6,80,1,nearest,1,4,1,true,page-rank,page-rank,BASELINE,6,116264431,Calculation Time [millis],0.0,0.0,0.02,67.0,4014,0.0
2026-05-19T10:01:36.561866400Z,TaxiAlgorithmP2PCollector,1,200,6,80,1,nearest,1,4,1,true,page-rank,page-rank,BASELINE,6,116264431,Custom Time [micros],0.0,0.0,0.0,0.0,4014,0.0
2026-05-19T10:01:36.717863300Z,TaxiAlgorithmP2PCollector,1,200,6,80,1,nearest,1,4,1,true,page-rank,page-rank,BASELINE,7,116264432,Taxi Travel Distance [km],33.23,38.68,35.25,211.5,6,5.450000000000003
2026-05-19T10:01:36.717863300Z,TaxiAlgorithmP2PCollector,1,200,6,80,1,nearest,1,4,1,true,page-rank,page-rank,BASELINE,7,116264432,Client Waiting Time [min],0.03,4.2,0.88,69.62,79,4.17
2026-05-19T10:01:36.717863300Z,TaxiAlgorithmP2PCollector,1,200,6,80,1,nearest,1,4,1,true,page-rank,page-rank,BASELINE,7,116264432,Client Travel Time [min],6.0,262.0,74.14,5931.0,80,256.0
2026-05-19T10:01:36.717863300Z,TaxiAlgorithmP2PCollector,1,200,6,80,1,nearest,1,4,1,true,page-rank,page-rank,BASELINE,7,116264432,Calculation Time [millis],0.0,0.0,0.02,79.0,4010,0.0
2026-05-19T10:01:36.717863300Z,TaxiAlgorithmP2PCollector,1,200,6,80,1,nearest,1,4,1,true,page-rank,page-rank,BASELINE,7,116264432,Custom Time [micros],0.0,0.0,0.0,0.0,4010,0.0
2026-05-19T10:01:36.842862200Z,TaxiAlgorithmP2PCollector,1,200,6,80,1,nearest,1,4,1,true,page-rank,page-rank,BASELINE,8,116264433,Taxi Travel Distance [km],27.67,28.92,28.45,170.7,6,1.25
2026-05-19T10:01:36.842862200Z,TaxiAlgorithmP2PCollector,1,200,6,80,1,nearest,1,4,1,true,page-rank,page-rank,BASELINE,8,116264433,Client Waiting Time [min],0.03,3.38,0.74,58.15,79,3.35
2026-05-19T10:01:36.842862200Z,TaxiAlgorithmP2PCollector,1,200,6,80,1,nearest,1,4,1,true,page-rank,page-rank,BASELINE,8,116264433,Client Travel Time [min],16.0,209.0,68.54,5483.0,80,193.0
2026-05-19T10:01:36.842862200Z,TaxiAlgorithmP2PCollector,1,200,6,80,1,nearest,1,4,1,true,page-rank,page-rank,BASELINE,8,116264433,Calculation Time [millis],0.0,0.0,0.01,52.0,4084,0.0
2026-05-19T10:01:36.842862200Z,TaxiAlgorithmP2PCollector,1,200,6,80,1,nearest,1,4,1,true,page-rank,page-rank,BASELINE,8,116264433,Custom Time [micros],0.0,0.0,0.0,0.0,4084,0.0
2026-05-19T10:01:36.997812100Z,TaxiAlgorithmP2PCollector,1,200,6,80,1,nearest,1,4,1,true,page-rank,page-rank,BASELINE,9,116264434,Taxi Travel Distance [km],29.06,36.98,32.58,195.5,6,7.919999999999998
2026-05-19T10:01:36.997812100Z,TaxiAlgorithmP2PCollector,1,200,6,80,1,nearest,1,4,1,true,page-rank,page-rank,BASELINE,9,116264434,Client Waiting Time [min],0.07,2.65,0.74,58.13,79,2.58
2026-05-19T10:01:36.997812100Z,TaxiAlgorithmP2PCollector,1,200,6,80,1,nearest,1,4,1,true,page-rank,page-rank,BASELINE,9,116264434,Client Travel Time [min],7.0,174.0,66.19,5295.0,80,167.0
2026-05-19T10:01:36.997812100Z,TaxiAlgorithmP2PCollector,1,200,6,80,1,nearest,1,4,1,true,page-rank,page-rank,BASELINE,9,116264434,Calculation Time [millis],0.0,0.0,0.02,82.0,4100,0.0
2026-05-19T10:01:36.997812100Z,TaxiAlgorithmP2PCollector,1,200,6,80,1,nearest,1,4,1,true,page-rank,page-rank,BASELINE,9,116264434,Custom Time [micros],0.0,0.0,0.0,0.0,4100,0.0
2026-05-19T10:01:37.183328100Z,TaxiAlgorithmP2PCollector,1,200,6,80,1,nearest,1,4,1,true,page-rank,page-rank,BASELINE,10,116264435,Taxi Travel Distance [km],28.19,33.91,31.54,189.22,6,5.719999999999995
2026-05-19T10:01:37.183328100Z,TaxiAlgorithmP2PCollector,1,200,6,80,1,nearest,1,4,1,true,page-rank,page-rank,BASELINE,10,116264435,Client Waiting Time [min],0.05,3.48,0.79,62.47,79,3.43
2026-05-19T10:01:37.183328100Z,TaxiAlgorithmP2PCollector,1,200,6,80,1,nearest,1,4,1,true,page-rank,page-rank,BASELINE,10,116264435,Client Travel Time [min],9.0,210.0,68.31,5465.0,80,201.0
2026-05-19T10:01:37.183328100Z,TaxiAlgorithmP2PCollector,1,200,6,80,1,nearest,1,4,1,true,page-rank,page-rank,BASELINE,10,116264435,Calculation Time [millis],0.0,2.0,0.02,93.0,4127,2.0
2026-05-19T10:01:37.183328100Z,TaxiAlgorithmP2PCollector,1,200,6,80,1,nearest,1,4,1,true,page-rank,page-rank,BASELINE,10,116264435,Custom Time [micros],0.0,0.0,0.0,0.0,4127,0.0
2026-05-19T10:01:37.339847200Z,TaxiAlgorithmP2PCollector,1,200,6,80,1,nearest,1,4,1,true,page-rank,page-rank,RUSH_HOUR,1,116264426,Taxi Travel Distance [km],3.86,15.97,8.89,53.33,6,12.110000000000001
2026-05-19T10:01:37.339847200Z,TaxiAlgorithmP2PCollector,1,200,6,80,1,nearest,1,4,1,true,page-rank,page-rank,RUSH_HOUR,1,116264426,Client Waiting Time [min],0.05,12.4,2.06,135.8,66,12.35
2026-05-19T10:01:37.339847200Z,TaxiAlgorithmP2PCollector,1,200,6,80,1,nearest,1,4,1,true,page-rank,page-rank,RUSH_HOUR,1,116264426,Client Travel Time [min],14.0,747.0,170.04,13603.0,80,733.0
2026-05-19T10:01:37.339847200Z,TaxiAlgorithmP2PCollector,1,200,6,80,1,nearest,1,4,1,true,page-rank,page-rank,RUSH_HOUR,1,116264426,Calculation Time [millis],0.0,0.0,0.01,56.0,3843,0.0
2026-05-19T10:01:37.339847200Z,TaxiAlgorithmP2PCollector,1,200,6,80,1,nearest,1,4,1,true,page-rank,page-rank,RUSH_HOUR,1,116264426,Custom Time [micros],0.0,0.0,0.0,0.0,3843,0.0
2026-05-19T10:01:37.480362200Z,TaxiAlgorithmP2PCollector,1,200,6,80,1,nearest,1,4,1,true,page-rank,page-rank,RUSH_HOUR,2,116264427,Taxi Travel Distance [km],4.03,14.3,8.14,48.87,6,10.27
2026-05-19T10:01:37.480362200Z,TaxiAlgorithmP2PCollector,1,200,6,80,1,nearest,1,4,1,true,page-rank,page-rank,RUSH_HOUR,2,116264427,Client Waiting Time [min],0.05,9.62,1.08,63.75,59,9.569999999999999
2026-05-19T10:01:37.480362200Z,TaxiAlgorithmP2PCollector,1,200,6,80,1,nearest,1,4,1,true,page-rank,page-rank,RUSH_HOUR,2,116264427,Client Travel Time [min],13.0,793.0,138.43,11074.0,80,780.0
2026-05-19T10:01:37.480362200Z,TaxiAlgorithmP2PCollector,1,200,6,80,1,nearest,1,4,1,true,page-rank,page-rank,RUSH_HOUR,2,116264427,Calculation Time [millis],0.0,1.0,0.01,49.0,4010,1.0
2026-05-19T10:01:37.480362200Z,TaxiAlgorithmP2PCollector,1,200,6,80,1,nearest,1,4,1,true,page-rank,page-rank,RUSH_HOUR,2,116264427,Custom Time [micros],0.0,0.0,0.0,0.0,4010,0.0
2026-05-19T10:01:37.619395400Z,TaxiAlgorithmP2PCollector,1,200,6,80,1,nearest,1,4,1,true,page-rank,page-rank,RUSH_HOUR,3,116264428,Taxi Travel Distance [km],5.24,14.59,8.98,53.87,6,9.35
2026-05-19T10:01:37.619395400Z,TaxiAlgorithmP2PCollector,1,200,6,80,1,nearest,1,4,1,true,page-rank,page-rank,RUSH_HOUR,3,116264428,Client Waiting Time [min],0.08,10.63,2.47,163.22,66,10.55
2026-05-19T10:01:37.619395400Z,TaxiAlgorithmP2PCollector,1,200,6,80,1,nearest,1,4,1,true,page-rank,page-rank,RUSH_HOUR,3,116264428,Client Travel Time [min],12.0,654.0,194.14,15531.0,80,642.0
2026-05-19T10:01:37.619395400Z,TaxiAlgorithmP2PCollector,1,200,6,80,1,nearest,1,4,1,true,page-rank,page-rank,RUSH_HOUR,3,116264428,Calculation Time [millis],0.0,0.0,0.01,49.0,4242,0.0
2026-05-19T10:01:37.619395400Z,TaxiAlgorithmP2PCollector,1,200,6,80,1,nearest,1,4,1,true,page-rank,page-rank,RUSH_HOUR,3,116264428,Custom Time [micros],0.0,0.0,0.0,0.0,4242,0.0
2026-05-19T10:01:37.726396600Z,TaxiAlgorithmP2PCollector,1,200,6,80,1,nearest,1,4,1,true,page-rank,page-rank,RUSH_HOUR,4,116264429,Taxi Travel Distance [km],5.75,14.6,9.47,56.79,6,8.85
2026-05-19T10:01:37.726396600Z,TaxiAlgorithmP2PCollector,1,200,6,80,1,nearest,1,4,1,true,page-rank,page-rank,RUSH_HOUR,4,116264429,Client Waiting Time [min],0.03,8.25,1.3,89.58,69,8.22
2026-05-19T10:01:37.726396600Z,TaxiAlgorithmP2PCollector,1,200,6,80,1,nearest,1,4,1,true,page-rank,page-rank,RUSH_HOUR,4,116264429,Client Travel Time [min],15.0,501.0,118.48,9478.0,80,486.0
2026-05-19T10:01:37.726396600Z,TaxiAlgorithmP2PCollector,1,200,6,80,1,nearest,1,4,1,true,page-rank,page-rank,RUSH_HOUR,4,116264429,Calculation Time [millis],0.0,0.0,0.01,42.0,4138,0.0
2026-05-19T10:01:37.726396600Z,TaxiAlgorithmP2PCollector,1,200,6,80,1,nearest,1,4,1,true,page-rank,page-rank,RUSH_HOUR,4,116264429,Custom Time [micros],0.0,0.0,0.0,0.0,4138,0.0
2026-05-19T10:01:37.898396600Z,TaxiAlgorithmP2PCollector,1,200,6,80,1,nearest,1,4,1,true,page-rank,page-rank,RUSH_HOUR,5,116264430,Taxi Travel Distance [km],5.17,13.46,8.67,52.02,6,8.290000000000001
2026-05-19T10:01:37.898396600Z,TaxiAlgorithmP2PCollector,1,200,6,80,1,nearest,1,4,1,true,page-rank,page-rank,RUSH_HOUR,5,116264430,Client Waiting Time [min],0.07,10.35,2.58,180.42,70,10.28
2026-05-19T10:01:37.898396600Z,TaxiAlgorithmP2PCollector,1,200,6,80,1,nearest,1,4,1,true,page-rank,page-rank,RUSH_HOUR,5,116264430,Client Travel Time [min],11.0,826.0,195.76,15661.0,80,815.0
2026-05-19T10:01:37.898396600Z,TaxiAlgorithmP2PCollector,1,200,6,80,1,nearest,1,4,1,true,page-rank,page-rank,RUSH_HOUR,5,116264430,Calculation Time [millis],0.0,0.0,0.01,52.0,4136,0.0
2026-05-19T10:01:37.898396600Z,TaxiAlgorithmP2PCollector,1,200,6,80,1,nearest,1,4,1,true,page-rank,page-rank,RUSH_HOUR,5,116264430,Custom Time [micros],0.0,0.0,0.0,0.0,4136,0.0
2026-05-19T10:01:38.008393800Z,TaxiAlgorithmP2PCollector,1,200,6,80,1,nearest,1,4,1,true,page-rank,page-rank,RUSH_HOUR,6,116264431,Taxi Travel Distance [km],3.94,15.81,8.17,49.02,6,11.870000000000001
2026-05-19T10:01:38.008393800Z,TaxiAlgorithmP2PCollector,1,200,6,80,1,nearest,1,4,1,true,page-rank,page-rank,RUSH_HOUR,6,116264431,Client Waiting Time [min],0.08,11.8,2.5,170.23,68,11.72
2026-05-19T10:01:38.008393800Z,TaxiAlgorithmP2PCollector,1,200,6,80,1,nearest,1,4,1,true,page-rank,page-rank,RUSH_HOUR,6,116264431,Client Travel Time [min],12.0,829.0,190.25,15220.0,80,817.0
2026-05-19T10:01:38.008393800Z,TaxiAlgorithmP2PCollector,1,200,6,80,1,nearest,1,4,1,true,page-rank,page-rank,RUSH_HOUR,6,116264431,Calculation Time [millis],0.0,0.0,0.01,47.0,3979,0.0
2026-05-19T10:01:38.008393800Z,TaxiAlgorithmP2PCollector,1,200,6,80,1,nearest,1,4,1,true,page-rank,page-rank,RUSH_HOUR,6,116264431,Custom Time [micros],0.0,0.0,0.0,0.0,3979,0.0
2026-05-19T10:01:38.152394800Z,TaxiAlgorithmP2PCollector,1,200,6,80,1,nearest,1,4,1,true,page-rank,page-rank,RUSH_HOUR,7,116264432,Taxi Travel Distance [km],3.16,14.44,8.55,51.3,6,11.28
2026-05-19T10:01:38.152394800Z,TaxiAlgorithmP2PCollector,1,200,6,80,1,nearest,1,4,1,true,page-rank,page-rank,RUSH_HOUR,7,116264432,Client Waiting Time [min],0.05,7.52,2.26,142.17,63,7.47
2026-05-19T10:01:38.152394800Z,TaxiAlgorithmP2PCollector,1,200,6,80,1,nearest,1,4,1,true,page-rank,page-rank,RUSH_HOUR,7,116264432,Client Travel Time [min],13.0,809.0,188.15,15052.0,80,796.0
2026-05-19T10:01:38.152394800Z,TaxiAlgorithmP2PCollector,1,200,6,80,1,nearest,1,4,1,true,page-rank,page-rank,RUSH_HOUR,7,116264432,Calculation Time [millis],0.0,1.0,0.01,49.0,3868,1.0
2026-05-19T10:01:38.152394800Z,TaxiAlgorithmP2PCollector,1,200,6,80,1,nearest,1,4,1,true,page-rank,page-rank,RUSH_HOUR,7,116264432,Custom Time [micros],0.0,0.0,0.0,0.0,3868,0.0
2026-05-19T10:01:38.291397700Z,TaxiAlgorithmP2PCollector,1,200,6,80,1,nearest,1,4,1,true,page-rank,page-rank,RUSH_HOUR,8,116264433,Taxi Travel Distance [km],3.32,15.59,9.21,55.25,6,12.27
2026-05-19T10:01:38.291397700Z,TaxiAlgorithmP2PCollector,1,200,6,80,1,nearest,1,4,1,true,page-rank,page-rank,RUSH_HOUR,8,116264433,Client Waiting Time [min],0.08,11.42,2.38,155.0,65,11.34
2026-05-19T10:01:38.291397700Z,TaxiAlgorithmP2PCollector,1,200,6,80,1,nearest,1,4,1,true,page-rank,page-rank,RUSH_HOUR,8,116264433,Client Travel Time [min],8.0,694.0,187.0,14960.0,80,686.0
2026-05-19T10:01:38.291397700Z,TaxiAlgorithmP2PCollector,1,200,6,80,1,nearest,1,4,1,true,page-rank,page-rank,RUSH_HOUR,8,116264433,Calculation Time [millis],0.0,0.0,0.01,54.0,4478,0.0
2026-05-19T10:01:38.291397700Z,TaxiAlgorithmP2PCollector,1,200,6,80,1,nearest,1,4,1,true,page-rank,page-rank,RUSH_HOUR,8,116264433,Custom Time [micros],0.0,0.0,0.0,0.0,4478,0.0
2026-05-19T10:01:38.432393900Z,TaxiAlgorithmP2PCollector,1,200,6,80,1,nearest,1,4,1,true,page-rank,page-rank,RUSH_HOUR,9,116264434,Taxi Travel Distance [km],4.87,15.74,7.97,47.81,6,10.870000000000001
2026-05-19T10:01:38.432393900Z,TaxiAlgorithmP2PCollector,1,200,6,80,1,nearest,1,4,1,true,page-rank,page-rank,RUSH_HOUR,9,116264434,Client Waiting Time [min],0.03,6.87,1.82,109.1,60,6.84
2026-05-19T10:01:38.432393900Z,TaxiAlgorithmP2PCollector,1,200,6,80,1,nearest,1,4,1,true,page-rank,page-rank,RUSH_HOUR,9,116264434,Client Travel Time [min],18.0,845.0,163.63,13090.0,80,827.0
2026-05-19T10:01:38.432393900Z,TaxiAlgorithmP2PCollector,1,200,6,80,1,nearest,1,4,1,true,page-rank,page-rank,RUSH_HOUR,9,116264434,Calculation Time [millis],0.0,0.0,0.01,52.0,4716,0.0
2026-05-19T10:01:38.432393900Z,TaxiAlgorithmP2PCollector,1,200,6,80,1,nearest,1,4,1,true,page-rank,page-rank,RUSH_HOUR,9,116264434,Custom Time [micros],0.0,0.0,0.0,0.0,4716,0.0
2026-05-19T10:01:38.541393400Z,TaxiAlgorithmP2PCollector,1,200,6,80,1,nearest,1,4,1,true,page-rank,page-rank,RUSH_HOUR,10,116264435,Taxi Travel Distance [km],4.77,15.21,8.82,52.92,6,10.440000000000001
2026-05-19T10:01:38.541393400Z,TaxiAlgorithmP2PCollector,1,200,6,80,1,nearest,1,4,1,true,page-rank,page-rank,RUSH_HOUR,10,116264435,Client Waiting Time [min],0.07,8.58,1.55,113.35,73,8.51
2026-05-19T10:01:38.541393400Z,TaxiAlgorithmP2PCollector,1,200,6,80,1,nearest,1,4,1,true,page-rank,page-rank,RUSH_HOUR,10,116264435,Client Travel Time [min],8.0,615.0,130.29,10423.0,80,607.0
2026-05-19T10:01:38.541393400Z,TaxiAlgorithmP2PCollector,1,200,6,80,1,nearest,1,4,1,true,page-rank,page-rank,RUSH_HOUR,10,116264435,Calculation Time [millis],0.0,1.0,0.01,43.0,3897,1.0
2026-05-19T10:01:38.541393400Z,TaxiAlgorithmP2PCollector,1,200,6,80,1,nearest,1,4,1,true,page-rank,page-rank,RUSH_HOUR,10,116264435,Custom Time [micros],0.0,0.0,0.0,0.0,3897,0.0
2026-05-19T10:01:38.650395100Z,TaxiAlgorithmP2PCollector,1,200,6,80,1,nearest,1,4,1,true,page-rank,page-rank,SPATIAL_IMBALANCE,1,116264426,Taxi Travel Distance [km],4.09,22.85,10.15,60.9,6,18.76
2026-05-19T10:01:38.650395100Z,TaxiAlgorithmP2PCollector,1,200,6,80,1,nearest,1,4,1,true,page-rank,page-rank,SPATIAL_IMBALANCE,1,116264426,Client Waiting Time [min],0.05,8.52,1.01,77.02,76,8.469999999999999
2026-05-19T10:01:38.650395100Z,TaxiAlgorithmP2PCollector,1,200,6,80,1,nearest,1,4,1,true,page-rank,page-rank,SPATIAL_IMBALANCE,1,116264426,Client Travel Time [min],6.0,518.0,85.68,6854.0,80,512.0
2026-05-19T10:01:38.650395100Z,TaxiAlgorithmP2PCollector,1,200,6,80,1,nearest,1,4,1,true,page-rank,page-rank,SPATIAL_IMBALANCE,1,116264426,Calculation Time [millis],0.0,0.0,0.01,37.0,3991,0.0
2026-05-19T10:01:38.650395100Z,TaxiAlgorithmP2PCollector,1,200,6,80,1,nearest,1,4,1,true,page-rank,page-rank,SPATIAL_IMBALANCE,1,116264426,Custom Time [micros],0.0,0.0,0.0,0.0,3991,0.0
2026-05-19T10:01:38.772394600Z,TaxiAlgorithmP2PCollector,1,200,6,80,1,nearest,1,4,1,true,page-rank,page-rank,SPATIAL_IMBALANCE,2,116264427,Taxi Travel Distance [km],6.45,18.67,10.02,60.09,6,12.220000000000002
2026-05-19T10:01:38.772394600Z,TaxiAlgorithmP2PCollector,1,200,6,80,1,nearest,1,4,1,true,page-rank,page-rank,SPATIAL_IMBALANCE,2,116264427,Client Waiting Time [min],0.03,10.8,0.66,50.6,77,10.770000000000001
2026-05-19T10:01:38.772394600Z,TaxiAlgorithmP2PCollector,1,200,6,80,1,nearest,1,4,1,true,page-rank,page-rank,SPATIAL_IMBALANCE,2,116264427,Client Travel Time [min],8.0,654.0,65.13,5210.0,80,646.0
2026-05-19T10:01:38.772394600Z,TaxiAlgorithmP2PCollector,1,200,6,80,1,nearest,1,4,1,true,page-rank,page-rank,SPATIAL_IMBALANCE,2,116264427,Calculation Time [millis],0.0,0.0,0.01,30.0,3990,0.0
2026-05-19T10:01:38.772394600Z,TaxiAlgorithmP2PCollector,1,200,6,80,1,nearest,1,4,1,true,page-rank,page-rank,SPATIAL_IMBALANCE,2,116264427,Custom Time [micros],0.0,0.0,0.0,0.0,3990,0.0
2026-05-19T10:01:38.882397500Z,TaxiAlgorithmP2PCollector,1,200,6,80,1,nearest,1,4,1,true,page-rank,page-rank,SPATIAL_IMBALANCE,3,116264428,Taxi Travel Distance [km],5.87,28.72,11.46,68.77,6,22.849999999999998
2026-05-19T10:01:38.882397500Z,TaxiAlgorithmP2PCollector,1,200,6,80,1,nearest,1,4,1,true,page-rank,page-rank,SPATIAL_IMBALANCE,3,116264428,Client Waiting Time [min],0.07,12.42,1.34,104.8,78,12.35
2026-05-19T10:01:38.882397500Z,TaxiAlgorithmP2PCollector,1,200,6,80,1,nearest,1,4,1,true,page-rank,page-rank,SPATIAL_IMBALANCE,3,116264428,Client Travel Time [min],10.0,749.0,109.38,8750.0,80,739.0
2026-05-19T10:01:38.882397500Z,TaxiAlgorithmP2PCollector,1,200,6,80,1,nearest,1,4,1,true,page-rank,page-rank,SPATIAL_IMBALANCE,3,116264428,Calculation Time [millis],0.0,2.0,0.01,50.0,3959,2.0
2026-05-19T10:01:38.882397500Z,TaxiAlgorithmP2PCollector,1,200,6,80,1,nearest,1,4,1,true,page-rank,page-rank,SPATIAL_IMBALANCE,3,116264428,Custom Time [micros],0.0,0.0,0.0,0.0,3959,0.0
2026-05-19T10:01:38.991397200Z,TaxiAlgorithmP2PCollector,1,200,6,80,1,nearest,1,4,1,true,page-rank,page-rank,SPATIAL_IMBALANCE,4,116264429,Taxi Travel Distance [km],5.31,22.7,10.04,60.23,6,17.39
2026-05-19T10:01:38.991397200Z,TaxiAlgorithmP2PCollector,1,200,6,80,1,nearest,1,4,1,true,page-rank,page-rank,SPATIAL_IMBALANCE,4,116264429,Client Waiting Time [min],0.03,10.45,0.85,62.6,74,10.42
2026-05-19T10:01:38.991397200Z,TaxiAlgorithmP2PCollector,1,200,6,80,1,nearest,1,4,1,true,page-rank,page-rank,SPATIAL_IMBALANCE,4,116264429,Client Travel Time [min],10.0,722.0,93.49,7479.0,80,712.0
2026-05-19T10:01:38.991397200Z,TaxiAlgorithmP2PCollector,1,200,6,80,1,nearest,1,4,1,true,page-rank,page-rank,SPATIAL_IMBALANCE,4,116264429,Calculation Time [millis],0.0,0.0,0.01,41.0,4389,0.0
2026-05-19T10:01:38.991397200Z,TaxiAlgorithmP2PCollector,1,200,6,80,1,nearest,1,4,1,true,page-rank,page-rank,SPATIAL_IMBALANCE,4,116264429,Custom Time [micros],0.0,0.0,0.0,0.0,4389,0.0
2026-05-19T10:01:39.117395900Z,TaxiAlgorithmP2PCollector,1,200,6,80,1,nearest,1,4,1,true,page-rank,page-rank,SPATIAL_IMBALANCE,5,116264430,Taxi Travel Distance [km],6.27,18.29,9.94,59.66,6,12.02
2026-05-19T10:01:39.117395900Z,TaxiAlgorithmP2PCollector,1,200,6,80,1,nearest,1,4,1,true,page-rank,page-rank,SPATIAL_IMBALANCE,5,116264430,Client Waiting Time [min],0.05,7.18,0.86,64.15,75,7.13
2026-05-19T10:01:39.117395900Z,TaxiAlgorithmP2PCollector,1,200,6,80,1,nearest,1,4,1,true,page-rank,page-rank,SPATIAL_IMBALANCE,5,116264430,Client Travel Time [min],8.0,440.0,81.2,6496.0,80,432.0
2026-05-19T10:01:39.117395900Z,TaxiAlgorithmP2PCollector,1,200,6,80,1,nearest,1,4,1,true,page-rank,page-rank,SPATIAL_IMBALANCE,5,116264430,Calculation Time [millis],0.0,0.0,0.01,33.0,3932,0.0
2026-05-19T10:01:39.117395900Z,TaxiAlgorithmP2PCollector,1,200,6,80,1,nearest,1,4,1,true,page-rank,page-rank,SPATIAL_IMBALANCE,5,116264430,Custom Time [micros],0.0,0.0,0.0,0.0,3932,0.0
2026-05-19T10:01:39.224397400Z,TaxiAlgorithmP2PCollector,1,200,6,80,1,nearest,1,4,1,true,page-rank,page-rank,SPATIAL_IMBALANCE,6,116264431,Taxi Travel Distance [km],2.4,26.46,10.26,61.58,6,24.060000000000002
2026-05-19T10:01:39.224397400Z,TaxiAlgorithmP2PCollector,1,200,6,80,1,nearest,1,4,1,true,page-rank,page-rank,SPATIAL_IMBALANCE,6,116264431,Client Waiting Time [min],0.05,8.75,1.05,79.53,76,8.7
2026-05-19T10:01:39.224397400Z,TaxiAlgorithmP2PCollector,1,200,6,80,1,nearest,1,4,1,true,page-rank,page-rank,SPATIAL_IMBALANCE,6,116264431,Client Travel Time [min],9.0,711.0,91.99,7359.0,80,702.0
2026-05-19T10:01:39.224397400Z,TaxiAlgorithmP2PCollector,1,200,6,80,1,nearest,1,4,1,true,page-rank,page-rank,SPATIAL_IMBALANCE,6,116264431,Calculation Time [millis],0.0,0.0,0.01,36.0,4037,0.0
2026-05-19T10:01:39.224397400Z,TaxiAlgorithmP2PCollector,1,200,6,80,1,nearest,1,4,1,true,page-rank,page-rank,SPATIAL_IMBALANCE,6,116264431,Custom Time [micros],0.0,0.0,0.0,0.0,4037,0.0
2026-05-19T10:01:39.364751300Z,TaxiAlgorithmP2PCollector,1,200,6,80,1,nearest,1,4,1,true,page-rank,page-rank,SPATIAL_IMBALANCE,7,116264432,Taxi Travel Distance [km],3.26,27.1,10.98,65.86,6,23.840000000000003
2026-05-19T10:01:39.364751300Z,TaxiAlgorithmP2PCollector,1,200,6,80,1,nearest,1,4,1,true,page-rank,page-rank,SPATIAL_IMBALANCE,7,116264432,Client Waiting Time [min],0.05,5.13,0.79,57.13,72,5.08
2026-05-19T10:01:39.364751300Z,TaxiAlgorithmP2PCollector,1,200,6,80,1,nearest,1,4,1,true,page-rank,page-rank,SPATIAL_IMBALANCE,7,116264432,Client Travel Time [min],15.0,499.0,85.55,6844.0,80,484.0
2026-05-19T10:01:39.364751300Z,TaxiAlgorithmP2PCollector,1,200,6,80,1,nearest,1,4,1,true,page-rank,page-rank,SPATIAL_IMBALANCE,7,116264432,Calculation Time [millis],0.0,0.0,0.01,46.0,4226,0.0
2026-05-19T10:01:39.364751300Z,TaxiAlgorithmP2PCollector,1,200,6,80,1,nearest,1,4,1,true,page-rank,page-rank,SPATIAL_IMBALANCE,7,116264432,Custom Time [micros],0.0,0.0,0.0,0.0,4226,0.0
2026-05-19T10:01:39.472752400Z,TaxiAlgorithmP2PCollector,1,200,6,80,1,nearest,1,4,1,true,page-rank,page-rank,SPATIAL_IMBALANCE,8,116264433,Taxi Travel Distance [km],4.89,20.92,11.47,68.85,6,16.03
2026-05-19T10:01:39.472752400Z,TaxiAlgorithmP2PCollector,1,200,6,80,1,nearest,1,4,1,true,page-rank,page-rank,SPATIAL_IMBALANCE,8,116264433,Client Waiting Time [min],0.03,5.45,0.76,56.93,75,5.42
2026-05-19T10:01:39.472752400Z,TaxiAlgorithmP2PCollector,1,200,6,80,1,nearest,1,4,1,true,page-rank,page-rank,SPATIAL_IMBALANCE,8,116264433,Client Travel Time [min],7.0,688.0,89.14,7131.0,80,681.0
2026-05-19T10:01:39.472752400Z,TaxiAlgorithmP2PCollector,1,200,6,80,1,nearest,1,4,1,true,page-rank,page-rank,SPATIAL_IMBALANCE,8,116264433,Calculation Time [millis],0.0,1.0,0.01,41.0,4063,1.0
2026-05-19T10:01:39.472752400Z,TaxiAlgorithmP2PCollector,1,200,6,80,1,nearest,1,4,1,true,page-rank,page-rank,SPATIAL_IMBALANCE,8,116264433,Custom Time [micros],0.0,0.0,0.0,0.0,4063,0.0
2026-05-19T10:01:39.582756600Z,TaxiAlgorithmP2PCollector,1,200,6,80,1,nearest,1,4,1,true,page-rank,page-rank,SPATIAL_IMBALANCE,9,116264434,Taxi Travel Distance [km],4.03,26.3,9.96,59.76,6,22.27
2026-05-19T10:01:39.582756600Z,TaxiAlgorithmP2PCollector,1,200,6,80,1,nearest,1,4,1,true,page-rank,page-rank,SPATIAL_IMBALANCE,9,116264434,Client Waiting Time [min],0.03,4.88,0.56,40.75,73,4.85
2026-05-19T10:01:39.582756600Z,TaxiAlgorithmP2PCollector,1,200,6,80,1,nearest,1,4,1,true,page-rank,page-rank,SPATIAL_IMBALANCE,9,116264434,Client Travel Time [min],10.0,448.0,65.33,5226.0,80,438.0
2026-05-19T10:01:39.582756600Z,TaxiAlgorithmP2PCollector,1,200,6,80,1,nearest,1,4,1,true,page-rank,page-rank,SPATIAL_IMBALANCE,9,116264434,Calculation Time [millis],0.0,0.0,0.01,32.0,4316,0.0
2026-05-19T10:01:39.582756600Z,TaxiAlgorithmP2PCollector,1,200,6,80,1,nearest,1,4,1,true,page-rank,page-rank,SPATIAL_IMBALANCE,9,116264434,Custom Time [micros],0.0,0.0,0.0,0.0,4316,0.0
2026-05-19T10:01:39.689948300Z,TaxiAlgorithmP2PCollector,1,200,6,80,1,nearest,1,4,1,true,page-rank,page-rank,SPATIAL_IMBALANCE,10,116264435,Taxi Travel Distance [km],2.38,26.13,9.64,57.82,6,23.75
2026-05-19T10:01:39.689948300Z,TaxiAlgorithmP2PCollector,1,200,6,80,1,nearest,1,4,1,true,page-rank,page-rank,SPATIAL_IMBALANCE,10,116264435,Client Waiting Time [min],0.05,6.22,0.51,35.98,71,6.17
2026-05-19T10:01:39.689948300Z,TaxiAlgorithmP2PCollector,1,200,6,80,1,nearest,1,4,1,true,page-rank,page-rank,SPATIAL_IMBALANCE,10,116264435,Client Travel Time [min],9.0,586.0,83.09,6647.0,80,577.0
2026-05-19T10:01:39.689948300Z,TaxiAlgorithmP2PCollector,1,200,6,80,1,nearest,1,4,1,true,page-rank,page-rank,SPATIAL_IMBALANCE,10,116264435,Calculation Time [millis],0.0,0.0,0.01,36.0,4036,0.0
2026-05-19T10:01:39.689948300Z,TaxiAlgorithmP2PCollector,1,200,6,80,1,nearest,1,4,1,true,page-rank,page-rank,SPATIAL_IMBALANCE,10,116264435,Custom Time [micros],0.0,0.0,0.0,0.0,4036,0.0
2026-05-19T10:01:39.831751100Z,TaxiAlgorithmP2PCollector,1,200,6,80,1,nearest,1,4,1,true,page-rank,page-rank,SPATIAL_ISLANDS,1,116264426,Taxi Travel Distance [km],3.23,16.52,8.83,52.96,6,13.29
2026-05-19T10:01:39.831751100Z,TaxiAlgorithmP2PCollector,1,200,6,80,1,nearest,1,4,1,true,page-rank,page-rank,SPATIAL_ISLANDS,1,116264426,Client Waiting Time [min],0.03,9.85,1.12,76.48,68,9.82
2026-05-19T10:01:39.831751100Z,TaxiAlgorithmP2PCollector,1,200,6,80,1,nearest,1,4,1,true,page-rank,page-rank,SPATIAL_ISLANDS,1,116264426,Client Travel Time [min],9.0,602.0,124.25,9940.0,80,593.0
2026-05-19T10:01:39.831751100Z,TaxiAlgorithmP2PCollector,1,200,6,80,1,nearest,1,4,1,true,page-rank,page-rank,SPATIAL_ISLANDS,1,116264426,Calculation Time [millis],0.0,1.0,0.01,48.0,4270,1.0
2026-05-19T10:01:39.831751100Z,TaxiAlgorithmP2PCollector,1,200,6,80,1,nearest,1,4,1,true,page-rank,page-rank,SPATIAL_ISLANDS,1,116264426,Custom Time [micros],0.0,0.0,0.0,0.0,4270,0.0
2026-05-19T10:01:39.923754300Z,TaxiAlgorithmP2PCollector,1,200,6,80,1,nearest,1,4,1,true,page-rank,page-rank,SPATIAL_ISLANDS,2,116264427,Taxi Travel Distance [km],3.81,12.48,9.02,54.11,6,8.67
2026-05-19T10:01:39.923754300Z,TaxiAlgorithmP2PCollector,1,200,6,80,1,nearest,1,4,1,true,page-rank,page-rank,SPATIAL_ISLANDS,2,116264427,Client Waiting Time [min],0.03,12.9,1.18,83.82,71,12.870000000000001
2026-05-19T10:01:39.923754300Z,TaxiAlgorithmP2PCollector,1,200,6,80,1,nearest,1,4,1,true,page-rank,page-rank,SPATIAL_ISLANDS,2,116264427,Client Travel Time [min],14.0,776.0,118.6,9488.0,80,762.0
2026-05-19T10:01:39.923754300Z,TaxiAlgorithmP2PCollector,1,200,6,80,1,nearest,1,4,1,true,page-rank,page-rank,SPATIAL_ISLANDS,2,116264427,Calculation Time [millis],0.0,0.0,0.01,32.0,4016,0.0
2026-05-19T10:01:39.923754300Z,TaxiAlgorithmP2PCollector,1,200,6,80,1,nearest,1,4,1,true,page-rank,page-rank,SPATIAL_ISLANDS,2,116264427,Custom Time [micros],0.0,0.0,0.0,0.0,4016,0.0
2026-05-19T10:01:40.048753800Z,TaxiAlgorithmP2PCollector,1,200,6,80,1,nearest,1,4,1,true,page-rank,page-rank,SPATIAL_ISLANDS,3,116264428,Taxi Travel Distance [km],5.37,12.42,9.97,59.8,6,7.05
2026-05-19T10:01:40.048753800Z,TaxiAlgorithmP2PCollector,1,200,6,80,1,nearest,1,4,1,true,page-rank,page-rank,SPATIAL_ISLANDS,3,116264428,Client Waiting Time [min],0.03,12.3,1.12,79.18,71,12.270000000000001
2026-05-19T10:01:40.048753800Z,TaxiAlgorithmP2PCollector,1,200,6,80,1,nearest,1,4,1,true,page-rank,page-rank,SPATIAL_ISLANDS,3,116264428,Client Travel Time [min],10.0,740.0,119.96,9597.0,80,730.0
2026-05-19T10:01:40.048753800Z,TaxiAlgorithmP2PCollector,1,200,6,80,1,nearest,1,4,1,true,page-rank,page-rank,SPATIAL_ISLANDS,3,116264428,Calculation Time [millis],0.0,0.0,0.01,41.0,4517,0.0
2026-05-19T10:01:40.048753800Z,TaxiAlgorithmP2PCollector,1,200,6,80,1,nearest,1,4,1,true,page-rank,page-rank,SPATIAL_ISLANDS,3,116264428,Custom Time [micros],0.0,0.0,0.0,0.0,4517,0.0
2026-05-19T10:01:40.156753300Z,TaxiAlgorithmP2PCollector,1,200,6,80,1,nearest,1,4,1,true,page-rank,page-rank,SPATIAL_ISLANDS,4,116264429,Taxi Travel Distance [km],6.35,17.79,10.59,63.55,6,11.44
2026-05-19T10:01:40.156753300Z,TaxiAlgorithmP2PCollector,1,200,6,80,1,nearest,1,4,1,true,page-rank,page-rank,SPATIAL_ISLANDS,4,116264429,Client Waiting Time [min],0.03,6.72,0.82,61.62,75,6.6899999999999995
2026-05-19T10:01:40.156753300Z,TaxiAlgorithmP2PCollector,1,200,6,80,1,nearest,1,4,1,true,page-rank,page-rank,SPATIAL_ISLANDS,4,116264429,Client Travel Time [min],7.0,423.0,80.64,6451.0,80,416.0
2026-05-19T10:01:40.156753300Z,TaxiAlgorithmP2PCollector,1,200,6,80,1,nearest,1,4,1,true,page-rank,page-rank,SPATIAL_ISLANDS,4,116264429,Calculation Time [millis],0.0,0.0,0.01,41.0,4197,0.0
2026-05-19T10:01:40.156753300Z,TaxiAlgorithmP2PCollector,1,200,6,80,1,nearest,1,4,1,true,page-rank,page-rank,SPATIAL_ISLANDS,4,116264429,Custom Time [micros],0.0,0.0,0.0,0.0,4197,0.0
2026-05-19T10:01:40.280754Z,TaxiAlgorithmP2PCollector,1,200,6,80,1,nearest,1,4,1,true,page-rank,page-rank,SPATIAL_ISLANDS,5,116264430,Taxi Travel Distance [km],3.95,14.81,9.69,58.15,6,10.86
2026-05-19T10:01:40.280754Z,TaxiAlgorithmP2PCollector,1,200,6,80,1,nearest,1,4,1,true,page-rank,page-rank,SPATIAL_ISLANDS,5,116264430,Client Waiting Time [min],0.03,9.25,1.21,91.88,76,9.22
2026-05-19T10:01:40.280754Z,TaxiAlgorithmP2PCollector,1,200,6,80,1,nearest,1,4,1,true,page-rank,page-rank,SPATIAL_ISLANDS,5,116264430,Client Travel Time [min],7.0,557.0,100.29,8023.0,80,550.0
2026-05-19T10:01:40.280754Z,TaxiAlgorithmP2PCollector,1,200,6,80,1,nearest,1,4,1,true,page-rank,page-rank,SPATIAL_ISLANDS,5,116264430,Calculation Time [millis],0.0,0.0,0.01,37.0,3950,0.0
2026-05-19T10:01:40.280754Z,TaxiAlgorithmP2PCollector,1,200,6,80,1,nearest,1,4,1,true,page-rank,page-rank,SPATIAL_ISLANDS,5,116264430,Custom Time [micros],0.0,0.0,0.0,0.0,3950,0.0
2026-05-19T10:01:40.389750800Z,TaxiAlgorithmP2PCollector,1,200,6,80,1,nearest,1,4,1,true,page-rank,page-rank,SPATIAL_ISLANDS,6,116264431,Taxi Travel Distance [km],5.74,19.66,10.43,62.55,6,13.92
2026-05-19T10:01:40.389750800Z,TaxiAlgorithmP2PCollector,1,200,6,80,1,nearest,1,4,1,true,page-rank,page-rank,SPATIAL_ISLANDS,6,116264431,Client Waiting Time [min],0.05,3.4,0.47,35.13,74,3.35
2026-05-19T10:01:40.389750800Z,TaxiAlgorithmP2PCollector,1,200,6,80,1,nearest,1,4,1,true,page-rank,page-rank,SPATIAL_ISLANDS,6,116264431,Client Travel Time [min],5.0,740.0,69.08,5526.0,80,735.0
2026-05-19T10:01:40.389750800Z,TaxiAlgorithmP2PCollector,1,200,6,80,1,nearest,1,4,1,true,page-rank,page-rank,SPATIAL_ISLANDS,6,116264431,Calculation Time [millis],0.0,0.0,0.01,30.0,4388,0.0
2026-05-19T10:01:40.389750800Z,TaxiAlgorithmP2PCollector,1,200,6,80,1,nearest,1,4,1,true,page-rank,page-rank,SPATIAL_ISLANDS,6,116264431,Custom Time [micros],0.0,0.0,0.0,0.0,4388,0.0
2026-05-19T10:01:40.496752400Z,TaxiAlgorithmP2PCollector,1,200,6,80,1,nearest,1,4,1,true,page-rank,page-rank,SPATIAL_ISLANDS,7,116264432,Taxi Travel Distance [km],4.74,15.13,8.45,50.71,6,10.39
2026-05-19T10:01:40.496752400Z,TaxiAlgorithmP2PCollector,1,200,6,80,1,nearest,1,4,1,true,page-rank,page-rank,SPATIAL_ISLANDS,7,116264432,Client Waiting Time [min],0.03,11.53,0.96,61.27,64,11.5
2026-05-19T10:01:40.496752400Z,TaxiAlgorithmP2PCollector,1,200,6,80,1,nearest,1,4,1,true,page-rank,page-rank,SPATIAL_ISLANDS,7,116264432,Client Travel Time [min],8.0,891.0,147.85,11828.0,80,883.0
2026-05-19T10:01:40.496752400Z,TaxiAlgorithmP2PCollector,1,200,6,80,1,nearest,1,4,1,true,page-rank,page-rank,SPATIAL_ISLANDS,7,116264432,Calculation Time [millis],0.0,1.0,0.01,40.0,4457,1.0
2026-05-19T10:01:40.496752400Z,TaxiAlgorithmP2PCollector,1,200,6,80,1,nearest,1,4,1,true,page-rank,page-rank,SPATIAL_ISLANDS,7,116264432,Custom Time [micros],0.0,0.0,0.0,0.0,4457,0.0
2026-05-19T10:01:40.619754200Z,TaxiAlgorithmP2PCollector,1,200,6,80,1,nearest,1,4,1,true,page-rank,page-rank,SPATIAL_ISLANDS,8,116264433,Taxi Travel Distance [km],3.25,19.44,10.43,62.56,6,16.19
2026-05-19T10:01:40.619754200Z,TaxiAlgorithmP2PCollector,1,200,6,80,1,nearest,1,4,1,true,page-rank,page-rank,SPATIAL_ISLANDS,8,116264433,Client Waiting Time [min],0.03,12.6,1.63,122.05,75,12.57
2026-05-19T10:01:40.619754200Z,TaxiAlgorithmP2PCollector,1,200,6,80,1,nearest,1,4,1,true,page-rank,page-rank,SPATIAL_ISLANDS,8,116264433,Client Travel Time [min],10.0,760.0,132.04,10563.0,80,750.0
2026-05-19T10:01:40.619754200Z,TaxiAlgorithmP2PCollector,1,200,6,80,1,nearest,1,4,1,true,page-rank,page-rank,SPATIAL_ISLANDS,8,116264433,Calculation Time [millis],0.0,0.0,0.01,45.0,4020,0.0
2026-05-19T10:01:40.619754200Z,TaxiAlgorithmP2PCollector,1,200,6,80,1,nearest,1,4,1,true,page-rank,page-rank,SPATIAL_ISLANDS,8,116264433,Custom Time [micros],0.0,0.0,0.0,0.0,4020,0.0
2026-05-19T10:01:40.758751900Z,TaxiAlgorithmP2PCollector,1,200,6,80,1,nearest,1,4,1,true,page-rank,page-rank,SPATIAL_ISLANDS,9,116264434,Taxi Travel Distance [km],2.65,20.73,9.17,55.01,6,18.080000000000002
2026-05-19T10:01:40.758751900Z,TaxiAlgorithmP2PCollector,1,200,6,80,1,nearest,1,4,1,true,page-rank,page-rank,SPATIAL_ISLANDS,9,116264434,Client Waiting Time [min],0.05,11.12,1.34,93.75,70,11.069999999999999
2026-05-19T10:01:40.758751900Z,TaxiAlgorithmP2PCollector,1,200,6,80,1,nearest,1,4,1,true,page-rank,page-rank,SPATIAL_ISLANDS,9,116264434,Client Travel Time [min],7.0,912.0,130.51,10441.0,80,905.0
2026-05-19T10:01:40.758751900Z,TaxiAlgorithmP2PCollector,1,200,6,80,1,nearest,1,4,1,true,page-rank,page-rank,SPATIAL_ISLANDS,9,116264434,Calculation Time [millis],0.0,0.0,0.01,47.0,4517,0.0
2026-05-19T10:01:40.758751900Z,TaxiAlgorithmP2PCollector,1,200,6,80,1,nearest,1,4,1,true,page-rank,page-rank,SPATIAL_ISLANDS,9,116264434,Custom Time [micros],0.0,0.0,0.0,0.0,4517,0.0
2026-05-19T10:01:40.866751500Z,TaxiAlgorithmP2PCollector,1,200,6,80,1,nearest,1,4,1,true,page-rank,page-rank,SPATIAL_ISLANDS,10,116264435,Taxi Travel Distance [km],6.65,20.48,10.51,63.06,6,13.83
2026-05-19T10:01:40.866751500Z,TaxiAlgorithmP2PCollector,1,200,6,80,1,nearest,1,4,1,true,page-rank,page-rank,SPATIAL_ISLANDS,10,116264435,Client Waiting Time [min],0.05,5.78,0.5,38.07,76,5.73
2026-05-19T10:01:40.866751500Z,TaxiAlgorithmP2PCollector,1,200,6,80,1,nearest,1,4,1,true,page-rank,page-rank,SPATIAL_ISLANDS,10,116264435,Client Travel Time [min],6.0,510.0,60.88,4870.0,80,504.0
2026-05-19T10:01:40.866751500Z,TaxiAlgorithmP2PCollector,1,200,6,80,1,nearest,1,4,1,true,page-rank,page-rank,SPATIAL_ISLANDS,10,116264435,Calculation Time [millis],0.0,1.0,0.01,33.0,4278,1.0
2026-05-19T10:01:40.866751500Z,TaxiAlgorithmP2PCollector,1,200,6,80,1,nearest,1,4,1,true,page-rank,page-rank,SPATIAL_ISLANDS,10,116264435,Custom Time [micros],0.0,0.0,0.0,0.0,4278,0.0
2026-05-19T10:01:40.960749700Z,TaxiAlgorithmP2PCollector,2,100,6,80,1,nearest,1,4,0,false,none,none,BASELINE,1,116264426,Taxi Travel Distance [km],1.94,4.82,3.31,19.85,6,2.8800000000000003
2026-05-19T10:01:40.960749700Z,TaxiAlgorithmP2PCollector,2,100,6,80,1,nearest,1,4,0,false,none,none,BASELINE,1,116264426,Client Waiting Time [min],0.05,6.4,2.27,93.0,41,6.3500000000000005
2026-05-19T10:01:40.960749700Z,TaxiAlgorithmP2PCollector,2,100,6,80,1,nearest,1,4,0,false,none,none,BASELINE,1,116264426,Client Travel Time [min],8.0,765.0,262.06,20965.0,80,757.0
2026-05-19T10:01:40.960749700Z,TaxiAlgorithmP2PCollector,2,100,6,80,1,nearest,1,4,0,false,none,none,BASELINE,1,116264426,Calculation Time [millis],0.0,0.0,0.01,42.0,4724,0.0
2026-05-19T10:01:40.960749700Z,TaxiAlgorithmP2PCollector,2,100,6,80,1,nearest,1,4,0,false,none,none,BASELINE,1,116264426,Custom Time [micros],0.0,0.0,0.0,0.0,4724,0.0
2026-05-19T10:01:41.068752500Z,TaxiAlgorithmP2PCollector,2,100,6,80,1,nearest,1,4,0,false,none,none,BASELINE,2,116264427,Taxi Travel Distance [km],0.81,3.67,2.18,13.11,6,2.86
2026-05-19T10:01:41.068752500Z,TaxiAlgorithmP2PCollector,2,100,6,80,1,nearest,1,4,0,false,none,none,BASELINE,2,116264427,Client Waiting Time [min],0.03,14.0,3.95,134.2,34,13.97
2026-05-19T10:01:41.068752500Z,TaxiAlgorithmP2PCollector,2,100,6,80,1,nearest,1,4,0,false,none,none,BASELINE,2,116264427,Client Travel Time [min],13.0,865.0,301.0,24080.0,80,852.0
2026-05-19T10:01:41.068752500Z,TaxiAlgorithmP2PCollector,2,100,6,80,1,nearest,1,4,0,false,none,none,BASELINE,2,116264427,Calculation Time [millis],0.0,0.0,0.01,39.0,4746,0.0
2026-05-19T10:01:41.068752500Z,TaxiAlgorithmP2PCollector,2,100,6,80,1,nearest,1,4,0,false,none,none,BASELINE,2,116264427,Custom Time [micros],0.0,0.0,0.0,0.0,4746,0.0
2026-05-19T10:01:41.193751900Z,TaxiAlgorithmP2PCollector,2,100,6,80,1,nearest,1,4,0,false,none,none,BASELINE,3,116264428,Taxi Travel Distance [km],0.96,4.31,2.4,14.4,6,3.3499999999999996
2026-05-19T10:01:41.193751900Z,TaxiAlgorithmP2PCollector,2,100,6,80,1,nearest,1,4,0,false,none,none,BASELINE,3,116264428,Client Waiting Time [min],0.05,10.97,3.94,118.2,30,10.92
2026-05-19T10:01:41.193751900Z,TaxiAlgorithmP2PCollector,2,100,6,80,1,nearest,1,4,0,false,none,none,BASELINE,3,116264428,Client Travel Time [min],19.0,870.0,364.83,29186.0,80,851.0
2026-05-19T10:01:41.193751900Z,TaxiAlgorithmP2PCollector,2,100,6,80,1,nearest,1,4,0,false,none,none,BASELINE,3,116264428,Calculation Time [millis],0.0,2.0,0.01,44.0,4549,2.0
2026-05-19T10:01:41.193751900Z,TaxiAlgorithmP2PCollector,2,100,6,80,1,nearest,1,4,0,false,none,none,BASELINE,3,116264428,Custom Time [micros],0.0,0.0,0.0,0.0,4549,0.0
2026-05-19T10:01:41.317755200Z,TaxiAlgorithmP2PCollector,2,100,6,80,1,nearest,1,4,0,false,none,none,BASELINE,4,116264429,Taxi Travel Distance [km],0.4,5.49,2.65,15.87,6,5.09
2026-05-19T10:01:41.317755200Z,TaxiAlgorithmP2PCollector,2,100,6,80,1,nearest,1,4,0,false,none,none,BASELINE,4,116264429,Client Waiting Time [min],0.05,13.57,2.99,104.67,35,13.52
2026-05-19T10:01:41.317755200Z,TaxiAlgorithmP2PCollector,2,100,6,80,1,nearest,1,4,0,false,none,none,BASELINE,4,116264429,Client Travel Time [min],12.0,881.0,336.93,26954.0,80,869.0
2026-05-19T10:01:41.317755200Z,TaxiAlgorithmP2PCollector,2,100,6,80,1,nearest,1,4,0,false,none,none,BASELINE,4,116264429,Calculation Time [millis],0.0,0.0,0.01,37.0,4328,0.0
2026-05-19T10:01:41.317755200Z,TaxiAlgorithmP2PCollector,2,100,6,80,1,nearest,1,4,0,false,none,none,BASELINE,4,116264429,Custom Time [micros],0.0,0.0,0.0,0.0,4328,0.0
2026-05-19T10:01:41.426753500Z,TaxiAlgorithmP2PCollector,2,100,6,80,1,nearest,1,4,0,false,none,none,BASELINE,5,116264430,Taxi Travel Distance [km],2.57,6.22,3.52,21.11,6,3.65
2026-05-19T10:01:41.426753500Z,TaxiAlgorithmP2PCollector,2,100,6,80,1,nearest,1,4,0,false,none,none,BASELINE,5,116264430,Client Waiting Time [min],0.05,11.65,3.34,143.82,43,11.6
2026-05-19T10:01:41.426753500Z,TaxiAlgorithmP2PCollector,2,100,6,80,1,nearest,1,4,0,false,none,none,BASELINE,5,116264430,Client Travel Time [min],12.0,820.0,296.78,23742.0,80,808.0
2026-05-19T10:01:41.426753500Z,TaxiAlgorithmP2PCollector,2,100,6,80,1,nearest,1,4,0,false,none,none,BASELINE,5,116264430,Calculation Time [millis],0.0,0.0,0.01,35.0,4360,0.0
2026-05-19T10:01:41.426753500Z,TaxiAlgorithmP2PCollector,2,100,6,80,1,nearest,1,4,0,false,none,none,BASELINE,5,116264430,Custom Time [micros],0.0,0.0,0.0,0.0,4360,0.0
2026-05-19T10:01:41.536077400Z,TaxiAlgorithmP2PCollector,2,100,6,80,1,nearest,1,4,0,false,none,none,BASELINE,6,116264431,Taxi Travel Distance [km],0.89,5.77,3.37,20.2,6,4.88
2026-05-19T10:01:41.536077400Z,TaxiAlgorithmP2PCollector,2,100,6,80,1,nearest,1,4,0,false,none,none,BASELINE,6,116264431,Client Waiting Time [min],0.03,7.53,1.63,58.85,36,7.5
2026-05-19T10:01:41.536077400Z,TaxiAlgorithmP2PCollector,2,100,6,80,1,nearest,1,4,0,false,none,none,BASELINE,6,116264431,Client Travel Time [min],10.0,813.0,244.94,19595.0,80,803.0
2026-05-19T10:01:41.536077400Z,TaxiAlgorithmP2PCollector,2,100,6,80,1,nearest,1,4,0,false,none,none,BASELINE,6,116264431,Calculation Time [millis],0.0,1.0,0.01,42.0,4286,1.0
2026-05-19T10:01:41.536077400Z,TaxiAlgorithmP2PCollector,2,100,6,80,1,nearest,1,4,0,false,none,none,BASELINE,6,116264431,Custom Time [micros],0.0,0.0,0.0,0.0,4286,0.0
2026-05-19T10:01:41.659076600Z,TaxiAlgorithmP2PCollector,2,100,6,80,1,nearest,1,4,0,false,none,none,BASELINE,7,116264432,Taxi Travel Distance [km],1.41,4.52,2.99,17.96,6,3.1099999999999994
2026-05-19T10:01:41.659076600Z,TaxiAlgorithmP2PCollector,2,100,6,80,1,nearest,1,4,0,false,none,none,BASELINE,7,116264432,Client Waiting Time [min],0.05,11.28,2.81,115.25,41,11.229999999999999
2026-05-19T10:01:41.659076600Z,TaxiAlgorithmP2PCollector,2,100,6,80,1,nearest,1,4,0,false,none,none,BASELINE,7,116264432,Client Travel Time [min],6.0,939.0,296.46,23717.0,80,933.0
2026-05-19T10:01:41.659076600Z,TaxiAlgorithmP2PCollector,2,100,6,80,1,nearest,1,4,0,false,none,none,BASELINE,7,116264432,Calculation Time [millis],0.0,0.0,0.01,35.0,4195,0.0
2026-05-19T10:01:41.659076600Z,TaxiAlgorithmP2PCollector,2,100,6,80,1,nearest,1,4,0,false,none,none,BASELINE,7,116264432,Custom Time [micros],0.0,0.0,0.0,0.0,4195,0.0
2026-05-19T10:01:41.784076200Z,TaxiAlgorithmP2PCollector,2,100,6,80,1,nearest,1,4,0,false,none,none,BASELINE,8,116264433,Taxi Travel Distance [km],1.25,5.56,3.22,19.34,6,4.31
2026-05-19T10:01:41.784076200Z,TaxiAlgorithmP2PCollector,2,100,6,80,1,nearest,1,4,0,false,none,none,BASELINE,8,116264433,Client Waiting Time [min],0.03,11.83,2.82,101.37,36,11.8
2026-05-19T10:01:41.784076200Z,TaxiAlgorithmP2PCollector,2,100,6,80,1,nearest,1,4,0,false,none,none,BASELINE,8,116264433,Client Travel Time [min],14.0,907.0,327.06,26165.0,80,893.0
2026-05-19T10:01:41.784076200Z,TaxiAlgorithmP2PCollector,2,100,6,80,1,nearest,1,4,0,false,none,none,BASELINE,8,116264433,Calculation Time [millis],0.0,0.0,0.01,39.0,4797,0.0
2026-05-19T10:01:41.784076200Z,TaxiAlgorithmP2PCollector,2,100,6,80,1,nearest,1,4,0,false,none,none,BASELINE,8,116264433,Custom Time [micros],0.0,0.0,0.0,0.0,4797,0.0
2026-05-19T10:01:41.893077100Z,TaxiAlgorithmP2PCollector,2,100,6,80,1,nearest,1,4,0,false,none,none,BASELINE,9,116264434,Taxi Travel Distance [km],0.11,4.56,2.61,15.64,6,4.449999999999999
2026-05-19T10:01:41.893077100Z,TaxiAlgorithmP2PCollector,2,100,6,80,1,nearest,1,4,0,false,none,none,BASELINE,9,116264434,Client Waiting Time [min],0.07,13.73,3.62,123.17,34,13.66
2026-05-19T10:01:41.893077100Z,TaxiAlgorithmP2PCollector,2,100,6,80,1,nearest,1,4,0,false,none,none,BASELINE,9,116264434,Client Travel Time [min],15.0,864.0,331.14,26491.0,80,849.0
2026-05-19T10:01:41.893077100Z,TaxiAlgorithmP2PCollector,2,100,6,80,1,nearest,1,4,0,false,none,none,BASELINE,9,116264434,Calculation Time [millis],0.0,0.0,0.01,35.0,4621,0.0
2026-05-19T10:01:41.893077100Z,TaxiAlgorithmP2PCollector,2,100,6,80,1,nearest,1,4,0,false,none,none,BASELINE,9,116264434,Custom Time [micros],0.0,0.0,0.0,0.0,4621,0.0
2026-05-19T10:01:42.001074700Z,TaxiAlgorithmP2PCollector,2,100,6,80,1,nearest,1,4,0,false,none,none,BASELINE,10,116264435,Taxi Travel Distance [km],0.55,5.16,2.19,13.12,6,4.61
2026-05-19T10:01:42.001074700Z,TaxiAlgorithmP2PCollector,2,100,6,80,1,nearest,1,4,0,false,none,none,BASELINE,10,116264435,Client Waiting Time [min],0.05,12.8,3.4,98.5,29,12.75
2026-05-19T10:01:42.001074700Z,TaxiAlgorithmP2PCollector,2,100,6,80,1,nearest,1,4,0,false,none,none,BASELINE,10,116264435,Client Travel Time [min],13.0,934.0,338.05,27044.0,80,921.0
2026-05-19T10:01:42.001074700Z,TaxiAlgorithmP2PCollector,2,100,6,80,1,nearest,1,4,0,false,none,none,BASELINE,10,116264435,Calculation Time [millis],0.0,0.0,0.01,36.0,4478,0.0
2026-05-19T10:01:42.001074700Z,TaxiAlgorithmP2PCollector,2,100,6,80,1,nearest,1,4,0,false,none,none,BASELINE,10,116264435,Custom Time [micros],0.0,0.0,0.0,0.0,4478,0.0
2026-05-19T10:01:42.124073900Z,TaxiAlgorithmP2PCollector,2,100,6,80,1,nearest,1,4,0,false,none,none,RUSH_HOUR,1,116264426,Taxi Travel Distance [km],0.85,6.43,3.85,23.07,6,5.58
2026-05-19T10:01:42.124073900Z,TaxiAlgorithmP2PCollector,2,100,6,80,1,nearest,1,4,0,false,none,none,RUSH_HOUR,1,116264426,Client Waiting Time [min],0.05,11.72,2.67,136.1,51,11.67
2026-05-19T10:01:42.124073900Z,TaxiAlgorithmP2PCollector,2,100,6,80,1,nearest,1,4,0,false,none,none,RUSH_HOUR,1,116264426,Client Travel Time [min],6.0,865.0,265.71,21257.0,80,859.0
2026-05-19T10:01:42.124073900Z,TaxiAlgorithmP2PCollector,2,100,6,80,1,nearest,1,4,0,false,none,none,RUSH_HOUR,1,116264426,Calculation Time [millis],0.0,1.0,0.01,35.0,4232,1.0
2026-05-19T10:01:42.124073900Z,TaxiAlgorithmP2PCollector,2,100,6,80,1,nearest,1,4,0,false,none,none,RUSH_HOUR,1,116264426,Custom Time [micros],0.0,0.0,0.0,0.0,4232,0.0
2026-05-19T10:01:42.232080100Z,TaxiAlgorithmP2PCollector,2,100,6,80,1,nearest,1,4,0,false,none,none,RUSH_HOUR,2,116264427,Taxi Travel Distance [km],1.28,5.69,2.63,15.77,6,4.41
2026-05-19T10:01:42.232080100Z,TaxiAlgorithmP2PCollector,2,100,6,80,1,nearest,1,4,0,false,none,none,RUSH_HOUR,2,116264427,Client Waiting Time [min],0.07,12.63,2.81,92.8,33,12.56
2026-05-19T10:01:42.232080100Z,TaxiAlgorithmP2PCollector,2,100,6,80,1,nearest,1,4,0,false,none,none,RUSH_HOUR,2,116264427,Client Travel Time [min],9.0,966.0,306.61,24529.0,80,957.0
2026-05-19T10:01:42.232080100Z,TaxiAlgorithmP2PCollector,2,100,6,80,1,nearest,1,4,0,false,none,none,RUSH_HOUR,2,116264427,Calculation Time [millis],0.0,0.0,0.01,36.0,4012,0.0
2026-05-19T10:01:42.232080100Z,TaxiAlgorithmP2PCollector,2,100,6,80,1,nearest,1,4,0,false,none,none,RUSH_HOUR,2,116264427,Custom Time [micros],0.0,0.0,0.0,0.0,4012,0.0
2026-05-19T10:01:42.341094100Z,TaxiAlgorithmP2PCollector,2,100,6,80,1,nearest,1,4,0,false,none,none,RUSH_HOUR,3,116264428,Taxi Travel Distance [km],1.44,5.42,3.65,21.92,6,3.98
2026-05-19T10:01:42.341094100Z,TaxiAlgorithmP2PCollector,2,100,6,80,1,nearest,1,4,0,false,none,none,RUSH_HOUR,3,116264428,Client Waiting Time [min],0.03,11.27,3.15,129.33,41,11.24
2026-05-19T10:01:42.341094100Z,TaxiAlgorithmP2PCollector,2,100,6,80,1,nearest,1,4,0,false,none,none,RUSH_HOUR,3,116264428,Client Travel Time [min],12.0,962.0,321.99,25759.0,80,950.0
2026-05-19T10:01:42.341094100Z,TaxiAlgorithmP2PCollector,2,100,6,80,1,nearest,1,4,0,false,none,none,RUSH_HOUR,3,116264428,Calculation Time [millis],0.0,0.0,0.01,42.0,4251,0.0
2026-05-19T10:01:42.341094100Z,TaxiAlgorithmP2PCollector,2,100,6,80,1,nearest,1,4,0,false,none,none,RUSH_HOUR,3,116264428,Custom Time [micros],0.0,0.0,0.0,0.0,4251,0.0
2026-05-19T10:01:42.464089500Z,TaxiAlgorithmP2PCollector,2,100,6,80,1,nearest,1,4,0,false,none,none,RUSH_HOUR,4,116264429,Taxi Travel Distance [km],0.8,4.57,2.48,14.89,6,3.7700000000000005
2026-05-19T10:01:42.464089500Z,TaxiAlgorithmP2PCollector,2,100,6,80,1,nearest,1,4,0,false,none,none,RUSH_HOUR,4,116264429,Client Waiting Time [min],0.05,14.02,2.96,91.62,31,13.969999999999999
2026-05-19T10:01:42.464089500Z,TaxiAlgorithmP2PCollector,2,100,6,80,1,nearest,1,4,0,false,none,none,RUSH_HOUR,4,116264429,Client Travel Time [min],18.0,843.0,327.96,26237.0,80,825.0
2026-05-19T10:01:42.464089500Z,TaxiAlgorithmP2PCollector,2,100,6,80,1,nearest,1,4,0,false,none,none,RUSH_HOUR,4,116264429,Calculation Time [millis],0.0,1.0,0.01,40.0,4066,1.0
2026-05-19T10:01:42.464089500Z,TaxiAlgorithmP2PCollector,2,100,6,80,1,nearest,1,4,0,false,none,none,RUSH_HOUR,4,116264429,Custom Time [micros],0.0,0.0,0.0,0.0,4066,0.0
2026-05-19T10:01:42.589093300Z,TaxiAlgorithmP2PCollector,2,100,6,80,1,nearest,1,4,0,false,none,none,RUSH_HOUR,5,116264430,Taxi Travel Distance [km],1.28,5.42,3.79,22.71,6,4.14
2026-05-19T10:01:42.589093300Z,TaxiAlgorithmP2PCollector,2,100,6,80,1,nearest,1,4,0,false,none,none,RUSH_HOUR,5,116264430,Client Waiting Time [min],0.07,11.37,3.84,184.53,48,11.299999999999999
2026-05-19T10:01:42.589093300Z,TaxiAlgorithmP2PCollector,2,100,6,80,1,nearest,1,4,0,false,none,none,RUSH_HOUR,5,116264430,Client Travel Time [min],16.0,790.0,293.98,23518.0,80,774.0
2026-05-19T10:01:42.589093300Z,TaxiAlgorithmP2PCollector,2,100,6,80,1,nearest,1,4,0,false,none,none,RUSH_HOUR,5,116264430,Calculation Time [millis],0.0,0.0,0.01,40.0,3983,0.0
2026-05-19T10:01:42.589093300Z,TaxiAlgorithmP2PCollector,2,100,6,80,1,nearest,1,4,0,false,none,none,RUSH_HOUR,5,116264430,Custom Time [micros],0.0,0.0,0.0,0.0,3983,0.0
2026-05-19T10:01:42.698089400Z,TaxiAlgorithmP2PCollector,2,100,6,80,1,nearest,1,4,0,false,none,none,RUSH_HOUR,6,116264431,Taxi Travel Distance [km],1.0,5.74,3.33,19.99,6,4.74
2026-05-19T10:01:42.698089400Z,TaxiAlgorithmP2PCollector,2,100,6,80,1,nearest,1,4,0,false,none,none,RUSH_HOUR,6,116264431,Client Waiting Time [min],0.03,12.85,2.38,97.55,41,12.82
2026-05-19T10:01:42.698089400Z,TaxiAlgorithmP2PCollector,2,100,6,80,1,nearest,1,4,0,false,none,none,RUSH_HOUR,6,116264431,Client Travel Time [min],5.0,829.0,298.1,23848.0,80,824.0
2026-05-19T10:01:42.698089400Z,TaxiAlgorithmP2PCollector,2,100,6,80,1,nearest,1,4,0,false,none,none,RUSH_HOUR,6,116264431,Calculation Time [millis],0.0,0.0,0.01,36.0,4333,0.0
2026-05-19T10:01:42.698089400Z,TaxiAlgorithmP2PCollector,2,100,6,80,1,nearest,1,4,0,false,none,none,RUSH_HOUR,6,116264431,Custom Time [micros],0.0,0.0,0.0,0.0,4333,0.0
2026-05-19T10:01:42.804088700Z,TaxiAlgorithmP2PCollector,2,100,6,80,1,nearest,1,4,0,false,none,none,RUSH_HOUR,7,116264432,Taxi Travel Distance [km],0.39,5.88,2.24,13.44,6,5.49
2026-05-19T10:01:42.804088700Z,TaxiAlgorithmP2PCollector,2,100,6,80,1,nearest,1,4,0,false,none,none,RUSH_HOUR,7,116264432,Client Waiting Time [min],0.07,10.47,3.4,84.97,25,10.4
2026-05-19T10:01:42.804088700Z,TaxiAlgorithmP2PCollector,2,100,6,80,1,nearest,1,4,0,false,none,none,RUSH_HOUR,7,116264432,Client Travel Time [min],22.0,850.0,344.64,27571.0,80,828.0
2026-05-19T10:01:42.804088700Z,TaxiAlgorithmP2PCollector,2,100,6,80,1,nearest,1,4,0,false,none,none,RUSH_HOUR,7,116264432,Calculation Time [millis],0.0,1.0,0.01,36.0,4182,1.0
2026-05-19T10:01:42.804088700Z,TaxiAlgorithmP2PCollector,2,100,6,80,1,nearest,1,4,0,false,none,none,RUSH_HOUR,7,116264432,Custom Time [micros],0.0,0.0,0.0,0.0,4182,0.0
2026-05-19T10:01:42.928090400Z,TaxiAlgorithmP2PCollector,2,100,6,80,1,nearest,1,4,0,false,none,none,RUSH_HOUR,8,116264433,Taxi Travel Distance [km],0.43,6.21,2.98,17.87,6,5.78
2026-05-19T10:01:42.928090400Z,TaxiAlgorithmP2PCollector,2,100,6,80,1,nearest,1,4,0,false,none,none,RUSH_HOUR,8,116264433,Client Waiting Time [min],0.05,13.25,3.69,154.88,42,13.2
2026-05-19T10:01:42.928090400Z,TaxiAlgorithmP2PCollector,2,100,6,80,1,nearest,1,4,0,false,none,none,RUSH_HOUR,8,116264433,Client Travel Time [min],9.0,892.0,342.39,27391.0,80,883.0
2026-05-19T10:01:42.928090400Z,TaxiAlgorithmP2PCollector,2,100,6,80,1,nearest,1,4,0,false,none,none,RUSH_HOUR,8,116264433,Calculation Time [millis],0.0,0.0,0.01,38.0,4395,0.0
2026-05-19T10:01:42.928090400Z,TaxiAlgorithmP2PCollector,2,100,6,80,1,nearest,1,4,0,false,none,none,RUSH_HOUR,8,116264433,Custom Time [micros],0.0,0.0,0.0,0.0,4395,0.0
2026-05-19T10:01:43.038091900Z,TaxiAlgorithmP2PCollector,2,100,6,80,1,nearest,1,4,0,false,none,none,RUSH_HOUR,9,116264434,Taxi Travel Distance [km],1.13,5.96,3.94,23.61,6,4.83
2026-05-19T10:01:43.038091900Z,TaxiAlgorithmP2PCollector,2,100,6,80,1,nearest,1,4,0,false,none,none,RUSH_HOUR,9,116264434,Client Waiting Time [min],0.03,12.35,2.11,105.63,50,12.32
2026-05-19T10:01:43.038091900Z,TaxiAlgorithmP2PCollector,2,100,6,80,1,nearest,1,4,0,false,none,none,RUSH_HOUR,9,116264434,Client Travel Time [min],10.0,804.0,219.03,17522.0,80,794.0
2026-05-19T10:01:43.038091900Z,TaxiAlgorithmP2PCollector,2,100,6,80,1,nearest,1,4,0,false,none,none,RUSH_HOUR,9,116264434,Calculation Time [millis],0.0,0.0,0.01,32.0,4134,0.0
2026-05-19T10:01:43.038091900Z,TaxiAlgorithmP2PCollector,2,100,6,80,1,nearest,1,4,0,false,none,none,RUSH_HOUR,9,116264434,Custom Time [micros],0.0,0.0,0.0,0.0,4134,0.0
2026-05-19T10:01:43.147092600Z,TaxiAlgorithmP2PCollector,2,100,6,80,1,nearest,1,4,0,false,none,none,RUSH_HOUR,10,116264435,Taxi Travel Distance [km],2.46,4.47,3.39,20.37,6,2.01
2026-05-19T10:01:43.147092600Z,TaxiAlgorithmP2PCollector,2,100,6,80,1,nearest,1,4,0,false,none,none,RUSH_HOUR,10,116264435,Client Waiting Time [min],0.05,12.27,2.25,92.18,41,12.219999999999999
2026-05-19T10:01:43.147092600Z,TaxiAlgorithmP2PCollector,2,100,6,80,1,nearest,1,4,0,false,none,none,RUSH_HOUR,10,116264435,Client Travel Time [min],8.0,777.0,245.14,19611.0,80,769.0
2026-05-19T10:01:43.147092600Z,TaxiAlgorithmP2PCollector,2,100,6,80,1,nearest,1,4,0,false,none,none,RUSH_HOUR,10,116264435,Calculation Time [millis],0.0,2.0,0.01,35.0,4234,2.0
2026-05-19T10:01:43.147092600Z,TaxiAlgorithmP2PCollector,2,100,6,80,1,nearest,1,4,0,false,none,none,RUSH_HOUR,10,116264435,Custom Time [micros],0.0,0.0,0.0,0.0,4234,0.0
2026-05-19T10:01:43.272092900Z,TaxiAlgorithmP2PCollector,2,100,6,80,1,nearest,1,4,0,false,none,none,SPATIAL_IMBALANCE,1,116264426,Taxi Travel Distance [km],0.17,2.22,1.52,9.14,6,2.0500000000000003
2026-05-19T10:01:43.272092900Z,TaxiAlgorithmP2PCollector,2,100,6,80,1,nearest,1,4,0,false,none,none,SPATIAL_IMBALANCE,1,116264426,Client Waiting Time [min],0.05,12.35,3.84,88.27,23,12.299999999999999
2026-05-19T10:01:43.272092900Z,TaxiAlgorithmP2PCollector,2,100,6,80,1,nearest,1,4,0,false,none,none,SPATIAL_IMBALANCE,1,116264426,Client Travel Time [min],19.0,765.0,328.9,26312.0,80,746.0
2026-05-19T10:01:43.272092900Z,TaxiAlgorithmP2PCollector,2,100,6,80,1,nearest,1,4,0,false,none,none,SPATIAL_IMBALANCE,1,116264426,Calculation Time [millis],0.0,0.0,0.01,32.0,4317,0.0
2026-05-19T10:01:43.272092900Z,TaxiAlgorithmP2PCollector,2,100,6,80,1,nearest,1,4,0,false,none,none,SPATIAL_IMBALANCE,1,116264426,Custom Time [micros],0.0,0.0,0.0,0.0,4317,0.0
2026-05-19T10:01:43.365090800Z,TaxiAlgorithmP2PCollector,2,100,6,80,1,nearest,1,4,0,false,none,none,SPATIAL_IMBALANCE,2,116264427,Taxi Travel Distance [km],0.36,1.84,1.08,6.5,6,1.48
2026-05-19T10:01:43.365090800Z,TaxiAlgorithmP2PCollector,2,100,6,80,1,nearest,1,4,0,false,none,none,SPATIAL_IMBALANCE,2,116264427,Client Waiting Time [min],0.05,6.95,3.67,66.13,18,6.9
2026-05-19T10:01:43.365090800Z,TaxiAlgorithmP2PCollector,2,100,6,80,1,nearest,1,4,0,false,none,none,SPATIAL_IMBALANCE,2,116264427,Client Travel Time [min],10.0,748.0,311.33,24906.0,80,738.0
2026-05-19T10:01:43.365090800Z,TaxiAlgorithmP2PCollector,2,100,6,80,1,nearest,1,4,0,false,none,none,SPATIAL_IMBALANCE,2,116264427,Calculation Time [millis],0.0,0.0,0.01,30.0,4254,0.0
2026-05-19T10:01:43.365090800Z,TaxiAlgorithmP2PCollector,2,100,6,80,1,nearest,1,4,0,false,none,none,SPATIAL_IMBALANCE,2,116264427,Custom Time [micros],0.0,0.0,0.0,0.0,4254,0.0
2026-05-19T10:01:43.474089500Z,TaxiAlgorithmP2PCollector,2,100,6,80,1,nearest,1,4,0,false,none,none,SPATIAL_IMBALANCE,3,116264428,Taxi Travel Distance [km],0.0,1.78,1.05,6.3,6,1.78
2026-05-19T10:01:43.474089500Z,TaxiAlgorithmP2PCollector,2,100,6,80,1,nearest,1,4,0,false,none,none,SPATIAL_IMBALANCE,3,116264428,Client Waiting Time [min],0.05,15.67,5.7,108.3,19,15.62
2026-05-19T10:01:43.474089500Z,TaxiAlgorithmP2PCollector,2,100,6,80,1,nearest,1,4,0,false,none,none,SPATIAL_IMBALANCE,3,116264428,Client Travel Time [min],15.0,942.0,409.6,32768.0,80,927.0
2026-05-19T10:01:43.474089500Z,TaxiAlgorithmP2PCollector,2,100,6,80,1,nearest,1,4,0,false,none,none,SPATIAL_IMBALANCE,3,116264428,Calculation Time [millis],0.0,1.0,0.01,37.0,4343,1.0
2026-05-19T10:01:43.474089500Z,TaxiAlgorithmP2PCollector,2,100,6,80,1,nearest,1,4,0,false,none,none,SPATIAL_IMBALANCE,3,116264428,Custom Time [micros],0.0,0.0,0.0,0.0,4343,0.0
2026-05-19T10:01:43.599091300Z,TaxiAlgorithmP2PCollector,2,100,6,80,1,nearest,1,4,0,false,none,none,SPATIAL_IMBALANCE,4,116264429,Taxi Travel Distance [km],0.16,2.05,1.14,6.83,6,1.89
2026-05-19T10:01:43.599091300Z,TaxiAlgorithmP2PCollector,2,100,6,80,1,nearest,1,4,0,false,none,none,SPATIAL_IMBALANCE,4,116264429,Client Waiting Time [min],0.07,7.38,3.46,65.78,19,7.31
2026-05-19T10:01:43.599091300Z,TaxiAlgorithmP2PCollector,2,100,6,80,1,nearest,1,4,0,false,none,none,SPATIAL_IMBALANCE,4,116264429,Client Travel Time [min],19.0,877.0,329.08,26326.0,80,858.0
2026-05-19T10:01:43.599091300Z,TaxiAlgorithmP2PCollector,2,100,6,80,1,nearest,1,4,0,false,none,none,SPATIAL_IMBALANCE,4,116264429,Calculation Time [millis],0.0,0.0,0.01,36.0,4346,0.0
2026-05-19T10:01:43.599091300Z,TaxiAlgorithmP2PCollector,2,100,6,80,1,nearest,1,4,0,false,none,none,SPATIAL_IMBALANCE,4,116264429,Custom Time [micros],0.0,0.0,0.0,0.0,4346,0.0
2026-05-19T10:01:43.707089500Z,TaxiAlgorithmP2PCollector,2,100,6,80,1,nearest,1,4,0,false,none,none,SPATIAL_IMBALANCE,5,116264430,Taxi Travel Distance [km],0.36,3.2,1.53,9.19,6,2.8400000000000003
2026-05-19T10:01:43.707089500Z,TaxiAlgorithmP2PCollector,2,100,6,80,1,nearest,1,4,0,false,none,none,SPATIAL_IMBALANCE,5,116264430,Client Waiting Time [min],0.05,8.65,3.22,67.52,21,8.6
2026-05-19T10:01:43.707089500Z,TaxiAlgorithmP2PCollector,2,100,6,80,1,nearest,1,4,0,false,none,none,SPATIAL_IMBALANCE,5,116264430,Client Travel Time [min],9.0,712.0,316.13,25290.0,80,703.0
2026-05-19T10:01:43.707089500Z,TaxiAlgorithmP2PCollector,2,100,6,80,1,nearest,1,4,0,false,none,none,SPATIAL_IMBALANCE,5,116264430,Calculation Time [millis],0.0,0.0,0.01,35.0,4358,0.0
2026-05-19T10:01:43.707089500Z,TaxiAlgorithmP2PCollector,2,100,6,80,1,nearest,1,4,0,false,none,none,SPATIAL_IMBALANCE,5,116264430,Custom Time [micros],0.0,0.0,0.0,0.0,4358,0.0
2026-05-19T10:01:43.832090300Z,TaxiAlgorithmP2PCollector,2,100,6,80,1,nearest,1,4,0,false,none,none,SPATIAL_IMBALANCE,6,116264431,Taxi Travel Distance [km],0.4,1.48,0.97,5.8,6,1.08
2026-05-19T10:01:43.832090300Z,TaxiAlgorithmP2PCollector,2,100,6,80,1,nearest,1,4,0,false,none,none,SPATIAL_IMBALANCE,6,116264431,Client Waiting Time [min],0.08,8.47,3.11,49.7,16,8.39
2026-05-19T10:01:43.832090300Z,TaxiAlgorithmP2PCollector,2,100,6,80,1,nearest,1,4,0,false,none,none,SPATIAL_IMBALANCE,6,116264431,Client Travel Time [min],10.0,823.0,348.21,27857.0,80,813.0
2026-05-19T10:01:43.832090300Z,TaxiAlgorithmP2PCollector,2,100,6,80,1,nearest,1,4,0,false,none,none,SPATIAL_IMBALANCE,6,116264431,Calculation Time [millis],0.0,0.0,0.01,41.0,4297,0.0
2026-05-19T10:01:43.832090300Z,TaxiAlgorithmP2PCollector,2,100,6,80,1,nearest,1,4,0,false,none,none,SPATIAL_IMBALANCE,6,116264431,Custom Time [micros],0.0,0.0,0.0,0.0,4297,0.0
2026-05-19T10:01:43.957089200Z,TaxiAlgorithmP2PCollector,2,100,6,80,1,nearest,1,4,0,false,none,none,SPATIAL_IMBALANCE,7,116264432,Taxi Travel Distance [km],0.39,2.42,1.31,7.86,6,2.03
2026-05-19T10:01:43.957089200Z,TaxiAlgorithmP2PCollector,2,100,6,80,1,nearest,1,4,0,false,none,none,SPATIAL_IMBALANCE,7,116264432,Client Waiting Time [min],0.03,9.75,3.51,70.15,20,9.72
2026-05-19T10:01:43.957089200Z,TaxiAlgorithmP2PCollector,2,100,6,80,1,nearest,1,4,0,false,none,none,SPATIAL_IMBALANCE,7,116264432,Client Travel Time [min],13.0,877.0,335.26,26821.0,80,864.0
2026-05-19T10:01:43.957089200Z,TaxiAlgorithmP2PCollector,2,100,6,80,1,nearest,1,4,0,false,none,none,SPATIAL_IMBALANCE,7,116264432,Calculation Time [millis],0.0,0.0,0.01,41.0,4378,0.0
2026-05-19T10:01:43.957089200Z,TaxiAlgorithmP2PCollector,2,100,6,80,1,nearest,1,4,0,false,none,none,SPATIAL_IMBALANCE,7,116264432,Custom Time [micros],0.0,0.0,0.0,0.0,4378,0.0
2026-05-19T10:01:44.083091800Z,TaxiAlgorithmP2PCollector,2,100,6,80,1,nearest,1,4,0,false,none,none,SPATIAL_IMBALANCE,8,116264433,Taxi Travel Distance [km],0.58,3.81,1.79,10.76,6,3.23
2026-05-19T10:01:44.083091800Z,TaxiAlgorithmP2PCollector,2,100,6,80,1,nearest,1,4,0,false,none,none,SPATIAL_IMBALANCE,8,116264433,Client Waiting Time [min],0.05,12.47,3.92,117.53,30,12.42
2026-05-19T10:01:44.083091800Z,TaxiAlgorithmP2PCollector,2,100,6,80,1,nearest,1,4,0,false,none,none,SPATIAL_IMBALANCE,8,116264433,Client Travel Time [min],12.0,907.0,356.53,28522.0,80,895.0
2026-05-19T10:01:44.083091800Z,TaxiAlgorithmP2PCollector,2,100,6,80,1,nearest,1,4,0,false,none,none,SPATIAL_IMBALANCE,8,116264433,Calculation Time [millis],0.0,1.0,0.01,43.0,4415,1.0
2026-05-19T10:01:44.083091800Z,TaxiAlgorithmP2PCollector,2,100,6,80,1,nearest,1,4,0,false,none,none,SPATIAL_IMBALANCE,8,116264433,Custom Time [micros],0.0,0.0,0.0,0.0,4415,0.0
2026-05-19T10:01:44.192090600Z,TaxiAlgorithmP2PCollector,2,100,6,80,1,nearest,1,4,0,false,none,none,SPATIAL_IMBALANCE,9,116264434,Taxi Travel Distance [km],0.63,3.28,1.39,8.33,6,2.65
2026-05-19T10:01:44.192090600Z,TaxiAlgorithmP2PCollector,2,100,6,80,1,nearest,1,4,0,false,none,none,SPATIAL_IMBALANCE,9,116264434,Client Waiting Time [min],0.05,10.83,3.97,99.18,25,10.78
2026-05-19T10:01:44.192090600Z,TaxiAlgorithmP2PCollector,2,100,6,80,1,nearest,1,4,0,false,none,none,SPATIAL_IMBALANCE,9,116264434,Client Travel Time [min],6.0,745.0,318.38,25470.0,80,739.0
2026-05-19T10:01:44.192090600Z,TaxiAlgorithmP2PCollector,2,100,6,80,1,nearest,1,4,0,false,none,none,SPATIAL_IMBALANCE,9,116264434,Calculation Time [millis],0.0,0.0,0.01,32.0,4343,0.0
2026-05-19T10:01:44.192090600Z,TaxiAlgorithmP2PCollector,2,100,6,80,1,nearest,1,4,0,false,none,none,SPATIAL_IMBALANCE,9,116264434,Custom Time [micros],0.0,0.0,0.0,0.0,4343,0.0
2026-05-19T10:01:44.299091600Z,TaxiAlgorithmP2PCollector,2,100,6,80,1,nearest,1,4,0,false,none,none,SPATIAL_IMBALANCE,10,116264435,Taxi Travel Distance [km],0.39,1.9,1.21,7.29,6,1.5099999999999998
2026-05-19T10:01:44.299091600Z,TaxiAlgorithmP2PCollector,2,100,6,80,1,nearest,1,4,0,false,none,none,SPATIAL_IMBALANCE,10,116264435,Client Waiting Time [min],0.07,7.57,3.33,69.92,21,7.5
2026-05-19T10:01:44.299091600Z,TaxiAlgorithmP2PCollector,2,100,6,80,1,nearest,1,4,0,false,none,none,SPATIAL_IMBALANCE,10,116264435,Client Travel Time [min],17.0,910.0,306.64,24531.0,80,893.0
2026-05-19T10:01:44.299091600Z,TaxiAlgorithmP2PCollector,2,100,6,80,1,nearest,1,4,0,false,none,none,SPATIAL_IMBALANCE,10,116264435,Calculation Time [millis],0.0,0.0,0.01,34.0,4230,0.0
2026-05-19T10:01:44.299091600Z,TaxiAlgorithmP2PCollector,2,100,6,80,1,nearest,1,4,0,false,none,none,SPATIAL_IMBALANCE,10,116264435,Custom Time [micros],0.0,0.0,0.0,0.0,4230,0.0
2026-05-19T10:01:44.408009900Z,TaxiAlgorithmP2PCollector,2,100,6,80,1,nearest,1,4,0,false,none,none,SPATIAL_ISLANDS,1,116264426,Taxi Travel Distance [km],0.16,2.98,1.41,8.46,6,2.82
2026-05-19T10:01:44.408009900Z,TaxiAlgorithmP2PCollector,2,100,6,80,1,nearest,1,4,0,false,none,none,SPATIAL_ISLANDS,1,116264426,Client Waiting Time [min],0.07,13.78,4.76,104.68,22,13.709999999999999
2026-05-19T10:01:44.408009900Z,TaxiAlgorithmP2PCollector,2,100,6,80,1,nearest,1,4,0,false,none,none,SPATIAL_ISLANDS,1,116264426,Client Travel Time [min],19.0,831.0,351.84,28147.0,80,812.0
2026-05-19T10:01:44.408009900Z,TaxiAlgorithmP2PCollector,2,100,6,80,1,nearest,1,4,0,false,none,none,SPATIAL_ISLANDS,1,116264426,Calculation Time [millis],0.0,0.0,0.01,36.0,4518,0.0
2026-05-19T10:01:44.408009900Z,TaxiAlgorithmP2PCollector,2,100,6,80,1,nearest,1,4,0,false,none,none,SPATIAL_ISLANDS,1,116264426,Custom Time [micros],0.0,0.0,0.0,0.0,4518,0.0
2026-05-19T10:01:44.531009500Z,TaxiAlgorithmP2PCollector,2,100,6,80,1,nearest,1,4,0,false,none,none,SPATIAL_ISLANDS,2,116264427,Taxi Travel Distance [km],0.63,4.08,2.01,12.07,6,3.45
2026-05-19T10:01:44.531009500Z,TaxiAlgorithmP2PCollector,2,100,6,80,1,nearest,1,4,0,false,none,none,SPATIAL_ISLANDS,2,116264427,Client Waiting Time [min],0.05,12.77,4.46,124.77,28,12.719999999999999
2026-05-19T10:01:44.531009500Z,TaxiAlgorithmP2PCollector,2,100,6,80,1,nearest,1,4,0,false,none,none,SPATIAL_ISLANDS,2,116264427,Client Travel Time [min],17.0,858.0,360.3,28824.0,80,841.0
2026-05-19T10:01:44.531009500Z,TaxiAlgorithmP2PCollector,2,100,6,80,1,nearest,1,4,0,false,none,none,SPATIAL_ISLANDS,2,116264427,Calculation Time [millis],0.0,0.0,0.01,36.0,4655,0.0
2026-05-19T10:01:44.531009500Z,TaxiAlgorithmP2PCollector,2,100,6,80,1,nearest,1,4,0,false,none,none,SPATIAL_ISLANDS,2,116264427,Custom Time [micros],0.0,0.0,0.0,0.0,4655,0.0
2026-05-19T10:01:44.640010900Z,TaxiAlgorithmP2PCollector,2,100,6,80,1,nearest,1,4,0,false,none,none,SPATIAL_ISLANDS,3,116264428,Taxi Travel Distance [km],0.0,1.64,0.93,5.59,6,1.64
2026-05-19T10:01:44.640010900Z,TaxiAlgorithmP2PCollector,2,100,6,80,1,nearest,1,4,0,false,none,none,SPATIAL_ISLANDS,3,116264428,Client Waiting Time [min],0.08,11.38,5.82,104.83,18,11.3
2026-05-19T10:01:44.640010900Z,TaxiAlgorithmP2PCollector,2,100,6,80,1,nearest,1,4,0,false,none,none,SPATIAL_ISLANDS,3,116264428,Client Travel Time [min],19.0,975.0,426.94,34155.0,80,956.0
2026-05-19T10:01:44.640010900Z,TaxiAlgorithmP2PCollector,2,100,6,80,1,nearest,1,4,0,false,none,none,SPATIAL_ISLANDS,3,116264428,Calculation Time [millis],0.0,0.0,0.01,36.0,4538,0.0
2026-05-19T10:01:44.640010900Z,TaxiAlgorithmP2PCollector,2,100,6,80,1,nearest,1,4,0,false,none,none,SPATIAL_ISLANDS,3,116264428,Custom Time [micros],0.0,0.0,0.0,0.0,4538,0.0
2026-05-19T10:01:44.749008200Z,TaxiAlgorithmP2PCollector,2,100,6,80,1,nearest,1,4,0,false,none,none,SPATIAL_ISLANDS,4,116264429,Taxi Travel Distance [km],0.46,2.32,1.41,8.47,6,1.8599999999999999
2026-05-19T10:01:44.749008200Z,TaxiAlgorithmP2PCollector,2,100,6,80,1,nearest,1,4,0,false,none,none,SPATIAL_ISLANDS,4,116264429,Client Waiting Time [min],0.05,14.05,5.79,144.68,25,14.0
2026-05-19T10:01:44.749008200Z,TaxiAlgorithmP2PCollector,2,100,6,80,1,nearest,1,4,0,false,none,none,SPATIAL_ISLANDS,4,116264429,Client Travel Time [min],20.0,849.0,396.95,31756.0,80,829.0
2026-05-19T10:01:44.749008200Z,TaxiAlgorithmP2PCollector,2,100,6,80,1,nearest,1,4,0,false,none,none,SPATIAL_ISLANDS,4,116264429,Calculation Time [millis],0.0,1.0,0.01,40.0,4776,1.0
2026-05-19T10:01:44.749008200Z,TaxiAlgorithmP2PCollector,2,100,6,80,1,nearest,1,4,0,false,none,none,SPATIAL_ISLANDS,4,116264429,Custom Time [micros],0.0,0.0,0.0,0.0,4776,0.0
2026-05-19T10:01:44.873010600Z,TaxiAlgorithmP2PCollector,2,100,6,80,1,nearest,1,4,0,false,none,none,SPATIAL_ISLANDS,5,116264430,Taxi Travel Distance [km],0.48,2.22,1.33,7.95,6,1.7400000000000002
2026-05-19T10:01:44.873010600Z,TaxiAlgorithmP2PCollector,2,100,6,80,1,nearest,1,4,0,false,none,none,SPATIAL_ISLANDS,5,116264430,Client Waiting Time [min],0.07,12.87,3.36,73.9,22,12.799999999999999
2026-05-19T10:01:44.873010600Z,TaxiAlgorithmP2PCollector,2,100,6,80,1,nearest,1,4,0,false,none,none,SPATIAL_ISLANDS,5,116264430,Client Travel Time [min],11.0,798.0,370.98,29678.0,80,787.0
2026-05-19T10:01:44.873010600Z,TaxiAlgorithmP2PCollector,2,100,6,80,1,nearest,1,4,0,false,none,none,SPATIAL_ISLANDS,5,116264430,Calculation Time [millis],0.0,0.0,0.01,33.0,4392,0.0
2026-05-19T10:01:44.873010600Z,TaxiAlgorithmP2PCollector,2,100,6,80,1,nearest,1,4,0,false,none,none,SPATIAL_ISLANDS,5,116264430,Custom Time [micros],0.0,0.0,0.0,0.0,4392,0.0
2026-05-19T10:01:44.983010600Z,TaxiAlgorithmP2PCollector,2,100,6,80,1,nearest,1,4,0,false,none,none,SPATIAL_ISLANDS,6,116264431,Taxi Travel Distance [km],0.0,3.22,1.51,9.06,6,3.22
2026-05-19T10:01:44.983010600Z,TaxiAlgorithmP2PCollector,2,100,6,80,1,nearest,1,4,0,false,none,none,SPATIAL_ISLANDS,6,116264431,Client Waiting Time [min],0.05,10.35,3.61,79.38,22,10.299999999999999
2026-05-19T10:01:44.983010600Z,TaxiAlgorithmP2PCollector,2,100,6,80,1,nearest,1,4,0,false,none,none,SPATIAL_ISLANDS,6,116264431,Client Travel Time [min],10.0,788.0,371.95,29756.0,80,778.0
2026-05-19T10:01:44.983010600Z,TaxiAlgorithmP2PCollector,2,100,6,80,1,nearest,1,4,0,false,none,none,SPATIAL_ISLANDS,6,116264431,Calculation Time [millis],0.0,0.0,0.01,38.0,4451,0.0
2026-05-19T10:01:44.983010600Z,TaxiAlgorithmP2PCollector,2,100,6,80,1,nearest,1,4,0,false,none,none,SPATIAL_ISLANDS,6,116264431,Custom Time [micros],0.0,0.0,0.0,0.0,4451,0.0
2026-05-19T10:01:45.092010100Z,TaxiAlgorithmP2PCollector,2,100,6,80,1,nearest,1,4,0,false,none,none,SPATIAL_ISLANDS,7,116264432,Taxi Travel Distance [km],0.22,1.99,0.84,5.01,6,1.77
2026-05-19T10:01:45.092010100Z,TaxiAlgorithmP2PCollector,2,100,6,80,1,nearest,1,4,0,false,none,none,SPATIAL_ISLANDS,7,116264432,Client Waiting Time [min],0.05,9.32,4.38,56.98,13,9.27
2026-05-19T10:01:45.092010100Z,TaxiAlgorithmP2PCollector,2,100,6,80,1,nearest,1,4,0,false,none,none,SPATIAL_ISLANDS,7,116264432,Client Travel Time [min],33.0,814.0,405.6,32448.0,80,781.0
2026-05-19T10:01:45.092010100Z,TaxiAlgorithmP2PCollector,2,100,6,80,1,nearest,1,4,0,false,none,none,SPATIAL_ISLANDS,7,116264432,Calculation Time [millis],0.0,0.0,0.01,39.0,4651,0.0
2026-05-19T10:01:45.092010100Z,TaxiAlgorithmP2PCollector,2,100,6,80,1,nearest,1,4,0,false,none,none,SPATIAL_ISLANDS,7,116264432,Custom Time [micros],0.0,0.0,0.0,0.0,4651,0.0
2026-05-19T10:01:45.216009200Z,TaxiAlgorithmP2PCollector,2,100,6,80,1,nearest,1,4,0,false,none,none,SPATIAL_ISLANDS,8,116264433,Taxi Travel Distance [km],0.42,1.77,1.0,5.97,6,1.35
2026-05-19T10:01:45.216009200Z,TaxiAlgorithmP2PCollector,2,100,6,80,1,nearest,1,4,0,false,none,none,SPATIAL_ISLANDS,8,116264433,Client Waiting Time [min],0.08,12.53,6.12,116.37,19,12.45
2026-05-19T10:01:45.216009200Z,TaxiAlgorithmP2PCollector,2,100,6,80,1,nearest,1,4,0,false,none,none,SPATIAL_ISLANDS,8,116264433,Client Travel Time [min],12.0,836.0,447.6,35808.0,80,824.0
2026-05-19T10:01:45.216009200Z,TaxiAlgorithmP2PCollector,2,100,6,80,1,nearest,1,4,0,false,none,none,SPATIAL_ISLANDS,8,116264433,Calculation Time [millis],0.0,0.0,0.01,42.0,4633,0.0
2026-05-19T10:01:45.216009200Z,TaxiAlgorithmP2PCollector,2,100,6,80,1,nearest,1,4,0,false,none,none,SPATIAL_ISLANDS,8,116264433,Custom Time [micros],0.0,0.0,0.0,0.0,4633,0.0
2026-05-19T10:01:45.341010500Z,TaxiAlgorithmP2PCollector,2,100,6,80,1,nearest,1,4,0,false,none,none,SPATIAL_ISLANDS,9,116264434,Taxi Travel Distance [km],1.32,2.45,1.99,11.91,6,1.1300000000000001
2026-05-19T10:01:45.341010500Z,TaxiAlgorithmP2PCollector,2,100,6,80,1,nearest,1,4,0,false,none,none,SPATIAL_ISLANDS,9,116264434,Client Waiting Time [min],0.07,11.68,4.44,128.8,29,11.61
2026-05-19T10:01:45.341010500Z,TaxiAlgorithmP2PCollector,2,100,6,80,1,nearest,1,4,0,false,none,none,SPATIAL_ISLANDS,9,116264434,Client Travel Time [min],18.0,984.0,358.88,28710.0,80,966.0
2026-05-19T10:01:45.341010500Z,TaxiAlgorithmP2PCollector,2,100,6,80,1,nearest,1,4,0,false,none,none,SPATIAL_ISLANDS,9,116264434,Calculation Time [millis],0.0,1.0,0.01,42.0,4581,1.0
2026-05-19T10:01:45.341010500Z,TaxiAlgorithmP2PCollector,2,100,6,80,1,nearest,1,4,0,false,none,none,SPATIAL_ISLANDS,9,116264434,Custom Time [micros],0.0,0.0,0.0,0.0,4581,0.0
2026-05-19T10:01:45.465012Z,TaxiAlgorithmP2PCollector,2,100,6,80,1,nearest,1,4,0,false,none,none,SPATIAL_ISLANDS,10,116264435,Taxi Travel Distance [km],0.29,2.58,1.51,9.04,6,2.29
2026-05-19T10:01:45.465012Z,TaxiAlgorithmP2PCollector,2,100,6,80,1,nearest,1,4,0,false,none,none,SPATIAL_ISLANDS,10,116264435,Client Waiting Time [min],0.05,11.88,4.48,107.57,24,11.83
2026-05-19T10:01:45.465012Z,TaxiAlgorithmP2PCollector,2,100,6,80,1,nearest,1,4,0,false,none,none,SPATIAL_ISLANDS,10,116264435,Client Travel Time [min],17.0,811.0,373.33,29866.0,80,794.0
2026-05-19T10:01:45.465012Z,TaxiAlgorithmP2PCollector,2,100,6,80,1,nearest,1,4,0,false,none,none,SPATIAL_ISLANDS,10,116264435,Calculation Time [millis],0.0,0.0,0.01,37.0,4523,0.0
2026-05-19T10:01:45.465012Z,TaxiAlgorithmP2PCollector,2,100,6,80,1,nearest,1,4,0,false,none,none,SPATIAL_ISLANDS,10,116264435,Custom Time [micros],0.0,0.0,0.0,0.0,4523,0.0
2026-05-19T10:01:45.651010100Z,TaxiAlgorithmP2PCollector,2,100,6,80,1,nearest,1,4,0,true,page-rank,page-rank,BASELINE,1,116264426,Taxi Travel Distance [km],43.95,51.52,47.33,283.99,6,7.57
2026-05-19T10:01:45.651010100Z,TaxiAlgorithmP2PCollector,2,100,6,80,1,nearest,1,4,0,true,page-rank,page-rank,BASELINE,1,116264426,Client Waiting Time [min],0.05,5.55,1.04,79.27,76,5.5
2026-05-19T10:01:45.651010100Z,TaxiAlgorithmP2PCollector,2,100,6,80,1,nearest,1,4,0,true,page-rank,page-rank,BASELINE,1,116264426,Client Travel Time [min],10.0,339.0,88.16,7053.0,80,329.0
2026-05-19T10:01:45.651010100Z,TaxiAlgorithmP2PCollector,2,100,6,80,1,nearest,1,4,0,true,page-rank,page-rank,BASELINE,1,116264426,Calculation Time [millis],0.0,1.0,0.03,109.0,4069,1.0
2026-05-19T10:01:45.651010100Z,TaxiAlgorithmP2PCollector,2,100,6,80,1,nearest,1,4,0,true,page-rank,page-rank,BASELINE,1,116264426,Custom Time [micros],0.0,0.0,0.0,0.0,4069,0.0
2026-05-19T10:01:45.837011400Z,TaxiAlgorithmP2PCollector,2,100,6,80,1,nearest,1,4,0,true,page-rank,page-rank,BASELINE,2,116264427,Taxi Travel Distance [km],48.29,53.25,50.92,305.52,6,4.960000000000001
2026-05-19T10:01:45.837011400Z,TaxiAlgorithmP2PCollector,2,100,6,80,1,nearest,1,4,0,true,page-rank,page-rank,BASELINE,2,116264427,Client Waiting Time [min],0.03,5.85,1.46,106.45,73,5.819999999999999
2026-05-19T10:01:45.837011400Z,TaxiAlgorithmP2PCollector,2,100,6,80,1,nearest,1,4,0,true,page-rank,page-rank,BASELINE,2,116264427,Client Travel Time [min],13.0,510.0,111.2,8896.0,80,497.0
2026-05-19T10:01:45.837011400Z,TaxiAlgorithmP2PCollector,2,100,6,80,1,nearest,1,4,0,true,page-rank,page-rank,BASELINE,2,116264427,Calculation Time [millis],0.0,0.0,0.03,107.0,4052,0.0
2026-05-19T10:01:45.837011400Z,TaxiAlgorithmP2PCollector,2,100,6,80,1,nearest,1,4,0,true,page-rank,page-rank,BASELINE,2,116264427,Custom Time [micros],0.0,0.0,0.0,0.0,4052,0.0
2026-05-19T10:01:46.008010900Z,TaxiAlgorithmP2PCollector,2,100,6,80,1,nearest,1,4,0,true,page-rank,page-rank,BASELINE,3,116264428,Taxi Travel Distance [km],40.04,47.98,43.34,260.07,6,7.939999999999998
2026-05-19T10:01:46.008010900Z,TaxiAlgorithmP2PCollector,2,100,6,80,1,nearest,1,4,0,true,page-rank,page-rank,BASELINE,3,116264428,Client Waiting Time [min],0.03,4.48,1.11,87.32,79,4.45
2026-05-19T10:01:46.008010900Z,TaxiAlgorithmP2PCollector,2,100,6,80,1,nearest,1,4,0,true,page-rank,page-rank,BASELINE,3,116264428,Client Travel Time [min],12.0,289.0,89.68,7174.0,80,277.0
2026-05-19T10:01:46.008010900Z,TaxiAlgorithmP2PCollector,2,100,6,80,1,nearest,1,4,0,true,page-rank,page-rank,BASELINE,3,116264428,Calculation Time [millis],0.0,0.0,0.02,96.0,3979,0.0
2026-05-19T10:01:46.008010900Z,TaxiAlgorithmP2PCollector,2,100,6,80,1,nearest,1,4,0,true,page-rank,page-rank,BASELINE,3,116264428,Custom Time [micros],0.0,0.0,0.0,0.0,3979,0.0
2026-05-19T10:01:46.194009600Z,TaxiAlgorithmP2PCollector,2,100,6,80,1,nearest,1,4,0,true,page-rank,page-rank,BASELINE,4,116264429,Taxi Travel Distance [km],43.82,51.96,48.26,289.55,6,8.14
2026-05-19T10:01:46.194009600Z,TaxiAlgorithmP2PCollector,2,100,6,80,1,nearest,1,4,0,true,page-rank,page-rank,BASELINE,4,116264429,Client Waiting Time [min],0.03,5.13,1.42,106.75,75,5.1
2026-05-19T10:01:46.194009600Z,TaxiAlgorithmP2PCollector,2,100,6,80,1,nearest,1,4,0,true,page-rank,page-rank,BASELINE,4,116264429,Client Travel Time [min],11.0,336.0,105.59,8447.0,80,325.0
2026-05-19T10:01:46.194009600Z,TaxiAlgorithmP2PCollector,2,100,6,80,1,nearest,1,4,0,true,page-rank,page-rank,BASELINE,4,116264429,Calculation Time [millis],0.0,1.0,0.02,99.0,4053,1.0
2026-05-19T10:01:46.194009600Z,TaxiAlgorithmP2PCollector,2,100,6,80,1,nearest,1,4,0,true,page-rank,page-rank,BASELINE,4,116264429,Custom Time [micros],0.0,0.0,0.0,0.0,4053,0.0
2026-05-19T10:01:46.364009800Z,TaxiAlgorithmP2PCollector,2,100,6,80,1,nearest,1,4,0,true,page-rank,page-rank,BASELINE,5,116264430,Taxi Travel Distance [km],40.3,49.72,45.11,270.65,6,9.420000000000002
2026-05-19T10:01:46.364009800Z,TaxiAlgorithmP2PCollector,2,100,6,80,1,nearest,1,4,0,true,page-rank,page-rank,BASELINE,5,116264430,Client Waiting Time [min],0.03,5.98,1.25,94.82,76,5.95
2026-05-19T10:01:46.364009800Z,TaxiAlgorithmP2PCollector,2,100,6,80,1,nearest,1,4,0,true,page-rank,page-rank,BASELINE,5,116264430,Client Travel Time [min],10.0,379.0,98.15,7852.0,80,369.0
2026-05-19T10:01:46.364009800Z,TaxiAlgorithmP2PCollector,2,100,6,80,1,nearest,1,4,0,true,page-rank,page-rank,BASELINE,5,116264430,Calculation Time [millis],0.0,1.0,0.02,90.0,4151,1.0
2026-05-19T10:01:46.364009800Z,TaxiAlgorithmP2PCollector,2,100,6,80,1,nearest,1,4,0,true,page-rank,page-rank,BASELINE,5,116264430,Custom Time [micros],0.0,0.0,0.0,0.0,4151,0.0
2026-05-19T10:01:46.521025100Z,TaxiAlgorithmP2PCollector,2,100,6,80,1,nearest,1,4,0,true,page-rank,page-rank,BASELINE,6,116264431,Taxi Travel Distance [km],46.26,52.56,49.18,295.08,6,6.300000000000004
2026-05-19T10:01:46.521025100Z,TaxiAlgorithmP2PCollector,2,100,6,80,1,nearest,1,4,0,true,page-rank,page-rank,BASELINE,6,116264431,Client Waiting Time [min],0.03,6.52,1.14,88.0,77,6.489999999999999
2026-05-19T10:01:46.521025100Z,TaxiAlgorithmP2PCollector,2,100,6,80,1,nearest,1,4,0,true,page-rank,page-rank,BASELINE,6,116264431,Client Travel Time [min],13.0,408.0,87.34,6987.0,80,395.0
2026-05-19T10:01:46.521025100Z,TaxiAlgorithmP2PCollector,2,100,6,80,1,nearest,1,4,0,true,page-rank,page-rank,BASELINE,6,116264431,Calculation Time [millis],0.0,1.0,0.02,96.0,4323,1.0
2026-05-19T10:01:46.521025100Z,TaxiAlgorithmP2PCollector,2,100,6,80,1,nearest,1,4,0,true,page-rank,page-rank,BASELINE,6,116264431,Custom Time [micros],0.0,0.0,0.0,0.0,4323,0.0
2026-05-19T10:01:46.707064900Z,TaxiAlgorithmP2PCollector,2,100,6,80,1,nearest,1,4,0,true,page-rank,page-rank,BASELINE,7,116264432,Taxi Travel Distance [km],48.48,52.88,50.91,305.48,6,4.400000000000006
2026-05-19T10:01:46.707064900Z,TaxiAlgorithmP2PCollector,2,100,6,80,1,nearest,1,4,0,true,page-rank,page-rank,BASELINE,7,116264432,Client Waiting Time [min],0.03,6.08,1.36,103.5,76,6.05
2026-05-19T10:01:46.707064900Z,TaxiAlgorithmP2PCollector,2,100,6,80,1,nearest,1,4,0,true,page-rank,page-rank,BASELINE,7,116264432,Client Travel Time [min],10.0,383.0,101.64,8131.0,80,373.0
2026-05-19T10:01:46.707064900Z,TaxiAlgorithmP2PCollector,2,100,6,80,1,nearest,1,4,0,true,page-rank,page-rank,BASELINE,7,116264432,Calculation Time [millis],0.0,0.0,0.03,109.0,4176,0.0
2026-05-19T10:01:46.707064900Z,TaxiAlgorithmP2PCollector,2,100,6,80,1,nearest,1,4,0,true,page-rank,page-rank,BASELINE,7,116264432,Custom Time [micros],0.0,0.0,0.0,0.0,4176,0.0
2026-05-19T10:01:46.864062800Z,TaxiAlgorithmP2PCollector,2,100,6,80,1,nearest,1,4,0,true,page-rank,page-rank,BASELINE,8,116264433,Taxi Travel Distance [km],47.32,53.53,50.91,305.48,6,6.210000000000001
2026-05-19T10:01:46.864062800Z,TaxiAlgorithmP2PCollector,2,100,6,80,1,nearest,1,4,0,true,page-rank,page-rank,BASELINE,8,116264433,Client Waiting Time [min],0.05,5.2,1.49,116.52,78,5.15
2026-05-19T10:01:46.864062800Z,TaxiAlgorithmP2PCollector,2,100,6,80,1,nearest,1,4,0,true,page-rank,page-rank,BASELINE,8,116264433,Client Travel Time [min],11.0,325.0,111.36,8909.0,80,314.0
2026-05-19T10:01:46.864062800Z,TaxiAlgorithmP2PCollector,2,100,6,80,1,nearest,1,4,0,true,page-rank,page-rank,BASELINE,8,116264433,Calculation Time [millis],0.0,1.0,0.02,102.0,4197,1.0
2026-05-19T10:01:46.864062800Z,TaxiAlgorithmP2PCollector,2,100,6,80,1,nearest,1,4,0,true,page-rank,page-rank,BASELINE,8,116264433,Custom Time [micros],0.0,0.0,0.0,0.0,4197,0.0
2026-05-19T10:01:47.020586400Z,TaxiAlgorithmP2PCollector,2,100,6,80,1,nearest,1,4,0,true,page-rank,page-rank,BASELINE,9,116264434,Taxi Travel Distance [km],43.23,51.25,47.67,286.04,6,8.020000000000003
2026-05-19T10:01:47.020586400Z,TaxiAlgorithmP2PCollector,2,100,6,80,1,nearest,1,4,0,true,page-rank,page-rank,BASELINE,9,116264434,Client Waiting Time [min],0.05,7.92,1.14,88.0,77,7.87
2026-05-19T10:01:47.020586400Z,TaxiAlgorithmP2PCollector,2,100,6,80,1,nearest,1,4,0,true,page-rank,page-rank,BASELINE,9,116264434,Client Travel Time [min],8.0,480.0,94.44,7555.0,80,472.0
2026-05-19T10:01:47.020586400Z,TaxiAlgorithmP2PCollector,2,100,6,80,1,nearest,1,4,0,true,page-rank,page-rank,BASELINE,9,116264434,Calculation Time [millis],0.0,1.0,0.03,103.0,4106,1.0
2026-05-19T10:01:47.020586400Z,TaxiAlgorithmP2PCollector,2,100,6,80,1,nearest,1,4,0,true,page-rank,page-rank,BASELINE,9,116264434,Custom Time [micros],0.0,0.0,0.0,0.0,4106,0.0
2026-05-19T10:01:47.191629900Z,TaxiAlgorithmP2PCollector,2,100,6,80,1,nearest,1,4,0,true,page-rank,page-rank,BASELINE,10,116264435,Taxi Travel Distance [km],41.62,53.27,47.63,285.81,6,11.650000000000006
2026-05-19T10:01:47.191629900Z,TaxiAlgorithmP2PCollector,2,100,6,80,1,nearest,1,4,0,true,page-rank,page-rank,BASELINE,10,116264435,Client Waiting Time [min],0.05,5.55,1.29,100.33,78,5.5
2026-05-19T10:01:47.191629900Z,TaxiAlgorithmP2PCollector,2,100,6,80,1,nearest,1,4,0,true,page-rank,page-rank,BASELINE,10,116264435,Client Travel Time [min],14.0,346.0,97.01,7761.0,80,332.0
2026-05-19T10:01:47.191629900Z,TaxiAlgorithmP2PCollector,2,100,6,80,1,nearest,1,4,0,true,page-rank,page-rank,BASELINE,10,116264435,Calculation Time [millis],0.0,1.0,0.02,101.0,4082,1.0
2026-05-19T10:01:47.191629900Z,TaxiAlgorithmP2PCollector,2,100,6,80,1,nearest,1,4,0,true,page-rank,page-rank,BASELINE,10,116264435,Custom Time [micros],0.0,0.0,0.0,0.0,4082,0.0
2026-05-19T10:01:47.300148400Z,TaxiAlgorithmP2PCollector,2,100,6,80,1,nearest,1,4,0,true,page-rank,page-rank,RUSH_HOUR,1,116264426,Taxi Travel Distance [km],1.56,11.2,5.38,32.27,6,9.639999999999999
2026-05-19T10:01:47.300148400Z,TaxiAlgorithmP2PCollector,2,100,6,80,1,nearest,1,4,0,true,page-rank,page-rank,RUSH_HOUR,1,116264426,Client Waiting Time [min],0.08,11.23,3.26,143.47,44,11.15
2026-05-19T10:01:47.300148400Z,TaxiAlgorithmP2PCollector,2,100,6,80,1,nearest,1,4,0,true,page-rank,page-rank,RUSH_HOUR,1,116264426,Client Travel Time [min],18.0,792.0,275.33,22026.0,80,774.0
2026-05-19T10:01:47.300148400Z,TaxiAlgorithmP2PCollector,2,100,6,80,1,nearest,1,4,0,true,page-rank,page-rank,RUSH_HOUR,1,116264426,Calculation Time [millis],0.0,0.0,0.01,37.0,4232,0.0
2026-05-19T10:01:47.300148400Z,TaxiAlgorithmP2PCollector,2,100,6,80,1,nearest,1,4,0,true,page-rank,page-rank,RUSH_HOUR,1,116264426,Custom Time [micros],0.0,0.0,0.0,0.0,4232,0.0
2026-05-19T10:01:47.393660100Z,TaxiAlgorithmP2PCollector,2,100,6,80,1,nearest,1,4,0,true,page-rank,page-rank,RUSH_HOUR,2,116264427,Taxi Travel Distance [km],2.98,10.05,6.23,37.37,6,7.07
2026-05-19T10:01:47.393660100Z,TaxiAlgorithmP2PCollector,2,100,6,80,1,nearest,1,4,0,true,page-rank,page-rank,RUSH_HOUR,2,116264427,Client Waiting Time [min],0.05,8.57,2.64,129.32,49,8.52
2026-05-19T10:01:47.393660100Z,TaxiAlgorithmP2PCollector,2,100,6,80,1,nearest,1,4,0,true,page-rank,page-rank,RUSH_HOUR,2,116264427,Client Travel Time [min],16.0,793.0,232.19,18575.0,80,777.0
2026-05-19T10:01:47.393660100Z,TaxiAlgorithmP2PCollector,2,100,6,80,1,nearest,1,4,0,true,page-rank,page-rank,RUSH_HOUR,2,116264427,Calculation Time [millis],0.0,1.0,0.01,39.0,4010,1.0
2026-05-19T10:01:47.393660100Z,TaxiAlgorithmP2PCollector,2,100,6,80,1,nearest,1,4,0,true,page-rank,page-rank,RUSH_HOUR,2,116264427,Custom Time [micros],0.0,0.0,0.0,0.0,4010,0.0
2026-05-19T10:01:47.503178200Z,TaxiAlgorithmP2PCollector,2,100,6,80,1,nearest,1,4,0,true,page-rank,page-rank,RUSH_HOUR,3,116264428,Taxi Travel Distance [km],1.24,8.9,4.95,29.68,6,7.66
2026-05-19T10:01:47.503178200Z,TaxiAlgorithmP2PCollector,2,100,6,80,1,nearest,1,4,0,true,page-rank,page-rank,RUSH_HOUR,3,116264428,Client Waiting Time [min],0.1,15.23,4.8,211.33,44,15.13
2026-05-19T10:01:47.503178200Z,TaxiAlgorithmP2PCollector,2,100,6,80,1,nearest,1,4,0,true,page-rank,page-rank,RUSH_HOUR,3,116264428,Client Travel Time [min],38.0,951.0,350.0,28000.0,80,913.0
2026-05-19T10:01:47.503178200Z,TaxiAlgorithmP2PCollector,2,100,6,80,1,nearest,1,4,0,true,page-rank,page-rank,RUSH_HOUR,3,116264428,Calculation Time [millis],0.0,0.0,0.01,39.0,4242,0.0
2026-05-19T10:01:47.503178200Z,TaxiAlgorithmP2PCollector,2,100,6,80,1,nearest,1,4,0,true,page-rank,page-rank,RUSH_HOUR,3,116264428,Custom Time [micros],0.0,0.0,0.0,0.0,4242,0.0
2026-05-19T10:01:47.613695700Z,TaxiAlgorithmP2PCollector,2,100,6,80,1,nearest,1,4,0,true,page-rank,page-rank,RUSH_HOUR,4,116264429,Taxi Travel Distance [km],1.28,11.0,5.08,30.47,6,9.72
2026-05-19T10:01:47.613695700Z,TaxiAlgorithmP2PCollector,2,100,6,80,1,nearest,1,4,0,true,page-rank,page-rank,RUSH_HOUR,4,116264429,Client Waiting Time [min],0.07,10.35,3.36,134.38,40,10.28
2026-05-19T10:01:47.613695700Z,TaxiAlgorithmP2PCollector,2,100,6,80,1,nearest,1,4,0,true,page-rank,page-rank,RUSH_HOUR,4,116264429,Client Travel Time [min],24.0,825.0,294.24,23539.0,80,801.0
2026-05-19T10:01:47.613695700Z,TaxiAlgorithmP2PCollector,2,100,6,80,1,nearest,1,4,0,true,page-rank,page-rank,RUSH_HOUR,4,116264429,Calculation Time [millis],0.0,0.0,0.01,34.0,4138,0.0
2026-05-19T10:01:47.613695700Z,TaxiAlgorithmP2PCollector,2,100,6,80,1,nearest,1,4,0,true,page-rank,page-rank,RUSH_HOUR,4,116264429,Custom Time [micros],0.0,0.0,0.0,0.0,4138,0.0
2026-05-19T10:01:47.709208600Z,TaxiAlgorithmP2PCollector,2,100,6,80,1,nearest,1,4,0,true,page-rank,page-rank,RUSH_HOUR,5,116264430,Taxi Travel Distance [km],1.37,10.5,5.26,31.56,6,9.129999999999999
2026-05-19T10:01:47.709208600Z,TaxiAlgorithmP2PCollector,2,100,6,80,1,nearest,1,4,0,true,page-rank,page-rank,RUSH_HOUR,5,116264430,Client Waiting Time [min],0.03,12.45,3.91,203.3,52,12.42
2026-05-19T10:01:47.709208600Z,TaxiAlgorithmP2PCollector,2,100,6,80,1,nearest,1,4,0,true,page-rank,page-rank,RUSH_HOUR,5,116264430,Client Travel Time [min],11.0,905.0,308.89,24711.0,80,894.0
2026-05-19T10:01:47.709208600Z,TaxiAlgorithmP2PCollector,2,100,6,80,1,nearest,1,4,0,true,page-rank,page-rank,RUSH_HOUR,5,116264430,Calculation Time [millis],0.0,0.0,0.01,39.0,4360,0.0
2026-05-19T10:01:47.709208600Z,TaxiAlgorithmP2PCollector,2,100,6,80,1,nearest,1,4,0,true,page-rank,page-rank,RUSH_HOUR,5,116264430,Custom Time [micros],0.0,0.0,0.0,0.0,4360,0.0
2026-05-19T10:01:47.803209400Z,TaxiAlgorithmP2PCollector,2,100,6,80,1,nearest,1,4,0,true,page-rank,page-rank,RUSH_HOUR,6,116264431,Taxi Travel Distance [km],2.09,7.59,3.95,23.69,6,5.5
2026-05-19T10:01:47.803209400Z,TaxiAlgorithmP2PCollector,2,100,6,80,1,nearest,1,4,0,true,page-rank,page-rank,RUSH_HOUR,6,116264431,Client Waiting Time [min],0.07,9.48,3.86,142.72,37,9.41
2026-05-19T10:01:47.803209400Z,TaxiAlgorithmP2PCollector,2,100,6,80,1,nearest,1,4,0,true,page-rank,page-rank,RUSH_HOUR,6,116264431,Client Travel Time [min],17.0,829.0,336.15,26892.0,80,812.0
2026-05-19T10:01:47.803209400Z,TaxiAlgorithmP2PCollector,2,100,6,80,1,nearest,1,4,0,true,page-rank,page-rank,RUSH_HOUR,6,116264431,Calculation Time [millis],0.0,0.0,0.01,35.0,4043,0.0
2026-05-19T10:01:47.803209400Z,TaxiAlgorithmP2PCollector,2,100,6,80,1,nearest,1,4,0,true,page-rank,page-rank,RUSH_HOUR,6,116264431,Custom Time [micros],0.0,0.0,0.0,0.0,4043,0.0
2026-05-19T10:01:47.911210400Z,TaxiAlgorithmP2PCollector,2,100,6,80,1,nearest,1,4,0,true,page-rank,page-rank,RUSH_HOUR,7,116264432,Taxi Travel Distance [km],1.94,9.79,5.44,32.62,6,7.85
2026-05-19T10:01:47.911210400Z,TaxiAlgorithmP2PCollector,2,100,6,80,1,nearest,1,4,0,true,page-rank,page-rank,RUSH_HOUR,7,116264432,Client Waiting Time [min],0.03,10.8,4.05,182.43,45,10.770000000000001
2026-05-19T10:01:47.911210400Z,TaxiAlgorithmP2PCollector,2,100,6,80,1,nearest,1,4,0,true,page-rank,page-rank,RUSH_HOUR,7,116264432,Client Travel Time [min],25.0,669.0,292.56,23405.0,80,644.0
2026-05-19T10:01:47.911210400Z,TaxiAlgorithmP2PCollector,2,100,6,80,1,nearest,1,4,0,true,page-rank,page-rank,RUSH_HOUR,7,116264432,Calculation Time [millis],0.0,0.0,0.01,37.0,3967,0.0
2026-05-19T10:01:47.911210400Z,TaxiAlgorithmP2PCollector,2,100,6,80,1,nearest,1,4,0,true,page-rank,page-rank,RUSH_HOUR,7,116264432,Custom Time [micros],0.0,0.0,0.0,0.0,3967,0.0
2026-05-19T10:01:48.019207100Z,TaxiAlgorithmP2PCollector,2,100,6,80,1,nearest,1,4,0,true,page-rank,page-rank,RUSH_HOUR,8,116264433,Taxi Travel Distance [km],1.65,10.32,4.86,29.15,6,8.67
2026-05-19T10:01:48.019207100Z,TaxiAlgorithmP2PCollector,2,100,6,80,1,nearest,1,4,0,true,page-rank,page-rank,RUSH_HOUR,8,116264433,Client Waiting Time [min],0.07,9.63,3.71,144.77,39,9.56
2026-05-19T10:01:48.019207100Z,TaxiAlgorithmP2PCollector,2,100,6,80,1,nearest,1,4,0,true,page-rank,page-rank,RUSH_HOUR,8,116264433,Client Travel Time [min],8.0,917.0,341.88,27350.0,80,909.0
2026-05-19T10:01:48.019207100Z,TaxiAlgorithmP2PCollector,2,100,6,80,1,nearest,1,4,0,true,page-rank,page-rank,RUSH_HOUR,8,116264433,Calculation Time [millis],0.0,0.0,0.01,43.0,4478,0.0
2026-05-19T10:01:48.019207100Z,TaxiAlgorithmP2PCollector,2,100,6,80,1,nearest,1,4,0,true,page-rank,page-rank,RUSH_HOUR,8,116264433,Custom Time [micros],0.0,0.0,0.0,0.0,4478,0.0
2026-05-19T10:01:48.126208700Z,TaxiAlgorithmP2PCollector,2,100,6,80,1,nearest,1,4,0,true,page-rank,page-rank,RUSH_HOUR,9,116264434,Taxi Travel Distance [km],1.43,8.94,3.5,20.98,6,7.51
2026-05-19T10:01:48.126208700Z,TaxiAlgorithmP2PCollector,2,100,6,80,1,nearest,1,4,0,true,page-rank,page-rank,RUSH_HOUR,9,116264434,Client Waiting Time [min],0.08,12.82,3.69,121.68,33,12.74
2026-05-19T10:01:48.126208700Z,TaxiAlgorithmP2PCollector,2,100,6,80,1,nearest,1,4,0,true,page-rank,page-rank,RUSH_HOUR,9,116264434,Client Travel Time [min],20.0,869.0,319.46,25557.0,80,849.0
2026-05-19T10:01:48.126208700Z,TaxiAlgorithmP2PCollector,2,100,6,80,1,nearest,1,4,0,true,page-rank,page-rank,RUSH_HOUR,9,116264434,Calculation Time [millis],0.0,0.0,0.01,38.0,4716,0.0
2026-05-19T10:01:48.126208700Z,TaxiAlgorithmP2PCollector,2,100,6,80,1,nearest,1,4,0,true,page-rank,page-rank,RUSH_HOUR,9,116264434,Custom Time [micros],0.0,0.0,0.0,0.0,4716,0.0
2026-05-19T10:01:48.220208500Z,TaxiAlgorithmP2PCollector,2,100,6,80,1,nearest,1,4,0,true,page-rank,page-rank,RUSH_HOUR,10,116264435,Taxi Travel Distance [km],3.2,5.5,4.46,26.73,6,2.3
2026-05-19T10:01:48.220208500Z,TaxiAlgorithmP2PCollector,2,100,6,80,1,nearest,1,4,0,true,page-rank,page-rank,RUSH_HOUR,10,116264435,Client Waiting Time [min],0.05,9.37,3.17,142.82,45,9.319999999999999
2026-05-19T10:01:48.220208500Z,TaxiAlgorithmP2PCollector,2,100,6,80,1,nearest,1,4,0,true,page-rank,page-rank,RUSH_HOUR,10,116264435,Client Travel Time [min],6.0,823.0,265.04,21203.0,80,817.0
2026-05-19T10:01:48.220208500Z,TaxiAlgorithmP2PCollector,2,100,6,80,1,nearest,1,4,0,true,page-rank,page-rank,RUSH_HOUR,10,116264435,Calculation Time [millis],0.0,0.0,0.01,34.0,3952,0.0
2026-05-19T10:01:48.220208500Z,TaxiAlgorithmP2PCollector,2,100,6,80,1,nearest,1,4,0,true,page-rank,page-rank,RUSH_HOUR,10,116264435,Custom Time [micros],0.0,0.0,0.0,0.0,3952,0.0
2026-05-19T10:01:48.331207400Z,TaxiAlgorithmP2PCollector,2,100,6,80,1,nearest,1,4,0,true,page-rank,page-rank,SPATIAL_IMBALANCE,1,116264426,Taxi Travel Distance [km],1.04,14.1,7.55,45.31,6,13.059999999999999
2026-05-19T10:01:48.331207400Z,TaxiAlgorithmP2PCollector,2,100,6,80,1,nearest,1,4,0,true,page-rank,page-rank,SPATIAL_IMBALANCE,1,116264426,Client Waiting Time [min],0.05,8.27,1.41,87.68,62,8.219999999999999
2026-05-19T10:01:48.331207400Z,TaxiAlgorithmP2PCollector,2,100,6,80,1,nearest,1,4,0,true,page-rank,page-rank,SPATIAL_IMBALANCE,1,116264426,Client Travel Time [min],6.0,800.0,168.24,13459.0,80,794.0
2026-05-19T10:01:48.331207400Z,TaxiAlgorithmP2PCollector,2,100,6,80,1,nearest,1,4,0,true,page-rank,page-rank,SPATIAL_IMBALANCE,1,116264426,Calculation Time [millis],0.0,0.0,0.01,40.0,3991,0.0
2026-05-19T10:01:48.331207400Z,TaxiAlgorithmP2PCollector,2,100,6,80,1,nearest,1,4,0,true,page-rank,page-rank,SPATIAL_IMBALANCE,1,116264426,Custom Time [micros],0.0,0.0,0.0,0.0,3991,0.0
2026-05-19T10:01:48.423206900Z,TaxiAlgorithmP2PCollector,2,100,6,80,1,nearest,1,4,0,true,page-rank,page-rank,SPATIAL_IMBALANCE,2,116264427,Taxi Travel Distance [km],1.3,12.59,5.59,33.55,6,11.29
2026-05-19T10:01:48.423206900Z,TaxiAlgorithmP2PCollector,2,100,6,80,1,nearest,1,4,0,true,page-rank,page-rank,SPATIAL_IMBALANCE,2,116264427,Client Waiting Time [min],0.03,11.48,1.63,76.83,47,11.450000000000001
2026-05-19T10:01:48.423206900Z,TaxiAlgorithmP2PCollector,2,100,6,80,1,nearest,1,4,0,true,page-rank,page-rank,SPATIAL_IMBALANCE,2,116264427,Client Travel Time [min],8.0,703.0,195.8,15664.0,80,695.0
2026-05-19T10:01:48.423206900Z,TaxiAlgorithmP2PCollector,2,100,6,80,1,nearest,1,4,0,true,page-rank,page-rank,SPATIAL_IMBALANCE,2,116264427,Calculation Time [millis],0.0,0.0,0.01,41.0,4017,0.0
2026-05-19T10:01:48.423206900Z,TaxiAlgorithmP2PCollector,2,100,6,80,1,nearest,1,4,0,true,page-rank,page-rank,SPATIAL_IMBALANCE,2,116264427,Custom Time [micros],0.0,0.0,0.0,0.0,4017,0.0
2026-05-19T10:01:48.532207Z,TaxiAlgorithmP2PCollector,2,100,6,80,1,nearest,1,4,0,true,page-rank,page-rank,SPATIAL_IMBALANCE,3,116264428,Taxi Travel Distance [km],0.93,15.54,7.76,46.54,6,14.61
2026-05-19T10:01:48.532207Z,TaxiAlgorithmP2PCollector,2,100,6,80,1,nearest,1,4,0,true,page-rank,page-rank,SPATIAL_IMBALANCE,3,116264428,Client Waiting Time [min],0.03,8.08,1.55,86.62,56,8.05
2026-05-19T10:01:48.532207Z,TaxiAlgorithmP2PCollector,2,100,6,80,1,nearest,1,4,0,true,page-rank,page-rank,SPATIAL_IMBALANCE,3,116264428,Client Travel Time [min],10.0,975.0,214.64,17171.0,80,965.0
2026-05-19T10:01:48.532207Z,TaxiAlgorithmP2PCollector,2,100,6,80,1,nearest,1,4,0,true,page-rank,page-rank,SPATIAL_IMBALANCE,3,116264428,Calculation Time [millis],0.0,1.0,0.01,40.0,4054,1.0
2026-05-19T10:01:48.532207Z,TaxiAlgorithmP2PCollector,2,100,6,80,1,nearest,1,4,0,true,page-rank,page-rank,SPATIAL_IMBALANCE,3,116264428,Custom Time [micros],0.0,0.0,0.0,0.0,4054,0.0
2026-05-19T10:01:48.640208700Z,TaxiAlgorithmP2PCollector,2,100,6,80,1,nearest,1,4,0,true,page-rank,page-rank,SPATIAL_IMBALANCE,4,116264429,Taxi Travel Distance [km],1.67,12.74,6.79,40.77,6,11.07
2026-05-19T10:01:48.640208700Z,TaxiAlgorithmP2PCollector,2,100,6,80,1,nearest,1,4,0,true,page-rank,page-rank,SPATIAL_IMBALANCE,4,116264429,Client Waiting Time [min],0.03,10.37,1.26,69.45,55,10.34
2026-05-19T10:01:48.640208700Z,TaxiAlgorithmP2PCollector,2,100,6,80,1,nearest,1,4,0,true,page-rank,page-rank,SPATIAL_IMBALANCE,4,116264429,Client Travel Time [min],10.0,768.0,183.05,14644.0,80,758.0
2026-05-19T10:01:48.640208700Z,TaxiAlgorithmP2PCollector,2,100,6,80,1,nearest,1,4,0,true,page-rank,page-rank,SPATIAL_IMBALANCE,4,116264429,Calculation Time [millis],0.0,0.0,0.01,40.0,4389,0.0
2026-05-19T10:01:48.640208700Z,TaxiAlgorithmP2PCollector,2,100,6,80,1,nearest,1,4,0,true,page-rank,page-rank,SPATIAL_IMBALANCE,4,116264429,Custom Time [micros],0.0,0.0,0.0,0.0,4389,0.0
2026-05-19T10:01:48.749206900Z,TaxiAlgorithmP2PCollector,2,100,6,80,1,nearest,1,4,0,true,page-rank,page-rank,SPATIAL_IMBALANCE,5,116264430,Taxi Travel Distance [km],0.52,17.78,6.84,41.02,6,17.26
2026-05-19T10:01:48.749206900Z,TaxiAlgorithmP2PCollector,2,100,6,80,1,nearest,1,4,0,true,page-rank,page-rank,SPATIAL_IMBALANCE,5,116264430,Client Waiting Time [min],0.05,8.82,1.55,87.07,56,8.77
2026-05-19T10:01:48.749206900Z,TaxiAlgorithmP2PCollector,2,100,6,80,1,nearest,1,4,0,true,page-rank,page-rank,SPATIAL_IMBALANCE,5,116264430,Client Travel Time [min],8.0,805.0,182.45,14596.0,80,797.0
2026-05-19T10:01:48.749206900Z,TaxiAlgorithmP2PCollector,2,100,6,80,1,nearest,1,4,0,true,page-rank,page-rank,SPATIAL_IMBALANCE,5,116264430,Calculation Time [millis],0.0,1.0,0.01,39.0,4116,1.0
2026-05-19T10:01:48.749206900Z,TaxiAlgorithmP2PCollector,2,100,6,80,1,nearest,1,4,0,true,page-rank,page-rank,SPATIAL_IMBALANCE,5,116264430,Custom Time [micros],0.0,0.0,0.0,0.0,4116,0.0
2026-05-19T10:01:48.842209100Z,TaxiAlgorithmP2PCollector,2,100,6,80,1,nearest,1,4,0,true,page-rank,page-rank,SPATIAL_IMBALANCE,6,116264431,Taxi Travel Distance [km],1.75,15.02,6.38,38.28,6,13.27
2026-05-19T10:01:48.842209100Z,TaxiAlgorithmP2PCollector,2,100,6,80,1,nearest,1,4,0,true,page-rank,page-rank,SPATIAL_IMBALANCE,6,116264431,Client Waiting Time [min],0.05,9.7,2.16,110.38,51,9.649999999999999
2026-05-19T10:01:48.842209100Z,TaxiAlgorithmP2PCollector,2,100,6,80,1,nearest,1,4,0,true,page-rank,page-rank,SPATIAL_IMBALANCE,6,116264431,Client Travel Time [min],10.0,761.0,213.56,17085.0,80,751.0
2026-05-19T10:01:48.842209100Z,TaxiAlgorithmP2PCollector,2,100,6,80,1,nearest,1,4,0,true,page-rank,page-rank,SPATIAL_IMBALANCE,6,116264431,Calculation Time [millis],0.0,0.0,0.01,39.0,4181,0.0
2026-05-19T10:01:48.842209100Z,TaxiAlgorithmP2PCollector,2,100,6,80,1,nearest,1,4,0,true,page-rank,page-rank,SPATIAL_IMBALANCE,6,116264431,Custom Time [micros],0.0,0.0,0.0,0.0,4181,0.0
2026-05-19T10:01:48.953319800Z,TaxiAlgorithmP2PCollector,2,100,6,80,1,nearest,1,4,0,true,page-rank,page-rank,SPATIAL_IMBALANCE,7,116264432,Taxi Travel Distance [km],2.29,12.17,6.58,39.48,6,9.879999999999999
2026-05-19T10:01:48.953319800Z,TaxiAlgorithmP2PCollector,2,100,6,80,1,nearest,1,4,0,true,page-rank,page-rank,SPATIAL_IMBALANCE,7,116264432,Client Waiting Time [min],0.03,8.52,1.49,69.88,47,8.49
2026-05-19T10:01:48.953319800Z,TaxiAlgorithmP2PCollector,2,100,6,80,1,nearest,1,4,0,true,page-rank,page-rank,SPATIAL_IMBALANCE,7,116264432,Client Travel Time [min],9.0,949.0,224.59,17967.0,80,940.0
2026-05-19T10:01:48.953319800Z,TaxiAlgorithmP2PCollector,2,100,6,80,1,nearest,1,4,0,true,page-rank,page-rank,SPATIAL_IMBALANCE,7,116264432,Calculation Time [millis],0.0,0.0,0.01,38.0,4378,0.0
2026-05-19T10:01:48.953319800Z,TaxiAlgorithmP2PCollector,2,100,6,80,1,nearest,1,4,0,true,page-rank,page-rank,SPATIAL_IMBALANCE,7,116264432,Custom Time [micros],0.0,0.0,0.0,0.0,4378,0.0
2026-05-19T10:01:49.061207Z,TaxiAlgorithmP2PCollector,2,100,6,80,1,nearest,1,4,0,true,page-rank,page-rank,SPATIAL_IMBALANCE,8,116264433,Taxi Travel Distance [km],1.29,16.32,7.88,47.29,6,15.030000000000001
2026-05-19T10:01:49.061207Z,TaxiAlgorithmP2PCollector,2,100,6,80,1,nearest,1,4,0,true,page-rank,page-rank,SPATIAL_IMBALANCE,8,116264433,Client Waiting Time [min],0.03,7.37,1.72,94.62,55,7.34
2026-05-19T10:01:49.061207Z,TaxiAlgorithmP2PCollector,2,100,6,80,1,nearest,1,4,0,true,page-rank,page-rank,SPATIAL_IMBALANCE,8,116264433,Client Travel Time [min],7.0,725.0,202.2,16176.0,80,718.0
2026-05-19T10:01:49.061207Z,TaxiAlgorithmP2PCollector,2,100,6,80,1,nearest,1,4,0,true,page-rank,page-rank,SPATIAL_IMBALANCE,8,116264433,Calculation Time [millis],0.0,1.0,0.01,44.0,4683,1.0
2026-05-19T10:01:49.061207Z,TaxiAlgorithmP2PCollector,2,100,6,80,1,nearest,1,4,0,true,page-rank,page-rank,SPATIAL_IMBALANCE,8,116264433,Custom Time [micros],0.0,0.0,0.0,0.0,4683,0.0
2026-05-19T10:01:49.170210600Z,TaxiAlgorithmP2PCollector,2,100,6,80,1,nearest,1,4,0,true,page-rank,page-rank,SPATIAL_IMBALANCE,9,116264434,Taxi Travel Distance [km],2.4,13.99,7.23,43.38,6,11.59
2026-05-19T10:01:49.170210600Z,TaxiAlgorithmP2PCollector,2,100,6,80,1,nearest,1,4,0,true,page-rank,page-rank,SPATIAL_IMBALANCE,9,116264434,Client Waiting Time [min],0.03,7.53,1.54,83.23,54,7.5
2026-05-19T10:01:49.170210600Z,TaxiAlgorithmP2PCollector,2,100,6,80,1,nearest,1,4,0,true,page-rank,page-rank,SPATIAL_IMBALANCE,9,116264434,Client Travel Time [min],14.0,605.0,159.28,12742.0,80,591.0
2026-05-19T10:01:49.170210600Z,TaxiAlgorithmP2PCollector,2,100,6,80,1,nearest,1,4,0,true,page-rank,page-rank,SPATIAL_IMBALANCE,9,116264434,Calculation Time [millis],0.0,0.0,0.01,39.0,4343,0.0
2026-05-19T10:01:49.170210600Z,TaxiAlgorithmP2PCollector,2,100,6,80,1,nearest,1,4,0,true,page-rank,page-rank,SPATIAL_IMBALANCE,9,116264434,Custom Time [micros],0.0,0.0,0.0,0.0,4343,0.0
2026-05-19T10:01:49.263207600Z,TaxiAlgorithmP2PCollector,2,100,6,80,1,nearest,1,4,0,true,page-rank,page-rank,SPATIAL_IMBALANCE,10,116264435,Taxi Travel Distance [km],2.6,10.59,5.97,35.8,6,7.99
2026-05-19T10:01:49.263207600Z,TaxiAlgorithmP2PCollector,2,100,6,80,1,nearest,1,4,0,true,page-rank,page-rank,SPATIAL_IMBALANCE,10,116264435,Client Waiting Time [min],0.07,8.08,1.33,67.98,51,8.01
2026-05-19T10:01:49.263207600Z,TaxiAlgorithmP2PCollector,2,100,6,80,1,nearest,1,4,0,true,page-rank,page-rank,SPATIAL_IMBALANCE,10,116264435,Client Travel Time [min],11.0,910.0,191.03,15282.0,80,899.0
2026-05-19T10:01:49.263207600Z,TaxiAlgorithmP2PCollector,2,100,6,80,1,nearest,1,4,0,true,page-rank,page-rank,SPATIAL_IMBALANCE,10,116264435,Calculation Time [millis],0.0,1.0,0.01,38.0,4036,1.0
2026-05-19T10:01:49.263207600Z,TaxiAlgorithmP2PCollector,2,100,6,80,1,nearest,1,4,0,true,page-rank,page-rank,SPATIAL_IMBALANCE,10,116264435,Custom Time [micros],0.0,0.0,0.0,0.0,4036,0.0
2026-05-19T10:01:49.373209800Z,TaxiAlgorithmP2PCollector,2,100,6,80,1,nearest,1,4,0,true,page-rank,page-rank,SPATIAL_ISLANDS,1,116264426,Taxi Travel Distance [km],5.97,8.52,7.42,44.54,6,2.55
2026-05-19T10:01:49.373209800Z,TaxiAlgorithmP2PCollector,2,100,6,80,1,nearest,1,4,0,true,page-rank,page-rank,SPATIAL_ISLANDS,1,116264426,Client Waiting Time [min],0.03,8.78,0.88,53.38,61,8.75
2026-05-19T10:01:49.373209800Z,TaxiAlgorithmP2PCollector,2,100,6,80,1,nearest,1,4,0,true,page-rank,page-rank,SPATIAL_ISLANDS,1,116264426,Client Travel Time [min],8.0,713.0,151.0,12080.0,80,705.0
2026-05-19T10:01:49.373209800Z,TaxiAlgorithmP2PCollector,2,100,6,80,1,nearest,1,4,0,true,page-rank,page-rank,SPATIAL_ISLANDS,1,116264426,Calculation Time [millis],0.0,0.0,0.01,40.0,4270,0.0
2026-05-19T10:01:49.373209800Z,TaxiAlgorithmP2PCollector,2,100,6,80,1,nearest,1,4,0,true,page-rank,page-rank,SPATIAL_ISLANDS,1,116264426,Custom Time [micros],0.0,0.0,0.0,0.0,4270,0.0
2026-05-19T10:01:49.467207100Z,TaxiAlgorithmP2PCollector,2,100,6,80,1,nearest,1,4,0,true,page-rank,page-rank,SPATIAL_ISLANDS,2,116264427,Taxi Travel Distance [km],2.92,12.57,7.3,43.81,6,9.65
2026-05-19T10:01:49.467207100Z,TaxiAlgorithmP2PCollector,2,100,6,80,1,nearest,1,4,0,true,page-rank,page-rank,SPATIAL_ISLANDS,2,116264427,Client Waiting Time [min],0.03,9.3,1.35,78.12,58,9.270000000000001
2026-05-19T10:01:49.467207100Z,TaxiAlgorithmP2PCollector,2,100,6,80,1,nearest,1,4,0,true,page-rank,page-rank,SPATIAL_ISLANDS,2,116264427,Client Travel Time [min],10.0,796.0,188.83,15106.0,80,786.0
2026-05-19T10:01:49.467207100Z,TaxiAlgorithmP2PCollector,2,100,6,80,1,nearest,1,4,0,true,page-rank,page-rank,SPATIAL_ISLANDS,2,116264427,Calculation Time [millis],0.0,0.0,0.01,40.0,4685,0.0
2026-05-19T10:01:49.467207100Z,TaxiAlgorithmP2PCollector,2,100,6,80,1,nearest,1,4,0,true,page-rank,page-rank,SPATIAL_ISLANDS,2,116264427,Custom Time [micros],0.0,0.0,0.0,0.0,4685,0.0
2026-05-19T10:01:49.574207200Z,TaxiAlgorithmP2PCollector,2,100,6,80,1,nearest,1,4,0,true,page-rank,page-rank,SPATIAL_ISLANDS,3,116264428,Taxi Travel Distance [km],6.3,11.13,8.77,52.63,6,4.830000000000001
2026-05-19T10:01:49.574207200Z,TaxiAlgorithmP2PCollector,2,100,6,80,1,nearest,1,4,0,true,page-rank,page-rank,SPATIAL_ISLANDS,3,116264428,Client Waiting Time [min],0.03,9.87,0.82,53.52,65,9.84
2026-05-19T10:01:49.574207200Z,TaxiAlgorithmP2PCollector,2,100,6,80,1,nearest,1,4,0,true,page-rank,page-rank,SPATIAL_ISLANDS,3,116264428,Client Travel Time [min],10.0,676.0,133.18,10654.0,80,666.0
2026-05-19T10:01:49.574207200Z,TaxiAlgorithmP2PCollector,2,100,6,80,1,nearest,1,4,0,true,page-rank,page-rank,SPATIAL_ISLANDS,3,116264428,Calculation Time [millis],0.0,1.0,0.01,41.0,4287,1.0
2026-05-19T10:01:49.574207200Z,TaxiAlgorithmP2PCollector,2,100,6,80,1,nearest,1,4,0,true,page-rank,page-rank,SPATIAL_ISLANDS,3,116264428,Custom Time [micros],0.0,0.0,0.0,0.0,4287,0.0
2026-05-19T10:01:49.681208300Z,TaxiAlgorithmP2PCollector,2,100,6,80,1,nearest,1,4,0,true,page-rank,page-rank,SPATIAL_ISLANDS,4,116264429,Taxi Travel Distance [km],6.21,12.34,8.26,49.58,6,6.13
2026-05-19T10:01:49.681208300Z,TaxiAlgorithmP2PCollector,2,100,6,80,1,nearest,1,4,0,true,page-rank,page-rank,SPATIAL_ISLANDS,4,116264429,Client Waiting Time [min],0.03,6.58,1.07,65.03,61,6.55
2026-05-19T10:01:49.681208300Z,TaxiAlgorithmP2PCollector,2,100,6,80,1,nearest,1,4,0,true,page-rank,page-rank,SPATIAL_ISLANDS,4,116264429,Client Travel Time [min],7.0,712.0,146.81,11745.0,80,705.0
2026-05-19T10:01:49.681208300Z,TaxiAlgorithmP2PCollector,2,100,6,80,1,nearest,1,4,0,true,page-rank,page-rank,SPATIAL_ISLANDS,4,116264429,Calculation Time [millis],0.0,0.0,0.01,40.0,4197,0.0
2026-05-19T10:01:49.681208300Z,TaxiAlgorithmP2PCollector,2,100,6,80,1,nearest,1,4,0,true,page-rank,page-rank,SPATIAL_ISLANDS,4,116264429,Custom Time [micros],0.0,0.0,0.0,0.0,4197,0.0
2026-05-19T10:01:49.789208200Z,TaxiAlgorithmP2PCollector,2,100,6,80,1,nearest,1,4,0,true,page-rank,page-rank,SPATIAL_ISLANDS,5,116264430,Taxi Travel Distance [km],2.92,10.43,7.4,44.42,6,7.51
2026-05-19T10:01:49.789208200Z,TaxiAlgorithmP2PCollector,2,100,6,80,1,nearest,1,4,0,true,page-rank,page-rank,SPATIAL_ISLANDS,5,116264430,Client Waiting Time [min],0.03,10.45,1.59,100.23,63,10.42
2026-05-19T10:01:49.789208200Z,TaxiAlgorithmP2PCollector,2,100,6,80,1,nearest,1,4,0,true,page-rank,page-rank,SPATIAL_ISLANDS,5,116264430,Client Travel Time [min],8.0,767.0,165.65,13252.0,80,759.0
2026-05-19T10:01:49.789208200Z,TaxiAlgorithmP2PCollector,2,100,6,80,1,nearest,1,4,0,true,page-rank,page-rank,SPATIAL_ISLANDS,5,116264430,Calculation Time [millis],0.0,0.0,0.01,40.0,4362,0.0
2026-05-19T10:01:49.789208200Z,TaxiAlgorithmP2PCollector,2,100,6,80,1,nearest,1,4,0,true,page-rank,page-rank,SPATIAL_ISLANDS,5,116264430,Custom Time [micros],0.0,0.0,0.0,0.0,4362,0.0
2026-05-19T10:01:49.897207Z,TaxiAlgorithmP2PCollector,2,100,6,80,1,nearest,1,4,0,true,page-rank,page-rank,SPATIAL_ISLANDS,6,116264431,Taxi Travel Distance [km],4.24,14.4,6.97,41.82,6,10.16
2026-05-19T10:01:49.897207Z,TaxiAlgorithmP2PCollector,2,100,6,80,1,nearest,1,4,0,true,page-rank,page-rank,SPATIAL_ISLANDS,6,116264431,Client Waiting Time [min],0.03,9.52,0.77,39.95,52,9.49
2026-05-19T10:01:49.897207Z,TaxiAlgorithmP2PCollector,2,100,6,80,1,nearest,1,4,0,true,page-rank,page-rank,SPATIAL_ISLANDS,6,116264431,Client Travel Time [min],5.0,740.0,179.1,14328.0,80,735.0
2026-05-19T10:01:49.897207Z,TaxiAlgorithmP2PCollector,2,100,6,80,1,nearest,1,4,0,true,page-rank,page-rank,SPATIAL_ISLANDS,6,116264431,Calculation Time [millis],0.0,0.0,0.01,40.0,4388,0.0
2026-05-19T10:01:49.897207Z,TaxiAlgorithmP2PCollector,2,100,6,80,1,nearest,1,4,0,true,page-rank,page-rank,SPATIAL_ISLANDS,6,116264431,Custom Time [micros],0.0,0.0,0.0,0.0,4388,0.0
2026-05-19T10:01:50.007207500Z,TaxiAlgorithmP2PCollector,2,100,6,80,1,nearest,1,4,0,true,page-rank,page-rank,SPATIAL_ISLANDS,7,116264432,Taxi Travel Distance [km],2.04,10.42,6.7,40.22,6,8.379999999999999
2026-05-19T10:01:50.007207500Z,TaxiAlgorithmP2PCollector,2,100,6,80,1,nearest,1,4,0,true,page-rank,page-rank,SPATIAL_ISLANDS,7,116264432,Client Waiting Time [min],0.03,9.27,1.35,72.88,54,9.24
2026-05-19T10:01:50.007207500Z,TaxiAlgorithmP2PCollector,2,100,6,80,1,nearest,1,4,0,true,page-rank,page-rank,SPATIAL_ISLANDS,7,116264432,Client Travel Time [min],6.0,891.0,200.95,16076.0,80,885.0
2026-05-19T10:01:50.007207500Z,TaxiAlgorithmP2PCollector,2,100,6,80,1,nearest,1,4,0,true,page-rank,page-rank,SPATIAL_ISLANDS,7,116264432,Calculation Time [millis],0.0,0.0,0.01,40.0,4602,0.0
2026-05-19T10:01:50.007207500Z,TaxiAlgorithmP2PCollector,2,100,6,80,1,nearest,1,4,0,true,page-rank,page-rank,SPATIAL_ISLANDS,7,116264432,Custom Time [micros],0.0,0.0,0.0,0.0,4602,0.0
2026-05-19T10:01:50.116207900Z,TaxiAlgorithmP2PCollector,2,100,6,80,1,nearest,1,4,0,true,page-rank,page-rank,SPATIAL_ISLANDS,8,116264433,Taxi Travel Distance [km],3.85,16.3,8.35,50.1,6,12.450000000000001
2026-05-19T10:01:50.116207900Z,TaxiAlgorithmP2PCollector,2,100,6,80,1,nearest,1,4,0,true,page-rank,page-rank,SPATIAL_ISLANDS,8,116264433,Client Waiting Time [min],0.03,8.47,1.25,80.22,64,8.440000000000001
2026-05-19T10:01:50.116207900Z,TaxiAlgorithmP2PCollector,2,100,6,80,1,nearest,1,4,0,true,page-rank,page-rank,SPATIAL_ISLANDS,8,116264433,Client Travel Time [min],9.0,836.0,177.66,14213.0,80,827.0
2026-05-19T10:01:50.116207900Z,TaxiAlgorithmP2PCollector,2,100,6,80,1,nearest,1,4,0,true,page-rank,page-rank,SPATIAL_ISLANDS,8,116264433,Calculation Time [millis],0.0,1.0,0.01,42.0,4076,1.0
2026-05-19T10:01:50.116207900Z,TaxiAlgorithmP2PCollector,2,100,6,80,1,nearest,1,4,0,true,page-rank,page-rank,SPATIAL_ISLANDS,8,116264433,Custom Time [micros],0.0,0.0,0.0,0.0,4076,0.0
2026-05-19T10:01:50.224207100Z,TaxiAlgorithmP2PCollector,2,100,6,80,1,nearest,1,4,0,true,page-rank,page-rank,SPATIAL_ISLANDS,9,116264434,Taxi Travel Distance [km],5.25,10.7,7.4,44.42,6,5.449999999999999
2026-05-19T10:01:50.224207100Z,TaxiAlgorithmP2PCollector,2,100,6,80,1,nearest,1,4,0,true,page-rank,page-rank,SPATIAL_ISLANDS,9,116264434,Client Waiting Time [min],0.03,9.52,0.92,56.37,61,9.49
2026-05-19T10:01:50.224207100Z,TaxiAlgorithmP2PCollector,2,100,6,80,1,nearest,1,4,0,true,page-rank,page-rank,SPATIAL_ISLANDS,9,116264434,Client Travel Time [min],6.0,912.0,179.61,14369.0,80,906.0
2026-05-19T10:01:50.224207100Z,TaxiAlgorithmP2PCollector,2,100,6,80,1,nearest,1,4,0,true,page-rank,page-rank,SPATIAL_ISLANDS,9,116264434,Calculation Time [millis],0.0,0.0,0.01,42.0,4517,0.0
2026-05-19T10:01:50.224207100Z,TaxiAlgorithmP2PCollector,2,100,6,80,1,nearest,1,4,0,true,page-rank,page-rank,SPATIAL_ISLANDS,9,116264434,Custom Time [micros],0.0,0.0,0.0,0.0,4517,0.0
2026-05-19T10:01:50.333209900Z,TaxiAlgorithmP2PCollector,2,100,6,80,1,nearest,1,4,0,true,page-rank,page-rank,SPATIAL_ISLANDS,10,116264435,Taxi Travel Distance [km],4.13,11.72,8.04,48.23,6,7.590000000000001
2026-05-19T10:01:50.333209900Z,TaxiAlgorithmP2PCollector,2,100,6,80,1,nearest,1,4,0,true,page-rank,page-rank,SPATIAL_ISLANDS,10,116264435,Client Waiting Time [min],0.03,7.65,0.6,36.23,60,7.62
2026-05-19T10:01:50.333209900Z,TaxiAlgorithmP2PCollector,2,100,6,80,1,nearest,1,4,0,true,page-rank,page-rank,SPATIAL_ISLANDS,10,116264435,Client Travel Time [min],6.0,637.0,134.86,10789.0,80,631.0
2026-05-19T10:01:50.333209900Z,TaxiAlgorithmP2PCollector,2,100,6,80,1,nearest,1,4,0,true,page-rank,page-rank,SPATIAL_ISLANDS,10,116264435,Calculation Time [millis],0.0,0.0,0.01,39.0,4523,0.0
2026-05-19T10:01:50.333209900Z,TaxiAlgorithmP2PCollector,2,100,6,80,1,nearest,1,4,0,true,page-rank,page-rank,SPATIAL_ISLANDS,10,116264435,Custom Time [micros],0.0,0.0,0.0,0.0,4523,0.0
2026-05-19T10:01:50.427207400Z,TaxiAlgorithmP2PCollector,2,100,6,80,1,nearest,1,4,1,false,none,none,BASELINE,1,116264426,Taxi Travel Distance [km],1.94,4.24,3.35,20.1,6,2.3000000000000003
2026-05-19T10:01:50.427207400Z,TaxiAlgorithmP2PCollector,2,100,6,80,1,nearest,1,4,1,false,none,none,BASELINE,1,116264426,Client Waiting Time [min],0.05,6.4,2.27,90.8,40,6.3500000000000005
2026-05-19T10:01:50.427207400Z,TaxiAlgorithmP2PCollector,2,100,6,80,1,nearest,1,4,1,false,none,none,BASELINE,1,116264426,Client Travel Time [min],18.0,765.0,259.01,20721.0,80,747.0
2026-05-19T10:01:50.427207400Z,TaxiAlgorithmP2PCollector,2,100,6,80,1,nearest,1,4,1,false,none,none,BASELINE,1,116264426,Calculation Time [millis],0.0,0.0,0.01,36.0,4724,0.0
2026-05-19T10:01:50.427207400Z,TaxiAlgorithmP2PCollector,2,100,6,80,1,nearest,1,4,1,false,none,none,BASELINE,1,116264426,Custom Time [micros],0.0,0.0,0.0,0.0,4724,0.0
2026-05-19T10:01:50.536209Z,TaxiAlgorithmP2PCollector,2,100,6,80,1,nearest,1,4,1,false,none,none,BASELINE,2,116264427,Taxi Travel Distance [km],0.81,3.67,2.18,13.11,6,2.86
2026-05-19T10:01:50.536209Z,TaxiAlgorithmP2PCollector,2,100,6,80,1,nearest,1,4,1,false,none,none,BASELINE,2,116264427,Client Waiting Time [min],0.03,14.0,3.95,134.2,34,13.97
2026-05-19T10:01:50.536209Z,TaxiAlgorithmP2PCollector,2,100,6,80,1,nearest,1,4,1,false,none,none,BASELINE,2,116264427,Client Travel Time [min],13.0,865.0,301.0,24080.0,80,852.0
2026-05-19T10:01:50.536209Z,TaxiAlgorithmP2PCollector,2,100,6,80,1,nearest,1,4,1,false,none,none,BASELINE,2,116264427,Calculation Time [millis],0.0,0.0,0.01,36.0,4746,0.0
2026-05-19T10:01:50.536209Z,TaxiAlgorithmP2PCollector,2,100,6,80,1,nearest,1,4,1,false,none,none,BASELINE,2,116264427,Custom Time [micros],0.0,0.0,0.0,0.0,4746,0.0
2026-05-19T10:01:50.645206700Z,TaxiAlgorithmP2PCollector,2,100,6,80,1,nearest,1,4,1,false,none,none,BASELINE,3,116264428,Taxi Travel Distance [km],0.96,3.55,2.31,13.86,6,2.59
2026-05-19T10:01:50.645206700Z,TaxiAlgorithmP2PCollector,2,100,6,80,1,nearest,1,4,1,false,none,none,BASELINE,3,116264428,Client Waiting Time [min],0.05,12.18,4.03,121.0,30,12.129999999999999
2026-05-19T10:01:50.645206700Z,TaxiAlgorithmP2PCollector,2,100,6,80,1,nearest,1,4,1,false,none,none,BASELINE,3,116264428,Client Travel Time [min],17.0,908.0,371.53,29722.0,80,891.0
2026-05-19T10:01:50.645206700Z,TaxiAlgorithmP2PCollector,2,100,6,80,1,nearest,1,4,1,false,none,none,BASELINE,3,116264428,Calculation Time [millis],0.0,1.0,0.01,38.0,4487,1.0
2026-05-19T10:01:50.645206700Z,TaxiAlgorithmP2PCollector,2,100,6,80,1,nearest,1,4,1,false,none,none,BASELINE,3,116264428,Custom Time [micros],0.0,0.0,0.0,0.0,4487,0.0
2026-05-19T10:01:50.738210900Z,TaxiAlgorithmP2PCollector,2,100,6,80,1,nearest,1,4,1,false,none,none,BASELINE,4,116264429,Taxi Travel Distance [km],0.4,5.49,2.65,15.87,6,5.09
2026-05-19T10:01:50.738210900Z,TaxiAlgorithmP2PCollector,2,100,6,80,1,nearest,1,4,1,false,none,none,BASELINE,4,116264429,Client Waiting Time [min],0.05,13.57,2.99,104.67,35,13.52
2026-05-19T10:01:50.738210900Z,TaxiAlgorithmP2PCollector,2,100,6,80,1,nearest,1,4,1,false,none,none,BASELINE,4,116264429,Client Travel Time [min],12.0,881.0,336.93,26954.0,80,869.0
2026-05-19T10:01:50.738210900Z,TaxiAlgorithmP2PCollector,2,100,6,80,1,nearest,1,4,1,false,none,none,BASELINE,4,116264429,Calculation Time [millis],0.0,0.0,0.01,35.0,4328,0.0
2026-05-19T10:01:50.738210900Z,TaxiAlgorithmP2PCollector,2,100,6,80,1,nearest,1,4,1,false,none,none,BASELINE,4,116264429,Custom Time [micros],0.0,0.0,0.0,0.0,4328,0.0
2026-05-19T10:01:50.832206200Z,TaxiAlgorithmP2PCollector,2,100,6,80,1,nearest,1,4,1,false,none,none,BASELINE,5,116264430,Taxi Travel Distance [km],2.05,6.22,3.67,22.03,6,4.17
2026-05-19T10:01:50.832206200Z,TaxiAlgorithmP2PCollector,2,100,6,80,1,nearest,1,4,1,false,none,none,BASELINE,5,116264430,Client Waiting Time [min],0.05,11.65,3.34,150.47,45,11.6
2026-05-19T10:01:50.832206200Z,TaxiAlgorithmP2PCollector,2,100,6,80,1,nearest,1,4,1,false,none,none,BASELINE,5,116264430,Client Travel Time [min],12.0,820.0,293.08,23446.0,80,808.0
2026-05-19T10:01:50.832206200Z,TaxiAlgorithmP2PCollector,2,100,6,80,1,nearest,1,4,1,false,none,none,BASELINE,5,116264430,Calculation Time [millis],0.0,0.0,0.01,36.0,4360,0.0
2026-05-19T10:01:50.832206200Z,TaxiAlgorithmP2PCollector,2,100,6,80,1,nearest,1,4,1,false,none,none,BASELINE,5,116264430,Custom Time [micros],0.0,0.0,0.0,0.0,4360,0.0
2026-05-19T10:01:50.942207600Z,TaxiAlgorithmP2PCollector,2,100,6,80,1,nearest,1,4,1,false,none,none,BASELINE,6,116264431,Taxi Travel Distance [km],0.89,5.77,3.37,20.2,6,4.88
2026-05-19T10:01:50.942207600Z,TaxiAlgorithmP2PCollector,2,100,6,80,1,nearest,1,4,1,false,none,none,BASELINE,6,116264431,Client Waiting Time [min],0.03,7.53,1.63,58.85,36,7.5
2026-05-19T10:01:50.942207600Z,TaxiAlgorithmP2PCollector,2,100,6,80,1,nearest,1,4,1,false,none,none,BASELINE,6,116264431,Client Travel Time [min],10.0,813.0,244.94,19595.0,80,803.0
2026-05-19T10:01:50.942207600Z,TaxiAlgorithmP2PCollector,2,100,6,80,1,nearest,1,4,1,false,none,none,BASELINE,6,116264431,Calculation Time [millis],0.0,0.0,0.01,38.0,4286,0.0
2026-05-19T10:01:50.942207600Z,TaxiAlgorithmP2PCollector,2,100,6,80,1,nearest,1,4,1,false,none,none,BASELINE,6,116264431,Custom Time [micros],0.0,0.0,0.0,0.0,4286,0.0
2026-05-19T10:01:51.033208700Z,TaxiAlgorithmP2PCollector,2,100,6,80,1,nearest,1,4,1,false,none,none,BASELINE,7,116264432,Taxi Travel Distance [km],1.41,5.04,2.93,17.57,6,3.63
2026-05-19T10:01:51.033208700Z,TaxiAlgorithmP2PCollector,2,100,6,80,1,nearest,1,4,1,false,none,none,BASELINE,7,116264432,Client Waiting Time [min],0.05,11.28,2.74,106.87,39,11.229999999999999
2026-05-19T10:01:51.033208700Z,TaxiAlgorithmP2PCollector,2,100,6,80,1,nearest,1,4,1,false,none,none,BASELINE,7,116264432,Client Travel Time [min],6.0,939.0,300.09,24007.0,80,933.0
2026-05-19T10:01:51.033208700Z,TaxiAlgorithmP2PCollector,2,100,6,80,1,nearest,1,4,1,false,none,none,BASELINE,7,116264432,Calculation Time [millis],0.0,0.0,0.01,34.0,4195,0.0
2026-05-19T10:01:51.033208700Z,TaxiAlgorithmP2PCollector,2,100,6,80,1,nearest,1,4,1,false,none,none,BASELINE,7,116264432,Custom Time [micros],0.0,0.0,0.0,0.0,4195,0.0
2026-05-19T10:01:51.143207600Z,TaxiAlgorithmP2PCollector,2,100,6,80,1,nearest,1,4,1,false,none,none,BASELINE,8,116264433,Taxi Travel Distance [km],1.25,5.56,3.22,19.34,6,4.31
2026-05-19T10:01:51.143207600Z,TaxiAlgorithmP2PCollector,2,100,6,80,1,nearest,1,4,1,false,none,none,BASELINE,8,116264433,Client Waiting Time [min],0.03,11.83,2.82,101.37,36,11.8
2026-05-19T10:01:51.143207600Z,TaxiAlgorithmP2PCollector,2,100,6,80,1,nearest,1,4,1,false,none,none,BASELINE,8,116264433,Client Travel Time [min],14.0,907.0,327.06,26165.0,80,893.0
2026-05-19T10:01:51.143207600Z,TaxiAlgorithmP2PCollector,2,100,6,80,1,nearest,1,4,1,false,none,none,BASELINE,8,116264433,Calculation Time [millis],0.0,1.0,0.01,41.0,4797,1.0
2026-05-19T10:01:51.143207600Z,TaxiAlgorithmP2PCollector,2,100,6,80,1,nearest,1,4,1,false,none,none,BASELINE,8,116264433,Custom Time [micros],0.0,0.0,0.0,0.0,4797,0.0
2026-05-19T10:01:51.251207700Z,TaxiAlgorithmP2PCollector,2,100,6,80,1,nearest,1,4,1,false,none,none,BASELINE,9,116264434,Taxi Travel Distance [km],0.11,4.57,2.61,15.64,6,4.46
2026-05-19T10:01:51.251207700Z,TaxiAlgorithmP2PCollector,2,100,6,80,1,nearest,1,4,1,false,none,none,BASELINE,9,116264434,Client Waiting Time [min],0.05,13.73,3.61,122.9,34,13.68
2026-05-19T10:01:51.251207700Z,TaxiAlgorithmP2PCollector,2,100,6,80,1,nearest,1,4,1,false,none,none,BASELINE,9,116264434,Client Travel Time [min],15.0,864.0,330.96,26477.0,80,849.0
2026-05-19T10:01:51.251207700Z,TaxiAlgorithmP2PCollector,2,100,6,80,1,nearest,1,4,1,false,none,none,BASELINE,9,116264434,Calculation Time [millis],0.0,0.0,0.01,36.0,4621,0.0
2026-05-19T10:01:51.251207700Z,TaxiAlgorithmP2PCollector,2,100,6,80,1,nearest,1,4,1,false,none,none,BASELINE,9,116264434,Custom Time [micros],0.0,0.0,0.0,0.0,4621,0.0
2026-05-19T10:01:51.345223Z,TaxiAlgorithmP2PCollector,2,100,6,80,1,nearest,1,4,1,false,none,none,BASELINE,10,116264435,Taxi Travel Distance [km],0.55,4.8,2.61,15.67,6,4.25
2026-05-19T10:01:51.345223Z,TaxiAlgorithmP2PCollector,2,100,6,80,1,nearest,1,4,1,false,none,none,BASELINE,10,116264435,Client Waiting Time [min],0.05,12.8,3.54,116.73,33,12.75
2026-05-19T10:01:51.345223Z,TaxiAlgorithmP2PCollector,2,100,6,80,1,nearest,1,4,1,false,none,none,BASELINE,10,116264435,Client Travel Time [min],13.0,934.0,328.86,26309.0,80,921.0
2026-05-19T10:01:51.345223Z,TaxiAlgorithmP2PCollector,2,100,6,80,1,nearest,1,4,1,false,none,none,BASELINE,10,116264435,Calculation Time [millis],0.0,0.0,0.01,35.0,4478,0.0
2026-05-19T10:01:51.345223Z,TaxiAlgorithmP2PCollector,2,100,6,80,1,nearest,1,4,1,false,none,none,BASELINE,10,116264435,Custom Time [micros],0.0,0.0,0.0,0.0,4478,0.0
2026-05-19T10:01:51.437223400Z,TaxiAlgorithmP2PCollector,2,100,6,80,1,nearest,1,4,1,false,none,none,RUSH_HOUR,1,116264426,Taxi Travel Distance [km],0.85,6.43,3.85,23.07,6,5.58
2026-05-19T10:01:51.437223400Z,TaxiAlgorithmP2PCollector,2,100,6,80,1,nearest,1,4,1,false,none,none,RUSH_HOUR,1,116264426,Client Waiting Time [min],0.05,11.72,2.67,136.1,51,11.67
2026-05-19T10:01:51.437223400Z,TaxiAlgorithmP2PCollector,2,100,6,80,1,nearest,1,4,1,false,none,none,RUSH_HOUR,1,116264426,Client Travel Time [min],6.0,865.0,265.71,21257.0,80,859.0
2026-05-19T10:01:51.437223400Z,TaxiAlgorithmP2PCollector,2,100,6,80,1,nearest,1,4,1,false,none,none,RUSH_HOUR,1,116264426,Calculation Time [millis],0.0,1.0,0.01,35.0,4232,1.0
2026-05-19T10:01:51.437223400Z,TaxiAlgorithmP2PCollector,2,100,6,80,1,nearest,1,4,1,false,none,none,RUSH_HOUR,1,116264426,Custom Time [micros],0.0,0.0,0.0,0.0,4232,0.0
2026-05-19T10:01:51.547231200Z,TaxiAlgorithmP2PCollector,2,100,6,80,1,nearest,1,4,1,false,none,none,RUSH_HOUR,2,116264427,Taxi Travel Distance [km],1.28,5.69,2.63,15.77,6,4.41
2026-05-19T10:01:51.547231200Z,TaxiAlgorithmP2PCollector,2,100,6,80,1,nearest,1,4,1,false,none,none,RUSH_HOUR,2,116264427,Client Waiting Time [min],0.07,12.63,2.81,92.8,33,12.56
2026-05-19T10:01:51.547231200Z,TaxiAlgorithmP2PCollector,2,100,6,80,1,nearest,1,4,1,false,none,none,RUSH_HOUR,2,116264427,Client Travel Time [min],9.0,966.0,306.61,24529.0,80,957.0
2026-05-19T10:01:51.547231200Z,TaxiAlgorithmP2PCollector,2,100,6,80,1,nearest,1,4,1,false,none,none,RUSH_HOUR,2,116264427,Calculation Time [millis],0.0,0.0,0.01,36.0,4012,0.0
2026-05-19T10:01:51.547231200Z,TaxiAlgorithmP2PCollector,2,100,6,80,1,nearest,1,4,1,false,none,none,RUSH_HOUR,2,116264427,Custom Time [micros],0.0,0.0,0.0,0.0,4012,0.0
2026-05-19T10:01:51.639258600Z,TaxiAlgorithmP2PCollector,2,100,6,80,1,nearest,1,4,1,false,none,none,RUSH_HOUR,3,116264428,Taxi Travel Distance [km],1.9,5.56,3.84,23.04,6,3.6599999999999997
2026-05-19T10:01:51.639258600Z,TaxiAlgorithmP2PCollector,2,100,6,80,1,nearest,1,4,1,false,none,none,RUSH_HOUR,3,116264428,Client Waiting Time [min],0.03,12.37,3.33,146.43,44,12.34
2026-05-19T10:01:51.639258600Z,TaxiAlgorithmP2PCollector,2,100,6,80,1,nearest,1,4,1,false,none,none,RUSH_HOUR,3,116264428,Client Travel Time [min],12.0,951.0,315.26,25221.0,80,939.0
2026-05-19T10:01:51.639258600Z,TaxiAlgorithmP2PCollector,2,100,6,80,1,nearest,1,4,1,false,none,none,RUSH_HOUR,3,116264428,Calculation Time [millis],0.0,0.0,0.01,40.0,4249,0.0
2026-05-19T10:01:51.639258600Z,TaxiAlgorithmP2PCollector,2,100,6,80,1,nearest,1,4,1,false,none,none,RUSH_HOUR,3,116264428,Custom Time [micros],0.0,0.0,0.0,0.0,4249,0.0
2026-05-19T10:01:51.749258200Z,TaxiAlgorithmP2PCollector,2,100,6,80,1,nearest,1,4,1,false,none,none,RUSH_HOUR,4,116264429,Taxi Travel Distance [km],0.8,8.59,2.85,17.09,6,7.79
2026-05-19T10:01:51.749258200Z,TaxiAlgorithmP2PCollector,2,100,6,80,1,nearest,1,4,1,false,none,none,RUSH_HOUR,4,116264429,Client Waiting Time [min],0.05,14.02,2.7,91.72,34,13.969999999999999
2026-05-19T10:01:51.749258200Z,TaxiAlgorithmP2PCollector,2,100,6,80,1,nearest,1,4,1,false,none,none,RUSH_HOUR,4,116264429,Client Travel Time [min],18.0,843.0,311.38,24910.0,80,825.0
2026-05-19T10:01:51.749258200Z,TaxiAlgorithmP2PCollector,2,100,6,80,1,nearest,1,4,1,false,none,none,RUSH_HOUR,4,116264429,Calculation Time [millis],0.0,0.0,0.01,32.0,4066,0.0
2026-05-19T10:01:51.749258200Z,TaxiAlgorithmP2PCollector,2,100,6,80,1,nearest,1,4,1,false,none,none,RUSH_HOUR,4,116264429,Custom Time [micros],0.0,0.0,0.0,0.0,4066,0.0
2026-05-19T10:01:51.843267900Z,TaxiAlgorithmP2PCollector,2,100,6,80,1,nearest,1,4,1,false,none,none,RUSH_HOUR,5,116264430,Taxi Travel Distance [km],1.25,5.27,3.48,20.87,6,4.02
2026-05-19T10:01:51.843267900Z,TaxiAlgorithmP2PCollector,2,100,6,80,1,nearest,1,4,1,false,none,none,RUSH_HOUR,5,116264430,Client Waiting Time [min],0.07,11.37,3.66,157.45,43,11.299999999999999
2026-05-19T10:01:51.843267900Z,TaxiAlgorithmP2PCollector,2,100,6,80,1,nearest,1,4,1,false,none,none,RUSH_HOUR,5,116264430,Client Travel Time [min],16.0,866.0,311.48,24918.0,80,850.0
2026-05-19T10:01:51.843267900Z,TaxiAlgorithmP2PCollector,2,100,6,80,1,nearest,1,4,1,false,none,none,RUSH_HOUR,5,116264430,Calculation Time [millis],0.0,0.0,0.01,32.0,3915,0.0
2026-05-19T10:01:51.843267900Z,TaxiAlgorithmP2PCollector,2,100,6,80,1,nearest,1,4,1,false,none,none,RUSH_HOUR,5,116264430,Custom Time [micros],0.0,0.0,0.0,0.0,3915,0.0
2026-05-19T10:01:51.936781Z,TaxiAlgorithmP2PCollector,2,100,6,80,1,nearest,1,4,1,false,none,none,RUSH_HOUR,6,116264431,Taxi Travel Distance [km],1.0,5.74,3.33,19.99,6,4.74
2026-05-19T10:01:51.936781Z,TaxiAlgorithmP2PCollector,2,100,6,80,1,nearest,1,4,1,false,none,none,RUSH_HOUR,6,116264431,Client Waiting Time [min],0.03,12.85,2.38,97.55,41,12.82
2026-05-19T10:01:51.936781Z,TaxiAlgorithmP2PCollector,2,100,6,80,1,nearest,1,4,1,false,none,none,RUSH_HOUR,6,116264431,Client Travel Time [min],5.0,829.0,298.1,23848.0,80,824.0
2026-05-19T10:01:51.936781Z,TaxiAlgorithmP2PCollector,2,100,6,80,1,nearest,1,4,1,false,none,none,RUSH_HOUR,6,116264431,Calculation Time [millis],0.0,1.0,0.01,34.0,4333,1.0
2026-05-19T10:01:51.936781Z,TaxiAlgorithmP2PCollector,2,100,6,80,1,nearest,1,4,1,false,none,none,RUSH_HOUR,6,116264431,Custom Time [micros],0.0,0.0,0.0,0.0,4333,0.0
2026-05-19T10:01:52.031167400Z,TaxiAlgorithmP2PCollector,2,100,6,80,1,nearest,1,4,1,false,none,none,RUSH_HOUR,7,116264432,Taxi Travel Distance [km],0.25,5.55,2.8,16.81,6,5.3
2026-05-19T10:01:52.031167400Z,TaxiAlgorithmP2PCollector,2,100,6,80,1,nearest,1,4,1,false,none,none,RUSH_HOUR,7,116264432,Client Waiting Time [min],0.05,9.68,2.56,74.15,29,9.629999999999999
2026-05-19T10:01:52.031167400Z,TaxiAlgorithmP2PCollector,2,100,6,80,1,nearest,1,4,1,false,none,none,RUSH_HOUR,7,116264432,Client Travel Time [min],22.0,939.0,317.98,25438.0,80,917.0
2026-05-19T10:01:52.031167400Z,TaxiAlgorithmP2PCollector,2,100,6,80,1,nearest,1,4,1,false,none,none,RUSH_HOUR,7,116264432,Calculation Time [millis],0.0,0.0,0.01,37.0,4251,0.0
2026-05-19T10:01:52.031167400Z,TaxiAlgorithmP2PCollector,2,100,6,80,1,nearest,1,4,1,false,none,none,RUSH_HOUR,7,116264432,Custom Time [micros],0.0,0.0,0.0,0.0,4251,0.0
2026-05-19T10:01:52.139686200Z,TaxiAlgorithmP2PCollector,2,100,6,80,1,nearest,1,4,1,false,none,none,RUSH_HOUR,8,116264433,Taxi Travel Distance [km],0.43,6.21,2.98,17.87,6,5.78
2026-05-19T10:01:52.139686200Z,TaxiAlgorithmP2PCollector,2,100,6,80,1,nearest,1,4,1,false,none,none,RUSH_HOUR,8,116264433,Client Waiting Time [min],0.05,13.25,3.69,154.88,42,13.2
2026-05-19T10:01:52.139686200Z,TaxiAlgorithmP2PCollector,2,100,6,80,1,nearest,1,4,1,false,none,none,RUSH_HOUR,8,116264433,Client Travel Time [min],9.0,892.0,342.39,27391.0,80,883.0
2026-05-19T10:01:52.139686200Z,TaxiAlgorithmP2PCollector,2,100,6,80,1,nearest,1,4,1,false,none,none,RUSH_HOUR,8,116264433,Calculation Time [millis],0.0,0.0,0.01,36.0,4395,0.0
2026-05-19T10:01:52.139686200Z,TaxiAlgorithmP2PCollector,2,100,6,80,1,nearest,1,4,1,false,none,none,RUSH_HOUR,8,116264433,Custom Time [micros],0.0,0.0,0.0,0.0,4395,0.0
2026-05-19T10:01:52.249200400Z,TaxiAlgorithmP2PCollector,2,100,6,80,1,nearest,1,4,1,false,none,none,RUSH_HOUR,9,116264434,Taxi Travel Distance [km],1.13,5.07,3.55,21.32,6,3.9400000000000004
2026-05-19T10:01:52.249200400Z,TaxiAlgorithmP2PCollector,2,100,6,80,1,nearest,1,4,1,false,none,none,RUSH_HOUR,9,116264434,Client Waiting Time [min],0.03,12.35,1.99,85.62,43,12.32
2026-05-19T10:01:52.249200400Z,TaxiAlgorithmP2PCollector,2,100,6,80,1,nearest,1,4,1,false,none,none,RUSH_HOUR,9,116264434,Client Travel Time [min],10.0,804.0,244.35,19548.0,80,794.0
2026-05-19T10:01:52.249200400Z,TaxiAlgorithmP2PCollector,2,100,6,80,1,nearest,1,4,1,false,none,none,RUSH_HOUR,9,116264434,Calculation Time [millis],0.0,1.0,0.01,34.0,4151,1.0
2026-05-19T10:01:52.249200400Z,TaxiAlgorithmP2PCollector,2,100,6,80,1,nearest,1,4,1,false,none,none,RUSH_HOUR,9,116264434,Custom Time [micros],0.0,0.0,0.0,0.0,4151,0.0
2026-05-19T10:01:52.342716400Z,TaxiAlgorithmP2PCollector,2,100,6,80,1,nearest,1,4,1,false,none,none,RUSH_HOUR,10,116264435,Taxi Travel Distance [km],1.76,5.71,3.29,19.73,6,3.95
2026-05-19T10:01:52.342716400Z,TaxiAlgorithmP2PCollector,2,100,6,80,1,nearest,1,4,1,false,none,none,RUSH_HOUR,10,116264435,Client Waiting Time [min],0.05,12.32,2.1,86.23,41,12.27
2026-05-19T10:01:52.342716400Z,TaxiAlgorithmP2PCollector,2,100,6,80,1,nearest,1,4,1,false,none,none,RUSH_HOUR,10,116264435,Client Travel Time [min],8.0,777.0,246.21,19697.0,80,769.0
2026-05-19T10:01:52.342716400Z,TaxiAlgorithmP2PCollector,2,100,6,80,1,nearest,1,4,1,false,none,none,RUSH_HOUR,10,116264435,Calculation Time [millis],0.0,0.0,0.01,30.0,4234,0.0
2026-05-19T10:01:52.342716400Z,TaxiAlgorithmP2PCollector,2,100,6,80,1,nearest,1,4,1,false,none,none,RUSH_HOUR,10,116264435,Custom Time [micros],0.0,0.0,0.0,0.0,4234,0.0
2026-05-19T10:01:52.436764300Z,TaxiAlgorithmP2PCollector,2,100,6,80,1,nearest,1,4,1,false,none,none,SPATIAL_IMBALANCE,1,116264426,Taxi Travel Distance [km],0.17,2.22,1.52,9.14,6,2.0500000000000003
2026-05-19T10:01:52.436764300Z,TaxiAlgorithmP2PCollector,2,100,6,80,1,nearest,1,4,1,false,none,none,SPATIAL_IMBALANCE,1,116264426,Client Waiting Time [min],0.05,12.35,3.84,88.27,23,12.299999999999999
2026-05-19T10:01:52.436764300Z,TaxiAlgorithmP2PCollector,2,100,6,80,1,nearest,1,4,1,false,none,none,SPATIAL_IMBALANCE,1,116264426,Client Travel Time [min],19.0,765.0,328.9,26312.0,80,746.0
2026-05-19T10:01:52.436764300Z,TaxiAlgorithmP2PCollector,2,100,6,80,1,nearest,1,4,1,false,none,none,SPATIAL_IMBALANCE,1,116264426,Calculation Time [millis],0.0,0.0,0.01,32.0,4317,0.0
2026-05-19T10:01:52.436764300Z,TaxiAlgorithmP2PCollector,2,100,6,80,1,nearest,1,4,1,false,none,none,SPATIAL_IMBALANCE,1,116264426,Custom Time [micros],0.0,0.0,0.0,0.0,4317,0.0
2026-05-19T10:01:52.529762300Z,TaxiAlgorithmP2PCollector,2,100,6,80,1,nearest,1,4,1,false,none,none,SPATIAL_IMBALANCE,2,116264427,Taxi Travel Distance [km],0.36,1.84,1.06,6.37,6,1.48
2026-05-19T10:01:52.529762300Z,TaxiAlgorithmP2PCollector,2,100,6,80,1,nearest,1,4,1,false,none,none,SPATIAL_IMBALANCE,2,116264427,Client Waiting Time [min],0.05,7.57,3.75,67.43,18,7.5200000000000005
2026-05-19T10:01:52.529762300Z,TaxiAlgorithmP2PCollector,2,100,6,80,1,nearest,1,4,1,false,none,none,SPATIAL_IMBALANCE,2,116264427,Client Travel Time [min],10.0,748.0,312.25,24980.0,80,738.0
2026-05-19T10:01:52.529762300Z,TaxiAlgorithmP2PCollector,2,100,6,80,1,nearest,1,4,1,false,none,none,SPATIAL_IMBALANCE,2,116264427,Calculation Time [millis],0.0,1.0,0.01,35.0,4254,1.0
2026-05-19T10:01:52.529762300Z,TaxiAlgorithmP2PCollector,2,100,6,80,1,nearest,1,4,1,false,none,none,SPATIAL_IMBALANCE,2,116264427,Custom Time [micros],0.0,0.0,0.0,0.0,4254,0.0
2026-05-19T10:01:52.623768700Z,TaxiAlgorithmP2PCollector,2,100,6,80,1,nearest,1,4,1,false,none,none,SPATIAL_IMBALANCE,3,116264428,Taxi Travel Distance [km],0.0,1.78,1.05,6.3,6,1.78
2026-05-19T10:01:52.623768700Z,TaxiAlgorithmP2PCollector,2,100,6,80,1,nearest,1,4,1,false,none,none,SPATIAL_IMBALANCE,3,116264428,Client Waiting Time [min],0.05,15.67,5.7,108.3,19,15.62
2026-05-19T10:01:52.623768700Z,TaxiAlgorithmP2PCollector,2,100,6,80,1,nearest,1,4,1,false,none,none,SPATIAL_IMBALANCE,3,116264428,Client Travel Time [min],15.0,942.0,409.6,32768.0,80,927.0
2026-05-19T10:01:52.623768700Z,TaxiAlgorithmP2PCollector,2,100,6,80,1,nearest,1,4,1,false,none,none,SPATIAL_IMBALANCE,3,116264428,Calculation Time [millis],0.0,0.0,0.01,34.0,4343,0.0
2026-05-19T10:01:52.623768700Z,TaxiAlgorithmP2PCollector,2,100,6,80,1,nearest,1,4,1,false,none,none,SPATIAL_IMBALANCE,3,116264428,Custom Time [micros],0.0,0.0,0.0,0.0,4343,0.0
2026-05-19T10:01:52.732773800Z,TaxiAlgorithmP2PCollector,2,100,6,80,1,nearest,1,4,1,false,none,none,SPATIAL_IMBALANCE,4,116264429,Taxi Travel Distance [km],0.16,2.78,1.07,6.41,6,2.6199999999999997
2026-05-19T10:01:52.732773800Z,TaxiAlgorithmP2PCollector,2,100,6,80,1,nearest,1,4,1,false,none,none,SPATIAL_IMBALANCE,4,116264429,Client Waiting Time [min],0.07,10.53,3.98,75.55,19,10.459999999999999
2026-05-19T10:01:52.732773800Z,TaxiAlgorithmP2PCollector,2,100,6,80,1,nearest,1,4,1,false,none,none,SPATIAL_IMBALANCE,4,116264429,Client Travel Time [min],20.0,877.0,334.06,26725.0,80,857.0
2026-05-19T10:01:52.732773800Z,TaxiAlgorithmP2PCollector,2,100,6,80,1,nearest,1,4,1,false,none,none,SPATIAL_IMBALANCE,4,116264429,Calculation Time [millis],0.0,0.0,0.01,32.0,4346,0.0
2026-05-19T10:01:52.732773800Z,TaxiAlgorithmP2PCollector,2,100,6,80,1,nearest,1,4,1,false,none,none,SPATIAL_IMBALANCE,4,116264429,Custom Time [micros],0.0,0.0,0.0,0.0,4346,0.0
2026-05-19T10:01:52.824772300Z,TaxiAlgorithmP2PCollector,2,100,6,80,1,nearest,1,4,1,false,none,none,SPATIAL_IMBALANCE,5,116264430,Taxi Travel Distance [km],0.36,3.2,1.53,9.19,6,2.8400000000000003
2026-05-19T10:01:52.824772300Z,TaxiAlgorithmP2PCollector,2,100,6,80,1,nearest,1,4,1,false,none,none,SPATIAL_IMBALANCE,5,116264430,Client Waiting Time [min],0.05,8.65,3.22,67.52,21,8.6
2026-05-19T10:01:52.824772300Z,TaxiAlgorithmP2PCollector,2,100,6,80,1,nearest,1,4,1,false,none,none,SPATIAL_IMBALANCE,5,116264430,Client Travel Time [min],9.0,712.0,316.13,25290.0,80,703.0
2026-05-19T10:01:52.824772300Z,TaxiAlgorithmP2PCollector,2,100,6,80,1,nearest,1,4,1,false,none,none,SPATIAL_IMBALANCE,5,116264430,Calculation Time [millis],0.0,0.0,0.01,33.0,4358,0.0
2026-05-19T10:01:52.824772300Z,TaxiAlgorithmP2PCollector,2,100,6,80,1,nearest,1,4,1,false,none,none,SPATIAL_IMBALANCE,5,116264430,Custom Time [micros],0.0,0.0,0.0,0.0,4358,0.0
2026-05-19T10:01:52.934794100Z,TaxiAlgorithmP2PCollector,2,100,6,80,1,nearest,1,4,1,false,none,none,SPATIAL_IMBALANCE,6,116264431,Taxi Travel Distance [km],0.4,1.48,0.97,5.8,6,1.08
2026-05-19T10:01:52.934794100Z,TaxiAlgorithmP2PCollector,2,100,6,80,1,nearest,1,4,1,false,none,none,SPATIAL_IMBALANCE,6,116264431,Client Waiting Time [min],0.08,8.47,3.11,49.7,16,8.39
2026-05-19T10:01:52.934794100Z,TaxiAlgorithmP2PCollector,2,100,6,80,1,nearest,1,4,1,false,none,none,SPATIAL_IMBALANCE,6,116264431,Client Travel Time [min],10.0,823.0,348.21,27857.0,80,813.0
2026-05-19T10:01:52.934794100Z,TaxiAlgorithmP2PCollector,2,100,6,80,1,nearest,1,4,1,false,none,none,SPATIAL_IMBALANCE,6,116264431,Calculation Time [millis],0.0,0.0,0.01,38.0,4297,0.0
2026-05-19T10:01:52.934794100Z,TaxiAlgorithmP2PCollector,2,100,6,80,1,nearest,1,4,1,false,none,none,SPATIAL_IMBALANCE,6,116264431,Custom Time [micros],0.0,0.0,0.0,0.0,4297,0.0
2026-05-19T10:01:53.043404100Z,TaxiAlgorithmP2PCollector,2,100,6,80,1,nearest,1,4,1,false,none,none,SPATIAL_IMBALANCE,7,116264432,Taxi Travel Distance [km],0.39,2.42,1.31,7.86,6,2.03
2026-05-19T10:01:53.043404100Z,TaxiAlgorithmP2PCollector,2,100,6,80,1,nearest,1,4,1,false,none,none,SPATIAL_IMBALANCE,7,116264432,Client Waiting Time [min],0.03,9.75,3.51,70.15,20,9.72
2026-05-19T10:01:53.043404100Z,TaxiAlgorithmP2PCollector,2,100,6,80,1,nearest,1,4,1,false,none,none,SPATIAL_IMBALANCE,7,116264432,Client Travel Time [min],13.0,877.0,335.26,26821.0,80,864.0
2026-05-19T10:01:53.043404100Z,TaxiAlgorithmP2PCollector,2,100,6,80,1,nearest,1,4,1,false,none,none,SPATIAL_IMBALANCE,7,116264432,Calculation Time [millis],0.0,0.0,0.01,33.0,4378,0.0
2026-05-19T10:01:53.043404100Z,TaxiAlgorithmP2PCollector,2,100,6,80,1,nearest,1,4,1,false,none,none,SPATIAL_IMBALANCE,7,116264432,Custom Time [micros],0.0,0.0,0.0,0.0,4378,0.0
2026-05-19T10:01:53.136414700Z,TaxiAlgorithmP2PCollector,2,100,6,80,1,nearest,1,4,1,false,none,none,SPATIAL_IMBALANCE,8,116264433,Taxi Travel Distance [km],0.58,3.81,1.79,10.76,6,3.23
2026-05-19T10:01:53.136414700Z,TaxiAlgorithmP2PCollector,2,100,6,80,1,nearest,1,4,1,false,none,none,SPATIAL_IMBALANCE,8,116264433,Client Waiting Time [min],0.05,12.47,3.92,117.53,30,12.42
2026-05-19T10:01:53.136414700Z,TaxiAlgorithmP2PCollector,2,100,6,80,1,nearest,1,4,1,false,none,none,SPATIAL_IMBALANCE,8,116264433,Client Travel Time [min],12.0,907.0,356.53,28522.0,80,895.0
2026-05-19T10:01:53.136414700Z,TaxiAlgorithmP2PCollector,2,100,6,80,1,nearest,1,4,1,false,none,none,SPATIAL_IMBALANCE,8,116264433,Calculation Time [millis],0.0,0.0,0.01,34.0,4415,0.0
2026-05-19T10:01:53.136414700Z,TaxiAlgorithmP2PCollector,2,100,6,80,1,nearest,1,4,1,false,none,none,SPATIAL_IMBALANCE,8,116264433,Custom Time [micros],0.0,0.0,0.0,0.0,4415,0.0
2026-05-19T10:01:53.229924500Z,TaxiAlgorithmP2PCollector,2,100,6,80,1,nearest,1,4,1,false,none,none,SPATIAL_IMBALANCE,9,116264434,Taxi Travel Distance [km],0.43,3.28,1.39,8.34,6,2.8499999999999996
2026-05-19T10:01:53.229924500Z,TaxiAlgorithmP2PCollector,2,100,6,80,1,nearest,1,4,1,false,none,none,SPATIAL_IMBALANCE,9,116264434,Client Waiting Time [min],0.05,10.83,3.82,99.32,26,10.78
2026-05-19T10:01:53.229924500Z,TaxiAlgorithmP2PCollector,2,100,6,80,1,nearest,1,4,1,false,none,none,SPATIAL_IMBALANCE,9,116264434,Client Travel Time [min],6.0,745.0,318.1,25448.0,80,739.0
2026-05-19T10:01:53.229924500Z,TaxiAlgorithmP2PCollector,2,100,6,80,1,nearest,1,4,1,false,none,none,SPATIAL_IMBALANCE,9,116264434,Calculation Time [millis],0.0,0.0,0.01,40.0,4343,0.0
2026-05-19T10:01:53.229924500Z,TaxiAlgorithmP2PCollector,2,100,6,80,1,nearest,1,4,1,false,none,none,SPATIAL_IMBALANCE,9,116264434,Custom Time [micros],0.0,0.0,0.0,0.0,4343,0.0
2026-05-19T10:01:53.338445200Z,TaxiAlgorithmP2PCollector,2,100,6,80,1,nearest,1,4,1,false,none,none,SPATIAL_IMBALANCE,10,116264435,Taxi Travel Distance [km],0.39,1.9,1.21,7.29,6,1.5099999999999998
2026-05-19T10:01:53.338445200Z,TaxiAlgorithmP2PCollector,2,100,6,80,1,nearest,1,4,1,false,none,none,SPATIAL_IMBALANCE,10,116264435,Client Waiting Time [min],0.07,7.57,3.33,69.92,21,7.5
2026-05-19T10:01:53.338445200Z,TaxiAlgorithmP2PCollector,2,100,6,80,1,nearest,1,4,1,false,none,none,SPATIAL_IMBALANCE,10,116264435,Client Travel Time [min],17.0,910.0,306.64,24531.0,80,893.0
2026-05-19T10:01:53.338445200Z,TaxiAlgorithmP2PCollector,2,100,6,80,1,nearest,1,4,1,false,none,none,SPATIAL_IMBALANCE,10,116264435,Calculation Time [millis],0.0,1.0,0.01,33.0,4230,1.0
2026-05-19T10:01:53.338445200Z,TaxiAlgorithmP2PCollector,2,100,6,80,1,nearest,1,4,1,false,none,none,SPATIAL_IMBALANCE,10,116264435,Custom Time [micros],0.0,0.0,0.0,0.0,4230,0.0
2026-05-19T10:01:53.432963800Z,TaxiAlgorithmP2PCollector,2,100,6,80,1,nearest,1,4,1,false,none,none,SPATIAL_ISLANDS,1,116264426,Taxi Travel Distance [km],0.16,2.96,1.39,8.36,6,2.8
2026-05-19T10:01:53.432963800Z,TaxiAlgorithmP2PCollector,2,100,6,80,1,nearest,1,4,1,false,none,none,SPATIAL_ISLANDS,1,116264426,Client Waiting Time [min],0.07,12.62,4.72,99.2,21,12.549999999999999
2026-05-19T10:01:53.432963800Z,TaxiAlgorithmP2PCollector,2,100,6,80,1,nearest,1,4,1,false,none,none,SPATIAL_ISLANDS,1,116264426,Client Travel Time [min],19.0,765.0,356.79,28543.0,80,746.0
2026-05-19T10:01:53.432963800Z,TaxiAlgorithmP2PCollector,2,100,6,80,1,nearest,1,4,1,false,none,none,SPATIAL_ISLANDS,1,116264426,Calculation Time [millis],0.0,0.0,0.01,34.0,4518,0.0
2026-05-19T10:01:53.432963800Z,TaxiAlgorithmP2PCollector,2,100,6,80,1,nearest,1,4,1,false,none,none,SPATIAL_ISLANDS,1,116264426,Custom Time [micros],0.0,0.0,0.0,0.0,4518,0.0
2026-05-19T10:01:53.539963600Z,TaxiAlgorithmP2PCollector,2,100,6,80,1,nearest,1,4,1,false,none,none,SPATIAL_ISLANDS,2,116264427,Taxi Travel Distance [km],0.63,4.08,2.13,12.78,6,3.45
2026-05-19T10:01:53.539963600Z,TaxiAlgorithmP2PCollector,2,100,6,80,1,nearest,1,4,1,false,none,none,SPATIAL_ISLANDS,2,116264427,Client Waiting Time [min],0.03,12.77,4.76,147.6,31,12.74
2026-05-19T10:01:53.539963600Z,TaxiAlgorithmP2PCollector,2,100,6,80,1,nearest,1,4,1,false,none,none,SPATIAL_ISLANDS,2,116264427,Client Travel Time [min],17.0,858.0,354.15,28332.0,80,841.0
2026-05-19T10:01:53.539963600Z,TaxiAlgorithmP2PCollector,2,100,6,80,1,nearest,1,4,1,false,none,none,SPATIAL_ISLANDS,2,116264427,Calculation Time [millis],0.0,0.0,0.01,35.0,4655,0.0
2026-05-19T10:01:53.539963600Z,TaxiAlgorithmP2PCollector,2,100,6,80,1,nearest,1,4,1,false,none,none,SPATIAL_ISLANDS,2,116264427,Custom Time [micros],0.0,0.0,0.0,0.0,4655,0.0
2026-05-19T10:01:53.633961400Z,TaxiAlgorithmP2PCollector,2,100,6,80,1,nearest,1,4,1,false,none,none,SPATIAL_ISLANDS,3,116264428,Taxi Travel Distance [km],0.0,1.64,0.93,5.59,6,1.64
2026-05-19T10:01:53.633961400Z,TaxiAlgorithmP2PCollector,2,100,6,80,1,nearest,1,4,1,false,none,none,SPATIAL_ISLANDS,3,116264428,Client Waiting Time [min],0.08,11.38,5.82,104.83,18,11.3
2026-05-19T10:01:53.633961400Z,TaxiAlgorithmP2PCollector,2,100,6,80,1,nearest,1,4,1,false,none,none,SPATIAL_ISLANDS,3,116264428,Client Travel Time [min],19.0,975.0,426.94,34155.0,80,956.0
2026-05-19T10:01:53.633961400Z,TaxiAlgorithmP2PCollector,2,100,6,80,1,nearest,1,4,1,false,none,none,SPATIAL_ISLANDS,3,116264428,Calculation Time [millis],0.0,0.0,0.01,35.0,4538,0.0
2026-05-19T10:01:53.633961400Z,TaxiAlgorithmP2PCollector,2,100,6,80,1,nearest,1,4,1,false,none,none,SPATIAL_ISLANDS,3,116264428,Custom Time [micros],0.0,0.0,0.0,0.0,4538,0.0
2026-05-19T10:01:53.741962500Z,TaxiAlgorithmP2PCollector,2,100,6,80,1,nearest,1,4,1,false,none,none,SPATIAL_ISLANDS,4,116264429,Taxi Travel Distance [km],0.46,3.33,1.42,8.52,6,2.87
2026-05-19T10:01:53.741962500Z,TaxiAlgorithmP2PCollector,2,100,6,80,1,nearest,1,4,1,false,none,none,SPATIAL_ISLANDS,4,116264429,Client Waiting Time [min],0.05,14.05,5.78,144.42,25,14.0
2026-05-19T10:01:53.741962500Z,TaxiAlgorithmP2PCollector,2,100,6,80,1,nearest,1,4,1,false,none,none,SPATIAL_ISLANDS,4,116264429,Client Travel Time [min],20.0,849.0,396.76,31741.0,80,829.0
2026-05-19T10:01:53.741962500Z,TaxiAlgorithmP2PCollector,2,100,6,80,1,nearest,1,4,1,false,none,none,SPATIAL_ISLANDS,4,116264429,Calculation Time [millis],0.0,0.0,0.01,36.0,4776,0.0
2026-05-19T10:01:53.741962500Z,TaxiAlgorithmP2PCollector,2,100,6,80,1,nearest,1,4,1,false,none,none,SPATIAL_ISLANDS,4,116264429,Custom Time [micros],0.0,0.0,0.0,0.0,4776,0.0
2026-05-19T10:01:53.835961300Z,TaxiAlgorithmP2PCollector,2,100,6,80,1,nearest,1,4,1,false,none,none,SPATIAL_ISLANDS,5,116264430,Taxi Travel Distance [km],0.48,2.22,1.33,7.95,6,1.7400000000000002
2026-05-19T10:01:53.835961300Z,TaxiAlgorithmP2PCollector,2,100,6,80,1,nearest,1,4,1,false,none,none,SPATIAL_ISLANDS,5,116264430,Client Waiting Time [min],0.07,12.87,3.36,73.9,22,12.799999999999999
2026-05-19T10:01:53.835961300Z,TaxiAlgorithmP2PCollector,2,100,6,80,1,nearest,1,4,1,false,none,none,SPATIAL_ISLANDS,5,116264430,Client Travel Time [min],11.0,798.0,370.98,29678.0,80,787.0
2026-05-19T10:01:53.835961300Z,TaxiAlgorithmP2PCollector,2,100,6,80,1,nearest,1,4,1,false,none,none,SPATIAL_ISLANDS,5,116264430,Calculation Time [millis],0.0,1.0,0.01,34.0,4392,1.0
2026-05-19T10:01:53.835961300Z,TaxiAlgorithmP2PCollector,2,100,6,80,1,nearest,1,4,1,false,none,none,SPATIAL_ISLANDS,5,116264430,Custom Time [micros],0.0,0.0,0.0,0.0,4392,0.0
2026-05-19T10:01:53.943963300Z,TaxiAlgorithmP2PCollector,2,100,6,80,1,nearest,1,4,1,false,none,none,SPATIAL_ISLANDS,6,116264431,Taxi Travel Distance [km],0.0,3.22,1.51,9.08,6,3.22
2026-05-19T10:01:53.943963300Z,TaxiAlgorithmP2PCollector,2,100,6,80,1,nearest,1,4,1,false,none,none,SPATIAL_ISLANDS,6,116264431,Client Waiting Time [min],0.05,10.35,4.13,99.22,24,10.299999999999999
2026-05-19T10:01:53.943963300Z,TaxiAlgorithmP2PCollector,2,100,6,80,1,nearest,1,4,1,false,none,none,SPATIAL_ISLANDS,6,116264431,Client Travel Time [min],9.0,788.0,373.98,29918.0,80,779.0
2026-05-19T10:01:53.943963300Z,TaxiAlgorithmP2PCollector,2,100,6,80,1,nearest,1,4,1,false,none,none,SPATIAL_ISLANDS,6,116264431,Calculation Time [millis],0.0,0.0,0.01,35.0,4451,0.0
2026-05-19T10:01:53.943963300Z,TaxiAlgorithmP2PCollector,2,100,6,80,1,nearest,1,4,1,false,none,none,SPATIAL_ISLANDS,6,116264431,Custom Time [micros],0.0,0.0,0.0,0.0,4451,0.0
2026-05-19T10:01:54.036740400Z,TaxiAlgorithmP2PCollector,2,100,6,80,1,nearest,1,4,1,false,none,none,SPATIAL_ISLANDS,7,116264432,Taxi Travel Distance [km],0.22,1.99,0.84,5.01,6,1.77
2026-05-19T10:01:54.036740400Z,TaxiAlgorithmP2PCollector,2,100,6,80,1,nearest,1,4,1,false,none,none,SPATIAL_ISLANDS,7,116264432,Client Waiting Time [min],0.05,9.32,4.38,56.98,13,9.27
2026-05-19T10:01:54.036740400Z,TaxiAlgorithmP2PCollector,2,100,6,80,1,nearest,1,4,1,false,none,none,SPATIAL_ISLANDS,7,116264432,Client Travel Time [min],33.0,814.0,405.6,32448.0,80,781.0
2026-05-19T10:01:54.036740400Z,TaxiAlgorithmP2PCollector,2,100,6,80,1,nearest,1,4,1,false,none,none,SPATIAL_ISLANDS,7,116264432,Calculation Time [millis],0.0,0.0,0.01,35.0,4651,0.0
2026-05-19T10:01:54.036740400Z,TaxiAlgorithmP2PCollector,2,100,6,80,1,nearest,1,4,1,false,none,none,SPATIAL_ISLANDS,7,116264432,Custom Time [micros],0.0,0.0,0.0,0.0,4651,0.0
2026-05-19T10:01:54.143650100Z,TaxiAlgorithmP2PCollector,2,100,6,80,1,nearest,1,4,1,false,none,none,SPATIAL_ISLANDS,8,116264433,Taxi Travel Distance [km],0.42,1.77,1.0,5.97,6,1.35
2026-05-19T10:01:54.143650100Z,TaxiAlgorithmP2PCollector,2,100,6,80,1,nearest,1,4,1,false,none,none,SPATIAL_ISLANDS,8,116264433,Client Waiting Time [min],0.08,12.53,6.12,116.37,19,12.45
2026-05-19T10:01:54.143650100Z,TaxiAlgorithmP2PCollector,2,100,6,80,1,nearest,1,4,1,false,none,none,SPATIAL_ISLANDS,8,116264433,Client Travel Time [min],12.0,836.0,447.6,35808.0,80,824.0
2026-05-19T10:01:54.143650100Z,TaxiAlgorithmP2PCollector,2,100,6,80,1,nearest,1,4,1,false,none,none,SPATIAL_ISLANDS,8,116264433,Calculation Time [millis],0.0,1.0,0.01,38.0,4633,1.0
2026-05-19T10:01:54.143650100Z,TaxiAlgorithmP2PCollector,2,100,6,80,1,nearest,1,4,1,false,none,none,SPATIAL_ISLANDS,8,116264433,Custom Time [micros],0.0,0.0,0.0,0.0,4633,0.0
2026-05-19T10:01:54.251257900Z,TaxiAlgorithmP2PCollector,2,100,6,80,1,nearest,1,4,1,false,none,none,SPATIAL_ISLANDS,9,116264434,Taxi Travel Distance [km],1.7,2.82,2.19,13.14,6,1.1199999999999999
2026-05-19T10:01:54.251257900Z,TaxiAlgorithmP2PCollector,2,100,6,80,1,nearest,1,4,1,false,none,none,SPATIAL_ISLANDS,9,116264434,Client Waiting Time [min],0.07,11.77,4.49,139.3,31,11.7
2026-05-19T10:01:54.251257900Z,TaxiAlgorithmP2PCollector,2,100,6,80,1,nearest,1,4,1,false,none,none,SPATIAL_ISLANDS,9,116264434,Client Travel Time [min],27.0,984.0,354.11,28329.0,80,957.0
2026-05-19T10:01:54.251257900Z,TaxiAlgorithmP2PCollector,2,100,6,80,1,nearest,1,4,1,false,none,none,SPATIAL_ISLANDS,9,116264434,Calculation Time [millis],0.0,0.0,0.01,37.0,4581,0.0
2026-05-19T10:01:54.251257900Z,TaxiAlgorithmP2PCollector,2,100,6,80,1,nearest,1,4,1,false,none,none,SPATIAL_ISLANDS,9,116264434,Custom Time [micros],0.0,0.0,0.0,0.0,4581,0.0
2026-05-19T10:01:54.344667700Z,TaxiAlgorithmP2PCollector,2,100,6,80,1,nearest,1,4,1,false,none,none,SPATIAL_ISLANDS,10,116264435,Taxi Travel Distance [km],0.29,2.58,1.51,9.04,6,2.29
2026-05-19T10:01:54.344667700Z,TaxiAlgorithmP2PCollector,2,100,6,80,1,nearest,1,4,1,false,none,none,SPATIAL_ISLANDS,10,116264435,Client Waiting Time [min],0.05,11.88,4.48,107.57,24,11.83
2026-05-19T10:01:54.344667700Z,TaxiAlgorithmP2PCollector,2,100,6,80,1,nearest,1,4,1,false,none,none,SPATIAL_ISLANDS,10,116264435,Client Travel Time [min],17.0,811.0,373.33,29866.0,80,794.0
2026-05-19T10:01:54.344667700Z,TaxiAlgorithmP2PCollector,2,100,6,80,1,nearest,1,4,1,false,none,none,SPATIAL_ISLANDS,10,116264435,Calculation Time [millis],0.0,0.0,0.01,34.0,4523,0.0
2026-05-19T10:01:54.344667700Z,TaxiAlgorithmP2PCollector,2,100,6,80,1,nearest,1,4,1,false,none,none,SPATIAL_ISLANDS,10,116264435,Custom Time [micros],0.0,0.0,0.0,0.0,4523,0.0
2026-05-19T10:01:54.484671800Z,TaxiAlgorithmP2PCollector,2,100,6,80,1,nearest,1,4,1,true,page-rank,page-rank,BASELINE,1,116264426,Taxi Travel Distance [km],36.61,42.54,39.99,239.95,6,5.93
2026-05-19T10:01:54.484671800Z,TaxiAlgorithmP2PCollector,2,100,6,80,1,nearest,1,4,1,true,page-rank,page-rank,BASELINE,1,116264426,Client Waiting Time [min],0.05,3.83,1.04,79.4,76,3.7800000000000002
2026-05-19T10:01:54.484671800Z,TaxiAlgorithmP2PCollector,2,100,6,80,1,nearest,1,4,1,true,page-rank,page-rank,BASELINE,1,116264426,Client Travel Time [min],9.0,242.0,81.9,6552.0,80,233.0
2026-05-19T10:01:54.484671800Z,TaxiAlgorithmP2PCollector,2,100,6,80,1,nearest,1,4,1,true,page-rank,page-rank,BASELINE,1,116264426,Calculation Time [millis],0.0,0.0,0.02,78.0,4001,0.0
2026-05-19T10:01:54.484671800Z,TaxiAlgorithmP2PCollector,2,100,6,80,1,nearest,1,4,1,true,page-rank,page-rank,BASELINE,1,116264426,Custom Time [micros],0.0,0.0,0.0,0.0,4001,0.0
2026-05-19T10:01:54.654668700Z,TaxiAlgorithmP2PCollector,2,100,6,80,1,nearest,1,4,1,true,page-rank,page-rank,BASELINE,2,116264427,Taxi Travel Distance [km],46.13,51.96,48.29,289.76,6,5.829999999999998
2026-05-19T10:01:54.654668700Z,TaxiAlgorithmP2PCollector,2,100,6,80,1,nearest,1,4,1,true,page-rank,page-rank,BASELINE,2,116264427,Client Waiting Time [min],0.05,7.0,1.32,93.8,71,6.95
2026-05-19T10:01:54.654668700Z,TaxiAlgorithmP2PCollector,2,100,6,80,1,nearest,1,4,1,true,page-rank,page-rank,BASELINE,2,116264427,Client Travel Time [min],12.0,427.0,101.88,8150.0,80,415.0
2026-05-19T10:01:54.654668700Z,TaxiAlgorithmP2PCollector,2,100,6,80,1,nearest,1,4,1,true,page-rank,page-rank,BASELINE,2,116264427,Calculation Time [millis],0.0,1.0,0.02,100.0,4065,1.0
2026-05-19T10:01:54.654668700Z,TaxiAlgorithmP2PCollector,2,100,6,80,1,nearest,1,4,1,true,page-rank,page-rank,BASELINE,2,116264427,Custom Time [micros],0.0,0.0,0.0,0.0,4065,0.0
2026-05-19T10:01:54.825265400Z,TaxiAlgorithmP2PCollector,2,100,6,80,1,nearest,1,4,1,true,page-rank,page-rank,BASELINE,3,116264428,Taxi Travel Distance [km],40.4,49.3,43.86,263.17,6,8.899999999999999
2026-05-19T10:01:54.825265400Z,TaxiAlgorithmP2PCollector,2,100,6,80,1,nearest,1,4,1,true,page-rank,page-rank,BASELINE,3,116264428,Client Waiting Time [min],0.05,5.93,1.18,94.53,80,5.88
2026-05-19T10:01:54.825265400Z,TaxiAlgorithmP2PCollector,2,100,6,80,1,nearest,1,4,1,true,page-rank,page-rank,BASELINE,3,116264428,Client Travel Time [min],18.0,365.0,91.73,7338.0,80,347.0
2026-05-19T10:01:54.825265400Z,TaxiAlgorithmP2PCollector,2,100,6,80,1,nearest,1,4,1,true,page-rank,page-rank,BASELINE,3,116264428,Calculation Time [millis],0.0,1.0,0.02,91.0,4004,1.0
2026-05-19T10:01:54.825265400Z,TaxiAlgorithmP2PCollector,2,100,6,80,1,nearest,1,4,1,true,page-rank,page-rank,BASELINE,3,116264428,Custom Time [micros],0.0,0.0,0.0,0.0,4004,0.0
2026-05-19T10:01:54.981268400Z,TaxiAlgorithmP2PCollector,2,100,6,80,1,nearest,1,4,1,true,page-rank,page-rank,BASELINE,4,116264429,Taxi Travel Distance [km],38.63,44.64,41.85,251.09,6,6.009999999999998
2026-05-19T10:01:54.981268400Z,TaxiAlgorithmP2PCollector,2,100,6,80,1,nearest,1,4,1,true,page-rank,page-rank,BASELINE,4,116264429,Client Waiting Time [min],0.05,5.5,1.05,79.82,76,5.45
2026-05-19T10:01:54.981268400Z,TaxiAlgorithmP2PCollector,2,100,6,80,1,nearest,1,4,1,true,page-rank,page-rank,BASELINE,4,116264429,Client Travel Time [min],11.0,331.0,87.24,6979.0,80,320.0
2026-05-19T10:01:54.981268400Z,TaxiAlgorithmP2PCollector,2,100,6,80,1,nearest,1,4,1,true,page-rank,page-rank,BASELINE,4,116264429,Calculation Time [millis],0.0,0.0,0.02,91.0,4077,0.0
2026-05-19T10:01:54.981268400Z,TaxiAlgorithmP2PCollector,2,100,6,80,1,nearest,1,4,1,true,page-rank,page-rank,BASELINE,4,116264429,Custom Time [micros],0.0,0.0,0.0,0.0,4077,0.0
2026-05-19T10:01:55.135266900Z,TaxiAlgorithmP2PCollector,2,100,6,80,1,nearest,1,4,1,true,page-rank,page-rank,BASELINE,5,116264430,Taxi Travel Distance [km],43.13,48.04,45.81,274.86,6,4.909999999999997
2026-05-19T10:01:55.135266900Z,TaxiAlgorithmP2PCollector,2,100,6,80,1,nearest,1,4,1,true,page-rank,page-rank,BASELINE,5,116264430,Client Waiting Time [min],0.05,5.67,1.2,92.33,77,5.62
2026-05-19T10:01:55.135266900Z,TaxiAlgorithmP2PCollector,2,100,6,80,1,nearest,1,4,1,true,page-rank,page-rank,BASELINE,5,116264430,Client Travel Time [min],20.0,361.0,95.49,7639.0,80,341.0
2026-05-19T10:01:55.135266900Z,TaxiAlgorithmP2PCollector,2,100,6,80,1,nearest,1,4,1,true,page-rank,page-rank,BASELINE,5,116264430,Calculation Time [millis],0.0,0.0,0.02,92.0,4041,0.0
2026-05-19T10:01:55.135266900Z,TaxiAlgorithmP2PCollector,2,100,6,80,1,nearest,1,4,1,true,page-rank,page-rank,BASELINE,5,116264430,Custom Time [micros],0.0,0.0,0.0,0.0,4041,0.0
2026-05-19T10:01:55.291863800Z,TaxiAlgorithmP2PCollector,2,100,6,80,1,nearest,1,4,1,true,page-rank,page-rank,BASELINE,6,116264431,Taxi Travel Distance [km],46.93,50.88,48.07,288.45,6,3.950000000000003
2026-05-19T10:01:55.291863800Z,TaxiAlgorithmP2PCollector,2,100,6,80,1,nearest,1,4,1,true,page-rank,page-rank,BASELINE,6,116264431,Client Waiting Time [min],0.05,4.15,1.21,94.0,78,4.1000000000000005
2026-05-19T10:01:55.291863800Z,TaxiAlgorithmP2PCollector,2,100,6,80,1,nearest,1,4,1,true,page-rank,page-rank,BASELINE,6,116264431,Client Travel Time [min],11.0,253.0,92.19,7375.0,80,242.0
2026-05-19T10:01:55.291863800Z,TaxiAlgorithmP2PCollector,2,100,6,80,1,nearest,1,4,1,true,page-rank,page-rank,BASELINE,6,116264431,Calculation Time [millis],0.0,1.0,0.02,98.0,4212,1.0
2026-05-19T10:01:55.291863800Z,TaxiAlgorithmP2PCollector,2,100,6,80,1,nearest,1,4,1,true,page-rank,page-rank,BASELINE,6,116264431,Custom Time [micros],0.0,0.0,0.0,0.0,4212,0.0
2026-05-19T10:01:55.462862800Z,TaxiAlgorithmP2PCollector,2,100,6,80,1,nearest,1,4,1,true,page-rank,page-rank,BASELINE,7,116264432,Taxi Travel Distance [km],41.93,46.66,44.77,268.65,6,4.729999999999997
2026-05-19T10:01:55.462862800Z,TaxiAlgorithmP2PCollector,2,100,6,80,1,nearest,1,4,1,true,page-rank,page-rank,BASELINE,7,116264432,Client Waiting Time [min],0.05,5.28,1.1,84.63,77,5.23
2026-05-19T10:01:55.462862800Z,TaxiAlgorithmP2PCollector,2,100,6,80,1,nearest,1,4,1,true,page-rank,page-rank,BASELINE,7,116264432,Client Travel Time [min],6.0,323.0,86.95,6956.0,80,317.0
2026-05-19T10:01:55.462862800Z,TaxiAlgorithmP2PCollector,2,100,6,80,1,nearest,1,4,1,true,page-rank,page-rank,BASELINE,7,116264432,Calculation Time [millis],0.0,1.0,0.02,94.0,4143,1.0
2026-05-19T10:01:55.462862800Z,TaxiAlgorithmP2PCollector,2,100,6,80,1,nearest,1,4,1,true,page-rank,page-rank,BASELINE,7,116264432,Custom Time [micros],0.0,0.0,0.0,0.0,4143,0.0
2026-05-19T10:01:55.649910Z,TaxiAlgorithmP2PCollector,2,100,6,80,1,nearest,1,4,1,true,page-rank,page-rank,BASELINE,8,116264433,Taxi Travel Distance [km],48.76,57.05,51.91,311.44,6,8.29
2026-05-19T10:01:55.649910Z,TaxiAlgorithmP2PCollector,2,100,6,80,1,nearest,1,4,1,true,page-rank,page-rank,BASELINE,8,116264433,Client Waiting Time [min],0.03,8.58,1.54,120.32,78,8.55
2026-05-19T10:01:55.649910Z,TaxiAlgorithmP2PCollector,2,100,6,80,1,nearest,1,4,1,true,page-rank,page-rank,BASELINE,8,116264433,Client Travel Time [min],18.0,578.0,119.36,9549.0,80,560.0
2026-05-19T10:01:55.649910Z,TaxiAlgorithmP2PCollector,2,100,6,80,1,nearest,1,4,1,true,page-rank,page-rank,BASELINE,8,116264433,Calculation Time [millis],0.0,1.0,0.03,108.0,4225,1.0
2026-05-19T10:01:55.649910Z,TaxiAlgorithmP2PCollector,2,100,6,80,1,nearest,1,4,1,true,page-rank,page-rank,BASELINE,8,116264433,Custom Time [micros],0.0,0.0,0.0,0.0,4225,0.0
2026-05-19T10:01:55.806924400Z,TaxiAlgorithmP2PCollector,2,100,6,80,1,nearest,1,4,1,true,page-rank,page-rank,BASELINE,9,116264434,Taxi Travel Distance [km],41.12,52.45,47.51,285.05,6,11.330000000000005
2026-05-19T10:01:55.806924400Z,TaxiAlgorithmP2PCollector,2,100,6,80,1,nearest,1,4,1,true,page-rank,page-rank,BASELINE,9,116264434,Client Waiting Time [min],0.03,6.65,1.31,99.65,76,6.62
2026-05-19T10:01:55.806924400Z,TaxiAlgorithmP2PCollector,2,100,6,80,1,nearest,1,4,1,true,page-rank,page-rank,BASELINE,9,116264434,Client Travel Time [min],15.0,424.0,100.74,8059.0,80,409.0
2026-05-19T10:01:55.806924400Z,TaxiAlgorithmP2PCollector,2,100,6,80,1,nearest,1,4,1,true,page-rank,page-rank,BASELINE,9,116264434,Calculation Time [millis],0.0,0.0,0.03,102.0,4057,0.0
2026-05-19T10:01:55.806924400Z,TaxiAlgorithmP2PCollector,2,100,6,80,1,nearest,1,4,1,true,page-rank,page-rank,BASELINE,9,116264434,Custom Time [micros],0.0,0.0,0.0,0.0,4057,0.0
2026-05-19T10:01:55.976920800Z,TaxiAlgorithmP2PCollector,2,100,6,80,1,nearest,1,4,1,true,page-rank,page-rank,BASELINE,10,116264435,Taxi Travel Distance [km],42.02,48.94,46.32,277.91,6,6.919999999999995
2026-05-19T10:01:55.976920800Z,TaxiAlgorithmP2PCollector,2,100,6,80,1,nearest,1,4,1,true,page-rank,page-rank,BASELINE,10,116264435,Client Waiting Time [min],0.03,6.12,1.26,97.17,77,6.09
2026-05-19T10:01:55.976920800Z,TaxiAlgorithmP2PCollector,2,100,6,80,1,nearest,1,4,1,true,page-rank,page-rank,BASELINE,10,116264435,Client Travel Time [min],9.0,380.0,97.96,7837.0,80,371.0
2026-05-19T10:01:55.976920800Z,TaxiAlgorithmP2PCollector,2,100,6,80,1,nearest,1,4,1,true,page-rank,page-rank,BASELINE,10,116264435,Calculation Time [millis],0.0,0.0,0.03,106.0,4076,0.0
2026-05-19T10:01:55.976920800Z,TaxiAlgorithmP2PCollector,2,100,6,80,1,nearest,1,4,1,true,page-rank,page-rank,BASELINE,10,116264435,Custom Time [micros],0.0,0.0,0.0,0.0,4076,0.0
2026-05-19T10:01:56.085921600Z,TaxiAlgorithmP2PCollector,2,100,6,80,1,nearest,1,4,1,true,page-rank,page-rank,RUSH_HOUR,1,116264426,Taxi Travel Distance [km],1.56,9.99,5.19,31.14,6,8.43
2026-05-19T10:01:56.085921600Z,TaxiAlgorithmP2PCollector,2,100,6,80,1,nearest,1,4,1,true,page-rank,page-rank,RUSH_HOUR,1,116264426,Client Waiting Time [min],0.08,11.23,3.28,137.63,42,11.15
2026-05-19T10:01:56.085921600Z,TaxiAlgorithmP2PCollector,2,100,6,80,1,nearest,1,4,1,true,page-rank,page-rank,RUSH_HOUR,1,116264426,Client Travel Time [min],17.0,792.0,283.46,22677.0,80,775.0
2026-05-19T10:01:56.085921600Z,TaxiAlgorithmP2PCollector,2,100,6,80,1,nearest,1,4,1,true,page-rank,page-rank,RUSH_HOUR,1,116264426,Calculation Time [millis],0.0,1.0,0.01,39.0,4232,1.0
2026-05-19T10:01:56.085921600Z,TaxiAlgorithmP2PCollector,2,100,6,80,1,nearest,1,4,1,true,page-rank,page-rank,RUSH_HOUR,1,116264426,Custom Time [micros],0.0,0.0,0.0,0.0,4232,0.0
2026-05-19T10:01:56.197936400Z,TaxiAlgorithmP2PCollector,2,100,6,80,1,nearest,1,4,1,true,page-rank,page-rank,RUSH_HOUR,2,116264427,Taxi Travel Distance [km],2.98,13.63,5.97,35.81,6,10.65
2026-05-19T10:01:56.197936400Z,TaxiAlgorithmP2PCollector,2,100,6,80,1,nearest,1,4,1,true,page-rank,page-rank,RUSH_HOUR,2,116264427,Client Waiting Time [min],0.05,8.57,2.75,132.15,48,8.52
2026-05-19T10:01:56.197936400Z,TaxiAlgorithmP2PCollector,2,100,6,80,1,nearest,1,4,1,true,page-rank,page-rank,RUSH_HOUR,2,116264427,Client Travel Time [min],16.0,961.0,245.63,19650.0,80,945.0
2026-05-19T10:01:56.197936400Z,TaxiAlgorithmP2PCollector,2,100,6,80,1,nearest,1,4,1,true,page-rank,page-rank,RUSH_HOUR,2,116264427,Calculation Time [millis],0.0,0.0,0.01,40.0,4010,0.0
2026-05-19T10:01:56.197936400Z,TaxiAlgorithmP2PCollector,2,100,6,80,1,nearest,1,4,1,true,page-rank,page-rank,RUSH_HOUR,2,116264427,Custom Time [micros],0.0,0.0,0.0,0.0,4010,0.0
2026-05-19T10:01:56.290934600Z,TaxiAlgorithmP2PCollector,2,100,6,80,1,nearest,1,4,1,true,page-rank,page-rank,RUSH_HOUR,3,116264428,Taxi Travel Distance [km],2.44,8.9,4.95,29.68,6,6.460000000000001
2026-05-19T10:01:56.290934600Z,TaxiAlgorithmP2PCollector,2,100,6,80,1,nearest,1,4,1,true,page-rank,page-rank,RUSH_HOUR,3,116264428,Client Waiting Time [min],0.1,15.23,4.8,211.33,44,15.13
2026-05-19T10:01:56.290934600Z,TaxiAlgorithmP2PCollector,2,100,6,80,1,nearest,1,4,1,true,page-rank,page-rank,RUSH_HOUR,3,116264428,Client Travel Time [min],38.0,951.0,350.0,28000.0,80,913.0
2026-05-19T10:01:56.290934600Z,TaxiAlgorithmP2PCollector,2,100,6,80,1,nearest,1,4,1,true,page-rank,page-rank,RUSH_HOUR,3,116264428,Calculation Time [millis],0.0,0.0,0.01,42.0,4242,0.0
2026-05-19T10:01:56.290934600Z,TaxiAlgorithmP2PCollector,2,100,6,80,1,nearest,1,4,1,true,page-rank,page-rank,RUSH_HOUR,3,116264428,Custom Time [micros],0.0,0.0,0.0,0.0,4242,0.0
2026-05-19T10:01:56.385946400Z,TaxiAlgorithmP2PCollector,2,100,6,80,1,nearest,1,4,1,true,page-rank,page-rank,RUSH_HOUR,4,116264429,Taxi Travel Distance [km],1.97,10.96,4.93,29.58,6,8.99
2026-05-19T10:01:56.385946400Z,TaxiAlgorithmP2PCollector,2,100,6,80,1,nearest,1,4,1,true,page-rank,page-rank,RUSH_HOUR,4,116264429,Client Waiting Time [min],0.07,10.35,3.28,127.78,39,10.28
2026-05-19T10:01:56.385946400Z,TaxiAlgorithmP2PCollector,2,100,6,80,1,nearest,1,4,1,true,page-rank,page-rank,RUSH_HOUR,4,116264429,Client Travel Time [min],24.0,825.0,294.53,23562.0,80,801.0
2026-05-19T10:01:56.385946400Z,TaxiAlgorithmP2PCollector,2,100,6,80,1,nearest,1,4,1,true,page-rank,page-rank,RUSH_HOUR,4,116264429,Calculation Time [millis],0.0,1.0,0.01,40.0,4138,1.0
2026-05-19T10:01:56.385946400Z,TaxiAlgorithmP2PCollector,2,100,6,80,1,nearest,1,4,1,true,page-rank,page-rank,RUSH_HOUR,4,116264429,Custom Time [micros],0.0,0.0,0.0,0.0,4138,0.0
2026-05-19T10:01:56.493985200Z,TaxiAlgorithmP2PCollector,2,100,6,80,1,nearest,1,4,1,true,page-rank,page-rank,RUSH_HOUR,5,116264430,Taxi Travel Distance [km],1.68,11.05,5.04,30.27,6,9.370000000000001
2026-05-19T10:01:56.493985200Z,TaxiAlgorithmP2PCollector,2,100,6,80,1,nearest,1,4,1,true,page-rank,page-rank,RUSH_HOUR,5,116264430,Client Waiting Time [min],0.03,12.27,3.78,192.77,51,12.24
2026-05-19T10:01:56.493985200Z,TaxiAlgorithmP2PCollector,2,100,6,80,1,nearest,1,4,1,true,page-rank,page-rank,RUSH_HOUR,5,116264430,Client Travel Time [min],11.0,905.0,309.31,24745.0,80,894.0
2026-05-19T10:01:56.493985200Z,TaxiAlgorithmP2PCollector,2,100,6,80,1,nearest,1,4,1,true,page-rank,page-rank,RUSH_HOUR,5,116264430,Calculation Time [millis],0.0,0.0,0.01,41.0,4360,0.0
2026-05-19T10:01:56.493985200Z,TaxiAlgorithmP2PCollector,2,100,6,80,1,nearest,1,4,1,true,page-rank,page-rank,RUSH_HOUR,5,116264430,Custom Time [micros],0.0,0.0,0.0,0.0,4360,0.0
2026-05-19T10:01:56.600985200Z,TaxiAlgorithmP2PCollector,2,100,6,80,1,nearest,1,4,1,true,page-rank,page-rank,RUSH_HOUR,6,116264431,Taxi Travel Distance [km],1.45,7.46,3.99,23.92,6,6.01
2026-05-19T10:01:56.600985200Z,TaxiAlgorithmP2PCollector,2,100,6,80,1,nearest,1,4,1,true,page-rank,page-rank,RUSH_HOUR,6,116264431,Client Waiting Time [min],0.07,8.95,3.77,139.37,37,8.879999999999999
2026-05-19T10:01:56.600985200Z,TaxiAlgorithmP2PCollector,2,100,6,80,1,nearest,1,4,1,true,page-rank,page-rank,RUSH_HOUR,6,116264431,Client Travel Time [min],17.0,829.0,334.73,26778.0,80,812.0
2026-05-19T10:01:56.600985200Z,TaxiAlgorithmP2PCollector,2,100,6,80,1,nearest,1,4,1,true,page-rank,page-rank,RUSH_HOUR,6,116264431,Calculation Time [millis],0.0,1.0,0.01,38.0,4043,1.0
2026-05-19T10:01:56.600985200Z,TaxiAlgorithmP2PCollector,2,100,6,80,1,nearest,1,4,1,true,page-rank,page-rank,RUSH_HOUR,6,116264431,Custom Time [micros],0.0,0.0,0.0,0.0,4043,0.0
2026-05-19T10:01:56.708510500Z,TaxiAlgorithmP2PCollector,2,100,6,80,1,nearest,1,4,1,true,page-rank,page-rank,RUSH_HOUR,7,116264432,Taxi Travel Distance [km],2.18,10.32,5.15,30.92,6,8.14
2026-05-19T10:01:56.708510500Z,TaxiAlgorithmP2PCollector,2,100,6,80,1,nearest,1,4,1,true,page-rank,page-rank,RUSH_HOUR,7,116264432,Client Waiting Time [min],0.03,10.8,3.87,158.8,41,10.770000000000001
2026-05-19T10:01:56.708510500Z,TaxiAlgorithmP2PCollector,2,100,6,80,1,nearest,1,4,1,true,page-rank,page-rank,RUSH_HOUR,7,116264432,Client Travel Time [min],25.0,669.0,298.18,23854.0,80,644.0
2026-05-19T10:01:56.708510500Z,TaxiAlgorithmP2PCollector,2,100,6,80,1,nearest,1,4,1,true,page-rank,page-rank,RUSH_HOUR,7,116264432,Calculation Time [millis],0.0,0.0,0.01,38.0,3967,0.0
2026-05-19T10:01:56.708510500Z,TaxiAlgorithmP2PCollector,2,100,6,80,1,nearest,1,4,1,true,page-rank,page-rank,RUSH_HOUR,7,116264432,Custom Time [micros],0.0,0.0,0.0,0.0,3967,0.0
2026-05-19T10:01:56.802507300Z,TaxiAlgorithmP2PCollector,2,100,6,80,1,nearest,1,4,1,true,page-rank,page-rank,RUSH_HOUR,8,116264433,Taxi Travel Distance [km],1.84,10.35,4.86,29.15,6,8.51
2026-05-19T10:01:56.802507300Z,TaxiAlgorithmP2PCollector,2,100,6,80,1,nearest,1,4,1,true,page-rank,page-rank,RUSH_HOUR,8,116264433,Client Waiting Time [min],0.07,9.63,3.71,144.77,39,9.56
2026-05-19T10:01:56.802507300Z,TaxiAlgorithmP2PCollector,2,100,6,80,1,nearest,1,4,1,true,page-rank,page-rank,RUSH_HOUR,8,116264433,Client Travel Time [min],8.0,917.0,341.88,27350.0,80,909.0
2026-05-19T10:01:56.802507300Z,TaxiAlgorithmP2PCollector,2,100,6,80,1,nearest,1,4,1,true,page-rank,page-rank,RUSH_HOUR,8,116264433,Calculation Time [millis],0.0,0.0,0.01,42.0,4478,0.0
2026-05-19T10:01:56.802507300Z,TaxiAlgorithmP2PCollector,2,100,6,80,1,nearest,1,4,1,true,page-rank,page-rank,RUSH_HOUR,8,116264433,Custom Time [micros],0.0,0.0,0.0,0.0,4478,0.0
2026-05-19T10:01:56.912022900Z,TaxiAlgorithmP2PCollector,2,100,6,80,1,nearest,1,4,1,true,page-rank,page-rank,RUSH_HOUR,9,116264434,Taxi Travel Distance [km],0.48,8.1,3.65,21.87,6,7.619999999999999
2026-05-19T10:01:56.912022900Z,TaxiAlgorithmP2PCollector,2,100,6,80,1,nearest,1,4,1,true,page-rank,page-rank,RUSH_HOUR,9,116264434,Client Waiting Time [min],0.08,12.82,3.57,125.0,35,12.74
2026-05-19T10:01:56.912022900Z,TaxiAlgorithmP2PCollector,2,100,6,80,1,nearest,1,4,1,true,page-rank,page-rank,RUSH_HOUR,9,116264434,Client Travel Time [min],20.0,869.0,315.4,25232.0,80,849.0
2026-05-19T10:01:56.912022900Z,TaxiAlgorithmP2PCollector,2,100,6,80,1,nearest,1,4,1,true,page-rank,page-rank,RUSH_HOUR,9,116264434,Calculation Time [millis],0.0,0.0,0.01,40.0,4716,0.0
2026-05-19T10:01:56.912022900Z,TaxiAlgorithmP2PCollector,2,100,6,80,1,nearest,1,4,1,true,page-rank,page-rank,RUSH_HOUR,9,116264434,Custom Time [micros],0.0,0.0,0.0,0.0,4716,0.0
2026-05-19T10:01:57.022033900Z,TaxiAlgorithmP2PCollector,2,100,6,80,1,nearest,1,4,1,true,page-rank,page-rank,RUSH_HOUR,10,116264435,Taxi Travel Distance [km],1.36,6.87,4.49,26.95,6,5.51
2026-05-19T10:01:57.022033900Z,TaxiAlgorithmP2PCollector,2,100,6,80,1,nearest,1,4,1,true,page-rank,page-rank,RUSH_HOUR,10,116264435,Client Waiting Time [min],0.05,9.37,3.18,146.48,46,9.319999999999999
2026-05-19T10:01:57.022033900Z,TaxiAlgorithmP2PCollector,2,100,6,80,1,nearest,1,4,1,true,page-rank,page-rank,RUSH_HOUR,10,116264435,Client Travel Time [min],6.0,823.0,265.83,21266.0,80,817.0
2026-05-19T10:01:57.022033900Z,TaxiAlgorithmP2PCollector,2,100,6,80,1,nearest,1,4,1,true,page-rank,page-rank,RUSH_HOUR,10,116264435,Calculation Time [millis],0.0,0.0,0.01,36.0,3952,0.0
2026-05-19T10:01:57.022033900Z,TaxiAlgorithmP2PCollector,2,100,6,80,1,nearest,1,4,1,true,page-rank,page-rank,RUSH_HOUR,10,116264435,Custom Time [micros],0.0,0.0,0.0,0.0,3952,0.0
2026-05-19T10:01:57.132058600Z,TaxiAlgorithmP2PCollector,2,100,6,80,1,nearest,1,4,1,true,page-rank,page-rank,SPATIAL_IMBALANCE,1,116264426,Taxi Travel Distance [km],1.44,20.06,7.15,42.93,6,18.619999999999997
2026-05-19T10:01:57.132058600Z,TaxiAlgorithmP2PCollector,2,100,6,80,1,nearest,1,4,1,true,page-rank,page-rank,SPATIAL_IMBALANCE,1,116264426,Client Waiting Time [min],0.05,8.27,1.44,86.13,60,8.219999999999999
2026-05-19T10:01:57.132058600Z,TaxiAlgorithmP2PCollector,2,100,6,80,1,nearest,1,4,1,true,page-rank,page-rank,SPATIAL_IMBALANCE,1,116264426,Client Travel Time [min],6.0,800.0,174.68,13974.0,80,794.0
2026-05-19T10:01:57.132058600Z,TaxiAlgorithmP2PCollector,2,100,6,80,1,nearest,1,4,1,true,page-rank,page-rank,SPATIAL_IMBALANCE,1,116264426,Calculation Time [millis],0.0,1.0,0.01,43.0,3991,1.0
2026-05-19T10:01:57.132058600Z,TaxiAlgorithmP2PCollector,2,100,6,80,1,nearest,1,4,1,true,page-rank,page-rank,SPATIAL_IMBALANCE,1,116264426,Custom Time [micros],0.0,0.0,0.0,0.0,3991,0.0
2026-05-19T10:01:57.240058800Z,TaxiAlgorithmP2PCollector,2,100,6,80,1,nearest,1,4,1,true,page-rank,page-rank,SPATIAL_IMBALANCE,2,116264427,Taxi Travel Distance [km],1.3,13.45,5.48,32.86,6,12.149999999999999
2026-05-19T10:01:57.240058800Z,TaxiAlgorithmP2PCollector,2,100,6,80,1,nearest,1,4,1,true,page-rank,page-rank,SPATIAL_IMBALANCE,2,116264427,Client Waiting Time [min],0.03,11.47,1.7,78.25,46,11.440000000000001
2026-05-19T10:01:57.240058800Z,TaxiAlgorithmP2PCollector,2,100,6,80,1,nearest,1,4,1,true,page-rank,page-rank,SPATIAL_IMBALANCE,2,116264427,Client Travel Time [min],8.0,703.0,201.38,16110.0,80,695.0
2026-05-19T10:01:57.240058800Z,TaxiAlgorithmP2PCollector,2,100,6,80,1,nearest,1,4,1,true,page-rank,page-rank,SPATIAL_IMBALANCE,2,116264427,Calculation Time [millis],0.0,0.0,0.01,37.0,4020,0.0
2026-05-19T10:01:57.240058800Z,TaxiAlgorithmP2PCollector,2,100,6,80,1,nearest,1,4,1,true,page-rank,page-rank,SPATIAL_IMBALANCE,2,116264427,Custom Time [micros],0.0,0.0,0.0,0.0,4020,0.0
2026-05-19T10:01:57.350070300Z,TaxiAlgorithmP2PCollector,2,100,6,80,1,nearest,1,4,1,true,page-rank,page-rank,SPATIAL_IMBALANCE,3,116264428,Taxi Travel Distance [km],0.93,17.07,7.67,46.02,6,16.14
2026-05-19T10:01:57.350070300Z,TaxiAlgorithmP2PCollector,2,100,6,80,1,nearest,1,4,1,true,page-rank,page-rank,SPATIAL_IMBALANCE,3,116264428,Client Waiting Time [min],0.03,12.75,1.65,92.18,56,12.72
2026-05-19T10:01:57.350070300Z,TaxiAlgorithmP2PCollector,2,100,6,80,1,nearest,1,4,1,true,page-rank,page-rank,SPATIAL_IMBALANCE,3,116264428,Client Travel Time [min],13.0,975.0,218.65,17492.0,80,962.0
2026-05-19T10:01:57.350070300Z,TaxiAlgorithmP2PCollector,2,100,6,80,1,nearest,1,4,1,true,page-rank,page-rank,SPATIAL_IMBALANCE,3,116264428,Calculation Time [millis],0.0,0.0,0.01,42.0,4054,0.0
2026-05-19T10:01:57.350070300Z,TaxiAlgorithmP2PCollector,2,100,6,80,1,nearest,1,4,1,true,page-rank,page-rank,SPATIAL_IMBALANCE,3,116264428,Custom Time [micros],0.0,0.0,0.0,0.0,4054,0.0
2026-05-19T10:01:57.478137400Z,TaxiAlgorithmP2PCollector,2,100,6,80,1,nearest,1,4,1,true,page-rank,page-rank,SPATIAL_IMBALANCE,4,116264429,Taxi Travel Distance [km],2.41,14.42,6.72,40.33,6,12.01
2026-05-19T10:01:57.478137400Z,TaxiAlgorithmP2PCollector,2,100,6,80,1,nearest,1,4,1,true,page-rank,page-rank,SPATIAL_IMBALANCE,4,116264429,Client Waiting Time [min],0.03,10.37,1.3,71.68,55,10.34
2026-05-19T10:01:57.478137400Z,TaxiAlgorithmP2PCollector,2,100,6,80,1,nearest,1,4,1,true,page-rank,page-rank,SPATIAL_IMBALANCE,4,116264429,Client Travel Time [min],11.0,768.0,184.68,14774.0,80,757.0
2026-05-19T10:01:57.478137400Z,TaxiAlgorithmP2PCollector,2,100,6,80,1,nearest,1,4,1,true,page-rank,page-rank,SPATIAL_IMBALANCE,4,116264429,Calculation Time [millis],0.0,0.0,0.01,45.0,4389,0.0
2026-05-19T10:01:57.478137400Z,TaxiAlgorithmP2PCollector,2,100,6,80,1,nearest,1,4,1,true,page-rank,page-rank,SPATIAL_IMBALANCE,4,116264429,Custom Time [micros],0.0,0.0,0.0,0.0,4389,0.0
2026-05-19T10:01:57.571173200Z,TaxiAlgorithmP2PCollector,2,100,6,80,1,nearest,1,4,1,true,page-rank,page-rank,SPATIAL_IMBALANCE,5,116264430,Taxi Travel Distance [km],1.22,21.99,6.68,40.07,6,20.77
2026-05-19T10:01:57.571173200Z,TaxiAlgorithmP2PCollector,2,100,6,80,1,nearest,1,4,1,true,page-rank,page-rank,SPATIAL_IMBALANCE,5,116264430,Client Waiting Time [min],0.05,7.5,1.48,80.0,54,7.45
2026-05-19T10:01:57.571173200Z,TaxiAlgorithmP2PCollector,2,100,6,80,1,nearest,1,4,1,true,page-rank,page-rank,SPATIAL_IMBALANCE,5,116264430,Client Travel Time [min],8.0,805.0,189.29,15143.0,80,797.0
2026-05-19T10:01:57.571173200Z,TaxiAlgorithmP2PCollector,2,100,6,80,1,nearest,1,4,1,true,page-rank,page-rank,SPATIAL_IMBALANCE,5,116264430,Calculation Time [millis],0.0,0.0,0.01,42.0,4116,0.0
2026-05-19T10:01:57.571173200Z,TaxiAlgorithmP2PCollector,2,100,6,80,1,nearest,1,4,1,true,page-rank,page-rank,SPATIAL_IMBALANCE,5,116264430,Custom Time [micros],0.0,0.0,0.0,0.0,4116,0.0
2026-05-19T10:01:57.680173300Z,TaxiAlgorithmP2PCollector,2,100,6,80,1,nearest,1,4,1,true,page-rank,page-rank,SPATIAL_IMBALANCE,6,116264431,Taxi Travel Distance [km],1.75,16.26,6.65,39.92,6,14.510000000000002
2026-05-19T10:01:57.680173300Z,TaxiAlgorithmP2PCollector,2,100,6,80,1,nearest,1,4,1,true,page-rank,page-rank,SPATIAL_IMBALANCE,6,116264431,Client Waiting Time [min],0.05,9.7,2.08,108.0,52,9.649999999999999
2026-05-19T10:01:57.680173300Z,TaxiAlgorithmP2PCollector,2,100,6,80,1,nearest,1,4,1,true,page-rank,page-rank,SPATIAL_IMBALANCE,6,116264431,Client Travel Time [min],10.0,761.0,206.48,16518.0,80,751.0
2026-05-19T10:01:57.680173300Z,TaxiAlgorithmP2PCollector,2,100,6,80,1,nearest,1,4,1,true,page-rank,page-rank,SPATIAL_IMBALANCE,6,116264431,Calculation Time [millis],0.0,1.0,0.01,43.0,4181,1.0
2026-05-19T10:01:57.680173300Z,TaxiAlgorithmP2PCollector,2,100,6,80,1,nearest,1,4,1,true,page-rank,page-rank,SPATIAL_IMBALANCE,6,116264431,Custom Time [micros],0.0,0.0,0.0,0.0,4181,0.0
2026-05-19T10:01:57.789007700Z,TaxiAlgorithmP2PCollector,2,100,6,80,1,nearest,1,4,1,true,page-rank,page-rank,SPATIAL_IMBALANCE,7,116264432,Taxi Travel Distance [km],2.15,14.03,6.39,38.32,6,11.879999999999999
2026-05-19T10:01:57.789007700Z,TaxiAlgorithmP2PCollector,2,100,6,80,1,nearest,1,4,1,true,page-rank,page-rank,SPATIAL_IMBALANCE,7,116264432,Client Waiting Time [min],0.03,8.52,1.46,67.35,46,8.49
2026-05-19T10:01:57.789007700Z,TaxiAlgorithmP2PCollector,2,100,6,80,1,nearest,1,4,1,true,page-rank,page-rank,SPATIAL_IMBALANCE,7,116264432,Client Travel Time [min],9.0,949.0,225.44,18035.0,80,940.0
2026-05-19T10:01:57.789007700Z,TaxiAlgorithmP2PCollector,2,100,6,80,1,nearest,1,4,1,true,page-rank,page-rank,SPATIAL_IMBALANCE,7,116264432,Calculation Time [millis],0.0,0.0,0.01,41.0,4378,0.0
2026-05-19T10:01:57.789007700Z,TaxiAlgorithmP2PCollector,2,100,6,80,1,nearest,1,4,1,true,page-rank,page-rank,SPATIAL_IMBALANCE,7,116264432,Custom Time [micros],0.0,0.0,0.0,0.0,4378,0.0
2026-05-19T10:01:57.913007800Z,TaxiAlgorithmP2PCollector,2,100,6,80,1,nearest,1,4,1,true,page-rank,page-rank,SPATIAL_IMBALANCE,8,116264433,Taxi Travel Distance [km],1.51,20.3,7.82,46.94,6,18.79
2026-05-19T10:01:57.913007800Z,TaxiAlgorithmP2PCollector,2,100,6,80,1,nearest,1,4,1,true,page-rank,page-rank,SPATIAL_IMBALANCE,8,116264433,Client Waiting Time [min],0.03,7.6,1.7,91.77,54,7.569999999999999
2026-05-19T10:01:57.913007800Z,TaxiAlgorithmP2PCollector,2,100,6,80,1,nearest,1,4,1,true,page-rank,page-rank,SPATIAL_IMBALANCE,8,116264433,Client Travel Time [min],7.0,725.0,207.03,16562.0,80,718.0
2026-05-19T10:01:57.913007800Z,TaxiAlgorithmP2PCollector,2,100,6,80,1,nearest,1,4,1,true,page-rank,page-rank,SPATIAL_IMBALANCE,8,116264433,Calculation Time [millis],0.0,1.0,0.01,47.0,4683,1.0
2026-05-19T10:01:57.913007800Z,TaxiAlgorithmP2PCollector,2,100,6,80,1,nearest,1,4,1,true,page-rank,page-rank,SPATIAL_IMBALANCE,8,116264433,Custom Time [micros],0.0,0.0,0.0,0.0,4683,0.0
2026-05-19T10:01:58.005007500Z,TaxiAlgorithmP2PCollector,2,100,6,80,1,nearest,1,4,1,true,page-rank,page-rank,SPATIAL_IMBALANCE,9,116264434,Taxi Travel Distance [km],1.34,16.03,7.1,42.6,6,14.690000000000001
2026-05-19T10:01:58.005007500Z,TaxiAlgorithmP2PCollector,2,100,6,80,1,nearest,1,4,1,true,page-rank,page-rank,SPATIAL_IMBALANCE,9,116264434,Client Waiting Time [min],0.03,7.53,1.59,85.68,54,7.5
2026-05-19T10:01:58.005007500Z,TaxiAlgorithmP2PCollector,2,100,6,80,1,nearest,1,4,1,true,page-rank,page-rank,SPATIAL_IMBALANCE,9,116264434,Client Travel Time [min],14.0,605.0,161.04,12883.0,80,591.0
2026-05-19T10:01:58.005007500Z,TaxiAlgorithmP2PCollector,2,100,6,80,1,nearest,1,4,1,true,page-rank,page-rank,SPATIAL_IMBALANCE,9,116264434,Calculation Time [millis],0.0,0.0,0.01,42.0,4343,0.0
2026-05-19T10:01:58.005007500Z,TaxiAlgorithmP2PCollector,2,100,6,80,1,nearest,1,4,1,true,page-rank,page-rank,SPATIAL_IMBALANCE,9,116264434,Custom Time [micros],0.0,0.0,0.0,0.0,4343,0.0
2026-05-19T10:01:58.114022700Z,TaxiAlgorithmP2PCollector,2,100,6,80,1,nearest,1,4,1,true,page-rank,page-rank,SPATIAL_IMBALANCE,10,116264435,Taxi Travel Distance [km],2.18,14.99,5.92,35.53,6,12.81
2026-05-19T10:01:58.114022700Z,TaxiAlgorithmP2PCollector,2,100,6,80,1,nearest,1,4,1,true,page-rank,page-rank,SPATIAL_IMBALANCE,10,116264435,Client Waiting Time [min],0.05,8.43,1.36,69.2,51,8.379999999999999
2026-05-19T10:01:58.114022700Z,TaxiAlgorithmP2PCollector,2,100,6,80,1,nearest,1,4,1,true,page-rank,page-rank,SPATIAL_IMBALANCE,10,116264435,Client Travel Time [min],9.0,910.0,191.9,15352.0,80,901.0
2026-05-19T10:01:58.114022700Z,TaxiAlgorithmP2PCollector,2,100,6,80,1,nearest,1,4,1,true,page-rank,page-rank,SPATIAL_IMBALANCE,10,116264435,Calculation Time [millis],0.0,0.0,0.01,44.0,4036,0.0
2026-05-19T10:01:58.114022700Z,TaxiAlgorithmP2PCollector,2,100,6,80,1,nearest,1,4,1,true,page-rank,page-rank,SPATIAL_IMBALANCE,10,116264435,Custom Time [micros],0.0,0.0,0.0,0.0,4036,0.0
2026-05-19T10:01:58.225023Z,TaxiAlgorithmP2PCollector,2,100,6,80,1,nearest,1,4,1,true,page-rank,page-rank,SPATIAL_ISLANDS,1,116264426,Taxi Travel Distance [km],5.47,7.79,6.81,40.84,6,2.3200000000000003
2026-05-19T10:01:58.225023Z,TaxiAlgorithmP2PCollector,2,100,6,80,1,nearest,1,4,1,true,page-rank,page-rank,SPATIAL_ISLANDS,1,116264426,Client Waiting Time [min],0.03,8.78,0.92,50.8,55,8.75
2026-05-19T10:01:58.225023Z,TaxiAlgorithmP2PCollector,2,100,6,80,1,nearest,1,4,1,true,page-rank,page-rank,SPATIAL_ISLANDS,1,116264426,Client Travel Time [min],8.0,713.0,181.38,14510.0,80,705.0
2026-05-19T10:01:58.225023Z,TaxiAlgorithmP2PCollector,2,100,6,80,1,nearest,1,4,1,true,page-rank,page-rank,SPATIAL_ISLANDS,1,116264426,Calculation Time [millis],0.0,1.0,0.01,42.0,4270,1.0
2026-05-19T10:01:58.225023Z,TaxiAlgorithmP2PCollector,2,100,6,80,1,nearest,1,4,1,true,page-rank,page-rank,SPATIAL_ISLANDS,1,116264426,Custom Time [micros],0.0,0.0,0.0,0.0,4270,0.0
2026-05-19T10:01:58.334036900Z,TaxiAlgorithmP2PCollector,2,100,6,80,1,nearest,1,4,1,true,page-rank,page-rank,SPATIAL_ISLANDS,2,116264427,Taxi Travel Distance [km],3.44,10.02,7.69,46.15,6,6.58
2026-05-19T10:01:58.334036900Z,TaxiAlgorithmP2PCollector,2,100,6,80,1,nearest,1,4,1,true,page-rank,page-rank,SPATIAL_ISLANDS,2,116264427,Client Waiting Time [min],0.03,11.08,1.39,87.47,63,11.05
2026-05-19T10:01:58.334036900Z,TaxiAlgorithmP2PCollector,2,100,6,80,1,nearest,1,4,1,true,page-rank,page-rank,SPATIAL_ISLANDS,2,116264427,Client Travel Time [min],10.0,796.0,157.69,12615.0,80,786.0
2026-05-19T10:01:58.334036900Z,TaxiAlgorithmP2PCollector,2,100,6,80,1,nearest,1,4,1,true,page-rank,page-rank,SPATIAL_ISLANDS,2,116264427,Calculation Time [millis],0.0,0.0,0.01,36.0,4014,0.0
2026-05-19T10:01:58.334036900Z,TaxiAlgorithmP2PCollector,2,100,6,80,1,nearest,1,4,1,true,page-rank,page-rank,SPATIAL_ISLANDS,2,116264427,Custom Time [micros],0.0,0.0,0.0,0.0,4014,0.0
2026-05-19T10:01:58.429034900Z,TaxiAlgorithmP2PCollector,2,100,6,80,1,nearest,1,4,1,true,page-rank,page-rank,SPATIAL_ISLANDS,3,116264428,Taxi Travel Distance [km],6.13,12.68,8.46,50.77,6,6.55
2026-05-19T10:01:58.429034900Z,TaxiAlgorithmP2PCollector,2,100,6,80,1,nearest,1,4,1,true,page-rank,page-rank,SPATIAL_ISLANDS,3,116264428,Client Waiting Time [min],0.03,9.87,0.88,57.3,65,9.84
2026-05-19T10:01:58.429034900Z,TaxiAlgorithmP2PCollector,2,100,6,80,1,nearest,1,4,1,true,page-rank,page-rank,SPATIAL_ISLANDS,3,116264428,Client Travel Time [min],10.0,735.0,146.46,11717.0,80,725.0
2026-05-19T10:01:58.429034900Z,TaxiAlgorithmP2PCollector,2,100,6,80,1,nearest,1,4,1,true,page-rank,page-rank,SPATIAL_ISLANDS,3,116264428,Calculation Time [millis],0.0,1.0,0.01,45.0,4287,1.0
2026-05-19T10:01:58.429034900Z,TaxiAlgorithmP2PCollector,2,100,6,80,1,nearest,1,4,1,true,page-rank,page-rank,SPATIAL_ISLANDS,3,116264428,Custom Time [micros],0.0,0.0,0.0,0.0,4287,0.0
2026-05-19T10:01:58.539094900Z,TaxiAlgorithmP2PCollector,2,100,6,80,1,nearest,1,4,1,true,page-rank,page-rank,SPATIAL_ISLANDS,4,116264429,Taxi Travel Distance [km],3.44,11.82,8.17,49.03,6,8.38
2026-05-19T10:01:58.539094900Z,TaxiAlgorithmP2PCollector,2,100,6,80,1,nearest,1,4,1,true,page-rank,page-rank,SPATIAL_ISLANDS,4,116264429,Client Waiting Time [min],0.03,9.1,1.04,62.47,60,9.07
2026-05-19T10:01:58.539094900Z,TaxiAlgorithmP2PCollector,2,100,6,80,1,nearest,1,4,1,true,page-rank,page-rank,SPATIAL_ISLANDS,4,116264429,Client Travel Time [min],7.0,712.0,157.48,12598.0,80,705.0
2026-05-19T10:01:58.539094900Z,TaxiAlgorithmP2PCollector,2,100,6,80,1,nearest,1,4,1,true,page-rank,page-rank,SPATIAL_ISLANDS,4,116264429,Calculation Time [millis],0.0,0.0,0.01,40.0,4197,0.0
2026-05-19T10:01:58.539094900Z,TaxiAlgorithmP2PCollector,2,100,6,80,1,nearest,1,4,1,true,page-rank,page-rank,SPATIAL_ISLANDS,4,116264429,Custom Time [micros],0.0,0.0,0.0,0.0,4197,0.0
2026-05-19T10:01:58.646100900Z,TaxiAlgorithmP2PCollector,2,100,6,80,1,nearest,1,4,1,true,page-rank,page-rank,SPATIAL_ISLANDS,5,116264430,Taxi Travel Distance [km],3.53,14.19,7.3,43.82,6,10.66
2026-05-19T10:01:58.646100900Z,TaxiAlgorithmP2PCollector,2,100,6,80,1,nearest,1,4,1,true,page-rank,page-rank,SPATIAL_ISLANDS,5,116264430,Client Waiting Time [min],0.03,10.4,1.67,99.95,60,10.370000000000001
2026-05-19T10:01:58.646100900Z,TaxiAlgorithmP2PCollector,2,100,6,80,1,nearest,1,4,1,true,page-rank,page-rank,SPATIAL_ISLANDS,5,116264430,Client Travel Time [min],8.0,637.0,180.03,14402.0,80,629.0
2026-05-19T10:01:58.646100900Z,TaxiAlgorithmP2PCollector,2,100,6,80,1,nearest,1,4,1,true,page-rank,page-rank,SPATIAL_ISLANDS,5,116264430,Calculation Time [millis],0.0,0.0,0.01,42.0,4392,0.0
2026-05-19T10:01:58.646100900Z,TaxiAlgorithmP2PCollector,2,100,6,80,1,nearest,1,4,1,true,page-rank,page-rank,SPATIAL_ISLANDS,5,116264430,Custom Time [micros],0.0,0.0,0.0,0.0,4392,0.0
2026-05-19T10:01:58.756135Z,TaxiAlgorithmP2PCollector,2,100,6,80,1,nearest,1,4,1,true,page-rank,page-rank,SPATIAL_ISLANDS,6,116264431,Taxi Travel Distance [km],4.05,14.2,7.43,44.58,6,10.149999999999999
2026-05-19T10:01:58.756135Z,TaxiAlgorithmP2PCollector,2,100,6,80,1,nearest,1,4,1,true,page-rank,page-rank,SPATIAL_ISLANDS,6,116264431,Client Waiting Time [min],0.03,7.43,0.55,29.83,54,7.3999999999999995
2026-05-19T10:01:58.756135Z,TaxiAlgorithmP2PCollector,2,100,6,80,1,nearest,1,4,1,true,page-rank,page-rank,SPATIAL_ISLANDS,6,116264431,Client Travel Time [min],5.0,740.0,163.53,13082.0,80,735.0
2026-05-19T10:01:58.756135Z,TaxiAlgorithmP2PCollector,2,100,6,80,1,nearest,1,4,1,true,page-rank,page-rank,SPATIAL_ISLANDS,6,116264431,Calculation Time [millis],0.0,1.0,0.01,44.0,4388,1.0
2026-05-19T10:01:58.756135Z,TaxiAlgorithmP2PCollector,2,100,6,80,1,nearest,1,4,1,true,page-rank,page-rank,SPATIAL_ISLANDS,6,116264431,Custom Time [micros],0.0,0.0,0.0,0.0,4388,0.0
2026-05-19T10:01:58.897137500Z,TaxiAlgorithmP2PCollector,2,100,6,80,1,nearest,1,4,1,true,page-rank,page-rank,SPATIAL_ISLANDS,7,116264432,Taxi Travel Distance [km],1.58,9.6,6.59,39.52,6,8.02
2026-05-19T10:01:58.897137500Z,TaxiAlgorithmP2PCollector,2,100,6,80,1,nearest,1,4,1,true,page-rank,page-rank,SPATIAL_ISLANDS,7,116264432,Client Waiting Time [min],0.03,9.23,1.55,79.0,51,9.200000000000001
2026-05-19T10:01:58.897137500Z,TaxiAlgorithmP2PCollector,2,100,6,80,1,nearest,1,4,1,true,page-rank,page-rank,SPATIAL_ISLANDS,7,116264432,Client Travel Time [min],6.0,891.0,212.19,16975.0,80,885.0
2026-05-19T10:01:58.897137500Z,TaxiAlgorithmP2PCollector,2,100,6,80,1,nearest,1,4,1,true,page-rank,page-rank,SPATIAL_ISLANDS,7,116264432,Calculation Time [millis],0.0,0.0,0.01,47.0,4602,0.0
2026-05-19T10:01:58.897137500Z,TaxiAlgorithmP2PCollector,2,100,6,80,1,nearest,1,4,1,true,page-rank,page-rank,SPATIAL_ISLANDS,7,116264432,Custom Time [micros],0.0,0.0,0.0,0.0,4602,0.0
2026-05-19T10:01:58.989135Z,TaxiAlgorithmP2PCollector,2,100,6,80,1,nearest,1,4,1,true,page-rank,page-rank,SPATIAL_ISLANDS,8,116264433,Taxi Travel Distance [km],1.85,16.91,8.14,48.84,6,15.06
2026-05-19T10:01:58.989135Z,TaxiAlgorithmP2PCollector,2,100,6,80,1,nearest,1,4,1,true,page-rank,page-rank,SPATIAL_ISLANDS,8,116264433,Client Waiting Time [min],0.03,11.37,1.48,90.0,61,11.34
2026-05-19T10:01:58.989135Z,TaxiAlgorithmP2PCollector,2,100,6,80,1,nearest,1,4,1,true,page-rank,page-rank,SPATIAL_ISLANDS,8,116264433,Client Travel Time [min],8.0,836.0,192.26,15381.0,80,828.0
2026-05-19T10:01:58.989135Z,TaxiAlgorithmP2PCollector,2,100,6,80,1,nearest,1,4,1,true,page-rank,page-rank,SPATIAL_ISLANDS,8,116264433,Calculation Time [millis],0.0,1.0,0.01,49.0,4106,1.0
2026-05-19T10:01:58.989135Z,TaxiAlgorithmP2PCollector,2,100,6,80,1,nearest,1,4,1,true,page-rank,page-rank,SPATIAL_ISLANDS,8,116264433,Custom Time [micros],0.0,0.0,0.0,0.0,4106,0.0
2026-05-19T10:01:59.128674400Z,TaxiAlgorithmP2PCollector,2,100,6,80,1,nearest,1,4,1,true,page-rank,page-rank,SPATIAL_ISLANDS,9,116264434,Taxi Travel Distance [km],4.04,12.67,7.37,44.23,6,8.629999999999999
2026-05-19T10:01:59.128674400Z,TaxiAlgorithmP2PCollector,2,100,6,80,1,nearest,1,4,1,true,page-rank,page-rank,SPATIAL_ISLANDS,9,116264434,Client Waiting Time [min],0.03,9.52,0.98,58.68,60,9.49
2026-05-19T10:01:59.128674400Z,TaxiAlgorithmP2PCollector,2,100,6,80,1,nearest,1,4,1,true,page-rank,page-rank,SPATIAL_ISLANDS,9,116264434,Client Travel Time [min],6.0,912.0,189.98,15198.0,80,906.0
2026-05-19T10:01:59.128674400Z,TaxiAlgorithmP2PCollector,2,100,6,80,1,nearest,1,4,1,true,page-rank,page-rank,SPATIAL_ISLANDS,9,116264434,Calculation Time [millis],0.0,0.0,0.01,46.0,4517,0.0
2026-05-19T10:01:59.128674400Z,TaxiAlgorithmP2PCollector,2,100,6,80,1,nearest,1,4,1,true,page-rank,page-rank,SPATIAL_ISLANDS,9,116264434,Custom Time [micros],0.0,0.0,0.0,0.0,4517,0.0
2026-05-19T10:01:59.254281600Z,TaxiAlgorithmP2PCollector,2,100,6,80,1,nearest,1,4,1,true,page-rank,page-rank,SPATIAL_ISLANDS,10,116264435,Taxi Travel Distance [km],3.81,15.24,8.05,48.33,6,11.43
2026-05-19T10:01:59.254281600Z,TaxiAlgorithmP2PCollector,2,100,6,80,1,nearest,1,4,1,true,page-rank,page-rank,SPATIAL_ISLANDS,10,116264435,Client Waiting Time [min],0.03,5.22,0.57,34.02,60,5.1899999999999995
2026-05-19T10:01:59.254281600Z,TaxiAlgorithmP2PCollector,2,100,6,80,1,nearest,1,4,1,true,page-rank,page-rank,SPATIAL_ISLANDS,10,116264435,Client Travel Time [min],6.0,637.0,133.2,10656.0,80,631.0
2026-05-19T10:01:59.254281600Z,TaxiAlgorithmP2PCollector,2,100,6,80,1,nearest,1,4,1,true,page-rank,page-rank,SPATIAL_ISLANDS,10,116264435,Calculation Time [millis],0.0,0.0,0.01,62.0,4523,0.0
2026-05-19T10:01:59.254281600Z,TaxiAlgorithmP2PCollector,2,100,6,80,1,nearest,1,4,1,true,page-rank,page-rank,SPATIAL_ISLANDS,10,116264435,Custom Time [micros],0.0,0.0,0.0,0.0,4523,0.0
2026-05-19T10:01:59.360284500Z,TaxiAlgorithmP2PCollector,2,200,6,80,1,nearest,1,4,0,false,none,none,BASELINE,1,116264426,Taxi Travel Distance [km],4.94,6.96,6.07,36.43,6,2.0199999999999996
2026-05-19T10:01:59.360284500Z,TaxiAlgorithmP2PCollector,2,200,6,80,1,nearest,1,4,0,false,none,none,BASELINE,1,116264426,Client Waiting Time [min],0.05,11.12,1.44,92.37,64,11.069999999999999
2026-05-19T10:01:59.360284500Z,TaxiAlgorithmP2PCollector,2,200,6,80,1,nearest,1,4,0,false,none,none,BASELINE,1,116264426,Client Travel Time [min],11.0,717.0,149.41,11953.0,80,706.0
2026-05-19T10:01:59.360284500Z,TaxiAlgorithmP2PCollector,2,200,6,80,1,nearest,1,4,0,false,none,none,BASELINE,1,116264426,Calculation Time [millis],0.0,0.0,0.01,43.0,4497,0.0
2026-05-19T10:01:59.360284500Z,TaxiAlgorithmP2PCollector,2,200,6,80,1,nearest,1,4,0,false,none,none,BASELINE,1,116264426,Custom Time [micros],0.0,0.0,0.0,0.0,4497,0.0
2026-05-19T10:01:59.485281700Z,TaxiAlgorithmP2PCollector,2,200,6,80,1,nearest,1,4,0,false,none,none,BASELINE,2,116264427,Taxi Travel Distance [km],3.68,7.93,6.05,36.28,6,4.25
2026-05-19T10:01:59.485281700Z,TaxiAlgorithmP2PCollector,2,200,6,80,1,nearest,1,4,0,false,none,none,BASELINE,2,116264427,Client Waiting Time [min],0.03,8.57,1.8,113.58,63,8.540000000000001
2026-05-19T10:01:59.485281700Z,TaxiAlgorithmP2PCollector,2,200,6,80,1,nearest,1,4,0,false,none,none,BASELINE,2,116264427,Client Travel Time [min],13.0,818.0,149.49,11959.0,80,805.0
2026-05-19T10:01:59.485281700Z,TaxiAlgorithmP2PCollector,2,200,6,80,1,nearest,1,4,0,false,none,none,BASELINE,2,116264427,Calculation Time [millis],0.0,0.0,0.01,37.0,4746,0.0
2026-05-19T10:01:59.485281700Z,TaxiAlgorithmP2PCollector,2,200,6,80,1,nearest,1,4,0,false,none,none,BASELINE,2,116264427,Custom Time [micros],0.0,0.0,0.0,0.0,4746,0.0
2026-05-19T10:01:59.594280400Z,TaxiAlgorithmP2PCollector,2,200,6,80,1,nearest,1,4,0,false,none,none,BASELINE,3,116264428,Taxi Travel Distance [km],3.48,11.77,6.73,40.35,6,8.29
2026-05-19T10:01:59.594280400Z,TaxiAlgorithmP2PCollector,2,200,6,80,1,nearest,1,4,0,false,none,none,BASELINE,3,116264428,Client Waiting Time [min],0.05,12.22,2.35,154.82,66,12.17
2026-05-19T10:01:59.594280400Z,TaxiAlgorithmP2PCollector,2,200,6,80,1,nearest,1,4,0,false,none,none,BASELINE,3,116264428,Client Travel Time [min],17.0,735.0,185.55,14844.0,80,718.0
2026-05-19T10:01:59.594280400Z,TaxiAlgorithmP2PCollector,2,200,6,80,1,nearest,1,4,0,false,none,none,BASELINE,3,116264428,Calculation Time [millis],0.0,1.0,0.01,35.0,4192,1.0
2026-05-19T10:01:59.594280400Z,TaxiAlgorithmP2PCollector,2,200,6,80,1,nearest,1,4,0,false,none,none,BASELINE,3,116264428,Custom Time [micros],0.0,0.0,0.0,0.0,4192,0.0
2026-05-19T10:01:59.686281500Z,TaxiAlgorithmP2PCollector,2,200,6,80,1,nearest,1,4,0,false,none,none,BASELINE,4,116264429,Taxi Travel Distance [km],1.41,13.63,5.66,33.93,6,12.22
2026-05-19T10:01:59.686281500Z,TaxiAlgorithmP2PCollector,2,200,6,80,1,nearest,1,4,0,false,none,none,BASELINE,4,116264429,Client Waiting Time [min],0.05,10.73,1.97,108.6,55,10.68
2026-05-19T10:01:59.686281500Z,TaxiAlgorithmP2PCollector,2,200,6,80,1,nearest,1,4,0,false,none,none,BASELINE,4,116264429,Client Travel Time [min],11.0,881.0,212.36,16989.0,80,870.0
2026-05-19T10:01:59.686281500Z,TaxiAlgorithmP2PCollector,2,200,6,80,1,nearest,1,4,0,false,none,none,BASELINE,4,116264429,Calculation Time [millis],0.0,0.0,0.01,33.0,4193,0.0
2026-05-19T10:01:59.686281500Z,TaxiAlgorithmP2PCollector,2,200,6,80,1,nearest,1,4,0,false,none,none,BASELINE,4,116264429,Custom Time [micros],0.0,0.0,0.0,0.0,4193,0.0
2026-05-19T10:01:59.796282800Z,TaxiAlgorithmP2PCollector,2,200,6,80,1,nearest,1,4,0,false,none,none,BASELINE,5,116264430,Taxi Travel Distance [km],4.88,9.18,6.88,41.26,6,4.3
2026-05-19T10:01:59.796282800Z,TaxiAlgorithmP2PCollector,2,200,6,80,1,nearest,1,4,0,false,none,none,BASELINE,5,116264430,Client Waiting Time [min],0.05,9.75,1.71,116.38,68,9.7
2026-05-19T10:01:59.796282800Z,TaxiAlgorithmP2PCollector,2,200,6,80,1,nearest,1,4,0,false,none,none,BASELINE,5,116264430,Client Travel Time [min],12.0,866.0,162.63,13010.0,80,854.0
2026-05-19T10:01:59.796282800Z,TaxiAlgorithmP2PCollector,2,200,6,80,1,nearest,1,4,0,false,none,none,BASELINE,5,116264430,Calculation Time [millis],0.0,0.0,0.01,42.0,4709,0.0
2026-05-19T10:01:59.796282800Z,TaxiAlgorithmP2PCollector,2,200,6,80,1,nearest,1,4,0,false,none,none,BASELINE,5,116264430,Custom Time [micros],0.0,0.0,0.0,0.0,4709,0.0
2026-05-19T10:01:59.904298700Z,TaxiAlgorithmP2PCollector,2,200,6,80,1,nearest,1,4,0,false,none,none,BASELINE,6,116264431,Taxi Travel Distance [km],4.1,9.8,6.87,41.23,6,5.700000000000001
2026-05-19T10:01:59.904298700Z,TaxiAlgorithmP2PCollector,2,200,6,80,1,nearest,1,4,0,false,none,none,BASELINE,6,116264431,Client Waiting Time [min],0.05,6.82,1.3,89.73,69,6.7700000000000005
2026-05-19T10:01:59.904298700Z,TaxiAlgorithmP2PCollector,2,200,6,80,1,nearest,1,4,0,false,none,none,BASELINE,6,116264431,Client Travel Time [min],7.0,410.0,109.91,8793.0,80,403.0
2026-05-19T10:01:59.904298700Z,TaxiAlgorithmP2PCollector,2,200,6,80,1,nearest,1,4,0,false,none,none,BASELINE,6,116264431,Calculation Time [millis],0.0,1.0,0.01,33.0,4033,1.0
2026-05-19T10:01:59.904298700Z,TaxiAlgorithmP2PCollector,2,200,6,80,1,nearest,1,4,0,false,none,none,BASELINE,6,116264431,Custom Time [micros],0.0,0.0,0.0,0.0,4033,0.0
2026-05-19T10:02:00.013296300Z,TaxiAlgorithmP2PCollector,2,200,6,80,1,nearest,1,4,0,false,none,none,BASELINE,7,116264432,Taxi Travel Distance [km],5.5,9.81,6.72,40.31,6,4.3100000000000005
2026-05-19T10:02:00.013296300Z,TaxiAlgorithmP2PCollector,2,200,6,80,1,nearest,1,4,0,false,none,none,BASELINE,7,116264432,Client Waiting Time [min],0.03,10.4,1.85,123.68,67,10.370000000000001
2026-05-19T10:02:00.013296300Z,TaxiAlgorithmP2PCollector,2,200,6,80,1,nearest,1,4,0,false,none,none,BASELINE,7,116264432,Client Travel Time [min],17.0,860.0,158.34,12667.0,80,843.0
2026-05-19T10:02:00.013296300Z,TaxiAlgorithmP2PCollector,2,200,6,80,1,nearest,1,4,0,false,none,none,BASELINE,7,116264432,Calculation Time [millis],0.0,0.0,0.01,34.0,4301,0.0
2026-05-19T10:02:00.013296300Z,TaxiAlgorithmP2PCollector,2,200,6,80,1,nearest,1,4,0,false,none,none,BASELINE,7,116264432,Custom Time [micros],0.0,0.0,0.0,0.0,4301,0.0
2026-05-19T10:02:00.121371900Z,TaxiAlgorithmP2PCollector,2,200,6,80,1,nearest,1,4,0,false,none,none,BASELINE,8,116264433,Taxi Travel Distance [km],3.42,11.39,6.73,40.38,6,7.970000000000001
2026-05-19T10:02:00.121371900Z,TaxiAlgorithmP2PCollector,2,200,6,80,1,nearest,1,4,0,false,none,none,BASELINE,8,116264433,Client Waiting Time [min],0.03,10.82,1.89,124.62,66,10.790000000000001
2026-05-19T10:02:00.121371900Z,TaxiAlgorithmP2PCollector,2,200,6,80,1,nearest,1,4,0,false,none,none,BASELINE,8,116264433,Client Travel Time [min],10.0,787.0,186.71,14937.0,80,777.0
2026-05-19T10:02:00.121371900Z,TaxiAlgorithmP2PCollector,2,200,6,80,1,nearest,1,4,0,false,none,none,BASELINE,8,116264433,Calculation Time [millis],0.0,0.0,0.01,35.0,4537,0.0
2026-05-19T10:02:00.121371900Z,TaxiAlgorithmP2PCollector,2,200,6,80,1,nearest,1,4,0,false,none,none,BASELINE,8,116264433,Custom Time [micros],0.0,0.0,0.0,0.0,4537,0.0
2026-05-19T10:02:00.215375200Z,TaxiAlgorithmP2PCollector,2,200,6,80,1,nearest,1,4,0,false,none,none,BASELINE,9,116264434,Taxi Travel Distance [km],4.71,10.91,7.09,42.51,6,6.2
2026-05-19T10:02:00.215375200Z,TaxiAlgorithmP2PCollector,2,200,6,80,1,nearest,1,4,0,false,none,none,BASELINE,9,116264434,Client Waiting Time [min],0.05,11.45,1.77,123.87,70,11.399999999999999
2026-05-19T10:02:00.215375200Z,TaxiAlgorithmP2PCollector,2,200,6,80,1,nearest,1,4,0,false,none,none,BASELINE,9,116264434,Client Travel Time [min],12.0,696.0,145.23,11618.0,80,684.0
2026-05-19T10:02:00.215375200Z,TaxiAlgorithmP2PCollector,2,200,6,80,1,nearest,1,4,0,false,none,none,BASELINE,9,116264434,Calculation Time [millis],0.0,1.0,0.01,36.0,4621,1.0
2026-05-19T10:02:00.215375200Z,TaxiAlgorithmP2PCollector,2,200,6,80,1,nearest,1,4,0,false,none,none,BASELINE,9,116264434,Custom Time [micros],0.0,0.0,0.0,0.0,4621,0.0
2026-05-19T10:02:00.325384200Z,TaxiAlgorithmP2PCollector,2,200,6,80,1,nearest,1,4,0,false,none,none,BASELINE,10,116264435,Taxi Travel Distance [km],1.48,8.93,5.6,33.6,6,7.449999999999999
2026-05-19T10:02:00.325384200Z,TaxiAlgorithmP2PCollector,2,200,6,80,1,nearest,1,4,0,false,none,none,BASELINE,10,116264435,Client Waiting Time [min],0.05,9.47,1.96,117.57,60,9.42
2026-05-19T10:02:00.325384200Z,TaxiAlgorithmP2PCollector,2,200,6,80,1,nearest,1,4,0,false,none,none,BASELINE,10,116264435,Client Travel Time [min],9.0,633.0,190.99,15279.0,80,624.0
2026-05-19T10:02:00.325384200Z,TaxiAlgorithmP2PCollector,2,200,6,80,1,nearest,1,4,0,false,none,none,BASELINE,10,116264435,Calculation Time [millis],0.0,0.0,0.01,34.0,4512,0.0
2026-05-19T10:02:00.325384200Z,TaxiAlgorithmP2PCollector,2,200,6,80,1,nearest,1,4,0,false,none,none,BASELINE,10,116264435,Custom Time [micros],0.0,0.0,0.0,0.0,4512,0.0
2026-05-19T10:02:00.418431600Z,TaxiAlgorithmP2PCollector,2,200,6,80,1,nearest,1,4,0,false,none,none,RUSH_HOUR,1,116264426,Taxi Travel Distance [km],4.57,10.62,7.02,42.14,6,6.049999999999999
2026-05-19T10:02:00.418431600Z,TaxiAlgorithmP2PCollector,2,200,6,80,1,nearest,1,4,0,false,none,none,RUSH_HOUR,1,116264426,Client Waiting Time [min],0.05,12.8,1.7,119.23,70,12.75
2026-05-19T10:02:00.418431600Z,TaxiAlgorithmP2PCollector,2,200,6,80,1,nearest,1,4,0,false,none,none,RUSH_HOUR,1,116264426,Client Travel Time [min],8.0,778.0,151.9,12152.0,80,770.0
2026-05-19T10:02:00.418431600Z,TaxiAlgorithmP2PCollector,2,200,6,80,1,nearest,1,4,0,false,none,none,RUSH_HOUR,1,116264426,Calculation Time [millis],0.0,0.0,0.01,32.0,4041,0.0
2026-05-19T10:02:00.418431600Z,TaxiAlgorithmP2PCollector,2,200,6,80,1,nearest,1,4,0,false,none,none,RUSH_HOUR,1,116264426,Custom Time [micros],0.0,0.0,0.0,0.0,4041,0.0
2026-05-19T10:02:00.528431300Z,TaxiAlgorithmP2PCollector,2,200,6,80,1,nearest,1,4,0,false,none,none,RUSH_HOUR,2,116264427,Taxi Travel Distance [km],3.56,10.25,7.02,42.1,6,6.6899999999999995
2026-05-19T10:02:00.528431300Z,TaxiAlgorithmP2PCollector,2,200,6,80,1,nearest,1,4,0,false,none,none,RUSH_HOUR,2,116264427,Client Waiting Time [min],0.05,13.25,1.38,92.75,67,13.2
2026-05-19T10:02:00.528431300Z,TaxiAlgorithmP2PCollector,2,200,6,80,1,nearest,1,4,0,false,none,none,RUSH_HOUR,2,116264427,Client Travel Time [min],10.0,804.0,120.25,9620.0,80,794.0
2026-05-19T10:02:00.528431300Z,TaxiAlgorithmP2PCollector,2,200,6,80,1,nearest,1,4,0,false,none,none,RUSH_HOUR,2,116264427,Calculation Time [millis],0.0,0.0,0.01,29.0,3871,0.0
2026-05-19T10:02:00.528431300Z,TaxiAlgorithmP2PCollector,2,200,6,80,1,nearest,1,4,0,false,none,none,RUSH_HOUR,2,116264427,Custom Time [micros],0.0,0.0,0.0,0.0,3871,0.0
2026-05-19T10:02:00.620109Z,TaxiAlgorithmP2PCollector,2,200,6,80,1,nearest,1,4,0,false,none,none,RUSH_HOUR,3,116264428,Taxi Travel Distance [km],4.81,9.49,7.13,42.8,6,4.680000000000001
2026-05-19T10:02:00.620109Z,TaxiAlgorithmP2PCollector,2,200,6,80,1,nearest,1,4,0,false,none,none,RUSH_HOUR,3,116264428,Client Waiting Time [min],0.05,11.72,1.97,137.92,70,11.67
2026-05-19T10:02:00.620109Z,TaxiAlgorithmP2PCollector,2,200,6,80,1,nearest,1,4,0,false,none,none,RUSH_HOUR,3,116264428,Client Travel Time [min],11.0,802.0,177.63,14210.0,80,791.0
2026-05-19T10:02:00.620109Z,TaxiAlgorithmP2PCollector,2,200,6,80,1,nearest,1,4,0,false,none,none,RUSH_HOUR,3,116264428,Calculation Time [millis],0.0,0.0,0.01,39.0,4249,0.0
2026-05-19T10:02:00.620109Z,TaxiAlgorithmP2PCollector,2,200,6,80,1,nearest,1,4,0,false,none,none,RUSH_HOUR,3,116264428,Custom Time [micros],0.0,0.0,0.0,0.0,4249,0.0
2026-05-19T10:02:00.729119800Z,TaxiAlgorithmP2PCollector,2,200,6,80,1,nearest,1,4,0,false,none,none,RUSH_HOUR,4,116264429,Taxi Travel Distance [km],3.83,9.88,6.72,40.34,6,6.050000000000001
2026-05-19T10:02:00.729119800Z,TaxiAlgorithmP2PCollector,2,200,6,80,1,nearest,1,4,0,false,none,none,RUSH_HOUR,4,116264429,Client Waiting Time [min],0.03,8.5,1.63,106.15,65,8.47
2026-05-19T10:02:00.729119800Z,TaxiAlgorithmP2PCollector,2,200,6,80,1,nearest,1,4,0,false,none,none,RUSH_HOUR,4,116264429,Client Travel Time [min],8.0,881.0,170.2,13616.0,80,873.0
2026-05-19T10:02:00.729119800Z,TaxiAlgorithmP2PCollector,2,200,6,80,1,nearest,1,4,0,false,none,none,RUSH_HOUR,4,116264429,Calculation Time [millis],0.0,0.0,0.01,30.0,4138,0.0
2026-05-19T10:02:00.729119800Z,TaxiAlgorithmP2PCollector,2,200,6,80,1,nearest,1,4,0,false,none,none,RUSH_HOUR,4,116264429,Custom Time [micros],0.0,0.0,0.0,0.0,4138,0.0
2026-05-19T10:02:00.822648100Z,TaxiAlgorithmP2PCollector,2,200,6,80,1,nearest,1,4,0,false,none,none,RUSH_HOUR,5,116264430,Taxi Travel Distance [km],4.75,9.72,7.21,43.26,6,4.970000000000001
2026-05-19T10:02:00.822648100Z,TaxiAlgorithmP2PCollector,2,200,6,80,1,nearest,1,4,0,false,none,none,RUSH_HOUR,5,116264430,Client Waiting Time [min],0.05,12.78,1.85,129.8,70,12.729999999999999
2026-05-19T10:02:00.822648100Z,TaxiAlgorithmP2PCollector,2,200,6,80,1,nearest,1,4,0,false,none,none,RUSH_HOUR,5,116264430,Client Travel Time [min],13.0,773.0,160.01,12801.0,80,760.0
2026-05-19T10:02:00.822648100Z,TaxiAlgorithmP2PCollector,2,200,6,80,1,nearest,1,4,0,false,none,none,RUSH_HOUR,5,116264430,Calculation Time [millis],0.0,0.0,0.01,31.0,3915,0.0
2026-05-19T10:02:00.822648100Z,TaxiAlgorithmP2PCollector,2,200,6,80,1,nearest,1,4,0,false,none,none,RUSH_HOUR,5,116264430,Custom Time [micros],0.0,0.0,0.0,0.0,3915,0.0
2026-05-19T10:02:00.917176Z,TaxiAlgorithmP2PCollector,2,200,6,80,1,nearest,1,4,0,false,none,none,RUSH_HOUR,6,116264431,Taxi Travel Distance [km],4.3,10.35,7.57,45.39,6,6.05
2026-05-19T10:02:00.917176Z,TaxiAlgorithmP2PCollector,2,200,6,80,1,nearest,1,4,0,false,none,none,RUSH_HOUR,6,116264431,Client Waiting Time [min],0.03,9.82,1.51,113.33,75,9.790000000000001
2026-05-19T10:02:00.917176Z,TaxiAlgorithmP2PCollector,2,200,6,80,1,nearest,1,4,0,false,none,none,RUSH_HOUR,6,116264431,Client Travel Time [min],16.0,597.0,120.8,9664.0,80,581.0
2026-05-19T10:02:00.917176Z,TaxiAlgorithmP2PCollector,2,200,6,80,1,nearest,1,4,0,false,none,none,RUSH_HOUR,6,116264431,Calculation Time [millis],0.0,0.0,0.01,30.0,3816,0.0
2026-05-19T10:02:00.917176Z,TaxiAlgorithmP2PCollector,2,200,6,80,1,nearest,1,4,0,false,none,none,RUSH_HOUR,6,116264431,Custom Time [micros],0.0,0.0,0.0,0.0,3816,0.0
2026-05-19T10:02:01.009175300Z,TaxiAlgorithmP2PCollector,2,200,6,80,1,nearest,1,4,0,false,none,none,RUSH_HOUR,7,116264432,Taxi Travel Distance [km],3.33,10.56,7.0,41.98,6,7.23
2026-05-19T10:02:01.009175300Z,TaxiAlgorithmP2PCollector,2,200,6,80,1,nearest,1,4,0,false,none,none,RUSH_HOUR,7,116264432,Client Waiting Time [min],0.07,11.95,1.63,111.02,68,11.879999999999999
2026-05-19T10:02:01.009175300Z,TaxiAlgorithmP2PCollector,2,200,6,80,1,nearest,1,4,0,false,none,none,RUSH_HOUR,7,116264432,Client Travel Time [min],8.0,719.0,141.79,11343.0,80,711.0
2026-05-19T10:02:01.009175300Z,TaxiAlgorithmP2PCollector,2,200,6,80,1,nearest,1,4,0,false,none,none,RUSH_HOUR,7,116264432,Calculation Time [millis],0.0,1.0,0.01,35.0,4182,1.0
2026-05-19T10:02:01.009175300Z,TaxiAlgorithmP2PCollector,2,200,6,80,1,nearest,1,4,0,false,none,none,RUSH_HOUR,7,116264432,Custom Time [micros],0.0,0.0,0.0,0.0,4182,0.0
2026-05-19T10:02:01.116225300Z,TaxiAlgorithmP2PCollector,2,200,6,80,1,nearest,1,4,0,false,none,none,RUSH_HOUR,8,116264433,Taxi Travel Distance [km],3.81,8.36,5.96,35.75,6,4.549999999999999
2026-05-19T10:02:01.116225300Z,TaxiAlgorithmP2PCollector,2,200,6,80,1,nearest,1,4,0,false,none,none,RUSH_HOUR,8,116264433,Client Waiting Time [min],0.07,10.95,2.14,122.07,57,10.879999999999999
2026-05-19T10:02:01.116225300Z,TaxiAlgorithmP2PCollector,2,200,6,80,1,nearest,1,4,0,false,none,none,RUSH_HOUR,8,116264433,Client Travel Time [min],13.0,777.0,220.19,17615.0,80,764.0
2026-05-19T10:02:01.116225300Z,TaxiAlgorithmP2PCollector,2,200,6,80,1,nearest,1,4,0,false,none,none,RUSH_HOUR,8,116264433,Calculation Time [millis],0.0,0.0,0.01,32.0,4309,0.0
2026-05-19T10:02:01.116225300Z,TaxiAlgorithmP2PCollector,2,200,6,80,1,nearest,1,4,0,false,none,none,RUSH_HOUR,8,116264433,Custom Time [micros],0.0,0.0,0.0,0.0,4309,0.0
2026-05-19T10:02:01.212262500Z,TaxiAlgorithmP2PCollector,2,200,6,80,1,nearest,1,4,0,false,none,none,RUSH_HOUR,9,116264434,Taxi Travel Distance [km],1.54,12.0,5.35,32.1,6,10.46
2026-05-19T10:02:01.212262500Z,TaxiAlgorithmP2PCollector,2,200,6,80,1,nearest,1,4,0,false,none,none,RUSH_HOUR,9,116264434,Client Waiting Time [min],0.05,12.02,1.62,97.2,60,11.969999999999999
2026-05-19T10:02:01.212262500Z,TaxiAlgorithmP2PCollector,2,200,6,80,1,nearest,1,4,0,false,none,none,RUSH_HOUR,9,116264434,Client Travel Time [min],11.0,845.0,172.6,13808.0,80,834.0
2026-05-19T10:02:01.212262500Z,TaxiAlgorithmP2PCollector,2,200,6,80,1,nearest,1,4,0,false,none,none,RUSH_HOUR,9,116264434,Calculation Time [millis],0.0,0.0,0.01,34.0,4716,0.0
2026-05-19T10:02:01.212262500Z,TaxiAlgorithmP2PCollector,2,200,6,80,1,nearest,1,4,0,false,none,none,RUSH_HOUR,9,116264434,Custom Time [micros],0.0,0.0,0.0,0.0,4716,0.0
2026-05-19T10:02:01.321264500Z,TaxiAlgorithmP2PCollector,2,200,6,80,1,nearest,1,4,0,false,none,none,RUSH_HOUR,10,116264435,Taxi Travel Distance [km],3.56,11.01,6.6,39.6,6,7.449999999999999
2026-05-19T10:02:01.321264500Z,TaxiAlgorithmP2PCollector,2,200,6,80,1,nearest,1,4,0,false,none,none,RUSH_HOUR,10,116264435,Client Waiting Time [min],0.05,8.93,1.53,104.37,68,8.879999999999999
2026-05-19T10:02:01.321264500Z,TaxiAlgorithmP2PCollector,2,200,6,80,1,nearest,1,4,0,false,none,none,RUSH_HOUR,10,116264435,Client Travel Time [min],8.0,615.0,142.99,11439.0,80,607.0
2026-05-19T10:02:01.321264500Z,TaxiAlgorithmP2PCollector,2,200,6,80,1,nearest,1,4,0,false,none,none,RUSH_HOUR,10,116264435,Calculation Time [millis],0.0,1.0,0.01,42.0,4027,1.0
2026-05-19T10:02:01.321264500Z,TaxiAlgorithmP2PCollector,2,200,6,80,1,nearest,1,4,0,false,none,none,RUSH_HOUR,10,116264435,Custom Time [micros],0.0,0.0,0.0,0.0,4027,0.0
2026-05-19T10:02:01.430260800Z,TaxiAlgorithmP2PCollector,2,200,6,80,1,nearest,1,4,0,false,none,none,SPATIAL_IMBALANCE,1,116264426,Taxi Travel Distance [km],0.22,10.07,4.29,25.75,6,9.85
2026-05-19T10:02:01.430260800Z,TaxiAlgorithmP2PCollector,2,200,6,80,1,nearest,1,4,0,false,none,none,SPATIAL_IMBALANCE,1,116264426,Client Waiting Time [min],0.05,6.12,2.1,94.33,45,6.07
2026-05-19T10:02:01.430260800Z,TaxiAlgorithmP2PCollector,2,200,6,80,1,nearest,1,4,0,false,none,none,SPATIAL_IMBALANCE,1,116264426,Client Travel Time [min],17.0,901.0,225.15,18012.0,80,884.0
2026-05-19T10:02:01.430260800Z,TaxiAlgorithmP2PCollector,2,200,6,80,1,nearest,1,4,0,false,none,none,SPATIAL_IMBALANCE,1,116264426,Calculation Time [millis],0.0,0.0,0.01,35.0,4276,0.0
2026-05-19T10:02:01.430260800Z,TaxiAlgorithmP2PCollector,2,200,6,80,1,nearest,1,4,0,false,none,none,SPATIAL_IMBALANCE,1,116264426,Custom Time [micros],0.0,0.0,0.0,0.0,4276,0.0
2026-05-19T10:02:01.555261700Z,TaxiAlgorithmP2PCollector,2,200,6,80,1,nearest,1,4,0,false,none,none,SPATIAL_IMBALANCE,2,116264427,Taxi Travel Distance [km],2.08,6.63,4.08,24.49,6,4.55
2026-05-19T10:02:01.555261700Z,TaxiAlgorithmP2PCollector,2,200,6,80,1,nearest,1,4,0,false,none,none,SPATIAL_IMBALANCE,2,116264427,Client Waiting Time [min],0.05,6.37,1.79,82.27,46,6.32
2026-05-19T10:02:01.555261700Z,TaxiAlgorithmP2PCollector,2,200,6,80,1,nearest,1,4,0,false,none,none,SPATIAL_IMBALANCE,2,116264427,Client Travel Time [min],12.0,703.0,205.19,16415.0,80,691.0
2026-05-19T10:02:01.555261700Z,TaxiAlgorithmP2PCollector,2,200,6,80,1,nearest,1,4,0,false,none,none,SPATIAL_IMBALANCE,2,116264427,Calculation Time [millis],0.0,0.0,0.01,37.0,4206,0.0
2026-05-19T10:02:01.555261700Z,TaxiAlgorithmP2PCollector,2,200,6,80,1,nearest,1,4,0,false,none,none,SPATIAL_IMBALANCE,2,116264427,Custom Time [micros],0.0,0.0,0.0,0.0,4206,0.0
2026-05-19T10:02:01.680263400Z,TaxiAlgorithmP2PCollector,2,200,6,80,1,nearest,1,4,0,false,none,none,SPATIAL_IMBALANCE,3,116264428,Taxi Travel Distance [km],1.12,5.6,3.89,23.34,6,4.4799999999999995
2026-05-19T10:02:01.680263400Z,TaxiAlgorithmP2PCollector,2,200,6,80,1,nearest,1,4,0,false,none,none,SPATIAL_IMBALANCE,3,116264428,Client Waiting Time [min],0.05,11.53,3.87,170.28,44,11.479999999999999
2026-05-19T10:02:01.680263400Z,TaxiAlgorithmP2PCollector,2,200,6,80,1,nearest,1,4,0,false,none,none,SPATIAL_IMBALANCE,3,116264428,Client Travel Time [min],29.0,789.0,298.24,23859.0,80,760.0
2026-05-19T10:02:01.680263400Z,TaxiAlgorithmP2PCollector,2,200,6,80,1,nearest,1,4,0,false,none,none,SPATIAL_IMBALANCE,3,116264428,Calculation Time [millis],0.0,2.0,0.01,50.0,4394,2.0
2026-05-19T10:02:01.680263400Z,TaxiAlgorithmP2PCollector,2,200,6,80,1,nearest,1,4,0,false,none,none,SPATIAL_IMBALANCE,3,116264428,Custom Time [micros],0.0,0.0,0.0,0.0,4394,0.0
2026-05-19T10:02:01.788263300Z,TaxiAlgorithmP2PCollector,2,200,6,80,1,nearest,1,4,0,false,none,none,SPATIAL_IMBALANCE,4,116264429,Taxi Travel Distance [km],2.05,7.63,4.78,28.66,6,5.58
2026-05-19T10:02:01.788263300Z,TaxiAlgorithmP2PCollector,2,200,6,80,1,nearest,1,4,0,false,none,none,SPATIAL_IMBALANCE,4,116264429,Client Waiting Time [min],0.07,10.22,2.68,160.68,60,10.15
2026-05-19T10:02:01.788263300Z,TaxiAlgorithmP2PCollector,2,200,6,80,1,nearest,1,4,0,false,none,none,SPATIAL_IMBALANCE,4,116264429,Client Travel Time [min],17.0,627.0,198.4,15872.0,80,610.0
2026-05-19T10:02:01.788263300Z,TaxiAlgorithmP2PCollector,2,200,6,80,1,nearest,1,4,0,false,none,none,SPATIAL_IMBALANCE,4,116264429,Calculation Time [millis],0.0,0.0,0.01,37.0,4056,0.0
2026-05-19T10:02:01.788263300Z,TaxiAlgorithmP2PCollector,2,200,6,80,1,nearest,1,4,0,false,none,none,SPATIAL_IMBALANCE,4,116264429,Custom Time [micros],0.0,0.0,0.0,0.0,4056,0.0
2026-05-19T10:02:01.911260200Z,TaxiAlgorithmP2PCollector,2,200,6,80,1,nearest,1,4,0,false,none,none,SPATIAL_IMBALANCE,5,116264430,Taxi Travel Distance [km],2.59,6.19,4.81,28.86,6,3.6000000000000005
2026-05-19T10:02:01.911260200Z,TaxiAlgorithmP2PCollector,2,200,6,80,1,nearest,1,4,0,false,none,none,SPATIAL_IMBALANCE,5,116264430,Client Waiting Time [min],0.05,8.63,2.57,148.88,58,8.58
2026-05-19T10:02:01.911260200Z,TaxiAlgorithmP2PCollector,2,200,6,80,1,nearest,1,4,0,false,none,none,SPATIAL_IMBALANCE,5,116264430,Client Travel Time [min],12.0,608.0,209.31,16745.0,80,596.0
2026-05-19T10:02:01.911260200Z,TaxiAlgorithmP2PCollector,2,200,6,80,1,nearest,1,4,0,false,none,none,SPATIAL_IMBALANCE,5,116264430,Calculation Time [millis],0.0,0.0,0.01,42.0,4281,0.0
2026-05-19T10:02:01.911260200Z,TaxiAlgorithmP2PCollector,2,200,6,80,1,nearest,1,4,0,false,none,none,SPATIAL_IMBALANCE,5,116264430,Custom Time [micros],0.0,0.0,0.0,0.0,4281,0.0
2026-05-19T10:02:02.036263800Z,TaxiAlgorithmP2PCollector,2,200,6,80,1,nearest,1,4,0,false,none,none,SPATIAL_IMBALANCE,6,116264431,Taxi Travel Distance [km],1.03,5.22,3.88,23.27,6,4.1899999999999995
2026-05-19T10:02:02.036263800Z,TaxiAlgorithmP2PCollector,2,200,6,80,1,nearest,1,4,0,false,none,none,SPATIAL_IMBALANCE,6,116264431,Client Waiting Time [min],0.05,9.8,2.27,102.25,45,9.75
2026-05-19T10:02:02.036263800Z,TaxiAlgorithmP2PCollector,2,200,6,80,1,nearest,1,4,0,false,none,none,SPATIAL_IMBALANCE,6,116264431,Client Travel Time [min],10.0,823.0,234.09,18727.0,80,813.0
2026-05-19T10:02:02.036263800Z,TaxiAlgorithmP2PCollector,2,200,6,80,1,nearest,1,4,0,false,none,none,SPATIAL_IMBALANCE,6,116264431,Calculation Time [millis],0.0,0.0,0.01,45.0,4181,0.0
2026-05-19T10:02:02.036263800Z,TaxiAlgorithmP2PCollector,2,200,6,80,1,nearest,1,4,0,false,none,none,SPATIAL_IMBALANCE,6,116264431,Custom Time [micros],0.0,0.0,0.0,0.0,4181,0.0
2026-05-19T10:02:02.160263400Z,TaxiAlgorithmP2PCollector,2,200,6,80,1,nearest,1,4,0,false,none,none,SPATIAL_IMBALANCE,7,116264432,Taxi Travel Distance [km],1.94,6.85,4.17,24.99,6,4.91
2026-05-19T10:02:02.160263400Z,TaxiAlgorithmP2PCollector,2,200,6,80,1,nearest,1,4,0,false,none,none,SPATIAL_IMBALANCE,7,116264432,Client Waiting Time [min],0.08,8.58,2.87,134.73,47,8.5
2026-05-19T10:02:02.160263400Z,TaxiAlgorithmP2PCollector,2,200,6,80,1,nearest,1,4,0,false,none,none,SPATIAL_IMBALANCE,7,116264432,Client Travel Time [min],15.0,949.0,246.35,19708.0,80,934.0
2026-05-19T10:02:02.160263400Z,TaxiAlgorithmP2PCollector,2,200,6,80,1,nearest,1,4,0,false,none,none,SPATIAL_IMBALANCE,7,116264432,Calculation Time [millis],0.0,0.0,0.01,36.0,4378,0.0
2026-05-19T10:02:02.160263400Z,TaxiAlgorithmP2PCollector,2,200,6,80,1,nearest,1,4,0,false,none,none,SPATIAL_IMBALANCE,7,116264432,Custom Time [micros],0.0,0.0,0.0,0.0,4378,0.0
2026-05-19T10:02:02.285261600Z,TaxiAlgorithmP2PCollector,2,200,6,80,1,nearest,1,4,0,false,none,none,SPATIAL_IMBALANCE,8,116264433,Taxi Travel Distance [km],1.22,8.1,4.27,25.6,6,6.88
2026-05-19T10:02:02.285261600Z,TaxiAlgorithmP2PCollector,2,200,6,80,1,nearest,1,4,0,false,none,none,SPATIAL_IMBALANCE,8,116264433,Client Waiting Time [min],0.05,10.62,3.04,146.02,48,10.569999999999999
2026-05-19T10:02:02.285261600Z,TaxiAlgorithmP2PCollector,2,200,6,80,1,nearest,1,4,0,false,none,none,SPATIAL_IMBALANCE,8,116264433,Client Travel Time [min],12.0,907.0,266.85,21348.0,80,895.0
2026-05-19T10:02:02.285261600Z,TaxiAlgorithmP2PCollector,2,200,6,80,1,nearest,1,4,0,false,none,none,SPATIAL_IMBALANCE,8,116264433,Calculation Time [millis],0.0,2.0,0.01,39.0,4442,2.0
2026-05-19T10:02:02.285261600Z,TaxiAlgorithmP2PCollector,2,200,6,80,1,nearest,1,4,0,false,none,none,SPATIAL_IMBALANCE,8,116264433,Custom Time [micros],0.0,0.0,0.0,0.0,4442,0.0
2026-05-19T10:02:02.393264200Z,TaxiAlgorithmP2PCollector,2,200,6,80,1,nearest,1,4,0,false,none,none,SPATIAL_IMBALANCE,9,116264434,Taxi Travel Distance [km],0.21,5.89,3.58,21.46,6,5.68
2026-05-19T10:02:02.393264200Z,TaxiAlgorithmP2PCollector,2,200,6,80,1,nearest,1,4,0,false,none,none,SPATIAL_IMBALANCE,9,116264434,Client Waiting Time [min],0.05,6.82,2.26,95.02,42,6.7700000000000005
2026-05-19T10:02:02.393264200Z,TaxiAlgorithmP2PCollector,2,200,6,80,1,nearest,1,4,0,false,none,none,SPATIAL_IMBALANCE,9,116264434,Client Travel Time [min],10.0,745.0,239.28,19142.0,80,735.0
2026-05-19T10:02:02.393264200Z,TaxiAlgorithmP2PCollector,2,200,6,80,1,nearest,1,4,0,false,none,none,SPATIAL_IMBALANCE,9,116264434,Calculation Time [millis],0.0,0.0,0.01,35.0,4179,0.0
2026-05-19T10:02:02.393264200Z,TaxiAlgorithmP2PCollector,2,200,6,80,1,nearest,1,4,0,false,none,none,SPATIAL_IMBALANCE,9,116264434,Custom Time [micros],0.0,0.0,0.0,0.0,4179,0.0
2026-05-19T10:02:02.519264200Z,TaxiAlgorithmP2PCollector,2,200,6,80,1,nearest,1,4,0,false,none,none,SPATIAL_IMBALANCE,10,116264435,Taxi Travel Distance [km],1.0,5.51,2.73,16.4,6,4.51
2026-05-19T10:02:02.519264200Z,TaxiAlgorithmP2PCollector,2,200,6,80,1,nearest,1,4,0,false,none,none,SPATIAL_IMBALANCE,10,116264435,Client Waiting Time [min],0.05,6.6,2.57,90.08,35,6.55
2026-05-19T10:02:02.519264200Z,TaxiAlgorithmP2PCollector,2,200,6,80,1,nearest,1,4,0,false,none,none,SPATIAL_IMBALANCE,10,116264435,Client Travel Time [min],14.0,763.0,255.45,20436.0,80,749.0
2026-05-19T10:02:02.519264200Z,TaxiAlgorithmP2PCollector,2,200,6,80,1,nearest,1,4,0,false,none,none,SPATIAL_IMBALANCE,10,116264435,Calculation Time [millis],0.0,0.0,0.01,34.0,4157,0.0
2026-05-19T10:02:02.519264200Z,TaxiAlgorithmP2PCollector,2,200,6,80,1,nearest,1,4,0,false,none,none,SPATIAL_IMBALANCE,10,116264435,Custom Time [micros],0.0,0.0,0.0,0.0,4157,0.0
2026-05-19T10:02:02.629784200Z,TaxiAlgorithmP2PCollector,2,200,6,80,1,nearest,1,4,0,false,none,none,SPATIAL_ISLANDS,1,116264426,Taxi Travel Distance [km],1.38,7.98,4.46,26.74,6,6.6000000000000005
2026-05-19T10:02:02.629784200Z,TaxiAlgorithmP2PCollector,2,200,6,80,1,nearest,1,4,0,false,none,none,SPATIAL_ISLANDS,1,116264426,Client Waiting Time [min],0.07,12.07,2.77,130.32,47,12.0
2026-05-19T10:02:02.629784200Z,TaxiAlgorithmP2PCollector,2,200,6,80,1,nearest,1,4,0,false,none,none,SPATIAL_ISLANDS,1,116264426,Client Travel Time [min],14.0,733.0,242.01,19361.0,80,719.0
2026-05-19T10:02:02.629784200Z,TaxiAlgorithmP2PCollector,2,200,6,80,1,nearest,1,4,0,false,none,none,SPATIAL_ISLANDS,1,116264426,Calculation Time [millis],0.0,2.0,0.01,39.0,4433,2.0
2026-05-19T10:02:02.629784200Z,TaxiAlgorithmP2PCollector,2,200,6,80,1,nearest,1,4,0,false,none,none,SPATIAL_ISLANDS,1,116264426,Custom Time [micros],0.0,0.0,0.0,0.0,4433,0.0
2026-05-19T10:02:02.754788200Z,TaxiAlgorithmP2PCollector,2,200,6,80,1,nearest,1,4,0,false,none,none,SPATIAL_ISLANDS,2,116264427,Taxi Travel Distance [km],0.84,8.84,5.16,30.96,6,8.0
2026-05-19T10:02:02.754788200Z,TaxiAlgorithmP2PCollector,2,200,6,80,1,nearest,1,4,0,false,none,none,SPATIAL_ISLANDS,2,116264427,Client Waiting Time [min],0.05,9.63,2.7,145.68,54,9.58
2026-05-19T10:02:02.754788200Z,TaxiAlgorithmP2PCollector,2,200,6,80,1,nearest,1,4,0,false,none,none,SPATIAL_ISLANDS,2,116264427,Client Travel Time [min],17.0,858.0,247.08,19766.0,80,841.0
2026-05-19T10:02:02.754788200Z,TaxiAlgorithmP2PCollector,2,200,6,80,1,nearest,1,4,0,false,none,none,SPATIAL_ISLANDS,2,116264427,Calculation Time [millis],0.0,0.0,0.01,39.0,4655,0.0
2026-05-19T10:02:02.754788200Z,TaxiAlgorithmP2PCollector,2,200,6,80,1,nearest,1,4,0,false,none,none,SPATIAL_ISLANDS,2,116264427,Custom Time [micros],0.0,0.0,0.0,0.0,4655,0.0
2026-05-19T10:02:02.864345700Z,TaxiAlgorithmP2PCollector,2,200,6,80,1,nearest,1,4,0,false,none,none,SPATIAL_ISLANDS,3,116264428,Taxi Travel Distance [km],0.96,5.48,2.99,17.92,6,4.5200000000000005
2026-05-19T10:02:02.864345700Z,TaxiAlgorithmP2PCollector,2,200,6,80,1,nearest,1,4,0,false,none,none,SPATIAL_ISLANDS,3,116264428,Client Waiting Time [min],0.1,10.18,3.98,135.25,34,10.08
2026-05-19T10:02:02.864345700Z,TaxiAlgorithmP2PCollector,2,200,6,80,1,nearest,1,4,0,false,none,none,SPATIAL_ISLANDS,3,116264428,Client Travel Time [min],20.0,975.0,349.86,27989.0,80,955.0
2026-05-19T10:02:02.864345700Z,TaxiAlgorithmP2PCollector,2,200,6,80,1,nearest,1,4,0,false,none,none,SPATIAL_ISLANDS,3,116264428,Calculation Time [millis],0.0,0.0,0.01,39.0,4396,0.0
2026-05-19T10:02:02.864345700Z,TaxiAlgorithmP2PCollector,2,200,6,80,1,nearest,1,4,0,false,none,none,SPATIAL_ISLANDS,3,116264428,Custom Time [micros],0.0,0.0,0.0,0.0,4396,0.0
2026-05-19T10:02:03.005346100Z,TaxiAlgorithmP2PCollector,2,200,6,80,1,nearest,1,4,0,false,none,none,SPATIAL_ISLANDS,4,116264429,Taxi Travel Distance [km],2.91,9.73,5.56,33.35,6,6.82
2026-05-19T10:02:03.005346100Z,TaxiAlgorithmP2PCollector,2,200,6,80,1,nearest,1,4,0,false,none,none,SPATIAL_ISLANDS,4,116264429,Client Waiting Time [min],0.05,9.52,3.03,169.85,56,9.469999999999999
2026-05-19T10:02:03.005346100Z,TaxiAlgorithmP2PCollector,2,200,6,80,1,nearest,1,4,0,false,none,none,SPATIAL_ISLANDS,4,116264429,Client Travel Time [min],20.0,805.0,233.04,18643.0,80,785.0
2026-05-19T10:02:03.005346100Z,TaxiAlgorithmP2PCollector,2,200,6,80,1,nearest,1,4,0,false,none,none,SPATIAL_ISLANDS,4,116264429,Calculation Time [millis],0.0,0.0,0.01,43.0,4776,0.0
2026-05-19T10:02:03.005346100Z,TaxiAlgorithmP2PCollector,2,200,6,80,1,nearest,1,4,0,false,none,none,SPATIAL_ISLANDS,4,116264429,Custom Time [micros],0.0,0.0,0.0,0.0,4776,0.0
2026-05-19T10:02:03.129343500Z,TaxiAlgorithmP2PCollector,2,200,6,80,1,nearest,1,4,0,false,none,none,SPATIAL_ISLANDS,5,116264430,Taxi Travel Distance [km],1.36,7.58,4.27,25.61,6,6.22
2026-05-19T10:02:03.129343500Z,TaxiAlgorithmP2PCollector,2,200,6,80,1,nearest,1,4,0,false,none,none,SPATIAL_ISLANDS,5,116264430,Client Waiting Time [min],0.07,10.72,3.19,149.92,47,10.65
2026-05-19T10:02:03.129343500Z,TaxiAlgorithmP2PCollector,2,200,6,80,1,nearest,1,4,0,false,none,none,SPATIAL_ISLANDS,5,116264430,Client Travel Time [min],11.0,682.0,273.21,21857.0,80,671.0
2026-05-19T10:02:03.129343500Z,TaxiAlgorithmP2PCollector,2,200,6,80,1,nearest,1,4,0,false,none,none,SPATIAL_ISLANDS,5,116264430,Calculation Time [millis],0.0,0.0,0.01,37.0,4362,0.0
2026-05-19T10:02:03.129343500Z,TaxiAlgorithmP2PCollector,2,200,6,80,1,nearest,1,4,0,false,none,none,SPATIAL_ISLANDS,5,116264430,Custom Time [micros],0.0,0.0,0.0,0.0,4362,0.0
2026-05-19T10:02:03.252873400Z,TaxiAlgorithmP2PCollector,2,200,6,80,1,nearest,1,4,0,false,none,none,SPATIAL_ISLANDS,6,116264431,Taxi Travel Distance [km],1.79,6.7,4.44,26.64,6,4.91
2026-05-19T10:02:03.252873400Z,TaxiAlgorithmP2PCollector,2,200,6,80,1,nearest,1,4,0,false,none,none,SPATIAL_ISLANDS,6,116264431,Client Waiting Time [min],0.1,9.18,2.12,88.93,42,9.08
2026-05-19T10:02:03.252873400Z,TaxiAlgorithmP2PCollector,2,200,6,80,1,nearest,1,4,0,false,none,none,SPATIAL_ISLANDS,6,116264431,Client Travel Time [min],12.0,733.0,259.21,20737.0,80,721.0
2026-05-19T10:02:03.252873400Z,TaxiAlgorithmP2PCollector,2,200,6,80,1,nearest,1,4,0,false,none,none,SPATIAL_ISLANDS,6,116264431,Calculation Time [millis],0.0,2.0,0.01,38.0,4466,2.0
2026-05-19T10:02:03.252873400Z,TaxiAlgorithmP2PCollector,2,200,6,80,1,nearest,1,4,0,false,none,none,SPATIAL_ISLANDS,6,116264431,Custom Time [micros],0.0,0.0,0.0,0.0,4466,0.0
2026-05-19T10:02:03.376871300Z,TaxiAlgorithmP2PCollector,2,200,6,80,1,nearest,1,4,0,false,none,none,SPATIAL_ISLANDS,7,116264432,Taxi Travel Distance [km],1.78,6.82,3.99,23.96,6,5.04
2026-05-19T10:02:03.376871300Z,TaxiAlgorithmP2PCollector,2,200,6,80,1,nearest,1,4,0,false,none,none,SPATIAL_ISLANDS,7,116264432,Client Waiting Time [min],0.05,11.05,3.56,153.27,43,11.0
2026-05-19T10:02:03.376871300Z,TaxiAlgorithmP2PCollector,2,200,6,80,1,nearest,1,4,0,false,none,none,SPATIAL_ISLANDS,7,116264432,Client Travel Time [min],17.0,775.0,286.25,22900.0,80,758.0
2026-05-19T10:02:03.376871300Z,TaxiAlgorithmP2PCollector,2,200,6,80,1,nearest,1,4,0,false,none,none,SPATIAL_ISLANDS,7,116264432,Calculation Time [millis],0.0,0.0,0.01,38.0,4602,0.0
2026-05-19T10:02:03.376871300Z,TaxiAlgorithmP2PCollector,2,200,6,80,1,nearest,1,4,0,false,none,none,SPATIAL_ISLANDS,7,116264432,Custom Time [micros],0.0,0.0,0.0,0.0,4602,0.0
2026-05-19T10:02:03.485871600Z,TaxiAlgorithmP2PCollector,2,200,6,80,1,nearest,1,4,0,false,none,none,SPATIAL_ISLANDS,8,116264433,Taxi Travel Distance [km],1.41,4.77,3.32,19.91,6,3.3599999999999994
2026-05-19T10:02:03.485871600Z,TaxiAlgorithmP2PCollector,2,200,6,80,1,nearest,1,4,0,false,none,none,SPATIAL_ISLANDS,8,116264433,Client Waiting Time [min],0.08,9.95,4.41,163.03,37,9.87
2026-05-19T10:02:03.485871600Z,TaxiAlgorithmP2PCollector,2,200,6,80,1,nearest,1,4,0,false,none,none,SPATIAL_ISLANDS,8,116264433,Client Travel Time [min],21.0,836.0,361.49,28919.0,80,815.0
2026-05-19T10:02:03.485871600Z,TaxiAlgorithmP2PCollector,2,200,6,80,1,nearest,1,4,0,false,none,none,SPATIAL_ISLANDS,8,116264433,Calculation Time [millis],0.0,0.0,0.01,42.0,4442,0.0
2026-05-19T10:02:03.485871600Z,TaxiAlgorithmP2PCollector,2,200,6,80,1,nearest,1,4,0,false,none,none,SPATIAL_ISLANDS,8,116264433,Custom Time [micros],0.0,0.0,0.0,0.0,4442,0.0
2026-05-19T10:02:03.624871800Z,TaxiAlgorithmP2PCollector,2,200,6,80,1,nearest,1,4,0,false,none,none,SPATIAL_ISLANDS,9,116264434,Taxi Travel Distance [km],2.72,10.24,5.37,32.23,6,7.52
2026-05-19T10:02:03.624871800Z,TaxiAlgorithmP2PCollector,2,200,6,80,1,nearest,1,4,0,false,none,none,SPATIAL_ISLANDS,9,116264434,Client Waiting Time [min],0.07,13.27,2.82,160.57,57,13.2
2026-05-19T10:02:03.624871800Z,TaxiAlgorithmP2PCollector,2,200,6,80,1,nearest,1,4,0,false,none,none,SPATIAL_ISLANDS,9,116264434,Client Travel Time [min],10.0,876.0,226.81,18145.0,80,866.0
2026-05-19T10:02:03.624871800Z,TaxiAlgorithmP2PCollector,2,200,6,80,1,nearest,1,4,0,false,none,none,SPATIAL_ISLANDS,9,116264434,Calculation Time [millis],0.0,0.0,0.01,47.0,4581,0.0
2026-05-19T10:02:03.624871800Z,TaxiAlgorithmP2PCollector,2,200,6,80,1,nearest,1,4,0,false,none,none,SPATIAL_ISLANDS,9,116264434,Custom Time [micros],0.0,0.0,0.0,0.0,4581,0.0
2026-05-19T10:02:03.767872300Z,TaxiAlgorithmP2PCollector,2,200,6,80,1,nearest,1,4,0,false,none,none,SPATIAL_ISLANDS,10,116264435,Taxi Travel Distance [km],0.49,7.91,4.68,28.06,6,7.42
2026-05-19T10:02:03.767872300Z,TaxiAlgorithmP2PCollector,2,200,6,80,1,nearest,1,4,0,false,none,none,SPATIAL_ISLANDS,10,116264435,Client Waiting Time [min],0.05,11.97,3.3,164.8,50,11.92
2026-05-19T10:02:03.767872300Z,TaxiAlgorithmP2PCollector,2,200,6,80,1,nearest,1,4,0,false,none,none,SPATIAL_ISLANDS,10,116264435,Client Travel Time [min],11.0,720.0,253.13,20250.0,80,709.0
2026-05-19T10:02:03.767872300Z,TaxiAlgorithmP2PCollector,2,200,6,80,1,nearest,1,4,0,false,none,none,SPATIAL_ISLANDS,10,116264435,Calculation Time [millis],0.0,0.0,0.01,45.0,4523,0.0
2026-05-19T10:02:03.767872300Z,TaxiAlgorithmP2PCollector,2,200,6,80,1,nearest,1,4,0,false,none,none,SPATIAL_ISLANDS,10,116264435,Custom Time [micros],0.0,0.0,0.0,0.0,4523,0.0
2026-05-19T10:02:03.911871600Z,TaxiAlgorithmP2PCollector,2,200,6,80,1,nearest,1,4,0,true,page-rank,page-rank,BASELINE,1,116264426,Taxi Travel Distance [km],24.02,27.67,25.06,150.33,6,3.650000000000002
2026-05-19T10:02:03.911871600Z,TaxiAlgorithmP2PCollector,2,200,6,80,1,nearest,1,4,0,true,page-rank,page-rank,BASELINE,1,116264426,Client Waiting Time [min],0.05,2.82,0.68,52.28,77,2.77
2026-05-19T10:02:03.911871600Z,TaxiAlgorithmP2PCollector,2,200,6,80,1,nearest,1,4,0,true,page-rank,page-rank,BASELINE,1,116264426,Client Travel Time [min],11.0,193.0,61.39,4911.0,80,182.0
2026-05-19T10:02:03.911871600Z,TaxiAlgorithmP2PCollector,2,200,6,80,1,nearest,1,4,0,true,page-rank,page-rank,BASELINE,1,116264426,Calculation Time [millis],0.0,2.0,0.01,51.0,4026,2.0
2026-05-19T10:02:03.911871600Z,TaxiAlgorithmP2PCollector,2,200,6,80,1,nearest,1,4,0,true,page-rank,page-rank,BASELINE,1,116264426,Custom Time [micros],0.0,0.0,0.0,0.0,4026,0.0
2026-05-19T10:02:04.066872100Z,TaxiAlgorithmP2PCollector,2,200,6,80,1,nearest,1,4,0,true,page-rank,page-rank,BASELINE,2,116264427,Taxi Travel Distance [km],24.49,31.14,27.97,167.81,6,6.650000000000002
2026-05-19T10:02:04.066872100Z,TaxiAlgorithmP2PCollector,2,200,6,80,1,nearest,1,4,0,true,page-rank,page-rank,BASELINE,2,116264427,Client Waiting Time [min],0.05,4.0,0.66,51.13,77,3.95
2026-05-19T10:02:04.066872100Z,TaxiAlgorithmP2PCollector,2,200,6,80,1,nearest,1,4,0,true,page-rank,page-rank,BASELINE,2,116264427,Client Travel Time [min],13.0,260.0,60.36,4829.0,80,247.0
2026-05-19T10:02:04.066872100Z,TaxiAlgorithmP2PCollector,2,200,6,80,1,nearest,1,4,0,true,page-rank,page-rank,BASELINE,2,116264427,Calculation Time [millis],0.0,0.0,0.01,55.0,3998,0.0
2026-05-19T10:02:04.066872100Z,TaxiAlgorithmP2PCollector,2,200,6,80,1,nearest,1,4,0,true,page-rank,page-rank,BASELINE,2,116264427,Custom Time [micros],0.0,0.0,0.0,0.0,3998,0.0
2026-05-19T10:02:04.206399800Z,TaxiAlgorithmP2PCollector,2,200,6,80,1,nearest,1,4,0,true,page-rank,page-rank,BASELINE,3,116264428,Taxi Travel Distance [km],28.13,32.33,30.23,181.37,6,4.199999999999999
2026-05-19T10:02:04.206399800Z,TaxiAlgorithmP2PCollector,2,200,6,80,1,nearest,1,4,0,true,page-rank,page-rank,BASELINE,3,116264428,Client Waiting Time [min],0.05,3.17,0.69,54.45,79,3.12
2026-05-19T10:02:04.206399800Z,TaxiAlgorithmP2PCollector,2,200,6,80,1,nearest,1,4,0,true,page-rank,page-rank,BASELINE,3,116264428,Client Travel Time [min],16.0,269.0,66.49,5319.0,80,253.0
2026-05-19T10:02:04.206399800Z,TaxiAlgorithmP2PCollector,2,200,6,80,1,nearest,1,4,0,true,page-rank,page-rank,BASELINE,3,116264428,Calculation Time [millis],0.0,2.0,0.02,66.0,3939,2.0
2026-05-19T10:02:04.206399800Z,TaxiAlgorithmP2PCollector,2,200,6,80,1,nearest,1,4,0,true,page-rank,page-rank,BASELINE,3,116264428,Custom Time [micros],0.0,0.0,0.0,0.0,3939,0.0
2026-05-19T10:02:04.362402400Z,TaxiAlgorithmP2PCollector,2,200,6,80,1,nearest,1,4,0,true,page-rank,page-rank,BASELINE,4,116264429,Taxi Travel Distance [km],21.34,25.06,23.51,141.07,6,3.719999999999999
2026-05-19T10:02:04.362402400Z,TaxiAlgorithmP2PCollector,2,200,6,80,1,nearest,1,4,0,true,page-rank,page-rank,BASELINE,4,116264429,Client Waiting Time [min],0.03,2.85,0.61,47.95,79,2.8200000000000003
2026-05-19T10:02:04.362402400Z,TaxiAlgorithmP2PCollector,2,200,6,80,1,nearest,1,4,0,true,page-rank,page-rank,BASELINE,4,116264429,Client Travel Time [min],11.0,197.0,58.79,4703.0,80,186.0
2026-05-19T10:02:04.362402400Z,TaxiAlgorithmP2PCollector,2,200,6,80,1,nearest,1,4,0,true,page-rank,page-rank,BASELINE,4,116264429,Calculation Time [millis],0.0,0.0,0.01,54.0,3998,0.0
2026-05-19T10:02:04.362402400Z,TaxiAlgorithmP2PCollector,2,200,6,80,1,nearest,1,4,0,true,page-rank,page-rank,BASELINE,4,116264429,Custom Time [micros],0.0,0.0,0.0,0.0,3998,0.0
2026-05-19T10:02:04.502402800Z,TaxiAlgorithmP2PCollector,2,200,6,80,1,nearest,1,4,0,true,page-rank,page-rank,BASELINE,5,116264430,Taxi Travel Distance [km],29.21,34.99,33.08,198.5,6,5.780000000000001
2026-05-19T10:02:04.502402800Z,TaxiAlgorithmP2PCollector,2,200,6,80,1,nearest,1,4,0,true,page-rank,page-rank,BASELINE,5,116264430,Client Waiting Time [min],0.05,7.95,0.95,74.68,79,7.9
2026-05-19T10:02:04.502402800Z,TaxiAlgorithmP2PCollector,2,200,6,80,1,nearest,1,4,0,true,page-rank,page-rank,BASELINE,5,116264430,Client Travel Time [min],12.0,487.0,79.15,6332.0,80,475.0
2026-05-19T10:02:04.502402800Z,TaxiAlgorithmP2PCollector,2,200,6,80,1,nearest,1,4,0,true,page-rank,page-rank,BASELINE,5,116264430,Calculation Time [millis],0.0,2.0,0.02,70.0,4038,2.0
2026-05-19T10:02:04.502402800Z,TaxiAlgorithmP2PCollector,2,200,6,80,1,nearest,1,4,0,true,page-rank,page-rank,BASELINE,5,116264430,Custom Time [micros],0.0,0.0,0.0,0.0,4038,0.0
2026-05-19T10:02:04.657112100Z,TaxiAlgorithmP2PCollector,2,200,6,80,1,nearest,1,4,0,true,page-rank,page-rank,BASELINE,6,116264431,Taxi Travel Distance [km],22.02,29.05,26.03,156.16,6,7.030000000000001
2026-05-19T10:02:04.657112100Z,TaxiAlgorithmP2PCollector,2,200,6,80,1,nearest,1,4,0,true,page-rank,page-rank,BASELINE,6,116264431,Client Waiting Time [min],0.05,3.5,0.73,57.5,79,3.45
2026-05-19T10:02:04.657112100Z,TaxiAlgorithmP2PCollector,2,200,6,80,1,nearest,1,4,0,true,page-rank,page-rank,BASELINE,6,116264431,Client Travel Time [min],7.0,239.0,63.85,5108.0,80,232.0
2026-05-19T10:02:04.657112100Z,TaxiAlgorithmP2PCollector,2,200,6,80,1,nearest,1,4,0,true,page-rank,page-rank,BASELINE,6,116264431,Calculation Time [millis],0.0,0.0,0.01,51.0,3984,0.0
2026-05-19T10:02:04.657112100Z,TaxiAlgorithmP2PCollector,2,200,6,80,1,nearest,1,4,0,true,page-rank,page-rank,BASELINE,6,116264431,Custom Time [micros],0.0,0.0,0.0,0.0,3984,0.0
2026-05-19T10:02:04.796113600Z,TaxiAlgorithmP2PCollector,2,200,6,80,1,nearest,1,4,0,true,page-rank,page-rank,BASELINE,7,116264432,Taxi Travel Distance [km],30.13,36.66,34.16,204.96,6,6.529999999999998
2026-05-19T10:02:04.796113600Z,TaxiAlgorithmP2PCollector,2,200,6,80,1,nearest,1,4,0,true,page-rank,page-rank,BASELINE,7,116264432,Client Waiting Time [min],0.03,4.32,0.8,62.97,79,4.29
2026-05-19T10:02:04.796113600Z,TaxiAlgorithmP2PCollector,2,200,6,80,1,nearest,1,4,0,true,page-rank,page-rank,BASELINE,7,116264432,Client Travel Time [min],6.0,268.0,69.4,5552.0,80,262.0
2026-05-19T10:02:04.796113600Z,TaxiAlgorithmP2PCollector,2,200,6,80,1,nearest,1,4,0,true,page-rank,page-rank,BASELINE,7,116264432,Calculation Time [millis],0.0,2.0,0.02,73.0,4095,2.0
2026-05-19T10:02:04.796113600Z,TaxiAlgorithmP2PCollector,2,200,6,80,1,nearest,1,4,0,true,page-rank,page-rank,BASELINE,7,116264432,Custom Time [micros],0.0,0.0,0.0,0.0,4095,0.0
2026-05-19T10:02:04.954113200Z,TaxiAlgorithmP2PCollector,2,200,6,80,1,nearest,1,4,0,true,page-rank,page-rank,BASELINE,8,116264433,Taxi Travel Distance [km],28.08,34.4,31.67,189.99,6,6.32
2026-05-19T10:02:04.954113200Z,TaxiAlgorithmP2PCollector,2,200,6,80,1,nearest,1,4,0,true,page-rank,page-rank,BASELINE,8,116264433,Client Waiting Time [min],0.03,2.75,0.78,61.73,79,2.72
2026-05-19T10:02:04.954113200Z,TaxiAlgorithmP2PCollector,2,200,6,80,1,nearest,1,4,0,true,page-rank,page-rank,BASELINE,8,116264433,Client Travel Time [min],16.0,189.0,71.28,5702.0,80,173.0
2026-05-19T10:02:04.954113200Z,TaxiAlgorithmP2PCollector,2,200,6,80,1,nearest,1,4,0,true,page-rank,page-rank,BASELINE,8,116264433,Calculation Time [millis],0.0,0.0,0.01,60.0,4078,0.0
2026-05-19T10:02:04.954113200Z,TaxiAlgorithmP2PCollector,2,200,6,80,1,nearest,1,4,0,true,page-rank,page-rank,BASELINE,8,116264433,Custom Time [micros],0.0,0.0,0.0,0.0,4078,0.0
2026-05-19T10:02:05.108113100Z,TaxiAlgorithmP2PCollector,2,200,6,80,1,nearest,1,4,0,true,page-rank,page-rank,BASELINE,9,116264434,Taxi Travel Distance [km],27.67,31.33,29.0,174.02,6,3.6599999999999966
2026-05-19T10:02:05.108113100Z,TaxiAlgorithmP2PCollector,2,200,6,80,1,nearest,1,4,0,true,page-rank,page-rank,BASELINE,9,116264434,Client Waiting Time [min],0.03,5.78,0.7,54.82,78,5.75
2026-05-19T10:02:05.108113100Z,TaxiAlgorithmP2PCollector,2,200,6,80,1,nearest,1,4,0,true,page-rank,page-rank,BASELINE,9,116264434,Client Travel Time [min],11.0,375.0,65.14,5211.0,80,364.0
2026-05-19T10:02:05.108113100Z,TaxiAlgorithmP2PCollector,2,200,6,80,1,nearest,1,4,0,true,page-rank,page-rank,BASELINE,9,116264434,Calculation Time [millis],0.0,2.0,0.01,58.0,4127,2.0
2026-05-19T10:02:05.108113100Z,TaxiAlgorithmP2PCollector,2,200,6,80,1,nearest,1,4,0,true,page-rank,page-rank,BASELINE,9,116264434,Custom Time [micros],0.0,0.0,0.0,0.0,4127,0.0
2026-05-19T10:02:05.250114700Z,TaxiAlgorithmP2PCollector,2,200,6,80,1,nearest,1,4,0,true,page-rank,page-rank,BASELINE,10,116264435,Taxi Travel Distance [km],24.63,34.4,30.12,180.71,6,9.77
2026-05-19T10:02:05.250114700Z,TaxiAlgorithmP2PCollector,2,200,6,80,1,nearest,1,4,0,true,page-rank,page-rank,BASELINE,10,116264435,Client Waiting Time [min],0.07,3.22,0.72,56.45,78,3.1500000000000004
2026-05-19T10:02:05.250114700Z,TaxiAlgorithmP2PCollector,2,200,6,80,1,nearest,1,4,0,true,page-rank,page-rank,BASELINE,10,116264435,Client Travel Time [min],17.0,220.0,65.08,5206.0,80,203.0
2026-05-19T10:02:05.250114700Z,TaxiAlgorithmP2PCollector,2,200,6,80,1,nearest,1,4,0,true,page-rank,page-rank,BASELINE,10,116264435,Calculation Time [millis],0.0,0.0,0.02,72.0,4080,0.0
2026-05-19T10:02:05.250114700Z,TaxiAlgorithmP2PCollector,2,200,6,80,1,nearest,1,4,0,true,page-rank,page-rank,BASELINE,10,116264435,Custom Time [micros],0.0,0.0,0.0,0.0,4080,0.0
2026-05-19T10:02:05.406113Z,TaxiAlgorithmP2PCollector,2,200,6,80,1,nearest,1,4,0,true,page-rank,page-rank,RUSH_HOUR,1,116264426,Taxi Travel Distance [km],5.12,12.56,8.87,53.23,6,7.44
2026-05-19T10:02:05.406113Z,TaxiAlgorithmP2PCollector,2,200,6,80,1,nearest,1,4,0,true,page-rank,page-rank,RUSH_HOUR,1,116264426,Client Waiting Time [min],0.08,5.73,1.91,122.23,64,5.65
2026-05-19T10:02:05.406113Z,TaxiAlgorithmP2PCollector,2,200,6,80,1,nearest,1,4,0,true,page-rank,page-rank,RUSH_HOUR,1,116264426,Client Travel Time [min],9.0,792.0,174.9,13992.0,80,783.0
2026-05-19T10:02:05.406113Z,TaxiAlgorithmP2PCollector,2,200,6,80,1,nearest,1,4,0,true,page-rank,page-rank,RUSH_HOUR,1,116264426,Calculation Time [millis],0.0,2.0,0.01,55.0,4232,2.0
2026-05-19T10:02:05.406113Z,TaxiAlgorithmP2PCollector,2,200,6,80,1,nearest,1,4,0,true,page-rank,page-rank,RUSH_HOUR,1,116264426,Custom Time [micros],0.0,0.0,0.0,0.0,4232,0.0
2026-05-19T10:02:05.513112Z,TaxiAlgorithmP2PCollector,2,200,6,80,1,nearest,1,4,0,true,page-rank,page-rank,RUSH_HOUR,2,116264427,Taxi Travel Distance [km],5.02,11.68,8.93,53.57,6,6.66
2026-05-19T10:02:05.513112Z,TaxiAlgorithmP2PCollector,2,200,6,80,1,nearest,1,4,0,true,page-rank,page-rank,RUSH_HOUR,2,116264427,Client Waiting Time [min],0.05,8.6,0.86,53.33,62,8.549999999999999
2026-05-19T10:02:05.513112Z,TaxiAlgorithmP2PCollector,2,200,6,80,1,nearest,1,4,0,true,page-rank,page-rank,RUSH_HOUR,2,116264427,Client Travel Time [min],13.0,793.0,124.9,9992.0,80,780.0
2026-05-19T10:02:05.513112Z,TaxiAlgorithmP2PCollector,2,200,6,80,1,nearest,1,4,0,true,page-rank,page-rank,RUSH_HOUR,2,116264427,Calculation Time [millis],0.0,0.0,0.01,39.0,4010,0.0
2026-05-19T10:02:05.513112Z,TaxiAlgorithmP2PCollector,2,200,6,80,1,nearest,1,4,0,true,page-rank,page-rank,RUSH_HOUR,2,116264427,Custom Time [micros],0.0,0.0,0.0,0.0,4010,0.0
2026-05-19T10:02:05.638113400Z,TaxiAlgorithmP2PCollector,2,200,6,80,1,nearest,1,4,0,true,page-rank,page-rank,RUSH_HOUR,3,116264428,Taxi Travel Distance [km],5.08,13.9,9.29,55.72,6,8.82
2026-05-19T10:02:05.638113400Z,TaxiAlgorithmP2PCollector,2,200,6,80,1,nearest,1,4,0,true,page-rank,page-rank,RUSH_HOUR,3,116264428,Client Waiting Time [min],0.1,10.63,2.56,168.82,66,10.530000000000001
2026-05-19T10:02:05.638113400Z,TaxiAlgorithmP2PCollector,2,200,6,80,1,nearest,1,4,0,true,page-rank,page-rank,RUSH_HOUR,3,116264428,Client Travel Time [min],17.0,681.0,203.16,16253.0,80,664.0
2026-05-19T10:02:05.638113400Z,TaxiAlgorithmP2PCollector,2,200,6,80,1,nearest,1,4,0,true,page-rank,page-rank,RUSH_HOUR,3,116264428,Calculation Time [millis],0.0,0.0,0.01,46.0,4242,0.0
2026-05-19T10:02:05.638113400Z,TaxiAlgorithmP2PCollector,2,200,6,80,1,nearest,1,4,0,true,page-rank,page-rank,RUSH_HOUR,3,116264428,Custom Time [micros],0.0,0.0,0.0,0.0,4242,0.0
2026-05-19T10:02:05.777111800Z,TaxiAlgorithmP2PCollector,2,200,6,80,1,nearest,1,4,0,true,page-rank,page-rank,RUSH_HOUR,4,116264429,Taxi Travel Distance [km],7.66,12.43,9.92,59.54,6,4.77
2026-05-19T10:02:05.777111800Z,TaxiAlgorithmP2PCollector,2,200,6,80,1,nearest,1,4,0,true,page-rank,page-rank,RUSH_HOUR,4,116264429,Client Waiting Time [min],0.03,6.8,1.18,83.55,71,6.77
2026-05-19T10:02:05.777111800Z,TaxiAlgorithmP2PCollector,2,200,6,80,1,nearest,1,4,0,true,page-rank,page-rank,RUSH_HOUR,4,116264429,Client Travel Time [min],15.0,466.0,105.58,8446.0,80,451.0
2026-05-19T10:02:05.777111800Z,TaxiAlgorithmP2PCollector,2,200,6,80,1,nearest,1,4,0,true,page-rank,page-rank,RUSH_HOUR,4,116264429,Calculation Time [millis],0.0,2.0,0.01,50.0,4138,2.0
2026-05-19T10:02:05.777111800Z,TaxiAlgorithmP2PCollector,2,200,6,80,1,nearest,1,4,0,true,page-rank,page-rank,RUSH_HOUR,4,116264429,Custom Time [micros],0.0,0.0,0.0,0.0,4138,0.0
2026-05-19T10:02:05.917112800Z,TaxiAlgorithmP2PCollector,2,200,6,80,1,nearest,1,4,0,true,page-rank,page-rank,RUSH_HOUR,5,116264430,Taxi Travel Distance [km],6.36,12.63,8.87,53.24,6,6.2700000000000005
2026-05-19T10:02:05.917112800Z,TaxiAlgorithmP2PCollector,2,200,6,80,1,nearest,1,4,0,true,page-rank,page-rank,RUSH_HOUR,5,116264430,Client Waiting Time [min],0.03,10.35,2.26,153.87,68,10.32
2026-05-19T10:02:05.917112800Z,TaxiAlgorithmP2PCollector,2,200,6,80,1,nearest,1,4,0,true,page-rank,page-rank,RUSH_HOUR,5,116264430,Client Travel Time [min],11.0,826.0,189.49,15159.0,80,815.0
2026-05-19T10:02:05.917112800Z,TaxiAlgorithmP2PCollector,2,200,6,80,1,nearest,1,4,0,true,page-rank,page-rank,RUSH_HOUR,5,116264430,Calculation Time [millis],0.0,0.0,0.01,48.0,4136,0.0
2026-05-19T10:02:05.917112800Z,TaxiAlgorithmP2PCollector,2,200,6,80,1,nearest,1,4,0,true,page-rank,page-rank,RUSH_HOUR,5,116264430,Custom Time [micros],0.0,0.0,0.0,0.0,4136,0.0
2026-05-19T10:02:06.073113900Z,TaxiAlgorithmP2PCollector,2,200,6,80,1,nearest,1,4,0,true,page-rank,page-rank,RUSH_HOUR,6,116264431,Taxi Travel Distance [km],4.31,13.89,8.2,49.21,6,9.580000000000002
2026-05-19T10:02:06.073113900Z,TaxiAlgorithmP2PCollector,2,200,6,80,1,nearest,1,4,0,true,page-rank,page-rank,RUSH_HOUR,6,116264431,Client Waiting Time [min],0.03,13.73,2.56,174.02,68,13.700000000000001
2026-05-19T10:02:06.073113900Z,TaxiAlgorithmP2PCollector,2,200,6,80,1,nearest,1,4,0,true,page-rank,page-rank,RUSH_HOUR,6,116264431,Client Travel Time [min],12.0,825.0,186.26,14901.0,80,813.0
2026-05-19T10:02:06.073113900Z,TaxiAlgorithmP2PCollector,2,200,6,80,1,nearest,1,4,0,true,page-rank,page-rank,RUSH_HOUR,6,116264431,Calculation Time [millis],0.0,2.0,0.01,47.0,3979,2.0
2026-05-19T10:02:06.073113900Z,TaxiAlgorithmP2PCollector,2,200,6,80,1,nearest,1,4,0,true,page-rank,page-rank,RUSH_HOUR,6,116264431,Custom Time [micros],0.0,0.0,0.0,0.0,3979,0.0
2026-05-19T10:02:06.183112500Z,TaxiAlgorithmP2PCollector,2,200,6,80,1,nearest,1,4,0,true,page-rank,page-rank,RUSH_HOUR,7,116264432,Taxi Travel Distance [km],4.28,12.73,8.75,52.52,6,8.45
2026-05-19T10:02:06.183112500Z,TaxiAlgorithmP2PCollector,2,200,6,80,1,nearest,1,4,0,true,page-rank,page-rank,RUSH_HOUR,7,116264432,Client Waiting Time [min],0.05,7.45,2.19,138.15,63,7.4
2026-05-19T10:02:06.183112500Z,TaxiAlgorithmP2PCollector,2,200,6,80,1,nearest,1,4,0,true,page-rank,page-rank,RUSH_HOUR,7,116264432,Client Travel Time [min],13.0,809.0,185.33,14826.0,80,796.0
2026-05-19T10:02:06.183112500Z,TaxiAlgorithmP2PCollector,2,200,6,80,1,nearest,1,4,0,true,page-rank,page-rank,RUSH_HOUR,7,116264432,Calculation Time [millis],0.0,0.0,0.01,51.0,3868,0.0
2026-05-19T10:02:06.183112500Z,TaxiAlgorithmP2PCollector,2,200,6,80,1,nearest,1,4,0,true,page-rank,page-rank,RUSH_HOUR,7,116264432,Custom Time [micros],0.0,0.0,0.0,0.0,3868,0.0
2026-05-19T10:02:06.321114500Z,TaxiAlgorithmP2PCollector,2,200,6,80,1,nearest,1,4,0,true,page-rank,page-rank,RUSH_HOUR,8,116264433,Taxi Travel Distance [km],5.67,12.66,9.5,57.02,6,6.99
2026-05-19T10:02:06.321114500Z,TaxiAlgorithmP2PCollector,2,200,6,80,1,nearest,1,4,0,true,page-rank,page-rank,RUSH_HOUR,8,116264433,Client Waiting Time [min],0.08,11.65,2.41,156.58,65,11.57
2026-05-19T10:02:06.321114500Z,TaxiAlgorithmP2PCollector,2,200,6,80,1,nearest,1,4,0,true,page-rank,page-rank,RUSH_HOUR,8,116264433,Client Travel Time [min],8.0,707.0,188.13,15050.0,80,699.0
2026-05-19T10:02:06.321114500Z,TaxiAlgorithmP2PCollector,2,200,6,80,1,nearest,1,4,0,true,page-rank,page-rank,RUSH_HOUR,8,116264433,Calculation Time [millis],0.0,0.0,0.01,45.0,4478,0.0
2026-05-19T10:02:06.321114500Z,TaxiAlgorithmP2PCollector,2,200,6,80,1,nearest,1,4,0,true,page-rank,page-rank,RUSH_HOUR,8,116264433,Custom Time [micros],0.0,0.0,0.0,0.0,4478,0.0
2026-05-19T10:02:06.446109500Z,TaxiAlgorithmP2PCollector,2,200,6,80,1,nearest,1,4,0,true,page-rank,page-rank,RUSH_HOUR,9,116264434,Taxi Travel Distance [km],5.89,13.99,8.18,49.1,6,8.100000000000001
2026-05-19T10:02:06.446109500Z,TaxiAlgorithmP2PCollector,2,200,6,80,1,nearest,1,4,0,true,page-rank,page-rank,RUSH_HOUR,9,116264434,Client Waiting Time [min],0.07,6.87,1.77,110.03,62,6.8
2026-05-19T10:02:06.446109500Z,TaxiAlgorithmP2PCollector,2,200,6,80,1,nearest,1,4,0,true,page-rank,page-rank,RUSH_HOUR,9,116264434,Client Travel Time [min],17.0,845.0,162.33,12986.0,80,828.0
2026-05-19T10:02:06.446109500Z,TaxiAlgorithmP2PCollector,2,200,6,80,1,nearest,1,4,0,true,page-rank,page-rank,RUSH_HOUR,9,116264434,Calculation Time [millis],0.0,2.0,0.01,44.0,4716,2.0
2026-05-19T10:02:06.446109500Z,TaxiAlgorithmP2PCollector,2,200,6,80,1,nearest,1,4,0,true,page-rank,page-rank,RUSH_HOUR,9,116264434,Custom Time [micros],0.0,0.0,0.0,0.0,4716,0.0
2026-05-19T10:02:06.569112100Z,TaxiAlgorithmP2PCollector,2,200,6,80,1,nearest,1,4,0,true,page-rank,page-rank,RUSH_HOUR,10,116264435,Taxi Travel Distance [km],4.54,14.18,8.87,53.25,6,9.64
2026-05-19T10:02:06.569112100Z,TaxiAlgorithmP2PCollector,2,200,6,80,1,nearest,1,4,0,true,page-rank,page-rank,RUSH_HOUR,10,116264435,Client Waiting Time [min],0.05,8.58,1.53,111.42,73,8.53
2026-05-19T10:02:06.569112100Z,TaxiAlgorithmP2PCollector,2,200,6,80,1,nearest,1,4,0,true,page-rank,page-rank,RUSH_HOUR,10,116264435,Client Travel Time [min],8.0,615.0,128.9,10312.0,80,607.0
2026-05-19T10:02:06.569112100Z,TaxiAlgorithmP2PCollector,2,200,6,80,1,nearest,1,4,0,true,page-rank,page-rank,RUSH_HOUR,10,116264435,Calculation Time [millis],0.0,0.0,0.01,46.0,3897,0.0
2026-05-19T10:02:06.569112100Z,TaxiAlgorithmP2PCollector,2,200,6,80,1,nearest,1,4,0,true,page-rank,page-rank,RUSH_HOUR,10,116264435,Custom Time [micros],0.0,0.0,0.0,0.0,3897,0.0
2026-05-19T10:02:06.695112200Z,TaxiAlgorithmP2PCollector,2,200,6,80,1,nearest,1,4,0,true,page-rank,page-rank,SPATIAL_IMBALANCE,1,116264426,Taxi Travel Distance [km],6.75,18.25,10.77,64.61,6,11.5
2026-05-19T10:02:06.695112200Z,TaxiAlgorithmP2PCollector,2,200,6,80,1,nearest,1,4,0,true,page-rank,page-rank,SPATIAL_IMBALANCE,1,116264426,Client Waiting Time [min],0.05,8.52,0.97,73.82,76,8.469999999999999
2026-05-19T10:02:06.695112200Z,TaxiAlgorithmP2PCollector,2,200,6,80,1,nearest,1,4,0,true,page-rank,page-rank,SPATIAL_IMBALANCE,1,116264426,Client Travel Time [min],7.0,518.0,83.34,6667.0,80,511.0
2026-05-19T10:02:06.695112200Z,TaxiAlgorithmP2PCollector,2,200,6,80,1,nearest,1,4,0,true,page-rank,page-rank,SPATIAL_IMBALANCE,1,116264426,Calculation Time [millis],0.0,0.0,0.01,42.0,3991,0.0
2026-05-19T10:02:06.695112200Z,TaxiAlgorithmP2PCollector,2,200,6,80,1,nearest,1,4,0,true,page-rank,page-rank,SPATIAL_IMBALANCE,1,116264426,Custom Time [micros],0.0,0.0,0.0,0.0,3991,0.0
2026-05-19T10:02:06.818111100Z,TaxiAlgorithmP2PCollector,2,200,6,80,1,nearest,1,4,0,true,page-rank,page-rank,SPATIAL_IMBALANCE,2,116264427,Taxi Travel Distance [km],7.2,12.79,9.81,58.87,6,5.589999999999999
2026-05-19T10:02:06.818111100Z,TaxiAlgorithmP2PCollector,2,200,6,80,1,nearest,1,4,0,true,page-rank,page-rank,SPATIAL_IMBALANCE,2,116264427,Client Waiting Time [min],0.03,10.83,0.56,42.45,76,10.8
2026-05-19T10:02:06.818111100Z,TaxiAlgorithmP2PCollector,2,200,6,80,1,nearest,1,4,0,true,page-rank,page-rank,SPATIAL_IMBALANCE,2,116264427,Client Travel Time [min],8.0,656.0,61.34,4907.0,80,648.0
2026-05-19T10:02:06.818111100Z,TaxiAlgorithmP2PCollector,2,200,6,80,1,nearest,1,4,0,true,page-rank,page-rank,SPATIAL_IMBALANCE,2,116264427,Calculation Time [millis],0.0,0.0,0.01,34.0,3990,0.0
2026-05-19T10:02:06.818111100Z,TaxiAlgorithmP2PCollector,2,200,6,80,1,nearest,1,4,0,true,page-rank,page-rank,SPATIAL_IMBALANCE,2,116264427,Custom Time [micros],0.0,0.0,0.0,0.0,3990,0.0
2026-05-19T10:02:06.926114700Z,TaxiAlgorithmP2PCollector,2,200,6,80,1,nearest,1,4,0,true,page-rank,page-rank,SPATIAL_IMBALANCE,3,116264428,Taxi Travel Distance [km],5.64,23.5,12.03,72.21,6,17.86
2026-05-19T10:02:06.926114700Z,TaxiAlgorithmP2PCollector,2,200,6,80,1,nearest,1,4,0,true,page-rank,page-rank,SPATIAL_IMBALANCE,3,116264428,Client Waiting Time [min],0.03,7.48,1.14,88.98,78,7.45
2026-05-19T10:02:06.926114700Z,TaxiAlgorithmP2PCollector,2,200,6,80,1,nearest,1,4,0,true,page-rank,page-rank,SPATIAL_IMBALANCE,3,116264428,Client Travel Time [min],10.0,611.0,98.04,7843.0,80,601.0
2026-05-19T10:02:06.926114700Z,TaxiAlgorithmP2PCollector,2,200,6,80,1,nearest,1,4,0,true,page-rank,page-rank,SPATIAL_IMBALANCE,3,116264428,Calculation Time [millis],0.0,0.0,0.01,43.0,3959,0.0
2026-05-19T10:02:06.926114700Z,TaxiAlgorithmP2PCollector,2,200,6,80,1,nearest,1,4,0,true,page-rank,page-rank,SPATIAL_IMBALANCE,3,116264428,Custom Time [micros],0.0,0.0,0.0,0.0,3959,0.0
2026-05-19T10:02:07.065272400Z,TaxiAlgorithmP2PCollector,2,200,6,80,1,nearest,1,4,0,true,page-rank,page-rank,SPATIAL_IMBALANCE,4,116264429,Taxi Travel Distance [km],3.45,17.35,10.19,61.13,6,13.900000000000002
2026-05-19T10:02:07.065272400Z,TaxiAlgorithmP2PCollector,2,200,6,80,1,nearest,1,4,0,true,page-rank,page-rank,SPATIAL_IMBALANCE,4,116264429,Client Waiting Time [min],0.03,6.95,0.72,53.87,75,6.92
2026-05-19T10:02:07.065272400Z,TaxiAlgorithmP2PCollector,2,200,6,80,1,nearest,1,4,0,true,page-rank,page-rank,SPATIAL_IMBALANCE,4,116264429,Client Travel Time [min],10.0,424.0,78.55,6284.0,80,414.0
2026-05-19T10:02:07.065272400Z,TaxiAlgorithmP2PCollector,2,200,6,80,1,nearest,1,4,0,true,page-rank,page-rank,SPATIAL_IMBALANCE,4,116264429,Calculation Time [millis],0.0,1.0,0.01,46.0,4014,1.0
2026-05-19T10:02:07.065272400Z,TaxiAlgorithmP2PCollector,2,200,6,80,1,nearest,1,4,0,true,page-rank,page-rank,SPATIAL_IMBALANCE,4,116264429,Custom Time [micros],0.0,0.0,0.0,0.0,4014,0.0
2026-05-19T10:02:07.189274700Z,TaxiAlgorithmP2PCollector,2,200,6,80,1,nearest,1,4,0,true,page-rank,page-rank,SPATIAL_IMBALANCE,5,116264430,Taxi Travel Distance [km],5.31,14.41,10.07,60.43,6,9.100000000000001
2026-05-19T10:02:07.189274700Z,TaxiAlgorithmP2PCollector,2,200,6,80,1,nearest,1,4,0,true,page-rank,page-rank,SPATIAL_IMBALANCE,5,116264430,Client Waiting Time [min],0.05,7.23,0.84,63.03,75,7.180000000000001
2026-05-19T10:02:07.189274700Z,TaxiAlgorithmP2PCollector,2,200,6,80,1,nearest,1,4,0,true,page-rank,page-rank,SPATIAL_IMBALANCE,5,116264430,Client Travel Time [min],8.0,444.0,80.39,6431.0,80,436.0
2026-05-19T10:02:07.189274700Z,TaxiAlgorithmP2PCollector,2,200,6,80,1,nearest,1,4,0,true,page-rank,page-rank,SPATIAL_IMBALANCE,5,116264430,Calculation Time [millis],0.0,0.0,0.01,45.0,3932,0.0
2026-05-19T10:02:07.189274700Z,TaxiAlgorithmP2PCollector,2,200,6,80,1,nearest,1,4,0,true,page-rank,page-rank,SPATIAL_IMBALANCE,5,116264430,Custom Time [micros],0.0,0.0,0.0,0.0,3932,0.0
2026-05-19T10:02:07.312275100Z,TaxiAlgorithmP2PCollector,2,200,6,80,1,nearest,1,4,0,true,page-rank,page-rank,SPATIAL_IMBALANCE,6,116264431,Taxi Travel Distance [km],3.52,21.31,10.54,63.23,6,17.79
2026-05-19T10:02:07.312275100Z,TaxiAlgorithmP2PCollector,2,200,6,80,1,nearest,1,4,0,true,page-rank,page-rank,SPATIAL_IMBALANCE,6,116264431,Client Waiting Time [min],0.05,8.9,0.93,70.52,76,8.85
2026-05-19T10:02:07.312275100Z,TaxiAlgorithmP2PCollector,2,200,6,80,1,nearest,1,4,0,true,page-rank,page-rank,SPATIAL_IMBALANCE,6,116264431,Client Travel Time [min],9.0,711.0,85.5,6840.0,80,702.0
2026-05-19T10:02:07.312275100Z,TaxiAlgorithmP2PCollector,2,200,6,80,1,nearest,1,4,0,true,page-rank,page-rank,SPATIAL_IMBALANCE,6,116264431,Calculation Time [millis],0.0,0.0,0.01,41.0,4037,0.0
2026-05-19T10:02:07.312275100Z,TaxiAlgorithmP2PCollector,2,200,6,80,1,nearest,1,4,0,true,page-rank,page-rank,SPATIAL_IMBALANCE,6,116264431,Custom Time [micros],0.0,0.0,0.0,0.0,4037,0.0
2026-05-19T10:02:07.438276100Z,TaxiAlgorithmP2PCollector,2,200,6,80,1,nearest,1,4,0,true,page-rank,page-rank,SPATIAL_IMBALANCE,7,116264432,Taxi Travel Distance [km],5.21,17.05,11.23,67.4,6,11.84
2026-05-19T10:02:07.438276100Z,TaxiAlgorithmP2PCollector,2,200,6,80,1,nearest,1,4,0,true,page-rank,page-rank,SPATIAL_IMBALANCE,7,116264432,Client Waiting Time [min],0.03,5.13,0.64,48.8,76,5.1
2026-05-19T10:02:07.438276100Z,TaxiAlgorithmP2PCollector,2,200,6,80,1,nearest,1,4,0,true,page-rank,page-rank,SPATIAL_IMBALANCE,7,116264432,Client Travel Time [min],9.0,429.0,68.54,5483.0,80,420.0
2026-05-19T10:02:07.438276100Z,TaxiAlgorithmP2PCollector,2,200,6,80,1,nearest,1,4,0,true,page-rank,page-rank,SPATIAL_IMBALANCE,7,116264432,Calculation Time [millis],0.0,1.0,0.01,36.0,4226,1.0
2026-05-19T10:02:07.438276100Z,TaxiAlgorithmP2PCollector,2,200,6,80,1,nearest,1,4,0,true,page-rank,page-rank,SPATIAL_IMBALANCE,7,116264432,Custom Time [micros],0.0,0.0,0.0,0.0,4226,0.0
2026-05-19T10:02:07.562278Z,TaxiAlgorithmP2PCollector,2,200,6,80,1,nearest,1,4,0,true,page-rank,page-rank,SPATIAL_IMBALANCE,8,116264433,Taxi Travel Distance [km],4.9,16.48,11.61,69.65,6,11.58
2026-05-19T10:02:07.562278Z,TaxiAlgorithmP2PCollector,2,200,6,80,1,nearest,1,4,0,true,page-rank,page-rank,SPATIAL_IMBALANCE,8,116264433,Client Waiting Time [min],0.05,5.45,0.7,53.17,76,5.4
2026-05-19T10:02:07.562278Z,TaxiAlgorithmP2PCollector,2,200,6,80,1,nearest,1,4,0,true,page-rank,page-rank,SPATIAL_IMBALANCE,8,116264433,Client Travel Time [min],7.0,469.0,78.23,6258.0,80,462.0
2026-05-19T10:02:07.562278Z,TaxiAlgorithmP2PCollector,2,200,6,80,1,nearest,1,4,0,true,page-rank,page-rank,SPATIAL_IMBALANCE,8,116264433,Calculation Time [millis],0.0,0.0,0.01,32.0,4092,0.0
2026-05-19T10:02:07.562278Z,TaxiAlgorithmP2PCollector,2,200,6,80,1,nearest,1,4,0,true,page-rank,page-rank,SPATIAL_IMBALANCE,8,116264433,Custom Time [micros],0.0,0.0,0.0,0.0,4092,0.0
2026-05-19T10:02:07.669273400Z,TaxiAlgorithmP2PCollector,2,200,6,80,1,nearest,1,4,0,true,page-rank,page-rank,SPATIAL_IMBALANCE,9,116264434,Taxi Travel Distance [km],6.48,15.08,10.05,60.33,6,8.6
2026-05-19T10:02:07.669273400Z,TaxiAlgorithmP2PCollector,2,200,6,80,1,nearest,1,4,0,true,page-rank,page-rank,SPATIAL_IMBALANCE,9,116264434,Client Waiting Time [min],0.03,5.18,0.44,32.73,75,5.1499999999999995
2026-05-19T10:02:07.669273400Z,TaxiAlgorithmP2PCollector,2,200,6,80,1,nearest,1,4,0,true,page-rank,page-rank,SPATIAL_IMBALANCE,9,116264434,Client Travel Time [min],11.0,341.0,53.26,4261.0,80,330.0
2026-05-19T10:02:07.669273400Z,TaxiAlgorithmP2PCollector,2,200,6,80,1,nearest,1,4,0,true,page-rank,page-rank,SPATIAL_IMBALANCE,9,116264434,Calculation Time [millis],0.0,0.0,0.01,29.0,4017,0.0
2026-05-19T10:02:07.669273400Z,TaxiAlgorithmP2PCollector,2,200,6,80,1,nearest,1,4,0,true,page-rank,page-rank,SPATIAL_IMBALANCE,9,116264434,Custom Time [micros],0.0,0.0,0.0,0.0,4017,0.0
2026-05-19T10:02:07.779275100Z,TaxiAlgorithmP2PCollector,2,200,6,80,1,nearest,1,4,0,true,page-rank,page-rank,SPATIAL_IMBALANCE,10,116264435,Taxi Travel Distance [km],3.12,19.15,9.86,59.14,6,16.029999999999998
2026-05-19T10:02:07.779275100Z,TaxiAlgorithmP2PCollector,2,200,6,80,1,nearest,1,4,0,true,page-rank,page-rank,SPATIAL_IMBALANCE,10,116264435,Client Waiting Time [min],0.05,6.22,0.42,29.98,71,6.17
2026-05-19T10:02:07.779275100Z,TaxiAlgorithmP2PCollector,2,200,6,80,1,nearest,1,4,0,true,page-rank,page-rank,SPATIAL_IMBALANCE,10,116264435,Client Travel Time [min],9.0,586.0,78.71,6297.0,80,577.0
2026-05-19T10:02:07.779275100Z,TaxiAlgorithmP2PCollector,2,200,6,80,1,nearest,1,4,0,true,page-rank,page-rank,SPATIAL_IMBALANCE,10,116264435,Calculation Time [millis],0.0,1.0,0.01,42.0,4036,1.0
2026-05-19T10:02:07.779275100Z,TaxiAlgorithmP2PCollector,2,200,6,80,1,nearest,1,4,0,true,page-rank,page-rank,SPATIAL_IMBALANCE,10,116264435,Custom Time [micros],0.0,0.0,0.0,0.0,4036,0.0
2026-05-19T10:02:07.887986600Z,TaxiAlgorithmP2PCollector,2,200,6,80,1,nearest,1,4,0,true,page-rank,page-rank,SPATIAL_ISLANDS,1,116264426,Taxi Travel Distance [km],5.45,18.63,9.09,54.52,6,13.18
2026-05-19T10:02:07.887986600Z,TaxiAlgorithmP2PCollector,2,200,6,80,1,nearest,1,4,0,true,page-rank,page-rank,SPATIAL_ISLANDS,1,116264426,Client Waiting Time [min],0.03,9.85,1.02,71.23,70,9.82
2026-05-19T10:02:07.887986600Z,TaxiAlgorithmP2PCollector,2,200,6,80,1,nearest,1,4,0,true,page-rank,page-rank,SPATIAL_ISLANDS,1,116264426,Client Travel Time [min],9.0,602.0,112.43,8994.0,80,593.0
2026-05-19T10:02:07.887986600Z,TaxiAlgorithmP2PCollector,2,200,6,80,1,nearest,1,4,0,true,page-rank,page-rank,SPATIAL_ISLANDS,1,116264426,Calculation Time [millis],0.0,0.0,0.01,42.0,4270,0.0
2026-05-19T10:02:07.887986600Z,TaxiAlgorithmP2PCollector,2,200,6,80,1,nearest,1,4,0,true,page-rank,page-rank,SPATIAL_ISLANDS,1,116264426,Custom Time [micros],0.0,0.0,0.0,0.0,4270,0.0
2026-05-19T10:02:08.013485900Z,TaxiAlgorithmP2PCollector,2,200,6,80,1,nearest,1,4,0,true,page-rank,page-rank,SPATIAL_ISLANDS,2,116264427,Taxi Travel Distance [km],5.63,12.22,9.21,55.25,6,6.590000000000001
2026-05-19T10:02:08.013485900Z,TaxiAlgorithmP2PCollector,2,200,6,80,1,nearest,1,4,0,true,page-rank,page-rank,SPATIAL_ISLANDS,2,116264427,Client Waiting Time [min],0.03,10.4,0.97,70.18,72,10.370000000000001
2026-05-19T10:02:08.013485900Z,TaxiAlgorithmP2PCollector,2,200,6,80,1,nearest,1,4,0,true,page-rank,page-rank,SPATIAL_ISLANDS,2,116264427,Client Travel Time [min],15.0,796.0,113.85,9108.0,80,781.0
2026-05-19T10:02:08.013485900Z,TaxiAlgorithmP2PCollector,2,200,6,80,1,nearest,1,4,0,true,page-rank,page-rank,SPATIAL_ISLANDS,2,116264427,Calculation Time [millis],0.0,0.0,0.01,32.0,4063,0.0
2026-05-19T10:02:08.013485900Z,TaxiAlgorithmP2PCollector,2,200,6,80,1,nearest,1,4,0,true,page-rank,page-rank,SPATIAL_ISLANDS,2,116264427,Custom Time [micros],0.0,0.0,0.0,0.0,4063,0.0
2026-05-19T10:02:08.123015700Z,TaxiAlgorithmP2PCollector,2,200,6,80,1,nearest,1,4,0,true,page-rank,page-rank,SPATIAL_ISLANDS,3,116264428,Taxi Travel Distance [km],4.9,14.08,9.99,59.95,6,9.18
2026-05-19T10:02:08.123015700Z,TaxiAlgorithmP2PCollector,2,200,6,80,1,nearest,1,4,0,true,page-rank,page-rank,SPATIAL_ISLANDS,3,116264428,Client Waiting Time [min],0.03,12.3,0.78,56.47,72,12.270000000000001
2026-05-19T10:02:08.123015700Z,TaxiAlgorithmP2PCollector,2,200,6,80,1,nearest,1,4,0,true,page-rank,page-rank,SPATIAL_ISLANDS,3,116264428,Client Travel Time [min],11.0,740.0,105.01,8401.0,80,729.0
2026-05-19T10:02:08.123015700Z,TaxiAlgorithmP2PCollector,2,200,6,80,1,nearest,1,4,0,true,page-rank,page-rank,SPATIAL_ISLANDS,3,116264428,Calculation Time [millis],0.0,1.0,0.01,41.0,4517,1.0
2026-05-19T10:02:08.123015700Z,TaxiAlgorithmP2PCollector,2,200,6,80,1,nearest,1,4,0,true,page-rank,page-rank,SPATIAL_ISLANDS,3,116264428,Custom Time [micros],0.0,0.0,0.0,0.0,4517,0.0
2026-05-19T10:02:08.245547900Z,TaxiAlgorithmP2PCollector,2,200,6,80,1,nearest,1,4,0,true,page-rank,page-rank,SPATIAL_ISLANDS,4,116264429,Taxi Travel Distance [km],4.53,16.74,10.38,62.26,6,12.209999999999997
2026-05-19T10:02:08.245547900Z,TaxiAlgorithmP2PCollector,2,200,6,80,1,nearest,1,4,0,true,page-rank,page-rank,SPATIAL_ISLANDS,4,116264429,Client Waiting Time [min],0.03,7.0,0.88,67.07,76,6.97
2026-05-19T10:02:08.245547900Z,TaxiAlgorithmP2PCollector,2,200,6,80,1,nearest,1,4,0,true,page-rank,page-rank,SPATIAL_ISLANDS,4,116264429,Client Travel Time [min],11.0,426.0,84.08,6726.0,80,415.0
2026-05-19T10:02:08.245547900Z,TaxiAlgorithmP2PCollector,2,200,6,80,1,nearest,1,4,0,true,page-rank,page-rank,SPATIAL_ISLANDS,4,116264429,Calculation Time [millis],0.0,0.0,0.01,42.0,4197,0.0
2026-05-19T10:02:08.245547900Z,TaxiAlgorithmP2PCollector,2,200,6,80,1,nearest,1,4,0,true,page-rank,page-rank,SPATIAL_ISLANDS,4,116264429,Custom Time [micros],0.0,0.0,0.0,0.0,4197,0.0
2026-05-19T10:02:08.384066700Z,TaxiAlgorithmP2PCollector,2,200,6,80,1,nearest,1,4,0,true,page-rank,page-rank,SPATIAL_ISLANDS,5,116264430,Taxi Travel Distance [km],5.18,17.92,10.04,60.27,6,12.740000000000002
2026-05-19T10:02:08.384066700Z,TaxiAlgorithmP2PCollector,2,200,6,80,1,nearest,1,4,0,true,page-rank,page-rank,SPATIAL_ISLANDS,5,116264430,Client Waiting Time [min],0.03,9.25,1.06,80.35,76,9.22
2026-05-19T10:02:08.384066700Z,TaxiAlgorithmP2PCollector,2,200,6,80,1,nearest,1,4,0,true,page-rank,page-rank,SPATIAL_ISLANDS,5,116264430,Client Travel Time [min],6.0,557.0,95.19,7615.0,80,551.0
2026-05-19T10:02:08.384066700Z,TaxiAlgorithmP2PCollector,2,200,6,80,1,nearest,1,4,0,true,page-rank,page-rank,SPATIAL_ISLANDS,5,116264430,Calculation Time [millis],0.0,0.0,0.01,43.0,4392,0.0
2026-05-19T10:02:08.384066700Z,TaxiAlgorithmP2PCollector,2,200,6,80,1,nearest,1,4,0,true,page-rank,page-rank,SPATIAL_ISLANDS,5,116264430,Custom Time [micros],0.0,0.0,0.0,0.0,4392,0.0
2026-05-19T10:02:08.522101400Z,TaxiAlgorithmP2PCollector,2,200,6,80,1,nearest,1,4,0,true,page-rank,page-rank,SPATIAL_ISLANDS,6,116264431,Taxi Travel Distance [km],6.91,12.99,10.26,61.56,6,6.08
2026-05-19T10:02:08.522101400Z,TaxiAlgorithmP2PCollector,2,200,6,80,1,nearest,1,4,0,true,page-rank,page-rank,SPATIAL_ISLANDS,6,116264431,Client Waiting Time [min],0.03,5.02,0.58,42.67,74,4.989999999999999
2026-05-19T10:02:08.522101400Z,TaxiAlgorithmP2PCollector,2,200,6,80,1,nearest,1,4,0,true,page-rank,page-rank,SPATIAL_ISLANDS,6,116264431,Client Travel Time [min],5.0,740.0,74.95,5996.0,80,735.0
2026-05-19T10:02:08.522101400Z,TaxiAlgorithmP2PCollector,2,200,6,80,1,nearest,1,4,0,true,page-rank,page-rank,SPATIAL_ISLANDS,6,116264431,Calculation Time [millis],0.0,1.0,0.01,40.0,4388,1.0
2026-05-19T10:02:08.522101400Z,TaxiAlgorithmP2PCollector,2,200,6,80,1,nearest,1,4,0,true,page-rank,page-rank,SPATIAL_ISLANDS,6,116264431,Custom Time [micros],0.0,0.0,0.0,0.0,4388,0.0
2026-05-19T10:02:08.645624Z,TaxiAlgorithmP2PCollector,2,200,6,80,1,nearest,1,4,0,true,page-rank,page-rank,SPATIAL_ISLANDS,7,116264432,Taxi Travel Distance [km],2.83,17.33,7.84,47.01,6,14.499999999999998
2026-05-19T10:02:08.645624Z,TaxiAlgorithmP2PCollector,2,200,6,80,1,nearest,1,4,0,true,page-rank,page-rank,SPATIAL_ISLANDS,7,116264432,Client Waiting Time [min],0.03,11.53,1.24,72.17,58,11.5
2026-05-19T10:02:08.645624Z,TaxiAlgorithmP2PCollector,2,200,6,80,1,nearest,1,4,0,true,page-rank,page-rank,SPATIAL_ISLANDS,7,116264432,Client Travel Time [min],8.0,891.0,168.36,13469.0,80,883.0
2026-05-19T10:02:08.645624Z,TaxiAlgorithmP2PCollector,2,200,6,80,1,nearest,1,4,0,true,page-rank,page-rank,SPATIAL_ISLANDS,7,116264432,Calculation Time [millis],0.0,0.0,0.01,39.0,4457,0.0
2026-05-19T10:02:08.645624Z,TaxiAlgorithmP2PCollector,2,200,6,80,1,nearest,1,4,0,true,page-rank,page-rank,SPATIAL_ISLANDS,7,116264432,Custom Time [micros],0.0,0.0,0.0,0.0,4457,0.0
2026-05-19T10:02:08.783621Z,TaxiAlgorithmP2PCollector,2,200,6,80,1,nearest,1,4,0,true,page-rank,page-rank,SPATIAL_ISLANDS,8,116264433,Taxi Travel Distance [km],5.02,16.97,11.47,68.85,6,11.95
2026-05-19T10:02:08.783621Z,TaxiAlgorithmP2PCollector,2,200,6,80,1,nearest,1,4,0,true,page-rank,page-rank,SPATIAL_ISLANDS,8,116264433,Client Waiting Time [min],0.03,8.57,1.03,80.72,78,8.540000000000001
2026-05-19T10:02:08.783621Z,TaxiAlgorithmP2PCollector,2,200,6,80,1,nearest,1,4,0,true,page-rank,page-rank,SPATIAL_ISLANDS,8,116264433,Client Travel Time [min],15.0,519.0,91.11,7289.0,80,504.0
2026-05-19T10:02:08.783621Z,TaxiAlgorithmP2PCollector,2,200,6,80,1,nearest,1,4,0,true,page-rank,page-rank,SPATIAL_ISLANDS,8,116264433,Calculation Time [millis],0.0,0.0,0.01,38.0,4000,0.0
2026-05-19T10:02:08.783621Z,TaxiAlgorithmP2PCollector,2,200,6,80,1,nearest,1,4,0,true,page-rank,page-rank,SPATIAL_ISLANDS,8,116264433,Custom Time [micros],0.0,0.0,0.0,0.0,4000,0.0
2026-05-19T10:02:08.923618600Z,TaxiAlgorithmP2PCollector,2,200,6,80,1,nearest,1,4,0,true,page-rank,page-rank,SPATIAL_ISLANDS,9,116264434,Taxi Travel Distance [km],3.61,13.94,9.32,55.95,6,10.33
2026-05-19T10:02:08.923618600Z,TaxiAlgorithmP2PCollector,2,200,6,80,1,nearest,1,4,0,true,page-rank,page-rank,SPATIAL_ISLANDS,9,116264434,Client Waiting Time [min],0.03,9.18,1.24,88.98,72,9.15
2026-05-19T10:02:08.923618600Z,TaxiAlgorithmP2PCollector,2,200,6,80,1,nearest,1,4,0,true,page-rank,page-rank,SPATIAL_ISLANDS,9,116264434,Client Travel Time [min],6.0,912.0,124.61,9969.0,80,906.0
2026-05-19T10:02:08.923618600Z,TaxiAlgorithmP2PCollector,2,200,6,80,1,nearest,1,4,0,true,page-rank,page-rank,SPATIAL_ISLANDS,9,116264434,Calculation Time [millis],0.0,2.0,0.01,48.0,4517,2.0
2026-05-19T10:02:08.923618600Z,TaxiAlgorithmP2PCollector,2,200,6,80,1,nearest,1,4,0,true,page-rank,page-rank,SPATIAL_ISLANDS,9,116264434,Custom Time [micros],0.0,0.0,0.0,0.0,4517,0.0
2026-05-19T10:02:09.031622Z,TaxiAlgorithmP2PCollector,2,200,6,80,1,nearest,1,4,0,true,page-rank,page-rank,SPATIAL_ISLANDS,10,116264435,Taxi Travel Distance [km],7.01,13.81,9.88,59.28,6,6.800000000000001
2026-05-19T10:02:09.031622Z,TaxiAlgorithmP2PCollector,2,200,6,80,1,nearest,1,4,0,true,page-rank,page-rank,SPATIAL_ISLANDS,10,116264435,Client Waiting Time [min],0.05,8.78,0.76,55.43,73,8.729999999999999
2026-05-19T10:02:09.031622Z,TaxiAlgorithmP2PCollector,2,200,6,80,1,nearest,1,4,0,true,page-rank,page-rank,SPATIAL_ISLANDS,10,116264435,Client Travel Time [min],9.0,630.0,85.51,6841.0,80,621.0
2026-05-19T10:02:09.031622Z,TaxiAlgorithmP2PCollector,2,200,6,80,1,nearest,1,4,0,true,page-rank,page-rank,SPATIAL_ISLANDS,10,116264435,Calculation Time [millis],0.0,0.0,0.01,32.0,4278,0.0
2026-05-19T10:02:09.031622Z,TaxiAlgorithmP2PCollector,2,200,6,80,1,nearest,1,4,0,true,page-rank,page-rank,SPATIAL_ISLANDS,10,116264435,Custom Time [micros],0.0,0.0,0.0,0.0,4278,0.0
2026-05-19T10:02:09.186621700Z,TaxiAlgorithmP2PCollector,2,200,6,80,1,nearest,1,4,1,false,none,none,BASELINE,1,116264426,Taxi Travel Distance [km],3.57,8.35,6.28,37.71,6,4.779999999999999
2026-05-19T10:02:09.186621700Z,TaxiAlgorithmP2PCollector,2,200,6,80,1,nearest,1,4,1,false,none,none,BASELINE,1,116264426,Client Waiting Time [min],0.05,11.12,1.46,96.58,66,11.069999999999999
2026-05-19T10:02:09.186621700Z,TaxiAlgorithmP2PCollector,2,200,6,80,1,nearest,1,4,1,false,none,none,BASELINE,1,116264426,Client Travel Time [min],11.0,717.0,144.94,11595.0,80,706.0
2026-05-19T10:02:09.186621700Z,TaxiAlgorithmP2PCollector,2,200,6,80,1,nearest,1,4,1,false,none,none,BASELINE,1,116264426,Calculation Time [millis],0.0,0.0,0.01,56.0,4530,0.0
2026-05-19T10:02:09.186621700Z,TaxiAlgorithmP2PCollector,2,200,6,80,1,nearest,1,4,1,false,none,none,BASELINE,1,116264426,Custom Time [micros],0.0,0.0,0.0,0.0,4530,0.0
2026-05-19T10:02:09.326622100Z,TaxiAlgorithmP2PCollector,2,200,6,80,1,nearest,1,4,1,false,none,none,BASELINE,2,116264427,Taxi Travel Distance [km],3.97,8.76,6.4,38.4,6,4.789999999999999
2026-05-19T10:02:09.326622100Z,TaxiAlgorithmP2PCollector,2,200,6,80,1,nearest,1,4,1,false,none,none,BASELINE,2,116264427,Client Waiting Time [min],0.03,8.57,1.68,110.73,66,8.540000000000001
2026-05-19T10:02:09.326622100Z,TaxiAlgorithmP2PCollector,2,200,6,80,1,nearest,1,4,1,false,none,none,BASELINE,2,116264427,Client Travel Time [min],13.0,532.0,129.93,10394.0,80,519.0
2026-05-19T10:02:09.326622100Z,TaxiAlgorithmP2PCollector,2,200,6,80,1,nearest,1,4,1,false,none,none,BASELINE,2,116264427,Calculation Time [millis],0.0,0.0,0.01,38.0,4312,0.0
2026-05-19T10:02:09.326622100Z,TaxiAlgorithmP2PCollector,2,200,6,80,1,nearest,1,4,1,false,none,none,BASELINE,2,116264427,Custom Time [micros],0.0,0.0,0.0,0.0,4312,0.0
2026-05-19T10:02:09.482621Z,TaxiAlgorithmP2PCollector,2,200,6,80,1,nearest,1,4,1,false,none,none,BASELINE,3,116264428,Taxi Travel Distance [km],1.55,10.1,6.42,38.55,6,8.549999999999999
2026-05-19T10:02:09.482621Z,TaxiAlgorithmP2PCollector,2,200,6,80,1,nearest,1,4,1,false,none,none,BASELINE,3,116264428,Client Waiting Time [min],0.05,12.22,2.17,136.77,63,12.17
2026-05-19T10:02:09.482621Z,TaxiAlgorithmP2PCollector,2,200,6,80,1,nearest,1,4,1,false,none,none,BASELINE,3,116264428,Client Travel Time [min],17.0,797.0,197.1,15768.0,80,780.0
2026-05-19T10:02:09.482621Z,TaxiAlgorithmP2PCollector,2,200,6,80,1,nearest,1,4,1,false,none,none,BASELINE,3,116264428,Calculation Time [millis],0.0,0.0,0.01,54.0,4549,0.0
2026-05-19T10:02:09.482621Z,TaxiAlgorithmP2PCollector,2,200,6,80,1,nearest,1,4,1,false,none,none,BASELINE,3,116264428,Custom Time [micros],0.0,0.0,0.0,0.0,4549,0.0
2026-05-19T10:02:09.603621100Z,TaxiAlgorithmP2PCollector,2,200,6,80,1,nearest,1,4,1,false,none,none,BASELINE,4,116264429,Taxi Travel Distance [km],1.41,10.65,6.05,36.3,6,9.24
2026-05-19T10:02:09.603621100Z,TaxiAlgorithmP2PCollector,2,200,6,80,1,nearest,1,4,1,false,none,none,BASELINE,4,116264429,Client Waiting Time [min],0.05,7.8,1.73,100.57,58,7.75
2026-05-19T10:02:09.603621100Z,TaxiAlgorithmP2PCollector,2,200,6,80,1,nearest,1,4,1,false,none,none,BASELINE,4,116264429,Client Travel Time [min],10.0,881.0,195.44,15635.0,80,871.0
2026-05-19T10:02:09.603621100Z,TaxiAlgorithmP2PCollector,2,200,6,80,1,nearest,1,4,1,false,none,none,BASELINE,4,116264429,Calculation Time [millis],0.0,2.0,0.01,46.0,4193,2.0
2026-05-19T10:02:09.603621100Z,TaxiAlgorithmP2PCollector,2,200,6,80,1,nearest,1,4,1,false,none,none,BASELINE,4,116264429,Custom Time [micros],0.0,0.0,0.0,0.0,4193,0.0
2026-05-19T10:02:09.759657800Z,TaxiAlgorithmP2PCollector,2,200,6,80,1,nearest,1,4,1,false,none,none,BASELINE,5,116264430,Taxi Travel Distance [km],3.93,10.4,7.53,45.18,6,6.470000000000001
2026-05-19T10:02:09.759657800Z,TaxiAlgorithmP2PCollector,2,200,6,80,1,nearest,1,4,1,false,none,none,BASELINE,5,116264430,Client Waiting Time [min],0.05,9.62,1.97,137.6,70,9.569999999999999
2026-05-19T10:02:09.759657800Z,TaxiAlgorithmP2PCollector,2,200,6,80,1,nearest,1,4,1,false,none,none,BASELINE,5,116264430,Client Travel Time [min],12.0,584.0,157.69,12615.0,80,572.0
2026-05-19T10:02:09.759657800Z,TaxiAlgorithmP2PCollector,2,200,6,80,1,nearest,1,4,1,false,none,none,BASELINE,5,116264430,Calculation Time [millis],0.0,0.0,0.01,58.0,4138,0.0
2026-05-19T10:02:09.759657800Z,TaxiAlgorithmP2PCollector,2,200,6,80,1,nearest,1,4,1,false,none,none,BASELINE,5,116264430,Custom Time [micros],0.0,0.0,0.0,0.0,4138,0.0
2026-05-19T10:02:09.884656900Z,TaxiAlgorithmP2PCollector,2,200,6,80,1,nearest,1,4,1,false,none,none,BASELINE,6,116264431,Taxi Travel Distance [km],4.1,10.76,6.89,41.34,6,6.66
2026-05-19T10:02:09.884656900Z,TaxiAlgorithmP2PCollector,2,200,6,80,1,nearest,1,4,1,false,none,none,BASELINE,6,116264431,Client Waiting Time [min],0.05,6.82,1.3,89.87,69,6.7700000000000005
2026-05-19T10:02:09.884656900Z,TaxiAlgorithmP2PCollector,2,200,6,80,1,nearest,1,4,1,false,none,none,BASELINE,6,116264431,Client Travel Time [min],7.0,410.0,110.01,8801.0,80,403.0
2026-05-19T10:02:09.884656900Z,TaxiAlgorithmP2PCollector,2,200,6,80,1,nearest,1,4,1,false,none,none,BASELINE,6,116264431,Calculation Time [millis],0.0,0.0,0.01,45.0,4033,0.0
2026-05-19T10:02:09.884656900Z,TaxiAlgorithmP2PCollector,2,200,6,80,1,nearest,1,4,1,false,none,none,BASELINE,6,116264431,Custom Time [micros],0.0,0.0,0.0,0.0,4033,0.0
2026-05-19T10:02:10.022697400Z,TaxiAlgorithmP2PCollector,2,200,6,80,1,nearest,1,4,1,false,none,none,BASELINE,7,116264432,Taxi Travel Distance [km],3.63,10.2,7.02,42.13,6,6.569999999999999
2026-05-19T10:02:10.022697400Z,TaxiAlgorithmP2PCollector,2,200,6,80,1,nearest,1,4,1,false,none,none,BASELINE,7,116264432,Client Waiting Time [min],0.05,10.6,1.52,101.57,67,10.549999999999999
2026-05-19T10:02:10.022697400Z,TaxiAlgorithmP2PCollector,2,200,6,80,1,nearest,1,4,1,false,none,none,BASELINE,7,116264432,Client Travel Time [min],15.0,860.0,140.39,11231.0,80,845.0
2026-05-19T10:02:10.022697400Z,TaxiAlgorithmP2PCollector,2,200,6,80,1,nearest,1,4,1,false,none,none,BASELINE,7,116264432,Calculation Time [millis],0.0,2.0,0.01,48.0,4422,2.0
2026-05-19T10:02:10.022697400Z,TaxiAlgorithmP2PCollector,2,200,6,80,1,nearest,1,4,1,false,none,none,BASELINE,7,116264432,Custom Time [micros],0.0,0.0,0.0,0.0,4422,0.0
2026-05-19T10:02:10.149217300Z,TaxiAlgorithmP2PCollector,2,200,6,80,1,nearest,1,4,1,false,none,none,BASELINE,8,116264433,Taxi Travel Distance [km],2.6,11.05,6.58,39.49,6,8.450000000000001
2026-05-19T10:02:10.149217300Z,TaxiAlgorithmP2PCollector,2,200,6,80,1,nearest,1,4,1,false,none,none,BASELINE,8,116264433,Client Waiting Time [min],0.03,10.82,1.83,116.88,64,10.790000000000001
2026-05-19T10:02:10.149217300Z,TaxiAlgorithmP2PCollector,2,200,6,80,1,nearest,1,4,1,false,none,none,BASELINE,8,116264433,Client Travel Time [min],10.0,787.0,192.33,15386.0,80,777.0
2026-05-19T10:02:10.149217300Z,TaxiAlgorithmP2PCollector,2,200,6,80,1,nearest,1,4,1,false,none,none,BASELINE,8,116264433,Calculation Time [millis],0.0,0.0,0.01,38.0,4537,0.0
2026-05-19T10:02:10.149217300Z,TaxiAlgorithmP2PCollector,2,200,6,80,1,nearest,1,4,1,false,none,none,BASELINE,8,116264433,Custom Time [micros],0.0,0.0,0.0,0.0,4537,0.0
2026-05-19T10:02:10.304216Z,TaxiAlgorithmP2PCollector,2,200,6,80,1,nearest,1,4,1,false,none,none,BASELINE,9,116264434,Taxi Travel Distance [km],4.71,10.91,7.08,42.51,6,6.2
2026-05-19T10:02:10.304216Z,TaxiAlgorithmP2PCollector,2,200,6,80,1,nearest,1,4,1,false,none,none,BASELINE,9,116264434,Client Waiting Time [min],0.05,11.45,1.77,123.9,70,11.399999999999999
2026-05-19T10:02:10.304216Z,TaxiAlgorithmP2PCollector,2,200,6,80,1,nearest,1,4,1,false,none,none,BASELINE,9,116264434,Client Travel Time [min],12.0,696.0,145.25,11620.0,80,684.0
2026-05-19T10:02:10.304216Z,TaxiAlgorithmP2PCollector,2,200,6,80,1,nearest,1,4,1,false,none,none,BASELINE,9,116264434,Calculation Time [millis],0.0,2.0,0.01,48.0,4621,2.0
2026-05-19T10:02:10.304216Z,TaxiAlgorithmP2PCollector,2,200,6,80,1,nearest,1,4,1,false,none,none,BASELINE,9,116264434,Custom Time [micros],0.0,0.0,0.0,0.0,4621,0.0
2026-05-19T10:02:10.413216800Z,TaxiAlgorithmP2PCollector,2,200,6,80,1,nearest,1,4,1,false,none,none,BASELINE,10,116264435,Taxi Travel Distance [km],2.81,11.96,6.06,36.37,6,9.15
2026-05-19T10:02:10.413216800Z,TaxiAlgorithmP2PCollector,2,200,6,80,1,nearest,1,4,1,false,none,none,BASELINE,10,116264435,Client Waiting Time [min],0.03,9.7,2.06,132.07,64,9.67
2026-05-19T10:02:10.413216800Z,TaxiAlgorithmP2PCollector,2,200,6,80,1,nearest,1,4,1,false,none,none,BASELINE,10,116264435,Client Travel Time [min],9.0,633.0,178.23,14258.0,80,624.0
2026-05-19T10:02:10.413216800Z,TaxiAlgorithmP2PCollector,2,200,6,80,1,nearest,1,4,1,false,none,none,BASELINE,10,116264435,Calculation Time [millis],0.0,0.0,0.01,42.0,4409,0.0
2026-05-19T10:02:10.413216800Z,TaxiAlgorithmP2PCollector,2,200,6,80,1,nearest,1,4,1,false,none,none,BASELINE,10,116264435,Custom Time [micros],0.0,0.0,0.0,0.0,4409,0.0
2026-05-19T10:02:10.536473800Z,TaxiAlgorithmP2PCollector,2,200,6,80,1,nearest,1,4,1,false,none,none,RUSH_HOUR,1,116264426,Taxi Travel Distance [km],3.15,12.05,6.42,38.51,6,8.9
2026-05-19T10:02:10.536473800Z,TaxiAlgorithmP2PCollector,2,200,6,80,1,nearest,1,4,1,false,none,none,RUSH_HOUR,1,116264426,Client Waiting Time [min],0.03,11.37,1.82,119.85,66,11.34
2026-05-19T10:02:10.536473800Z,TaxiAlgorithmP2PCollector,2,200,6,80,1,nearest,1,4,1,false,none,none,RUSH_HOUR,1,116264426,Client Travel Time [min],6.0,714.0,169.06,13525.0,80,708.0
2026-05-19T10:02:10.536473800Z,TaxiAlgorithmP2PCollector,2,200,6,80,1,nearest,1,4,1,false,none,none,RUSH_HOUR,1,116264426,Calculation Time [millis],0.0,0.0,0.01,36.0,4033,0.0
2026-05-19T10:02:10.536473800Z,TaxiAlgorithmP2PCollector,2,200,6,80,1,nearest,1,4,1,false,none,none,RUSH_HOUR,1,116264426,Custom Time [micros],0.0,0.0,0.0,0.0,4033,0.0
2026-05-19T10:02:10.660476100Z,TaxiAlgorithmP2PCollector,2,200,6,80,1,nearest,1,4,1,false,none,none,RUSH_HOUR,2,116264427,Taxi Travel Distance [km],4.43,10.86,7.26,43.56,6,6.43
2026-05-19T10:02:10.660476100Z,TaxiAlgorithmP2PCollector,2,200,6,80,1,nearest,1,4,1,false,none,none,RUSH_HOUR,2,116264427,Client Waiting Time [min],0.05,11.55,1.24,83.02,67,11.5
2026-05-19T10:02:10.660476100Z,TaxiAlgorithmP2PCollector,2,200,6,80,1,nearest,1,4,1,false,none,none,RUSH_HOUR,2,116264427,Client Travel Time [min],8.0,729.0,112.24,8979.0,80,721.0
2026-05-19T10:02:10.660476100Z,TaxiAlgorithmP2PCollector,2,200,6,80,1,nearest,1,4,1,false,none,none,RUSH_HOUR,2,116264427,Calculation Time [millis],0.0,2.0,0.01,41.0,3857,2.0
2026-05-19T10:02:10.660476100Z,TaxiAlgorithmP2PCollector,2,200,6,80,1,nearest,1,4,1,false,none,none,RUSH_HOUR,2,116264427,Custom Time [micros],0.0,0.0,0.0,0.0,3857,0.0
2026-05-19T10:02:10.801479Z,TaxiAlgorithmP2PCollector,2,200,6,80,1,nearest,1,4,1,false,none,none,RUSH_HOUR,3,116264428,Taxi Travel Distance [km],4.54,9.29,6.87,41.22,6,4.749999999999999
2026-05-19T10:02:10.801479Z,TaxiAlgorithmP2PCollector,2,200,6,80,1,nearest,1,4,1,false,none,none,RUSH_HOUR,3,116264428,Client Waiting Time [min],0.05,10.88,1.81,117.53,65,10.83
2026-05-19T10:02:10.801479Z,TaxiAlgorithmP2PCollector,2,200,6,80,1,nearest,1,4,1,false,none,none,RUSH_HOUR,3,116264428,Client Travel Time [min],11.0,802.0,190.78,15262.0,80,791.0
2026-05-19T10:02:10.801479Z,TaxiAlgorithmP2PCollector,2,200,6,80,1,nearest,1,4,1,false,none,none,RUSH_HOUR,3,116264428,Calculation Time [millis],0.0,0.0,0.01,46.0,4249,0.0
2026-05-19T10:02:10.801479Z,TaxiAlgorithmP2PCollector,2,200,6,80,1,nearest,1,4,1,false,none,none,RUSH_HOUR,3,116264428,Custom Time [micros],0.0,0.0,0.0,0.0,4249,0.0
2026-05-19T10:02:10.941478Z,TaxiAlgorithmP2PCollector,2,200,6,80,1,nearest,1,4,1,false,none,none,RUSH_HOUR,4,116264429,Taxi Travel Distance [km],3.73,12.43,7.35,44.08,6,8.7
2026-05-19T10:02:10.941478Z,TaxiAlgorithmP2PCollector,2,200,6,80,1,nearest,1,4,1,false,none,none,RUSH_HOUR,4,116264429,Client Waiting Time [min],0.07,9.88,1.85,120.48,65,9.81
2026-05-19T10:02:10.941478Z,TaxiAlgorithmP2PCollector,2,200,6,80,1,nearest,1,4,1,false,none,none,RUSH_HOUR,4,116264429,Client Travel Time [min],8.0,686.0,158.3,12664.0,80,678.0
2026-05-19T10:02:10.941478Z,TaxiAlgorithmP2PCollector,2,200,6,80,1,nearest,1,4,1,false,none,none,RUSH_HOUR,4,116264429,Calculation Time [millis],0.0,0.0,0.01,41.0,3967,0.0
2026-05-19T10:02:10.941478Z,TaxiAlgorithmP2PCollector,2,200,6,80,1,nearest,1,4,1,false,none,none,RUSH_HOUR,4,116264429,Custom Time [micros],0.0,0.0,0.0,0.0,3967,0.0
2026-05-19T10:02:11.064997200Z,TaxiAlgorithmP2PCollector,2,200,6,80,1,nearest,1,4,1,false,none,none,RUSH_HOUR,5,116264430,Taxi Travel Distance [km],5.6,9.37,7.63,45.8,6,3.7699999999999996
2026-05-19T10:02:11.064997200Z,TaxiAlgorithmP2PCollector,2,200,6,80,1,nearest,1,4,1,false,none,none,RUSH_HOUR,5,116264430,Client Waiting Time [min],0.03,7.93,1.7,122.48,72,7.8999999999999995
2026-05-19T10:02:11.064997200Z,TaxiAlgorithmP2PCollector,2,200,6,80,1,nearest,1,4,1,false,none,none,RUSH_HOUR,5,116264430,Client Travel Time [min],13.0,554.0,146.01,11681.0,80,541.0
2026-05-19T10:02:11.064997200Z,TaxiAlgorithmP2PCollector,2,200,6,80,1,nearest,1,4,1,false,none,none,RUSH_HOUR,5,116264430,Calculation Time [millis],0.0,0.0,0.01,39.0,3900,0.0
2026-05-19T10:02:11.064997200Z,TaxiAlgorithmP2PCollector,2,200,6,80,1,nearest,1,4,1,false,none,none,RUSH_HOUR,5,116264430,Custom Time [micros],0.0,0.0,0.0,0.0,3900,0.0
2026-05-19T10:02:11.204523300Z,TaxiAlgorithmP2PCollector,2,200,6,80,1,nearest,1,4,1,false,none,none,RUSH_HOUR,6,116264431,Taxi Travel Distance [km],4.39,10.7,7.46,44.77,6,6.31
2026-05-19T10:02:11.204523300Z,TaxiAlgorithmP2PCollector,2,200,6,80,1,nearest,1,4,1,false,none,none,RUSH_HOUR,6,116264431,Client Waiting Time [min],0.05,11.7,1.45,103.15,71,11.649999999999999
2026-05-19T10:02:11.204523300Z,TaxiAlgorithmP2PCollector,2,200,6,80,1,nearest,1,4,1,false,none,none,RUSH_HOUR,6,116264431,Client Travel Time [min],14.0,723.0,134.39,10751.0,80,709.0
2026-05-19T10:02:11.204523300Z,TaxiAlgorithmP2PCollector,2,200,6,80,1,nearest,1,4,1,false,none,none,RUSH_HOUR,6,116264431,Calculation Time [millis],0.0,0.0,0.01,40.0,3800,0.0
2026-05-19T10:02:11.204523300Z,TaxiAlgorithmP2PCollector,2,200,6,80,1,nearest,1,4,1,false,none,none,RUSH_HOUR,6,116264431,Custom Time [micros],0.0,0.0,0.0,0.0,3800,0.0
2026-05-19T10:02:11.361554800Z,TaxiAlgorithmP2PCollector,2,200,6,80,1,nearest,1,4,1,false,none,none,RUSH_HOUR,7,116264432,Taxi Travel Distance [km],4.96,10.3,7.02,42.13,6,5.340000000000001
2026-05-19T10:02:11.361554800Z,TaxiAlgorithmP2PCollector,2,200,6,80,1,nearest,1,4,1,false,none,none,RUSH_HOUR,7,116264432,Client Waiting Time [min],0.05,10.23,1.57,106.93,68,10.18
2026-05-19T10:02:11.361554800Z,TaxiAlgorithmP2PCollector,2,200,6,80,1,nearest,1,4,1,false,none,none,RUSH_HOUR,7,116264432,Client Travel Time [min],8.0,729.0,141.56,11325.0,80,721.0
2026-05-19T10:02:11.361554800Z,TaxiAlgorithmP2PCollector,2,200,6,80,1,nearest,1,4,1,false,none,none,RUSH_HOUR,7,116264432,Calculation Time [millis],0.0,0.0,0.01,52.0,4182,0.0
2026-05-19T10:02:11.361554800Z,TaxiAlgorithmP2PCollector,2,200,6,80,1,nearest,1,4,1,false,none,none,RUSH_HOUR,7,116264432,Custom Time [micros],0.0,0.0,0.0,0.0,4182,0.0
2026-05-19T10:02:11.471070400Z,TaxiAlgorithmP2PCollector,2,200,6,80,1,nearest,1,4,1,false,none,none,RUSH_HOUR,8,116264433,Taxi Travel Distance [km],4.97,9.66,7.02,42.13,6,4.69
2026-05-19T10:02:11.471070400Z,TaxiAlgorithmP2PCollector,2,200,6,80,1,nearest,1,4,1,false,none,none,RUSH_HOUR,8,116264433,Client Waiting Time [min],0.07,9.43,1.66,103.02,62,9.36
2026-05-19T10:02:11.471070400Z,TaxiAlgorithmP2PCollector,2,200,6,80,1,nearest,1,4,1,false,none,none,RUSH_HOUR,8,116264433,Client Travel Time [min],11.0,777.0,183.43,14674.0,80,766.0
2026-05-19T10:02:11.471070400Z,TaxiAlgorithmP2PCollector,2,200,6,80,1,nearest,1,4,1,false,none,none,RUSH_HOUR,8,116264433,Calculation Time [millis],0.0,0.0,0.01,41.0,4478,0.0
2026-05-19T10:02:11.471070400Z,TaxiAlgorithmP2PCollector,2,200,6,80,1,nearest,1,4,1,false,none,none,RUSH_HOUR,8,116264433,Custom Time [micros],0.0,0.0,0.0,0.0,4478,0.0
2026-05-19T10:02:11.596593400Z,TaxiAlgorithmP2PCollector,2,200,6,80,1,nearest,1,4,1,false,none,none,RUSH_HOUR,9,116264434,Taxi Travel Distance [km],0.84,9.29,4.7,28.22,6,8.45
2026-05-19T10:02:11.596593400Z,TaxiAlgorithmP2PCollector,2,200,6,80,1,nearest,1,4,1,false,none,none,RUSH_HOUR,9,116264434,Client Waiting Time [min],0.03,12.45,1.41,73.23,52,12.42
2026-05-19T10:02:11.596593400Z,TaxiAlgorithmP2PCollector,2,200,6,80,1,nearest,1,4,1,false,none,none,RUSH_HOUR,9,116264434,Client Travel Time [min],10.0,864.0,203.14,16251.0,80,854.0
2026-05-19T10:02:11.596593400Z,TaxiAlgorithmP2PCollector,2,200,6,80,1,nearest,1,4,1,false,none,none,RUSH_HOUR,9,116264434,Calculation Time [millis],0.0,0.0,0.01,35.0,4716,0.0
2026-05-19T10:02:11.596593400Z,TaxiAlgorithmP2PCollector,2,200,6,80,1,nearest,1,4,1,false,none,none,RUSH_HOUR,9,116264434,Custom Time [micros],0.0,0.0,0.0,0.0,4716,0.0
2026-05-19T10:02:11.691112200Z,TaxiAlgorithmP2PCollector,2,200,6,80,1,nearest,1,4,1,false,none,none,RUSH_HOUR,10,116264435,Taxi Travel Distance [km],7.32,10.25,8.03,48.19,6,2.9299999999999997
2026-05-19T10:02:11.691112200Z,TaxiAlgorithmP2PCollector,2,200,6,80,1,nearest,1,4,1,false,none,none,RUSH_HOUR,10,116264435,Client Waiting Time [min],0.05,10.22,1.23,94.88,77,10.17
2026-05-19T10:02:11.691112200Z,TaxiAlgorithmP2PCollector,2,200,6,80,1,nearest,1,4,1,false,none,none,RUSH_HOUR,10,116264435,Client Travel Time [min],8.0,614.0,94.35,7548.0,80,606.0
2026-05-19T10:02:11.691112200Z,TaxiAlgorithmP2PCollector,2,200,6,80,1,nearest,1,4,1,false,none,none,RUSH_HOUR,10,116264435,Calculation Time [millis],0.0,1.0,0.01,31.0,4027,1.0
2026-05-19T10:02:11.691112200Z,TaxiAlgorithmP2PCollector,2,200,6,80,1,nearest,1,4,1,false,none,none,RUSH_HOUR,10,116264435,Custom Time [micros],0.0,0.0,0.0,0.0,4027,0.0
2026-05-19T10:02:11.799633500Z,TaxiAlgorithmP2PCollector,2,200,6,80,1,nearest,1,4,1,false,none,none,SPATIAL_IMBALANCE,1,116264426,Taxi Travel Distance [km],1.01,8.21,4.72,28.34,6,7.200000000000001
2026-05-19T10:02:11.799633500Z,TaxiAlgorithmP2PCollector,2,200,6,80,1,nearest,1,4,1,false,none,none,SPATIAL_IMBALANCE,1,116264426,Client Waiting Time [min],0.05,9.87,2.76,143.72,52,9.819999999999999
2026-05-19T10:02:11.799633500Z,TaxiAlgorithmP2PCollector,2,200,6,80,1,nearest,1,4,1,false,none,none,SPATIAL_IMBALANCE,1,116264426,Client Travel Time [min],17.0,634.0,210.94,16875.0,80,617.0
2026-05-19T10:02:11.799633500Z,TaxiAlgorithmP2PCollector,2,200,6,80,1,nearest,1,4,1,false,none,none,SPATIAL_IMBALANCE,1,116264426,Calculation Time [millis],0.0,0.0,0.01,35.0,4275,0.0
2026-05-19T10:02:11.799633500Z,TaxiAlgorithmP2PCollector,2,200,6,80,1,nearest,1,4,1,false,none,none,SPATIAL_IMBALANCE,1,116264426,Custom Time [micros],0.0,0.0,0.0,0.0,4275,0.0
2026-05-19T10:02:11.894152900Z,TaxiAlgorithmP2PCollector,2,200,6,80,1,nearest,1,4,1,false,none,none,SPATIAL_IMBALANCE,2,116264427,Taxi Travel Distance [km],2.08,4.89,3.51,21.08,6,2.8099999999999996
2026-05-19T10:02:11.894152900Z,TaxiAlgorithmP2PCollector,2,200,6,80,1,nearest,1,4,1,false,none,none,SPATIAL_IMBALANCE,2,116264427,Client Waiting Time [min],0.05,8.92,2.36,91.9,39,8.87
2026-05-19T10:02:11.894152900Z,TaxiAlgorithmP2PCollector,2,200,6,80,1,nearest,1,4,1,false,none,none,SPATIAL_IMBALANCE,2,116264427,Client Travel Time [min],15.0,589.0,228.45,18276.0,80,574.0
2026-05-19T10:02:11.894152900Z,TaxiAlgorithmP2PCollector,2,200,6,80,1,nearest,1,4,1,false,none,none,SPATIAL_IMBALANCE,2,116264427,Calculation Time [millis],0.0,0.0,0.01,32.0,4206,0.0
2026-05-19T10:02:11.894152900Z,TaxiAlgorithmP2PCollector,2,200,6,80,1,nearest,1,4,1,false,none,none,SPATIAL_IMBALANCE,2,116264427,Custom Time [micros],0.0,0.0,0.0,0.0,4206,0.0
2026-05-19T10:02:12.003152Z,TaxiAlgorithmP2PCollector,2,200,6,80,1,nearest,1,4,1,false,none,none,SPATIAL_IMBALANCE,3,116264428,Taxi Travel Distance [km],1.12,6.76,3.91,23.48,6,5.64
2026-05-19T10:02:12.003152Z,TaxiAlgorithmP2PCollector,2,200,6,80,1,nearest,1,4,1,false,none,none,SPATIAL_IMBALANCE,3,116264428,Client Waiting Time [min],0.05,11.53,3.77,165.83,44,11.479999999999999
2026-05-19T10:02:12.003152Z,TaxiAlgorithmP2PCollector,2,200,6,80,1,nearest,1,4,1,false,none,none,SPATIAL_IMBALANCE,3,116264428,Client Travel Time [min],29.0,789.0,295.08,23606.0,80,760.0
2026-05-19T10:02:12.003152Z,TaxiAlgorithmP2PCollector,2,200,6,80,1,nearest,1,4,1,false,none,none,SPATIAL_IMBALANCE,3,116264428,Calculation Time [millis],0.0,0.0,0.01,37.0,4394,0.0
2026-05-19T10:02:12.003152Z,TaxiAlgorithmP2PCollector,2,200,6,80,1,nearest,1,4,1,false,none,none,SPATIAL_IMBALANCE,3,116264428,Custom Time [micros],0.0,0.0,0.0,0.0,4394,0.0
2026-05-19T10:02:12.110152Z,TaxiAlgorithmP2PCollector,2,200,6,80,1,nearest,1,4,1,false,none,none,SPATIAL_IMBALANCE,4,116264429,Taxi Travel Distance [km],1.8,6.09,4.17,25.01,6,4.29
2026-05-19T10:02:12.110152Z,TaxiAlgorithmP2PCollector,2,200,6,80,1,nearest,1,4,1,false,none,none,SPATIAL_IMBALANCE,4,116264429,Client Waiting Time [min],0.07,10.22,2.67,133.33,50,10.15
2026-05-19T10:02:12.110152Z,TaxiAlgorithmP2PCollector,2,200,6,80,1,nearest,1,4,1,false,none,none,SPATIAL_IMBALANCE,4,116264429,Client Travel Time [min],20.0,785.0,231.16,18493.0,80,765.0
2026-05-19T10:02:12.110152Z,TaxiAlgorithmP2PCollector,2,200,6,80,1,nearest,1,4,1,false,none,none,SPATIAL_IMBALANCE,4,116264429,Calculation Time [millis],0.0,0.0,0.01,33.0,4052,0.0
2026-05-19T10:02:12.110152Z,TaxiAlgorithmP2PCollector,2,200,6,80,1,nearest,1,4,1,false,none,none,SPATIAL_IMBALANCE,4,116264429,Custom Time [micros],0.0,0.0,0.0,0.0,4052,0.0
2026-05-19T10:02:12.204151700Z,TaxiAlgorithmP2PCollector,2,200,6,80,1,nearest,1,4,1,false,none,none,SPATIAL_IMBALANCE,5,116264430,Taxi Travel Distance [km],1.0,6.16,3.87,23.24,6,5.16
2026-05-19T10:02:12.204151700Z,TaxiAlgorithmP2PCollector,2,200,6,80,1,nearest,1,4,1,false,none,none,SPATIAL_IMBALANCE,5,116264430,Client Waiting Time [min],0.08,8.63,2.88,141.23,49,8.55
2026-05-19T10:02:12.204151700Z,TaxiAlgorithmP2PCollector,2,200,6,80,1,nearest,1,4,1,false,none,none,SPATIAL_IMBALANCE,5,116264430,Client Travel Time [min],12.0,778.0,247.23,19778.0,80,766.0
2026-05-19T10:02:12.204151700Z,TaxiAlgorithmP2PCollector,2,200,6,80,1,nearest,1,4,1,false,none,none,SPATIAL_IMBALANCE,5,116264430,Calculation Time [millis],0.0,1.0,0.01,42.0,4281,1.0
2026-05-19T10:02:12.204151700Z,TaxiAlgorithmP2PCollector,2,200,6,80,1,nearest,1,4,1,false,none,none,SPATIAL_IMBALANCE,5,116264430,Custom Time [micros],0.0,0.0,0.0,0.0,4281,0.0
2026-05-19T10:02:12.314150600Z,TaxiAlgorithmP2PCollector,2,200,6,80,1,nearest,1,4,1,false,none,none,SPATIAL_IMBALANCE,6,116264431,Taxi Travel Distance [km],0.91,6.72,4.54,27.23,6,5.81
2026-05-19T10:02:12.314150600Z,TaxiAlgorithmP2PCollector,2,200,6,80,1,nearest,1,4,1,false,none,none,SPATIAL_IMBALANCE,6,116264431,Client Waiting Time [min],0.05,8.33,2.02,99.08,49,8.28
2026-05-19T10:02:12.314150600Z,TaxiAlgorithmP2PCollector,2,200,6,80,1,nearest,1,4,1,false,none,none,SPATIAL_IMBALANCE,6,116264431,Client Travel Time [min],10.0,719.0,205.65,16452.0,80,709.0
2026-05-19T10:02:12.314150600Z,TaxiAlgorithmP2PCollector,2,200,6,80,1,nearest,1,4,1,false,none,none,SPATIAL_IMBALANCE,6,116264431,Calculation Time [millis],0.0,0.0,0.01,34.0,4181,0.0
2026-05-19T10:02:12.314150600Z,TaxiAlgorithmP2PCollector,2,200,6,80,1,nearest,1,4,1,false,none,none,SPATIAL_IMBALANCE,6,116264431,Custom Time [micros],0.0,0.0,0.0,0.0,4181,0.0
2026-05-19T10:02:12.407204300Z,TaxiAlgorithmP2PCollector,2,200,6,80,1,nearest,1,4,1,false,none,none,SPATIAL_IMBALANCE,7,116264432,Taxi Travel Distance [km],1.94,6.85,4.17,24.99,6,4.91
2026-05-19T10:02:12.407204300Z,TaxiAlgorithmP2PCollector,2,200,6,80,1,nearest,1,4,1,false,none,none,SPATIAL_IMBALANCE,7,116264432,Client Waiting Time [min],0.08,8.58,2.87,134.73,47,8.5
2026-05-19T10:02:12.407204300Z,TaxiAlgorithmP2PCollector,2,200,6,80,1,nearest,1,4,1,false,none,none,SPATIAL_IMBALANCE,7,116264432,Client Travel Time [min],15.0,949.0,246.35,19708.0,80,934.0
2026-05-19T10:02:12.407204300Z,TaxiAlgorithmP2PCollector,2,200,6,80,1,nearest,1,4,1,false,none,none,SPATIAL_IMBALANCE,7,116264432,Calculation Time [millis],0.0,0.0,0.01,35.0,4378,0.0
2026-05-19T10:02:12.407204300Z,TaxiAlgorithmP2PCollector,2,200,6,80,1,nearest,1,4,1,false,none,none,SPATIAL_IMBALANCE,7,116264432,Custom Time [micros],0.0,0.0,0.0,0.0,4378,0.0
2026-05-19T10:02:12.514200100Z,TaxiAlgorithmP2PCollector,2,200,6,80,1,nearest,1,4,1,false,none,none,SPATIAL_IMBALANCE,8,116264433,Taxi Travel Distance [km],1.22,8.1,4.47,26.81,6,6.88
2026-05-19T10:02:12.514200100Z,TaxiAlgorithmP2PCollector,2,200,6,80,1,nearest,1,4,1,false,none,none,SPATIAL_IMBALANCE,8,116264433,Client Waiting Time [min],0.05,10.62,2.91,142.5,49,10.569999999999999
2026-05-19T10:02:12.514200100Z,TaxiAlgorithmP2PCollector,2,200,6,80,1,nearest,1,4,1,false,none,none,SPATIAL_IMBALANCE,8,116264433,Client Travel Time [min],12.0,907.0,260.04,20803.0,80,895.0
2026-05-19T10:02:12.514200100Z,TaxiAlgorithmP2PCollector,2,200,6,80,1,nearest,1,4,1,false,none,none,SPATIAL_IMBALANCE,8,116264433,Calculation Time [millis],0.0,0.0,0.01,35.0,4442,0.0
2026-05-19T10:02:12.514200100Z,TaxiAlgorithmP2PCollector,2,200,6,80,1,nearest,1,4,1,false,none,none,SPATIAL_IMBALANCE,8,116264433,Custom Time [micros],0.0,0.0,0.0,0.0,4442,0.0
2026-05-19T10:02:12.624202100Z,TaxiAlgorithmP2PCollector,2,200,6,80,1,nearest,1,4,1,false,none,none,SPATIAL_IMBALANCE,9,116264434,Taxi Travel Distance [km],0.21,5.89,3.59,21.52,6,5.68
2026-05-19T10:02:12.624202100Z,TaxiAlgorithmP2PCollector,2,200,6,80,1,nearest,1,4,1,false,none,none,SPATIAL_IMBALANCE,9,116264434,Client Waiting Time [min],0.05,6.82,2.25,94.63,42,6.7700000000000005
2026-05-19T10:02:12.624202100Z,TaxiAlgorithmP2PCollector,2,200,6,80,1,nearest,1,4,1,false,none,none,SPATIAL_IMBALANCE,9,116264434,Client Travel Time [min],10.0,745.0,239.01,19121.0,80,735.0
2026-05-19T10:02:12.624202100Z,TaxiAlgorithmP2PCollector,2,200,6,80,1,nearest,1,4,1,false,none,none,SPATIAL_IMBALANCE,9,116264434,Calculation Time [millis],0.0,0.0,0.01,33.0,4179,0.0
2026-05-19T10:02:12.624202100Z,TaxiAlgorithmP2PCollector,2,200,6,80,1,nearest,1,4,1,false,none,none,SPATIAL_IMBALANCE,9,116264434,Custom Time [micros],0.0,0.0,0.0,0.0,4179,0.0
2026-05-19T10:02:12.732200700Z,TaxiAlgorithmP2PCollector,2,200,6,80,1,nearest,1,4,1,false,none,none,SPATIAL_IMBALANCE,10,116264435,Taxi Travel Distance [km],1.21,5.98,2.76,16.55,6,4.7700000000000005
2026-05-19T10:02:12.732200700Z,TaxiAlgorithmP2PCollector,2,200,6,80,1,nearest,1,4,1,false,none,none,SPATIAL_IMBALANCE,10,116264435,Client Waiting Time [min],0.1,6.6,2.64,92.52,35,6.5
2026-05-19T10:02:12.732200700Z,TaxiAlgorithmP2PCollector,2,200,6,80,1,nearest,1,4,1,false,none,none,SPATIAL_IMBALANCE,10,116264435,Client Travel Time [min],15.0,763.0,259.91,20793.0,80,748.0
2026-05-19T10:02:12.732200700Z,TaxiAlgorithmP2PCollector,2,200,6,80,1,nearest,1,4,1,false,none,none,SPATIAL_IMBALANCE,10,116264435,Calculation Time [millis],0.0,0.0,0.01,31.0,4144,0.0
2026-05-19T10:02:12.732200700Z,TaxiAlgorithmP2PCollector,2,200,6,80,1,nearest,1,4,1,false,none,none,SPATIAL_IMBALANCE,10,116264435,Custom Time [micros],0.0,0.0,0.0,0.0,4144,0.0
2026-05-19T10:02:12.841071Z,TaxiAlgorithmP2PCollector,2,200,6,80,1,nearest,1,4,1,false,none,none,SPATIAL_ISLANDS,1,116264426,Taxi Travel Distance [km],1.38,7.98,4.46,26.74,6,6.6000000000000005
2026-05-19T10:02:12.841071Z,TaxiAlgorithmP2PCollector,2,200,6,80,1,nearest,1,4,1,false,none,none,SPATIAL_ISLANDS,1,116264426,Client Waiting Time [min],0.07,12.07,2.77,130.32,47,12.0
2026-05-19T10:02:12.841071Z,TaxiAlgorithmP2PCollector,2,200,6,80,1,nearest,1,4,1,false,none,none,SPATIAL_ISLANDS,1,116264426,Client Travel Time [min],14.0,733.0,242.01,19361.0,80,719.0
2026-05-19T10:02:12.841071Z,TaxiAlgorithmP2PCollector,2,200,6,80,1,nearest,1,4,1,false,none,none,SPATIAL_ISLANDS,1,116264426,Calculation Time [millis],0.0,0.0,0.01,36.0,4433,0.0
2026-05-19T10:02:12.841071Z,TaxiAlgorithmP2PCollector,2,200,6,80,1,nearest,1,4,1,false,none,none,SPATIAL_ISLANDS,1,116264426,Custom Time [micros],0.0,0.0,0.0,0.0,4433,0.0
2026-05-19T10:02:12.950071100Z,TaxiAlgorithmP2PCollector,2,200,6,80,1,nearest,1,4,1,false,none,none,SPATIAL_ISLANDS,2,116264427,Taxi Travel Distance [km],2.39,8.71,5.97,35.81,6,6.32
2026-05-19T10:02:12.950071100Z,TaxiAlgorithmP2PCollector,2,200,6,80,1,nearest,1,4,1,false,none,none,SPATIAL_ISLANDS,2,116264427,Client Waiting Time [min],0.05,9.52,2.22,128.58,58,9.469999999999999
2026-05-19T10:02:12.950071100Z,TaxiAlgorithmP2PCollector,2,200,6,80,1,nearest,1,4,1,false,none,none,SPATIAL_ISLANDS,2,116264427,Client Travel Time [min],16.0,858.0,211.78,16942.0,80,842.0
2026-05-19T10:02:12.950071100Z,TaxiAlgorithmP2PCollector,2,200,6,80,1,nearest,1,4,1,false,none,none,SPATIAL_ISLANDS,2,116264427,Calculation Time [millis],0.0,0.0,0.01,40.0,4655,0.0
2026-05-19T10:02:12.950071100Z,TaxiAlgorithmP2PCollector,2,200,6,80,1,nearest,1,4,1,false,none,none,SPATIAL_ISLANDS,2,116264427,Custom Time [micros],0.0,0.0,0.0,0.0,4655,0.0
2026-05-19T10:02:13.059632900Z,TaxiAlgorithmP2PCollector,2,200,6,80,1,nearest,1,4,1,false,none,none,SPATIAL_ISLANDS,3,116264428,Taxi Travel Distance [km],0.96,5.3,2.69,16.17,6,4.34
2026-05-19T10:02:13.059632900Z,TaxiAlgorithmP2PCollector,2,200,6,80,1,nearest,1,4,1,false,none,none,SPATIAL_ISLANDS,3,116264428,Client Waiting Time [min],0.1,10.18,4.12,131.97,32,10.08
2026-05-19T10:02:13.059632900Z,TaxiAlgorithmP2PCollector,2,200,6,80,1,nearest,1,4,1,false,none,none,SPATIAL_ISLANDS,3,116264428,Client Travel Time [min],20.0,975.0,358.14,28651.0,80,955.0
2026-05-19T10:02:13.059632900Z,TaxiAlgorithmP2PCollector,2,200,6,80,1,nearest,1,4,1,false,none,none,SPATIAL_ISLANDS,3,116264428,Calculation Time [millis],0.0,1.0,0.01,39.0,4396,1.0
2026-05-19T10:02:13.059632900Z,TaxiAlgorithmP2PCollector,2,200,6,80,1,nearest,1,4,1,false,none,none,SPATIAL_ISLANDS,3,116264428,Custom Time [micros],0.0,0.0,0.0,0.0,4396,0.0
2026-05-19T10:02:13.168631900Z,TaxiAlgorithmP2PCollector,2,200,6,80,1,nearest,1,4,1,false,none,none,SPATIAL_ISLANDS,4,116264429,Taxi Travel Distance [km],2.91,9.03,5.06,30.37,6,6.119999999999999
2026-05-19T10:02:13.168631900Z,TaxiAlgorithmP2PCollector,2,200,6,80,1,nearest,1,4,1,false,none,none,SPATIAL_ISLANDS,4,116264429,Client Waiting Time [min],0.05,9.82,2.95,144.48,49,9.77
2026-05-19T10:02:13.168631900Z,TaxiAlgorithmP2PCollector,2,200,6,80,1,nearest,1,4,1,false,none,none,SPATIAL_ISLANDS,4,116264429,Client Travel Time [min],20.0,805.0,253.44,20275.0,80,785.0
2026-05-19T10:02:13.168631900Z,TaxiAlgorithmP2PCollector,2,200,6,80,1,nearest,1,4,1,false,none,none,SPATIAL_ISLANDS,4,116264429,Calculation Time [millis],0.0,0.0,0.01,41.0,4776,0.0
2026-05-19T10:02:13.168631900Z,TaxiAlgorithmP2PCollector,2,200,6,80,1,nearest,1,4,1,false,none,none,SPATIAL_ISLANDS,4,116264429,Custom Time [micros],0.0,0.0,0.0,0.0,4776,0.0
2026-05-19T10:02:13.279631800Z,TaxiAlgorithmP2PCollector,2,200,6,80,1,nearest,1,4,1,false,none,none,SPATIAL_ISLANDS,5,116264430,Taxi Travel Distance [km],1.65,5.2,3.57,21.39,6,3.5500000000000003
2026-05-19T10:02:13.279631800Z,TaxiAlgorithmP2PCollector,2,200,6,80,1,nearest,1,4,1,false,none,none,SPATIAL_ISLANDS,5,116264430,Client Waiting Time [min],0.1,10.38,3.98,167.07,42,10.280000000000001
2026-05-19T10:02:13.279631800Z,TaxiAlgorithmP2PCollector,2,200,6,80,1,nearest,1,4,1,false,none,none,SPATIAL_ISLANDS,5,116264430,Client Travel Time [min],18.0,682.0,308.4,24672.0,80,664.0
2026-05-19T10:02:13.279631800Z,TaxiAlgorithmP2PCollector,2,200,6,80,1,nearest,1,4,1,false,none,none,SPATIAL_ISLANDS,5,116264430,Calculation Time [millis],0.0,1.0,0.01,38.0,4362,1.0
2026-05-19T10:02:13.279631800Z,TaxiAlgorithmP2PCollector,2,200,6,80,1,nearest,1,4,1,false,none,none,SPATIAL_ISLANDS,5,116264430,Custom Time [micros],0.0,0.0,0.0,0.0,4362,0.0
2026-05-19T10:02:13.386635800Z,TaxiAlgorithmP2PCollector,2,200,6,80,1,nearest,1,4,1,false,none,none,SPATIAL_ISLANDS,6,116264431,Taxi Travel Distance [km],1.43,8.65,4.33,26.01,6,7.220000000000001
2026-05-19T10:02:13.386635800Z,TaxiAlgorithmP2PCollector,2,200,6,80,1,nearest,1,4,1,false,none,none,SPATIAL_ISLANDS,6,116264431,Client Waiting Time [min],0.1,9.22,2.35,98.7,42,9.120000000000001
2026-05-19T10:02:13.386635800Z,TaxiAlgorithmP2PCollector,2,200,6,80,1,nearest,1,4,1,false,none,none,SPATIAL_ISLANDS,6,116264431,Client Travel Time [min],12.0,733.0,266.16,21293.0,80,721.0
2026-05-19T10:02:13.386635800Z,TaxiAlgorithmP2PCollector,2,200,6,80,1,nearest,1,4,1,false,none,none,SPATIAL_ISLANDS,6,116264431,Calculation Time [millis],0.0,0.0,0.01,36.0,4466,0.0
2026-05-19T10:02:13.386635800Z,TaxiAlgorithmP2PCollector,2,200,6,80,1,nearest,1,4,1,false,none,none,SPATIAL_ISLANDS,6,116264431,Custom Time [micros],0.0,0.0,0.0,0.0,4466,0.0
2026-05-19T10:02:13.496634200Z,TaxiAlgorithmP2PCollector,2,200,6,80,1,nearest,1,4,1,false,none,none,SPATIAL_ISLANDS,7,116264432,Taxi Travel Distance [km],1.01,7.39,4.21,25.27,6,6.38
2026-05-19T10:02:13.496634200Z,TaxiAlgorithmP2PCollector,2,200,6,80,1,nearest,1,4,1,false,none,none,SPATIAL_ISLANDS,7,116264432,Client Waiting Time [min],0.05,10.37,3.53,162.47,46,10.319999999999999
2026-05-19T10:02:13.496634200Z,TaxiAlgorithmP2PCollector,2,200,6,80,1,nearest,1,4,1,false,none,none,SPATIAL_ISLANDS,7,116264432,Client Travel Time [min],12.0,775.0,287.96,23037.0,80,763.0
2026-05-19T10:02:13.496634200Z,TaxiAlgorithmP2PCollector,2,200,6,80,1,nearest,1,4,1,false,none,none,SPATIAL_ISLANDS,7,116264432,Calculation Time [millis],0.0,0.0,0.01,44.0,4602,0.0
2026-05-19T10:02:13.496634200Z,TaxiAlgorithmP2PCollector,2,200,6,80,1,nearest,1,4,1,false,none,none,SPATIAL_ISLANDS,7,116264432,Custom Time [micros],0.0,0.0,0.0,0.0,4602,0.0
2026-05-19T10:02:13.605631300Z,TaxiAlgorithmP2PCollector,2,200,6,80,1,nearest,1,4,1,false,none,none,SPATIAL_ISLANDS,8,116264433,Taxi Travel Distance [km],1.79,4.84,3.46,20.76,6,3.05
2026-05-19T10:02:13.605631300Z,TaxiAlgorithmP2PCollector,2,200,6,80,1,nearest,1,4,1,false,none,none,SPATIAL_ISLANDS,8,116264433,Client Waiting Time [min],0.08,9.95,4.35,160.83,37,9.87
2026-05-19T10:02:13.605631300Z,TaxiAlgorithmP2PCollector,2,200,6,80,1,nearest,1,4,1,false,none,none,SPATIAL_ISLANDS,8,116264433,Client Travel Time [min],21.0,836.0,359.93,28794.0,80,815.0
2026-05-19T10:02:13.605631300Z,TaxiAlgorithmP2PCollector,2,200,6,80,1,nearest,1,4,1,false,none,none,SPATIAL_ISLANDS,8,116264433,Calculation Time [millis],0.0,1.0,0.01,40.0,4442,1.0
2026-05-19T10:02:13.605631300Z,TaxiAlgorithmP2PCollector,2,200,6,80,1,nearest,1,4,1,false,none,none,SPATIAL_ISLANDS,8,116264433,Custom Time [micros],0.0,0.0,0.0,0.0,4442,0.0
2026-05-19T10:02:13.715632200Z,TaxiAlgorithmP2PCollector,2,200,6,80,1,nearest,1,4,1,false,none,none,SPATIAL_ISLANDS,9,116264434,Taxi Travel Distance [km],1.58,7.37,4.26,25.58,6,5.79
2026-05-19T10:02:13.715632200Z,TaxiAlgorithmP2PCollector,2,200,6,80,1,nearest,1,4,1,false,none,none,SPATIAL_ISLANDS,9,116264434,Client Waiting Time [min],0.07,10.57,2.73,125.68,46,10.5
2026-05-19T10:02:13.715632200Z,TaxiAlgorithmP2PCollector,2,200,6,80,1,nearest,1,4,1,false,none,none,SPATIAL_ISLANDS,9,116264434,Client Travel Time [min],10.0,984.0,274.33,21946.0,80,974.0
2026-05-19T10:02:13.715632200Z,TaxiAlgorithmP2PCollector,2,200,6,80,1,nearest,1,4,1,false,none,none,SPATIAL_ISLANDS,9,116264434,Calculation Time [millis],0.0,0.0,0.01,37.0,4581,0.0
2026-05-19T10:02:13.715632200Z,TaxiAlgorithmP2PCollector,2,200,6,80,1,nearest,1,4,1,false,none,none,SPATIAL_ISLANDS,9,116264434,Custom Time [micros],0.0,0.0,0.0,0.0,4581,0.0
2026-05-19T10:02:13.824691Z,TaxiAlgorithmP2PCollector,2,200,6,80,1,nearest,1,4,1,false,none,none,SPATIAL_ISLANDS,10,116264435,Taxi Travel Distance [km],0.49,9.93,4.5,26.97,6,9.44
2026-05-19T10:02:13.824691Z,TaxiAlgorithmP2PCollector,2,200,6,80,1,nearest,1,4,1,false,none,none,SPATIAL_ISLANDS,10,116264435,Client Waiting Time [min],0.05,11.97,2.95,141.8,48,11.92
2026-05-19T10:02:13.824691Z,TaxiAlgorithmP2PCollector,2,200,6,80,1,nearest,1,4,1,false,none,none,SPATIAL_ISLANDS,10,116264435,Client Travel Time [min],11.0,720.0,259.64,20771.0,80,709.0
2026-05-19T10:02:13.824691Z,TaxiAlgorithmP2PCollector,2,200,6,80,1,nearest,1,4,1,false,none,none,SPATIAL_ISLANDS,10,116264435,Calculation Time [millis],0.0,1.0,0.01,37.0,4523,1.0
2026-05-19T10:02:13.824691Z,TaxiAlgorithmP2PCollector,2,200,6,80,1,nearest,1,4,1,false,none,none,SPATIAL_ISLANDS,10,116264435,Custom Time [micros],0.0,0.0,0.0,0.0,4523,0.0
2026-05-19T10:02:13.965689100Z,TaxiAlgorithmP2PCollector,2,200,6,80,1,nearest,1,4,1,true,page-rank,page-rank,BASELINE,1,116264426,Taxi Travel Distance [km],29.03,35.95,32.44,194.61,6,6.920000000000002
2026-05-19T10:02:13.965689100Z,TaxiAlgorithmP2PCollector,2,200,6,80,1,nearest,1,4,1,true,page-rank,page-rank,BASELINE,1,116264426,Client Waiting Time [min],0.03,4.12,0.85,65.53,77,4.09
2026-05-19T10:02:13.965689100Z,TaxiAlgorithmP2PCollector,2,200,6,80,1,nearest,1,4,1,true,page-rank,page-rank,BASELINE,1,116264426,Client Travel Time [min],9.0,258.0,71.75,5740.0,80,249.0
2026-05-19T10:02:13.965689100Z,TaxiAlgorithmP2PCollector,2,200,6,80,1,nearest,1,4,1,true,page-rank,page-rank,BASELINE,1,116264426,Calculation Time [millis],0.0,0.0,0.02,62.0,4034,0.0
2026-05-19T10:02:13.965689100Z,TaxiAlgorithmP2PCollector,2,200,6,80,1,nearest,1,4,1,true,page-rank,page-rank,BASELINE,1,116264426,Custom Time [micros],0.0,0.0,0.0,0.0,4034,0.0
2026-05-19T10:02:14.073688900Z,TaxiAlgorithmP2PCollector,2,200,6,80,1,nearest,1,4,1,true,page-rank,page-rank,BASELINE,2,116264427,Taxi Travel Distance [km],23.89,29.36,25.96,155.79,6,5.469999999999999
2026-05-19T10:02:14.073688900Z,TaxiAlgorithmP2PCollector,2,200,6,80,1,nearest,1,4,1,true,page-rank,page-rank,BASELINE,2,116264427,Client Waiting Time [min],0.08,3.32,0.69,53.47,77,3.2399999999999998
2026-05-19T10:02:14.073688900Z,TaxiAlgorithmP2PCollector,2,200,6,80,1,nearest,1,4,1,true,page-rank,page-rank,BASELINE,2,116264427,Client Travel Time [min],8.0,217.0,61.38,4910.0,80,209.0
2026-05-19T10:02:14.073688900Z,TaxiAlgorithmP2PCollector,2,200,6,80,1,nearest,1,4,1,true,page-rank,page-rank,BASELINE,2,116264427,Calculation Time [millis],0.0,1.0,0.01,50.0,3988,1.0
2026-05-19T10:02:14.073688900Z,TaxiAlgorithmP2PCollector,2,200,6,80,1,nearest,1,4,1,true,page-rank,page-rank,BASELINE,2,116264427,Custom Time [micros],0.0,0.0,0.0,0.0,3988,0.0
2026-05-19T10:02:14.212690500Z,TaxiAlgorithmP2PCollector,2,200,6,80,1,nearest,1,4,1,true,page-rank,page-rank,BASELINE,3,116264428,Taxi Travel Distance [km],28.65,36.18,32.26,193.55,6,7.530000000000001
2026-05-19T10:02:14.212690500Z,TaxiAlgorithmP2PCollector,2,200,6,80,1,nearest,1,4,1,true,page-rank,page-rank,BASELINE,3,116264428,Client Waiting Time [min],0.05,6.65,0.81,63.72,79,6.6000000000000005
2026-05-19T10:02:14.212690500Z,TaxiAlgorithmP2PCollector,2,200,6,80,1,nearest,1,4,1,true,page-rank,page-rank,BASELINE,3,116264428,Client Travel Time [min],14.0,412.0,71.71,5737.0,80,398.0
2026-05-19T10:02:14.212690500Z,TaxiAlgorithmP2PCollector,2,200,6,80,1,nearest,1,4,1,true,page-rank,page-rank,BASELINE,3,116264428,Calculation Time [millis],0.0,0.0,0.02,67.0,3951,0.0
2026-05-19T10:02:14.212690500Z,TaxiAlgorithmP2PCollector,2,200,6,80,1,nearest,1,4,1,true,page-rank,page-rank,BASELINE,3,116264428,Custom Time [micros],0.0,0.0,0.0,0.0,3951,0.0
2026-05-19T10:02:14.324690300Z,TaxiAlgorithmP2PCollector,2,200,6,80,1,nearest,1,4,1,true,page-rank,page-rank,BASELINE,4,116264429,Taxi Travel Distance [km],23.29,29.04,25.38,152.28,6,5.75
2026-05-19T10:02:14.324690300Z,TaxiAlgorithmP2PCollector,2,200,6,80,1,nearest,1,4,1,true,page-rank,page-rank,BASELINE,4,116264429,Client Waiting Time [min],0.05,4.07,0.68,53.42,79,4.0200000000000005
2026-05-19T10:02:14.324690300Z,TaxiAlgorithmP2PCollector,2,200,6,80,1,nearest,1,4,1,true,page-rank,page-rank,BASELINE,4,116264429,Client Travel Time [min],10.0,253.0,62.63,5010.0,80,243.0
2026-05-19T10:02:14.324690300Z,TaxiAlgorithmP2PCollector,2,200,6,80,1,nearest,1,4,1,true,page-rank,page-rank,BASELINE,4,116264429,Calculation Time [millis],0.0,1.0,0.01,47.0,3998,1.0
2026-05-19T10:02:14.324690300Z,TaxiAlgorithmP2PCollector,2,200,6,80,1,nearest,1,4,1,true,page-rank,page-rank,BASELINE,4,116264429,Custom Time [micros],0.0,0.0,0.0,0.0,3998,0.0
2026-05-19T10:02:14.478737600Z,TaxiAlgorithmP2PCollector,2,200,6,80,1,nearest,1,4,1,true,page-rank,page-rank,BASELINE,5,116264430,Taxi Travel Distance [km],26.87,32.59,29.8,178.78,6,5.720000000000002
2026-05-19T10:02:14.478737600Z,TaxiAlgorithmP2PCollector,2,200,6,80,1,nearest,1,4,1,true,page-rank,page-rank,BASELINE,5,116264430,Client Waiting Time [min],0.03,3.53,0.77,61.23,80,3.5
2026-05-19T10:02:14.478737600Z,TaxiAlgorithmP2PCollector,2,200,6,80,1,nearest,1,4,1,true,page-rank,page-rank,BASELINE,5,116264430,Client Travel Time [min],9.0,234.0,68.11,5449.0,80,225.0
2026-05-19T10:02:14.478737600Z,TaxiAlgorithmP2PCollector,2,200,6,80,1,nearest,1,4,1,true,page-rank,page-rank,BASELINE,5,116264430,Calculation Time [millis],0.0,0.0,0.01,59.0,3985,0.0
2026-05-19T10:02:14.478737600Z,TaxiAlgorithmP2PCollector,2,200,6,80,1,nearest,1,4,1,true,page-rank,page-rank,BASELINE,5,116264430,Custom Time [micros],0.0,0.0,0.0,0.0,3985,0.0
2026-05-19T10:02:14.574737100Z,TaxiAlgorithmP2PCollector,2,200,6,80,1,nearest,1,4,1,true,page-rank,page-rank,BASELINE,6,116264431,Taxi Travel Distance [km],23.31,29.63,27.46,164.78,6,6.32
2026-05-19T10:02:14.574737100Z,TaxiAlgorithmP2PCollector,2,200,6,80,1,nearest,1,4,1,true,page-rank,page-rank,BASELINE,6,116264431,Client Waiting Time [min],0.03,3.68,0.62,47.73,77,3.6500000000000004
2026-05-19T10:02:14.574737100Z,TaxiAlgorithmP2PCollector,2,200,6,80,1,nearest,1,4,1,true,page-rank,page-rank,BASELINE,6,116264431,Client Travel Time [min],11.0,224.0,61.64,4931.0,80,213.0
2026-05-19T10:02:14.574737100Z,TaxiAlgorithmP2PCollector,2,200,6,80,1,nearest,1,4,1,true,page-rank,page-rank,BASELINE,6,116264431,Calculation Time [millis],0.0,1.0,0.01,53.0,3984,1.0
2026-05-19T10:02:14.574737100Z,TaxiAlgorithmP2PCollector,2,200,6,80,1,nearest,1,4,1,true,page-rank,page-rank,BASELINE,6,116264431,Custom Time [micros],0.0,0.0,0.0,0.0,3984,0.0
2026-05-19T10:02:14.716738400Z,TaxiAlgorithmP2PCollector,2,200,6,80,1,nearest,1,4,1,true,page-rank,page-rank,BASELINE,7,116264432,Taxi Travel Distance [km],29.56,35.05,31.82,190.9,6,5.489999999999998
2026-05-19T10:02:14.716738400Z,TaxiAlgorithmP2PCollector,2,200,6,80,1,nearest,1,4,1,true,page-rank,page-rank,BASELINE,7,116264432,Client Waiting Time [min],0.03,5.58,0.76,58.97,78,5.55
2026-05-19T10:02:14.716738400Z,TaxiAlgorithmP2PCollector,2,200,6,80,1,nearest,1,4,1,true,page-rank,page-rank,BASELINE,7,116264432,Client Travel Time [min],12.0,341.0,69.33,5546.0,80,329.0
2026-05-19T10:02:14.716738400Z,TaxiAlgorithmP2PCollector,2,200,6,80,1,nearest,1,4,1,true,page-rank,page-rank,BASELINE,7,116264432,Calculation Time [millis],0.0,0.0,0.01,61.0,4088,0.0
2026-05-19T10:02:14.716738400Z,TaxiAlgorithmP2PCollector,2,200,6,80,1,nearest,1,4,1,true,page-rank,page-rank,BASELINE,7,116264432,Custom Time [micros],0.0,0.0,0.0,0.0,4088,0.0
2026-05-19T10:02:14.842738800Z,TaxiAlgorithmP2PCollector,2,200,6,80,1,nearest,1,4,1,true,page-rank,page-rank,BASELINE,8,116264433,Taxi Travel Distance [km],30.29,36.66,33.77,202.61,6,6.369999999999997
2026-05-19T10:02:14.842738800Z,TaxiAlgorithmP2PCollector,2,200,6,80,1,nearest,1,4,1,true,page-rank,page-rank,BASELINE,8,116264433,Client Waiting Time [min],0.03,3.52,0.87,69.12,79,3.49
2026-05-19T10:02:14.842738800Z,TaxiAlgorithmP2PCollector,2,200,6,80,1,nearest,1,4,1,true,page-rank,page-rank,BASELINE,8,116264433,Client Travel Time [min],10.0,217.0,77.64,6211.0,80,207.0
2026-05-19T10:02:14.842738800Z,TaxiAlgorithmP2PCollector,2,200,6,80,1,nearest,1,4,1,true,page-rank,page-rank,BASELINE,8,116264433,Calculation Time [millis],0.0,1.0,0.02,64.0,4162,1.0
2026-05-19T10:02:14.842738800Z,TaxiAlgorithmP2PCollector,2,200,6,80,1,nearest,1,4,1,true,page-rank,page-rank,BASELINE,8,116264433,Custom Time [micros],0.0,0.0,0.0,0.0,4162,0.0
2026-05-19T10:02:14.982739300Z,TaxiAlgorithmP2PCollector,2,200,6,80,1,nearest,1,4,1,true,page-rank,page-rank,BASELINE,9,116264434,Taxi Travel Distance [km],34.67,41.96,38.47,230.8,6,7.289999999999999
2026-05-19T10:02:14.982739300Z,TaxiAlgorithmP2PCollector,2,200,6,80,1,nearest,1,4,1,true,page-rank,page-rank,BASELINE,9,116264434,Client Waiting Time [min],0.07,4.27,0.83,65.85,79,4.199999999999999
2026-05-19T10:02:14.982739300Z,TaxiAlgorithmP2PCollector,2,200,6,80,1,nearest,1,4,1,true,page-rank,page-rank,BASELINE,9,116264434,Client Travel Time [min],15.0,271.0,72.83,5826.0,80,256.0
2026-05-19T10:02:14.982739300Z,TaxiAlgorithmP2PCollector,2,200,6,80,1,nearest,1,4,1,true,page-rank,page-rank,BASELINE,9,116264434,Calculation Time [millis],0.0,0.0,0.02,72.0,4122,0.0
2026-05-19T10:02:14.982739300Z,TaxiAlgorithmP2PCollector,2,200,6,80,1,nearest,1,4,1,true,page-rank,page-rank,BASELINE,9,116264434,Custom Time [micros],0.0,0.0,0.0,0.0,4122,0.0
2026-05-19T10:02:15.123737400Z,TaxiAlgorithmP2PCollector,2,200,6,80,1,nearest,1,4,1,true,page-rank,page-rank,BASELINE,10,116264435,Taxi Travel Distance [km],27.75,31.08,29.22,175.35,6,3.3299999999999983
2026-05-19T10:02:15.123737400Z,TaxiAlgorithmP2PCollector,2,200,6,80,1,nearest,1,4,1,true,page-rank,page-rank,BASELINE,10,116264435,Client Waiting Time [min],0.05,3.48,0.68,54.73,80,3.43
2026-05-19T10:02:15.123737400Z,TaxiAlgorithmP2PCollector,2,200,6,80,1,nearest,1,4,1,true,page-rank,page-rank,BASELINE,10,116264435,Client Travel Time [min],12.0,211.0,62.21,4977.0,80,199.0
2026-05-19T10:02:15.123737400Z,TaxiAlgorithmP2PCollector,2,200,6,80,1,nearest,1,4,1,true,page-rank,page-rank,BASELINE,10,116264435,Calculation Time [millis],0.0,1.0,0.01,56.0,4076,1.0
2026-05-19T10:02:15.123737400Z,TaxiAlgorithmP2PCollector,2,200,6,80,1,nearest,1,4,1,true,page-rank,page-rank,BASELINE,10,116264435,Custom Time [micros],0.0,0.0,0.0,0.0,4076,0.0
2026-05-19T10:02:15.216740200Z,TaxiAlgorithmP2PCollector,2,200,6,80,1,nearest,1,4,1,true,page-rank,page-rank,RUSH_HOUR,1,116264426,Taxi Travel Distance [km],2.4,13.65,8.41,50.47,6,11.25
2026-05-19T10:02:15.216740200Z,TaxiAlgorithmP2PCollector,2,200,6,80,1,nearest,1,4,1,true,page-rank,page-rank,RUSH_HOUR,1,116264426,Client Waiting Time [min],0.07,6.07,1.82,114.42,63,6.0
2026-05-19T10:02:15.216740200Z,TaxiAlgorithmP2PCollector,2,200,6,80,1,nearest,1,4,1,true,page-rank,page-rank,RUSH_HOUR,1,116264426,Client Travel Time [min],9.0,792.0,172.7,13816.0,80,783.0
2026-05-19T10:02:15.216740200Z,TaxiAlgorithmP2PCollector,2,200,6,80,1,nearest,1,4,1,true,page-rank,page-rank,RUSH_HOUR,1,116264426,Calculation Time [millis],0.0,0.0,0.01,43.0,4232,0.0
2026-05-19T10:02:15.216740200Z,TaxiAlgorithmP2PCollector,2,200,6,80,1,nearest,1,4,1,true,page-rank,page-rank,RUSH_HOUR,1,116264426,Custom Time [micros],0.0,0.0,0.0,0.0,4232,0.0
2026-05-19T10:02:15.326736800Z,TaxiAlgorithmP2PCollector,2,200,6,80,1,nearest,1,4,1,true,page-rank,page-rank,RUSH_HOUR,2,116264427,Taxi Travel Distance [km],2.1,15.14,8.13,48.79,6,13.040000000000001
2026-05-19T10:02:15.326736800Z,TaxiAlgorithmP2PCollector,2,200,6,80,1,nearest,1,4,1,true,page-rank,page-rank,RUSH_HOUR,2,116264427,Client Waiting Time [min],0.05,9.22,1.09,63.03,58,9.17
2026-05-19T10:02:15.326736800Z,TaxiAlgorithmP2PCollector,2,200,6,80,1,nearest,1,4,1,true,page-rank,page-rank,RUSH_HOUR,2,116264427,Client Travel Time [min],8.0,793.0,147.28,11782.0,80,785.0
2026-05-19T10:02:15.326736800Z,TaxiAlgorithmP2PCollector,2,200,6,80,1,nearest,1,4,1,true,page-rank,page-rank,RUSH_HOUR,2,116264427,Calculation Time [millis],0.0,1.0,0.01,40.0,4010,1.0
2026-05-19T10:02:15.326736800Z,TaxiAlgorithmP2PCollector,2,200,6,80,1,nearest,1,4,1,true,page-rank,page-rank,RUSH_HOUR,2,116264427,Custom Time [micros],0.0,0.0,0.0,0.0,4010,0.0
2026-05-19T10:02:15.449540600Z,TaxiAlgorithmP2PCollector,2,200,6,80,1,nearest,1,4,1,true,page-rank,page-rank,RUSH_HOUR,3,116264428,Taxi Travel Distance [km],5.46,15.94,9.27,55.61,6,10.48
2026-05-19T10:02:15.449540600Z,TaxiAlgorithmP2PCollector,2,200,6,80,1,nearest,1,4,1,true,page-rank,page-rank,RUSH_HOUR,3,116264428,Client Waiting Time [min],0.1,10.63,2.53,166.83,66,10.530000000000001
2026-05-19T10:02:15.449540600Z,TaxiAlgorithmP2PCollector,2,200,6,80,1,nearest,1,4,1,true,page-rank,page-rank,RUSH_HOUR,3,116264428,Client Travel Time [min],17.0,681.0,201.75,16140.0,80,664.0
2026-05-19T10:02:15.449540600Z,TaxiAlgorithmP2PCollector,2,200,6,80,1,nearest,1,4,1,true,page-rank,page-rank,RUSH_HOUR,3,116264428,Calculation Time [millis],0.0,0.0,0.01,42.0,4242,0.0
2026-05-19T10:02:15.449540600Z,TaxiAlgorithmP2PCollector,2,200,6,80,1,nearest,1,4,1,true,page-rank,page-rank,RUSH_HOUR,3,116264428,Custom Time [micros],0.0,0.0,0.0,0.0,4242,0.0
2026-05-19T10:02:15.557553300Z,TaxiAlgorithmP2PCollector,2,200,6,80,1,nearest,1,4,1,true,page-rank,page-rank,RUSH_HOUR,4,116264429,Taxi Travel Distance [km],5.23,14.52,10.04,60.24,6,9.29
2026-05-19T10:02:15.557553300Z,TaxiAlgorithmP2PCollector,2,200,6,80,1,nearest,1,4,1,true,page-rank,page-rank,RUSH_HOUR,4,116264429,Client Waiting Time [min],0.03,6.28,1.24,88.23,71,6.25
2026-05-19T10:02:15.557553300Z,TaxiAlgorithmP2PCollector,2,200,6,80,1,nearest,1,4,1,true,page-rank,page-rank,RUSH_HOUR,4,116264429,Client Travel Time [min],15.0,466.0,110.08,8806.0,80,451.0
2026-05-19T10:02:15.557553300Z,TaxiAlgorithmP2PCollector,2,200,6,80,1,nearest,1,4,1,true,page-rank,page-rank,RUSH_HOUR,4,116264429,Calculation Time [millis],0.0,1.0,0.01,37.0,4138,1.0
2026-05-19T10:02:15.557553300Z,TaxiAlgorithmP2PCollector,2,200,6,80,1,nearest,1,4,1,true,page-rank,page-rank,RUSH_HOUR,4,116264429,Custom Time [micros],0.0,0.0,0.0,0.0,4138,0.0
2026-05-19T10:02:15.666587800Z,TaxiAlgorithmP2PCollector,2,200,6,80,1,nearest,1,4,1,true,page-rank,page-rank,RUSH_HOUR,5,116264430,Taxi Travel Distance [km],3.97,16.66,8.37,50.25,6,12.69
2026-05-19T10:02:15.666587800Z,TaxiAlgorithmP2PCollector,2,200,6,80,1,nearest,1,4,1,true,page-rank,page-rank,RUSH_HOUR,5,116264430,Client Waiting Time [min],0.03,10.35,2.41,166.4,69,10.32
2026-05-19T10:02:15.666587800Z,TaxiAlgorithmP2PCollector,2,200,6,80,1,nearest,1,4,1,true,page-rank,page-rank,RUSH_HOUR,5,116264430,Client Travel Time [min],11.0,826.0,194.0,15520.0,80,815.0
2026-05-19T10:02:15.666587800Z,TaxiAlgorithmP2PCollector,2,200,6,80,1,nearest,1,4,1,true,page-rank,page-rank,RUSH_HOUR,5,116264430,Calculation Time [millis],0.0,0.0,0.01,41.0,4136,0.0
2026-05-19T10:02:15.666587800Z,TaxiAlgorithmP2PCollector,2,200,6,80,1,nearest,1,4,1,true,page-rank,page-rank,RUSH_HOUR,5,116264430,Custom Time [micros],0.0,0.0,0.0,0.0,4136,0.0
2026-05-19T10:02:15.789590700Z,TaxiAlgorithmP2PCollector,2,200,6,80,1,nearest,1,4,1,true,page-rank,page-rank,RUSH_HOUR,6,116264431,Taxi Travel Distance [km],3.57,19.04,8.64,51.81,6,15.469999999999999
2026-05-19T10:02:15.789590700Z,TaxiAlgorithmP2PCollector,2,200,6,80,1,nearest,1,4,1,true,page-rank,page-rank,RUSH_HOUR,6,116264431,Client Waiting Time [min],0.08,13.73,2.7,186.63,69,13.65
2026-05-19T10:02:15.789590700Z,TaxiAlgorithmP2PCollector,2,200,6,80,1,nearest,1,4,1,true,page-rank,page-rank,RUSH_HOUR,6,116264431,Client Travel Time [min],18.0,825.0,188.18,15054.0,80,807.0
2026-05-19T10:02:15.789590700Z,TaxiAlgorithmP2PCollector,2,200,6,80,1,nearest,1,4,1,true,page-rank,page-rank,RUSH_HOUR,6,116264431,Calculation Time [millis],0.0,0.0,0.01,43.0,3979,0.0
2026-05-19T10:02:15.789590700Z,TaxiAlgorithmP2PCollector,2,200,6,80,1,nearest,1,4,1,true,page-rank,page-rank,RUSH_HOUR,6,116264431,Custom Time [micros],0.0,0.0,0.0,0.0,3979,0.0
2026-05-19T10:02:15.896589900Z,TaxiAlgorithmP2PCollector,2,200,6,80,1,nearest,1,4,1,true,page-rank,page-rank,RUSH_HOUR,7,116264432,Taxi Travel Distance [km],3.64,15.1,8.89,53.34,6,11.459999999999999
2026-05-19T10:02:15.896589900Z,TaxiAlgorithmP2PCollector,2,200,6,80,1,nearest,1,4,1,true,page-rank,page-rank,RUSH_HOUR,7,116264432,Client Waiting Time [min],0.05,9.08,2.3,147.2,64,9.03
2026-05-19T10:02:15.896589900Z,TaxiAlgorithmP2PCollector,2,200,6,80,1,nearest,1,4,1,true,page-rank,page-rank,RUSH_HOUR,7,116264432,Client Travel Time [min],13.0,809.0,184.66,14773.0,80,796.0
2026-05-19T10:02:15.896589900Z,TaxiAlgorithmP2PCollector,2,200,6,80,1,nearest,1,4,1,true,page-rank,page-rank,RUSH_HOUR,7,116264432,Calculation Time [millis],0.0,1.0,0.01,43.0,3868,1.0
2026-05-19T10:02:15.896589900Z,TaxiAlgorithmP2PCollector,2,200,6,80,1,nearest,1,4,1,true,page-rank,page-rank,RUSH_HOUR,7,116264432,Custom Time [micros],0.0,0.0,0.0,0.0,3868,0.0
2026-05-19T10:02:16.038588200Z,TaxiAlgorithmP2PCollector,2,200,6,80,1,nearest,1,4,1,true,page-rank,page-rank,RUSH_HOUR,8,116264433,Taxi Travel Distance [km],3.32,13.58,9.36,56.14,6,10.26
2026-05-19T10:02:16.038588200Z,TaxiAlgorithmP2PCollector,2,200,6,80,1,nearest,1,4,1,true,page-rank,page-rank,RUSH_HOUR,8,116264433,Client Waiting Time [min],0.08,11.42,2.4,156.18,65,11.34
2026-05-19T10:02:16.038588200Z,TaxiAlgorithmP2PCollector,2,200,6,80,1,nearest,1,4,1,true,page-rank,page-rank,RUSH_HOUR,8,116264433,Client Travel Time [min],8.0,694.0,187.85,15028.0,80,686.0
2026-05-19T10:02:16.038588200Z,TaxiAlgorithmP2PCollector,2,200,6,80,1,nearest,1,4,1,true,page-rank,page-rank,RUSH_HOUR,8,116264433,Calculation Time [millis],0.0,0.0,0.01,49.0,4478,0.0
2026-05-19T10:02:16.038588200Z,TaxiAlgorithmP2PCollector,2,200,6,80,1,nearest,1,4,1,true,page-rank,page-rank,RUSH_HOUR,8,116264433,Custom Time [micros],0.0,0.0,0.0,0.0,4478,0.0
2026-05-19T10:02:16.132210100Z,TaxiAlgorithmP2PCollector,2,200,6,80,1,nearest,1,4,1,true,page-rank,page-rank,RUSH_HOUR,9,116264434,Taxi Travel Distance [km],4.09,17.66,7.92,47.5,6,13.57
2026-05-19T10:02:16.132210100Z,TaxiAlgorithmP2PCollector,2,200,6,80,1,nearest,1,4,1,true,page-rank,page-rank,RUSH_HOUR,9,116264434,Client Waiting Time [min],0.03,6.87,1.91,114.67,60,6.84
2026-05-19T10:02:16.132210100Z,TaxiAlgorithmP2PCollector,2,200,6,80,1,nearest,1,4,1,true,page-rank,page-rank,RUSH_HOUR,9,116264434,Client Travel Time [min],17.0,845.0,167.65,13412.0,80,828.0
2026-05-19T10:02:16.132210100Z,TaxiAlgorithmP2PCollector,2,200,6,80,1,nearest,1,4,1,true,page-rank,page-rank,RUSH_HOUR,9,116264434,Calculation Time [millis],0.0,1.0,0.01,44.0,4716,1.0
2026-05-19T10:02:16.132210100Z,TaxiAlgorithmP2PCollector,2,200,6,80,1,nearest,1,4,1,true,page-rank,page-rank,RUSH_HOUR,9,116264434,Custom Time [micros],0.0,0.0,0.0,0.0,4716,0.0
2026-05-19T10:02:16.258207200Z,TaxiAlgorithmP2PCollector,2,200,6,80,1,nearest,1,4,1,true,page-rank,page-rank,RUSH_HOUR,10,116264435,Taxi Travel Distance [km],5.89,16.57,8.97,53.8,6,10.68
2026-05-19T10:02:16.258207200Z,TaxiAlgorithmP2PCollector,2,200,6,80,1,nearest,1,4,1,true,page-rank,page-rank,RUSH_HOUR,10,116264435,Client Waiting Time [min],0.07,8.58,1.56,113.85,73,8.51
2026-05-19T10:02:16.258207200Z,TaxiAlgorithmP2PCollector,2,200,6,80,1,nearest,1,4,1,true,page-rank,page-rank,RUSH_HOUR,10,116264435,Client Travel Time [min],8.0,615.0,130.64,10451.0,80,607.0
2026-05-19T10:02:16.258207200Z,TaxiAlgorithmP2PCollector,2,200,6,80,1,nearest,1,4,1,true,page-rank,page-rank,RUSH_HOUR,10,116264435,Calculation Time [millis],0.0,0.0,0.01,38.0,3897,0.0
2026-05-19T10:02:16.258207200Z,TaxiAlgorithmP2PCollector,2,200,6,80,1,nearest,1,4,1,true,page-rank,page-rank,RUSH_HOUR,10,116264435,Custom Time [micros],0.0,0.0,0.0,0.0,3897,0.0
2026-05-19T10:02:16.365206600Z,TaxiAlgorithmP2PCollector,2,200,6,80,1,nearest,1,4,1,true,page-rank,page-rank,SPATIAL_IMBALANCE,1,116264426,Taxi Travel Distance [km],4.0,26.31,10.38,62.26,6,22.31
2026-05-19T10:02:16.365206600Z,TaxiAlgorithmP2PCollector,2,200,6,80,1,nearest,1,4,1,true,page-rank,page-rank,SPATIAL_IMBALANCE,1,116264426,Client Waiting Time [min],0.05,8.52,1.0,74.15,74,8.469999999999999
2026-05-19T10:02:16.365206600Z,TaxiAlgorithmP2PCollector,2,200,6,80,1,nearest,1,4,1,true,page-rank,page-rank,SPATIAL_IMBALANCE,1,116264426,Client Travel Time [min],7.0,518.0,88.59,7087.0,80,511.0
2026-05-19T10:02:16.365206600Z,TaxiAlgorithmP2PCollector,2,200,6,80,1,nearest,1,4,1,true,page-rank,page-rank,SPATIAL_IMBALANCE,1,116264426,Calculation Time [millis],0.0,0.0,0.01,40.0,3991,0.0
2026-05-19T10:02:16.365206600Z,TaxiAlgorithmP2PCollector,2,200,6,80,1,nearest,1,4,1,true,page-rank,page-rank,SPATIAL_IMBALANCE,1,116264426,Custom Time [micros],0.0,0.0,0.0,0.0,3991,0.0
2026-05-19T10:02:16.477326600Z,TaxiAlgorithmP2PCollector,2,200,6,80,1,nearest,1,4,1,true,page-rank,page-rank,SPATIAL_IMBALANCE,2,116264427,Taxi Travel Distance [km],5.67,18.28,9.7,58.2,6,12.610000000000001
2026-05-19T10:02:16.477326600Z,TaxiAlgorithmP2PCollector,2,200,6,80,1,nearest,1,4,1,true,page-rank,page-rank,SPATIAL_IMBALANCE,2,116264427,Client Waiting Time [min],0.03,10.83,0.6,45.97,76,10.8
2026-05-19T10:02:16.477326600Z,TaxiAlgorithmP2PCollector,2,200,6,80,1,nearest,1,4,1,true,page-rank,page-rank,SPATIAL_IMBALANCE,2,116264427,Client Travel Time [min],10.0,656.0,63.9,5112.0,80,646.0
2026-05-19T10:02:16.477326600Z,TaxiAlgorithmP2PCollector,2,200,6,80,1,nearest,1,4,1,true,page-rank,page-rank,SPATIAL_IMBALANCE,2,116264427,Calculation Time [millis],0.0,0.0,0.01,28.0,3990,0.0
2026-05-19T10:02:16.477326600Z,TaxiAlgorithmP2PCollector,2,200,6,80,1,nearest,1,4,1,true,page-rank,page-rank,SPATIAL_IMBALANCE,2,116264427,Custom Time [micros],0.0,0.0,0.0,0.0,3990,0.0
2026-05-19T10:02:16.570325100Z,TaxiAlgorithmP2PCollector,2,200,6,80,1,nearest,1,4,1,true,page-rank,page-rank,SPATIAL_IMBALANCE,3,116264428,Taxi Travel Distance [km],4.58,28.81,11.5,69.0,6,24.229999999999997
2026-05-19T10:02:16.570325100Z,TaxiAlgorithmP2PCollector,2,200,6,80,1,nearest,1,4,1,true,page-rank,page-rank,SPATIAL_IMBALANCE,3,116264428,Client Waiting Time [min],0.07,12.42,1.35,104.93,78,12.35
2026-05-19T10:02:16.570325100Z,TaxiAlgorithmP2PCollector,2,200,6,80,1,nearest,1,4,1,true,page-rank,page-rank,SPATIAL_IMBALANCE,3,116264428,Client Travel Time [min],10.0,749.0,109.5,8760.0,80,739.0
2026-05-19T10:02:16.570325100Z,TaxiAlgorithmP2PCollector,2,200,6,80,1,nearest,1,4,1,true,page-rank,page-rank,SPATIAL_IMBALANCE,3,116264428,Calculation Time [millis],0.0,0.0,0.01,44.0,3959,0.0
2026-05-19T10:02:16.570325100Z,TaxiAlgorithmP2PCollector,2,200,6,80,1,nearest,1,4,1,true,page-rank,page-rank,SPATIAL_IMBALANCE,3,116264428,Custom Time [micros],0.0,0.0,0.0,0.0,3959,0.0
2026-05-19T10:02:16.693326500Z,TaxiAlgorithmP2PCollector,2,200,6,80,1,nearest,1,4,1,true,page-rank,page-rank,SPATIAL_IMBALANCE,4,116264429,Taxi Travel Distance [km],4.1,25.08,9.92,59.52,6,20.979999999999997
2026-05-19T10:02:16.693326500Z,TaxiAlgorithmP2PCollector,2,200,6,80,1,nearest,1,4,1,true,page-rank,page-rank,SPATIAL_IMBALANCE,4,116264429,Client Waiting Time [min],0.03,10.45,0.83,62.17,75,10.42
2026-05-19T10:02:16.693326500Z,TaxiAlgorithmP2PCollector,2,200,6,80,1,nearest,1,4,1,true,page-rank,page-rank,SPATIAL_IMBALANCE,4,116264429,Client Travel Time [min],10.0,722.0,88.3,7064.0,80,712.0
2026-05-19T10:02:16.693326500Z,TaxiAlgorithmP2PCollector,2,200,6,80,1,nearest,1,4,1,true,page-rank,page-rank,SPATIAL_IMBALANCE,4,116264429,Calculation Time [millis],0.0,1.0,0.01,41.0,4389,1.0
2026-05-19T10:02:16.693326500Z,TaxiAlgorithmP2PCollector,2,200,6,80,1,nearest,1,4,1,true,page-rank,page-rank,SPATIAL_IMBALANCE,4,116264429,Custom Time [micros],0.0,0.0,0.0,0.0,4389,0.0
2026-05-19T10:02:16.800837800Z,TaxiAlgorithmP2PCollector,2,200,6,80,1,nearest,1,4,1,true,page-rank,page-rank,SPATIAL_IMBALANCE,5,116264430,Taxi Travel Distance [km],6.27,21.85,10.1,60.59,6,15.580000000000002
2026-05-19T10:02:16.800837800Z,TaxiAlgorithmP2PCollector,2,200,6,80,1,nearest,1,4,1,true,page-rank,page-rank,SPATIAL_IMBALANCE,5,116264430,Client Waiting Time [min],0.05,7.18,0.85,64.43,76,7.13
2026-05-19T10:02:16.800837800Z,TaxiAlgorithmP2PCollector,2,200,6,80,1,nearest,1,4,1,true,page-rank,page-rank,SPATIAL_IMBALANCE,5,116264430,Client Travel Time [min],8.0,440.0,76.38,6110.0,80,432.0
2026-05-19T10:02:16.800837800Z,TaxiAlgorithmP2PCollector,2,200,6,80,1,nearest,1,4,1,true,page-rank,page-rank,SPATIAL_IMBALANCE,5,116264430,Calculation Time [millis],0.0,0.0,0.01,32.0,3947,0.0
2026-05-19T10:02:16.800837800Z,TaxiAlgorithmP2PCollector,2,200,6,80,1,nearest,1,4,1,true,page-rank,page-rank,SPATIAL_IMBALANCE,5,116264430,Custom Time [micros],0.0,0.0,0.0,0.0,3947,0.0
2026-05-19T10:02:16.910839100Z,TaxiAlgorithmP2PCollector,2,200,6,80,1,nearest,1,4,1,true,page-rank,page-rank,SPATIAL_IMBALANCE,6,116264431,Taxi Travel Distance [km],4.54,25.41,10.41,62.43,6,20.87
2026-05-19T10:02:16.910839100Z,TaxiAlgorithmP2PCollector,2,200,6,80,1,nearest,1,4,1,true,page-rank,page-rank,SPATIAL_IMBALANCE,6,116264431,Client Waiting Time [min],0.05,8.75,1.02,77.75,76,8.7
2026-05-19T10:02:16.910839100Z,TaxiAlgorithmP2PCollector,2,200,6,80,1,nearest,1,4,1,true,page-rank,page-rank,SPATIAL_IMBALANCE,6,116264431,Client Travel Time [min],8.0,711.0,90.7,7256.0,80,703.0
2026-05-19T10:02:16.910839100Z,TaxiAlgorithmP2PCollector,2,200,6,80,1,nearest,1,4,1,true,page-rank,page-rank,SPATIAL_IMBALANCE,6,116264431,Calculation Time [millis],0.0,0.0,0.01,39.0,4037,0.0
2026-05-19T10:02:16.910839100Z,TaxiAlgorithmP2PCollector,2,200,6,80,1,nearest,1,4,1,true,page-rank,page-rank,SPATIAL_IMBALANCE,6,116264431,Custom Time [micros],0.0,0.0,0.0,0.0,4037,0.0
2026-05-19T10:02:17.021837400Z,TaxiAlgorithmP2PCollector,2,200,6,80,1,nearest,1,4,1,true,page-rank,page-rank,SPATIAL_IMBALANCE,7,116264432,Taxi Travel Distance [km],6.33,26.42,11.08,66.47,6,20.090000000000003
2026-05-19T10:02:17.021837400Z,TaxiAlgorithmP2PCollector,2,200,6,80,1,nearest,1,4,1,true,page-rank,page-rank,SPATIAL_IMBALANCE,7,116264432,Client Waiting Time [min],0.03,5.82,0.77,55.18,72,5.79
2026-05-19T10:02:17.021837400Z,TaxiAlgorithmP2PCollector,2,200,6,80,1,nearest,1,4,1,true,page-rank,page-rank,SPATIAL_IMBALANCE,7,116264432,Client Travel Time [min],12.0,499.0,83.9,6712.0,80,487.0
2026-05-19T10:02:17.021837400Z,TaxiAlgorithmP2PCollector,2,200,6,80,1,nearest,1,4,1,true,page-rank,page-rank,SPATIAL_IMBALANCE,7,116264432,Calculation Time [millis],0.0,0.0,0.01,38.0,4226,0.0
2026-05-19T10:02:17.021837400Z,TaxiAlgorithmP2PCollector,2,200,6,80,1,nearest,1,4,1,true,page-rank,page-rank,SPATIAL_IMBALANCE,7,116264432,Custom Time [micros],0.0,0.0,0.0,0.0,4226,0.0
2026-05-19T10:02:17.129839500Z,TaxiAlgorithmP2PCollector,2,200,6,80,1,nearest,1,4,1,true,page-rank,page-rank,SPATIAL_IMBALANCE,8,116264433,Taxi Travel Distance [km],6.37,21.48,11.42,68.54,6,15.11
2026-05-19T10:02:17.129839500Z,TaxiAlgorithmP2PCollector,2,200,6,80,1,nearest,1,4,1,true,page-rank,page-rank,SPATIAL_IMBALANCE,8,116264433,Client Waiting Time [min],0.03,5.45,0.78,58.27,75,5.42
2026-05-19T10:02:17.129839500Z,TaxiAlgorithmP2PCollector,2,200,6,80,1,nearest,1,4,1,true,page-rank,page-rank,SPATIAL_IMBALANCE,8,116264433,Client Travel Time [min],7.0,688.0,90.03,7202.0,80,681.0
2026-05-19T10:02:17.129839500Z,TaxiAlgorithmP2PCollector,2,200,6,80,1,nearest,1,4,1,true,page-rank,page-rank,SPATIAL_IMBALANCE,8,116264433,Calculation Time [millis],0.0,0.0,0.01,35.0,4096,0.0
2026-05-19T10:02:17.129839500Z,TaxiAlgorithmP2PCollector,2,200,6,80,1,nearest,1,4,1,true,page-rank,page-rank,SPATIAL_IMBALANCE,8,116264433,Custom Time [micros],0.0,0.0,0.0,0.0,4096,0.0
2026-05-19T10:02:17.238814500Z,TaxiAlgorithmP2PCollector,2,200,6,80,1,nearest,1,4,1,true,page-rank,page-rank,SPATIAL_IMBALANCE,9,116264434,Taxi Travel Distance [km],4.87,22.34,9.88,59.27,6,17.47
2026-05-19T10:02:17.238814500Z,TaxiAlgorithmP2PCollector,2,200,6,80,1,nearest,1,4,1,true,page-rank,page-rank,SPATIAL_IMBALANCE,9,116264434,Client Waiting Time [min],0.03,5.13,0.52,39.1,75,5.1
2026-05-19T10:02:17.238814500Z,TaxiAlgorithmP2PCollector,2,200,6,80,1,nearest,1,4,1,true,page-rank,page-rank,SPATIAL_IMBALANCE,9,116264434,Client Travel Time [min],10.0,341.0,57.9,4632.0,80,331.0
2026-05-19T10:02:17.238814500Z,TaxiAlgorithmP2PCollector,2,200,6,80,1,nearest,1,4,1,true,page-rank,page-rank,SPATIAL_IMBALANCE,9,116264434,Calculation Time [millis],0.0,0.0,0.01,23.0,4019,0.0
2026-05-19T10:02:17.238814500Z,TaxiAlgorithmP2PCollector,2,200,6,80,1,nearest,1,4,1,true,page-rank,page-rank,SPATIAL_IMBALANCE,9,116264434,Custom Time [micros],0.0,0.0,0.0,0.0,4019,0.0
2026-05-19T10:02:17.333817300Z,TaxiAlgorithmP2PCollector,2,200,6,80,1,nearest,1,4,1,true,page-rank,page-rank,SPATIAL_IMBALANCE,10,116264435,Taxi Travel Distance [km],4.19,23.74,9.66,57.98,6,19.549999999999997
2026-05-19T10:02:17.333817300Z,TaxiAlgorithmP2PCollector,2,200,6,80,1,nearest,1,4,1,true,page-rank,page-rank,SPATIAL_IMBALANCE,10,116264435,Client Waiting Time [min],0.05,6.22,0.49,34.85,71,6.17
2026-05-19T10:02:17.333817300Z,TaxiAlgorithmP2PCollector,2,200,6,80,1,nearest,1,4,1,true,page-rank,page-rank,SPATIAL_IMBALANCE,10,116264435,Client Travel Time [min],9.0,586.0,82.25,6580.0,80,577.0
2026-05-19T10:02:17.333817300Z,TaxiAlgorithmP2PCollector,2,200,6,80,1,nearest,1,4,1,true,page-rank,page-rank,SPATIAL_IMBALANCE,10,116264435,Calculation Time [millis],0.0,0.0,0.01,36.0,4036,0.0
2026-05-19T10:02:17.333817300Z,TaxiAlgorithmP2PCollector,2,200,6,80,1,nearest,1,4,1,true,page-rank,page-rank,SPATIAL_IMBALANCE,10,116264435,Custom Time [micros],0.0,0.0,0.0,0.0,4036,0.0
2026-05-19T10:02:17.442816600Z,TaxiAlgorithmP2PCollector,2,200,6,80,1,nearest,1,4,1,true,page-rank,page-rank,SPATIAL_ISLANDS,1,116264426,Taxi Travel Distance [km],2.22,16.08,8.84,53.02,6,13.859999999999998
2026-05-19T10:02:17.442816600Z,TaxiAlgorithmP2PCollector,2,200,6,80,1,nearest,1,4,1,true,page-rank,page-rank,SPATIAL_ISLANDS,1,116264426,Client Waiting Time [min],0.03,9.85,1.11,75.42,68,9.82
2026-05-19T10:02:17.442816600Z,TaxiAlgorithmP2PCollector,2,200,6,80,1,nearest,1,4,1,true,page-rank,page-rank,SPATIAL_ISLANDS,1,116264426,Client Travel Time [min],9.0,602.0,123.53,9882.0,80,593.0
2026-05-19T10:02:17.442816600Z,TaxiAlgorithmP2PCollector,2,200,6,80,1,nearest,1,4,1,true,page-rank,page-rank,SPATIAL_ISLANDS,1,116264426,Calculation Time [millis],0.0,0.0,0.01,37.0,4270,0.0
2026-05-19T10:02:17.442816600Z,TaxiAlgorithmP2PCollector,2,200,6,80,1,nearest,1,4,1,true,page-rank,page-rank,SPATIAL_ISLANDS,1,116264426,Custom Time [micros],0.0,0.0,0.0,0.0,4270,0.0
2026-05-19T10:02:17.550814600Z,TaxiAlgorithmP2PCollector,2,200,6,80,1,nearest,1,4,1,true,page-rank,page-rank,SPATIAL_ISLANDS,2,116264427,Taxi Travel Distance [km],6.29,11.01,8.92,53.53,6,4.72
2026-05-19T10:02:17.550814600Z,TaxiAlgorithmP2PCollector,2,200,6,80,1,nearest,1,4,1,true,page-rank,page-rank,SPATIAL_ISLANDS,2,116264427,Client Waiting Time [min],0.03,10.4,1.06,70.0,66,10.370000000000001
2026-05-19T10:02:17.550814600Z,TaxiAlgorithmP2PCollector,2,200,6,80,1,nearest,1,4,1,true,page-rank,page-rank,SPATIAL_ISLANDS,2,116264427,Client Travel Time [min],12.0,796.0,146.59,11727.0,80,784.0
2026-05-19T10:02:17.550814600Z,TaxiAlgorithmP2PCollector,2,200,6,80,1,nearest,1,4,1,true,page-rank,page-rank,SPATIAL_ISLANDS,2,116264427,Calculation Time [millis],0.0,1.0,0.01,37.0,4685,1.0
2026-05-19T10:02:17.550814600Z,TaxiAlgorithmP2PCollector,2,200,6,80,1,nearest,1,4,1,true,page-rank,page-rank,SPATIAL_ISLANDS,2,116264427,Custom Time [micros],0.0,0.0,0.0,0.0,4685,0.0
2026-05-19T10:02:17.658814300Z,TaxiAlgorithmP2PCollector,2,200,6,80,1,nearest,1,4,1,true,page-rank,page-rank,SPATIAL_ISLANDS,3,116264428,Taxi Travel Distance [km],5.27,16.99,9.9,59.4,6,11.719999999999999
2026-05-19T10:02:17.658814300Z,TaxiAlgorithmP2PCollector,2,200,6,80,1,nearest,1,4,1,true,page-rank,page-rank,SPATIAL_ISLANDS,3,116264428,Client Waiting Time [min],0.03,12.3,1.24,86.92,70,12.270000000000001
2026-05-19T10:02:17.658814300Z,TaxiAlgorithmP2PCollector,2,200,6,80,1,nearest,1,4,1,true,page-rank,page-rank,SPATIAL_ISLANDS,3,116264428,Client Travel Time [min],10.0,740.0,129.18,10334.0,80,730.0
2026-05-19T10:02:17.658814300Z,TaxiAlgorithmP2PCollector,2,200,6,80,1,nearest,1,4,1,true,page-rank,page-rank,SPATIAL_ISLANDS,3,116264428,Calculation Time [millis],0.0,0.0,0.01,40.0,4517,0.0
2026-05-19T10:02:17.658814300Z,TaxiAlgorithmP2PCollector,2,200,6,80,1,nearest,1,4,1,true,page-rank,page-rank,SPATIAL_ISLANDS,3,116264428,Custom Time [micros],0.0,0.0,0.0,0.0,4517,0.0
2026-05-19T10:02:17.766814900Z,TaxiAlgorithmP2PCollector,2,200,6,80,1,nearest,1,4,1,true,page-rank,page-rank,SPATIAL_ISLANDS,4,116264429,Taxi Travel Distance [km],4.98,21.75,10.65,63.89,6,16.77
2026-05-19T10:02:17.766814900Z,TaxiAlgorithmP2PCollector,2,200,6,80,1,nearest,1,4,1,true,page-rank,page-rank,SPATIAL_ISLANDS,4,116264429,Client Waiting Time [min],0.03,8.97,0.95,72.25,76,8.940000000000001
2026-05-19T10:02:17.766814900Z,TaxiAlgorithmP2PCollector,2,200,6,80,1,nearest,1,4,1,true,page-rank,page-rank,SPATIAL_ISLANDS,4,116264429,Client Travel Time [min],7.0,542.0,90.34,7227.0,80,535.0
2026-05-19T10:02:17.766814900Z,TaxiAlgorithmP2PCollector,2,200,6,80,1,nearest,1,4,1,true,page-rank,page-rank,SPATIAL_ISLANDS,4,116264429,Calculation Time [millis],0.0,0.0,0.01,35.0,4197,0.0
2026-05-19T10:02:17.766814900Z,TaxiAlgorithmP2PCollector,2,200,6,80,1,nearest,1,4,1,true,page-rank,page-rank,SPATIAL_ISLANDS,4,116264429,Custom Time [micros],0.0,0.0,0.0,0.0,4197,0.0
2026-05-19T10:02:17.873816600Z,TaxiAlgorithmP2PCollector,2,200,6,80,1,nearest,1,4,1,true,page-rank,page-rank,SPATIAL_ISLANDS,5,116264430,Taxi Travel Distance [km],5.7,18.39,10.04,60.22,6,12.690000000000001
2026-05-19T10:02:17.873816600Z,TaxiAlgorithmP2PCollector,2,200,6,80,1,nearest,1,4,1,true,page-rank,page-rank,SPATIAL_ISLANDS,5,116264430,Client Waiting Time [min],0.03,9.25,1.11,83.55,75,9.22
2026-05-19T10:02:17.873816600Z,TaxiAlgorithmP2PCollector,2,200,6,80,1,nearest,1,4,1,true,page-rank,page-rank,SPATIAL_ISLANDS,5,116264430,Client Travel Time [min],7.0,557.0,103.6,8288.0,80,550.0
2026-05-19T10:02:17.873816600Z,TaxiAlgorithmP2PCollector,2,200,6,80,1,nearest,1,4,1,true,page-rank,page-rank,SPATIAL_ISLANDS,5,116264430,Calculation Time [millis],0.0,1.0,0.01,40.0,4392,1.0
2026-05-19T10:02:17.873816600Z,TaxiAlgorithmP2PCollector,2,200,6,80,1,nearest,1,4,1,true,page-rank,page-rank,SPATIAL_ISLANDS,5,116264430,Custom Time [micros],0.0,0.0,0.0,0.0,4392,0.0
2026-05-19T10:02:17.966815500Z,TaxiAlgorithmP2PCollector,2,200,6,80,1,nearest,1,4,1,true,page-rank,page-rank,SPATIAL_ISLANDS,6,116264431,Taxi Travel Distance [km],5.53,16.83,10.46,62.73,6,11.299999999999997
2026-05-19T10:02:17.966815500Z,TaxiAlgorithmP2PCollector,2,200,6,80,1,nearest,1,4,1,true,page-rank,page-rank,SPATIAL_ISLANDS,6,116264431,Client Waiting Time [min],0.03,4.53,0.46,35.22,76,4.5
2026-05-19T10:02:17.966815500Z,TaxiAlgorithmP2PCollector,2,200,6,80,1,nearest,1,4,1,true,page-rank,page-rank,SPATIAL_ISLANDS,6,116264431,Client Travel Time [min],5.0,301.0,55.98,4478.0,80,296.0
2026-05-19T10:02:17.966815500Z,TaxiAlgorithmP2PCollector,2,200,6,80,1,nearest,1,4,1,true,page-rank,page-rank,SPATIAL_ISLANDS,6,116264431,Calculation Time [millis],0.0,0.0,0.01,23.0,3961,0.0
2026-05-19T10:02:17.966815500Z,TaxiAlgorithmP2PCollector,2,200,6,80,1,nearest,1,4,1,true,page-rank,page-rank,SPATIAL_ISLANDS,6,116264431,Custom Time [micros],0.0,0.0,0.0,0.0,3961,0.0
2026-05-19T10:02:18.089814900Z,TaxiAlgorithmP2PCollector,2,200,6,80,1,nearest,1,4,1,true,page-rank,page-rank,SPATIAL_ISLANDS,7,116264432,Taxi Travel Distance [km],5.59,12.24,9.09,54.55,6,6.65
2026-05-19T10:02:18.089814900Z,TaxiAlgorithmP2PCollector,2,200,6,80,1,nearest,1,4,1,true,page-rank,page-rank,SPATIAL_ISLANDS,7,116264432,Client Waiting Time [min],0.03,11.53,0.83,55.92,67,11.5
2026-05-19T10:02:18.089814900Z,TaxiAlgorithmP2PCollector,2,200,6,80,1,nearest,1,4,1,true,page-rank,page-rank,SPATIAL_ISLANDS,7,116264432,Client Travel Time [min],8.0,891.0,133.25,10660.0,80,883.0
2026-05-19T10:02:18.089814900Z,TaxiAlgorithmP2PCollector,2,200,6,80,1,nearest,1,4,1,true,page-rank,page-rank,SPATIAL_ISLANDS,7,116264432,Calculation Time [millis],0.0,0.0,0.01,31.0,4457,0.0
2026-05-19T10:02:18.089814900Z,TaxiAlgorithmP2PCollector,2,200,6,80,1,nearest,1,4,1,true,page-rank,page-rank,SPATIAL_ISLANDS,7,116264432,Custom Time [micros],0.0,0.0,0.0,0.0,4457,0.0
2026-05-19T10:02:18.195814900Z,TaxiAlgorithmP2PCollector,2,200,6,80,1,nearest,1,4,1,true,page-rank,page-rank,SPATIAL_ISLANDS,8,116264433,Taxi Travel Distance [km],4.42,22.35,10.22,61.31,6,17.93
2026-05-19T10:02:18.195814900Z,TaxiAlgorithmP2PCollector,2,200,6,80,1,nearest,1,4,1,true,page-rank,page-rank,SPATIAL_ISLANDS,8,116264433,Client Waiting Time [min],0.03,12.5,1.67,123.87,74,12.47
2026-05-19T10:02:18.195814900Z,TaxiAlgorithmP2PCollector,2,200,6,80,1,nearest,1,4,1,true,page-rank,page-rank,SPATIAL_ISLANDS,8,116264433,Client Travel Time [min],14.0,755.0,137.14,10971.0,80,741.0
2026-05-19T10:02:18.195814900Z,TaxiAlgorithmP2PCollector,2,200,6,80,1,nearest,1,4,1,true,page-rank,page-rank,SPATIAL_ISLANDS,8,116264433,Calculation Time [millis],0.0,0.0,0.01,40.0,4004,0.0
2026-05-19T10:02:18.195814900Z,TaxiAlgorithmP2PCollector,2,200,6,80,1,nearest,1,4,1,true,page-rank,page-rank,SPATIAL_ISLANDS,8,116264433,Custom Time [micros],0.0,0.0,0.0,0.0,4004,0.0
2026-05-19T10:02:18.305814400Z,TaxiAlgorithmP2PCollector,2,200,6,80,1,nearest,1,4,1,true,page-rank,page-rank,SPATIAL_ISLANDS,9,116264434,Taxi Travel Distance [km],3.71,19.71,9.66,57.96,6,16.0
2026-05-19T10:02:18.305814400Z,TaxiAlgorithmP2PCollector,2,200,6,80,1,nearest,1,4,1,true,page-rank,page-rank,SPATIAL_ISLANDS,9,116264434,Client Waiting Time [min],0.03,11.67,1.1,81.48,74,11.64
2026-05-19T10:02:18.305814400Z,TaxiAlgorithmP2PCollector,2,200,6,80,1,nearest,1,4,1,true,page-rank,page-rank,SPATIAL_ISLANDS,9,116264434,Client Travel Time [min],6.0,912.0,110.49,8839.0,80,906.0
2026-05-19T10:02:18.305814400Z,TaxiAlgorithmP2PCollector,2,200,6,80,1,nearest,1,4,1,true,page-rank,page-rank,SPATIAL_ISLANDS,9,116264434,Calculation Time [millis],0.0,0.0,0.01,42.0,4517,0.0
2026-05-19T10:02:18.305814400Z,TaxiAlgorithmP2PCollector,2,200,6,80,1,nearest,1,4,1,true,page-rank,page-rank,SPATIAL_ISLANDS,9,116264434,Custom Time [micros],0.0,0.0,0.0,0.0,4517,0.0
2026-05-19T10:02:18.414815500Z,TaxiAlgorithmP2PCollector,2,200,6,80,1,nearest,1,4,1,true,page-rank,page-rank,SPATIAL_ISLANDS,10,116264435,Taxi Travel Distance [km],4.86,15.19,10.55,63.32,6,10.329999999999998
2026-05-19T10:02:18.414815500Z,TaxiAlgorithmP2PCollector,2,200,6,80,1,nearest,1,4,1,true,page-rank,page-rank,SPATIAL_ISLANDS,10,116264435,Client Waiting Time [min],0.03,3.75,0.46,34.28,74,3.72
2026-05-19T10:02:18.414815500Z,TaxiAlgorithmP2PCollector,2,200,6,80,1,nearest,1,4,1,true,page-rank,page-rank,SPATIAL_ISLANDS,10,116264435,Client Travel Time [min],12.0,572.0,65.61,5249.0,80,560.0
2026-05-19T10:02:18.414815500Z,TaxiAlgorithmP2PCollector,2,200,6,80,1,nearest,1,4,1,true,page-rank,page-rank,SPATIAL_ISLANDS,10,116264435,Calculation Time [millis],0.0,1.0,0.01,31.0,4278,1.0
2026-05-19T10:02:18.414815500Z,TaxiAlgorithmP2PCollector,2,200,6,80,1,nearest,1,4,1,true,page-rank,page-rank,SPATIAL_ISLANDS,10,116264435,Custom Time [micros],0.0,0.0,0.0,0.0,4278,0.0
2026-05-19T10:02:18.492816800Z,TaxiAlgorithmSinglePassenger,0,-1,6,80,1,n/a,-1,-1,-1,false,n/a,n/a,BASELINE,1,116264426,Taxi Travel Distance [km],4.43,16.56,9.89,59.32,6,12.129999999999999
2026-05-19T10:02:18.492816800Z,TaxiAlgorithmSinglePassenger,0,-1,6,80,1,n/a,-1,-1,-1,false,n/a,n/a,BASELINE,1,116264426,Client Waiting Time [min],0.05,0.58,0.22,17.72,80,0.5299999999999999
2026-05-19T10:02:18.492816800Z,TaxiAlgorithmSinglePassenger,0,-1,6,80,1,n/a,-1,-1,-1,false,n/a,n/a,BASELINE,1,116264426,Client Travel Time [min],8.0,71.0,35.23,2818.0,80,63.0
2026-05-19T10:02:18.492816800Z,TaxiAlgorithmSinglePassenger,0,-1,6,80,1,n/a,-1,-1,-1,false,n/a,n/a,BASELINE,1,116264426,Calculation Time [millis],0.0,1.0,0.0,3.0,4012,1.0
2026-05-19T10:02:18.492816800Z,TaxiAlgorithmSinglePassenger,0,-1,6,80,1,n/a,-1,-1,-1,false,n/a,n/a,BASELINE,1,116264426,Custom Time [micros],0.0,0.0,0.0,0.0,4012,0.0
2026-05-19T10:02:18.585814700Z,TaxiAlgorithmSinglePassenger,0,-1,6,80,1,n/a,-1,-1,-1,false,n/a,n/a,BASELINE,2,116264427,Taxi Travel Distance [km],7.1,12.01,9.17,55.03,6,4.91
2026-05-19T10:02:18.585814700Z,TaxiAlgorithmSinglePassenger,0,-1,6,80,1,n/a,-1,-1,-1,false,n/a,n/a,BASELINE,2,116264427,Client Waiting Time [min],0.03,0.53,0.2,16.02,80,0.5
2026-05-19T10:02:18.585814700Z,TaxiAlgorithmSinglePassenger,0,-1,6,80,1,n/a,-1,-1,-1,false,n/a,n/a,BASELINE,2,116264427,Client Travel Time [min],10.0,69.0,33.0,2640.0,80,59.0
2026-05-19T10:02:18.585814700Z,TaxiAlgorithmSinglePassenger,0,-1,6,80,1,n/a,-1,-1,-1,false,n/a,n/a,BASELINE,2,116264427,Calculation Time [millis],0.0,0.0,0.0,1.0,3976,0.0
2026-05-19T10:02:18.585814700Z,TaxiAlgorithmSinglePassenger,0,-1,6,80,1,n/a,-1,-1,-1,false,n/a,n/a,BASELINE,2,116264427,Custom Time [micros],0.0,0.0,0.0,0.0,3976,0.0
2026-05-19T10:02:18.648814400Z,TaxiAlgorithmSinglePassenger,0,-1,6,80,1,n/a,-1,-1,-1,false,n/a,n/a,BASELINE,3,116264428,Taxi Travel Distance [km],8.13,13.59,10.67,64.02,6,5.459999999999999
2026-05-19T10:02:18.648814400Z,TaxiAlgorithmSinglePassenger,0,-1,6,80,1,n/a,-1,-1,-1,false,n/a,n/a,BASELINE,3,116264428,Client Waiting Time [min],0.05,0.55,0.23,18.37,80,0.5
2026-05-19T10:02:18.648814400Z,TaxiAlgorithmSinglePassenger,0,-1,6,80,1,n/a,-1,-1,-1,false,n/a,n/a,BASELINE,3,116264428,Client Travel Time [min],14.0,66.0,37.91,3033.0,80,52.0
2026-05-19T10:02:18.648814400Z,TaxiAlgorithmSinglePassenger,0,-1,6,80,1,n/a,-1,-1,-1,false,n/a,n/a,BASELINE,3,116264428,Calculation Time [millis],0.0,0.0,0.0,1.0,3899,0.0
2026-05-19T10:02:18.648814400Z,TaxiAlgorithmSinglePassenger,0,-1,6,80,1,n/a,-1,-1,-1,false,n/a,n/a,BASELINE,3,116264428,Custom Time [micros],0.0,0.0,0.0,0.0,3899,0.0
2026-05-19T10:02:18.726816900Z,TaxiAlgorithmSinglePassenger,0,-1,6,80,1,n/a,-1,-1,-1,false,n/a,n/a,BASELINE,4,116264429,Taxi Travel Distance [km],6.14,13.62,10.31,61.83,6,7.4799999999999995
2026-05-19T10:02:18.726816900Z,TaxiAlgorithmSinglePassenger,0,-1,6,80,1,n/a,-1,-1,-1,false,n/a,n/a,BASELINE,4,116264429,Client Waiting Time [min],0.03,0.55,0.21,17.0,80,0.52
2026-05-19T10:02:18.726816900Z,TaxiAlgorithmSinglePassenger,0,-1,6,80,1,n/a,-1,-1,-1,false,n/a,n/a,BASELINE,4,116264429,Client Travel Time [min],11.0,73.0,36.71,2937.0,80,62.0
2026-05-19T10:02:18.726816900Z,TaxiAlgorithmSinglePassenger,0,-1,6,80,1,n/a,-1,-1,-1,false,n/a,n/a,BASELINE,4,116264429,Calculation Time [millis],0.0,0.0,0.0,1.0,3995,0.0
2026-05-19T10:02:18.726816900Z,TaxiAlgorithmSinglePassenger,0,-1,6,80,1,n/a,-1,-1,-1,false,n/a,n/a,BASELINE,4,116264429,Custom Time [micros],0.0,0.0,0.0,0.0,3995,0.0
2026-05-19T10:02:18.789816300Z,TaxiAlgorithmSinglePassenger,0,-1,6,80,1,n/a,-1,-1,-1,false,n/a,n/a,BASELINE,5,116264430,Taxi Travel Distance [km],6.82,12.37,11.16,66.96,6,5.549999999999999
2026-05-19T10:02:18.789816300Z,TaxiAlgorithmSinglePassenger,0,-1,6,80,1,n/a,-1,-1,-1,false,n/a,n/a,BASELINE,5,116264430,Client Waiting Time [min],0.03,0.55,0.26,20.77,80,0.52
2026-05-19T10:02:18.789816300Z,TaxiAlgorithmSinglePassenger,0,-1,6,80,1,n/a,-1,-1,-1,false,n/a,n/a,BASELINE,5,116264430,Client Travel Time [min],12.0,84.0,39.53,3162.0,80,72.0
2026-05-19T10:02:18.789816300Z,TaxiAlgorithmSinglePassenger,0,-1,6,80,1,n/a,-1,-1,-1,false,n/a,n/a,BASELINE,5,116264430,Calculation Time [millis],0.0,0.0,0.0,1.0,3976,0.0
2026-05-19T10:02:18.789816300Z,TaxiAlgorithmSinglePassenger,0,-1,6,80,1,n/a,-1,-1,-1,false,n/a,n/a,BASELINE,5,116264430,Custom Time [micros],0.0,0.0,0.0,0.0,3976,0.0
2026-05-19T10:02:18.853816700Z,TaxiAlgorithmSinglePassenger,0,-1,6,80,1,n/a,-1,-1,-1,false,n/a,n/a,BASELINE,6,116264431,Taxi Travel Distance [km],5.52,12.56,9.31,55.86,6,7.040000000000001
2026-05-19T10:02:18.853816700Z,TaxiAlgorithmSinglePassenger,0,-1,6,80,1,n/a,-1,-1,-1,false,n/a,n/a,BASELINE,6,116264431,Client Waiting Time [min],0.03,0.57,0.2,15.83,80,0.5399999999999999
2026-05-19T10:02:18.853816700Z,TaxiAlgorithmSinglePassenger,0,-1,6,80,1,n/a,-1,-1,-1,false,n/a,n/a,BASELINE,6,116264431,Client Travel Time [min],7.0,67.0,33.39,2671.0,80,60.0
2026-05-19T10:02:18.853816700Z,TaxiAlgorithmSinglePassenger,0,-1,6,80,1,n/a,-1,-1,-1,false,n/a,n/a,BASELINE,6,116264431,Calculation Time [millis],0.0,0.0,0.0,1.0,3984,0.0
2026-05-19T10:02:18.853816700Z,TaxiAlgorithmSinglePassenger,0,-1,6,80,1,n/a,-1,-1,-1,false,n/a,n/a,BASELINE,6,116264431,Custom Time [micros],0.0,0.0,0.0,0.0,3984,0.0
2026-05-19T10:02:18.915101300Z,TaxiAlgorithmSinglePassenger,0,-1,6,80,1,n/a,-1,-1,-1,false,n/a,n/a,BASELINE,7,116264432,Taxi Travel Distance [km],8.16,13.92,10.3,61.8,6,5.76
2026-05-19T10:02:18.915101300Z,TaxiAlgorithmSinglePassenger,0,-1,6,80,1,n/a,-1,-1,-1,false,n/a,n/a,BASELINE,7,116264432,Client Waiting Time [min],0.03,0.77,0.22,17.75,80,0.74
2026-05-19T10:02:18.915101300Z,TaxiAlgorithmSinglePassenger,0,-1,6,80,1,n/a,-1,-1,-1,false,n/a,n/a,BASELINE,7,116264432,Client Travel Time [min],6.0,80.0,36.76,2941.0,80,74.0
2026-05-19T10:02:18.915101300Z,TaxiAlgorithmSinglePassenger,0,-1,6,80,1,n/a,-1,-1,-1,false,n/a,n/a,BASELINE,7,116264432,Calculation Time [millis],0.0,0.0,0.0,2.0,4026,0.0
2026-05-19T10:02:18.915101300Z,TaxiAlgorithmSinglePassenger,0,-1,6,80,1,n/a,-1,-1,-1,false,n/a,n/a,BASELINE,7,116264432,Custom Time [micros],0.0,0.0,0.0,0.0,4026,0.0
2026-05-19T10:02:18.994105300Z,TaxiAlgorithmSinglePassenger,0,-1,6,80,1,n/a,-1,-1,-1,false,n/a,n/a,BASELINE,8,116264433,Taxi Travel Distance [km],7.17,13.65,11.0,66.01,6,6.48
2026-05-19T10:02:18.994105300Z,TaxiAlgorithmSinglePassenger,0,-1,6,80,1,n/a,-1,-1,-1,false,n/a,n/a,BASELINE,8,116264433,Client Waiting Time [min],0.03,0.62,0.23,18.15,80,0.59
2026-05-19T10:02:18.994105300Z,TaxiAlgorithmSinglePassenger,0,-1,6,80,1,n/a,-1,-1,-1,false,n/a,n/a,BASELINE,8,116264433,Client Travel Time [min],10.0,76.0,39.01,3121.0,80,66.0
2026-05-19T10:02:18.994105300Z,TaxiAlgorithmSinglePassenger,0,-1,6,80,1,n/a,-1,-1,-1,false,n/a,n/a,BASELINE,8,116264433,Calculation Time [millis],0.0,0.0,0.0,1.0,4023,0.0
2026-05-19T10:02:18.994105300Z,TaxiAlgorithmSinglePassenger,0,-1,6,80,1,n/a,-1,-1,-1,false,n/a,n/a,BASELINE,8,116264433,Custom Time [micros],0.0,0.0,0.0,0.0,4023,0.0
2026-05-19T10:02:19.056101200Z,TaxiAlgorithmSinglePassenger,0,-1,6,80,1,n/a,-1,-1,-1,false,n/a,n/a,BASELINE,9,116264434,Taxi Travel Distance [km],7.37,13.19,10.47,62.84,6,5.819999999999999
2026-05-19T10:02:19.056101200Z,TaxiAlgorithmSinglePassenger,0,-1,6,80,1,n/a,-1,-1,-1,false,n/a,n/a,BASELINE,9,116264434,Client Waiting Time [min],0.05,0.7,0.23,18.5,80,0.6499999999999999
2026-05-19T10:02:19.056101200Z,TaxiAlgorithmSinglePassenger,0,-1,6,80,1,n/a,-1,-1,-1,false,n/a,n/a,BASELINE,9,116264434,Client Travel Time [min],12.0,76.0,37.28,2982.0,80,64.0
2026-05-19T10:02:19.056101200Z,TaxiAlgorithmSinglePassenger,0,-1,6,80,1,n/a,-1,-1,-1,false,n/a,n/a,BASELINE,9,116264434,Calculation Time [millis],0.0,0.0,0.0,1.0,4031,0.0
2026-05-19T10:02:19.056101200Z,TaxiAlgorithmSinglePassenger,0,-1,6,80,1,n/a,-1,-1,-1,false,n/a,n/a,BASELINE,9,116264434,Custom Time [micros],0.0,0.0,0.0,0.0,4031,0.0
2026-05-19T10:02:19.118103100Z,TaxiAlgorithmSinglePassenger,0,-1,6,80,1,n/a,-1,-1,-1,false,n/a,n/a,BASELINE,10,116264435,Taxi Travel Distance [km],5.66,16.96,10.01,60.03,6,11.3
2026-05-19T10:02:19.118103100Z,TaxiAlgorithmSinglePassenger,0,-1,6,80,1,n/a,-1,-1,-1,false,n/a,n/a,BASELINE,10,116264435,Client Waiting Time [min],0.03,0.62,0.22,17.28,80,0.59
2026-05-19T10:02:19.118103100Z,TaxiAlgorithmSinglePassenger,0,-1,6,80,1,n/a,-1,-1,-1,false,n/a,n/a,BASELINE,10,116264435,Client Travel Time [min],9.0,70.0,35.74,2859.0,80,61.0
2026-05-19T10:02:19.118103100Z,TaxiAlgorithmSinglePassenger,0,-1,6,80,1,n/a,-1,-1,-1,false,n/a,n/a,BASELINE,10,116264435,Calculation Time [millis],0.0,0.0,0.0,1.0,4011,0.0
2026-05-19T10:02:19.118103100Z,TaxiAlgorithmSinglePassenger,0,-1,6,80,1,n/a,-1,-1,-1,false,n/a,n/a,BASELINE,10,116264435,Custom Time [micros],0.0,0.0,0.0,0.0,4011,0.0
2026-05-19T10:02:19.180103300Z,TaxiAlgorithmSinglePassenger,0,-1,6,80,1,n/a,-1,-1,-1,false,n/a,n/a,RUSH_HOUR,1,116264426,Taxi Travel Distance [km],9.68,14.11,10.96,65.78,6,4.43
2026-05-19T10:02:19.180103300Z,TaxiAlgorithmSinglePassenger,0,-1,6,80,1,n/a,-1,-1,-1,false,n/a,n/a,RUSH_HOUR,1,116264426,Client Waiting Time [min],0.05,0.68,0.27,21.2,80,0.63
2026-05-19T10:02:19.180103300Z,TaxiAlgorithmSinglePassenger,0,-1,6,80,1,n/a,-1,-1,-1,false,n/a,n/a,RUSH_HOUR,1,116264426,Client Travel Time [min],8.0,93.0,39.23,3138.0,80,85.0
2026-05-19T10:02:19.180103300Z,TaxiAlgorithmSinglePassenger,0,-1,6,80,1,n/a,-1,-1,-1,false,n/a,n/a,RUSH_HOUR,1,116264426,Calculation Time [millis],0.0,0.0,0.0,1.0,3820,0.0
2026-05-19T10:02:19.180103300Z,TaxiAlgorithmSinglePassenger,0,-1,6,80,1,n/a,-1,-1,-1,false,n/a,n/a,RUSH_HOUR,1,116264426,Custom Time [micros],0.0,0.0,0.0,0.0,3820,0.0
2026-05-19T10:02:19.228103700Z,TaxiAlgorithmSinglePassenger,0,-1,6,80,1,n/a,-1,-1,-1,false,n/a,n/a,RUSH_HOUR,2,116264427,Taxi Travel Distance [km],6.99,14.26,10.17,61.03,6,7.27
2026-05-19T10:02:19.228103700Z,TaxiAlgorithmSinglePassenger,0,-1,6,80,1,n/a,-1,-1,-1,false,n/a,n/a,RUSH_HOUR,2,116264427,Client Waiting Time [min],0.03,0.67,0.23,18.38,80,0.64
2026-05-19T10:02:19.228103700Z,TaxiAlgorithmSinglePassenger,0,-1,6,80,1,n/a,-1,-1,-1,false,n/a,n/a,RUSH_HOUR,2,116264427,Client Travel Time [min],8.0,77.0,36.25,2900.0,80,69.0
2026-05-19T10:02:19.228103700Z,TaxiAlgorithmSinglePassenger,0,-1,6,80,1,n/a,-1,-1,-1,false,n/a,n/a,RUSH_HOUR,2,116264427,Calculation Time [millis],0.0,0.0,0.0,1.0,3705,0.0
2026-05-19T10:02:19.228103700Z,TaxiAlgorithmSinglePassenger,0,-1,6,80,1,n/a,-1,-1,-1,false,n/a,n/a,RUSH_HOUR,2,116264427,Custom Time [micros],0.0,0.0,0.0,0.0,3705,0.0
2026-05-19T10:02:19.289102900Z,TaxiAlgorithmSinglePassenger,0,-1,6,80,1,n/a,-1,-1,-1,false,n/a,n/a,RUSH_HOUR,3,116264428,Taxi Travel Distance [km],9.65,13.34,11.6,69.61,6,3.6899999999999995
2026-05-19T10:02:19.289102900Z,TaxiAlgorithmSinglePassenger,0,-1,6,80,1,n/a,-1,-1,-1,false,n/a,n/a,RUSH_HOUR,3,116264428,Client Waiting Time [min],0.05,0.63,0.26,20.77,80,0.58
2026-05-19T10:02:19.289102900Z,TaxiAlgorithmSinglePassenger,0,-1,6,80,1,n/a,-1,-1,-1,false,n/a,n/a,RUSH_HOUR,3,116264428,Client Travel Time [min],12.0,71.0,41.2,3296.0,80,59.0
2026-05-19T10:02:19.289102900Z,TaxiAlgorithmSinglePassenger,0,-1,6,80,1,n/a,-1,-1,-1,false,n/a,n/a,RUSH_HOUR,3,116264428,Calculation Time [millis],0.0,0.0,0.0,1.0,3997,0.0
2026-05-19T10:02:19.289102900Z,TaxiAlgorithmSinglePassenger,0,-1,6,80,1,n/a,-1,-1,-1,false,n/a,n/a,RUSH_HOUR,3,116264428,Custom Time [micros],0.0,0.0,0.0,0.0,3997,0.0
2026-05-19T10:02:19.351104Z,TaxiAlgorithmSinglePassenger,0,-1,6,80,1,n/a,-1,-1,-1,false,n/a,n/a,RUSH_HOUR,4,116264429,Taxi Travel Distance [km],8.89,12.41,11.07,66.45,6,3.5199999999999996
2026-05-19T10:02:19.351104Z,TaxiAlgorithmSinglePassenger,0,-1,6,80,1,n/a,-1,-1,-1,false,n/a,n/a,RUSH_HOUR,4,116264429,Client Waiting Time [min],0.03,0.73,0.28,22.07,80,0.7
2026-05-19T10:02:19.351104Z,TaxiAlgorithmSinglePassenger,0,-1,6,80,1,n/a,-1,-1,-1,false,n/a,n/a,RUSH_HOUR,4,116264429,Client Travel Time [min],9.0,74.0,40.21,3217.0,80,65.0
2026-05-19T10:02:19.351104Z,TaxiAlgorithmSinglePassenger,0,-1,6,80,1,n/a,-1,-1,-1,false,n/a,n/a,RUSH_HOUR,4,116264429,Calculation Time [millis],0.0,0.0,0.0,1.0,3849,0.0
2026-05-19T10:02:19.351104Z,TaxiAlgorithmSinglePassenger,0,-1,6,80,1,n/a,-1,-1,-1,false,n/a,n/a,RUSH_HOUR,4,116264429,Custom Time [micros],0.0,0.0,0.0,0.0,3849,0.0
2026-05-19T10:02:19.415104900Z,TaxiAlgorithmSinglePassenger,0,-1,6,80,1,n/a,-1,-1,-1,false,n/a,n/a,RUSH_HOUR,5,116264430,Taxi Travel Distance [km],9.75,14.06,11.29,67.72,6,4.3100000000000005
2026-05-19T10:02:19.415104900Z,TaxiAlgorithmSinglePassenger,0,-1,6,80,1,n/a,-1,-1,-1,false,n/a,n/a,RUSH_HOUR,5,116264430,Client Waiting Time [min],0.05,0.68,0.26,20.9,80,0.63
2026-05-19T10:02:19.415104900Z,TaxiAlgorithmSinglePassenger,0,-1,6,80,1,n/a,-1,-1,-1,false,n/a,n/a,RUSH_HOUR,5,116264430,Client Travel Time [min],14.0,76.0,40.15,3212.0,80,62.0
2026-05-19T10:02:19.415104900Z,TaxiAlgorithmSinglePassenger,0,-1,6,80,1,n/a,-1,-1,-1,false,n/a,n/a,RUSH_HOUR,5,116264430,Calculation Time [millis],0.0,0.0,0.0,1.0,3876,0.0
2026-05-19T10:02:19.415104900Z,TaxiAlgorithmSinglePassenger,0,-1,6,80,1,n/a,-1,-1,-1,false,n/a,n/a,RUSH_HOUR,5,116264430,Custom Time [micros],0.0,0.0,0.0,0.0,3876,0.0
2026-05-19T10:02:19.478101700Z,TaxiAlgorithmSinglePassenger,0,-1,6,80,1,n/a,-1,-1,-1,false,n/a,n/a,RUSH_HOUR,6,116264431,Taxi Travel Distance [km],6.85,13.36,10.95,65.72,6,6.51
2026-05-19T10:02:19.478101700Z,TaxiAlgorithmSinglePassenger,0,-1,6,80,1,n/a,-1,-1,-1,false,n/a,n/a,RUSH_HOUR,6,116264431,Client Waiting Time [min],0.03,1.03,0.27,21.65,80,1.0
2026-05-19T10:02:19.478101700Z,TaxiAlgorithmSinglePassenger,0,-1,6,80,1,n/a,-1,-1,-1,false,n/a,n/a,RUSH_HOUR,6,116264431,Client Travel Time [min],13.0,95.0,39.86,3189.0,80,82.0
2026-05-19T10:02:19.478101700Z,TaxiAlgorithmSinglePassenger,0,-1,6,80,1,n/a,-1,-1,-1,false,n/a,n/a,RUSH_HOUR,6,116264431,Calculation Time [millis],0.0,0.0,0.0,1.0,3802,0.0
2026-05-19T10:02:19.478101700Z,TaxiAlgorithmSinglePassenger,0,-1,6,80,1,n/a,-1,-1,-1,false,n/a,n/a,RUSH_HOUR,6,116264431,Custom Time [micros],0.0,0.0,0.0,0.0,3802,0.0
2026-05-19T10:02:19.540101500Z,TaxiAlgorithmSinglePassenger,0,-1,6,80,1,n/a,-1,-1,-1,false,n/a,n/a,RUSH_HOUR,7,116264432,Taxi Travel Distance [km],7.71,13.63,10.12,60.75,6,5.920000000000001
2026-05-19T10:02:19.540101500Z,TaxiAlgorithmSinglePassenger,0,-1,6,80,1,n/a,-1,-1,-1,false,n/a,n/a,RUSH_HOUR,7,116264432,Client Waiting Time [min],0.05,0.67,0.21,17.0,80,0.62
2026-05-19T10:02:19.540101500Z,TaxiAlgorithmSinglePassenger,0,-1,6,80,1,n/a,-1,-1,-1,false,n/a,n/a,RUSH_HOUR,7,116264432,Client Travel Time [min],8.0,69.0,36.1,2888.0,80,61.0
2026-05-19T10:02:19.540101500Z,TaxiAlgorithmSinglePassenger,0,-1,6,80,1,n/a,-1,-1,-1,false,n/a,n/a,RUSH_HOUR,7,116264432,Calculation Time [millis],0.0,0.0,0.0,1.0,3780,0.0
2026-05-19T10:02:19.540101500Z,TaxiAlgorithmSinglePassenger,0,-1,6,80,1,n/a,-1,-1,-1,false,n/a,n/a,RUSH_HOUR,7,116264432,Custom Time [micros],0.0,0.0,0.0,0.0,3780,0.0
2026-05-19T10:02:19.603103800Z,TaxiAlgorithmSinglePassenger,0,-1,6,80,1,n/a,-1,-1,-1,false,n/a,n/a,RUSH_HOUR,8,116264433,Taxi Travel Distance [km],5.59,16.37,12.0,71.98,6,10.780000000000001
2026-05-19T10:02:19.603103800Z,TaxiAlgorithmSinglePassenger,0,-1,6,80,1,n/a,-1,-1,-1,false,n/a,n/a,RUSH_HOUR,8,116264433,Client Waiting Time [min],0.07,0.8,0.29,23.25,80,0.73
2026-05-19T10:02:19.603103800Z,TaxiAlgorithmSinglePassenger,0,-1,6,80,1,n/a,-1,-1,-1,false,n/a,n/a,RUSH_HOUR,8,116264433,Client Travel Time [min],11.0,81.0,42.58,3406.0,80,70.0
2026-05-19T10:02:19.603103800Z,TaxiAlgorithmSinglePassenger,0,-1,6,80,1,n/a,-1,-1,-1,false,n/a,n/a,RUSH_HOUR,8,116264433,Calculation Time [millis],0.0,0.0,0.0,1.0,3888,0.0
2026-05-19T10:02:19.603103800Z,TaxiAlgorithmSinglePassenger,0,-1,6,80,1,n/a,-1,-1,-1,false,n/a,n/a,RUSH_HOUR,8,116264433,Custom Time [micros],0.0,0.0,0.0,0.0,3888,0.0
2026-05-19T10:02:19.667101100Z,TaxiAlgorithmSinglePassenger,0,-1,6,80,1,n/a,-1,-1,-1,false,n/a,n/a,RUSH_HOUR,9,116264434,Taxi Travel Distance [km],5.97,12.59,9.66,57.95,6,6.62
2026-05-19T10:02:19.667101100Z,TaxiAlgorithmSinglePassenger,0,-1,6,80,1,n/a,-1,-1,-1,false,n/a,n/a,RUSH_HOUR,9,116264434,Client Waiting Time [min],0.03,0.55,0.22,17.65,80,0.52
2026-05-19T10:02:19.667101100Z,TaxiAlgorithmSinglePassenger,0,-1,6,80,1,n/a,-1,-1,-1,false,n/a,n/a,RUSH_HOUR,9,116264434,Client Travel Time [min],10.0,70.0,34.53,2762.0,80,60.0
2026-05-19T10:02:19.667101100Z,TaxiAlgorithmSinglePassenger,0,-1,6,80,1,n/a,-1,-1,-1,false,n/a,n/a,RUSH_HOUR,9,116264434,Calculation Time [millis],0.0,0.0,0.0,1.0,3934,0.0
2026-05-19T10:02:19.667101100Z,TaxiAlgorithmSinglePassenger,0,-1,6,80,1,n/a,-1,-1,-1,false,n/a,n/a,RUSH_HOUR,9,116264434,Custom Time [micros],0.0,0.0,0.0,0.0,3934,0.0
2026-05-19T10:02:19.729121200Z,TaxiAlgorithmSinglePassenger,0,-1,6,80,1,n/a,-1,-1,-1,false,n/a,n/a,RUSH_HOUR,10,116264435,Taxi Travel Distance [km],4.93,13.47,9.82,58.92,6,8.540000000000001
2026-05-19T10:02:19.729121200Z,TaxiAlgorithmSinglePassenger,0,-1,6,80,1,n/a,-1,-1,-1,false,n/a,n/a,RUSH_HOUR,10,116264435,Client Waiting Time [min],0.05,0.62,0.23,18.33,80,0.57
2026-05-19T10:02:19.729121200Z,TaxiAlgorithmSinglePassenger,0,-1,6,80,1,n/a,-1,-1,-1,false,n/a,n/a,RUSH_HOUR,10,116264435,Client Travel Time [min],8.0,68.0,35.15,2812.0,80,60.0
2026-05-19T10:02:19.729121200Z,TaxiAlgorithmSinglePassenger,0,-1,6,80,1,n/a,-1,-1,-1,false,n/a,n/a,RUSH_HOUR,10,116264435,Calculation Time [millis],0.0,0.0,0.0,1.0,3902,0.0
2026-05-19T10:02:19.729121200Z,TaxiAlgorithmSinglePassenger,0,-1,6,80,1,n/a,-1,-1,-1,false,n/a,n/a,RUSH_HOUR,10,116264435,Custom Time [micros],0.0,0.0,0.0,0.0,3902,0.0
2026-05-19T10:02:19.791122800Z,TaxiAlgorithmSinglePassenger,0,-1,6,80,1,n/a,-1,-1,-1,false,n/a,n/a,SPATIAL_IMBALANCE,1,116264426,Taxi Travel Distance [km],3.16,18.58,10.08,60.48,6,15.419999999999998
2026-05-19T10:02:19.791122800Z,TaxiAlgorithmSinglePassenger,0,-1,6,80,1,n/a,-1,-1,-1,false,n/a,n/a,SPATIAL_IMBALANCE,1,116264426,Client Waiting Time [min],0.05,0.6,0.26,20.45,80,0.5499999999999999
2026-05-19T10:02:19.791122800Z,TaxiAlgorithmSinglePassenger,0,-1,6,80,1,n/a,-1,-1,-1,false,n/a,n/a,SPATIAL_IMBALANCE,1,116264426,Client Travel Time [min],13.0,87.0,35.91,2873.0,80,74.0
2026-05-19T10:02:19.791122800Z,TaxiAlgorithmSinglePassenger,0,-1,6,80,1,n/a,-1,-1,-1,false,n/a,n/a,SPATIAL_IMBALANCE,1,116264426,Calculation Time [millis],0.0,0.0,0.0,1.0,3934,0.0
2026-05-19T10:02:19.791122800Z,TaxiAlgorithmSinglePassenger,0,-1,6,80,1,n/a,-1,-1,-1,false,n/a,n/a,SPATIAL_IMBALANCE,1,116264426,Custom Time [micros],0.0,0.0,0.0,0.0,3934,0.0
2026-05-19T10:02:19.853153900Z,TaxiAlgorithmSinglePassenger,0,-1,6,80,1,n/a,-1,-1,-1,false,n/a,n/a,SPATIAL_IMBALANCE,2,116264427,Taxi Travel Distance [km],4.79,11.89,8.97,53.83,6,7.1000000000000005
2026-05-19T10:02:19.853153900Z,TaxiAlgorithmSinglePassenger,0,-1,6,80,1,n/a,-1,-1,-1,false,n/a,n/a,SPATIAL_IMBALANCE,2,116264427,Client Waiting Time [min],0.05,0.48,0.23,18.45,80,0.43
2026-05-19T10:02:19.853153900Z,TaxiAlgorithmSinglePassenger,0,-1,6,80,1,n/a,-1,-1,-1,false,n/a,n/a,SPATIAL_IMBALANCE,2,116264427,Client Travel Time [min],8.0,63.0,32.25,2580.0,80,55.0
2026-05-19T10:02:19.853153900Z,TaxiAlgorithmSinglePassenger,0,-1,6,80,1,n/a,-1,-1,-1,false,n/a,n/a,SPATIAL_IMBALANCE,2,116264427,Calculation Time [millis],0.0,0.0,0.0,1.0,3990,0.0
2026-05-19T10:02:19.853153900Z,TaxiAlgorithmSinglePassenger,0,-1,6,80,1,n/a,-1,-1,-1,false,n/a,n/a,SPATIAL_IMBALANCE,2,116264427,Custom Time [micros],0.0,0.0,0.0,0.0,3990,0.0
2026-05-19T10:02:19.913155600Z,TaxiAlgorithmSinglePassenger,0,-1,6,80,1,n/a,-1,-1,-1,false,n/a,n/a,SPATIAL_IMBALANCE,3,116264428,Taxi Travel Distance [km],3.53,16.06,11.12,66.74,6,12.53
2026-05-19T10:02:19.913155600Z,TaxiAlgorithmSinglePassenger,0,-1,6,80,1,n/a,-1,-1,-1,false,n/a,n/a,SPATIAL_IMBALANCE,3,116264428,Client Waiting Time [min],0.07,0.62,0.27,21.5,80,0.55
2026-05-19T10:02:19.913155600Z,TaxiAlgorithmSinglePassenger,0,-1,6,80,1,n/a,-1,-1,-1,false,n/a,n/a,SPATIAL_IMBALANCE,3,116264428,Client Travel Time [min],10.0,79.0,39.39,3151.0,80,69.0
2026-05-19T10:02:19.913155600Z,TaxiAlgorithmSinglePassenger,0,-1,6,80,1,n/a,-1,-1,-1,false,n/a,n/a,SPATIAL_IMBALANCE,3,116264428,Calculation Time [millis],0.0,0.0,0.0,1.0,3915,0.0
2026-05-19T10:02:19.913155600Z,TaxiAlgorithmSinglePassenger,0,-1,6,80,1,n/a,-1,-1,-1,false,n/a,n/a,SPATIAL_IMBALANCE,3,116264428,Custom Time [micros],0.0,0.0,0.0,0.0,3915,0.0
2026-05-19T10:02:19.975154300Z,TaxiAlgorithmSinglePassenger,0,-1,6,80,1,n/a,-1,-1,-1,false,n/a,n/a,SPATIAL_IMBALANCE,4,116264429,Taxi Travel Distance [km],6.89,14.1,9.58,57.5,6,7.21
2026-05-19T10:02:19.975154300Z,TaxiAlgorithmSinglePassenger,0,-1,6,80,1,n/a,-1,-1,-1,false,n/a,n/a,SPATIAL_IMBALANCE,4,116264429,Client Waiting Time [min],0.05,0.57,0.25,19.75,80,0.5199999999999999
2026-05-19T10:02:19.975154300Z,TaxiAlgorithmSinglePassenger,0,-1,6,80,1,n/a,-1,-1,-1,false,n/a,n/a,SPATIAL_IMBALANCE,4,116264429,Client Travel Time [min],11.0,70.0,34.23,2738.0,80,59.0
2026-05-19T10:02:19.975154300Z,TaxiAlgorithmSinglePassenger,0,-1,6,80,1,n/a,-1,-1,-1,false,n/a,n/a,SPATIAL_IMBALANCE,4,116264429,Calculation Time [millis],0.0,0.0,0.0,1.0,3990,0.0
2026-05-19T10:02:19.975154300Z,TaxiAlgorithmSinglePassenger,0,-1,6,80,1,n/a,-1,-1,-1,false,n/a,n/a,SPATIAL_IMBALANCE,4,116264429,Custom Time [micros],0.0,0.0,0.0,0.0,3990,0.0
2026-05-19T10:02:20.038166300Z,TaxiAlgorithmSinglePassenger,0,-1,6,80,1,n/a,-1,-1,-1,false,n/a,n/a,SPATIAL_IMBALANCE,5,116264430,Taxi Travel Distance [km],7.8,12.06,9.35,56.11,6,4.260000000000001
2026-05-19T10:02:20.038166300Z,TaxiAlgorithmSinglePassenger,0,-1,6,80,1,n/a,-1,-1,-1,false,n/a,n/a,SPATIAL_IMBALANCE,5,116264430,Client Waiting Time [min],0.05,0.52,0.22,17.62,80,0.47000000000000003
2026-05-19T10:02:20.038166300Z,TaxiAlgorithmSinglePassenger,0,-1,6,80,1,n/a,-1,-1,-1,false,n/a,n/a,SPATIAL_IMBALANCE,5,116264430,Client Travel Time [min],10.0,63.0,33.44,2675.0,80,53.0
2026-05-19T10:02:20.038166300Z,TaxiAlgorithmSinglePassenger,0,-1,6,80,1,n/a,-1,-1,-1,false,n/a,n/a,SPATIAL_IMBALANCE,5,116264430,Calculation Time [millis],0.0,0.0,0.0,1.0,3944,0.0
2026-05-19T10:02:20.038166300Z,TaxiAlgorithmSinglePassenger,0,-1,6,80,1,n/a,-1,-1,-1,false,n/a,n/a,SPATIAL_IMBALANCE,5,116264430,Custom Time [micros],0.0,0.0,0.0,0.0,3944,0.0
2026-05-19T10:02:20.116167400Z,TaxiAlgorithmSinglePassenger,0,-1,6,80,1,n/a,-1,-1,-1,false,n/a,n/a,SPATIAL_IMBALANCE,6,116264431,Taxi Travel Distance [km],3.07,16.39,9.87,59.22,6,13.32
2026-05-19T10:02:20.116167400Z,TaxiAlgorithmSinglePassenger,0,-1,6,80,1,n/a,-1,-1,-1,false,n/a,n/a,SPATIAL_IMBALANCE,6,116264431,Client Waiting Time [min],0.03,0.55,0.25,19.85,80,0.52
2026-05-19T10:02:20.116167400Z,TaxiAlgorithmSinglePassenger,0,-1,6,80,1,n/a,-1,-1,-1,false,n/a,n/a,SPATIAL_IMBALANCE,6,116264431,Client Travel Time [min],14.0,60.0,35.21,2817.0,80,46.0
2026-05-19T10:02:20.116167400Z,TaxiAlgorithmSinglePassenger,0,-1,6,80,1,n/a,-1,-1,-1,false,n/a,n/a,SPATIAL_IMBALANCE,6,116264431,Calculation Time [millis],0.0,0.0,0.0,1.0,3898,0.0
2026-05-19T10:02:20.116167400Z,TaxiAlgorithmSinglePassenger,0,-1,6,80,1,n/a,-1,-1,-1,false,n/a,n/a,SPATIAL_IMBALANCE,6,116264431,Custom Time [micros],0.0,0.0,0.0,0.0,3898,0.0
2026-05-19T10:02:20.177686100Z,TaxiAlgorithmSinglePassenger,0,-1,6,80,1,n/a,-1,-1,-1,false,n/a,n/a,SPATIAL_IMBALANCE,7,116264432,Taxi Travel Distance [km],3.44,16.17,9.92,59.52,6,12.730000000000002
2026-05-19T10:02:20.177686100Z,TaxiAlgorithmSinglePassenger,0,-1,6,80,1,n/a,-1,-1,-1,false,n/a,n/a,SPATIAL_IMBALANCE,7,116264432,Client Waiting Time [min],0.03,0.62,0.24,19.37,80,0.59
2026-05-19T10:02:20.177686100Z,TaxiAlgorithmSinglePassenger,0,-1,6,80,1,n/a,-1,-1,-1,false,n/a,n/a,SPATIAL_IMBALANCE,7,116264432,Client Travel Time [min],12.0,72.0,35.46,2837.0,80,60.0
2026-05-19T10:02:20.177686100Z,TaxiAlgorithmSinglePassenger,0,-1,6,80,1,n/a,-1,-1,-1,false,n/a,n/a,SPATIAL_IMBALANCE,7,116264432,Calculation Time [millis],0.0,0.0,0.0,1.0,4019,0.0
2026-05-19T10:02:20.177686100Z,TaxiAlgorithmSinglePassenger,0,-1,6,80,1,n/a,-1,-1,-1,false,n/a,n/a,SPATIAL_IMBALANCE,7,116264432,Custom Time [micros],0.0,0.0,0.0,0.0,4019,0.0
2026-05-19T10:02:20.225683900Z,TaxiAlgorithmSinglePassenger,0,-1,6,80,1,n/a,-1,-1,-1,false,n/a,n/a,SPATIAL_IMBALANCE,8,116264433,Taxi Travel Distance [km],6.17,19.61,11.13,66.78,6,13.44
2026-05-19T10:02:20.225683900Z,TaxiAlgorithmSinglePassenger,0,-1,6,80,1,n/a,-1,-1,-1,false,n/a,n/a,SPATIAL_IMBALANCE,8,116264433,Client Waiting Time [min],0.05,0.58,0.27,21.6,80,0.5299999999999999
2026-05-19T10:02:20.225683900Z,TaxiAlgorithmSinglePassenger,0,-1,6,80,1,n/a,-1,-1,-1,false,n/a,n/a,SPATIAL_IMBALANCE,8,116264433,Client Travel Time [min],9.0,76.0,39.45,3156.0,80,67.0
2026-05-19T10:02:20.225683900Z,TaxiAlgorithmSinglePassenger,0,-1,6,80,1,n/a,-1,-1,-1,false,n/a,n/a,SPATIAL_IMBALANCE,8,116264433,Calculation Time [millis],0.0,0.0,0.0,1.0,4020,0.0
2026-05-19T10:02:20.225683900Z,TaxiAlgorithmSinglePassenger,0,-1,6,80,1,n/a,-1,-1,-1,false,n/a,n/a,SPATIAL_IMBALANCE,8,116264433,Custom Time [micros],0.0,0.0,0.0,0.0,4020,0.0
2026-05-19T10:02:20.304685500Z,TaxiAlgorithmSinglePassenger,0,-1,6,80,1,n/a,-1,-1,-1,false,n/a,n/a,SPATIAL_IMBALANCE,9,116264434,Taxi Travel Distance [km],6.86,12.34,9.45,56.7,6,5.4799999999999995
2026-05-19T10:02:20.304685500Z,TaxiAlgorithmSinglePassenger,0,-1,6,80,1,n/a,-1,-1,-1,false,n/a,n/a,SPATIAL_IMBALANCE,9,116264434,Client Waiting Time [min],0.03,0.48,0.24,19.1,80,0.44999999999999996
2026-05-19T10:02:20.304685500Z,TaxiAlgorithmSinglePassenger,0,-1,6,80,1,n/a,-1,-1,-1,false,n/a,n/a,SPATIAL_IMBALANCE,9,116264434,Client Travel Time [min],7.0,59.0,33.83,2706.0,80,52.0
2026-05-19T10:02:20.304685500Z,TaxiAlgorithmSinglePassenger,0,-1,6,80,1,n/a,-1,-1,-1,false,n/a,n/a,SPATIAL_IMBALANCE,9,116264434,Calculation Time [millis],0.0,0.0,0.0,1.0,4025,0.0
2026-05-19T10:02:20.304685500Z,TaxiAlgorithmSinglePassenger,0,-1,6,80,1,n/a,-1,-1,-1,false,n/a,n/a,SPATIAL_IMBALANCE,9,116264434,Custom Time [micros],0.0,0.0,0.0,0.0,4025,0.0
2026-05-19T10:02:20.365684200Z,TaxiAlgorithmSinglePassenger,0,-1,6,80,1,n/a,-1,-1,-1,false,n/a,n/a,SPATIAL_IMBALANCE,10,116264435,Taxi Travel Distance [km],4.95,15.99,9.6,57.57,6,11.04
2026-05-19T10:02:20.365684200Z,TaxiAlgorithmSinglePassenger,0,-1,6,80,1,n/a,-1,-1,-1,false,n/a,n/a,SPATIAL_IMBALANCE,10,116264435,Client Waiting Time [min],0.03,0.62,0.26,20.7,80,0.59
2026-05-19T10:02:20.365684200Z,TaxiAlgorithmSinglePassenger,0,-1,6,80,1,n/a,-1,-1,-1,false,n/a,n/a,SPATIAL_IMBALANCE,10,116264435,Client Travel Time [min],12.0,64.0,34.2,2736.0,80,52.0
2026-05-19T10:02:20.365684200Z,TaxiAlgorithmSinglePassenger,0,-1,6,80,1,n/a,-1,-1,-1,false,n/a,n/a,SPATIAL_IMBALANCE,10,116264435,Calculation Time [millis],0.0,0.0,0.0,1.0,3993,0.0
2026-05-19T10:02:20.365684200Z,TaxiAlgorithmSinglePassenger,0,-1,6,80,1,n/a,-1,-1,-1,false,n/a,n/a,SPATIAL_IMBALANCE,10,116264435,Custom Time [micros],0.0,0.0,0.0,0.0,3993,0.0
2026-05-19T10:02:20.428684Z,TaxiAlgorithmSinglePassenger,0,-1,6,80,1,n/a,-1,-1,-1,false,n/a,n/a,SPATIAL_ISLANDS,1,116264426,Taxi Travel Distance [km],5.22,14.41,10.45,62.71,6,9.190000000000001
2026-05-19T10:02:20.428684Z,TaxiAlgorithmSinglePassenger,0,-1,6,80,1,n/a,-1,-1,-1,false,n/a,n/a,SPATIAL_ISLANDS,1,116264426,Client Waiting Time [min],0.08,0.6,0.27,21.25,80,0.52
2026-05-19T10:02:20.428684Z,TaxiAlgorithmSinglePassenger,0,-1,6,80,1,n/a,-1,-1,-1,false,n/a,n/a,SPATIAL_ISLANDS,1,116264426,Client Travel Time [min],13.0,67.0,37.3,2984.0,80,54.0
2026-05-19T10:02:20.428684Z,TaxiAlgorithmSinglePassenger,0,-1,6,80,1,n/a,-1,-1,-1,false,n/a,n/a,SPATIAL_ISLANDS,1,116264426,Calculation Time [millis],0.0,0.0,0.0,1.0,3968,0.0
2026-05-19T10:02:20.428684Z,TaxiAlgorithmSinglePassenger,0,-1,6,80,1,n/a,-1,-1,-1,false,n/a,n/a,SPATIAL_ISLANDS,1,116264426,Custom Time [micros],0.0,0.0,0.0,0.0,3968,0.0
2026-05-19T10:02:20.490685700Z,TaxiAlgorithmSinglePassenger,0,-1,6,80,1,n/a,-1,-1,-1,false,n/a,n/a,SPATIAL_ISLANDS,2,116264427,Taxi Travel Distance [km],7.33,13.86,10.99,65.95,6,6.529999999999999
2026-05-19T10:02:20.490685700Z,TaxiAlgorithmSinglePassenger,0,-1,6,80,1,n/a,-1,-1,-1,false,n/a,n/a,SPATIAL_ISLANDS,2,116264427,Client Waiting Time [min],0.05,0.65,0.27,21.28,80,0.6
2026-05-19T10:02:20.490685700Z,TaxiAlgorithmSinglePassenger,0,-1,6,80,1,n/a,-1,-1,-1,false,n/a,n/a,SPATIAL_ISLANDS,2,116264427,Client Travel Time [min],14.0,77.0,39.1,3128.0,80,63.0
2026-05-19T10:02:20.490685700Z,TaxiAlgorithmSinglePassenger,0,-1,6,80,1,n/a,-1,-1,-1,false,n/a,n/a,SPATIAL_ISLANDS,2,116264427,Calculation Time [millis],0.0,0.0,0.0,1.0,4022,0.0
2026-05-19T10:02:20.490685700Z,TaxiAlgorithmSinglePassenger,0,-1,6,80,1,n/a,-1,-1,-1,false,n/a,n/a,SPATIAL_ISLANDS,2,116264427,Custom Time [micros],0.0,0.0,0.0,0.0,4022,0.0
2026-05-19T10:02:20.553199100Z,TaxiAlgorithmSinglePassenger,0,-1,6,80,1,n/a,-1,-1,-1,false,n/a,n/a,SPATIAL_ISLANDS,3,116264428,Taxi Travel Distance [km],5.06,15.61,11.09,66.57,6,10.55
2026-05-19T10:02:20.553199100Z,TaxiAlgorithmSinglePassenger,0,-1,6,80,1,n/a,-1,-1,-1,false,n/a,n/a,SPATIAL_ISLANDS,3,116264428,Client Waiting Time [min],0.03,0.57,0.26,20.58,80,0.5399999999999999
2026-05-19T10:02:20.553199100Z,TaxiAlgorithmSinglePassenger,0,-1,6,80,1,n/a,-1,-1,-1,false,n/a,n/a,SPATIAL_ISLANDS,3,116264428,Client Travel Time [min],20.0,70.0,39.45,3156.0,80,50.0
2026-05-19T10:02:20.553199100Z,TaxiAlgorithmSinglePassenger,0,-1,6,80,1,n/a,-1,-1,-1,false,n/a,n/a,SPATIAL_ISLANDS,3,116264428,Calculation Time [millis],0.0,0.0,0.0,1.0,3944,0.0
2026-05-19T10:02:20.553199100Z,TaxiAlgorithmSinglePassenger,0,-1,6,80,1,n/a,-1,-1,-1,false,n/a,n/a,SPATIAL_ISLANDS,3,116264428,Custom Time [micros],0.0,0.0,0.0,0.0,3944,0.0
2026-05-19T10:02:20.615198500Z,TaxiAlgorithmSinglePassenger,0,-1,6,80,1,n/a,-1,-1,-1,false,n/a,n/a,SPATIAL_ISLANDS,4,116264429,Taxi Travel Distance [km],6.9,14.4,10.97,65.85,6,7.5
2026-05-19T10:02:20.615198500Z,TaxiAlgorithmSinglePassenger,0,-1,6,80,1,n/a,-1,-1,-1,false,n/a,n/a,SPATIAL_ISLANDS,4,116264429,Client Waiting Time [min],0.03,0.58,0.26,20.65,80,0.5499999999999999
2026-05-19T10:02:20.615198500Z,TaxiAlgorithmSinglePassenger,0,-1,6,80,1,n/a,-1,-1,-1,false,n/a,n/a,SPATIAL_ISLANDS,4,116264429,Client Travel Time [min],16.0,71.0,39.04,3123.0,80,55.0
2026-05-19T10:02:20.615198500Z,TaxiAlgorithmSinglePassenger,0,-1,6,80,1,n/a,-1,-1,-1,false,n/a,n/a,SPATIAL_ISLANDS,4,116264429,Calculation Time [millis],0.0,0.0,0.0,1.0,4034,0.0
2026-05-19T10:02:20.615198500Z,TaxiAlgorithmSinglePassenger,0,-1,6,80,1,n/a,-1,-1,-1,false,n/a,n/a,SPATIAL_ISLANDS,4,116264429,Custom Time [micros],0.0,0.0,0.0,0.0,4034,0.0
2026-05-19T10:02:20.677199300Z,TaxiAlgorithmSinglePassenger,0,-1,6,80,1,n/a,-1,-1,-1,false,n/a,n/a,SPATIAL_ISLANDS,5,116264430,Taxi Travel Distance [km],2.1,17.16,10.48,62.88,6,15.06
2026-05-19T10:02:20.677199300Z,TaxiAlgorithmSinglePassenger,0,-1,6,80,1,n/a,-1,-1,-1,false,n/a,n/a,SPATIAL_ISLANDS,5,116264430,Client Waiting Time [min],0.03,0.57,0.25,20.05,80,0.5399999999999999
2026-05-19T10:02:20.677199300Z,TaxiAlgorithmSinglePassenger,0,-1,6,80,1,n/a,-1,-1,-1,false,n/a,n/a,SPATIAL_ISLANDS,5,116264430,Client Travel Time [min],10.0,66.0,37.3,2984.0,80,56.0
2026-05-19T10:02:20.677199300Z,TaxiAlgorithmSinglePassenger,0,-1,6,80,1,n/a,-1,-1,-1,false,n/a,n/a,SPATIAL_ISLANDS,5,116264430,Calculation Time [millis],0.0,0.0,0.0,1.0,3956,0.0
2026-05-19T10:02:20.677199300Z,TaxiAlgorithmSinglePassenger,0,-1,6,80,1,n/a,-1,-1,-1,false,n/a,n/a,SPATIAL_ISLANDS,5,116264430,Custom Time [micros],0.0,0.0,0.0,0.0,3956,0.0
2026-05-19T10:02:20.741196700Z,TaxiAlgorithmSinglePassenger,0,-1,6,80,1,n/a,-1,-1,-1,false,n/a,n/a,SPATIAL_ISLANDS,6,116264431,Taxi Travel Distance [km],4.49,17.35,10.4,62.42,6,12.860000000000001
2026-05-19T10:02:20.741196700Z,TaxiAlgorithmSinglePassenger,0,-1,6,80,1,n/a,-1,-1,-1,false,n/a,n/a,SPATIAL_ISLANDS,6,116264431,Client Waiting Time [min],0.03,0.52,0.23,18.68,80,0.49
2026-05-19T10:02:20.741196700Z,TaxiAlgorithmSinglePassenger,0,-1,6,80,1,n/a,-1,-1,-1,false,n/a,n/a,SPATIAL_ISLANDS,6,116264431,Client Travel Time [min],7.0,61.0,37.06,2965.0,80,54.0
2026-05-19T10:02:20.741196700Z,TaxiAlgorithmSinglePassenger,0,-1,6,80,1,n/a,-1,-1,-1,false,n/a,n/a,SPATIAL_ISLANDS,6,116264431,Calculation Time [millis],0.0,0.0,0.0,1.0,3961,0.0
2026-05-19T10:02:20.741196700Z,TaxiAlgorithmSinglePassenger,0,-1,6,80,1,n/a,-1,-1,-1,false,n/a,n/a,SPATIAL_ISLANDS,6,116264431,Custom Time [micros],0.0,0.0,0.0,0.0,3961,0.0
2026-05-19T10:02:20.802196400Z,TaxiAlgorithmSinglePassenger,0,-1,6,80,1,n/a,-1,-1,-1,false,n/a,n/a,SPATIAL_ISLANDS,7,116264432,Taxi Travel Distance [km],5.94,17.85,10.84,65.05,6,11.91
2026-05-19T10:02:20.802196400Z,TaxiAlgorithmSinglePassenger,0,-1,6,80,1,n/a,-1,-1,-1,false,n/a,n/a,SPATIAL_ISLANDS,7,116264432,Client Waiting Time [min],0.05,0.57,0.26,20.62,80,0.5199999999999999
2026-05-19T10:02:20.802196400Z,TaxiAlgorithmSinglePassenger,0,-1,6,80,1,n/a,-1,-1,-1,false,n/a,n/a,SPATIAL_ISLANDS,7,116264432,Client Travel Time [min],13.0,71.0,38.49,3079.0,80,58.0
2026-05-19T10:02:20.802196400Z,TaxiAlgorithmSinglePassenger,0,-1,6,80,1,n/a,-1,-1,-1,false,n/a,n/a,SPATIAL_ISLANDS,7,116264432,Calculation Time [millis],0.0,0.0,0.0,1.0,4018,0.0
2026-05-19T10:02:20.802196400Z,TaxiAlgorithmSinglePassenger,0,-1,6,80,1,n/a,-1,-1,-1,false,n/a,n/a,SPATIAL_ISLANDS,7,116264432,Custom Time [micros],0.0,0.0,0.0,0.0,4018,0.0
2026-05-19T10:02:20.865211800Z,TaxiAlgorithmSinglePassenger,0,-1,6,80,1,n/a,-1,-1,-1,false,n/a,n/a,SPATIAL_ISLANDS,8,116264433,Taxi Travel Distance [km],7.57,17.74,12.32,73.89,6,10.169999999999998
2026-05-19T10:02:20.865211800Z,TaxiAlgorithmSinglePassenger,0,-1,6,80,1,n/a,-1,-1,-1,false,n/a,n/a,SPATIAL_ISLANDS,8,116264433,Client Waiting Time [min],0.08,0.58,0.31,24.53,80,0.49999999999999994
2026-05-19T10:02:20.865211800Z,TaxiAlgorithmSinglePassenger,0,-1,6,80,1,n/a,-1,-1,-1,false,n/a,n/a,SPATIAL_ISLANDS,8,116264433,Client Travel Time [min],18.0,73.0,43.41,3473.0,80,55.0
2026-05-19T10:02:20.865211800Z,TaxiAlgorithmSinglePassenger,0,-1,6,80,1,n/a,-1,-1,-1,false,n/a,n/a,SPATIAL_ISLANDS,8,116264433,Calculation Time [millis],0.0,0.0,0.0,1.0,4017,0.0
2026-05-19T10:02:20.865211800Z,TaxiAlgorithmSinglePassenger,0,-1,6,80,1,n/a,-1,-1,-1,false,n/a,n/a,SPATIAL_ISLANDS,8,116264433,Custom Time [micros],0.0,0.0,0.0,0.0,4017,0.0
2026-05-19T10:02:20.911210300Z,TaxiAlgorithmSinglePassenger,0,-1,6,80,1,n/a,-1,-1,-1,false,n/a,n/a,SPATIAL_ISLANDS,9,116264434,Taxi Travel Distance [km],5.98,19.42,10.87,65.19,6,13.440000000000001
2026-05-19T10:02:20.911210300Z,TaxiAlgorithmSinglePassenger,0,-1,6,80,1,n/a,-1,-1,-1,false,n/a,n/a,SPATIAL_ISLANDS,9,116264434,Client Waiting Time [min],0.07,0.63,0.26,20.67,80,0.56
2026-05-19T10:02:20.911210300Z,TaxiAlgorithmSinglePassenger,0,-1,6,80,1,n/a,-1,-1,-1,false,n/a,n/a,SPATIAL_ISLANDS,9,116264434,Client Travel Time [min],10.0,83.0,38.63,3090.0,80,73.0
2026-05-19T10:02:20.911210300Z,TaxiAlgorithmSinglePassenger,0,-1,6,80,1,n/a,-1,-1,-1,false,n/a,n/a,SPATIAL_ISLANDS,9,116264434,Calculation Time [millis],0.0,0.0,0.0,1.0,4051,0.0
2026-05-19T10:02:20.911210300Z,TaxiAlgorithmSinglePassenger,0,-1,6,80,1,n/a,-1,-1,-1,false,n/a,n/a,SPATIAL_ISLANDS,9,116264434,Custom Time [micros],0.0,0.0,0.0,0.0,4051,0.0
2026-05-19T10:02:20.973212800Z,TaxiAlgorithmSinglePassenger,0,-1,6,80,1,n/a,-1,-1,-1,false,n/a,n/a,SPATIAL_ISLANDS,10,116264435,Taxi Travel Distance [km],7.29,16.17,10.63,63.79,6,8.880000000000003
2026-05-19T10:02:20.973212800Z,TaxiAlgorithmSinglePassenger,0,-1,6,80,1,n/a,-1,-1,-1,false,n/a,n/a,SPATIAL_ISLANDS,10,116264435,Client Waiting Time [min],0.05,0.72,0.25,20.0,80,0.6699999999999999
2026-05-19T10:02:20.973212800Z,TaxiAlgorithmSinglePassenger,0,-1,6,80,1,n/a,-1,-1,-1,false,n/a,n/a,SPATIAL_ISLANDS,10,116264435,Client Travel Time [min],11.0,78.0,37.84,3027.0,80,67.0
2026-05-19T10:02:20.973212800Z,TaxiAlgorithmSinglePassenger,0,-1,6,80,1,n/a,-1,-1,-1,false,n/a,n/a,SPATIAL_ISLANDS,10,116264435,Calculation Time [millis],0.0,0.0,0.0,1.0,3943,0.0
2026-05-19T10:02:20.973212800Z,TaxiAlgorithmSinglePassenger,0,-1,6,80,1,n/a,-1,-1,-1,false,n/a,n/a,SPATIAL_ISLANDS,10,116264435,Custom Time [micros],0.0,0.0,0.0,0.0,3943,0.0
2026-05-19T10:02:22.049852900Z,TaxiAlgorithmVehicleRouting,0,-1,6,80,1,n/a,-1,-1,-1,false,n/a,n/a,BASELINE,1,116264426,Taxi Travel Distance [km],2.75,13.01,9.97,59.84,6,10.26
2026-05-19T10:02:22.049852900Z,TaxiAlgorithmVehicleRouting,0,-1,6,80,1,n/a,-1,-1,-1,false,n/a,n/a,BASELINE,1,116264426,Client Waiting Time [min],0.05,0.97,0.31,35.32,114,0.9199999999999999
2026-05-19T10:02:22.049852900Z,TaxiAlgorithmVehicleRouting,0,-1,6,80,1,n/a,-1,-1,-1,false,n/a,n/a,BASELINE,1,116264426,Client Travel Time [min],8.0,73.0,36.39,2911.0,80,65.0
2026-05-19T10:02:22.049852900Z,TaxiAlgorithmVehicleRouting,0,-1,6,80,1,n/a,-1,-1,-1,false,n/a,n/a,BASELINE,1,116264426,Calculation Time [millis],0.0,97.0,0.08,302.0,4012,97.0
2026-05-19T10:02:22.049852900Z,TaxiAlgorithmVehicleRouting,0,-1,6,80,1,n/a,-1,-1,-1,false,n/a,n/a,BASELINE,1,116264426,Custom Time [micros],0.0,0.0,0.0,0.0,4012,0.0
2026-05-19T10:02:22.345381100Z,TaxiAlgorithmVehicleRouting,0,-1,6,80,1,n/a,-1,-1,-1,false,n/a,n/a,BASELINE,2,116264427,Taxi Travel Distance [km],3.18,15.85,9.57,57.43,6,12.67
2026-05-19T10:02:22.345381100Z,TaxiAlgorithmVehicleRouting,0,-1,6,80,1,n/a,-1,-1,-1,false,n/a,n/a,BASELINE,2,116264427,Client Waiting Time [min],0.03,1.18,0.31,38.47,123,1.15
2026-05-19T10:02:22.345381100Z,TaxiAlgorithmVehicleRouting,0,-1,6,80,1,n/a,-1,-1,-1,false,n/a,n/a,BASELINE,2,116264427,Client Travel Time [min],10.0,74.0,35.66,2853.0,80,64.0
2026-05-19T10:02:22.345381100Z,TaxiAlgorithmVehicleRouting,0,-1,6,80,1,n/a,-1,-1,-1,false,n/a,n/a,BASELINE,2,116264427,Calculation Time [millis],0.0,6.0,0.05,206.0,3976,6.0
2026-05-19T10:02:22.345381100Z,TaxiAlgorithmVehicleRouting,0,-1,6,80,1,n/a,-1,-1,-1,false,n/a,n/a,BASELINE,2,116264427,Custom Time [micros],0.0,0.0,0.0,0.0,3976,0.0
2026-05-19T10:02:22.657455500Z,TaxiAlgorithmVehicleRouting,0,-1,6,80,1,n/a,-1,-1,-1,false,n/a,n/a,BASELINE,3,116264428,Taxi Travel Distance [km],4.95,15.54,10.84,65.02,6,10.59
2026-05-19T10:02:22.657455500Z,TaxiAlgorithmVehicleRouting,0,-1,6,80,1,n/a,-1,-1,-1,false,n/a,n/a,BASELINE,3,116264428,Client Waiting Time [min],0.05,2.05,0.36,47.05,130,1.9999999999999998
2026-05-19T10:02:22.657455500Z,TaxiAlgorithmVehicleRouting,0,-1,6,80,1,n/a,-1,-1,-1,false,n/a,n/a,BASELINE,3,116264428,Client Travel Time [min],15.0,139.0,39.78,3182.0,80,124.0
2026-05-19T10:02:22.657455500Z,TaxiAlgorithmVehicleRouting,0,-1,6,80,1,n/a,-1,-1,-1,false,n/a,n/a,BASELINE,3,116264428,Calculation Time [millis],0.0,7.0,0.06,233.0,3899,7.0
2026-05-19T10:02:22.657455500Z,TaxiAlgorithmVehicleRouting,0,-1,6,80,1,n/a,-1,-1,-1,false,n/a,n/a,BASELINE,3,116264428,Custom Time [micros],0.0,0.0,0.0,0.0,3899,0.0
2026-05-19T10:02:22.908468500Z,TaxiAlgorithmVehicleRouting,0,-1,6,80,1,n/a,-1,-1,-1,false,n/a,n/a,BASELINE,4,116264429,Taxi Travel Distance [km],4.5,15.58,10.35,62.08,6,11.08
2026-05-19T10:02:22.908468500Z,TaxiAlgorithmVehicleRouting,0,-1,6,80,1,n/a,-1,-1,-1,false,n/a,n/a,BASELINE,4,116264429,Client Waiting Time [min],0.03,0.98,0.29,34.07,116,0.95
2026-05-19T10:02:22.908468500Z,TaxiAlgorithmVehicleRouting,0,-1,6,80,1,n/a,-1,-1,-1,false,n/a,n/a,BASELINE,4,116264429,Client Travel Time [min],11.0,79.0,37.33,2986.0,80,68.0
2026-05-19T10:02:22.908468500Z,TaxiAlgorithmVehicleRouting,0,-1,6,80,1,n/a,-1,-1,-1,false,n/a,n/a,BASELINE,4,116264429,Calculation Time [millis],0.0,5.0,0.05,190.0,3995,5.0
2026-05-19T10:02:22.908468500Z,TaxiAlgorithmVehicleRouting,0,-1,6,80,1,n/a,-1,-1,-1,false,n/a,n/a,BASELINE,4,116264429,Custom Time [micros],0.0,0.0,0.0,0.0,3995,0.0
2026-05-19T10:02:23.157469900Z,TaxiAlgorithmVehicleRouting,0,-1,6,80,1,n/a,-1,-1,-1,false,n/a,n/a,BASELINE,5,116264430,Taxi Travel Distance [km],5.68,14.45,11.08,66.46,6,8.77
2026-05-19T10:02:23.157469900Z,TaxiAlgorithmVehicleRouting,0,-1,6,80,1,n/a,-1,-1,-1,false,n/a,n/a,BASELINE,5,116264430,Client Waiting Time [min],0.03,1.08,0.31,35.93,116,1.05
2026-05-19T10:02:23.157469900Z,TaxiAlgorithmVehicleRouting,0,-1,6,80,1,n/a,-1,-1,-1,false,n/a,n/a,BASELINE,5,116264430,Client Travel Time [min],12.0,81.0,39.65,3172.0,80,69.0
2026-05-19T10:02:23.157469900Z,TaxiAlgorithmVehicleRouting,0,-1,6,80,1,n/a,-1,-1,-1,false,n/a,n/a,BASELINE,5,116264430,Calculation Time [millis],0.0,6.0,0.05,207.0,3976,6.0
2026-05-19T10:02:23.157469900Z,TaxiAlgorithmVehicleRouting,0,-1,6,80,1,n/a,-1,-1,-1,false,n/a,n/a,BASELINE,5,116264430,Custom Time [micros],0.0,0.0,0.0,0.0,3976,0.0
2026-05-19T10:02:23.439542200Z,TaxiAlgorithmVehicleRouting,0,-1,6,80,1,n/a,-1,-1,-1,false,n/a,n/a,BASELINE,6,116264431,Taxi Travel Distance [km],3.96,14.67,9.35,56.08,6,10.71
2026-05-19T10:02:23.439542200Z,TaxiAlgorithmVehicleRouting,0,-1,6,80,1,n/a,-1,-1,-1,false,n/a,n/a,BASELINE,6,116264431,Client Waiting Time [min],0.03,1.32,0.27,29.72,111,1.29
2026-05-19T10:02:23.439542200Z,TaxiAlgorithmVehicleRouting,0,-1,6,80,1,n/a,-1,-1,-1,false,n/a,n/a,BASELINE,6,116264431,Client Travel Time [min],7.0,80.0,34.08,2726.0,80,73.0
2026-05-19T10:02:23.439542200Z,TaxiAlgorithmVehicleRouting,0,-1,6,80,1,n/a,-1,-1,-1,false,n/a,n/a,BASELINE,6,116264431,Calculation Time [millis],0.0,7.0,0.05,206.0,3984,7.0
2026-05-19T10:02:23.439542200Z,TaxiAlgorithmVehicleRouting,0,-1,6,80,1,n/a,-1,-1,-1,false,n/a,n/a,BASELINE,6,116264431,Custom Time [micros],0.0,0.0,0.0,0.0,3984,0.0
2026-05-19T10:02:23.701249400Z,TaxiAlgorithmVehicleRouting,0,-1,6,80,1,n/a,-1,-1,-1,false,n/a,n/a,BASELINE,7,116264432,Taxi Travel Distance [km],5.23,15.46,10.47,62.8,6,10.23
2026-05-19T10:02:23.701249400Z,TaxiAlgorithmVehicleRouting,0,-1,6,80,1,n/a,-1,-1,-1,false,n/a,n/a,BASELINE,7,116264432,Client Waiting Time [min],0.03,1.23,0.3,34.97,117,1.2
2026-05-19T10:02:23.701249400Z,TaxiAlgorithmVehicleRouting,0,-1,6,80,1,n/a,-1,-1,-1,false,n/a,n/a,BASELINE,7,116264432,Client Travel Time [min],6.0,99.0,38.09,3047.0,80,93.0
2026-05-19T10:02:23.701249400Z,TaxiAlgorithmVehicleRouting,0,-1,6,80,1,n/a,-1,-1,-1,false,n/a,n/a,BASELINE,7,116264432,Calculation Time [millis],0.0,5.0,0.05,215.0,4026,5.0
2026-05-19T10:02:23.701249400Z,TaxiAlgorithmVehicleRouting,0,-1,6,80,1,n/a,-1,-1,-1,false,n/a,n/a,BASELINE,7,116264432,Custom Time [micros],0.0,0.0,0.0,0.0,4026,0.0
2026-05-19T10:02:23.980400900Z,TaxiAlgorithmVehicleRouting,0,-1,6,80,1,n/a,-1,-1,-1,false,n/a,n/a,BASELINE,8,116264433,Taxi Travel Distance [km],7.91,16.43,11.07,66.42,6,8.52
2026-05-19T10:02:23.980400900Z,TaxiAlgorithmVehicleRouting,0,-1,6,80,1,n/a,-1,-1,-1,false,n/a,n/a,BASELINE,8,116264433,Client Waiting Time [min],0.03,1.1,0.32,36.57,114,1.07
2026-05-19T10:02:23.980400900Z,TaxiAlgorithmVehicleRouting,0,-1,6,80,1,n/a,-1,-1,-1,false,n/a,n/a,BASELINE,8,116264433,Client Travel Time [min],10.0,87.0,40.21,3217.0,80,77.0
2026-05-19T10:02:23.980400900Z,TaxiAlgorithmVehicleRouting,0,-1,6,80,1,n/a,-1,-1,-1,false,n/a,n/a,BASELINE,8,116264433,Calculation Time [millis],0.0,7.0,0.06,228.0,4023,7.0
2026-05-19T10:02:23.980400900Z,TaxiAlgorithmVehicleRouting,0,-1,6,80,1,n/a,-1,-1,-1,false,n/a,n/a,BASELINE,8,116264433,Custom Time [micros],0.0,0.0,0.0,0.0,4023,0.0
2026-05-19T10:02:24.275401900Z,TaxiAlgorithmVehicleRouting,0,-1,6,80,1,n/a,-1,-1,-1,false,n/a,n/a,BASELINE,9,116264434,Taxi Travel Distance [km],7.45,16.2,10.53,63.17,6,8.75
2026-05-19T10:02:24.275401900Z,TaxiAlgorithmVehicleRouting,0,-1,6,80,1,n/a,-1,-1,-1,false,n/a,n/a,BASELINE,9,116264434,Client Waiting Time [min],0.05,0.98,0.3,33.52,112,0.9299999999999999
2026-05-19T10:02:24.275401900Z,TaxiAlgorithmVehicleRouting,0,-1,6,80,1,n/a,-1,-1,-1,false,n/a,n/a,BASELINE,9,116264434,Client Travel Time [min],12.0,78.0,37.85,3028.0,80,66.0
2026-05-19T10:02:24.275401900Z,TaxiAlgorithmVehicleRouting,0,-1,6,80,1,n/a,-1,-1,-1,false,n/a,n/a,BASELINE,9,116264434,Calculation Time [millis],0.0,7.0,0.06,230.0,4031,7.0
2026-05-19T10:02:24.275401900Z,TaxiAlgorithmVehicleRouting,0,-1,6,80,1,n/a,-1,-1,-1,false,n/a,n/a,BASELINE,9,116264434,Custom Time [micros],0.0,0.0,0.0,0.0,4031,0.0
2026-05-19T10:02:24.555400800Z,TaxiAlgorithmVehicleRouting,0,-1,6,80,1,n/a,-1,-1,-1,false,n/a,n/a,BASELINE,10,116264435,Taxi Travel Distance [km],6.85,13.95,10.11,60.69,6,7.1
2026-05-19T10:02:24.555400800Z,TaxiAlgorithmVehicleRouting,0,-1,6,80,1,n/a,-1,-1,-1,false,n/a,n/a,BASELINE,10,116264435,Client Waiting Time [min],0.03,1.43,0.32,37.4,118,1.4
2026-05-19T10:02:24.555400800Z,TaxiAlgorithmVehicleRouting,0,-1,6,80,1,n/a,-1,-1,-1,false,n/a,n/a,BASELINE,10,116264435,Client Travel Time [min],9.0,92.0,36.85,2948.0,80,83.0
2026-05-19T10:02:24.555400800Z,TaxiAlgorithmVehicleRouting,0,-1,6,80,1,n/a,-1,-1,-1,false,n/a,n/a,BASELINE,10,116264435,Calculation Time [millis],0.0,4.0,0.05,186.0,4011,4.0
2026-05-19T10:02:24.555400800Z,TaxiAlgorithmVehicleRouting,0,-1,6,80,1,n/a,-1,-1,-1,false,n/a,n/a,BASELINE,10,116264435,Custom Time [micros],0.0,0.0,0.0,0.0,4011,0.0
2026-05-19T10:02:24.928308700Z,TaxiAlgorithmVehicleRouting,0,-1,6,80,1,n/a,-1,-1,-1,false,n/a,n/a,RUSH_HOUR,1,116264426,Taxi Travel Distance [km],7.35,15.11,11.16,66.97,6,7.76
2026-05-19T10:02:24.928308700Z,TaxiAlgorithmVehicleRouting,0,-1,6,80,1,n/a,-1,-1,-1,false,n/a,n/a,RUSH_HOUR,1,116264426,Client Waiting Time [min],0.05,1.85,0.44,69.57,159,1.8
2026-05-19T10:02:24.928308700Z,TaxiAlgorithmVehicleRouting,0,-1,6,80,1,n/a,-1,-1,-1,false,n/a,n/a,RUSH_HOUR,1,116264426,Client Travel Time [min],6.0,112.0,42.99,3439.0,80,106.0
2026-05-19T10:02:24.928308700Z,TaxiAlgorithmVehicleRouting,0,-1,6,80,1,n/a,-1,-1,-1,false,n/a,n/a,RUSH_HOUR,1,116264426,Calculation Time [millis],0.0,22.0,0.09,329.0,3826,22.0
2026-05-19T10:02:24.928308700Z,TaxiAlgorithmVehicleRouting,0,-1,6,80,1,n/a,-1,-1,-1,false,n/a,n/a,RUSH_HOUR,1,116264426,Custom Time [micros],0.0,0.0,0.0,0.0,3826,0.0
2026-05-19T10:02:25.284850700Z,TaxiAlgorithmVehicleRouting,0,-1,6,80,1,n/a,-1,-1,-1,false,n/a,n/a,RUSH_HOUR,2,116264427,Taxi Travel Distance [km],8.51,13.9,10.4,62.39,6,5.390000000000001
2026-05-19T10:02:25.284850700Z,TaxiAlgorithmVehicleRouting,0,-1,6,80,1,n/a,-1,-1,-1,false,n/a,n/a,RUSH_HOUR,2,116264427,Client Waiting Time [min],0.05,1.15,0.4,61.8,156,1.0999999999999999
2026-05-19T10:02:25.284850700Z,TaxiAlgorithmVehicleRouting,0,-1,6,80,1,n/a,-1,-1,-1,false,n/a,n/a,RUSH_HOUR,2,116264427,Client Travel Time [min],7.0,77.0,40.18,3214.0,80,70.0
2026-05-19T10:02:25.284850700Z,TaxiAlgorithmVehicleRouting,0,-1,6,80,1,n/a,-1,-1,-1,false,n/a,n/a,RUSH_HOUR,2,116264427,Calculation Time [millis],0.0,14.0,0.08,288.0,3705,14.0
2026-05-19T10:02:25.284850700Z,TaxiAlgorithmVehicleRouting,0,-1,6,80,1,n/a,-1,-1,-1,false,n/a,n/a,RUSH_HOUR,2,116264427,Custom Time [micros],0.0,0.0,0.0,0.0,3705,0.0
2026-05-19T10:02:25.688701300Z,TaxiAlgorithmVehicleRouting,0,-1,6,80,1,n/a,-1,-1,-1,false,n/a,n/a,RUSH_HOUR,3,116264428,Taxi Travel Distance [km],8.23,14.73,11.64,69.86,6,6.5
2026-05-19T10:02:25.688701300Z,TaxiAlgorithmVehicleRouting,0,-1,6,80,1,n/a,-1,-1,-1,false,n/a,n/a,RUSH_HOUR,3,116264428,Client Waiting Time [min],0.05,1.23,0.43,74.25,174,1.18
2026-05-19T10:02:25.688701300Z,TaxiAlgorithmVehicleRouting,0,-1,6,80,1,n/a,-1,-1,-1,false,n/a,n/a,RUSH_HOUR,3,116264428,Client Travel Time [min],11.0,82.0,43.75,3500.0,80,71.0
2026-05-19T10:02:25.688701300Z,TaxiAlgorithmVehicleRouting,0,-1,6,80,1,n/a,-1,-1,-1,false,n/a,n/a,RUSH_HOUR,3,116264428,Calculation Time [millis],0.0,13.0,0.08,323.0,3997,13.0
2026-05-19T10:02:25.688701300Z,TaxiAlgorithmVehicleRouting,0,-1,6,80,1,n/a,-1,-1,-1,false,n/a,n/a,RUSH_HOUR,3,116264428,Custom Time [micros],0.0,0.0,0.0,0.0,3997,0.0
2026-05-19T10:02:26.234795Z,TaxiAlgorithmVehicleRouting,0,-1,6,80,1,n/a,-1,-1,-1,false,n/a,n/a,RUSH_HOUR,4,116264429,Taxi Travel Distance [km],8.43,13.81,11.48,68.86,6,5.380000000000001
2026-05-19T10:02:26.234795Z,TaxiAlgorithmVehicleRouting,0,-1,6,80,1,n/a,-1,-1,-1,false,n/a,n/a,RUSH_HOUR,4,116264429,Client Waiting Time [min],0.03,1.88,0.52,102.25,195,1.8499999999999999
2026-05-19T10:02:26.234795Z,TaxiAlgorithmVehicleRouting,0,-1,6,80,1,n/a,-1,-1,-1,false,n/a,n/a,RUSH_HOUR,4,116264429,Client Travel Time [min],9.0,121.0,46.39,3711.0,80,112.0
2026-05-19T10:02:26.234795Z,TaxiAlgorithmVehicleRouting,0,-1,6,80,1,n/a,-1,-1,-1,false,n/a,n/a,RUSH_HOUR,4,116264429,Calculation Time [millis],0.0,24.0,0.13,496.0,3849,24.0
2026-05-19T10:02:26.234795Z,TaxiAlgorithmVehicleRouting,0,-1,6,80,1,n/a,-1,-1,-1,false,n/a,n/a,RUSH_HOUR,4,116264429,Custom Time [micros],0.0,0.0,0.0,0.0,3849,0.0
2026-05-19T10:02:26.611438300Z,TaxiAlgorithmVehicleRouting,0,-1,6,80,1,n/a,-1,-1,-1,false,n/a,n/a,RUSH_HOUR,5,116264430,Taxi Travel Distance [km],6.96,15.36,11.38,68.25,6,8.399999999999999
2026-05-19T10:02:26.611438300Z,TaxiAlgorithmVehicleRouting,0,-1,6,80,1,n/a,-1,-1,-1,false,n/a,n/a,RUSH_HOUR,5,116264430,Client Waiting Time [min],0.05,1.3,0.43,65.08,153,1.25
2026-05-19T10:02:26.611438300Z,TaxiAlgorithmVehicleRouting,0,-1,6,80,1,n/a,-1,-1,-1,false,n/a,n/a,RUSH_HOUR,5,116264430,Client Travel Time [min],14.0,90.0,43.53,3482.0,80,76.0
2026-05-19T10:02:26.611438300Z,TaxiAlgorithmVehicleRouting,0,-1,6,80,1,n/a,-1,-1,-1,false,n/a,n/a,RUSH_HOUR,5,116264430,Calculation Time [millis],0.0,18.0,0.08,316.0,3876,18.0
2026-05-19T10:02:26.611438300Z,TaxiAlgorithmVehicleRouting,0,-1,6,80,1,n/a,-1,-1,-1,false,n/a,n/a,RUSH_HOUR,5,116264430,Custom Time [micros],0.0,0.0,0.0,0.0,3876,0.0
2026-05-19T10:02:27.107170300Z,TaxiAlgorithmVehicleRouting,0,-1,6,80,1,n/a,-1,-1,-1,false,n/a,n/a,RUSH_HOUR,6,116264431,Taxi Travel Distance [km],7.19,15.83,10.83,65.0,6,8.64
2026-05-19T10:02:27.107170300Z,TaxiAlgorithmVehicleRouting,0,-1,6,80,1,n/a,-1,-1,-1,false,n/a,n/a,RUSH_HOUR,6,116264431,Client Waiting Time [min],0.05,1.8,0.43,69.2,161,1.75
2026-05-19T10:02:27.107170300Z,TaxiAlgorithmVehicleRouting,0,-1,6,80,1,n/a,-1,-1,-1,false,n/a,n/a,RUSH_HOUR,6,116264431,Client Travel Time [min],16.0,111.0,42.21,3377.0,80,95.0
2026-05-19T10:02:27.107170300Z,TaxiAlgorithmVehicleRouting,0,-1,6,80,1,n/a,-1,-1,-1,false,n/a,n/a,RUSH_HOUR,6,116264431,Calculation Time [millis],0.0,32.0,0.11,401.0,3800,32.0
2026-05-19T10:02:27.107170300Z,TaxiAlgorithmVehicleRouting,0,-1,6,80,1,n/a,-1,-1,-1,false,n/a,n/a,RUSH_HOUR,6,116264431,Custom Time [micros],0.0,0.0,0.0,0.0,3800,0.0
2026-05-19T10:02:27.419172100Z,TaxiAlgorithmVehicleRouting,0,-1,6,80,1,n/a,-1,-1,-1,false,n/a,n/a,RUSH_HOUR,7,116264432,Taxi Travel Distance [km],5.53,12.65,10.37,62.21,6,7.12
2026-05-19T10:02:27.419172100Z,TaxiAlgorithmVehicleRouting,0,-1,6,80,1,n/a,-1,-1,-1,false,n/a,n/a,RUSH_HOUR,7,116264432,Client Waiting Time [min],0.03,1.35,0.33,49.52,148,1.32
2026-05-19T10:02:27.419172100Z,TaxiAlgorithmVehicleRouting,0,-1,6,80,1,n/a,-1,-1,-1,false,n/a,n/a,RUSH_HOUR,7,116264432,Client Travel Time [min],14.0,89.0,38.21,3057.0,80,75.0
2026-05-19T10:02:27.419172100Z,TaxiAlgorithmVehicleRouting,0,-1,6,80,1,n/a,-1,-1,-1,false,n/a,n/a,RUSH_HOUR,7,116264432,Calculation Time [millis],0.0,10.0,0.07,266.0,3780,10.0
2026-05-19T10:02:27.419172100Z,TaxiAlgorithmVehicleRouting,0,-1,6,80,1,n/a,-1,-1,-1,false,n/a,n/a,RUSH_HOUR,7,116264432,Custom Time [micros],0.0,0.0,0.0,0.0,3780,0.0
2026-05-19T10:02:28.008282400Z,TaxiAlgorithmVehicleRouting,0,-1,6,80,1,n/a,-1,-1,-1,false,n/a,n/a,RUSH_HOUR,8,116264433,Taxi Travel Distance [km],5.93,18.79,12.62,75.72,6,12.86
2026-05-19T10:02:28.008282400Z,TaxiAlgorithmVehicleRouting,0,-1,6,80,1,n/a,-1,-1,-1,false,n/a,n/a,RUSH_HOUR,8,116264433,Client Waiting Time [min],0.08,2.25,0.55,95.63,173,2.17
2026-05-19T10:02:28.008282400Z,TaxiAlgorithmVehicleRouting,0,-1,6,80,1,n/a,-1,-1,-1,false,n/a,n/a,RUSH_HOUR,8,116264433,Client Travel Time [min],11.0,138.0,48.81,3905.0,80,127.0
2026-05-19T10:02:28.008282400Z,TaxiAlgorithmVehicleRouting,0,-1,6,80,1,n/a,-1,-1,-1,false,n/a,n/a,RUSH_HOUR,8,116264433,Calculation Time [millis],0.0,31.0,0.13,515.0,3888,31.0
2026-05-19T10:02:28.008282400Z,TaxiAlgorithmVehicleRouting,0,-1,6,80,1,n/a,-1,-1,-1,false,n/a,n/a,RUSH_HOUR,8,116264433,Custom Time [micros],0.0,0.0,0.0,0.0,3888,0.0
2026-05-19T10:02:28.414346300Z,TaxiAlgorithmVehicleRouting,0,-1,6,80,1,n/a,-1,-1,-1,false,n/a,n/a,RUSH_HOUR,9,116264434,Taxi Travel Distance [km],6.84,11.33,9.65,57.9,6,4.49
2026-05-19T10:02:28.414346300Z,TaxiAlgorithmVehicleRouting,0,-1,6,80,1,n/a,-1,-1,-1,false,n/a,n/a,RUSH_HOUR,9,116264434,Client Waiting Time [min],0.03,1.2,0.3,39.57,130,1.17
2026-05-19T10:02:28.414346300Z,TaxiAlgorithmVehicleRouting,0,-1,6,80,1,n/a,-1,-1,-1,false,n/a,n/a,RUSH_HOUR,9,116264434,Client Travel Time [min],9.0,80.0,35.65,2852.0,80,71.0
2026-05-19T10:02:28.414346300Z,TaxiAlgorithmVehicleRouting,0,-1,6,80,1,n/a,-1,-1,-1,false,n/a,n/a,RUSH_HOUR,9,116264434,Calculation Time [millis],0.0,13.0,0.08,309.0,3934,13.0
2026-05-19T10:02:28.414346300Z,TaxiAlgorithmVehicleRouting,0,-1,6,80,1,n/a,-1,-1,-1,false,n/a,n/a,RUSH_HOUR,9,116264434,Custom Time [micros],0.0,0.0,0.0,0.0,3934,0.0
2026-05-19T10:02:28.802685100Z,TaxiAlgorithmVehicleRouting,0,-1,6,80,1,n/a,-1,-1,-1,false,n/a,n/a,RUSH_HOUR,10,116264435,Taxi Travel Distance [km],3.17,13.53,10.04,60.23,6,10.36
2026-05-19T10:02:28.802685100Z,TaxiAlgorithmVehicleRouting,0,-1,6,80,1,n/a,-1,-1,-1,false,n/a,n/a,RUSH_HOUR,10,116264435,Client Waiting Time [min],0.05,1.6,0.37,56.02,153,1.55
2026-05-19T10:02:28.802685100Z,TaxiAlgorithmVehicleRouting,0,-1,6,80,1,n/a,-1,-1,-1,false,n/a,n/a,RUSH_HOUR,10,116264435,Client Travel Time [min],8.0,97.0,38.01,3041.0,80,89.0
2026-05-19T10:02:28.802685100Z,TaxiAlgorithmVehicleRouting,0,-1,6,80,1,n/a,-1,-1,-1,false,n/a,n/a,RUSH_HOUR,10,116264435,Calculation Time [millis],0.0,16.0,0.08,310.0,3898,16.0
2026-05-19T10:02:28.802685100Z,TaxiAlgorithmVehicleRouting,0,-1,6,80,1,n/a,-1,-1,-1,false,n/a,n/a,RUSH_HOUR,10,116264435,Custom Time [micros],0.0,0.0,0.0,0.0,3898,0.0
2026-05-19T10:02:29.160687500Z,TaxiAlgorithmVehicleRouting,0,-1,6,80,1,n/a,-1,-1,-1,false,n/a,n/a,SPATIAL_IMBALANCE,1,116264426,Taxi Travel Distance [km],3.56,13.87,10.0,60.0,6,10.309999999999999
2026-05-19T10:02:29.160687500Z,TaxiAlgorithmVehicleRouting,0,-1,6,80,1,n/a,-1,-1,-1,false,n/a,n/a,SPATIAL_IMBALANCE,1,116264426,Client Waiting Time [min],0.05,1.13,0.3,32.6,109,1.0799999999999998
2026-05-19T10:02:29.160687500Z,TaxiAlgorithmVehicleRouting,0,-1,6,80,1,n/a,-1,-1,-1,false,n/a,n/a,SPATIAL_IMBALANCE,1,116264426,Client Travel Time [min],13.0,78.0,36.26,2901.0,80,65.0
2026-05-19T10:02:29.160687500Z,TaxiAlgorithmVehicleRouting,0,-1,6,80,1,n/a,-1,-1,-1,false,n/a,n/a,SPATIAL_IMBALANCE,1,116264426,Calculation Time [millis],0.0,17.0,0.07,269.0,3934,17.0
2026-05-19T10:02:29.160687500Z,TaxiAlgorithmVehicleRouting,0,-1,6,80,1,n/a,-1,-1,-1,false,n/a,n/a,SPATIAL_IMBALANCE,1,116264426,Custom Time [micros],0.0,0.0,0.0,0.0,3934,0.0
2026-05-19T10:02:29.547687900Z,TaxiAlgorithmVehicleRouting,0,-1,6,80,1,n/a,-1,-1,-1,false,n/a,n/a,SPATIAL_IMBALANCE,2,116264427,Taxi Travel Distance [km],6.57,11.69,9.35,56.11,6,5.119999999999999
2026-05-19T10:02:29.547687900Z,TaxiAlgorithmVehicleRouting,0,-1,6,80,1,n/a,-1,-1,-1,false,n/a,n/a,SPATIAL_IMBALANCE,2,116264427,Client Waiting Time [min],0.05,1.23,0.35,45.08,128,1.18
2026-05-19T10:02:29.547687900Z,TaxiAlgorithmVehicleRouting,0,-1,6,80,1,n/a,-1,-1,-1,false,n/a,n/a,SPATIAL_IMBALANCE,2,116264427,Client Travel Time [min],13.0,76.0,34.93,2794.0,80,63.0
2026-05-19T10:02:29.547687900Z,TaxiAlgorithmVehicleRouting,0,-1,6,80,1,n/a,-1,-1,-1,false,n/a,n/a,SPATIAL_IMBALANCE,2,116264427,Calculation Time [millis],0.0,11.0,0.08,318.0,3990,11.0
2026-05-19T10:02:29.547687900Z,TaxiAlgorithmVehicleRouting,0,-1,6,80,1,n/a,-1,-1,-1,false,n/a,n/a,SPATIAL_IMBALANCE,2,116264427,Custom Time [micros],0.0,0.0,0.0,0.0,3990,0.0
2026-05-19T10:02:29.922949900Z,TaxiAlgorithmVehicleRouting,0,-1,6,80,1,n/a,-1,-1,-1,false,n/a,n/a,SPATIAL_IMBALANCE,3,116264428,Taxi Travel Distance [km],6.24,22.22,11.65,69.9,6,15.979999999999999
2026-05-19T10:02:29.922949900Z,TaxiAlgorithmVehicleRouting,0,-1,6,80,1,n/a,-1,-1,-1,false,n/a,n/a,SPATIAL_IMBALANCE,3,116264428,Client Waiting Time [min],0.05,1.6,0.39,48.37,123,1.55
2026-05-19T10:02:29.922949900Z,TaxiAlgorithmVehicleRouting,0,-1,6,80,1,n/a,-1,-1,-1,false,n/a,n/a,SPATIAL_IMBALANCE,3,116264428,Client Travel Time [min],10.0,99.0,42.34,3387.0,80,89.0
2026-05-19T10:02:29.922949900Z,TaxiAlgorithmVehicleRouting,0,-1,6,80,1,n/a,-1,-1,-1,false,n/a,n/a,SPATIAL_IMBALANCE,3,116264428,Calculation Time [millis],0.0,8.0,0.07,272.0,3915,8.0
2026-05-19T10:02:29.922949900Z,TaxiAlgorithmVehicleRouting,0,-1,6,80,1,n/a,-1,-1,-1,false,n/a,n/a,SPATIAL_IMBALANCE,3,116264428,Custom Time [micros],0.0,0.0,0.0,0.0,3915,0.0
2026-05-19T10:02:30.284952200Z,TaxiAlgorithmVehicleRouting,0,-1,6,80,1,n/a,-1,-1,-1,false,n/a,n/a,SPATIAL_IMBALANCE,4,116264429,Taxi Travel Distance [km],3.85,15.11,9.76,58.58,6,11.26
2026-05-19T10:02:30.284952200Z,TaxiAlgorithmVehicleRouting,0,-1,6,80,1,n/a,-1,-1,-1,false,n/a,n/a,SPATIAL_IMBALANCE,4,116264429,Client Waiting Time [min],0.05,1.23,0.31,37.67,121,1.18
2026-05-19T10:02:30.284952200Z,TaxiAlgorithmVehicleRouting,0,-1,6,80,1,n/a,-1,-1,-1,false,n/a,n/a,SPATIAL_IMBALANCE,4,116264429,Client Travel Time [min],13.0,79.0,35.64,2851.0,80,66.0
2026-05-19T10:02:30.284952200Z,TaxiAlgorithmVehicleRouting,0,-1,6,80,1,n/a,-1,-1,-1,false,n/a,n/a,SPATIAL_IMBALANCE,4,116264429,Calculation Time [millis],0.0,10.0,0.07,296.0,3990,10.0
2026-05-19T10:02:30.284952200Z,TaxiAlgorithmVehicleRouting,0,-1,6,80,1,n/a,-1,-1,-1,false,n/a,n/a,SPATIAL_IMBALANCE,4,116264429,Custom Time [micros],0.0,0.0,0.0,0.0,3990,0.0
2026-05-19T10:02:30.595951100Z,TaxiAlgorithmVehicleRouting,0,-1,6,80,1,n/a,-1,-1,-1,false,n/a,n/a,SPATIAL_IMBALANCE,5,116264430,Taxi Travel Distance [km],6.0,13.35,9.55,57.29,6,7.35
2026-05-19T10:02:30.595951100Z,TaxiAlgorithmVehicleRouting,0,-1,6,80,1,n/a,-1,-1,-1,false,n/a,n/a,SPATIAL_IMBALANCE,5,116264430,Client Waiting Time [min],0.05,0.98,0.27,28.27,103,0.9299999999999999
2026-05-19T10:02:30.595951100Z,TaxiAlgorithmVehicleRouting,0,-1,6,80,1,n/a,-1,-1,-1,false,n/a,n/a,SPATIAL_IMBALANCE,5,116264430,Client Travel Time [min],9.0,76.0,34.31,2745.0,80,67.0
2026-05-19T10:02:30.595951100Z,TaxiAlgorithmVehicleRouting,0,-1,6,80,1,n/a,-1,-1,-1,false,n/a,n/a,SPATIAL_IMBALANCE,5,116264430,Calculation Time [millis],0.0,6.0,0.06,234.0,3944,6.0
2026-05-19T10:02:30.595951100Z,TaxiAlgorithmVehicleRouting,0,-1,6,80,1,n/a,-1,-1,-1,false,n/a,n/a,SPATIAL_IMBALANCE,5,116264430,Custom Time [micros],0.0,0.0,0.0,0.0,3944,0.0
2026-05-19T10:02:30.906948100Z,TaxiAlgorithmVehicleRouting,0,-1,6,80,1,n/a,-1,-1,-1,false,n/a,n/a,SPATIAL_IMBALANCE,6,116264431,Taxi Travel Distance [km],7.45,14.19,10.2,61.18,6,6.739999999999999
2026-05-19T10:02:30.906948100Z,TaxiAlgorithmVehicleRouting,0,-1,6,80,1,n/a,-1,-1,-1,false,n/a,n/a,SPATIAL_IMBALANCE,6,116264431,Client Waiting Time [min],0.03,1.75,0.35,41.38,117,1.72
2026-05-19T10:02:30.906948100Z,TaxiAlgorithmVehicleRouting,0,-1,6,80,1,n/a,-1,-1,-1,false,n/a,n/a,SPATIAL_IMBALANCE,6,116264431,Client Travel Time [min],5.0,107.0,37.23,2978.0,80,102.0
2026-05-19T10:02:30.906948100Z,TaxiAlgorithmVehicleRouting,0,-1,6,80,1,n/a,-1,-1,-1,false,n/a,n/a,SPATIAL_IMBALANCE,6,116264431,Calculation Time [millis],0.0,7.0,0.06,233.0,3893,7.0
2026-05-19T10:02:30.906948100Z,TaxiAlgorithmVehicleRouting,0,-1,6,80,1,n/a,-1,-1,-1,false,n/a,n/a,SPATIAL_IMBALANCE,6,116264431,Custom Time [micros],0.0,0.0,0.0,0.0,3893,0.0
2026-05-19T10:02:31.283952100Z,TaxiAlgorithmVehicleRouting,0,-1,6,80,1,n/a,-1,-1,-1,false,n/a,n/a,SPATIAL_IMBALANCE,7,116264432,Taxi Travel Distance [km],7.8,11.7,10.26,61.56,6,3.8999999999999995
2026-05-19T10:02:31.283952100Z,TaxiAlgorithmVehicleRouting,0,-1,6,80,1,n/a,-1,-1,-1,false,n/a,n/a,SPATIAL_IMBALANCE,7,116264432,Client Waiting Time [min],0.03,1.53,0.33,35.1,106,1.5
2026-05-19T10:02:31.283952100Z,TaxiAlgorithmVehicleRouting,0,-1,6,80,1,n/a,-1,-1,-1,false,n/a,n/a,SPATIAL_IMBALANCE,7,116264432,Client Travel Time [min],12.0,95.0,37.1,2968.0,80,83.0
2026-05-19T10:02:31.283952100Z,TaxiAlgorithmVehicleRouting,0,-1,6,80,1,n/a,-1,-1,-1,false,n/a,n/a,SPATIAL_IMBALANCE,7,116264432,Calculation Time [millis],0.0,6.0,0.07,277.0,4019,6.0
2026-05-19T10:02:31.283952100Z,TaxiAlgorithmVehicleRouting,0,-1,6,80,1,n/a,-1,-1,-1,false,n/a,n/a,SPATIAL_IMBALANCE,7,116264432,Custom Time [micros],0.0,0.0,0.0,0.0,4019,0.0
2026-05-19T10:02:31.578175300Z,TaxiAlgorithmVehicleRouting,0,-1,6,80,1,n/a,-1,-1,-1,false,n/a,n/a,SPATIAL_IMBALANCE,8,116264433,Taxi Travel Distance [km],2.47,21.72,11.3,67.77,6,19.25
2026-05-19T10:02:31.578175300Z,TaxiAlgorithmVehicleRouting,0,-1,6,80,1,n/a,-1,-1,-1,false,n/a,n/a,SPATIAL_IMBALANCE,8,116264433,Client Waiting Time [min],0.05,1.2,0.35,40.15,114,1.15
2026-05-19T10:02:31.578175300Z,TaxiAlgorithmVehicleRouting,0,-1,6,80,1,n/a,-1,-1,-1,false,n/a,n/a,SPATIAL_IMBALANCE,8,116264433,Client Travel Time [min],9.0,88.0,41.06,3285.0,80,79.0
2026-05-19T10:02:31.578175300Z,TaxiAlgorithmVehicleRouting,0,-1,6,80,1,n/a,-1,-1,-1,false,n/a,n/a,SPATIAL_IMBALANCE,8,116264433,Calculation Time [millis],0.0,7.0,0.06,224.0,4031,7.0
2026-05-19T10:02:31.578175300Z,TaxiAlgorithmVehicleRouting,0,-1,6,80,1,n/a,-1,-1,-1,false,n/a,n/a,SPATIAL_IMBALANCE,8,116264433,Custom Time [micros],0.0,0.0,0.0,0.0,4031,0.0
2026-05-19T10:02:31.890173100Z,TaxiAlgorithmVehicleRouting,0,-1,6,80,1,n/a,-1,-1,-1,false,n/a,n/a,SPATIAL_IMBALANCE,9,116264434,Taxi Travel Distance [km],3.6,11.99,9.7,58.18,6,8.39
2026-05-19T10:02:31.890173100Z,TaxiAlgorithmVehicleRouting,0,-1,6,80,1,n/a,-1,-1,-1,false,n/a,n/a,SPATIAL_IMBALANCE,9,116264434,Client Waiting Time [min],0.03,0.93,0.29,31.62,108,0.9
2026-05-19T10:02:31.890173100Z,TaxiAlgorithmVehicleRouting,0,-1,6,80,1,n/a,-1,-1,-1,false,n/a,n/a,SPATIAL_IMBALANCE,9,116264434,Client Travel Time [min],7.0,66.0,34.86,2789.0,80,59.0
2026-05-19T10:02:31.890173100Z,TaxiAlgorithmVehicleRouting,0,-1,6,80,1,n/a,-1,-1,-1,false,n/a,n/a,SPATIAL_IMBALANCE,9,116264434,Calculation Time [millis],0.0,7.0,0.06,238.0,4025,7.0
2026-05-19T10:02:31.890173100Z,TaxiAlgorithmVehicleRouting,0,-1,6,80,1,n/a,-1,-1,-1,false,n/a,n/a,SPATIAL_IMBALANCE,9,116264434,Custom Time [micros],0.0,0.0,0.0,0.0,4025,0.0
2026-05-19T10:02:32.231700900Z,TaxiAlgorithmVehicleRouting,0,-1,6,80,1,n/a,-1,-1,-1,false,n/a,n/a,SPATIAL_IMBALANCE,10,116264435,Taxi Travel Distance [km],6.95,14.48,9.98,59.91,6,7.53
2026-05-19T10:02:32.231700900Z,TaxiAlgorithmVehicleRouting,0,-1,6,80,1,n/a,-1,-1,-1,false,n/a,n/a,SPATIAL_IMBALANCE,10,116264435,Client Waiting Time [min],0.03,1.22,0.35,39.53,114,1.19
2026-05-19T10:02:32.231700900Z,TaxiAlgorithmVehicleRouting,0,-1,6,80,1,n/a,-1,-1,-1,false,n/a,n/a,SPATIAL_IMBALANCE,10,116264435,Client Travel Time [min],12.0,80.0,36.43,2914.0,80,68.0
2026-05-19T10:02:32.231700900Z,TaxiAlgorithmVehicleRouting,0,-1,6,80,1,n/a,-1,-1,-1,false,n/a,n/a,SPATIAL_IMBALANCE,10,116264435,Calculation Time [millis],0.0,9.0,0.06,257.0,3993,9.0
2026-05-19T10:02:32.231700900Z,TaxiAlgorithmVehicleRouting,0,-1,6,80,1,n/a,-1,-1,-1,false,n/a,n/a,SPATIAL_IMBALANCE,10,116264435,Custom Time [micros],0.0,0.0,0.0,0.0,3993,0.0
2026-05-19T10:02:32.570701600Z,TaxiAlgorithmVehicleRouting,0,-1,6,80,1,n/a,-1,-1,-1,false,n/a,n/a,SPATIAL_ISLANDS,1,116264426,Taxi Travel Distance [km],7.75,14.67,10.62,63.74,6,6.92
2026-05-19T10:02:32.570701600Z,TaxiAlgorithmVehicleRouting,0,-1,6,80,1,n/a,-1,-1,-1,false,n/a,n/a,SPATIAL_ISLANDS,1,116264426,Client Waiting Time [min],0.03,1.53,0.35,40.63,115,1.5
2026-05-19T10:02:32.570701600Z,TaxiAlgorithmVehicleRouting,0,-1,6,80,1,n/a,-1,-1,-1,false,n/a,n/a,SPATIAL_ISLANDS,1,116264426,Client Travel Time [min],13.0,101.0,39.56,3165.0,80,88.0
2026-05-19T10:02:32.570701600Z,TaxiAlgorithmVehicleRouting,0,-1,6,80,1,n/a,-1,-1,-1,false,n/a,n/a,SPATIAL_ISLANDS,1,116264426,Calculation Time [millis],0.0,10.0,0.06,257.0,3958,10.0
2026-05-19T10:02:32.570701600Z,TaxiAlgorithmVehicleRouting,0,-1,6,80,1,n/a,-1,-1,-1,false,n/a,n/a,SPATIAL_ISLANDS,1,116264426,Custom Time [micros],0.0,0.0,0.0,0.0,3958,0.0
2026-05-19T10:02:32.958191900Z,TaxiAlgorithmVehicleRouting,0,-1,6,80,1,n/a,-1,-1,-1,false,n/a,n/a,SPATIAL_ISLANDS,2,116264427,Taxi Travel Distance [km],4.02,15.35,11.72,70.33,6,11.33
2026-05-19T10:02:32.958191900Z,TaxiAlgorithmVehicleRouting,0,-1,6,80,1,n/a,-1,-1,-1,false,n/a,n/a,SPATIAL_ISLANDS,2,116264427,Client Waiting Time [min],0.05,2.38,0.41,51.4,126,2.33
2026-05-19T10:02:32.958191900Z,TaxiAlgorithmVehicleRouting,0,-1,6,80,1,n/a,-1,-1,-1,false,n/a,n/a,SPATIAL_ISLANDS,2,116264427,Client Travel Time [min],14.0,144.0,42.81,3425.0,80,130.0
2026-05-19T10:02:32.958191900Z,TaxiAlgorithmVehicleRouting,0,-1,6,80,1,n/a,-1,-1,-1,false,n/a,n/a,SPATIAL_ISLANDS,2,116264427,Calculation Time [millis],0.0,9.0,0.08,305.0,4016,9.0
2026-05-19T10:02:32.958191900Z,TaxiAlgorithmVehicleRouting,0,-1,6,80,1,n/a,-1,-1,-1,false,n/a,n/a,SPATIAL_ISLANDS,2,116264427,Custom Time [micros],0.0,0.0,0.0,0.0,4016,0.0
2026-05-19T10:02:33.354190600Z,TaxiAlgorithmVehicleRouting,0,-1,6,80,1,n/a,-1,-1,-1,false,n/a,n/a,SPATIAL_ISLANDS,3,116264428,Taxi Travel Distance [km],3.49,18.98,11.82,70.93,6,15.49
2026-05-19T10:02:33.354190600Z,TaxiAlgorithmVehicleRouting,0,-1,6,80,1,n/a,-1,-1,-1,false,n/a,n/a,SPATIAL_ISLANDS,3,116264428,Client Waiting Time [min],0.03,1.4,0.38,45.85,121,1.3699999999999999
2026-05-19T10:02:33.354190600Z,TaxiAlgorithmVehicleRouting,0,-1,6,80,1,n/a,-1,-1,-1,false,n/a,n/a,SPATIAL_ISLANDS,3,116264428,Client Travel Time [min],20.0,92.0,43.35,3468.0,80,72.0
2026-05-19T10:02:33.354190600Z,TaxiAlgorithmVehicleRouting,0,-1,6,80,1,n/a,-1,-1,-1,false,n/a,n/a,SPATIAL_ISLANDS,3,116264428,Calculation Time [millis],0.0,12.0,0.08,313.0,3946,12.0
2026-05-19T10:02:33.354190600Z,TaxiAlgorithmVehicleRouting,0,-1,6,80,1,n/a,-1,-1,-1,false,n/a,n/a,SPATIAL_ISLANDS,3,116264428,Custom Time [micros],0.0,0.0,0.0,0.0,3946,0.0
2026-05-19T10:02:33.705188900Z,TaxiAlgorithmVehicleRouting,0,-1,6,80,1,n/a,-1,-1,-1,false,n/a,n/a,SPATIAL_ISLANDS,4,116264429,Taxi Travel Distance [km],6.78,16.77,11.07,66.43,6,9.989999999999998
2026-05-19T10:02:33.705188900Z,TaxiAlgorithmVehicleRouting,0,-1,6,80,1,n/a,-1,-1,-1,false,n/a,n/a,SPATIAL_ISLANDS,4,116264429,Client Waiting Time [min],0.03,1.1,0.35,44.82,127,1.07
2026-05-19T10:02:33.705188900Z,TaxiAlgorithmVehicleRouting,0,-1,6,80,1,n/a,-1,-1,-1,false,n/a,n/a,SPATIAL_ISLANDS,4,116264429,Client Travel Time [min],16.0,90.0,41.25,3300.0,80,74.0
2026-05-19T10:02:33.705188900Z,TaxiAlgorithmVehicleRouting,0,-1,6,80,1,n/a,-1,-1,-1,false,n/a,n/a,SPATIAL_ISLANDS,4,116264429,Calculation Time [millis],0.0,12.0,0.07,282.0,4034,12.0
2026-05-19T10:02:33.705188900Z,TaxiAlgorithmVehicleRouting,0,-1,6,80,1,n/a,-1,-1,-1,false,n/a,n/a,SPATIAL_ISLANDS,4,116264429,Custom Time [micros],0.0,0.0,0.0,0.0,4034,0.0
2026-05-19T10:02:34.019190900Z,TaxiAlgorithmVehicleRouting,0,-1,6,80,1,n/a,-1,-1,-1,false,n/a,n/a,SPATIAL_ISLANDS,5,116264430,Taxi Travel Distance [km],6.49,17.27,10.72,64.35,6,10.78
2026-05-19T10:02:34.019190900Z,TaxiAlgorithmVehicleRouting,0,-1,6,80,1,n/a,-1,-1,-1,false,n/a,n/a,SPATIAL_ISLANDS,5,116264430,Client Waiting Time [min],0.03,1.13,0.35,41.43,117,1.0999999999999999
2026-05-19T10:02:34.019190900Z,TaxiAlgorithmVehicleRouting,0,-1,6,80,1,n/a,-1,-1,-1,false,n/a,n/a,SPATIAL_ISLANDS,5,116264430,Client Travel Time [min],10.0,83.0,38.79,3103.0,80,73.0
2026-05-19T10:02:34.019190900Z,TaxiAlgorithmVehicleRouting,0,-1,6,80,1,n/a,-1,-1,-1,false,n/a,n/a,SPATIAL_ISLANDS,5,116264430,Calculation Time [millis],0.0,6.0,0.05,214.0,3956,6.0
2026-05-19T10:02:34.019190900Z,TaxiAlgorithmVehicleRouting,0,-1,6,80,1,n/a,-1,-1,-1,false,n/a,n/a,SPATIAL_ISLANDS,5,116264430,Custom Time [micros],0.0,0.0,0.0,0.0,3956,0.0
2026-05-19T10:02:34.347187200Z,TaxiAlgorithmVehicleRouting,0,-1,6,80,1,n/a,-1,-1,-1,false,n/a,n/a,SPATIAL_ISLANDS,6,116264431,Taxi Travel Distance [km],4.34,14.45,10.79,64.72,6,10.11
2026-05-19T10:02:34.347187200Z,TaxiAlgorithmVehicleRouting,0,-1,6,80,1,n/a,-1,-1,-1,false,n/a,n/a,SPATIAL_ISLANDS,6,116264431,Client Waiting Time [min],0.03,1.05,0.34,42.22,125,1.02
2026-05-19T10:02:34.347187200Z,TaxiAlgorithmVehicleRouting,0,-1,6,80,1,n/a,-1,-1,-1,false,n/a,n/a,SPATIAL_ISLANDS,6,116264431,Client Travel Time [min],7.0,74.0,38.81,3105.0,80,67.0
2026-05-19T10:02:34.347187200Z,TaxiAlgorithmVehicleRouting,0,-1,6,80,1,n/a,-1,-1,-1,false,n/a,n/a,SPATIAL_ISLANDS,6,116264431,Calculation Time [millis],0.0,7.0,0.06,256.0,3961,7.0
2026-05-19T10:02:34.347187200Z,TaxiAlgorithmVehicleRouting,0,-1,6,80,1,n/a,-1,-1,-1,false,n/a,n/a,SPATIAL_ISLANDS,6,116264431,Custom Time [micros],0.0,0.0,0.0,0.0,3961,0.0
2026-05-19T10:02:34.670496600Z,TaxiAlgorithmVehicleRouting,0,-1,6,80,1,n/a,-1,-1,-1,false,n/a,n/a,SPATIAL_ISLANDS,7,116264432,Taxi Travel Distance [km],2.69,21.14,11.22,67.29,6,18.45
2026-05-19T10:02:34.670496600Z,TaxiAlgorithmVehicleRouting,0,-1,6,80,1,n/a,-1,-1,-1,false,n/a,n/a,SPATIAL_ISLANDS,7,116264432,Client Waiting Time [min],0.05,0.98,0.31,34.18,110,0.9299999999999999
2026-05-19T10:02:34.670496600Z,TaxiAlgorithmVehicleRouting,0,-1,6,80,1,n/a,-1,-1,-1,false,n/a,n/a,SPATIAL_ISLANDS,7,116264432,Client Travel Time [min],12.0,74.0,40.09,3207.0,80,62.0
2026-05-19T10:02:34.670496600Z,TaxiAlgorithmVehicleRouting,0,-1,6,80,1,n/a,-1,-1,-1,false,n/a,n/a,SPATIAL_ISLANDS,7,116264432,Calculation Time [millis],0.0,12.0,0.06,259.0,4014,12.0
2026-05-19T10:02:34.670496600Z,TaxiAlgorithmVehicleRouting,0,-1,6,80,1,n/a,-1,-1,-1,false,n/a,n/a,SPATIAL_ISLANDS,7,116264432,Custom Time [micros],0.0,0.0,0.0,0.0,4014,0.0
2026-05-19T10:02:35.030987400Z,TaxiAlgorithmVehicleRouting,0,-1,6,80,1,n/a,-1,-1,-1,false,n/a,n/a,SPATIAL_ISLANDS,8,116264433,Taxi Travel Distance [km],4.35,19.81,12.23,73.4,6,15.459999999999999
2026-05-19T10:02:35.030987400Z,TaxiAlgorithmVehicleRouting,0,-1,6,80,1,n/a,-1,-1,-1,false,n/a,n/a,SPATIAL_ISLANDS,8,116264433,Client Waiting Time [min],0.05,1.68,0.37,39.95,108,1.63
2026-05-19T10:02:35.030987400Z,TaxiAlgorithmVehicleRouting,0,-1,6,80,1,n/a,-1,-1,-1,false,n/a,n/a,SPATIAL_ISLANDS,8,116264433,Client Travel Time [min],18.0,113.0,44.06,3525.0,80,95.0
2026-05-19T10:02:35.030987400Z,TaxiAlgorithmVehicleRouting,0,-1,6,80,1,n/a,-1,-1,-1,false,n/a,n/a,SPATIAL_ISLANDS,8,116264433,Calculation Time [millis],0.0,13.0,0.07,295.0,4017,13.0
2026-05-19T10:02:35.030987400Z,TaxiAlgorithmVehicleRouting,0,-1,6,80,1,n/a,-1,-1,-1,false,n/a,n/a,SPATIAL_ISLANDS,8,116264433,Custom Time [micros],0.0,0.0,0.0,0.0,4017,0.0
2026-05-19T10:02:35.341986300Z,TaxiAlgorithmVehicleRouting,0,-1,6,80,1,n/a,-1,-1,-1,false,n/a,n/a,SPATIAL_ISLANDS,9,116264434,Taxi Travel Distance [km],2.63,17.3,11.28,67.66,6,14.670000000000002
2026-05-19T10:02:35.341986300Z,TaxiAlgorithmVehicleRouting,0,-1,6,80,1,n/a,-1,-1,-1,false,n/a,n/a,SPATIAL_ISLANDS,9,116264434,Client Waiting Time [min],0.05,1.42,0.35,38.38,110,1.3699999999999999
2026-05-19T10:02:35.341986300Z,TaxiAlgorithmVehicleRouting,0,-1,6,80,1,n/a,-1,-1,-1,false,n/a,n/a,SPATIAL_ISLANDS,9,116264434,Client Travel Time [min],13.0,107.0,40.58,3246.0,80,94.0
2026-05-19T10:02:35.341986300Z,TaxiAlgorithmVehicleRouting,0,-1,6,80,1,n/a,-1,-1,-1,false,n/a,n/a,SPATIAL_ISLANDS,9,116264434,Calculation Time [millis],0.0,6.0,0.05,222.0,4051,6.0
2026-05-19T10:02:35.341986300Z,TaxiAlgorithmVehicleRouting,0,-1,6,80,1,n/a,-1,-1,-1,false,n/a,n/a,SPATIAL_ISLANDS,9,116264434,Custom Time [micros],0.0,0.0,0.0,0.0,4051,0.0
2026-05-19T10:02:35.671513800Z,TaxiAlgorithmVehicleRouting,0,-1,6,80,1,n/a,-1,-1,-1,false,n/a,n/a,SPATIAL_ISLANDS,10,116264435,Taxi Travel Distance [km],6.62,15.95,10.92,65.5,6,9.329999999999998
2026-05-19T10:02:35.671513800Z,TaxiAlgorithmVehicleRouting,0,-1,6,80,1,n/a,-1,-1,-1,false,n/a,n/a,SPATIAL_ISLANDS,10,116264435,Client Waiting Time [min],0.05,1.3,0.35,41.95,121,1.25
2026-05-19T10:02:35.671513800Z,TaxiAlgorithmVehicleRouting,0,-1,6,80,1,n/a,-1,-1,-1,false,n/a,n/a,SPATIAL_ISLANDS,10,116264435,Client Travel Time [min],11.0,91.0,40.1,3208.0,80,80.0
2026-05-19T10:02:35.671513800Z,TaxiAlgorithmVehicleRouting,0,-1,6,80,1,n/a,-1,-1,-1,false,n/a,n/a,SPATIAL_ISLANDS,10,116264435,Calculation Time [millis],0.0,18.0,0.07,260.0,3943,18.0
2026-05-19T10:02:35.671513800Z,TaxiAlgorithmVehicleRouting,0,-1,6,80,1,n/a,-1,-1,-1,false,n/a,n/a,SPATIAL_ISLANDS,10,116264435,Custom Time [micros],0.0,0.0,0.0,0.0,3943,0.0
