timestamp,algorithm,kHops,p2pRqsRadius,taxiCount,clientCount,taxiSeatCount,p2pStrategy,p2pOverlayMinNeighbors,p2pOverlayMaxNeighbors,p2pOverlayShortcuts,spawnScenario,runIndex,worldSeed,metric,min,max,avg,sum,count,spread
2026-05-08T14:01:03.236693400Z,TaxiAlgorithmP2PCollector,0,1000,5,25,1,nearest,1,4,1,BASELINE,1,116264426,Taxi Travel Distance [km],8.78,151.46,53.41,267.05,5,142.68
2026-05-08T14:01:03.236693400Z,TaxiAlgorithmP2PCollector,0,1000,5,25,1,nearest,1,4,1,BASELINE,1,116264426,Client Waiting Time [min],1.03,7.58,4.31,8.62,2,6.55
2026-05-08T14:01:03.236693400Z,TaxiAlgorithmP2PCollector,0,1000,5,25,1,nearest,1,4,1,BASELINE,1,116264426,Client Travel Time [min],755.0,31321.0,17391.32,434783.0,25,30566.0
2026-05-08T14:01:03.236693400Z,TaxiAlgorithmP2PCollector,0,1000,5,25,1,nearest,1,4,1,BASELINE,1,116264426,Calculation Time [millis],0.0,33.0,0.06,1964.0,32447,33.0
2026-05-08T14:01:03.236693400Z,TaxiAlgorithmP2PCollector,0,1000,5,25,1,nearest,1,4,1,BASELINE,1,116264426,Custom Time [micros],0.0,0.0,0.0,0.0,32447,0.0
2026-05-08T14:01:05.145608500Z,TaxiAlgorithmP2PCollector,0,1000,5,25,1,nearest,1,4,1,BASELINE,2,116264427,Taxi Travel Distance [km],35.84,450.68,223.9,1119.52,5,414.84000000000003
2026-05-08T14:01:05.145608500Z,TaxiAlgorithmP2PCollector,0,1000,5,25,1,nearest,1,4,1,BASELINE,2,116264427,Client Waiting Time [min],3.98,292.33,87.49,874.92,10,288.34999999999997
2026-05-08T14:01:05.145608500Z,TaxiAlgorithmP2PCollector,0,1000,5,25,1,nearest,1,4,1,BASELINE,2,116264427,Client Travel Time [min],935.0,35078.0,12697.56,317439.0,25,34143.0
2026-05-08T14:01:05.145608500Z,TaxiAlgorithmP2PCollector,0,1000,5,25,1,nearest,1,4,1,BASELINE,2,116264427,Calculation Time [millis],0.0,68.0,0.04,1656.0,37083,68.0
2026-05-08T14:01:05.145608500Z,TaxiAlgorithmP2PCollector,0,1000,5,25,1,nearest,1,4,1,BASELINE,2,116264427,Custom Time [micros],0.0,0.0,0.0,0.0,37083,0.0
2026-05-08T14:01:06.636623900Z,TaxiAlgorithmP2PCollector,0,1000,5,25,1,nearest,1,4,1,BASELINE,3,116264428,Taxi Travel Distance [km],13.46,557.05,204.47,1022.37,5,543.5899999999999
2026-05-08T14:01:06.636623900Z,TaxiAlgorithmP2PCollector,0,1000,5,25,1,nearest,1,4,1,BASELINE,3,116264428,Client Waiting Time [min],6.23,335.77,91.76,734.12,8,329.53999999999996
2026-05-08T14:01:06.636623900Z,TaxiAlgorithmP2PCollector,0,1000,5,25,1,nearest,1,4,1,BASELINE,3,116264428,Client Travel Time [min],1479.0,28707.0,11234.24,280856.0,25,27228.0
2026-05-08T14:01:06.636623900Z,TaxiAlgorithmP2PCollector,0,1000,5,25,1,nearest,1,4,1,BASELINE,3,116264428,Calculation Time [millis],0.0,52.0,0.04,1325.0,29512,52.0
2026-05-08T14:01:06.636623900Z,TaxiAlgorithmP2PCollector,0,1000,5,25,1,nearest,1,4,1,BASELINE,3,116264428,Custom Time [micros],0.0,0.0,0.0,0.0,29512,0.0
2026-05-08T14:01:08.238739200Z,TaxiAlgorithmP2PCollector,0,1000,5,25,1,nearest,1,4,1,BASELINE,4,116264429,Taxi Travel Distance [km],67.6,248.17,148.41,742.06,5,180.57
2026-05-08T14:01:08.238739200Z,TaxiAlgorithmP2PCollector,0,1000,5,25,1,nearest,1,4,1,BASELINE,4,116264429,Client Waiting Time [min],0.32,92.83,47.43,332.0,7,92.51
2026-05-08T14:01:08.238739200Z,TaxiAlgorithmP2PCollector,0,1000,5,25,1,nearest,1,4,1,BASELINE,4,116264429,Client Travel Time [min],987.0,36778.0,13900.6,347515.0,25,35791.0
2026-05-08T14:01:08.238739200Z,TaxiAlgorithmP2PCollector,0,1000,5,25,1,nearest,1,4,1,BASELINE,4,116264429,Calculation Time [millis],0.0,65.0,0.04,1444.0,37298,65.0
2026-05-08T14:01:08.238739200Z,TaxiAlgorithmP2PCollector,0,1000,5,25,1,nearest,1,4,1,BASELINE,4,116264429,Custom Time [micros],0.0,0.0,0.0,0.0,37298,0.0
2026-05-08T14:01:10.007738500Z,TaxiAlgorithmP2PCollector,0,1000,5,25,1,nearest,1,4,1,BASELINE,5,116264430,Taxi Travel Distance [km],10.03,171.87,45.47,227.35,5,161.84
2026-05-08T14:01:10.007738500Z,TaxiAlgorithmP2PCollector,0,1000,5,25,1,nearest,1,4,1,BASELINE,5,116264430,Client Waiting Time [min],7.32,86.9,41.18,205.9,5,79.58000000000001
2026-05-08T14:01:10.007738500Z,TaxiAlgorithmP2PCollector,0,1000,5,25,1,nearest,1,4,1,BASELINE,5,116264430,Client Travel Time [min],1243.0,34554.0,16798.2,419955.0,25,33311.0
2026-05-08T14:01:10.007738500Z,TaxiAlgorithmP2PCollector,0,1000,5,25,1,nearest,1,4,1,BASELINE,5,116264430,Calculation Time [millis],0.0,32.0,0.04,1531.0,38871,32.0
2026-05-08T14:01:10.007738500Z,TaxiAlgorithmP2PCollector,0,1000,5,25,1,nearest,1,4,1,BASELINE,5,116264430,Custom Time [micros],0.0,0.0,0.0,0.0,38871,0.0
2026-05-08T14:01:11.903739600Z,TaxiAlgorithmP2PCollector,0,1000,5,25,1,nearest,1,4,1,BASELINE,6,116264431,Taxi Travel Distance [km],5.13,71.52,36.68,183.41,5,66.39
2026-05-08T14:01:11.903739600Z,TaxiAlgorithmP2PCollector,0,1000,5,25,1,nearest,1,4,1,BASELINE,6,116264431,Client Waiting Time [min],6.35,7.07,6.71,13.42,2,0.7200000000000006
2026-05-08T14:01:11.903739600Z,TaxiAlgorithmP2PCollector,0,1000,5,25,1,nearest,1,4,1,BASELINE,6,116264431,Client Travel Time [min],1421.0,38900.0,17658.68,441467.0,25,37479.0
2026-05-08T14:01:11.903739600Z,TaxiAlgorithmP2PCollector,0,1000,5,25,1,nearest,1,4,1,BASELINE,6,116264431,Calculation Time [millis],0.0,41.0,0.04,1670.0,43285,41.0
2026-05-08T14:01:11.903739600Z,TaxiAlgorithmP2PCollector,0,1000,5,25,1,nearest,1,4,1,BASELINE,6,116264431,Custom Time [micros],0.0,0.0,0.0,0.0,43285,0.0
2026-05-08T14:01:13.714161100Z,TaxiAlgorithmP2PCollector,0,1000,5,25,1,nearest,1,4,1,BASELINE,7,116264432,Taxi Travel Distance [km],29.87,162.2,77.15,385.75,5,132.32999999999998
2026-05-08T14:01:13.714161100Z,TaxiAlgorithmP2PCollector,0,1000,5,25,1,nearest,1,4,1,BASELINE,7,116264432,Client Waiting Time [min],0.52,249.8,112.07,672.4,6,249.28
2026-05-08T14:01:13.714161100Z,TaxiAlgorithmP2PCollector,0,1000,5,25,1,nearest,1,4,1,BASELINE,7,116264432,Client Travel Time [min],160.0,33475.0,17553.6,438840.0,25,33315.0
2026-05-08T14:01:13.714161100Z,TaxiAlgorithmP2PCollector,0,1000,5,25,1,nearest,1,4,1,BASELINE,7,116264432,Calculation Time [millis],0.0,44.0,0.04,1560.0,37413,44.0
2026-05-08T14:01:13.714161100Z,TaxiAlgorithmP2PCollector,0,1000,5,25,1,nearest,1,4,1,BASELINE,7,116264432,Custom Time [micros],0.0,0.0,0.0,0.0,37413,0.0
2026-05-08T14:01:15.560676700Z,TaxiAlgorithmP2PCollector,0,1000,5,25,1,nearest,1,4,1,BASELINE,8,116264433,Taxi Travel Distance [km],4.11,109.75,38.59,192.95,5,105.64
2026-05-08T14:01:15.560676700Z,TaxiAlgorithmP2PCollector,0,1000,5,25,1,nearest,1,4,1,BASELINE,8,116264433,Client Waiting Time [min],15.9,15.9,15.9,15.9,1,0.0
2026-05-08T14:01:15.560676700Z,TaxiAlgorithmP2PCollector,0,1000,5,25,1,nearest,1,4,1,BASELINE,8,116264433,Client Travel Time [min],1230.0,37832.0,19340.6,483515.0,25,36602.0
2026-05-08T14:01:15.560676700Z,TaxiAlgorithmP2PCollector,0,1000,5,25,1,nearest,1,4,1,BASELINE,8,116264433,Calculation Time [millis],0.0,58.0,0.04,1658.0,42368,58.0
2026-05-08T14:01:15.560676700Z,TaxiAlgorithmP2PCollector,0,1000,5,25,1,nearest,1,4,1,BASELINE,8,116264433,Custom Time [micros],0.0,0.0,0.0,0.0,42368,0.0
2026-05-08T14:01:17.372852200Z,TaxiAlgorithmP2PCollector,0,1000,5,25,1,nearest,1,4,1,BASELINE,9,116264434,Taxi Travel Distance [km],20.57,214.19,93.08,465.42,5,193.62
2026-05-08T14:01:17.372852200Z,TaxiAlgorithmP2PCollector,0,1000,5,25,1,nearest,1,4,1,BASELINE,9,116264434,Client Waiting Time [min],12.03,76.43,30.36,151.78,5,64.4
2026-05-08T14:01:17.372852200Z,TaxiAlgorithmP2PCollector,0,1000,5,25,1,nearest,1,4,1,BASELINE,9,116264434,Client Travel Time [min],1340.0,37584.0,16672.76,416819.0,25,36244.0
2026-05-08T14:01:17.372852200Z,TaxiAlgorithmP2PCollector,0,1000,5,25,1,nearest,1,4,1,BASELINE,9,116264434,Calculation Time [millis],0.0,62.0,0.04,1602.0,40177,62.0
2026-05-08T14:01:17.372852200Z,TaxiAlgorithmP2PCollector,0,1000,5,25,1,nearest,1,4,1,BASELINE,9,116264434,Custom Time [micros],0.0,0.0,0.0,0.0,40177,0.0
2026-05-08T14:01:19.047540500Z,TaxiAlgorithmP2PCollector,0,1000,5,25,1,nearest,1,4,1,BASELINE,10,116264435,Taxi Travel Distance [km],17.83,180.69,79.81,399.05,5,162.86
2026-05-08T14:01:19.047540500Z,TaxiAlgorithmP2PCollector,0,1000,5,25,1,nearest,1,4,1,BASELINE,10,116264435,Client Waiting Time [min],33.65,39.9,37.76,113.27,3,6.25
2026-05-08T14:01:19.047540500Z,TaxiAlgorithmP2PCollector,0,1000,5,25,1,nearest,1,4,1,BASELINE,10,116264435,Client Travel Time [min],2974.0,32341.0,17395.76,434894.0,25,29367.0
2026-05-08T14:01:19.047540500Z,TaxiAlgorithmP2PCollector,0,1000,5,25,1,nearest,1,4,1,BASELINE,10,116264435,Calculation Time [millis],0.0,27.0,0.04,1476.0,36742,27.0
2026-05-08T14:01:19.047540500Z,TaxiAlgorithmP2PCollector,0,1000,5,25,1,nearest,1,4,1,BASELINE,10,116264435,Custom Time [micros],0.0,0.0,0.0,0.0,36742,0.0
2026-05-08T14:01:22.879797Z,TaxiAlgorithmP2PCollector,0,1000,10,25,1,nearest,1,4,1,BASELINE,1,116264426,Taxi Travel Distance [km],4.7,453.75,101.0,1009.96,10,449.05
2026-05-08T14:01:22.879797Z,TaxiAlgorithmP2PCollector,0,1000,10,25,1,nearest,1,4,1,BASELINE,1,116264426,Client Waiting Time [min],1.32,73.27,29.35,234.77,8,71.95
2026-05-08T14:01:22.879797Z,TaxiAlgorithmP2PCollector,0,1000,10,25,1,nearest,1,4,1,BASELINE,1,116264426,Client Travel Time [min],804.0,29701.0,13008.2,325205.0,25,28897.0
2026-05-08T14:01:22.879797Z,TaxiAlgorithmP2PCollector,0,1000,10,25,1,nearest,1,4,1,BASELINE,1,116264426,Calculation Time [millis],0.0,81.0,0.12,3624.0,30829,81.0
2026-05-08T14:01:22.879797Z,TaxiAlgorithmP2PCollector,0,1000,10,25,1,nearest,1,4,1,BASELINE,1,116264426,Custom Time [micros],0.0,0.0,0.0,0.0,30829,0.0
2026-05-08T14:01:27.396197Z,TaxiAlgorithmP2PCollector,0,1000,10,25,1,nearest,1,4,1,BASELINE,2,116264427,Taxi Travel Distance [km],2.26,406.13,129.84,1298.37,10,403.87
2026-05-08T14:01:27.396197Z,TaxiAlgorithmP2PCollector,0,1000,10,25,1,nearest,1,4,1,BASELINE,2,116264427,Client Waiting Time [min],1.12,234.28,52.79,791.83,15,233.16
2026-05-08T14:01:27.396197Z,TaxiAlgorithmP2PCollector,0,1000,10,25,1,nearest,1,4,1,BASELINE,2,116264427,Client Travel Time [min],417.0,35078.0,9185.8,229645.0,25,34661.0
2026-05-08T14:01:27.396197Z,TaxiAlgorithmP2PCollector,0,1000,10,25,1,nearest,1,4,1,BASELINE,2,116264427,Calculation Time [millis],0.0,93.0,0.12,4296.0,36892,93.0
2026-05-08T14:01:27.396197Z,TaxiAlgorithmP2PCollector,0,1000,10,25,1,nearest,1,4,1,BASELINE,2,116264427,Custom Time [micros],0.0,0.0,0.0,0.0,36892,0.0
2026-05-08T14:01:31.160244500Z,TaxiAlgorithmP2PCollector,0,1000,10,25,1,nearest,1,4,1,BASELINE,3,116264428,Taxi Travel Distance [km],11.79,198.47,79.43,794.32,10,186.68
2026-05-08T14:01:31.160244500Z,TaxiAlgorithmP2PCollector,0,1000,10,25,1,nearest,1,4,1,BASELINE,3,116264428,Client Waiting Time [min],0.75,65.53,21.55,129.32,6,64.78
2026-05-08T14:01:31.160244500Z,TaxiAlgorithmP2PCollector,0,1000,10,25,1,nearest,1,4,1,BASELINE,3,116264428,Client Travel Time [min],732.0,28707.0,10577.92,264448.0,25,27975.0
2026-05-08T14:01:31.160244500Z,TaxiAlgorithmP2PCollector,0,1000,10,25,1,nearest,1,4,1,BASELINE,3,116264428,Calculation Time [millis],0.0,71.0,0.12,3513.0,29512,71.0
2026-05-08T14:01:31.160244500Z,TaxiAlgorithmP2PCollector,0,1000,10,25,1,nearest,1,4,1,BASELINE,3,116264428,Custom Time [micros],0.0,0.0,0.0,0.0,29512,0.0
2026-05-08T14:01:35.827328500Z,TaxiAlgorithmP2PCollector,0,1000,10,25,1,nearest,1,4,1,BASELINE,4,116264429,Taxi Travel Distance [km],15.21,307.42,118.27,1182.71,10,292.21000000000004
2026-05-08T14:01:35.827328500Z,TaxiAlgorithmP2PCollector,0,1000,10,25,1,nearest,1,4,1,BASELINE,4,116264429,Client Waiting Time [min],2.3,118.02,52.08,624.9,12,115.72
2026-05-08T14:01:35.827328500Z,TaxiAlgorithmP2PCollector,0,1000,10,25,1,nearest,1,4,1,BASELINE,4,116264429,Client Travel Time [min],872.0,36778.0,12282.84,307071.0,25,35906.0
2026-05-08T14:01:35.827328500Z,TaxiAlgorithmP2PCollector,0,1000,10,25,1,nearest,1,4,1,BASELINE,4,116264429,Calculation Time [millis],0.0,101.0,0.12,4437.0,37298,101.0
2026-05-08T14:01:35.827328500Z,TaxiAlgorithmP2PCollector,0,1000,10,25,1,nearest,1,4,1,BASELINE,4,116264429,Custom Time [micros],0.0,0.0,0.0,0.0,37298,0.0
2026-05-08T14:01:40.819328700Z,TaxiAlgorithmP2PCollector,0,1000,10,25,1,nearest,1,4,1,BASELINE,5,116264430,Taxi Travel Distance [km],0.91,185.47,65.39,653.92,10,184.56
2026-05-08T14:01:40.819328700Z,TaxiAlgorithmP2PCollector,0,1000,10,25,1,nearest,1,4,1,BASELINE,5,116264430,Client Waiting Time [min],3.62,79.62,30.12,210.82,7,76.0
2026-05-08T14:01:40.819328700Z,TaxiAlgorithmP2PCollector,0,1000,10,25,1,nearest,1,4,1,BASELINE,5,116264430,Client Travel Time [min],1031.0,34554.0,14214.52,355363.0,25,33523.0
2026-05-08T14:01:40.819328700Z,TaxiAlgorithmP2PCollector,0,1000,10,25,1,nearest,1,4,1,BASELINE,5,116264430,Calculation Time [millis],0.0,103.0,0.12,4709.0,38871,103.0
2026-05-08T14:01:40.819328700Z,TaxiAlgorithmP2PCollector,0,1000,10,25,1,nearest,1,4,1,BASELINE,5,116264430,Custom Time [micros],0.0,0.0,0.0,0.0,38871,0.0
2026-05-08T14:01:46.241176400Z,TaxiAlgorithmP2PCollector,0,1000,10,25,1,nearest,1,4,1,BASELINE,6,116264431,Taxi Travel Distance [km],22.84,533.15,144.21,1442.15,10,510.31
2026-05-08T14:01:46.241176400Z,TaxiAlgorithmP2PCollector,0,1000,10,25,1,nearest,1,4,1,BASELINE,6,116264431,Client Waiting Time [min],8.33,279.13,89.05,1157.63,13,270.8
2026-05-08T14:01:46.241176400Z,TaxiAlgorithmP2PCollector,0,1000,10,25,1,nearest,1,4,1,BASELINE,6,116264431,Client Travel Time [min],1289.0,38900.0,12829.2,320730.0,25,37611.0
2026-05-08T14:01:46.241176400Z,TaxiAlgorithmP2PCollector,0,1000,10,25,1,nearest,1,4,1,BASELINE,6,116264431,Calculation Time [millis],0.0,116.0,0.12,5175.0,43285,116.0
2026-05-08T14:01:46.241176400Z,TaxiAlgorithmP2PCollector,0,1000,10,25,1,nearest,1,4,1,BASELINE,6,116264431,Custom Time [micros],0.0,0.0,0.0,0.0,43285,0.0
2026-05-08T14:01:50.811960800Z,TaxiAlgorithmP2PCollector,0,1000,10,25,1,nearest,1,4,1,BASELINE,7,116264432,Taxi Travel Distance [km],21.55,335.28,98.39,983.87,10,313.72999999999996
2026-05-08T14:01:50.811960800Z,TaxiAlgorithmP2PCollector,0,1000,10,25,1,nearest,1,4,1,BASELINE,7,116264432,Client Waiting Time [min],0.52,245.32,77.49,852.35,11,244.79999999999998
2026-05-08T14:01:50.811960800Z,TaxiAlgorithmP2PCollector,0,1000,10,25,1,nearest,1,4,1,BASELINE,7,116264432,Client Travel Time [min],160.0,33475.0,14400.84,360021.0,25,33315.0
2026-05-08T14:01:50.811960800Z,TaxiAlgorithmP2PCollector,0,1000,10,25,1,nearest,1,4,1,BASELINE,7,116264432,Calculation Time [millis],0.0,81.0,0.12,4317.0,37413,81.0
2026-05-08T14:01:50.811960800Z,TaxiAlgorithmP2PCollector,0,1000,10,25,1,nearest,1,4,1,BASELINE,7,116264432,Custom Time [micros],0.0,0.0,0.0,0.0,37413,0.0
2026-05-08T14:01:54.909707600Z,TaxiAlgorithmP2PCollector,0,1000,10,25,1,nearest,1,4,1,BASELINE,8,116264433,Taxi Travel Distance [km],6.27,351.19,103.12,1031.22,10,344.92
2026-05-08T14:01:54.909707600Z,TaxiAlgorithmP2PCollector,0,1000,10,25,1,nearest,1,4,1,BASELINE,8,116264433,Client Waiting Time [min],0.05,180.68,59.92,719.08,12,180.63
2026-05-08T14:01:54.909707600Z,TaxiAlgorithmP2PCollector,0,1000,10,25,1,nearest,1,4,1,BASELINE,8,116264433,Client Travel Time [min],760.0,31907.0,10862.88,271572.0,25,31147.0
2026-05-08T14:01:54.909707600Z,TaxiAlgorithmP2PCollector,0,1000,10,25,1,nearest,1,4,1,BASELINE,8,116264433,Calculation Time [millis],0.0,75.0,0.11,3838.0,34143,75.0
2026-05-08T14:01:54.909707600Z,TaxiAlgorithmP2PCollector,0,1000,10,25,1,nearest,1,4,1,BASELINE,8,116264433,Custom Time [micros],0.0,0.0,0.0,0.0,34143,0.0
2026-05-08T14:01:59.031155500Z,TaxiAlgorithmP2PCollector,0,1000,10,25,1,nearest,1,4,1,BASELINE,9,116264434,Taxi Travel Distance [km],1.31,324.28,106.36,1063.62,10,322.96999999999997
2026-05-08T14:01:59.031155500Z,TaxiAlgorithmP2PCollector,0,1000,10,25,1,nearest,1,4,1,BASELINE,9,116264434,Client Waiting Time [min],3.33,112.98,36.67,366.7,10,109.65
2026-05-08T14:01:59.031155500Z,TaxiAlgorithmP2PCollector,0,1000,10,25,1,nearest,1,4,1,BASELINE,9,116264434,Client Travel Time [min],1210.0,29886.0,10748.56,268714.0,25,28676.0
2026-05-08T14:01:59.031155500Z,TaxiAlgorithmP2PCollector,0,1000,10,25,1,nearest,1,4,1,BASELINE,9,116264434,Calculation Time [millis],0.0,83.0,0.11,3848.0,33588,83.0
2026-05-08T14:01:59.031155500Z,TaxiAlgorithmP2PCollector,0,1000,10,25,1,nearest,1,4,1,BASELINE,9,116264434,Custom Time [micros],0.0,0.0,0.0,0.0,33588,0.0
2026-05-08T14:02:03.618527300Z,TaxiAlgorithmP2PCollector,0,1000,10,25,1,nearest,1,4,1,BASELINE,10,116264435,Taxi Travel Distance [km],5.42,244.19,67.03,670.31,10,238.77
2026-05-08T14:02:03.618527300Z,TaxiAlgorithmP2PCollector,0,1000,10,25,1,nearest,1,4,1,BASELINE,10,116264435,Client Waiting Time [min],6.73,100.83,29.93,149.65,5,94.1
2026-05-08T14:02:03.618527300Z,TaxiAlgorithmP2PCollector,0,1000,10,25,1,nearest,1,4,1,BASELINE,10,116264435,Client Travel Time [min],882.0,32341.0,15842.64,396066.0,25,31459.0
2026-05-08T14:02:03.618527300Z,TaxiAlgorithmP2PCollector,0,1000,10,25,1,nearest,1,4,1,BASELINE,10,116264435,Calculation Time [millis],0.0,98.0,0.12,4341.0,36742,98.0
2026-05-08T14:02:03.618527300Z,TaxiAlgorithmP2PCollector,0,1000,10,25,1,nearest,1,4,1,BASELINE,10,116264435,Custom Time [micros],0.0,0.0,0.0,0.0,36742,0.0
2026-05-08T14:02:08.863135400Z,TaxiAlgorithmP2PCollector,0,1000,10,50,1,nearest,1,4,1,BASELINE,1,116264426,Taxi Travel Distance [km],10.81,523.39,181.04,1810.44,10,512.58
2026-05-08T14:02:08.863135400Z,TaxiAlgorithmP2PCollector,0,1000,10,50,1,nearest,1,4,1,BASELINE,1,116264426,Client Waiting Time [min],4.85,291.73,74.23,1929.9,26,286.88
2026-05-08T14:02:08.863135400Z,TaxiAlgorithmP2PCollector,0,1000,10,50,1,nearest,1,4,1,BASELINE,1,116264426,Client Travel Time [min],594.0,36881.0,11448.52,572426.0,50,36287.0
2026-05-08T14:02:08.863135400Z,TaxiAlgorithmP2PCollector,0,1000,10,50,1,nearest,1,4,1,BASELINE,1,116264426,Calculation Time [millis],0.0,114.0,0.12,4905.0,39255,114.0
2026-05-08T14:02:08.863135400Z,TaxiAlgorithmP2PCollector,0,1000,10,50,1,nearest,1,4,1,BASELINE,1,116264426,Custom Time [micros],0.0,0.0,0.0,0.0,39255,0.0
2026-05-08T14:02:13.701999Z,TaxiAlgorithmP2PCollector,0,1000,10,50,1,nearest,1,4,1,BASELINE,2,116264427,Taxi Travel Distance [km],2.72,326.25,133.76,1337.56,10,323.53
2026-05-08T14:02:13.701999Z,TaxiAlgorithmP2PCollector,0,1000,10,50,1,nearest,1,4,1,BASELINE,2,116264427,Client Waiting Time [min],2.1,209.62,79.87,1916.95,24,207.52
2026-05-08T14:02:13.701999Z,TaxiAlgorithmP2PCollector,0,1000,10,50,1,nearest,1,4,1,BASELINE,2,116264427,Client Travel Time [min],766.0,38862.0,11343.46,567173.0,50,38096.0
2026-05-08T14:02:13.701999Z,TaxiAlgorithmP2PCollector,0,1000,10,50,1,nearest,1,4,1,BASELINE,2,116264427,Calculation Time [millis],0.0,93.0,0.12,4614.0,39634,93.0
2026-05-08T14:02:13.701999Z,TaxiAlgorithmP2PCollector,0,1000,10,50,1,nearest,1,4,1,BASELINE,2,116264427,Custom Time [micros],0.0,0.0,0.0,0.0,39634,0.0
2026-05-08T14:02:17.735049900Z,TaxiAlgorithmP2PCollector,0,1000,10,50,1,nearest,1,4,1,BASELINE,3,116264428,Taxi Travel Distance [km],15.09,224.24,114.23,1142.3,10,209.15
2026-05-08T14:02:17.735049900Z,TaxiAlgorithmP2PCollector,0,1000,10,50,1,nearest,1,4,1,BASELINE,3,116264428,Client Waiting Time [min],3.0,144.3,45.98,919.6,20,141.3
2026-05-08T14:02:17.735049900Z,TaxiAlgorithmP2PCollector,0,1000,10,50,1,nearest,1,4,1,BASELINE,3,116264428,Client Travel Time [min],635.0,30089.0,10940.66,547033.0,50,29454.0
2026-05-08T14:02:17.735049900Z,TaxiAlgorithmP2PCollector,0,1000,10,50,1,nearest,1,4,1,BASELINE,3,116264428,Calculation Time [millis],0.0,85.0,0.12,3782.0,32301,85.0
2026-05-08T14:02:17.735049900Z,TaxiAlgorithmP2PCollector,0,1000,10,50,1,nearest,1,4,1,BASELINE,3,116264428,Custom Time [micros],0.0,0.0,0.0,0.0,32301,0.0
2026-05-08T14:02:22.510501300Z,TaxiAlgorithmP2PCollector,0,1000,10,50,1,nearest,1,4,1,BASELINE,4,116264429,Taxi Travel Distance [km],11.36,130.49,78.43,784.34,10,119.13000000000001
2026-05-08T14:02:22.510501300Z,TaxiAlgorithmP2PCollector,0,1000,10,50,1,nearest,1,4,1,BASELINE,4,116264429,Client Waiting Time [min],1.6,59.05,21.64,324.67,15,57.449999999999996
2026-05-08T14:02:22.510501300Z,TaxiAlgorithmP2PCollector,0,1000,10,50,1,nearest,1,4,1,BASELINE,4,116264429,Client Travel Time [min],594.0,34336.0,12866.58,643329.0,50,33742.0
2026-05-08T14:02:22.510501300Z,TaxiAlgorithmP2PCollector,0,1000,10,50,1,nearest,1,4,1,BASELINE,4,116264429,Calculation Time [millis],0.0,88.0,0.12,4544.0,38943,88.0
2026-05-08T14:02:22.510501300Z,TaxiAlgorithmP2PCollector,0,1000,10,50,1,nearest,1,4,1,BASELINE,4,116264429,Custom Time [micros],0.0,0.0,0.0,0.0,38943,0.0
2026-05-08T14:02:27.682465100Z,TaxiAlgorithmP2PCollector,0,1000,10,50,1,nearest,1,4,1,BASELINE,5,116264430,Taxi Travel Distance [km],5.69,389.54,84.65,846.49,10,383.85
2026-05-08T14:02:27.682465100Z,TaxiAlgorithmP2PCollector,0,1000,10,50,1,nearest,1,4,1,BASELINE,5,116264430,Client Waiting Time [min],0.67,134.93,42.79,427.87,10,134.26000000000002
2026-05-08T14:02:27.682465100Z,TaxiAlgorithmP2PCollector,0,1000,10,50,1,nearest,1,4,1,BASELINE,5,116264430,Client Travel Time [min],465.0,34554.0,16901.22,845061.0,50,34089.0
2026-05-08T14:02:27.682465100Z,TaxiAlgorithmP2PCollector,0,1000,10,50,1,nearest,1,4,1,BASELINE,5,116264430,Calculation Time [millis],0.0,104.0,0.12,4825.0,38871,104.0
2026-05-08T14:02:27.682465100Z,TaxiAlgorithmP2PCollector,0,1000,10,50,1,nearest,1,4,1,BASELINE,5,116264430,Custom Time [micros],0.0,0.0,0.0,0.0,38871,0.0
2026-05-08T14:02:32.432236200Z,TaxiAlgorithmP2PCollector,0,1000,10,50,1,nearest,1,4,1,BASELINE,6,116264431,Taxi Travel Distance [km],44.7,365.33,186.35,1863.5,10,320.63
2026-05-08T14:02:32.432236200Z,TaxiAlgorithmP2PCollector,0,1000,10,50,1,nearest,1,4,1,BASELINE,6,116264431,Client Waiting Time [min],0.2,191.63,49.43,1581.83,32,191.43
2026-05-08T14:02:32.432236200Z,TaxiAlgorithmP2PCollector,0,1000,10,50,1,nearest,1,4,1,BASELINE,6,116264431,Client Travel Time [min],925.0,34636.0,9046.46,452323.0,50,33711.0
2026-05-08T14:02:32.432236200Z,TaxiAlgorithmP2PCollector,0,1000,10,50,1,nearest,1,4,1,BASELINE,6,116264431,Calculation Time [millis],0.0,95.0,0.12,4479.0,37180,95.0
2026-05-08T14:02:32.432236200Z,TaxiAlgorithmP2PCollector,0,1000,10,50,1,nearest,1,4,1,BASELINE,6,116264431,Custom Time [micros],0.0,0.0,0.0,0.0,37180,0.0
2026-05-08T14:02:37.806270200Z,TaxiAlgorithmP2PCollector,0,1000,10,50,1,nearest,1,4,1,BASELINE,7,116264432,Taxi Travel Distance [km],11.44,287.54,114.73,1147.31,10,276.1
2026-05-08T14:02:37.806270200Z,TaxiAlgorithmP2PCollector,0,1000,10,50,1,nearest,1,4,1,BASELINE,7,116264432,Client Waiting Time [min],0.52,155.27,40.47,768.93,19,154.75
2026-05-08T14:02:37.806270200Z,TaxiAlgorithmP2PCollector,0,1000,10,50,1,nearest,1,4,1,BASELINE,7,116264432,Client Travel Time [min],160.0,37845.0,12623.58,631179.0,50,37685.0
2026-05-08T14:02:37.806270200Z,TaxiAlgorithmP2PCollector,0,1000,10,50,1,nearest,1,4,1,BASELINE,7,116264432,Calculation Time [millis],0.0,120.0,0.12,5082.0,42702,120.0
2026-05-08T14:02:37.806270200Z,TaxiAlgorithmP2PCollector,0,1000,10,50,1,nearest,1,4,1,BASELINE,7,116264432,Custom Time [micros],0.0,0.0,0.0,0.0,42702,0.0
2026-05-08T14:02:43.235306900Z,TaxiAlgorithmP2PCollector,0,1000,10,50,1,nearest,1,4,1,BASELINE,8,116264433,Taxi Travel Distance [km],1.91,119.68,39.05,390.53,10,117.77000000000001
2026-05-08T14:02:43.235306900Z,TaxiAlgorithmP2PCollector,0,1000,10,50,1,nearest,1,4,1,BASELINE,8,116264433,Client Waiting Time [min],3.38,16.07,9.71,38.83,4,12.690000000000001
2026-05-08T14:02:43.235306900Z,TaxiAlgorithmP2PCollector,0,1000,10,50,1,nearest,1,4,1,BASELINE,8,116264433,Client Travel Time [min],554.0,38685.0,17863.88,893194.0,50,38131.0
2026-05-08T14:02:43.235306900Z,TaxiAlgorithmP2PCollector,0,1000,10,50,1,nearest,1,4,1,BASELINE,8,116264433,Calculation Time [millis],0.0,122.0,0.12,5174.0,42368,122.0
2026-05-08T14:02:43.235306900Z,TaxiAlgorithmP2PCollector,0,1000,10,50,1,nearest,1,4,1,BASELINE,8,116264433,Custom Time [micros],0.0,0.0,0.0,0.0,42368,0.0
2026-05-08T14:02:48.358762800Z,TaxiAlgorithmP2PCollector,0,1000,10,50,1,nearest,1,4,1,BASELINE,9,116264434,Taxi Travel Distance [km],2.21,211.36,98.37,983.67,10,209.15
2026-05-08T14:02:48.358762800Z,TaxiAlgorithmP2PCollector,0,1000,10,50,1,nearest,1,4,1,BASELINE,9,116264434,Client Waiting Time [min],0.28,396.57,41.56,872.72,21,396.29
2026-05-08T14:02:48.358762800Z,TaxiAlgorithmP2PCollector,0,1000,10,50,1,nearest,1,4,1,BASELINE,9,116264434,Client Travel Time [min],82.0,37442.0,13089.22,654461.0,50,37360.0
2026-05-08T14:02:48.358762800Z,TaxiAlgorithmP2PCollector,0,1000,10,50,1,nearest,1,4,1,BASELINE,9,116264434,Calculation Time [millis],0.0,90.0,0.12,4893.0,41166,90.0
2026-05-08T14:02:48.358762800Z,TaxiAlgorithmP2PCollector,0,1000,10,50,1,nearest,1,4,1,BASELINE,9,116264434,Custom Time [micros],0.0,0.0,0.0,0.0,41166,0.0
2026-05-08T14:02:53.185718400Z,TaxiAlgorithmP2PCollector,0,1000,10,50,1,nearest,1,4,1,BASELINE,10,116264435,Taxi Travel Distance [km],7.9,252.45,81.39,813.9,10,244.54999999999998
2026-05-08T14:02:53.185718400Z,TaxiAlgorithmP2PCollector,0,1000,10,50,1,nearest,1,4,1,BASELINE,10,116264435,Client Waiting Time [min],1.65,130.5,38.72,619.58,16,128.85
2026-05-08T14:02:53.185718400Z,TaxiAlgorithmP2PCollector,0,1000,10,50,1,nearest,1,4,1,BASELINE,10,116264435,Client Travel Time [min],250.0,31481.0,14335.7,716785.0,50,31231.0
2026-05-08T14:02:53.185718400Z,TaxiAlgorithmP2PCollector,0,1000,10,50,1,nearest,1,4,1,BASELINE,10,116264435,Calculation Time [millis],0.0,78.0,0.13,4487.0,35871,78.0
2026-05-08T14:02:53.185718400Z,TaxiAlgorithmP2PCollector,0,1000,10,50,1,nearest,1,4,1,BASELINE,10,116264435,Custom Time [micros],0.0,0.0,0.0,0.0,35871,0.0
2026-05-08T14:03:06.616610400Z,TaxiAlgorithmP2PCollector,0,1000,20,50,1,nearest,1,4,1,BASELINE,1,116264426,Taxi Travel Distance [km],3.68,465.11,115.43,2308.66,20,461.43
2026-05-08T14:03:06.616610400Z,TaxiAlgorithmP2PCollector,0,1000,20,50,1,nearest,1,4,1,BASELINE,1,116264426,Client Waiting Time [min],1.82,259.92,55.42,1828.88,33,258.1
2026-05-08T14:03:06.616610400Z,TaxiAlgorithmP2PCollector,0,1000,20,50,1,nearest,1,4,1,BASELINE,1,116264426,Client Travel Time [min],520.0,26276.0,6813.8,340690.0,50,25756.0
2026-05-08T14:03:06.616610400Z,TaxiAlgorithmP2PCollector,0,1000,20,50,1,nearest,1,4,1,BASELINE,1,116264426,Calculation Time [millis],0.0,163.0,0.45,13082.0,29115,163.0
2026-05-08T14:03:06.616610400Z,TaxiAlgorithmP2PCollector,0,1000,20,50,1,nearest,1,4,1,BASELINE,1,116264426,Custom Time [micros],0.0,0.0,0.0,0.0,29115,0.0
2026-05-08T14:03:21.216854900Z,TaxiAlgorithmP2PCollector,0,1000,20,50,1,nearest,1,4,1,BASELINE,2,116264427,Taxi Travel Distance [km],19.27,491.47,161.19,3223.78,20,472.20000000000005
2026-05-08T14:03:21.216854900Z,TaxiAlgorithmP2PCollector,0,1000,20,50,1,nearest,1,4,1,BASELINE,2,116264427,Client Waiting Time [min],3.45,255.6,66.29,2518.98,38,252.15
2026-05-08T14:03:21.216854900Z,TaxiAlgorithmP2PCollector,0,1000,20,50,1,nearest,1,4,1,BASELINE,2,116264427,Client Travel Time [min],326.0,27738.0,7696.04,384802.0,50,27412.0
2026-05-08T14:03:21.216854900Z,TaxiAlgorithmP2PCollector,0,1000,20,50,1,nearest,1,4,1,BASELINE,2,116264427,Calculation Time [millis],0.0,168.0,0.45,14275.0,31678,168.0
2026-05-08T14:03:21.216854900Z,TaxiAlgorithmP2PCollector,0,1000,20,50,1,nearest,1,4,1,BASELINE,2,116264427,Custom Time [micros],0.0,0.0,0.0,0.0,31678,0.0
2026-05-08T14:03:34.900399700Z,TaxiAlgorithmP2PCollector,0,1000,20,50,1,nearest,1,4,1,BASELINE,3,116264428,Taxi Travel Distance [km],5.79,572.24,154.17,3083.37,20,566.45
2026-05-08T14:03:34.900399700Z,TaxiAlgorithmP2PCollector,0,1000,20,50,1,nearest,1,4,1,BASELINE,3,116264428,Client Waiting Time [min],0.28,99.0,33.52,1173.05,35,98.72
2026-05-08T14:03:34.900399700Z,TaxiAlgorithmP2PCollector,0,1000,20,50,1,nearest,1,4,1,BASELINE,3,116264428,Client Travel Time [min],460.0,28707.0,6485.04,324252.0,50,28247.0
2026-05-08T14:03:34.900399700Z,TaxiAlgorithmP2PCollector,0,1000,20,50,1,nearest,1,4,1,BASELINE,3,116264428,Calculation Time [millis],0.0,158.0,0.45,13299.0,29512,158.0
2026-05-08T14:03:34.900399700Z,TaxiAlgorithmP2PCollector,0,1000,20,50,1,nearest,1,4,1,BASELINE,3,116264428,Custom Time [micros],0.0,0.0,0.0,0.0,29512,0.0
2026-05-08T14:03:53.407728100Z,TaxiAlgorithmP2PCollector,0,1000,20,50,1,nearest,1,4,1,BASELINE,4,116264429,Taxi Travel Distance [km],5.07,177.89,65.06,1301.29,20,172.82
2026-05-08T14:03:53.407728100Z,TaxiAlgorithmP2PCollector,0,1000,20,50,1,nearest,1,4,1,BASELINE,4,116264429,Client Waiting Time [min],0.38,451.07,36.02,828.43,23,450.69
2026-05-08T14:03:53.407728100Z,TaxiAlgorithmP2PCollector,0,1000,20,50,1,nearest,1,4,1,BASELINE,4,116264429,Client Travel Time [min],323.0,34336.0,10056.14,502807.0,50,34013.0
2026-05-08T14:03:53.407728100Z,TaxiAlgorithmP2PCollector,0,1000,20,50,1,nearest,1,4,1,BASELINE,4,116264429,Calculation Time [millis],0.0,172.0,0.47,18127.0,38943,172.0
2026-05-08T14:03:53.407728100Z,TaxiAlgorithmP2PCollector,0,1000,20,50,1,nearest,1,4,1,BASELINE,4,116264429,Custom Time [micros],0.0,0.0,0.0,0.0,38943,0.0
2026-05-08T14:04:11.635170400Z,TaxiAlgorithmP2PCollector,0,1000,20,50,1,nearest,1,4,1,BASELINE,5,116264430,Taxi Travel Distance [km],7.97,505.66,113.72,2274.44,20,497.69
2026-05-08T14:04:11.635170400Z,TaxiAlgorithmP2PCollector,0,1000,20,50,1,nearest,1,4,1,BASELINE,5,116264430,Client Waiting Time [min],0.53,486.62,83.25,2830.53,34,486.09000000000003
2026-05-08T14:04:11.635170400Z,TaxiAlgorithmP2PCollector,0,1000,20,50,1,nearest,1,4,1,BASELINE,5,116264430,Client Travel Time [min],430.0,34554.0,10109.34,505467.0,50,34124.0
2026-05-08T14:04:11.635170400Z,TaxiAlgorithmP2PCollector,0,1000,20,50,1,nearest,1,4,1,BASELINE,5,116264430,Calculation Time [millis],0.0,207.0,0.46,17806.0,38871,207.0
2026-05-08T14:04:11.635170400Z,TaxiAlgorithmP2PCollector,0,1000,20,50,1,nearest,1,4,1,BASELINE,5,116264430,Custom Time [micros],0.0,0.0,0.0,0.0,38871,0.0
2026-05-08T14:04:31.777422400Z,TaxiAlgorithmP2PCollector,0,1000,20,50,1,nearest,1,4,1,BASELINE,6,116264431,Taxi Travel Distance [km],5.13,658.79,156.94,3138.81,20,653.66
2026-05-08T14:04:31.777422400Z,TaxiAlgorithmP2PCollector,0,1000,20,50,1,nearest,1,4,1,BASELINE,6,116264431,Client Waiting Time [min],5.53,405.48,92.66,3057.7,33,399.95000000000005
2026-05-08T14:04:31.777422400Z,TaxiAlgorithmP2PCollector,0,1000,20,50,1,nearest,1,4,1,BASELINE,6,116264431,Client Travel Time [min],890.0,38260.0,10799.26,539963.0,50,37370.0
2026-05-08T14:04:31.777422400Z,TaxiAlgorithmP2PCollector,0,1000,20,50,1,nearest,1,4,1,BASELINE,6,116264431,Calculation Time [millis],0.0,163.0,0.47,19715.0,42309,163.0
2026-05-08T14:04:31.777422400Z,TaxiAlgorithmP2PCollector,0,1000,20,50,1,nearest,1,4,1,BASELINE,6,116264431,Custom Time [micros],0.0,0.0,0.0,0.0,42309,0.0
2026-05-08T14:04:52.749138100Z,TaxiAlgorithmP2PCollector,0,1000,20,50,1,nearest,1,4,1,BASELINE,7,116264432,Taxi Travel Distance [km],7.88,270.21,92.52,1850.48,20,262.33
2026-05-08T14:04:52.749138100Z,TaxiAlgorithmP2PCollector,0,1000,20,50,1,nearest,1,4,1,BASELINE,7,116264432,Client Waiting Time [min],0.52,141.87,43.8,1182.58,27,141.35
2026-05-08T14:04:52.749138100Z,TaxiAlgorithmP2PCollector,0,1000,20,50,1,nearest,1,4,1,BASELINE,7,116264432,Client Travel Time [min],160.0,37845.0,9686.86,484343.0,50,37685.0
2026-05-08T14:04:52.749138100Z,TaxiAlgorithmP2PCollector,0,1000,20,50,1,nearest,1,4,1,BASELINE,7,116264432,Calculation Time [millis],0.0,144.0,0.48,20499.0,42702,144.0
2026-05-08T14:04:52.749138100Z,TaxiAlgorithmP2PCollector,0,1000,20,50,1,nearest,1,4,1,BASELINE,7,116264432,Custom Time [micros],0.0,0.0,0.0,0.0,42702,0.0
2026-05-08T14:05:12.125384200Z,TaxiAlgorithmP2PCollector,0,1000,20,50,1,nearest,1,4,1,BASELINE,8,116264433,Taxi Travel Distance [km],1.37,554.11,104.33,2086.57,20,552.74
2026-05-08T14:05:12.125384200Z,TaxiAlgorithmP2PCollector,0,1000,20,50,1,nearest,1,4,1,BASELINE,8,116264433,Client Waiting Time [min],0.58,205.18,63.03,2016.9,32,204.6
2026-05-08T14:05:12.125384200Z,TaxiAlgorithmP2PCollector,0,1000,20,50,1,nearest,1,4,1,BASELINE,8,116264433,Client Travel Time [min],296.0,36135.0,9880.78,494039.0,50,35839.0
2026-05-08T14:05:12.125384200Z,TaxiAlgorithmP2PCollector,0,1000,20,50,1,nearest,1,4,1,BASELINE,8,116264433,Calculation Time [millis],0.0,113.0,0.47,18920.0,40423,113.0
2026-05-08T14:05:12.125384200Z,TaxiAlgorithmP2PCollector,0,1000,20,50,1,nearest,1,4,1,BASELINE,8,116264433,Custom Time [micros],0.0,0.0,0.0,0.0,40423,0.0
2026-05-08T14:05:32.383639800Z,TaxiAlgorithmP2PCollector,0,1000,20,50,1,nearest,1,4,1,BASELINE,9,116264434,Taxi Travel Distance [km],1.84,413.13,120.98,2419.66,20,411.29
2026-05-08T14:05:32.383639800Z,TaxiAlgorithmP2PCollector,0,1000,20,50,1,nearest,1,4,1,BASELINE,9,116264434,Client Waiting Time [min],3.32,226.63,41.16,946.7,23,223.31
2026-05-08T14:05:32.383639800Z,TaxiAlgorithmP2PCollector,0,1000,20,50,1,nearest,1,4,1,BASELINE,9,116264434,Client Travel Time [min],499.0,37442.0,11839.66,591983.0,50,36943.0
2026-05-08T14:05:32.383639800Z,TaxiAlgorithmP2PCollector,0,1000,20,50,1,nearest,1,4,1,BASELINE,9,116264434,Calculation Time [millis],0.0,100.0,0.48,19723.0,41166,100.0
2026-05-08T14:05:32.383639800Z,TaxiAlgorithmP2PCollector,0,1000,20,50,1,nearest,1,4,1,BASELINE,9,116264434,Custom Time [micros],0.0,0.0,0.0,0.0,41166,0.0
2026-05-08T14:05:47.890016Z,TaxiAlgorithmP2PCollector,0,1000,20,50,1,nearest,1,4,1,BASELINE,10,116264435,Taxi Travel Distance [km],3.79,631.89,165.12,3302.49,20,628.1
2026-05-08T14:05:47.890016Z,TaxiAlgorithmP2PCollector,0,1000,20,50,1,nearest,1,4,1,BASELINE,10,116264435,Client Waiting Time [min],0.27,374.25,60.23,2529.62,42,373.98
2026-05-08T14:05:47.890016Z,TaxiAlgorithmP2PCollector,0,1000,20,50,1,nearest,1,4,1,BASELINE,10,116264435,Client Travel Time [min],305.0,30765.0,6017.76,300888.0,50,30460.0
2026-05-08T14:05:47.890016Z,TaxiAlgorithmP2PCollector,0,1000,20,50,1,nearest,1,4,1,BASELINE,10,116264435,Calculation Time [millis],0.0,90.0,0.46,15148.0,32898,90.0
2026-05-08T14:05:47.890016Z,TaxiAlgorithmP2PCollector,0,1000,20,50,1,nearest,1,4,1,BASELINE,10,116264435,Custom Time [micros],0.0,0.0,0.0,0.0,32898,0.0
2026-05-08T14:06:04.825818700Z,TaxiAlgorithmP2PCollector,0,1000,20,100,1,nearest,1,4,1,BASELINE,1,116264426,Taxi Travel Distance [km],7.09,721.01,140.54,2810.73,20,713.92
2026-05-08T14:06:04.825818700Z,TaxiAlgorithmP2PCollector,0,1000,20,100,1,nearest,1,4,1,BASELINE,1,116264426,Client Waiting Time [min],0.65,394.58,84.42,4980.95,59,393.93
2026-05-08T14:06:04.825818700Z,TaxiAlgorithmP2PCollector,0,1000,20,100,1,nearest,1,4,1,BASELINE,1,116264426,Client Travel Time [min],411.0,32202.0,8959.8,895980.0,100,31791.0
2026-05-08T14:06:04.825818700Z,TaxiAlgorithmP2PCollector,0,1000,20,100,1,nearest,1,4,1,BASELINE,1,116264426,Calculation Time [millis],0.0,85.0,0.47,16509.0,34796,85.0
2026-05-08T14:06:04.825818700Z,TaxiAlgorithmP2PCollector,0,1000,20,100,1,nearest,1,4,1,BASELINE,1,116264426,Custom Time [micros],0.0,0.0,0.0,0.0,34796,0.0
2026-05-08T14:06:24.192929100Z,TaxiAlgorithmP2PCollector,0,1000,20,100,1,nearest,1,4,1,BASELINE,2,116264427,Taxi Travel Distance [km],2.0,462.06,176.32,3526.42,20,460.06
2026-05-08T14:06:24.192929100Z,TaxiAlgorithmP2PCollector,0,1000,20,100,1,nearest,1,4,1,BASELINE,2,116264427,Client Waiting Time [min],1.42,422.22,61.25,3797.45,62,420.8
2026-05-08T14:06:24.192929100Z,TaxiAlgorithmP2PCollector,0,1000,20,100,1,nearest,1,4,1,BASELINE,2,116264427,Client Travel Time [min],341.0,35463.0,9906.11,990611.0,100,35122.0
2026-05-08T14:06:24.192929100Z,TaxiAlgorithmP2PCollector,0,1000,20,100,1,nearest,1,4,1,BASELINE,2,116264427,Calculation Time [millis],0.0,152.0,0.48,18937.0,39171,152.0
2026-05-08T14:06:24.192929100Z,TaxiAlgorithmP2PCollector,0,1000,20,100,1,nearest,1,4,1,BASELINE,2,116264427,Custom Time [micros],0.0,0.0,0.0,0.0,39171,0.0
2026-05-08T14:06:41.715379800Z,TaxiAlgorithmP2PCollector,0,1000,20,100,1,nearest,1,4,1,BASELINE,3,116264428,Taxi Travel Distance [km],16.01,399.59,152.25,3045.04,20,383.58
2026-05-08T14:06:41.715379800Z,TaxiAlgorithmP2PCollector,0,1000,20,100,1,nearest,1,4,1,BASELINE,3,116264428,Client Waiting Time [min],2.23,251.23,59.97,3897.87,65,249.0
2026-05-08T14:06:41.715379800Z,TaxiAlgorithmP2PCollector,0,1000,20,100,1,nearest,1,4,1,BASELINE,3,116264428,Client Travel Time [min],238.0,33738.0,8348.3,834830.0,100,33500.0
2026-05-08T14:06:41.715379800Z,TaxiAlgorithmP2PCollector,0,1000,20,100,1,nearest,1,4,1,BASELINE,3,116264428,Calculation Time [millis],0.0,198.0,0.46,17022.0,37047,198.0
2026-05-08T14:06:41.715379800Z,TaxiAlgorithmP2PCollector,0,1000,20,100,1,nearest,1,4,1,BASELINE,3,116264428,Custom Time [micros],0.0,0.0,0.0,0.0,37047,0.0
2026-05-08T14:06:59.095251400Z,TaxiAlgorithmP2PCollector,0,1000,20,100,1,nearest,1,4,1,BASELINE,4,116264429,Taxi Travel Distance [km],2.25,326.5,102.8,2055.93,20,324.25
2026-05-08T14:06:59.095251400Z,TaxiAlgorithmP2PCollector,0,1000,20,100,1,nearest,1,4,1,BASELINE,4,116264429,Client Waiting Time [min],1.48,499.78,56.51,2712.48,48,498.29999999999995
2026-05-08T14:06:59.095251400Z,TaxiAlgorithmP2PCollector,0,1000,20,100,1,nearest,1,4,1,BASELINE,4,116264429,Client Travel Time [min],576.0,33217.0,10375.45,1037545.0,100,32641.0
2026-05-08T14:06:59.095251400Z,TaxiAlgorithmP2PCollector,0,1000,20,100,1,nearest,1,4,1,BASELINE,4,116264429,Calculation Time [millis],0.0,174.0,0.46,16847.0,36339,174.0
2026-05-08T14:06:59.095251400Z,TaxiAlgorithmP2PCollector,0,1000,20,100,1,nearest,1,4,1,BASELINE,4,116264429,Custom Time [micros],0.0,0.0,0.0,0.0,36339,0.0
2026-05-08T14:07:17.741719600Z,TaxiAlgorithmP2PCollector,0,1000,20,100,1,nearest,1,4,1,BASELINE,5,116264430,Taxi Travel Distance [km],3.58,268.85,80.38,1607.67,20,265.27000000000004
2026-05-08T14:07:17.741719600Z,TaxiAlgorithmP2PCollector,0,1000,20,100,1,nearest,1,4,1,BASELINE,5,116264430,Client Waiting Time [min],0.33,565.93,60.2,2287.48,38,565.5999999999999
2026-05-08T14:07:17.741719600Z,TaxiAlgorithmP2PCollector,0,1000,20,100,1,nearest,1,4,1,BASELINE,5,116264430,Client Travel Time [min],680.0,35575.0,12956.93,1295693.0,100,34895.0
2026-05-08T14:07:17.741719600Z,TaxiAlgorithmP2PCollector,0,1000,20,100,1,nearest,1,4,1,BASELINE,5,116264430,Calculation Time [millis],0.0,165.0,0.47,18232.0,39011,165.0
2026-05-08T14:07:17.741719600Z,TaxiAlgorithmP2PCollector,0,1000,20,100,1,nearest,1,4,1,BASELINE,5,116264430,Custom Time [micros],0.0,0.0,0.0,0.0,39011,0.0
2026-05-08T14:07:38.152573600Z,TaxiAlgorithmP2PCollector,0,1000,20,100,1,nearest,1,4,1,BASELINE,6,116264431,Taxi Travel Distance [km],16.87,441.94,166.81,3336.17,20,425.07
2026-05-08T14:07:38.152573600Z,TaxiAlgorithmP2PCollector,0,1000,20,100,1,nearest,1,4,1,BASELINE,6,116264431,Client Waiting Time [min],0.47,639.95,69.06,4281.73,62,639.48
2026-05-08T14:07:38.152573600Z,TaxiAlgorithmP2PCollector,0,1000,20,100,1,nearest,1,4,1,BASELINE,6,116264431,Client Travel Time [min],624.0,38424.0,9442.81,944281.0,100,37800.0
2026-05-08T14:07:38.152573600Z,TaxiAlgorithmP2PCollector,0,1000,20,100,1,nearest,1,4,1,BASELINE,6,116264431,Calculation Time [millis],0.0,175.0,0.47,19997.0,42809,175.0
2026-05-08T14:07:38.152573600Z,TaxiAlgorithmP2PCollector,0,1000,20,100,1,nearest,1,4,1,BASELINE,6,116264431,Custom Time [micros],0.0,0.0,0.0,0.0,42809,0.0
2026-05-08T14:07:57.872510700Z,TaxiAlgorithmP2PCollector,0,1000,20,100,1,nearest,1,4,1,BASELINE,7,116264432,Taxi Travel Distance [km],23.25,785.13,203.51,4070.28,20,761.88
2026-05-08T14:07:57.872510700Z,TaxiAlgorithmP2PCollector,0,1000,20,100,1,nearest,1,4,1,BASELINE,7,116264432,Client Waiting Time [min],0.08,413.38,57.82,4105.38,71,413.3
2026-05-08T14:07:57.872510700Z,TaxiAlgorithmP2PCollector,0,1000,20,100,1,nearest,1,4,1,BASELINE,7,116264432,Client Travel Time [min],160.0,38556.0,8221.18,822118.0,100,38396.0
2026-05-08T14:07:57.872510700Z,TaxiAlgorithmP2PCollector,0,1000,20,100,1,nearest,1,4,1,BASELINE,7,116264432,Calculation Time [millis],0.0,194.0,0.45,19253.0,42692,194.0
2026-05-08T14:07:57.872510700Z,TaxiAlgorithmP2PCollector,0,1000,20,100,1,nearest,1,4,1,BASELINE,7,116264432,Custom Time [micros],0.0,0.0,0.0,0.0,42692,0.0
2026-05-08T14:08:18.341085900Z,TaxiAlgorithmP2PCollector,0,1000,20,100,1,nearest,1,4,1,BASELINE,8,116264433,Taxi Travel Distance [km],2.91,512.6,98.49,1969.78,20,509.69
2026-05-08T14:08:18.341085900Z,TaxiAlgorithmP2PCollector,0,1000,20,100,1,nearest,1,4,1,BASELINE,8,116264433,Client Waiting Time [min],0.23,386.15,77.21,2779.43,36,385.91999999999996
2026-05-08T14:08:18.341085900Z,TaxiAlgorithmP2PCollector,0,1000,20,100,1,nearest,1,4,1,BASELINE,8,116264433,Client Travel Time [min],502.0,38685.0,14124.19,1412419.0,100,38183.0
2026-05-08T14:08:18.341085900Z,TaxiAlgorithmP2PCollector,0,1000,20,100,1,nearest,1,4,1,BASELINE,8,116264433,Calculation Time [millis],0.0,146.0,0.47,19893.0,42368,146.0
2026-05-08T14:08:18.341085900Z,TaxiAlgorithmP2PCollector,0,1000,20,100,1,nearest,1,4,1,BASELINE,8,116264433,Custom Time [micros],0.0,0.0,0.0,0.0,42368,0.0
2026-05-08T14:08:37.472896100Z,TaxiAlgorithmP2PCollector,0,1000,20,100,1,nearest,1,4,1,BASELINE,9,116264434,Taxi Travel Distance [km],2.26,383.15,112.97,2259.48,20,380.89
2026-05-08T14:08:37.472896100Z,TaxiAlgorithmP2PCollector,0,1000,20,100,1,nearest,1,4,1,BASELINE,9,116264434,Client Waiting Time [min],0.22,190.5,52.78,2797.27,53,190.28
2026-05-08T14:08:37.472896100Z,TaxiAlgorithmP2PCollector,0,1000,20,100,1,nearest,1,4,1,BASELINE,9,116264434,Client Travel Time [min],202.0,35704.0,11275.67,1127567.0,100,35502.0
2026-05-08T14:08:37.472896100Z,TaxiAlgorithmP2PCollector,0,1000,20,100,1,nearest,1,4,1,BASELINE,9,116264434,Calculation Time [millis],0.0,182.0,0.46,18636.0,40703,182.0
2026-05-08T14:08:37.472896100Z,TaxiAlgorithmP2PCollector,0,1000,20,100,1,nearest,1,4,1,BASELINE,9,116264434,Custom Time [micros],0.0,0.0,0.0,0.0,40703,0.0
2026-05-08T14:08:56.093649300Z,TaxiAlgorithmP2PCollector,0,1000,20,100,1,nearest,1,4,1,BASELINE,10,116264435,Taxi Travel Distance [km],6.33,398.54,102.49,2049.88,20,392.21000000000004
2026-05-08T14:08:56.093649300Z,TaxiAlgorithmP2PCollector,0,1000,20,100,1,nearest,1,4,1,BASELINE,10,116264435,Client Waiting Time [min],0.58,237.43,47.47,1993.8,42,236.85
2026-05-08T14:08:56.093649300Z,TaxiAlgorithmP2PCollector,0,1000,20,100,1,nearest,1,4,1,BASELINE,10,116264435,Client Travel Time [min],677.0,37763.0,11742.68,1174268.0,100,37086.0
2026-05-08T14:08:56.093649300Z,TaxiAlgorithmP2PCollector,0,1000,20,100,1,nearest,1,4,1,BASELINE,10,116264435,Calculation Time [millis],0.0,173.0,0.48,18131.0,38099,173.0
2026-05-08T14:08:56.093649300Z,TaxiAlgorithmP2PCollector,0,1000,20,100,1,nearest,1,4,1,BASELINE,10,116264435,Custom Time [micros],0.0,0.0,0.0,0.0,38099,0.0
2026-05-08T14:08:56.980191300Z,TaxiAlgorithmP2PCollector,0,5000,5,25,1,nearest,1,4,1,BASELINE,1,116264426,Taxi Travel Distance [km],27.71,304.9,153.32,766.58,5,277.19
2026-05-08T14:08:56.980191300Z,TaxiAlgorithmP2PCollector,0,5000,5,25,1,nearest,1,4,1,BASELINE,1,116264426,Client Waiting Time [min],2.25,183.38,68.41,1436.63,21,181.13
2026-05-08T14:08:56.980191300Z,TaxiAlgorithmP2PCollector,0,5000,5,25,1,nearest,1,4,1,BASELINE,1,116264426,Client Travel Time [min],876.0,15014.0,5489.12,137228.0,25,14138.0
2026-05-08T14:08:56.980191300Z,TaxiAlgorithmP2PCollector,0,5000,5,25,1,nearest,1,4,1,BASELINE,1,116264426,Calculation Time [millis],0.0,0.0,0.03,649.0,19557,0.0
2026-05-08T14:08:56.980191300Z,TaxiAlgorithmP2PCollector,0,5000,5,25,1,nearest,1,4,1,BASELINE,1,116264426,Custom Time [micros],0.0,0.0,0.0,0.0,19557,0.0
2026-05-08T14:08:58.384408600Z,TaxiAlgorithmP2PCollector,0,5000,5,25,1,nearest,1,4,1,BASELINE,2,116264427,Taxi Travel Distance [km],2.72,365.65,225.72,1128.6,5,362.92999999999995
2026-05-08T14:08:58.384408600Z,TaxiAlgorithmP2PCollector,0,5000,5,25,1,nearest,1,4,1,BASELINE,2,116264427,Client Waiting Time [min],0.82,145.92,50.13,1152.92,23,145.1
2026-05-08T14:08:58.384408600Z,TaxiAlgorithmP2PCollector,0,5000,5,25,1,nearest,1,4,1,BASELINE,2,116264427,Client Travel Time [min],582.0,35078.0,5324.4,133110.0,25,34496.0
2026-05-08T14:08:58.384408600Z,TaxiAlgorithmP2PCollector,0,5000,5,25,1,nearest,1,4,1,BASELINE,2,116264427,Calculation Time [millis],0.0,35.0,0.03,1254.0,36892,35.0
2026-05-08T14:08:58.384408600Z,TaxiAlgorithmP2PCollector,0,5000,5,25,1,nearest,1,4,1,BASELINE,2,116264427,Custom Time [micros],0.0,0.0,0.0,0.0,36892,0.0
2026-05-08T14:08:59.616580200Z,TaxiAlgorithmP2PCollector,0,5000,5,25,1,nearest,1,4,1,BASELINE,3,116264428,Taxi Travel Distance [km],12.83,263.39,115.93,579.66,5,250.55999999999997
2026-05-08T14:08:59.616580200Z,TaxiAlgorithmP2PCollector,0,5000,5,25,1,nearest,1,4,1,BASELINE,3,116264428,Client Waiting Time [min],0.38,179.33,42.83,770.93,18,178.95000000000002
2026-05-08T14:08:59.616580200Z,TaxiAlgorithmP2PCollector,0,5000,5,25,1,nearest,1,4,1,BASELINE,3,116264428,Client Travel Time [min],482.0,30627.0,6293.16,157329.0,25,30145.0
2026-05-08T14:08:59.616580200Z,TaxiAlgorithmP2PCollector,0,5000,5,25,1,nearest,1,4,1,BASELINE,3,116264428,Calculation Time [millis],0.0,26.0,0.03,1086.0,32415,26.0
2026-05-08T14:08:59.616580200Z,TaxiAlgorithmP2PCollector,0,5000,5,25,1,nearest,1,4,1,BASELINE,3,116264428,Custom Time [micros],0.0,0.0,0.0,0.0,32415,0.0
2026-05-08T14:09:00.170258500Z,TaxiAlgorithmP2PCollector,0,5000,5,25,1,nearest,1,4,1,BASELINE,4,116264429,Taxi Travel Distance [km],50.8,281.13,173.51,867.54,5,230.32999999999998
2026-05-08T14:09:00.170258500Z,TaxiAlgorithmP2PCollector,0,5000,5,25,1,nearest,1,4,1,BASELINE,4,116264429,Client Waiting Time [min],2.2,193.4,57.31,1318.07,23,191.20000000000002
2026-05-08T14:09:00.170258500Z,TaxiAlgorithmP2PCollector,0,5000,5,25,1,nearest,1,4,1,BASELINE,4,116264429,Client Travel Time [min],947.0,11768.0,4567.72,114193.0,25,10821.0
2026-05-08T14:09:00.170258500Z,TaxiAlgorithmP2PCollector,0,5000,5,25,1,nearest,1,4,1,BASELINE,4,116264429,Calculation Time [millis],0.0,0.0,0.03,434.0,13158,0.0
2026-05-08T14:09:00.170258500Z,TaxiAlgorithmP2PCollector,0,5000,5,25,1,nearest,1,4,1,BASELINE,4,116264429,Custom Time [micros],0.0,0.0,0.0,0.0,13158,0.0
2026-05-08T14:09:01.199561100Z,TaxiAlgorithmP2PCollector,0,5000,5,25,1,nearest,1,4,1,BASELINE,5,116264430,Taxi Travel Distance [km],9.08,394.82,161.49,807.43,5,385.74
2026-05-08T14:09:01.199561100Z,TaxiAlgorithmP2PCollector,0,5000,5,25,1,nearest,1,4,1,BASELINE,5,116264430,Client Waiting Time [min],1.22,195.62,66.18,1257.35,19,194.4
2026-05-08T14:09:01.199561100Z,TaxiAlgorithmP2PCollector,0,5000,5,25,1,nearest,1,4,1,BASELINE,5,116264430,Client Travel Time [min],681.0,25718.0,7299.24,182481.0,25,25037.0
2026-05-08T14:09:01.199561100Z,TaxiAlgorithmP2PCollector,0,5000,5,25,1,nearest,1,4,1,BASELINE,5,116264430,Calculation Time [millis],0.0,22.0,0.03,928.0,27867,22.0
2026-05-08T14:09:01.199561100Z,TaxiAlgorithmP2PCollector,0,5000,5,25,1,nearest,1,4,1,BASELINE,5,116264430,Custom Time [micros],0.0,0.0,0.0,0.0,27867,0.0
2026-05-08T14:09:02.238010400Z,TaxiAlgorithmP2PCollector,0,5000,5,25,1,nearest,1,4,1,BASELINE,6,116264431,Taxi Travel Distance [km],89.93,273.92,178.41,892.04,5,183.99
2026-05-08T14:09:02.238010400Z,TaxiAlgorithmP2PCollector,0,5000,5,25,1,nearest,1,4,1,BASELINE,6,116264431,Client Waiting Time [min],0.6,121.52,38.06,837.35,22,120.92
2026-05-08T14:09:02.238010400Z,TaxiAlgorithmP2PCollector,0,5000,5,25,1,nearest,1,4,1,BASELINE,6,116264431,Client Travel Time [min],340.0,24823.0,4913.88,122847.0,25,24483.0
2026-05-08T14:09:02.238010400Z,TaxiAlgorithmP2PCollector,0,5000,5,25,1,nearest,1,4,1,BASELINE,6,116264431,Calculation Time [millis],0.0,37.0,0.03,903.0,26710,37.0
2026-05-08T14:09:02.238010400Z,TaxiAlgorithmP2PCollector,0,5000,5,25,1,nearest,1,4,1,BASELINE,6,116264431,Custom Time [micros],0.0,0.0,0.0,0.0,26710,0.0
2026-05-08T14:09:03.298533Z,TaxiAlgorithmP2PCollector,0,5000,5,25,1,nearest,1,4,1,BASELINE,7,116264432,Taxi Travel Distance [km],18.83,377.76,185.25,926.25,5,358.93
2026-05-08T14:09:03.298533Z,TaxiAlgorithmP2PCollector,0,5000,5,25,1,nearest,1,4,1,BASELINE,7,116264432,Client Waiting Time [min],0.52,180.38,37.62,827.72,22,179.85999999999999
2026-05-08T14:09:03.298533Z,TaxiAlgorithmP2PCollector,0,5000,5,25,1,nearest,1,4,1,BASELINE,7,116264432,Client Travel Time [min],160.0,24368.0,5067.28,126682.0,25,24208.0
2026-05-08T14:09:03.298533Z,TaxiAlgorithmP2PCollector,0,5000,5,25,1,nearest,1,4,1,BASELINE,7,116264432,Calculation Time [millis],0.0,0.0,0.03,945.0,29142,0.0
2026-05-08T14:09:03.298533Z,TaxiAlgorithmP2PCollector,0,5000,5,25,1,nearest,1,4,1,BASELINE,7,116264432,Custom Time [micros],0.0,0.0,0.0,0.0,29142,0.0
2026-05-08T14:09:05.151591900Z,TaxiAlgorithmP2PCollector,0,5000,5,25,1,nearest,1,4,1,BASELINE,8,116264433,Taxi Travel Distance [km],7.65,120.6,63.41,317.03,5,112.94999999999999
2026-05-08T14:09:05.151591900Z,TaxiAlgorithmP2PCollector,0,5000,5,25,1,nearest,1,4,1,BASELINE,8,116264433,Client Waiting Time [min],1.25,168.6,37.1,259.7,7,167.35
2026-05-08T14:09:05.151591900Z,TaxiAlgorithmP2PCollector,0,5000,5,25,1,nearest,1,4,1,BASELINE,8,116264433,Client Travel Time [min],1319.0,37832.0,14065.12,351628.0,25,36513.0
2026-05-08T14:09:05.151591900Z,TaxiAlgorithmP2PCollector,0,5000,5,25,1,nearest,1,4,1,BASELINE,8,116264433,Calculation Time [millis],0.0,79.0,0.04,1685.0,42368,79.0
2026-05-08T14:09:05.151591900Z,TaxiAlgorithmP2PCollector,0,5000,5,25,1,nearest,1,4,1,BASELINE,8,116264433,Custom Time [micros],0.0,0.0,0.0,0.0,42368,0.0
2026-05-08T14:09:06.145594700Z,TaxiAlgorithmP2PCollector,0,5000,5,25,1,nearest,1,4,1,BASELINE,9,116264434,Taxi Travel Distance [km],37.21,461.99,177.09,885.44,5,424.78000000000003
2026-05-08T14:09:06.145594700Z,TaxiAlgorithmP2PCollector,0,5000,5,25,1,nearest,1,4,1,BASELINE,9,116264434,Client Waiting Time [min],6.3,294.85,86.89,1650.88,19,288.55
2026-05-08T14:09:06.145594700Z,TaxiAlgorithmP2PCollector,0,5000,5,25,1,nearest,1,4,1,BASELINE,9,116264434,Client Travel Time [min],955.0,21785.0,7805.88,195147.0,25,20830.0
2026-05-08T14:09:06.145594700Z,TaxiAlgorithmP2PCollector,0,5000,5,25,1,nearest,1,4,1,BASELINE,9,116264434,Calculation Time [millis],0.0,0.0,0.03,854.0,24458,0.0
2026-05-08T14:09:06.145594700Z,TaxiAlgorithmP2PCollector,0,5000,5,25,1,nearest,1,4,1,BASELINE,9,116264434,Custom Time [micros],0.0,0.0,0.0,0.0,24458,0.0
2026-05-08T14:09:07.359592900Z,TaxiAlgorithmP2PCollector,0,5000,5,25,1,nearest,1,4,1,BASELINE,10,116264435,Taxi Travel Distance [km],126.47,566.76,292.96,1464.81,5,440.28999999999996
2026-05-08T14:09:07.359592900Z,TaxiAlgorithmP2PCollector,0,5000,5,25,1,nearest,1,4,1,BASELINE,10,116264435,Client Waiting Time [min],0.75,134.02,41.15,946.4,23,133.27
2026-05-08T14:09:07.359592900Z,TaxiAlgorithmP2PCollector,0,5000,5,25,1,nearest,1,4,1,BASELINE,10,116264435,Client Travel Time [min],393.0,26886.0,4701.08,117527.0,25,26493.0
2026-05-08T14:09:07.359592900Z,TaxiAlgorithmP2PCollector,0,5000,5,25,1,nearest,1,4,1,BASELINE,10,116264435,Calculation Time [millis],0.0,30.0,0.03,1060.0,30503,30.0
2026-05-08T14:09:07.359592900Z,TaxiAlgorithmP2PCollector,0,5000,5,25,1,nearest,1,4,1,BASELINE,10,116264435,Custom Time [micros],0.0,0.0,0.0,0.0,30503,0.0
2026-05-08T14:09:08.699635900Z,TaxiAlgorithmP2PCollector,0,5000,10,25,1,nearest,1,4,1,BASELINE,1,116264426,Taxi Travel Distance [km],7.9,247.85,112.57,1125.66,10,239.95
2026-05-08T14:09:08.699635900Z,TaxiAlgorithmP2PCollector,0,5000,10,25,1,nearest,1,4,1,BASELINE,1,116264426,Client Waiting Time [min],0.8,120.57,27.0,675.08,25,119.77
2026-05-08T14:09:08.699635900Z,TaxiAlgorithmP2PCollector,0,5000,10,25,1,nearest,1,4,1,BASELINE,1,116264426,Client Travel Time [min],731.0,7818.0,2405.8,60145.0,25,7087.0
2026-05-08T14:09:08.699635900Z,TaxiAlgorithmP2PCollector,0,5000,10,25,1,nearest,1,4,1,BASELINE,1,116264426,Calculation Time [millis],0.0,42.0,0.1,1206.0,11815,42.0
2026-05-08T14:09:08.699635900Z,TaxiAlgorithmP2PCollector,0,5000,10,25,1,nearest,1,4,1,BASELINE,1,116264426,Custom Time [micros],0.0,0.0,0.0,0.0,11815,0.0
2026-05-08T14:09:10.557310300Z,TaxiAlgorithmP2PCollector,0,5000,10,25,1,nearest,1,4,1,BASELINE,2,116264427,Taxi Travel Distance [km],12.94,370.27,133.88,1338.8,10,357.33
2026-05-08T14:09:10.557310300Z,TaxiAlgorithmP2PCollector,0,5000,10,25,1,nearest,1,4,1,BASELINE,2,116264427,Client Waiting Time [min],1.48,238.92,37.03,888.7,24,237.44
2026-05-08T14:09:10.557310300Z,TaxiAlgorithmP2PCollector,0,5000,10,25,1,nearest,1,4,1,BASELINE,2,116264427,Client Travel Time [min],355.0,15646.0,3225.44,80636.0,25,15291.0
2026-05-08T14:09:10.557310300Z,TaxiAlgorithmP2PCollector,0,5000,10,25,1,nearest,1,4,1,BASELINE,2,116264427,Calculation Time [millis],0.0,36.0,0.1,1726.0,17460,36.0
2026-05-08T14:09:10.557310300Z,TaxiAlgorithmP2PCollector,0,5000,10,25,1,nearest,1,4,1,BASELINE,2,116264427,Custom Time [micros],0.0,0.0,0.0,0.0,17460,0.0
2026-05-08T14:09:11.443924600Z,TaxiAlgorithmP2PCollector,0,5000,10,25,1,nearest,1,4,1,BASELINE,3,116264428,Taxi Travel Distance [km],22.76,165.05,103.35,1033.49,10,142.29000000000002
2026-05-08T14:09:11.443924600Z,TaxiAlgorithmP2PCollector,0,5000,10,25,1,nearest,1,4,1,BASELINE,3,116264428,Client Waiting Time [min],1.32,61.75,18.88,453.13,24,60.43
2026-05-08T14:09:11.443924600Z,TaxiAlgorithmP2PCollector,0,5000,10,25,1,nearest,1,4,1,BASELINE,3,116264428,Client Travel Time [min],518.0,5725.0,1978.8,49470.0,25,5207.0
2026-05-08T14:09:11.443924600Z,TaxiAlgorithmP2PCollector,0,5000,10,25,1,nearest,1,4,1,BASELINE,3,116264428,Calculation Time [millis],0.0,0.0,0.09,739.0,8483,0.0
2026-05-08T14:09:11.443924600Z,TaxiAlgorithmP2PCollector,0,5000,10,25,1,nearest,1,4,1,BASELINE,3,116264428,Custom Time [micros],0.0,0.0,0.0,0.0,8483,0.0
2026-05-08T14:09:14.492732900Z,TaxiAlgorithmP2PCollector,0,5000,10,25,1,nearest,1,4,1,BASELINE,4,116264429,Taxi Travel Distance [km],15.62,260.52,107.2,1072.01,10,244.89999999999998
2026-05-08T14:09:14.492732900Z,TaxiAlgorithmP2PCollector,0,5000,10,25,1,nearest,1,4,1,BASELINE,4,116264429,Client Waiting Time [min],1.38,176.22,39.81,796.22,20,174.84
2026-05-08T14:09:14.492732900Z,TaxiAlgorithmP2PCollector,0,5000,10,25,1,nearest,1,4,1,BASELINE,4,116264429,Client Travel Time [min],584.0,20094.0,4779.0,119475.0,25,19510.0
2026-05-08T14:09:14.492732900Z,TaxiAlgorithmP2PCollector,0,5000,10,25,1,nearest,1,4,1,BASELINE,4,116264429,Calculation Time [millis],0.0,54.0,0.11,2862.0,25091,54.0
2026-05-08T14:09:14.492732900Z,TaxiAlgorithmP2PCollector,0,5000,10,25,1,nearest,1,4,1,BASELINE,4,116264429,Custom Time [micros],0.0,0.0,0.0,0.0,25091,0.0
2026-05-08T14:09:16.839318500Z,TaxiAlgorithmP2PCollector,0,5000,10,25,1,nearest,1,4,1,BASELINE,5,116264430,Taxi Travel Distance [km],5.33,413.42,127.91,1279.05,10,408.09000000000003
2026-05-08T14:09:16.839318500Z,TaxiAlgorithmP2PCollector,0,5000,10,25,1,nearest,1,4,1,BASELINE,5,116264430,Client Waiting Time [min],1.78,276.67,50.52,1111.48,22,274.89000000000004
2026-05-08T14:09:16.839318500Z,TaxiAlgorithmP2PCollector,0,5000,10,25,1,nearest,1,4,1,BASELINE,5,116264430,Client Travel Time [min],597.0,16784.0,4689.12,117228.0,25,16187.0
2026-05-08T14:09:16.839318500Z,TaxiAlgorithmP2PCollector,0,5000,10,25,1,nearest,1,4,1,BASELINE,5,116264430,Calculation Time [millis],0.0,52.0,0.1,2135.0,20886,52.0
2026-05-08T14:09:16.839318500Z,TaxiAlgorithmP2PCollector,0,5000,10,25,1,nearest,1,4,1,BASELINE,5,116264430,Custom Time [micros],0.0,0.0,0.0,0.0,20886,0.0
2026-05-08T14:09:18.659924800Z,TaxiAlgorithmP2PCollector,0,5000,10,25,1,nearest,1,4,1,BASELINE,6,116264431,Taxi Travel Distance [km],24.56,293.48,174.13,1741.31,10,268.92
2026-05-08T14:09:18.659924800Z,TaxiAlgorithmP2PCollector,0,5000,10,25,1,nearest,1,4,1,BASELINE,6,116264431,Client Waiting Time [min],1.02,137.9,20.52,492.53,24,136.88
2026-05-08T14:09:18.659924800Z,TaxiAlgorithmP2PCollector,0,5000,10,25,1,nearest,1,4,1,BASELINE,6,116264431,Client Travel Time [min],410.0,15326.0,2786.48,69662.0,25,14916.0
2026-05-08T14:09:18.659924800Z,TaxiAlgorithmP2PCollector,0,5000,10,25,1,nearest,1,4,1,BASELINE,6,116264431,Calculation Time [millis],0.0,0.0,0.1,1673.0,16635,0.0
2026-05-08T14:09:18.659924800Z,TaxiAlgorithmP2PCollector,0,5000,10,25,1,nearest,1,4,1,BASELINE,6,116264431,Custom Time [micros],0.0,0.0,0.0,0.0,16635,0.0
2026-05-08T14:09:22.141319300Z,TaxiAlgorithmP2PCollector,0,5000,10,25,1,nearest,1,4,1,BASELINE,7,116264432,Taxi Travel Distance [km],7.27,230.71,114.42,1144.21,10,223.44
2026-05-08T14:09:22.141319300Z,TaxiAlgorithmP2PCollector,0,5000,10,25,1,nearest,1,4,1,BASELINE,7,116264432,Client Waiting Time [min],0.52,430.17,58.39,1401.43,24,429.65000000000003
2026-05-08T14:09:22.141319300Z,TaxiAlgorithmP2PCollector,0,5000,10,25,1,nearest,1,4,1,BASELINE,7,116264432,Client Travel Time [min],160.0,25966.0,4760.0,119000.0,25,25806.0
2026-05-08T14:09:22.141319300Z,TaxiAlgorithmP2PCollector,0,5000,10,25,1,nearest,1,4,1,BASELINE,7,116264432,Calculation Time [millis],0.0,69.0,0.11,3295.0,30466,69.0
2026-05-08T14:09:22.141319300Z,TaxiAlgorithmP2PCollector,0,5000,10,25,1,nearest,1,4,1,BASELINE,7,116264432,Custom Time [micros],0.0,0.0,0.0,0.0,30466,0.0
2026-05-08T14:09:26.557338300Z,TaxiAlgorithmP2PCollector,0,5000,10,25,1,nearest,1,4,1,BASELINE,8,116264433,Taxi Travel Distance [km],1.37,230.61,80.64,806.43,10,229.24
2026-05-08T14:09:26.557338300Z,TaxiAlgorithmP2PCollector,0,5000,10,25,1,nearest,1,4,1,BASELINE,8,116264433,Client Waiting Time [min],0.73,381.58,51.0,969.05,19,380.84999999999997
2026-05-08T14:09:26.557338300Z,TaxiAlgorithmP2PCollector,0,5000,10,25,1,nearest,1,4,1,BASELINE,8,116264433,Client Travel Time [min],287.0,33603.0,7152.64,178816.0,25,33316.0
2026-05-08T14:09:26.557338300Z,TaxiAlgorithmP2PCollector,0,5000,10,25,1,nearest,1,4,1,BASELINE,8,116264433,Calculation Time [millis],0.0,98.0,0.11,4172.0,38050,98.0
2026-05-08T14:09:26.557338300Z,TaxiAlgorithmP2PCollector,0,5000,10,25,1,nearest,1,4,1,BASELINE,8,116264433,Custom Time [micros],0.0,0.0,0.0,0.0,38050,0.0
2026-05-08T14:09:28.905520900Z,TaxiAlgorithmP2PCollector,0,5000,10,25,1,nearest,1,4,1,BASELINE,9,116264434,Taxi Travel Distance [km],4.65,233.82,113.66,1136.62,10,229.17
2026-05-08T14:09:28.905520900Z,TaxiAlgorithmP2PCollector,0,5000,10,25,1,nearest,1,4,1,BASELINE,9,116264434,Client Waiting Time [min],2.05,99.72,37.17,780.47,21,97.67
2026-05-08T14:09:28.905520900Z,TaxiAlgorithmP2PCollector,0,5000,10,25,1,nearest,1,4,1,BASELINE,9,116264434,Client Travel Time [min],1054.0,18063.0,4035.0,100875.0,25,17009.0
2026-05-08T14:09:28.905520900Z,TaxiAlgorithmP2PCollector,0,5000,10,25,1,nearest,1,4,1,BASELINE,9,116264434,Calculation Time [millis],0.0,25.0,0.11,2144.0,20418,25.0
2026-05-08T14:09:28.905520900Z,TaxiAlgorithmP2PCollector,0,5000,10,25,1,nearest,1,4,1,BASELINE,9,116264434,Custom Time [micros],0.0,0.0,0.0,0.0,20418,0.0
2026-05-08T14:09:32.554735700Z,TaxiAlgorithmP2PCollector,0,5000,10,25,1,nearest,1,4,1,BASELINE,10,116264435,Taxi Travel Distance [km],2.64,255.17,130.37,1303.66,10,252.53
2026-05-08T14:09:32.554735700Z,TaxiAlgorithmP2PCollector,0,5000,10,25,1,nearest,1,4,1,BASELINE,10,116264435,Client Waiting Time [min],1.28,79.15,26.1,600.33,23,77.87
2026-05-08T14:09:32.554735700Z,TaxiAlgorithmP2PCollector,0,5000,10,25,1,nearest,1,4,1,BASELINE,10,116264435,Client Travel Time [min],239.0,25242.0,3482.88,87072.0,25,25003.0
2026-05-08T14:09:32.554735700Z,TaxiAlgorithmP2PCollector,0,5000,10,25,1,nearest,1,4,1,BASELINE,10,116264435,Calculation Time [millis],0.0,87.0,0.11,3396.0,29866,87.0
2026-05-08T14:09:32.554735700Z,TaxiAlgorithmP2PCollector,0,5000,10,25,1,nearest,1,4,1,BASELINE,10,116264435,Custom Time [micros],0.0,0.0,0.0,0.0,29866,0.0
2026-05-08T14:09:36.149276100Z,TaxiAlgorithmP2PCollector,0,5000,10,50,1,nearest,1,4,1,BASELINE,1,116264426,Taxi Travel Distance [km],60.29,476.78,236.25,2362.48,10,416.48999999999995
2026-05-08T14:09:36.149276100Z,TaxiAlgorithmP2PCollector,0,5000,10,50,1,nearest,1,4,1,BASELINE,1,116264426,Client Waiting Time [min],2.22,294.72,54.37,2501.23,46,292.5
2026-05-08T14:09:36.149276100Z,TaxiAlgorithmP2PCollector,0,5000,10,50,1,nearest,1,4,1,BASELINE,1,116264426,Client Travel Time [min],544.0,26276.0,4422.62,221131.0,50,25732.0
2026-05-08T14:09:36.149276100Z,TaxiAlgorithmP2PCollector,0,5000,10,50,1,nearest,1,4,1,BASELINE,1,116264426,Calculation Time [millis],0.0,76.0,0.12,3385.0,29115,76.0
2026-05-08T14:09:36.149276100Z,TaxiAlgorithmP2PCollector,0,5000,10,50,1,nearest,1,4,1,BASELINE,1,116264426,Custom Time [micros],0.0,0.0,0.0,0.0,29115,0.0
2026-05-08T14:09:38.745749700Z,TaxiAlgorithmP2PCollector,0,5000,10,50,1,nearest,1,4,1,BASELINE,2,116264427,Taxi Travel Distance [km],2.72,481.66,224.87,2248.71,10,478.94
2026-05-08T14:09:38.745749700Z,TaxiAlgorithmP2PCollector,0,5000,10,50,1,nearest,1,4,1,BASELINE,2,116264427,Client Waiting Time [min],0.47,346.25,53.8,2474.58,46,345.78
2026-05-08T14:09:38.745749700Z,TaxiAlgorithmP2PCollector,0,5000,10,50,1,nearest,1,4,1,BASELINE,2,116264427,Client Travel Time [min],366.0,20943.0,4029.0,201450.0,50,20577.0
2026-05-08T14:09:38.745749700Z,TaxiAlgorithmP2PCollector,0,5000,10,50,1,nearest,1,4,1,BASELINE,2,116264427,Calculation Time [millis],0.0,33.0,0.11,2415.0,22135,33.0
2026-05-08T14:09:38.745749700Z,TaxiAlgorithmP2PCollector,0,5000,10,50,1,nearest,1,4,1,BASELINE,2,116264427,Custom Time [micros],0.0,0.0,0.0,0.0,22135,0.0
2026-05-08T14:09:43.081990800Z,TaxiAlgorithmP2PCollector,0,5000,10,50,1,nearest,1,4,1,BASELINE,3,116264428,Taxi Travel Distance [km],27.43,240.52,133.29,1332.86,10,213.09
2026-05-08T14:09:43.081990800Z,TaxiAlgorithmP2PCollector,0,5000,10,50,1,nearest,1,4,1,BASELINE,3,116264428,Client Waiting Time [min],1.53,142.1,36.87,1511.65,41,140.57
2026-05-08T14:09:43.081990800Z,TaxiAlgorithmP2PCollector,0,5000,10,50,1,nearest,1,4,1,BASELINE,3,116264428,Client Travel Time [min],580.0,33327.0,5276.84,263842.0,50,32747.0
2026-05-08T14:09:43.081990800Z,TaxiAlgorithmP2PCollector,0,5000,10,50,1,nearest,1,4,1,BASELINE,3,116264428,Calculation Time [millis],0.0,89.0,0.11,4074.0,36967,89.0
2026-05-08T14:09:43.081990800Z,TaxiAlgorithmP2PCollector,0,5000,10,50,1,nearest,1,4,1,BASELINE,3,116264428,Custom Time [micros],0.0,0.0,0.0,0.0,36967,0.0
2026-05-08T14:09:46.085154300Z,TaxiAlgorithmP2PCollector,0,5000,10,50,1,nearest,1,4,1,BASELINE,4,116264429,Taxi Travel Distance [km],5.74,325.36,163.63,1636.31,10,319.62
2026-05-08T14:09:46.085154300Z,TaxiAlgorithmP2PCollector,0,5000,10,50,1,nearest,1,4,1,BASELINE,4,116264429,Client Waiting Time [min],1.27,321.63,57.16,2515.08,44,320.36
2026-05-08T14:09:46.085154300Z,TaxiAlgorithmP2PCollector,0,5000,10,50,1,nearest,1,4,1,BASELINE,4,116264429,Client Travel Time [min],332.0,20094.0,5301.6,265080.0,50,19762.0
2026-05-08T14:09:46.085154300Z,TaxiAlgorithmP2PCollector,0,5000,10,50,1,nearest,1,4,1,BASELINE,4,116264429,Calculation Time [millis],0.0,60.0,0.11,2783.0,25091,60.0
2026-05-08T14:09:46.085154300Z,TaxiAlgorithmP2PCollector,0,5000,10,50,1,nearest,1,4,1,BASELINE,4,116264429,Custom Time [micros],0.0,0.0,0.0,0.0,25091,0.0
2026-05-08T14:09:50.688133900Z,TaxiAlgorithmP2PCollector,0,5000,10,50,1,nearest,1,4,1,BASELINE,5,116264430,Taxi Travel Distance [km],4.58,273.88,122.64,1226.44,10,269.3
2026-05-08T14:09:50.688133900Z,TaxiAlgorithmP2PCollector,0,5000,10,50,1,nearest,1,4,1,BASELINE,5,116264430,Client Waiting Time [min],0.82,525.65,79.58,3024.13,38,524.8299999999999
2026-05-08T14:09:50.688133900Z,TaxiAlgorithmP2PCollector,0,5000,10,50,1,nearest,1,4,1,BASELINE,5,116264430,Client Travel Time [min],546.0,34554.0,8625.94,431297.0,50,34008.0
2026-05-08T14:09:50.688133900Z,TaxiAlgorithmP2PCollector,0,5000,10,50,1,nearest,1,4,1,BASELINE,5,116264430,Calculation Time [millis],0.0,102.0,0.11,4384.0,38871,102.0
2026-05-08T14:09:50.688133900Z,TaxiAlgorithmP2PCollector,0,5000,10,50,1,nearest,1,4,1,BASELINE,5,116264430,Custom Time [micros],0.0,0.0,0.0,0.0,38871,0.0
2026-05-08T14:09:53.068427400Z,TaxiAlgorithmP2PCollector,0,5000,10,50,1,nearest,1,4,1,BASELINE,6,116264431,Taxi Travel Distance [km],14.72,446.67,230.85,2308.55,10,431.95
2026-05-08T14:09:53.068427400Z,TaxiAlgorithmP2PCollector,0,5000,10,50,1,nearest,1,4,1,BASELINE,6,116264431,Client Waiting Time [min],0.83,338.98,48.19,2361.37,49,338.15000000000003
2026-05-08T14:09:53.068427400Z,TaxiAlgorithmP2PCollector,0,5000,10,50,1,nearest,1,4,1,BASELINE,6,116264431,Client Travel Time [min],368.0,20576.0,3977.5,198875.0,50,20208.0
2026-05-08T14:09:53.068427400Z,TaxiAlgorithmP2PCollector,0,5000,10,50,1,nearest,1,4,1,BASELINE,6,116264431,Calculation Time [millis],0.0,25.0,0.1,2162.0,20913,25.0
2026-05-08T14:09:53.068427400Z,TaxiAlgorithmP2PCollector,0,5000,10,50,1,nearest,1,4,1,BASELINE,6,116264431,Custom Time [micros],0.0,0.0,0.0,0.0,20913,0.0
2026-05-08T14:09:56.007449600Z,TaxiAlgorithmP2PCollector,0,5000,10,50,1,nearest,1,4,1,BASELINE,7,116264432,Taxi Travel Distance [km],60.91,272.37,152.35,1523.49,10,211.46
2026-05-08T14:09:56.007449600Z,TaxiAlgorithmP2PCollector,0,5000,10,50,1,nearest,1,4,1,BASELINE,7,116264432,Client Waiting Time [min],0.03,180.08,17.57,737.92,42,180.05
2026-05-08T14:09:56.007449600Z,TaxiAlgorithmP2PCollector,0,5000,10,50,1,nearest,1,4,1,BASELINE,7,116264432,Client Travel Time [min],160.0,21602.0,4198.48,209924.0,50,21442.0
2026-05-08T14:09:56.007449600Z,TaxiAlgorithmP2PCollector,0,5000,10,50,1,nearest,1,4,1,BASELINE,7,116264432,Calculation Time [millis],0.0,51.0,0.12,2665.0,23119,51.0
2026-05-08T14:09:56.007449600Z,TaxiAlgorithmP2PCollector,0,5000,10,50,1,nearest,1,4,1,BASELINE,7,116264432,Custom Time [micros],0.0,0.0,0.0,0.0,23119,0.0
2026-05-08T14:09:59.495129100Z,TaxiAlgorithmP2PCollector,0,5000,10,50,1,nearest,1,4,1,BASELINE,8,116264433,Taxi Travel Distance [km],3.56,346.55,149.45,1494.52,10,342.99
2026-05-08T14:09:59.495129100Z,TaxiAlgorithmP2PCollector,0,5000,10,50,1,nearest,1,4,1,BASELINE,8,116264433,Client Waiting Time [min],1.3,200.05,47.24,1889.53,40,198.75
2026-05-08T14:09:59.495129100Z,TaxiAlgorithmP2PCollector,0,5000,10,50,1,nearest,1,4,1,BASELINE,8,116264433,Client Travel Time [min],462.0,24514.0,5615.26,280763.0,50,24052.0
2026-05-08T14:09:59.495129100Z,TaxiAlgorithmP2PCollector,0,5000,10,50,1,nearest,1,4,1,BASELINE,8,116264433,Calculation Time [millis],0.0,63.0,0.11,3242.0,28650,63.0
2026-05-08T14:09:59.495129100Z,TaxiAlgorithmP2PCollector,0,5000,10,50,1,nearest,1,4,1,BASELINE,8,116264433,Custom Time [micros],0.0,0.0,0.0,0.0,28650,0.0
2026-05-08T14:10:03.108750600Z,TaxiAlgorithmP2PCollector,0,5000,10,50,1,nearest,1,4,1,BASELINE,9,116264434,Taxi Travel Distance [km],36.88,641.05,183.61,1836.1,10,604.17
2026-05-08T14:10:03.108750600Z,TaxiAlgorithmP2PCollector,0,5000,10,50,1,nearest,1,4,1,BASELINE,9,116264434,Client Waiting Time [min],1.37,436.68,66.08,2775.47,42,435.31
2026-05-08T14:10:03.108750600Z,TaxiAlgorithmP2PCollector,0,5000,10,50,1,nearest,1,4,1,BASELINE,9,116264434,Client Travel Time [min],317.0,26241.0,5272.94,263647.0,50,25924.0
2026-05-08T14:10:03.108750600Z,TaxiAlgorithmP2PCollector,0,5000,10,50,1,nearest,1,4,1,BASELINE,9,116264434,Calculation Time [millis],0.0,60.0,0.11,3361.0,30047,60.0
2026-05-08T14:10:03.108750600Z,TaxiAlgorithmP2PCollector,0,5000,10,50,1,nearest,1,4,1,BASELINE,9,116264434,Custom Time [micros],0.0,0.0,0.0,0.0,30047,0.0
2026-05-08T14:10:04.607576200Z,TaxiAlgorithmP2PCollector,0,5000,10,50,1,nearest,1,4,1,BASELINE,10,116264435,Taxi Travel Distance [km],15.72,263.55,165.48,1654.81,10,247.83
2026-05-08T14:10:04.607576200Z,TaxiAlgorithmP2PCollector,0,5000,10,50,1,nearest,1,4,1,BASELINE,10,116264435,Client Waiting Time [min],0.42,185.82,39.06,1952.98,50,185.4
2026-05-08T14:10:04.607576200Z,TaxiAlgorithmP2PCollector,0,5000,10,50,1,nearest,1,4,1,BASELINE,10,116264435,Client Travel Time [min],536.0,11782.0,3186.92,159346.0,50,11246.0
2026-05-08T14:10:04.607576200Z,TaxiAlgorithmP2PCollector,0,5000,10,50,1,nearest,1,4,1,BASELINE,10,116264435,Calculation Time [millis],0.0,8.0,0.1,1272.0,13239,8.0
2026-05-08T14:10:04.607576200Z,TaxiAlgorithmP2PCollector,0,5000,10,50,1,nearest,1,4,1,BASELINE,10,116264435,Custom Time [micros],0.0,0.0,0.0,0.0,13239,0.0
2026-05-08T14:10:08.161230400Z,TaxiAlgorithmP2PCollector,0,5000,20,50,1,nearest,1,4,1,BASELINE,1,116264426,Taxi Travel Distance [km],14.26,220.84,120.09,2401.77,20,206.58
2026-05-08T14:10:08.161230400Z,TaxiAlgorithmP2PCollector,0,5000,20,50,1,nearest,1,4,1,BASELINE,1,116264426,Client Waiting Time [min],0.7,96.4,22.32,1071.23,48,95.7
2026-05-08T14:10:08.161230400Z,TaxiAlgorithmP2PCollector,0,5000,20,50,1,nearest,1,4,1,BASELINE,1,116264426,Client Travel Time [min],455.0,7044.0,2176.7,108835.0,50,6589.0
2026-05-08T14:10:08.161230400Z,TaxiAlgorithmP2PCollector,0,5000,20,50,1,nearest,1,4,1,BASELINE,1,116264426,Calculation Time [millis],0.0,65.0,0.33,3363.0,10214,65.0
2026-05-08T14:10:08.161230400Z,TaxiAlgorithmP2PCollector,0,5000,20,50,1,nearest,1,4,1,BASELINE,1,116264426,Custom Time [micros],0.0,0.0,0.0,0.0,10214,0.0
2026-05-08T14:10:12.098978800Z,TaxiAlgorithmP2PCollector,0,5000,20,50,1,nearest,1,4,1,BASELINE,2,116264427,Taxi Travel Distance [km],14.61,202.52,161.84,3236.8,20,187.91000000000003
2026-05-08T14:10:12.098978800Z,TaxiAlgorithmP2PCollector,0,5000,20,50,1,nearest,1,4,1,BASELINE,2,116264427,Client Waiting Time [min],0.3,94.45,14.36,689.32,48,94.15
2026-05-08T14:10:12.098978800Z,TaxiAlgorithmP2PCollector,0,5000,20,50,1,nearest,1,4,1,BASELINE,2,116264427,Client Travel Time [min],311.0,8432.0,1857.02,92851.0,50,8121.0
2026-05-08T14:10:12.098978800Z,TaxiAlgorithmP2PCollector,0,5000,20,50,1,nearest,1,4,1,BASELINE,2,116264427,Calculation Time [millis],0.0,100.0,0.39,3703.0,9416,100.0
2026-05-08T14:10:12.098978800Z,TaxiAlgorithmP2PCollector,0,5000,20,50,1,nearest,1,4,1,BASELINE,2,116264427,Custom Time [micros],0.0,0.0,0.0,0.0,9416,0.0
2026-05-08T14:10:16.907518200Z,TaxiAlgorithmP2PCollector,0,5000,20,50,1,nearest,1,4,1,BASELINE,3,116264428,Taxi Travel Distance [km],2.38,272.85,140.13,2802.54,20,270.47
2026-05-08T14:10:16.907518200Z,TaxiAlgorithmP2PCollector,0,5000,20,50,1,nearest,1,4,1,BASELINE,3,116264428,Client Waiting Time [min],0.32,138.1,12.41,620.28,50,137.78
2026-05-08T14:10:16.907518200Z,TaxiAlgorithmP2PCollector,0,5000,20,50,1,nearest,1,4,1,BASELINE,3,116264428,Client Travel Time [min],477.0,8364.0,1608.6,80430.0,50,7887.0
2026-05-08T14:10:16.907518200Z,TaxiAlgorithmP2PCollector,0,5000,20,50,1,nearest,1,4,1,BASELINE,3,116264428,Calculation Time [millis],0.0,125.0,0.36,4668.0,12942,125.0
2026-05-08T14:10:16.907518200Z,TaxiAlgorithmP2PCollector,0,5000,20,50,1,nearest,1,4,1,BASELINE,3,116264428,Custom Time [micros],0.0,0.0,0.0,0.0,12942,0.0
2026-05-08T14:10:29.391638300Z,TaxiAlgorithmP2PCollector,0,5000,20,50,1,nearest,1,4,1,BASELINE,4,116264429,Taxi Travel Distance [km],2.62,275.33,94.34,1886.77,20,272.71
2026-05-08T14:10:29.391638300Z,TaxiAlgorithmP2PCollector,0,5000,20,50,1,nearest,1,4,1,BASELINE,4,116264429,Client Waiting Time [min],1.35,139.02,25.96,1142.15,44,137.67000000000002
2026-05-08T14:10:29.391638300Z,TaxiAlgorithmP2PCollector,0,5000,20,50,1,nearest,1,4,1,BASELINE,4,116264429,Client Travel Time [min],184.0,24537.0,3850.0,192500.0,50,24353.0
2026-05-08T14:10:29.391638300Z,TaxiAlgorithmP2PCollector,0,5000,20,50,1,nearest,1,4,1,BASELINE,4,116264429,Calculation Time [millis],0.0,185.0,0.44,12286.0,27940,185.0
2026-05-08T14:10:29.391638300Z,TaxiAlgorithmP2PCollector,0,5000,20,50,1,nearest,1,4,1,BASELINE,4,116264429,Custom Time [micros],0.0,0.0,0.0,0.0,27940,0.0
2026-05-08T14:10:39.855989100Z,TaxiAlgorithmP2PCollector,0,5000,20,50,1,nearest,1,4,1,BASELINE,5,116264430,Taxi Travel Distance [km],8.22,419.44,164.16,3283.22,20,411.21999999999997
2026-05-08T14:10:39.855989100Z,TaxiAlgorithmP2PCollector,0,5000,20,50,1,nearest,1,4,1,BASELINE,5,116264430,Client Waiting Time [min],0.52,95.42,18.87,905.78,48,94.9
2026-05-08T14:10:39.855989100Z,TaxiAlgorithmP2PCollector,0,5000,20,50,1,nearest,1,4,1,BASELINE,5,116264430,Client Travel Time [min],406.0,20222.0,2654.58,132729.0,50,19816.0
2026-05-08T14:10:39.855989100Z,TaxiAlgorithmP2PCollector,0,5000,20,50,1,nearest,1,4,1,BASELINE,5,116264430,Calculation Time [millis],0.0,181.0,0.42,10193.0,24324,181.0
2026-05-08T14:10:39.855989100Z,TaxiAlgorithmP2PCollector,0,5000,20,50,1,nearest,1,4,1,BASELINE,5,116264430,Custom Time [micros],0.0,0.0,0.0,0.0,24324,0.0
2026-05-08T14:10:50.146088500Z,TaxiAlgorithmP2PCollector,0,5000,20,50,1,nearest,1,4,1,BASELINE,6,116264431,Taxi Travel Distance [km],72.74,487.05,209.28,4185.68,20,414.31
2026-05-08T14:10:50.146088500Z,TaxiAlgorithmP2PCollector,0,5000,20,50,1,nearest,1,4,1,BASELINE,6,116264431,Client Waiting Time [min],0.67,85.03,15.08,739.02,49,84.36
2026-05-08T14:10:50.146088500Z,TaxiAlgorithmP2PCollector,0,5000,20,50,1,nearest,1,4,1,BASELINE,6,116264431,Client Travel Time [min],337.0,17596.0,2215.08,110754.0,50,17259.0
2026-05-08T14:10:50.146088500Z,TaxiAlgorithmP2PCollector,0,5000,20,50,1,nearest,1,4,1,BASELINE,6,116264431,Calculation Time [millis],0.0,126.0,0.44,10005.0,22505,126.0
2026-05-08T14:10:50.146088500Z,TaxiAlgorithmP2PCollector,0,5000,20,50,1,nearest,1,4,1,BASELINE,6,116264431,Custom Time [micros],0.0,0.0,0.0,0.0,22505,0.0
2026-05-08T14:11:03.077079300Z,TaxiAlgorithmP2PCollector,0,5000,20,50,1,nearest,1,4,1,BASELINE,7,116264432,Taxi Travel Distance [km],12.9,328.92,103.34,2066.74,20,316.02000000000004
2026-05-08T14:11:03.077079300Z,TaxiAlgorithmP2PCollector,0,5000,20,50,1,nearest,1,4,1,BASELINE,7,116264432,Client Waiting Time [min],0.13,408.42,26.9,1318.28,49,408.29
2026-05-08T14:11:03.077079300Z,TaxiAlgorithmP2PCollector,0,5000,20,50,1,nearest,1,4,1,BASELINE,7,116264432,Client Travel Time [min],160.0,24572.0,2487.12,124356.0,50,24412.0
2026-05-08T14:11:03.077079300Z,TaxiAlgorithmP2PCollector,0,5000,20,50,1,nearest,1,4,1,BASELINE,7,116264432,Calculation Time [millis],0.0,152.0,0.43,12497.0,29309,152.0
2026-05-08T14:11:03.077079300Z,TaxiAlgorithmP2PCollector,0,5000,20,50,1,nearest,1,4,1,BASELINE,7,116264432,Custom Time [micros],0.0,0.0,0.0,0.0,29309,0.0
2026-05-08T14:11:06.794871200Z,TaxiAlgorithmP2PCollector,0,5000,20,50,1,nearest,1,4,1,BASELINE,8,116264433,Taxi Travel Distance [km],1.35,198.1,117.77,2355.38,20,196.75
2026-05-08T14:11:06.794871200Z,TaxiAlgorithmP2PCollector,0,5000,20,50,1,nearest,1,4,1,BASELINE,8,116264433,Client Waiting Time [min],0.22,92.32,13.84,678.38,49,92.1
2026-05-08T14:11:06.794871200Z,TaxiAlgorithmP2PCollector,0,5000,20,50,1,nearest,1,4,1,BASELINE,8,116264433,Client Travel Time [min],489.0,5608.0,1748.42,87421.0,50,5119.0
2026-05-08T14:11:06.794871200Z,TaxiAlgorithmP2PCollector,0,5000,20,50,1,nearest,1,4,1,BASELINE,8,116264433,Calculation Time [millis],0.0,72.0,0.36,3497.0,9845,72.0
2026-05-08T14:11:06.794871200Z,TaxiAlgorithmP2PCollector,0,5000,20,50,1,nearest,1,4,1,BASELINE,8,116264433,Custom Time [micros],0.0,0.0,0.0,0.0,9845,0.0
2026-05-08T14:11:20.382771100Z,TaxiAlgorithmP2PCollector,0,5000,20,50,1,nearest,1,4,1,BASELINE,9,116264434,Taxi Travel Distance [km],9.37,432.91,153.62,3072.38,20,423.54
2026-05-08T14:11:20.382771100Z,TaxiAlgorithmP2PCollector,0,5000,20,50,1,nearest,1,4,1,BASELINE,9,116264434,Client Waiting Time [min],1.23,178.62,23.99,1151.75,48,177.39000000000001
2026-05-08T14:11:20.382771100Z,TaxiAlgorithmP2PCollector,0,5000,20,50,1,nearest,1,4,1,BASELINE,9,116264434,Client Travel Time [min],243.0,26797.0,2813.8,140690.0,50,26554.0
2026-05-08T14:11:20.382771100Z,TaxiAlgorithmP2PCollector,0,5000,20,50,1,nearest,1,4,1,BASELINE,9,116264434,Calculation Time [millis],0.0,177.0,0.43,13281.0,30603,177.0
2026-05-08T14:11:20.382771100Z,TaxiAlgorithmP2PCollector,0,5000,20,50,1,nearest,1,4,1,BASELINE,9,116264434,Custom Time [micros],0.0,0.0,0.0,0.0,30603,0.0
2026-05-08T14:11:23.718866100Z,TaxiAlgorithmP2PCollector,0,5000,20,50,1,nearest,1,4,1,BASELINE,10,116264435,Taxi Travel Distance [km],42.29,181.72,139.96,2799.27,20,139.43
2026-05-08T14:11:23.718866100Z,TaxiAlgorithmP2PCollector,0,5000,20,50,1,nearest,1,4,1,BASELINE,10,116264435,Client Waiting Time [min],0.45,67.97,11.57,578.67,50,67.52
2026-05-08T14:11:23.718866100Z,TaxiAlgorithmP2PCollector,0,5000,20,50,1,nearest,1,4,1,BASELINE,10,116264435,Client Travel Time [min],365.0,4540.0,1639.64,81982.0,50,4175.0
2026-05-08T14:11:23.718866100Z,TaxiAlgorithmP2PCollector,0,5000,20,50,1,nearest,1,4,1,BASELINE,10,116264435,Calculation Time [millis],0.0,74.0,0.35,3100.0,8957,74.0
2026-05-08T14:11:23.718866100Z,TaxiAlgorithmP2PCollector,0,5000,20,50,1,nearest,1,4,1,BASELINE,10,116264435,Custom Time [micros],0.0,0.0,0.0,0.0,8957,0.0
2026-05-08T14:11:34.294131900Z,TaxiAlgorithmP2PCollector,0,5000,20,100,1,nearest,1,4,1,BASELINE,1,116264426,Taxi Travel Distance [km],7.51,399.44,194.76,3895.19,20,391.93
2026-05-08T14:11:34.294131900Z,TaxiAlgorithmP2PCollector,0,5000,20,100,1,nearest,1,4,1,BASELINE,1,116264426,Client Waiting Time [min],0.55,323.3,30.62,2939.17,96,322.75
2026-05-08T14:11:34.294131900Z,TaxiAlgorithmP2PCollector,0,5000,20,100,1,nearest,1,4,1,BASELINE,1,116264426,Client Travel Time [min],260.0,19702.0,2669.75,266975.0,100,19442.0
2026-05-08T14:11:34.294131900Z,TaxiAlgorithmP2PCollector,0,5000,20,100,1,nearest,1,4,1,BASELINE,1,116264426,Calculation Time [millis],0.0,121.0,0.42,10320.0,24519,121.0
2026-05-08T14:11:34.294131900Z,TaxiAlgorithmP2PCollector,0,5000,20,100,1,nearest,1,4,1,BASELINE,1,116264426,Custom Time [micros],0.0,0.0,0.0,0.0,24519,0.0
2026-05-08T14:11:44.124465600Z,TaxiAlgorithmP2PCollector,0,5000,20,100,1,nearest,1,4,1,BASELINE,2,116264427,Taxi Travel Distance [km],46.74,499.23,217.12,4342.46,20,452.49
2026-05-08T14:11:44.124465600Z,TaxiAlgorithmP2PCollector,0,5000,20,100,1,nearest,1,4,1,BASELINE,2,116264427,Client Waiting Time [min],0.83,309.53,35.0,3465.23,99,308.7
2026-05-08T14:11:44.124465600Z,TaxiAlgorithmP2PCollector,0,5000,20,100,1,nearest,1,4,1,BASELINE,2,116264427,Client Travel Time [min],346.0,19351.0,2930.25,293025.0,100,19005.0
2026-05-08T14:11:44.124465600Z,TaxiAlgorithmP2PCollector,0,5000,20,100,1,nearest,1,4,1,BASELINE,2,116264427,Calculation Time [millis],0.0,147.0,0.41,9509.0,23059,147.0
2026-05-08T14:11:44.124465600Z,TaxiAlgorithmP2PCollector,0,5000,20,100,1,nearest,1,4,1,BASELINE,2,116264427,Custom Time [micros],0.0,0.0,0.0,0.0,23059,0.0
2026-05-08T14:11:49.372722700Z,TaxiAlgorithmP2PCollector,0,5000,20,100,1,nearest,1,4,1,BASELINE,3,116264428,Taxi Travel Distance [km],12.46,274.64,173.81,3476.23,20,262.18
2026-05-08T14:11:49.372722700Z,TaxiAlgorithmP2PCollector,0,5000,20,100,1,nearest,1,4,1,BASELINE,3,116264428,Client Waiting Time [min],0.28,153.42,24.05,2381.02,99,153.14
2026-05-08T14:11:49.372722700Z,TaxiAlgorithmP2PCollector,0,5000,20,100,1,nearest,1,4,1,BASELINE,3,116264428,Client Travel Time [min],394.0,9580.0,2249.75,224975.0,100,9186.0
2026-05-08T14:11:49.372722700Z,TaxiAlgorithmP2PCollector,0,5000,20,100,1,nearest,1,4,1,BASELINE,3,116264428,Calculation Time [millis],0.0,118.0,0.38,4958.0,12925,118.0
2026-05-08T14:11:49.372722700Z,TaxiAlgorithmP2PCollector,0,5000,20,100,1,nearest,1,4,1,BASELINE,3,116264428,Custom Time [micros],0.0,0.0,0.0,0.0,12925,0.0
2026-05-08T14:11:54.439321600Z,TaxiAlgorithmP2PCollector,0,5000,20,100,1,nearest,1,4,1,BASELINE,4,116264429,Taxi Travel Distance [km],7.88,280.71,162.67,3253.37,20,272.83
2026-05-08T14:11:54.439321600Z,TaxiAlgorithmP2PCollector,0,5000,20,100,1,nearest,1,4,1,BASELINE,4,116264429,Client Waiting Time [min],0.42,177.4,27.64,2709.17,98,176.98000000000002
2026-05-08T14:11:54.439321600Z,TaxiAlgorithmP2PCollector,0,5000,20,100,1,nearest,1,4,1,BASELINE,4,116264429,Client Travel Time [min],210.0,10940.0,2530.16,253016.0,100,10730.0
2026-05-08T14:11:54.439321600Z,TaxiAlgorithmP2PCollector,0,5000,20,100,1,nearest,1,4,1,BASELINE,4,116264429,Calculation Time [millis],0.0,112.0,0.38,4882.0,12999,112.0
2026-05-08T14:11:54.439321600Z,TaxiAlgorithmP2PCollector,0,5000,20,100,1,nearest,1,4,1,BASELINE,4,116264429,Custom Time [micros],0.0,0.0,0.0,0.0,12999,0.0
2026-05-08T14:11:58.928841800Z,TaxiAlgorithmP2PCollector,0,5000,20,100,1,nearest,1,4,1,BASELINE,5,116264430,Taxi Travel Distance [km],17.67,228.7,158.38,3167.53,20,211.02999999999997
2026-05-08T14:11:58.928841800Z,TaxiAlgorithmP2PCollector,0,5000,20,100,1,nearest,1,4,1,BASELINE,5,116264430,Client Waiting Time [min],0.38,116.75,33.82,3381.65,100,116.37
2026-05-08T14:11:58.928841800Z,TaxiAlgorithmP2PCollector,0,5000,20,100,1,nearest,1,4,1,BASELINE,5,116264430,Client Travel Time [min],451.0,7382.0,2868.52,286852.0,100,6931.0
2026-05-08T14:11:58.928841800Z,TaxiAlgorithmP2PCollector,0,5000,20,100,1,nearest,1,4,1,BASELINE,5,116264430,Calculation Time [millis],0.0,99.0,0.38,4269.0,11229,99.0
2026-05-08T14:11:58.928841800Z,TaxiAlgorithmP2PCollector,0,5000,20,100,1,nearest,1,4,1,BASELINE,5,116264430,Custom Time [micros],0.0,0.0,0.0,0.0,11229,0.0
2026-05-08T14:12:03.035185400Z,TaxiAlgorithmP2PCollector,0,5000,20,100,1,nearest,1,4,1,BASELINE,6,116264431,Taxi Travel Distance [km],10.68,231.49,185.81,3716.13,20,220.81
2026-05-08T14:12:03.035185400Z,TaxiAlgorithmP2PCollector,0,5000,20,100,1,nearest,1,4,1,BASELINE,6,116264431,Client Waiting Time [min],0.68,111.03,23.21,2321.15,100,110.35
2026-05-08T14:12:03.035185400Z,TaxiAlgorithmP2PCollector,0,5000,20,100,1,nearest,1,4,1,BASELINE,6,116264431,Client Travel Time [min],409.0,7344.0,2304.11,230411.0,100,6935.0
2026-05-08T14:12:03.035185400Z,TaxiAlgorithmP2PCollector,0,5000,20,100,1,nearest,1,4,1,BASELINE,6,116264431,Calculation Time [millis],0.0,78.0,0.36,3939.0,10965,78.0
2026-05-08T14:12:03.035185400Z,TaxiAlgorithmP2PCollector,0,5000,20,100,1,nearest,1,4,1,BASELINE,6,116264431,Custom Time [micros],0.0,0.0,0.0,0.0,10965,0.0
2026-05-08T14:12:07.607660300Z,TaxiAlgorithmP2PCollector,0,5000,20,100,1,nearest,1,4,1,BASELINE,7,116264432,Taxi Travel Distance [km],84.73,240.81,190.0,3800.1,20,156.07999999999998
2026-05-08T14:12:07.607660300Z,TaxiAlgorithmP2PCollector,0,5000,20,100,1,nearest,1,4,1,BASELINE,7,116264432,Client Waiting Time [min],0.5,139.27,26.21,2568.3,98,138.77
2026-05-08T14:12:07.607660300Z,TaxiAlgorithmP2PCollector,0,5000,20,100,1,nearest,1,4,1,BASELINE,7,116264432,Client Travel Time [min],160.0,8920.0,2455.3,245530.0,100,8760.0
2026-05-08T14:12:07.607660300Z,TaxiAlgorithmP2PCollector,0,5000,20,100,1,nearest,1,4,1,BASELINE,7,116264432,Calculation Time [millis],0.0,110.0,0.38,4317.0,11238,110.0
2026-05-08T14:12:07.607660300Z,TaxiAlgorithmP2PCollector,0,5000,20,100,1,nearest,1,4,1,BASELINE,7,116264432,Custom Time [micros],0.0,0.0,0.0,0.0,11238,0.0
2026-05-08T14:12:11.997240100Z,TaxiAlgorithmP2PCollector,0,5000,20,100,1,nearest,1,4,1,BASELINE,8,116264433,Taxi Travel Distance [km],5.08,246.47,186.73,3734.63,20,241.39
2026-05-08T14:12:11.997240100Z,TaxiAlgorithmP2PCollector,0,5000,20,100,1,nearest,1,4,1,BASELINE,8,116264433,Client Waiting Time [min],0.52,165.65,33.82,3314.52,98,165.13
2026-05-08T14:12:11.997240100Z,TaxiAlgorithmP2PCollector,0,5000,20,100,1,nearest,1,4,1,BASELINE,8,116264433,Client Travel Time [min],461.0,10111.0,2947.87,294787.0,100,9650.0
2026-05-08T14:12:11.997240100Z,TaxiAlgorithmP2PCollector,0,5000,20,100,1,nearest,1,4,1,BASELINE,8,116264433,Calculation Time [millis],0.0,83.0,0.37,4245.0,11495,83.0
2026-05-08T14:12:11.997240100Z,TaxiAlgorithmP2PCollector,0,5000,20,100,1,nearest,1,4,1,BASELINE,8,116264433,Custom Time [micros],0.0,0.0,0.0,0.0,11495,0.0
2026-05-08T14:12:18.954563700Z,TaxiAlgorithmP2PCollector,0,5000,20,100,1,nearest,1,4,1,BASELINE,9,116264434,Taxi Travel Distance [km],31.79,379.15,218.5,4370.01,20,347.35999999999996
2026-05-08T14:12:18.954563700Z,TaxiAlgorithmP2PCollector,0,5000,20,100,1,nearest,1,4,1,BASELINE,9,116264434,Client Waiting Time [min],1.15,218.6,33.17,3183.87,96,217.45
2026-05-08T14:12:18.954563700Z,TaxiAlgorithmP2PCollector,0,5000,20,100,1,nearest,1,4,1,BASELINE,9,116264434,Client Travel Time [min],187.0,13642.0,2942.37,294237.0,100,13455.0
2026-05-08T14:12:18.954563700Z,TaxiAlgorithmP2PCollector,0,5000,20,100,1,nearest,1,4,1,BASELINE,9,116264434,Calculation Time [millis],0.0,139.0,0.39,6676.0,17314,139.0
2026-05-08T14:12:18.954563700Z,TaxiAlgorithmP2PCollector,0,5000,20,100,1,nearest,1,4,1,BASELINE,9,116264434,Custom Time [micros],0.0,0.0,0.0,0.0,17314,0.0
2026-05-08T14:12:24.012403700Z,TaxiAlgorithmP2PCollector,0,5000,20,100,1,nearest,1,4,1,BASELINE,10,116264435,Taxi Travel Distance [km],14.83,265.38,174.24,3484.89,20,250.54999999999998
2026-05-08T14:12:24.012403700Z,TaxiAlgorithmP2PCollector,0,5000,20,100,1,nearest,1,4,1,BASELINE,10,116264435,Client Waiting Time [min],0.23,145.6,30.29,3028.7,100,145.37
2026-05-08T14:12:24.012403700Z,TaxiAlgorithmP2PCollector,0,5000,20,100,1,nearest,1,4,1,BASELINE,10,116264435,Client Travel Time [min],330.0,9025.0,2652.69,265269.0,100,8695.0
2026-05-08T14:12:24.012403700Z,TaxiAlgorithmP2PCollector,0,5000,20,100,1,nearest,1,4,1,BASELINE,10,116264435,Calculation Time [millis],0.0,84.0,0.38,4742.0,12466,84.0
2026-05-08T14:12:24.012403700Z,TaxiAlgorithmP2PCollector,0,5000,20,100,1,nearest,1,4,1,BASELINE,10,116264435,Custom Time [micros],0.0,0.0,0.0,0.0,12466,0.0
2026-05-08T14:12:24.540404700Z,TaxiAlgorithmP2PCollector,0,10000,5,25,1,nearest,1,4,1,BASELINE,1,116264426,Taxi Travel Distance [km],59.97,200.4,151.49,757.47,5,140.43
2026-05-08T14:12:24.540404700Z,TaxiAlgorithmP2PCollector,0,10000,5,25,1,nearest,1,4,1,BASELINE,1,116264426,Client Waiting Time [min],2.25,109.83,28.03,700.75,25,107.58
2026-05-08T14:12:24.540404700Z,TaxiAlgorithmP2PCollector,0,10000,5,25,1,nearest,1,4,1,BASELINE,1,116264426,Client Travel Time [min],697.0,7221.0,2519.44,62986.0,25,6524.0
2026-05-08T14:12:24.540404700Z,TaxiAlgorithmP2PCollector,0,10000,5,25,1,nearest,1,4,1,BASELINE,1,116264426,Calculation Time [millis],0.0,10.0,0.03,268.0,9427,10.0
2026-05-08T14:12:24.540404700Z,TaxiAlgorithmP2PCollector,0,10000,5,25,1,nearest,1,4,1,BASELINE,1,116264426,Custom Time [micros],0.0,0.0,0.0,0.0,9427,0.0
2026-05-08T14:12:25.580921700Z,TaxiAlgorithmP2PCollector,0,10000,5,25,1,nearest,1,4,1,BASELINE,2,116264427,Taxi Travel Distance [km],2.72,503.44,208.92,1044.59,5,500.71999999999997
2026-05-08T14:12:25.580921700Z,TaxiAlgorithmP2PCollector,0,10000,5,25,1,nearest,1,4,1,BASELINE,2,116264427,Client Waiting Time [min],1.55,286.08,59.26,1244.45,21,284.53
2026-05-08T14:12:25.580921700Z,TaxiAlgorithmP2PCollector,0,10000,5,25,1,nearest,1,4,1,BASELINE,2,116264427,Client Travel Time [min],555.0,23696.0,5633.52,140838.0,25,23141.0
2026-05-08T14:12:25.580921700Z,TaxiAlgorithmP2PCollector,0,10000,5,25,1,nearest,1,4,1,BASELINE,2,116264427,Calculation Time [millis],0.0,0.0,0.03,924.0,27382,0.0
2026-05-08T14:12:25.580921700Z,TaxiAlgorithmP2PCollector,0,10000,5,25,1,nearest,1,4,1,BASELINE,2,116264427,Custom Time [micros],0.0,0.0,0.0,0.0,27382,0.0
2026-05-08T14:12:26.282922500Z,TaxiAlgorithmP2PCollector,0,10000,5,25,1,nearest,1,4,1,BASELINE,3,116264428,Taxi Travel Distance [km],65.79,165.28,117.05,585.24,5,99.49
2026-05-08T14:12:26.282922500Z,TaxiAlgorithmP2PCollector,0,10000,5,25,1,nearest,1,4,1,BASELINE,3,116264428,Client Waiting Time [min],0.88,52.68,19.5,409.58,21,51.8
2026-05-08T14:12:26.282922500Z,TaxiAlgorithmP2PCollector,0,10000,5,25,1,nearest,1,4,1,BASELINE,3,116264428,Client Travel Time [min],549.0,15112.0,3594.52,89863.0,25,14563.0
2026-05-08T14:12:26.282922500Z,TaxiAlgorithmP2PCollector,0,10000,5,25,1,nearest,1,4,1,BASELINE,3,116264428,Calculation Time [millis],0.0,24.0,0.03,564.0,16975,24.0
2026-05-08T14:12:26.282922500Z,TaxiAlgorithmP2PCollector,0,10000,5,25,1,nearest,1,4,1,BASELINE,3,116264428,Custom Time [micros],0.0,0.0,0.0,0.0,16975,0.0
2026-05-08T14:12:26.654923Z,TaxiAlgorithmP2PCollector,0,10000,5,25,1,nearest,1,4,1,BASELINE,4,116264429,Taxi Travel Distance [km],81.18,200.45,172.86,864.32,5,119.26999999999998
2026-05-08T14:12:26.654923Z,TaxiAlgorithmP2PCollector,0,10000,5,25,1,nearest,1,4,1,BASELINE,4,116264429,Client Waiting Time [min],3.7,112.08,32.24,805.98,25,108.38
2026-05-08T14:12:26.654923Z,TaxiAlgorithmP2PCollector,0,10000,5,25,1,nearest,1,4,1,BASELINE,4,116264429,Client Travel Time [min],983.0,6965.0,2761.16,69029.0,25,5982.0
2026-05-08T14:12:26.654923Z,TaxiAlgorithmP2PCollector,0,10000,5,25,1,nearest,1,4,1,BASELINE,4,116264429,Calculation Time [millis],0.0,0.0,0.03,277.0,9361,0.0
2026-05-08T14:12:26.654923Z,TaxiAlgorithmP2PCollector,0,10000,5,25,1,nearest,1,4,1,BASELINE,4,116264429,Custom Time [micros],0.0,0.0,0.0,0.0,9361,0.0
2026-05-08T14:12:27.107922500Z,TaxiAlgorithmP2PCollector,0,10000,5,25,1,nearest,1,4,1,BASELINE,5,116264430,Taxi Travel Distance [km],2.12,266.71,146.46,732.32,5,264.59
2026-05-08T14:12:27.107922500Z,TaxiAlgorithmP2PCollector,0,10000,5,25,1,nearest,1,4,1,BASELINE,5,116264430,Client Waiting Time [min],1.6,145.93,48.09,1202.23,25,144.33
2026-05-08T14:12:27.107922500Z,TaxiAlgorithmP2PCollector,0,10000,5,25,1,nearest,1,4,1,BASELINE,5,116264430,Client Travel Time [min],713.0,9317.0,3690.44,92261.0,25,8604.0
2026-05-08T14:12:27.107922500Z,TaxiAlgorithmP2PCollector,0,10000,5,25,1,nearest,1,4,1,BASELINE,5,116264430,Calculation Time [millis],0.0,0.0,0.03,360.0,13419,0.0
2026-05-08T14:12:27.107922500Z,TaxiAlgorithmP2PCollector,0,10000,5,25,1,nearest,1,4,1,BASELINE,5,116264430,Custom Time [micros],0.0,0.0,0.0,0.0,13419,0.0
2026-05-08T14:12:28.461489300Z,TaxiAlgorithmP2PCollector,0,10000,5,25,1,nearest,1,4,1,BASELINE,6,116264431,Taxi Travel Distance [km],174.02,383.38,246.6,1232.99,5,209.35999999999999
2026-05-08T14:12:28.461489300Z,TaxiAlgorithmP2PCollector,0,10000,5,25,1,nearest,1,4,1,BASELINE,6,116264431,Client Waiting Time [min],1.6,116.45,29.25,702.08,24,114.85000000000001
2026-05-08T14:12:28.461489300Z,TaxiAlgorithmP2PCollector,0,10000,5,25,1,nearest,1,4,1,BASELINE,6,116264431,Client Travel Time [min],793.0,33186.0,3857.56,96439.0,25,32393.0
2026-05-08T14:12:28.461489300Z,TaxiAlgorithmP2PCollector,0,10000,5,25,1,nearest,1,4,1,BASELINE,6,116264431,Calculation Time [millis],0.0,36.0,0.03,1225.0,35884,36.0
2026-05-08T14:12:28.461489300Z,TaxiAlgorithmP2PCollector,0,10000,5,25,1,nearest,1,4,1,BASELINE,6,116264431,Custom Time [micros],0.0,0.0,0.0,0.0,35884,0.0
2026-05-08T14:12:29.780286800Z,TaxiAlgorithmP2PCollector,0,10000,5,25,1,nearest,1,4,1,BASELINE,7,116264432,Taxi Travel Distance [km],138.58,232.33,172.39,861.97,5,93.75
2026-05-08T14:12:29.780286800Z,TaxiAlgorithmP2PCollector,0,10000,5,25,1,nearest,1,4,1,BASELINE,7,116264432,Client Waiting Time [min],0.52,455.58,40.94,1023.58,25,455.06
2026-05-08T14:12:29.780286800Z,TaxiAlgorithmP2PCollector,0,10000,5,25,1,nearest,1,4,1,BASELINE,7,116264432,Client Travel Time [min],160.0,27650.0,3324.4,83110.0,25,27490.0
2026-05-08T14:12:29.780286800Z,TaxiAlgorithmP2PCollector,0,10000,5,25,1,nearest,1,4,1,BASELINE,7,116264432,Calculation Time [millis],0.0,51.0,0.04,1174.0,31588,51.0
2026-05-08T14:12:29.780286800Z,TaxiAlgorithmP2PCollector,0,10000,5,25,1,nearest,1,4,1,BASELINE,7,116264432,Custom Time [micros],0.0,0.0,0.0,0.0,31588,0.0
2026-05-08T14:12:31.131802500Z,TaxiAlgorithmP2PCollector,0,10000,5,25,1,nearest,1,4,1,BASELINE,8,116264433,Taxi Travel Distance [km],79.48,251.4,152.93,764.65,5,171.92000000000002
2026-05-08T14:12:31.131802500Z,TaxiAlgorithmP2PCollector,0,10000,5,25,1,nearest,1,4,1,BASELINE,8,116264433,Client Waiting Time [min],1.25,540.72,63.39,1331.13,21,539.47
2026-05-08T14:12:31.131802500Z,TaxiAlgorithmP2PCollector,0,10000,5,25,1,nearest,1,4,1,BASELINE,8,116264433,Client Travel Time [min],613.0,32709.0,5124.88,128122.0,25,32096.0
2026-05-08T14:12:31.131802500Z,TaxiAlgorithmP2PCollector,0,10000,5,25,1,nearest,1,4,1,BASELINE,8,116264433,Calculation Time [millis],0.0,0.0,0.03,1205.0,37245,0.0
2026-05-08T14:12:31.131802500Z,TaxiAlgorithmP2PCollector,0,10000,5,25,1,nearest,1,4,1,BASELINE,8,116264433,Custom Time [micros],0.0,0.0,0.0,0.0,37245,0.0
2026-05-08T14:12:31.553717400Z,TaxiAlgorithmP2PCollector,0,10000,5,25,1,nearest,1,4,1,BASELINE,9,116264434,Taxi Travel Distance [km],92.54,211.1,182.5,912.51,5,118.55999999999999
2026-05-08T14:12:31.553717400Z,TaxiAlgorithmP2PCollector,0,10000,5,25,1,nearest,1,4,1,BASELINE,9,116264434,Client Waiting Time [min],2.18,87.9,33.33,833.35,25,85.72
2026-05-08T14:12:31.553717400Z,TaxiAlgorithmP2PCollector,0,10000,5,25,1,nearest,1,4,1,BASELINE,9,116264434,Client Travel Time [min],595.0,5853.0,2834.32,70858.0,25,5258.0
2026-05-08T14:12:31.553717400Z,TaxiAlgorithmP2PCollector,0,10000,5,25,1,nearest,1,4,1,BASELINE,9,116264434,Calculation Time [millis],0.0,3.0,0.03,284.0,9892,3.0
2026-05-08T14:12:31.553717400Z,TaxiAlgorithmP2PCollector,0,10000,5,25,1,nearest,1,4,1,BASELINE,9,116264434,Custom Time [micros],0.0,0.0,0.0,0.0,9892,0.0
2026-05-08T14:12:32.638271500Z,TaxiAlgorithmP2PCollector,0,10000,5,25,1,nearest,1,4,1,BASELINE,10,116264435,Taxi Travel Distance [km],48.34,243.13,188.14,940.7,5,194.79
2026-05-08T14:12:32.638271500Z,TaxiAlgorithmP2PCollector,0,10000,5,25,1,nearest,1,4,1,BASELINE,10,116264435,Client Waiting Time [min],2.23,104.05,26.59,558.47,21,101.82
2026-05-08T14:12:32.638271500Z,TaxiAlgorithmP2PCollector,0,10000,5,25,1,nearest,1,4,1,BASELINE,10,116264435,Client Travel Time [min],690.0,26886.0,4936.0,123400.0,25,26196.0
2026-05-08T14:12:32.638271500Z,TaxiAlgorithmP2PCollector,0,10000,5,25,1,nearest,1,4,1,BASELINE,10,116264435,Calculation Time [millis],0.0,0.0,0.03,994.0,30503,0.0
2026-05-08T14:12:32.638271500Z,TaxiAlgorithmP2PCollector,0,10000,5,25,1,nearest,1,4,1,BASELINE,10,116264435,Custom Time [micros],0.0,0.0,0.0,0.0,30503,0.0
2026-05-08T14:12:32.919207100Z,TaxiAlgorithmP2PCollector,0,10000,10,25,1,nearest,1,4,1,BASELINE,1,116264426,Taxi Travel Distance [km],60.68,126.82,87.29,872.86,10,66.13999999999999
2026-05-08T14:12:32.919207100Z,TaxiAlgorithmP2PCollector,0,10000,10,25,1,nearest,1,4,1,BASELINE,1,116264426,Client Waiting Time [min],0.43,14.58,6.57,164.35,25,14.15
2026-05-08T14:12:32.919207100Z,TaxiAlgorithmP2PCollector,0,10000,10,25,1,nearest,1,4,1,BASELINE,1,116264426,Client Travel Time [min],532.0,2166.0,1250.92,31273.0,25,1634.0
2026-05-08T14:12:32.919207100Z,TaxiAlgorithmP2PCollector,0,10000,10,25,1,nearest,1,4,1,BASELINE,1,116264426,Calculation Time [millis],0.0,5.0,0.03,169.0,6343,5.0
2026-05-08T14:12:32.919207100Z,TaxiAlgorithmP2PCollector,0,10000,10,25,1,nearest,1,4,1,BASELINE,1,116264426,Custom Time [micros],0.0,0.0,0.0,0.0,6343,0.0
2026-05-08T14:12:33.563139400Z,TaxiAlgorithmP2PCollector,0,10000,10,25,1,nearest,1,4,1,BASELINE,2,116264427,Taxi Travel Distance [km],2.72,165.5,108.84,1088.39,10,162.78
2026-05-08T14:12:33.563139400Z,TaxiAlgorithmP2PCollector,0,10000,10,25,1,nearest,1,4,1,BASELINE,2,116264427,Client Waiting Time [min],1.48,79.85,19.18,479.53,25,78.36999999999999
2026-05-08T14:12:33.563139400Z,TaxiAlgorithmP2PCollector,0,10000,10,25,1,nearest,1,4,1,BASELINE,2,116264427,Client Travel Time [min],271.0,6712.0,1980.24,49506.0,25,6441.0
2026-05-08T14:12:33.563139400Z,TaxiAlgorithmP2PCollector,0,10000,10,25,1,nearest,1,4,1,BASELINE,2,116264427,Calculation Time [millis],0.0,0.0,0.07,564.0,8526,0.0
2026-05-08T14:12:33.563139400Z,TaxiAlgorithmP2PCollector,0,10000,10,25,1,nearest,1,4,1,BASELINE,2,116264427,Custom Time [micros],0.0,0.0,0.0,0.0,8526,0.0
2026-05-08T14:12:34.016673100Z,TaxiAlgorithmP2PCollector,0,10000,10,25,1,nearest,1,4,1,BASELINE,3,116264428,Taxi Travel Distance [km],3.92,132.65,84.45,844.5,10,128.73000000000002
2026-05-08T14:12:34.016673100Z,TaxiAlgorithmP2PCollector,0,10000,10,25,1,nearest,1,4,1,BASELINE,3,116264428,Client Waiting Time [min],2.05,36.3,10.64,266.07,25,34.25
2026-05-08T14:12:34.016673100Z,TaxiAlgorithmP2PCollector,0,10000,10,25,1,nearest,1,4,1,BASELINE,3,116264428,Client Travel Time [min],571.0,3133.0,1346.68,33667.0,25,2562.0
2026-05-08T14:12:34.016673100Z,TaxiAlgorithmP2PCollector,0,10000,10,25,1,nearest,1,4,1,BASELINE,3,116264428,Calculation Time [millis],0.0,0.0,0.05,342.0,6552,0.0
2026-05-08T14:12:34.016673100Z,TaxiAlgorithmP2PCollector,0,10000,10,25,1,nearest,1,4,1,BASELINE,3,116264428,Custom Time [micros],0.0,0.0,0.0,0.0,6552,0.0
2026-05-08T14:12:34.547923Z,TaxiAlgorithmP2PCollector,0,10000,10,25,1,nearest,1,4,1,BASELINE,4,116264429,Taxi Travel Distance [km],80.75,134.7,109.63,1096.31,10,53.94999999999999
2026-05-08T14:12:34.547923Z,TaxiAlgorithmP2PCollector,0,10000,10,25,1,nearest,1,4,1,BASELINE,4,116264429,Client Waiting Time [min],1.38,32.75,9.62,240.45,25,31.37
2026-05-08T14:12:34.547923Z,TaxiAlgorithmP2PCollector,0,10000,10,25,1,nearest,1,4,1,BASELINE,4,116264429,Client Travel Time [min],746.0,2381.0,1428.24,35706.0,25,1635.0
2026-05-08T14:12:34.547923Z,TaxiAlgorithmP2PCollector,0,10000,10,25,1,nearest,1,4,1,BASELINE,4,116264429,Calculation Time [millis],0.0,0.0,0.06,424.0,6793,0.0
2026-05-08T14:12:34.547923Z,TaxiAlgorithmP2PCollector,0,10000,10,25,1,nearest,1,4,1,BASELINE,4,116264429,Custom Time [micros],0.0,0.0,0.0,0.0,6793,0.0
2026-05-08T14:12:35.234968900Z,TaxiAlgorithmP2PCollector,0,10000,10,25,1,nearest,1,4,1,BASELINE,5,116264430,Taxi Travel Distance [km],26.26,176.01,134.18,1341.8,10,149.75
2026-05-08T14:12:35.234968900Z,TaxiAlgorithmP2PCollector,0,10000,10,25,1,nearest,1,4,1,BASELINE,5,116264430,Client Waiting Time [min],1.87,69.98,9.83,245.85,25,68.11
2026-05-08T14:12:35.234968900Z,TaxiAlgorithmP2PCollector,0,10000,10,25,1,nearest,1,4,1,BASELINE,5,116264430,Client Travel Time [min],488.0,5522.0,1486.4,37160.0,25,5034.0
2026-05-08T14:12:35.234968900Z,TaxiAlgorithmP2PCollector,0,10000,10,25,1,nearest,1,4,1,BASELINE,5,116264430,Calculation Time [millis],0.0,3.0,0.06,572.0,9661,3.0
2026-05-08T14:12:35.234968900Z,TaxiAlgorithmP2PCollector,0,10000,10,25,1,nearest,1,4,1,BASELINE,5,116264430,Custom Time [micros],0.0,0.0,0.0,0.0,9661,0.0
2026-05-08T14:12:36.029107800Z,TaxiAlgorithmP2PCollector,0,10000,10,25,1,nearest,1,4,1,BASELINE,6,116264431,Taxi Travel Distance [km],39.34,183.75,139.13,1391.26,10,144.41
2026-05-08T14:12:36.029107800Z,TaxiAlgorithmP2PCollector,0,10000,10,25,1,nearest,1,4,1,BASELINE,6,116264431,Client Waiting Time [min],0.68,98.83,21.01,525.28,25,98.14999999999999
2026-05-08T14:12:36.029107800Z,TaxiAlgorithmP2PCollector,0,10000,10,25,1,nearest,1,4,1,BASELINE,6,116264431,Client Travel Time [min],295.0,7190.0,2291.6,57290.0,25,6895.0
2026-05-08T14:12:36.029107800Z,TaxiAlgorithmP2PCollector,0,10000,10,25,1,nearest,1,4,1,BASELINE,6,116264431,Calculation Time [millis],0.0,0.0,0.07,672.0,9888,0.0
2026-05-08T14:12:36.029107800Z,TaxiAlgorithmP2PCollector,0,10000,10,25,1,nearest,1,4,1,BASELINE,6,116264431,Custom Time [micros],0.0,0.0,0.0,0.0,9888,0.0
2026-05-08T14:12:36.747357900Z,TaxiAlgorithmP2PCollector,0,10000,10,25,1,nearest,1,4,1,BASELINE,7,116264432,Taxi Travel Distance [km],8.08,163.86,104.02,1040.16,10,155.78
2026-05-08T14:12:36.747357900Z,TaxiAlgorithmP2PCollector,0,10000,10,25,1,nearest,1,4,1,BASELINE,7,116264432,Client Waiting Time [min],0.52,37.5,12.23,305.73,25,36.98
2026-05-08T14:12:36.747357900Z,TaxiAlgorithmP2PCollector,0,10000,10,25,1,nearest,1,4,1,BASELINE,7,116264432,Client Travel Time [min],160.0,3759.0,1721.24,43031.0,25,3599.0
2026-05-08T14:12:36.747357900Z,TaxiAlgorithmP2PCollector,0,10000,10,25,1,nearest,1,4,1,BASELINE,7,116264432,Calculation Time [millis],0.0,10.0,0.08,593.0,7776,10.0
2026-05-08T14:12:36.747357900Z,TaxiAlgorithmP2PCollector,0,10000,10,25,1,nearest,1,4,1,BASELINE,7,116264432,Custom Time [micros],0.0,0.0,0.0,0.0,7776,0.0
2026-05-08T14:12:40.600397500Z,TaxiAlgorithmP2PCollector,0,10000,10,25,1,nearest,1,4,1,BASELINE,8,116264433,Taxi Travel Distance [km],1.37,180.43,90.13,901.3,10,179.06
2026-05-08T14:12:40.600397500Z,TaxiAlgorithmP2PCollector,0,10000,10,25,1,nearest,1,4,1,BASELINE,8,116264433,Client Waiting Time [min],0.73,508.5,45.49,1137.15,25,507.77
2026-05-08T14:12:40.600397500Z,TaxiAlgorithmP2PCollector,0,10000,10,25,1,nearest,1,4,1,BASELINE,8,116264433,Client Travel Time [min],503.0,30864.0,3547.08,88677.0,25,30361.0
2026-05-08T14:12:40.600397500Z,TaxiAlgorithmP2PCollector,0,10000,10,25,1,nearest,1,4,1,BASELINE,8,116264433,Calculation Time [millis],0.0,81.0,0.1,3711.0,35400,81.0
2026-05-08T14:12:40.600397500Z,TaxiAlgorithmP2PCollector,0,10000,10,25,1,nearest,1,4,1,BASELINE,8,116264433,Custom Time [micros],0.0,0.0,0.0,0.0,35400,0.0
2026-05-08T14:12:41.135159200Z,TaxiAlgorithmP2PCollector,0,10000,10,25,1,nearest,1,4,1,BASELINE,9,116264434,Taxi Travel Distance [km],60.24,120.54,93.85,938.5,10,60.300000000000004
2026-05-08T14:12:41.135159200Z,TaxiAlgorithmP2PCollector,0,10000,10,25,1,nearest,1,4,1,BASELINE,9,116264434,Client Waiting Time [min],2.1,45.08,8.18,204.55,25,42.98
2026-05-08T14:12:41.135159200Z,TaxiAlgorithmP2PCollector,0,10000,10,25,1,nearest,1,4,1,BASELINE,9,116264434,Client Travel Time [min],270.0,3734.0,1336.68,33417.0,25,3464.0
2026-05-08T14:12:41.135159200Z,TaxiAlgorithmP2PCollector,0,10000,10,25,1,nearest,1,4,1,BASELINE,9,116264434,Calculation Time [millis],0.0,0.0,0.05,334.0,6593,0.0
2026-05-08T14:12:41.135159200Z,TaxiAlgorithmP2PCollector,0,10000,10,25,1,nearest,1,4,1,BASELINE,9,116264434,Custom Time [micros],0.0,0.0,0.0,0.0,6593,0.0
2026-05-08T14:12:42.078617300Z,TaxiAlgorithmP2PCollector,0,10000,10,25,1,nearest,1,4,1,BASELINE,10,116264435,Taxi Travel Distance [km],11.62,200.97,147.11,1471.1,10,189.35
2026-05-08T14:12:42.078617300Z,TaxiAlgorithmP2PCollector,0,10000,10,25,1,nearest,1,4,1,BASELINE,10,116264435,Client Waiting Time [min],2.23,76.58,15.88,397.05,25,74.35
2026-05-08T14:12:42.078617300Z,TaxiAlgorithmP2PCollector,0,10000,10,25,1,nearest,1,4,1,BASELINE,10,116264435,Client Travel Time [min],578.0,4892.0,1870.2,46755.0,25,4314.0
2026-05-08T14:12:42.078617300Z,TaxiAlgorithmP2PCollector,0,10000,10,25,1,nearest,1,4,1,BASELINE,10,116264435,Calculation Time [millis],0.0,6.0,0.09,861.0,9676,6.0
2026-05-08T14:12:42.078617300Z,TaxiAlgorithmP2PCollector,0,10000,10,25,1,nearest,1,4,1,BASELINE,10,116264435,Custom Time [micros],0.0,0.0,0.0,0.0,9676,0.0
2026-05-08T14:12:42.996932300Z,TaxiAlgorithmP2PCollector,0,10000,10,50,1,nearest,1,4,1,BASELINE,1,116264426,Taxi Travel Distance [km],79.86,183.99,156.92,1569.2,10,104.13000000000001
2026-05-08T14:12:42.996932300Z,TaxiAlgorithmP2PCollector,0,10000,10,50,1,nearest,1,4,1,BASELINE,1,116264426,Client Waiting Time [min],1.08,123.42,24.33,1216.5,50,122.34
2026-05-08T14:12:42.996932300Z,TaxiAlgorithmP2PCollector,0,10000,10,50,1,nearest,1,4,1,BASELINE,1,116264426,Client Travel Time [min],663.0,8165.0,2267.0,113350.0,50,7502.0
2026-05-08T14:12:42.996932300Z,TaxiAlgorithmP2PCollector,0,10000,10,50,1,nearest,1,4,1,BASELINE,1,116264426,Calculation Time [millis],0.0,0.0,0.09,778.0,8536,0.0
2026-05-08T14:12:42.996932300Z,TaxiAlgorithmP2PCollector,0,10000,10,50,1,nearest,1,4,1,BASELINE,1,116264426,Custom Time [micros],0.0,0.0,0.0,0.0,8536,0.0
2026-05-08T14:12:44.062223400Z,TaxiAlgorithmP2PCollector,0,10000,10,50,1,nearest,1,4,1,BASELINE,2,116264427,Taxi Travel Distance [km],135.14,216.3,174.47,1744.74,10,81.16000000000003
2026-05-08T14:12:44.062223400Z,TaxiAlgorithmP2PCollector,0,10000,10,50,1,nearest,1,4,1,BASELINE,2,116264427,Client Waiting Time [min],0.9,132.47,25.71,1259.68,49,131.57
2026-05-08T14:12:44.062223400Z,TaxiAlgorithmP2PCollector,0,10000,10,50,1,nearest,1,4,1,BASELINE,2,116264427,Client Travel Time [min],346.0,8687.0,2321.96,116098.0,50,8341.0
2026-05-08T14:12:44.062223400Z,TaxiAlgorithmP2PCollector,0,10000,10,50,1,nearest,1,4,1,BASELINE,2,116264427,Calculation Time [millis],0.0,0.0,0.09,910.0,9910,0.0
2026-05-08T14:12:44.062223400Z,TaxiAlgorithmP2PCollector,0,10000,10,50,1,nearest,1,4,1,BASELINE,2,116264427,Custom Time [micros],0.0,0.0,0.0,0.0,9910,0.0
2026-05-08T14:12:44.793705400Z,TaxiAlgorithmP2PCollector,0,10000,10,50,1,nearest,1,4,1,BASELINE,3,116264428,Taxi Travel Distance [km],127.67,159.31,144.44,1444.45,10,31.64
2026-05-08T14:12:44.793705400Z,TaxiAlgorithmP2PCollector,0,10000,10,50,1,nearest,1,4,1,BASELINE,3,116264428,Client Waiting Time [min],1.4,83.3,18.77,938.3,50,81.89999999999999
2026-05-08T14:12:44.793705400Z,TaxiAlgorithmP2PCollector,0,10000,10,50,1,nearest,1,4,1,BASELINE,3,116264428,Client Travel Time [min],540.0,6069.0,1928.64,96432.0,50,5529.0
2026-05-08T14:12:44.793705400Z,TaxiAlgorithmP2PCollector,0,10000,10,50,1,nearest,1,4,1,BASELINE,3,116264428,Calculation Time [millis],0.0,0.0,0.07,591.0,8010,0.0
2026-05-08T14:12:44.793705400Z,TaxiAlgorithmP2PCollector,0,10000,10,50,1,nearest,1,4,1,BASELINE,3,116264428,Custom Time [micros],0.0,0.0,0.0,0.0,8010,0.0
2026-05-08T14:12:46.238963200Z,TaxiAlgorithmP2PCollector,0,10000,10,50,1,nearest,1,4,1,BASELINE,4,116264429,Taxi Travel Distance [km],126.34,279.31,189.08,1890.78,10,152.97
2026-05-08T14:12:46.238963200Z,TaxiAlgorithmP2PCollector,0,10000,10,50,1,nearest,1,4,1,BASELINE,4,116264429,Client Waiting Time [min],1.38,111.37,25.67,1232.13,48,109.99000000000001
2026-05-08T14:12:46.238963200Z,TaxiAlgorithmP2PCollector,0,10000,10,50,1,nearest,1,4,1,BASELINE,4,116264429,Client Travel Time [min],930.0,9792.0,2500.54,125027.0,50,8862.0
2026-05-08T14:12:46.238963200Z,TaxiAlgorithmP2PCollector,0,10000,10,50,1,nearest,1,4,1,BASELINE,4,116264429,Calculation Time [millis],0.0,0.0,0.1,1327.0,13289,0.0
2026-05-08T14:12:46.238963200Z,TaxiAlgorithmP2PCollector,0,10000,10,50,1,nearest,1,4,1,BASELINE,4,116264429,Custom Time [micros],0.0,0.0,0.0,0.0,13289,0.0
2026-05-08T14:12:47.453118300Z,TaxiAlgorithmP2PCollector,0,10000,10,50,1,nearest,1,4,1,BASELINE,5,116264430,Taxi Travel Distance [km],26.56,239.99,173.35,1733.52,10,213.43
2026-05-08T14:12:47.453118300Z,TaxiAlgorithmP2PCollector,0,10000,10,50,1,nearest,1,4,1,BASELINE,5,116264430,Client Waiting Time [min],0.95,112.67,34.25,1678.38,49,111.72
2026-05-08T14:12:47.453118300Z,TaxiAlgorithmP2PCollector,0,10000,10,50,1,nearest,1,4,1,BASELINE,5,116264430,Client Travel Time [min],570.0,7694.0,3014.54,150727.0,50,7124.0
2026-05-08T14:12:47.453118300Z,TaxiAlgorithmP2PCollector,0,10000,10,50,1,nearest,1,4,1,BASELINE,5,116264430,Calculation Time [millis],0.0,6.0,0.09,1007.0,11133,6.0
2026-05-08T14:12:47.453118300Z,TaxiAlgorithmP2PCollector,0,10000,10,50,1,nearest,1,4,1,BASELINE,5,116264430,Custom Time [micros],0.0,0.0,0.0,0.0,11133,0.0
2026-05-08T14:12:48.420342500Z,TaxiAlgorithmP2PCollector,0,10000,10,50,1,nearest,1,4,1,BASELINE,6,116264431,Taxi Travel Distance [km],148.77,192.2,177.08,1770.81,10,43.42999999999998
2026-05-08T14:12:48.420342500Z,TaxiAlgorithmP2PCollector,0,10000,10,50,1,nearest,1,4,1,BASELINE,6,116264431,Client Waiting Time [min],1.33,97.4,27.29,1364.55,50,96.07000000000001
2026-05-08T14:12:48.420342500Z,TaxiAlgorithmP2PCollector,0,10000,10,50,1,nearest,1,4,1,BASELINE,6,116264431,Client Travel Time [min],295.0,7177.0,2600.94,130047.0,50,6882.0
2026-05-08T14:12:48.420342500Z,TaxiAlgorithmP2PCollector,0,10000,10,50,1,nearest,1,4,1,BASELINE,6,116264431,Calculation Time [millis],0.0,27.0,0.09,809.0,9183,27.0
2026-05-08T14:12:48.420342500Z,TaxiAlgorithmP2PCollector,0,10000,10,50,1,nearest,1,4,1,BASELINE,6,116264431,Custom Time [micros],0.0,0.0,0.0,0.0,9183,0.0
2026-05-08T14:12:49.449815300Z,TaxiAlgorithmP2PCollector,0,10000,10,50,1,nearest,1,4,1,BASELINE,7,116264432,Taxi Travel Distance [km],117.9,217.68,173.15,1731.5,10,99.78
2026-05-08T14:12:49.449815300Z,TaxiAlgorithmP2PCollector,0,10000,10,50,1,nearest,1,4,1,BASELINE,7,116264432,Client Waiting Time [min],0.13,106.17,17.69,884.4,50,106.04
2026-05-08T14:12:49.449815300Z,TaxiAlgorithmP2PCollector,0,10000,10,50,1,nearest,1,4,1,BASELINE,7,116264432,Client Travel Time [min],160.0,6988.0,1915.8,95790.0,50,6828.0
2026-05-08T14:12:49.449815300Z,TaxiAlgorithmP2PCollector,0,10000,10,50,1,nearest,1,4,1,BASELINE,7,116264432,Calculation Time [millis],0.0,0.0,0.09,936.0,10226,0.0
2026-05-08T14:12:49.449815300Z,TaxiAlgorithmP2PCollector,0,10000,10,50,1,nearest,1,4,1,BASELINE,7,116264432,Custom Time [micros],0.0,0.0,0.0,0.0,10226,0.0
2026-05-08T14:12:50.967412600Z,TaxiAlgorithmP2PCollector,0,10000,10,50,1,nearest,1,4,1,BASELINE,8,116264433,Taxi Travel Distance [km],80.73,268.51,165.35,1653.46,10,187.77999999999997
2026-05-08T14:12:50.967412600Z,TaxiAlgorithmP2PCollector,0,10000,10,50,1,nearest,1,4,1,BASELINE,8,116264433,Client Waiting Time [min],1.3,182.75,37.82,1853.03,49,181.45
2026-05-08T14:12:50.967412600Z,TaxiAlgorithmP2PCollector,0,10000,10,50,1,nearest,1,4,1,BASELINE,8,116264433,Client Travel Time [min],547.0,11203.0,3095.08,154754.0,50,10656.0
2026-05-08T14:12:50.967412600Z,TaxiAlgorithmP2PCollector,0,10000,10,50,1,nearest,1,4,1,BASELINE,8,116264433,Calculation Time [millis],0.0,14.0,0.1,1308.0,12975,14.0
2026-05-08T14:12:50.967412600Z,TaxiAlgorithmP2PCollector,0,10000,10,50,1,nearest,1,4,1,BASELINE,8,116264433,Custom Time [micros],0.0,0.0,0.0,0.0,12975,0.0
2026-05-08T14:12:51.954017800Z,TaxiAlgorithmP2PCollector,0,10000,10,50,1,nearest,1,4,1,BASELINE,9,116264434,Taxi Travel Distance [km],74.07,213.17,166.19,1661.91,10,139.1
2026-05-08T14:12:51.954017800Z,TaxiAlgorithmP2PCollector,0,10000,10,50,1,nearest,1,4,1,BASELINE,9,116264434,Client Waiting Time [min],2.4,93.73,27.77,1360.65,49,91.33
2026-05-08T14:12:51.954017800Z,TaxiAlgorithmP2PCollector,0,10000,10,50,1,nearest,1,4,1,BASELINE,9,116264434,Client Travel Time [min],241.0,6186.0,2545.54,127277.0,50,5945.0
2026-05-08T14:12:51.954017800Z,TaxiAlgorithmP2PCollector,0,10000,10,50,1,nearest,1,4,1,BASELINE,9,116264434,Calculation Time [millis],0.0,23.0,0.08,832.0,9821,23.0
2026-05-08T14:12:51.954017800Z,TaxiAlgorithmP2PCollector,0,10000,10,50,1,nearest,1,4,1,BASELINE,9,116264434,Custom Time [micros],0.0,0.0,0.0,0.0,9821,0.0
2026-05-08T14:12:52.791724900Z,TaxiAlgorithmP2PCollector,0,10000,10,50,1,nearest,1,4,1,BASELINE,10,116264435,Taxi Travel Distance [km],82.84,188.46,153.84,1538.4,10,105.62
2026-05-08T14:12:52.791724900Z,TaxiAlgorithmP2PCollector,0,10000,10,50,1,nearest,1,4,1,BASELINE,10,116264435,Client Waiting Time [min],0.58,58.03,19.01,950.73,50,57.45
2026-05-08T14:12:52.791724900Z,TaxiAlgorithmP2PCollector,0,10000,10,50,1,nearest,1,4,1,BASELINE,10,116264435,Client Travel Time [min],517.0,4561.0,2047.66,102383.0,50,4044.0
2026-05-08T14:12:52.791724900Z,TaxiAlgorithmP2PCollector,0,10000,10,50,1,nearest,1,4,1,BASELINE,10,116264435,Calculation Time [millis],0.0,0.0,0.08,725.0,8954,0.0
2026-05-08T14:12:52.791724900Z,TaxiAlgorithmP2PCollector,0,10000,10,50,1,nearest,1,4,1,BASELINE,10,116264435,Custom Time [micros],0.0,0.0,0.0,0.0,8954,0.0
2026-05-08T14:12:54.538470Z,TaxiAlgorithmP2PCollector,0,10000,20,50,1,nearest,1,4,1,BASELINE,1,116264426,Taxi Travel Distance [km],49.78,138.79,110.25,2205.09,20,89.00999999999999
2026-05-08T14:12:54.538470Z,TaxiAlgorithmP2PCollector,0,10000,20,50,1,nearest,1,4,1,BASELINE,1,116264426,Client Waiting Time [min],1.13,37.2,8.43,421.38,50,36.07
2026-05-08T14:12:54.538470Z,TaxiAlgorithmP2PCollector,0,10000,20,50,1,nearest,1,4,1,BASELINE,1,116264426,Client Travel Time [min],413.0,3063.0,1356.32,67816.0,50,2650.0
2026-05-08T14:12:54.538470Z,TaxiAlgorithmP2PCollector,0,10000,20,50,1,nearest,1,4,1,BASELINE,1,116264426,Calculation Time [millis],0.0,26.0,0.22,1592.0,7154,26.0
2026-05-08T14:12:54.538470Z,TaxiAlgorithmP2PCollector,0,10000,20,50,1,nearest,1,4,1,BASELINE,1,116264426,Custom Time [micros],0.0,0.0,0.0,0.0,7154,0.0
2026-05-08T14:12:56.458924400Z,TaxiAlgorithmP2PCollector,0,10000,20,50,1,nearest,1,4,1,BASELINE,2,116264427,Taxi Travel Distance [km],27.93,134.44,102.73,2054.62,20,106.50999999999999
2026-05-08T14:12:56.458924400Z,TaxiAlgorithmP2PCollector,0,10000,20,50,1,nearest,1,4,1,BASELINE,2,116264427,Client Waiting Time [min],0.5,61.42,10.41,510.17,49,60.92
2026-05-08T14:12:56.458924400Z,TaxiAlgorithmP2PCollector,0,10000,20,50,1,nearest,1,4,1,BASELINE,2,116264427,Client Travel Time [min],234.0,4413.0,1497.58,74879.0,50,4179.0
2026-05-08T14:12:56.458924400Z,TaxiAlgorithmP2PCollector,0,10000,20,50,1,nearest,1,4,1,BASELINE,2,116264427,Calculation Time [millis],0.0,26.0,0.27,1747.0,6490,26.0
2026-05-08T14:12:56.458924400Z,TaxiAlgorithmP2PCollector,0,10000,20,50,1,nearest,1,4,1,BASELINE,2,116264427,Custom Time [micros],0.0,0.0,0.0,0.0,6490,0.0
2026-05-08T14:12:58.233780800Z,TaxiAlgorithmP2PCollector,0,10000,20,50,1,nearest,1,4,1,BASELINE,3,116264428,Taxi Travel Distance [km],42.47,125.7,96.57,1931.33,20,83.23
2026-05-08T14:12:58.233780800Z,TaxiAlgorithmP2PCollector,0,10000,20,50,1,nearest,1,4,1,BASELINE,3,116264428,Client Waiting Time [min],1.4,25.67,8.4,419.77,50,24.270000000000003
2026-05-08T14:12:58.233780800Z,TaxiAlgorithmP2PCollector,0,10000,20,50,1,nearest,1,4,1,BASELINE,3,116264428,Client Travel Time [min],542.0,2325.0,1386.62,69331.0,50,1783.0
2026-05-08T14:12:58.233780800Z,TaxiAlgorithmP2PCollector,0,10000,20,50,1,nearest,1,4,1,BASELINE,3,116264428,Calculation Time [millis],0.0,23.0,0.24,1601.0,6812,23.0
2026-05-08T14:12:58.233780800Z,TaxiAlgorithmP2PCollector,0,10000,20,50,1,nearest,1,4,1,BASELINE,3,116264428,Custom Time [micros],0.0,0.0,0.0,0.0,6812,0.0
2026-05-08T14:13:00.161014600Z,TaxiAlgorithmP2PCollector,0,10000,20,50,1,nearest,1,4,1,BASELINE,4,116264429,Taxi Travel Distance [km],3.53,143.08,100.05,2001.0,20,139.55
2026-05-08T14:13:00.161014600Z,TaxiAlgorithmP2PCollector,0,10000,20,50,1,nearest,1,4,1,BASELINE,4,116264429,Client Waiting Time [min],0.18,21.6,8.36,418.13,50,21.42
2026-05-08T14:13:00.161014600Z,TaxiAlgorithmP2PCollector,0,10000,20,50,1,nearest,1,4,1,BASELINE,4,116264429,Client Travel Time [min],407.0,3052.0,1342.74,67137.0,50,2645.0
2026-05-08T14:13:00.161014600Z,TaxiAlgorithmP2PCollector,0,10000,20,50,1,nearest,1,4,1,BASELINE,4,116264429,Calculation Time [millis],0.0,24.0,0.25,1771.0,6974,24.0
2026-05-08T14:13:00.161014600Z,TaxiAlgorithmP2PCollector,0,10000,20,50,1,nearest,1,4,1,BASELINE,4,116264429,Custom Time [micros],0.0,0.0,0.0,0.0,6974,0.0
2026-05-08T14:13:02.208587800Z,TaxiAlgorithmP2PCollector,0,10000,20,50,1,nearest,1,4,1,BASELINE,5,116264430,Taxi Travel Distance [km],53.32,141.4,108.79,2175.82,20,88.08000000000001
2026-05-08T14:13:02.208587800Z,TaxiAlgorithmP2PCollector,0,10000,20,50,1,nearest,1,4,1,BASELINE,5,116264430,Client Waiting Time [min],0.32,32.68,8.2,410.08,50,32.36
2026-05-08T14:13:02.208587800Z,TaxiAlgorithmP2PCollector,0,10000,20,50,1,nearest,1,4,1,BASELINE,5,116264430,Client Travel Time [min],519.0,3287.0,1485.48,74274.0,50,2768.0
2026-05-08T14:13:02.208587800Z,TaxiAlgorithmP2PCollector,0,10000,20,50,1,nearest,1,4,1,BASELINE,5,116264430,Calculation Time [millis],0.0,17.0,0.25,1851.0,7307,17.0
2026-05-08T14:13:02.208587800Z,TaxiAlgorithmP2PCollector,0,10000,20,50,1,nearest,1,4,1,BASELINE,5,116264430,Custom Time [micros],0.0,0.0,0.0,0.0,7307,0.0
2026-05-08T14:13:04.553745400Z,TaxiAlgorithmP2PCollector,0,10000,20,50,1,nearest,1,4,1,BASELINE,6,116264431,Taxi Travel Distance [km],63.67,176.58,132.12,2642.38,20,112.91000000000001
2026-05-08T14:13:04.553745400Z,TaxiAlgorithmP2PCollector,0,10000,20,50,1,nearest,1,4,1,BASELINE,6,116264431,Client Waiting Time [min],1.08,69.38,12.1,605.03,50,68.3
2026-05-08T14:13:04.553745400Z,TaxiAlgorithmP2PCollector,0,10000,20,50,1,nearest,1,4,1,BASELINE,6,116264431,Client Travel Time [min],260.0,5870.0,1730.84,86542.0,50,5610.0
2026-05-08T14:13:04.553745400Z,TaxiAlgorithmP2PCollector,0,10000,20,50,1,nearest,1,4,1,BASELINE,6,116264431,Calculation Time [millis],0.0,61.0,0.25,2112.0,8414,61.0
2026-05-08T14:13:04.553745400Z,TaxiAlgorithmP2PCollector,0,10000,20,50,1,nearest,1,4,1,BASELINE,6,116264431,Custom Time [micros],0.0,0.0,0.0,0.0,8414,0.0
2026-05-08T14:13:06.864519300Z,TaxiAlgorithmP2PCollector,0,10000,20,50,1,nearest,1,4,1,BASELINE,7,116264432,Taxi Travel Distance [km],20.45,146.81,112.92,2258.45,20,126.36
2026-05-08T14:13:06.864519300Z,TaxiAlgorithmP2PCollector,0,10000,20,50,1,nearest,1,4,1,BASELINE,7,116264432,Client Waiting Time [min],0.1,66.02,7.93,396.38,50,65.92
2026-05-08T14:13:06.864519300Z,TaxiAlgorithmP2PCollector,0,10000,20,50,1,nearest,1,4,1,BASELINE,7,116264432,Client Travel Time [min],160.0,4515.0,1310.2,65510.0,50,4355.0
2026-05-08T14:13:06.864519300Z,TaxiAlgorithmP2PCollector,0,10000,20,50,1,nearest,1,4,1,BASELINE,7,116264432,Calculation Time [millis],0.0,45.0,0.31,2193.0,7031,45.0
2026-05-08T14:13:06.864519300Z,TaxiAlgorithmP2PCollector,0,10000,20,50,1,nearest,1,4,1,BASELINE,7,116264432,Custom Time [micros],0.0,0.0,0.0,0.0,7031,0.0
2026-05-08T14:13:09.127003500Z,TaxiAlgorithmP2PCollector,0,10000,20,50,1,nearest,1,4,1,BASELINE,8,116264433,Taxi Travel Distance [km],6.7,136.88,94.9,1898.08,20,130.18
2026-05-08T14:13:09.127003500Z,TaxiAlgorithmP2PCollector,0,10000,20,50,1,nearest,1,4,1,BASELINE,8,116264433,Client Waiting Time [min],0.38,80.07,10.93,546.62,50,79.69
2026-05-08T14:13:09.127003500Z,TaxiAlgorithmP2PCollector,0,10000,20,50,1,nearest,1,4,1,BASELINE,8,116264433,Client Travel Time [min],383.0,5363.0,1554.72,77736.0,50,4980.0
2026-05-08T14:13:09.127003500Z,TaxiAlgorithmP2PCollector,0,10000,20,50,1,nearest,1,4,1,BASELINE,8,116264433,Calculation Time [millis],0.0,25.0,0.29,2099.0,7135,25.0
2026-05-08T14:13:09.127003500Z,TaxiAlgorithmP2PCollector,0,10000,20,50,1,nearest,1,4,1,BASELINE,8,116264433,Custom Time [micros],0.0,0.0,0.0,0.0,7135,0.0
2026-05-08T14:13:11.337598200Z,TaxiAlgorithmP2PCollector,0,10000,20,50,1,nearest,1,4,1,BASELINE,9,116264434,Taxi Travel Distance [km],29.83,136.56,96.38,1927.53,20,106.73
2026-05-08T14:13:11.337598200Z,TaxiAlgorithmP2PCollector,0,10000,20,50,1,nearest,1,4,1,BASELINE,9,116264434,Client Waiting Time [min],0.25,55.2,10.12,506.07,50,54.95
2026-05-08T14:13:11.337598200Z,TaxiAlgorithmP2PCollector,0,10000,20,50,1,nearest,1,4,1,BASELINE,9,116264434,Client Travel Time [min],91.0,4534.0,1466.96,73348.0,50,4443.0
2026-05-08T14:13:11.337598200Z,TaxiAlgorithmP2PCollector,0,10000,20,50,1,nearest,1,4,1,BASELINE,9,116264434,Calculation Time [millis],0.0,56.0,0.25,1987.0,7856,56.0
2026-05-08T14:13:11.337598200Z,TaxiAlgorithmP2PCollector,0,10000,20,50,1,nearest,1,4,1,BASELINE,9,116264434,Custom Time [micros],0.0,0.0,0.0,0.0,7856,0.0
2026-05-08T14:13:12.987444800Z,TaxiAlgorithmP2PCollector,0,10000,20,50,1,nearest,1,4,1,BASELINE,10,116264435,Taxi Travel Distance [km],91.52,160.17,118.4,2368.04,20,68.64999999999999
2026-05-08T14:13:12.987444800Z,TaxiAlgorithmP2PCollector,0,10000,20,50,1,nearest,1,4,1,BASELINE,10,116264435,Client Waiting Time [min],0.58,34.28,6.34,317.23,50,33.7
2026-05-08T14:13:12.987444800Z,TaxiAlgorithmP2PCollector,0,10000,20,50,1,nearest,1,4,1,BASELINE,10,116264435,Client Travel Time [min],407.0,3448.0,1345.96,67298.0,50,3041.0
2026-05-08T14:13:12.987444800Z,TaxiAlgorithmP2PCollector,0,10000,20,50,1,nearest,1,4,1,BASELINE,10,116264435,Calculation Time [millis],0.0,47.0,0.19,1538.0,8072,47.0
2026-05-08T14:13:12.987444800Z,TaxiAlgorithmP2PCollector,0,10000,20,50,1,nearest,1,4,1,BASELINE,10,116264435,Custom Time [micros],0.0,0.0,0.0,0.0,8072,0.0
2026-05-08T14:13:15.881447500Z,TaxiAlgorithmP2PCollector,0,10000,20,100,1,nearest,1,4,1,BASELINE,1,116264426,Taxi Travel Distance [km],90.73,192.23,157.96,3159.29,20,101.49999999999999
2026-05-08T14:13:15.881447500Z,TaxiAlgorithmP2PCollector,0,10000,20,100,1,nearest,1,4,1,BASELINE,1,116264426,Client Waiting Time [min],0.98,90.47,17.07,1707.28,100,89.49
2026-05-08T14:13:15.881447500Z,TaxiAlgorithmP2PCollector,0,10000,20,100,1,nearest,1,4,1,BASELINE,1,116264426,Client Travel Time [min],360.0,6095.0,1836.0,183600.0,100,5735.0
2026-05-08T14:13:15.881447500Z,TaxiAlgorithmP2PCollector,0,10000,20,100,1,nearest,1,4,1,BASELINE,1,116264426,Calculation Time [millis],0.0,50.0,0.31,2780.0,8871,50.0
2026-05-08T14:13:15.881447500Z,TaxiAlgorithmP2PCollector,0,10000,20,100,1,nearest,1,4,1,BASELINE,1,116264426,Custom Time [micros],0.0,0.0,0.0,0.0,8871,0.0
2026-05-08T14:13:20.319522300Z,TaxiAlgorithmP2PCollector,0,10000,20,100,1,nearest,1,4,1,BASELINE,2,116264427,Taxi Travel Distance [km],50.93,225.48,175.09,3501.75,20,174.54999999999998
2026-05-08T14:13:20.319522300Z,TaxiAlgorithmP2PCollector,0,10000,20,100,1,nearest,1,4,1,BASELINE,2,116264427,Client Waiting Time [min],0.9,114.75,24.66,2441.22,99,113.85
2026-05-08T14:13:20.319522300Z,TaxiAlgorithmP2PCollector,0,10000,20,100,1,nearest,1,4,1,BASELINE,2,116264427,Client Travel Time [min],346.0,8205.0,2351.62,235162.0,100,7859.0
2026-05-08T14:13:20.319522300Z,TaxiAlgorithmP2PCollector,0,10000,20,100,1,nearest,1,4,1,BASELINE,2,116264427,Calculation Time [millis],0.0,107.0,0.35,4161.0,11913,107.0
2026-05-08T14:13:20.319522300Z,TaxiAlgorithmP2PCollector,0,10000,20,100,1,nearest,1,4,1,BASELINE,2,116264427,Custom Time [micros],0.0,0.0,0.0,0.0,11913,0.0
2026-05-08T14:13:22.771744Z,TaxiAlgorithmP2PCollector,0,10000,20,100,1,nearest,1,4,1,BASELINE,3,116264428,Taxi Travel Distance [km],116.75,171.62,141.58,2831.58,20,54.870000000000005
2026-05-08T14:13:22.771744Z,TaxiAlgorithmP2PCollector,0,10000,20,100,1,nearest,1,4,1,BASELINE,3,116264428,Client Waiting Time [min],1.38,97.27,16.93,1693.18,100,95.89
2026-05-08T14:13:22.771744Z,TaxiAlgorithmP2PCollector,0,10000,20,100,1,nearest,1,4,1,BASELINE,3,116264428,Client Travel Time [min],234.0,6197.0,1842.54,184254.0,100,5963.0
2026-05-08T14:13:22.771744Z,TaxiAlgorithmP2PCollector,0,10000,20,100,1,nearest,1,4,1,BASELINE,3,116264428,Calculation Time [millis],0.0,43.0,0.29,2338.0,8094,43.0
2026-05-08T14:13:22.771744Z,TaxiAlgorithmP2PCollector,0,10000,20,100,1,nearest,1,4,1,BASELINE,3,116264428,Custom Time [micros],0.0,0.0,0.0,0.0,8094,0.0
2026-05-08T14:13:26.671404500Z,TaxiAlgorithmP2PCollector,0,10000,20,100,1,nearest,1,4,1,BASELINE,4,116264429,Taxi Travel Distance [km],22.12,224.81,170.69,3413.89,20,202.69
2026-05-08T14:13:26.671404500Z,TaxiAlgorithmP2PCollector,0,10000,20,100,1,nearest,1,4,1,BASELINE,4,116264429,Client Waiting Time [min],0.32,137.02,23.8,2379.65,100,136.70000000000002
2026-05-08T14:13:26.671404500Z,TaxiAlgorithmP2PCollector,0,10000,20,100,1,nearest,1,4,1,BASELINE,4,116264429,Client Travel Time [min],108.0,8574.0,2281.66,228166.0,100,8466.0
2026-05-08T14:13:26.671404500Z,TaxiAlgorithmP2PCollector,0,10000,20,100,1,nearest,1,4,1,BASELINE,4,116264429,Calculation Time [millis],0.0,64.0,0.34,3698.0,10775,64.0
2026-05-08T14:13:26.671404500Z,TaxiAlgorithmP2PCollector,0,10000,20,100,1,nearest,1,4,1,BASELINE,4,116264429,Custom Time [micros],0.0,0.0,0.0,0.0,10775,0.0
2026-05-08T14:13:30.212962600Z,TaxiAlgorithmP2PCollector,0,10000,20,100,1,nearest,1,4,1,BASELINE,5,116264430,Taxi Travel Distance [km],94.71,205.13,168.44,3368.76,20,110.42
2026-05-08T14:13:30.212962600Z,TaxiAlgorithmP2PCollector,0,10000,20,100,1,nearest,1,4,1,BASELINE,5,116264430,Client Waiting Time [min],1.1,100.1,22.43,2242.53,100,99.0
2026-05-08T14:13:30.212962600Z,TaxiAlgorithmP2PCollector,0,10000,20,100,1,nearest,1,4,1,BASELINE,5,116264430,Client Travel Time [min],550.0,6724.0,2228.64,222864.0,100,6174.0
2026-05-08T14:13:30.212962600Z,TaxiAlgorithmP2PCollector,0,10000,20,100,1,nearest,1,4,1,BASELINE,5,116264430,Calculation Time [millis],0.0,53.0,0.34,3264.0,9639,53.0
2026-05-08T14:13:30.212962600Z,TaxiAlgorithmP2PCollector,0,10000,20,100,1,nearest,1,4,1,BASELINE,5,116264430,Custom Time [micros],0.0,0.0,0.0,0.0,9639,0.0
2026-05-08T14:13:33.310372600Z,TaxiAlgorithmP2PCollector,0,10000,20,100,1,nearest,1,4,1,BASELINE,6,116264431,Taxi Travel Distance [km],128.98,184.39,169.36,3387.27,20,55.41
2026-05-08T14:13:33.310372600Z,TaxiAlgorithmP2PCollector,0,10000,20,100,1,nearest,1,4,1,BASELINE,6,116264431,Client Waiting Time [min],0.68,109.98,20.27,2007.08,99,109.3
2026-05-08T14:13:33.310372600Z,TaxiAlgorithmP2PCollector,0,10000,20,100,1,nearest,1,4,1,BASELINE,6,116264431,Client Travel Time [min],283.0,6966.0,2164.02,216402.0,100,6683.0
2026-05-08T14:13:33.310372600Z,TaxiAlgorithmP2PCollector,0,10000,20,100,1,nearest,1,4,1,BASELINE,6,116264431,Calculation Time [millis],0.0,52.0,0.33,2837.0,8580,52.0
2026-05-08T14:13:33.310372600Z,TaxiAlgorithmP2PCollector,0,10000,20,100,1,nearest,1,4,1,BASELINE,6,116264431,Custom Time [micros],0.0,0.0,0.0,0.0,8580,0.0
2026-05-08T14:13:36.205164800Z,TaxiAlgorithmP2PCollector,0,10000,20,100,1,nearest,1,4,1,BASELINE,7,116264432,Taxi Travel Distance [km],83.35,184.01,152.51,3050.29,20,100.66
2026-05-08T14:13:36.205164800Z,TaxiAlgorithmP2PCollector,0,10000,20,100,1,nearest,1,4,1,BASELINE,7,116264432,Client Waiting Time [min],0.4,69.88,15.59,1543.47,99,69.47999999999999
2026-05-08T14:13:36.205164800Z,TaxiAlgorithmP2PCollector,0,10000,20,100,1,nearest,1,4,1,BASELINE,7,116264432,Client Travel Time [min],160.0,5193.0,1810.56,181056.0,100,5033.0
2026-05-08T14:13:36.205164800Z,TaxiAlgorithmP2PCollector,0,10000,20,100,1,nearest,1,4,1,BASELINE,7,116264432,Calculation Time [millis],0.0,60.0,0.31,2673.0,8584,60.0
2026-05-08T14:13:36.205164800Z,TaxiAlgorithmP2PCollector,0,10000,20,100,1,nearest,1,4,1,BASELINE,7,116264432,Custom Time [micros],0.0,0.0,0.0,0.0,8584,0.0
2026-05-08T14:13:40.190428300Z,TaxiAlgorithmP2PCollector,0,10000,20,100,1,nearest,1,4,1,BASELINE,8,116264433,Taxi Travel Distance [km],15.94,221.42,174.23,3484.55,20,205.48
2026-05-08T14:13:40.190428300Z,TaxiAlgorithmP2PCollector,0,10000,20,100,1,nearest,1,4,1,BASELINE,8,116264433,Client Waiting Time [min],0.77,108.52,24.95,2445.25,98,107.75
2026-05-08T14:13:40.190428300Z,TaxiAlgorithmP2PCollector,0,10000,20,100,1,nearest,1,4,1,BASELINE,8,116264433,Client Travel Time [min],302.0,7470.0,2458.37,245837.0,100,7168.0
2026-05-08T14:13:40.190428300Z,TaxiAlgorithmP2PCollector,0,10000,20,100,1,nearest,1,4,1,BASELINE,8,116264433,Calculation Time [millis],0.0,63.0,0.35,3790.0,10851,63.0
2026-05-08T14:13:40.190428300Z,TaxiAlgorithmP2PCollector,0,10000,20,100,1,nearest,1,4,1,BASELINE,8,116264433,Custom Time [micros],0.0,0.0,0.0,0.0,10851,0.0
2026-05-08T14:13:45.809560400Z,TaxiAlgorithmP2PCollector,0,10000,20,100,1,nearest,1,4,1,BASELINE,9,116264434,Taxi Travel Distance [km],7.46,320.4,194.45,3888.9,20,312.94
2026-05-08T14:13:45.809560400Z,TaxiAlgorithmP2PCollector,0,10000,20,100,1,nearest,1,4,1,BASELINE,9,116264434,Client Waiting Time [min],0.97,180.58,24.47,2447.08,100,179.61
2026-05-08T14:13:45.809560400Z,TaxiAlgorithmP2PCollector,0,10000,20,100,1,nearest,1,4,1,BASELINE,9,116264434,Client Travel Time [min],164.0,11528.0,2340.24,234024.0,100,11364.0
2026-05-08T14:13:45.809560400Z,TaxiAlgorithmP2PCollector,0,10000,20,100,1,nearest,1,4,1,BASELINE,9,116264434,Calculation Time [millis],0.0,98.0,0.36,5378.0,14881,98.0
2026-05-08T14:13:45.809560400Z,TaxiAlgorithmP2PCollector,0,10000,20,100,1,nearest,1,4,1,BASELINE,9,116264434,Custom Time [micros],0.0,0.0,0.0,0.0,14881,0.0
2026-05-08T14:13:48.746784600Z,TaxiAlgorithmP2PCollector,0,10000,20,100,1,nearest,1,4,1,BASELINE,10,116264435,Taxi Travel Distance [km],111.43,181.23,151.28,3025.52,20,69.79999999999998
2026-05-08T14:13:48.746784600Z,TaxiAlgorithmP2PCollector,0,10000,20,100,1,nearest,1,4,1,BASELINE,10,116264435,Client Waiting Time [min],0.87,87.93,18.0,1799.63,100,87.06
2026-05-08T14:13:48.746784600Z,TaxiAlgorithmP2PCollector,0,10000,20,100,1,nearest,1,4,1,BASELINE,10,116264435,Client Travel Time [min],321.0,6045.0,1956.64,195664.0,100,5724.0
2026-05-08T14:13:48.746784600Z,TaxiAlgorithmP2PCollector,0,10000,20,100,1,nearest,1,4,1,BASELINE,10,116264435,Calculation Time [millis],0.0,57.0,0.31,2658.0,8687,57.0
2026-05-08T14:13:48.746784600Z,TaxiAlgorithmP2PCollector,0,10000,20,100,1,nearest,1,4,1,BASELINE,10,116264435,Custom Time [micros],0.0,0.0,0.0,0.0,8687,0.0
2026-05-08T14:13:49.119658400Z,TaxiAlgorithmP2PCollector,0,20000,5,25,1,nearest,1,4,1,BASELINE,1,116264426,Taxi Travel Distance [km],148.4,183.1,167.22,836.1,5,34.69999999999999
2026-05-08T14:13:49.119658400Z,TaxiAlgorithmP2PCollector,0,20000,5,25,1,nearest,1,4,1,BASELINE,1,116264426,Client Waiting Time [min],2.25,104.45,23.54,588.43,25,102.2
2026-05-08T14:13:49.119658400Z,TaxiAlgorithmP2PCollector,0,20000,5,25,1,nearest,1,4,1,BASELINE,1,116264426,Client Travel Time [min],920.0,7195.0,2267.48,56687.0,25,6275.0
2026-05-08T14:13:49.119658400Z,TaxiAlgorithmP2PCollector,0,20000,5,25,1,nearest,1,4,1,BASELINE,1,116264426,Calculation Time [millis],0.0,0.0,0.02,215.0,8628,0.0
2026-05-08T14:13:49.119658400Z,TaxiAlgorithmP2PCollector,0,20000,5,25,1,nearest,1,4,1,BASELINE,1,116264426,Custom Time [micros],0.0,0.0,0.0,0.0,8628,0.0
2026-05-08T14:13:49.477028900Z,TaxiAlgorithmP2PCollector,0,20000,5,25,1,nearest,1,4,1,BASELINE,2,116264427,Taxi Travel Distance [km],59.94,199.49,166.06,830.3,5,139.55
2026-05-08T14:13:49.477028900Z,TaxiAlgorithmP2PCollector,0,20000,5,25,1,nearest,1,4,1,BASELINE,2,116264427,Client Waiting Time [min],1.55,123.35,45.34,1133.6,25,121.8
2026-05-08T14:13:49.477028900Z,TaxiAlgorithmP2PCollector,0,20000,5,25,1,nearest,1,4,1,BASELINE,2,116264427,Client Travel Time [min],453.0,8221.0,3517.88,87947.0,25,7768.0
2026-05-08T14:13:49.477028900Z,TaxiAlgorithmP2PCollector,0,20000,5,25,1,nearest,1,4,1,BASELINE,2,116264427,Calculation Time [millis],0.0,0.0,0.03,275.0,9774,0.0
2026-05-08T14:13:49.477028900Z,TaxiAlgorithmP2PCollector,0,20000,5,25,1,nearest,1,4,1,BASELINE,2,116264427,Custom Time [micros],0.0,0.0,0.0,0.0,9774,0.0
2026-05-08T14:13:49.744611700Z,TaxiAlgorithmP2PCollector,0,20000,5,25,1,nearest,1,4,1,BASELINE,3,116264428,Taxi Travel Distance [km],120.23,153.09,137.42,687.09,5,32.86
2026-05-08T14:13:49.744611700Z,TaxiAlgorithmP2PCollector,0,20000,5,25,1,nearest,1,4,1,BASELINE,3,116264428,Client Waiting Time [min],1.4,92.88,27.32,682.88,25,91.47999999999999
2026-05-08T14:13:49.744611700Z,TaxiAlgorithmP2PCollector,0,20000,5,25,1,nearest,1,4,1,BASELINE,3,116264428,Client Travel Time [min],580.0,6035.0,2326.4,58160.0,25,5455.0
2026-05-08T14:13:49.744611700Z,TaxiAlgorithmP2PCollector,0,20000,5,25,1,nearest,1,4,1,BASELINE,3,116264428,Calculation Time [millis],0.0,0.0,0.02,189.0,7898,0.0
2026-05-08T14:13:49.744611700Z,TaxiAlgorithmP2PCollector,0,20000,5,25,1,nearest,1,4,1,BASELINE,3,116264428,Custom Time [micros],0.0,0.0,0.0,0.0,7898,0.0
2026-05-08T14:13:50.120324900Z,TaxiAlgorithmP2PCollector,0,20000,5,25,1,nearest,1,4,1,BASELINE,4,116264429,Taxi Travel Distance [km],70.38,191.3,155.6,777.98,5,120.92000000000002
2026-05-08T14:13:50.120324900Z,TaxiAlgorithmP2PCollector,0,20000,5,25,1,nearest,1,4,1,BASELINE,4,116264429,Client Waiting Time [min],2.48,113.93,34.14,853.5,25,111.45
2026-05-08T14:13:50.120324900Z,TaxiAlgorithmP2PCollector,0,20000,5,25,1,nearest,1,4,1,BASELINE,4,116264429,Client Travel Time [min],833.0,7541.0,2870.32,71758.0,25,6708.0
2026-05-08T14:13:50.120324900Z,TaxiAlgorithmP2PCollector,0,20000,5,25,1,nearest,1,4,1,BASELINE,4,116264429,Calculation Time [millis],0.0,0.0,0.03,303.0,9042,0.0
2026-05-08T14:13:50.120324900Z,TaxiAlgorithmP2PCollector,0,20000,5,25,1,nearest,1,4,1,BASELINE,4,116264429,Custom Time [micros],0.0,0.0,0.0,0.0,9042,0.0
2026-05-08T14:13:50.420727100Z,TaxiAlgorithmP2PCollector,0,20000,5,25,1,nearest,1,4,1,BASELINE,5,116264430,Taxi Travel Distance [km],162.28,200.54,182.79,913.93,5,38.25999999999999
2026-05-08T14:13:50.420727100Z,TaxiAlgorithmP2PCollector,0,20000,5,25,1,nearest,1,4,1,BASELINE,5,116264430,Client Waiting Time [min],2.8,112.92,32.67,816.65,25,110.12
2026-05-08T14:13:50.420727100Z,TaxiAlgorithmP2PCollector,0,20000,5,25,1,nearest,1,4,1,BASELINE,5,116264430,Client Travel Time [min],713.0,7649.0,2819.6,70490.0,25,6936.0
2026-05-08T14:13:50.420727100Z,TaxiAlgorithmP2PCollector,0,20000,5,25,1,nearest,1,4,1,BASELINE,5,116264430,Calculation Time [millis],0.0,0.0,0.02,231.0,10739,0.0
2026-05-08T14:13:50.420727100Z,TaxiAlgorithmP2PCollector,0,20000,5,25,1,nearest,1,4,1,BASELINE,5,116264430,Custom Time [micros],0.0,0.0,0.0,0.0,10739,0.0
2026-05-08T14:13:50.747632500Z,TaxiAlgorithmP2PCollector,0,20000,5,25,1,nearest,1,4,1,BASELINE,6,116264431,Taxi Travel Distance [km],148.26,210.02,174.02,870.09,5,61.76000000000002
2026-05-08T14:13:50.747632500Z,TaxiAlgorithmP2PCollector,0,20000,5,25,1,nearest,1,4,1,BASELINE,6,116264431,Client Waiting Time [min],2.02,90.37,23.32,582.92,25,88.35000000000001
2026-05-08T14:13:50.747632500Z,TaxiAlgorithmP2PCollector,0,20000,5,25,1,nearest,1,4,1,BASELINE,6,116264431,Client Travel Time [min],316.0,6032.0,2320.72,58018.0,25,5716.0
2026-05-08T14:13:50.747632500Z,TaxiAlgorithmP2PCollector,0,20000,5,25,1,nearest,1,4,1,BASELINE,6,116264431,Calculation Time [millis],0.0,0.0,0.02,240.0,9760,0.0
2026-05-08T14:13:50.747632500Z,TaxiAlgorithmP2PCollector,0,20000,5,25,1,nearest,1,4,1,BASELINE,6,116264431,Custom Time [micros],0.0,0.0,0.0,0.0,9760,0.0
2026-05-08T14:13:51.041955Z,TaxiAlgorithmP2PCollector,0,20000,5,25,1,nearest,1,4,1,BASELINE,7,116264432,Taxi Travel Distance [km],131.53,188.3,164.25,821.26,5,56.77000000000001
2026-05-08T14:13:51.041955Z,TaxiAlgorithmP2PCollector,0,20000,5,25,1,nearest,1,4,1,BASELINE,7,116264432,Client Waiting Time [min],0.52,111.52,20.49,512.23,25,111.0
2026-05-08T14:13:51.041955Z,TaxiAlgorithmP2PCollector,0,20000,5,25,1,nearest,1,4,1,BASELINE,7,116264432,Client Travel Time [min],160.0,7326.0,2162.48,54062.0,25,7166.0
2026-05-08T14:13:51.041955Z,TaxiAlgorithmP2PCollector,0,20000,5,25,1,nearest,1,4,1,BASELINE,7,116264432,Calculation Time [millis],0.0,0.0,0.02,215.0,9027,0.0
2026-05-08T14:13:51.041955Z,TaxiAlgorithmP2PCollector,0,20000,5,25,1,nearest,1,4,1,BASELINE,7,116264432,Custom Time [micros],0.0,0.0,0.0,0.0,9027,0.0
2026-05-08T14:13:51.480937700Z,TaxiAlgorithmP2PCollector,0,20000,5,25,1,nearest,1,4,1,BASELINE,8,116264433,Taxi Travel Distance [km],118.96,217.61,183.39,916.93,5,98.65000000000002
2026-05-08T14:13:51.480937700Z,TaxiAlgorithmP2PCollector,0,20000,5,25,1,nearest,1,4,1,BASELINE,8,116264433,Client Waiting Time [min],1.25,142.85,44.86,1076.73,24,141.6
2026-05-08T14:13:51.480937700Z,TaxiAlgorithmP2PCollector,0,20000,5,25,1,nearest,1,4,1,BASELINE,8,116264433,Client Travel Time [min],583.0,8972.0,3545.84,88646.0,25,8389.0
2026-05-08T14:13:51.480937700Z,TaxiAlgorithmP2PCollector,0,20000,5,25,1,nearest,1,4,1,BASELINE,8,116264433,Calculation Time [millis],0.0,17.0,0.03,372.0,11037,17.0
2026-05-08T14:13:51.480937700Z,TaxiAlgorithmP2PCollector,0,20000,5,25,1,nearest,1,4,1,BASELINE,8,116264433,Custom Time [micros],0.0,0.0,0.0,0.0,11037,0.0
2026-05-08T14:13:51.886498600Z,TaxiAlgorithmP2PCollector,0,20000,5,25,1,nearest,1,4,1,BASELINE,9,116264434,Taxi Travel Distance [km],118.92,205.62,169.3,846.5,5,86.7
2026-05-08T14:13:51.886498600Z,TaxiAlgorithmP2PCollector,0,20000,5,25,1,nearest,1,4,1,BASELINE,9,116264434,Client Waiting Time [min],3.25,136.63,37.41,935.13,25,133.38
2026-05-08T14:13:51.886498600Z,TaxiAlgorithmP2PCollector,0,20000,5,25,1,nearest,1,4,1,BASELINE,9,116264434,Client Travel Time [min],711.0,8685.0,3071.92,76798.0,25,7974.0
2026-05-08T14:13:51.886498600Z,TaxiAlgorithmP2PCollector,0,20000,5,25,1,nearest,1,4,1,BASELINE,9,116264434,Calculation Time [millis],0.0,0.0,0.03,323.0,11040,0.0
2026-05-08T14:13:51.886498600Z,TaxiAlgorithmP2PCollector,0,20000,5,25,1,nearest,1,4,1,BASELINE,9,116264434,Custom Time [micros],0.0,0.0,0.0,0.0,11040,0.0
2026-05-08T14:13:52.244738100Z,TaxiAlgorithmP2PCollector,0,20000,5,25,1,nearest,1,4,1,BASELINE,10,116264435,Taxi Travel Distance [km],142.93,235.25,174.23,871.16,5,92.32
2026-05-08T14:13:52.244738100Z,TaxiAlgorithmP2PCollector,0,20000,5,25,1,nearest,1,4,1,BASELINE,10,116264435,Client Waiting Time [min],1.72,89.45,28.28,706.92,25,87.73
2026-05-08T14:13:52.244738100Z,TaxiAlgorithmP2PCollector,0,20000,5,25,1,nearest,1,4,1,BASELINE,10,116264435,Client Travel Time [min],607.0,6588.0,2618.24,65456.0,25,5981.0
2026-05-08T14:13:52.244738100Z,TaxiAlgorithmP2PCollector,0,20000,5,25,1,nearest,1,4,1,BASELINE,10,116264435,Calculation Time [millis],0.0,0.0,0.02,263.0,11212,0.0
2026-05-08T14:13:52.244738100Z,TaxiAlgorithmP2PCollector,0,20000,5,25,1,nearest,1,4,1,BASELINE,10,116264435,Custom Time [micros],0.0,0.0,0.0,0.0,11212,0.0
2026-05-08T14:13:52.605198400Z,TaxiAlgorithmP2PCollector,0,20000,10,25,1,nearest,1,4,1,BASELINE,1,116264426,Taxi Travel Distance [km],69.39,134.53,99.08,990.77,10,65.14
2026-05-08T14:13:52.605198400Z,TaxiAlgorithmP2PCollector,0,20000,10,25,1,nearest,1,4,1,BASELINE,1,116264426,Client Waiting Time [min],1.22,31.83,9.74,243.43,25,30.61
2026-05-08T14:13:52.605198400Z,TaxiAlgorithmP2PCollector,0,20000,10,25,1,nearest,1,4,1,BASELINE,1,116264426,Client Travel Time [min],579.0,3117.0,1434.24,35856.0,25,2538.0
2026-05-08T14:13:52.605198400Z,TaxiAlgorithmP2PCollector,0,20000,10,25,1,nearest,1,4,1,BASELINE,1,116264426,Calculation Time [millis],0.0,0.0,0.04,298.0,7208,0.0
2026-05-08T14:13:52.605198400Z,TaxiAlgorithmP2PCollector,0,20000,10,25,1,nearest,1,4,1,BASELINE,1,116264426,Custom Time [micros],0.0,0.0,0.0,0.0,7208,0.0
2026-05-08T14:13:53.194881400Z,TaxiAlgorithmP2PCollector,0,20000,10,25,1,nearest,1,4,1,BASELINE,2,116264427,Taxi Travel Distance [km],9.88,127.9,97.94,979.41,10,118.02000000000001
2026-05-08T14:13:53.194881400Z,TaxiAlgorithmP2PCollector,0,20000,10,25,1,nearest,1,4,1,BASELINE,2,116264427,Client Waiting Time [min],1.15,34.78,11.48,287.0,25,33.63
2026-05-08T14:13:53.194881400Z,TaxiAlgorithmP2PCollector,0,20000,10,25,1,nearest,1,4,1,BASELINE,2,116264427,Client Travel Time [min],355.0,3043.0,1547.36,38684.0,25,2688.0
2026-05-08T14:13:53.194881400Z,TaxiAlgorithmP2PCollector,0,20000,10,25,1,nearest,1,4,1,BASELINE,2,116264427,Calculation Time [millis],0.0,0.0,0.08,500.0,6150,0.0
2026-05-08T14:13:53.194881400Z,TaxiAlgorithmP2PCollector,0,20000,10,25,1,nearest,1,4,1,BASELINE,2,116264427,Custom Time [micros],0.0,0.0,0.0,0.0,6150,0.0
2026-05-08T14:13:53.506930600Z,TaxiAlgorithmP2PCollector,0,20000,10,25,1,nearest,1,4,1,BASELINE,3,116264428,Taxi Travel Distance [km],54.16,98.47,81.09,810.94,10,44.31
2026-05-08T14:13:53.506930600Z,TaxiAlgorithmP2PCollector,0,20000,10,25,1,nearest,1,4,1,BASELINE,3,116264428,Client Waiting Time [min],0.72,19.78,8.06,201.55,25,19.060000000000002
2026-05-08T14:13:53.506930600Z,TaxiAlgorithmP2PCollector,0,20000,10,25,1,nearest,1,4,1,BASELINE,3,116264428,Client Travel Time [min],448.0,2641.0,1203.04,30076.0,25,2193.0
2026-05-08T14:13:53.506930600Z,TaxiAlgorithmP2PCollector,0,20000,10,25,1,nearest,1,4,1,BASELINE,3,116264428,Calculation Time [millis],0.0,1.0,0.03,212.0,6361,1.0
2026-05-08T14:13:53.506930600Z,TaxiAlgorithmP2PCollector,0,20000,10,25,1,nearest,1,4,1,BASELINE,3,116264428,Custom Time [micros],0.0,0.0,0.0,0.0,6361,0.0
2026-05-08T14:13:54.141493400Z,TaxiAlgorithmP2PCollector,0,20000,10,25,1,nearest,1,4,1,BASELINE,4,116264429,Taxi Travel Distance [km],60.65,138.57,111.08,1110.75,10,77.91999999999999
2026-05-08T14:13:54.141493400Z,TaxiAlgorithmP2PCollector,0,20000,10,25,1,nearest,1,4,1,BASELINE,4,116264429,Client Waiting Time [min],0.68,24.05,9.16,229.08,25,23.37
2026-05-08T14:13:54.141493400Z,TaxiAlgorithmP2PCollector,0,20000,10,25,1,nearest,1,4,1,BASELINE,4,116264429,Client Travel Time [min],817.0,2504.0,1400.32,35008.0,25,1687.0
2026-05-08T14:13:54.141493400Z,TaxiAlgorithmP2PCollector,0,20000,10,25,1,nearest,1,4,1,BASELINE,4,116264429,Calculation Time [millis],0.0,0.0,0.08,568.0,7033,0.0
2026-05-08T14:13:54.141493400Z,TaxiAlgorithmP2PCollector,0,20000,10,25,1,nearest,1,4,1,BASELINE,4,116264429,Custom Time [micros],0.0,0.0,0.0,0.0,7033,0.0
2026-05-08T14:13:54.625707700Z,TaxiAlgorithmP2PCollector,0,20000,10,25,1,nearest,1,4,1,BASELINE,5,116264430,Taxi Travel Distance [km],64.49,142.16,90.62,906.2,10,77.67
2026-05-08T14:13:54.625707700Z,TaxiAlgorithmP2PCollector,0,20000,10,25,1,nearest,1,4,1,BASELINE,5,116264430,Client Waiting Time [min],2.25,40.32,13.25,331.25,25,38.07
2026-05-08T14:13:54.625707700Z,TaxiAlgorithmP2PCollector,0,20000,10,25,1,nearest,1,4,1,BASELINE,5,116264430,Client Travel Time [min],713.0,3844.0,1685.48,42137.0,25,3131.0
2026-05-08T14:13:54.625707700Z,TaxiAlgorithmP2PCollector,0,20000,10,25,1,nearest,1,4,1,BASELINE,5,116264430,Calculation Time [millis],0.0,0.0,0.05,374.0,7983,0.0
2026-05-08T14:13:54.625707700Z,TaxiAlgorithmP2PCollector,0,20000,10,25,1,nearest,1,4,1,BASELINE,5,116264430,Custom Time [micros],0.0,0.0,0.0,0.0,7983,0.0
2026-05-08T14:13:55.317160200Z,TaxiAlgorithmP2PCollector,0,20000,10,25,1,nearest,1,4,1,BASELINE,6,116264431,Taxi Travel Distance [km],103.17,179.11,133.23,1332.35,10,75.94000000000001
2026-05-08T14:13:55.317160200Z,TaxiAlgorithmP2PCollector,0,20000,10,25,1,nearest,1,4,1,BASELINE,6,116264431,Client Waiting Time [min],1.33,62.37,13.69,342.18,25,61.04
2026-05-08T14:13:55.317160200Z,TaxiAlgorithmP2PCollector,0,20000,10,25,1,nearest,1,4,1,BASELINE,6,116264431,Client Travel Time [min],295.0,4990.0,1874.76,46869.0,25,4695.0
2026-05-08T14:13:55.317160200Z,TaxiAlgorithmP2PCollector,0,20000,10,25,1,nearest,1,4,1,BASELINE,6,116264431,Calculation Time [millis],0.0,10.0,0.06,581.0,9189,10.0
2026-05-08T14:13:55.317160200Z,TaxiAlgorithmP2PCollector,0,20000,10,25,1,nearest,1,4,1,BASELINE,6,116264431,Custom Time [micros],0.0,0.0,0.0,0.0,9189,0.0
2026-05-08T14:13:55.776374300Z,TaxiAlgorithmP2PCollector,0,20000,10,25,1,nearest,1,4,1,BASELINE,7,116264432,Taxi Travel Distance [km],84.55,143.99,114.07,1140.75,10,59.44000000000001
2026-05-08T14:13:55.776374300Z,TaxiAlgorithmP2PCollector,0,20000,10,25,1,nearest,1,4,1,BASELINE,7,116264432,Client Waiting Time [min],0.45,23.38,9.28,232.02,25,22.93
2026-05-08T14:13:55.776374300Z,TaxiAlgorithmP2PCollector,0,20000,10,25,1,nearest,1,4,1,BASELINE,7,116264432,Client Travel Time [min],613.0,2541.0,1557.96,38949.0,25,1928.0
2026-05-08T14:13:55.776374300Z,TaxiAlgorithmP2PCollector,0,20000,10,25,1,nearest,1,4,1,BASELINE,7,116264432,Calculation Time [millis],0.0,0.0,0.05,385.0,7278,0.0
2026-05-08T14:13:55.776374300Z,TaxiAlgorithmP2PCollector,0,20000,10,25,1,nearest,1,4,1,BASELINE,7,116264432,Custom Time [micros],0.0,0.0,0.0,0.0,7278,0.0
2026-05-08T14:13:56.528842800Z,TaxiAlgorithmP2PCollector,0,20000,10,25,1,nearest,1,4,1,BASELINE,8,116264433,Taxi Travel Distance [km],12.91,160.06,97.87,978.67,10,147.15
2026-05-08T14:13:56.528842800Z,TaxiAlgorithmP2PCollector,0,20000,10,25,1,nearest,1,4,1,BASELINE,8,116264433,Client Waiting Time [min],0.73,51.3,18.91,472.72,25,50.57
2026-05-08T14:13:56.528842800Z,TaxiAlgorithmP2PCollector,0,20000,10,25,1,nearest,1,4,1,BASELINE,8,116264433,Client Travel Time [min],425.0,3440.0,2039.96,50999.0,25,3015.0
2026-05-08T14:13:56.528842800Z,TaxiAlgorithmP2PCollector,0,20000,10,25,1,nearest,1,4,1,BASELINE,8,116264433,Calculation Time [millis],0.0,0.0,0.08,654.0,7903,0.0
2026-05-08T14:13:56.528842800Z,TaxiAlgorithmP2PCollector,0,20000,10,25,1,nearest,1,4,1,BASELINE,8,116264433,Custom Time [micros],0.0,0.0,0.0,0.0,7903,0.0
2026-05-08T14:13:57.107885Z,TaxiAlgorithmP2PCollector,0,20000,10,25,1,nearest,1,4,1,BASELINE,9,116264434,Taxi Travel Distance [km],14.71,151.26,96.81,968.08,10,136.54999999999998
2026-05-08T14:13:57.107885Z,TaxiAlgorithmP2PCollector,0,20000,10,25,1,nearest,1,4,1,BASELINE,9,116264434,Client Waiting Time [min],3.42,28.53,12.67,316.72,25,25.11
2026-05-08T14:13:57.107885Z,TaxiAlgorithmP2PCollector,0,20000,10,25,1,nearest,1,4,1,BASELINE,9,116264434,Client Travel Time [min],270.0,2914.0,1599.72,39993.0,25,2644.0
2026-05-08T14:13:57.107885Z,TaxiAlgorithmP2PCollector,0,20000,10,25,1,nearest,1,4,1,BASELINE,9,116264434,Calculation Time [millis],0.0,7.0,0.07,459.0,7060,7.0
2026-05-08T14:13:57.107885Z,TaxiAlgorithmP2PCollector,0,20000,10,25,1,nearest,1,4,1,BASELINE,9,116264434,Custom Time [micros],0.0,0.0,0.0,0.0,7060,0.0
2026-05-08T14:13:57.653299Z,TaxiAlgorithmP2PCollector,0,20000,10,25,1,nearest,1,4,1,BASELINE,10,116264435,Taxi Travel Distance [km],52.98,148.66,112.69,1126.88,10,95.68
2026-05-08T14:13:57.653299Z,TaxiAlgorithmP2PCollector,0,20000,10,25,1,nearest,1,4,1,BASELINE,10,116264435,Client Waiting Time [min],3.07,40.78,11.6,290.05,25,37.71
2026-05-08T14:13:57.653299Z,TaxiAlgorithmP2PCollector,0,20000,10,25,1,nearest,1,4,1,BASELINE,10,116264435,Client Travel Time [min],484.0,3338.0,1628.12,40703.0,25,2854.0
2026-05-08T14:13:57.653299Z,TaxiAlgorithmP2PCollector,0,20000,10,25,1,nearest,1,4,1,BASELINE,10,116264435,Calculation Time [millis],0.0,0.0,0.06,466.0,7617,0.0
2026-05-08T14:13:57.653299Z,TaxiAlgorithmP2PCollector,0,20000,10,25,1,nearest,1,4,1,BASELINE,10,116264435,Custom Time [micros],0.0,0.0,0.0,0.0,7617,0.0
2026-05-08T14:13:58.528960900Z,TaxiAlgorithmP2PCollector,0,20000,10,50,1,nearest,1,4,1,BASELINE,1,116264426,Taxi Travel Distance [km],142.4,179.5,159.37,1593.7,10,37.099999999999994
2026-05-08T14:13:58.528960900Z,TaxiAlgorithmP2PCollector,0,20000,10,50,1,nearest,1,4,1,BASELINE,1,116264426,Client Waiting Time [min],1.08,102.4,20.16,1007.9,50,101.32000000000001
2026-05-08T14:13:58.528960900Z,TaxiAlgorithmP2PCollector,0,20000,10,50,1,nearest,1,4,1,BASELINE,1,116264426,Client Travel Time [min],485.0,6723.0,2027.36,101368.0,50,6238.0
2026-05-08T14:13:58.528960900Z,TaxiAlgorithmP2PCollector,0,20000,10,50,1,nearest,1,4,1,BASELINE,1,116264426,Calculation Time [millis],0.0,0.0,0.09,777.0,8235,0.0
2026-05-08T14:13:58.528960900Z,TaxiAlgorithmP2PCollector,0,20000,10,50,1,nearest,1,4,1,BASELINE,1,116264426,Custom Time [micros],0.0,0.0,0.0,0.0,8235,0.0
2026-05-08T14:13:59.399067900Z,TaxiAlgorithmP2PCollector,0,20000,10,50,1,nearest,1,4,1,BASELINE,2,116264427,Taxi Travel Distance [km],145.26,170.3,152.92,1529.23,10,25.04000000000002
2026-05-08T14:13:59.399067900Z,TaxiAlgorithmP2PCollector,0,20000,10,50,1,nearest,1,4,1,BASELINE,2,116264427,Client Waiting Time [min],1.2,84.42,21.47,1030.45,48,83.22
2026-05-08T14:13:59.399067900Z,TaxiAlgorithmP2PCollector,0,20000,10,50,1,nearest,1,4,1,BASELINE,2,116264427,Client Travel Time [min],479.0,5556.0,2107.0,105350.0,50,5077.0
2026-05-08T14:13:59.399067900Z,TaxiAlgorithmP2PCollector,0,20000,10,50,1,nearest,1,4,1,BASELINE,2,116264427,Calculation Time [millis],0.0,2.0,0.09,725.0,7890,2.0
2026-05-08T14:13:59.399067900Z,TaxiAlgorithmP2PCollector,0,20000,10,50,1,nearest,1,4,1,BASELINE,2,116264427,Custom Time [micros],0.0,0.0,0.0,0.0,7890,0.0
2026-05-08T14:14:00.287036700Z,TaxiAlgorithmP2PCollector,0,20000,10,50,1,nearest,1,4,1,BASELINE,3,116264428,Taxi Travel Distance [km],75.97,192.88,141.34,1413.43,10,116.91
2026-05-08T14:14:00.287036700Z,TaxiAlgorithmP2PCollector,0,20000,10,50,1,nearest,1,4,1,BASELINE,3,116264428,Client Waiting Time [min],1.13,94.9,23.53,1176.55,50,93.77000000000001
2026-05-08T14:14:00.287036700Z,TaxiAlgorithmP2PCollector,0,20000,10,50,1,nearest,1,4,1,BASELINE,3,116264428,Client Travel Time [min],580.0,6521.0,2204.84,110242.0,50,5941.0
2026-05-08T14:14:00.287036700Z,TaxiAlgorithmP2PCollector,0,20000,10,50,1,nearest,1,4,1,BASELINE,3,116264428,Calculation Time [millis],0.0,0.0,0.08,764.0,9173,0.0
2026-05-08T14:14:00.287036700Z,TaxiAlgorithmP2PCollector,0,20000,10,50,1,nearest,1,4,1,BASELINE,3,116264428,Custom Time [micros],0.0,0.0,0.0,0.0,9173,0.0
2026-05-08T14:14:01.534724400Z,TaxiAlgorithmP2PCollector,0,20000,10,50,1,nearest,1,4,1,BASELINE,4,116264429,Taxi Travel Distance [km],114.73,206.17,161.91,1619.09,10,91.43999999999998
2026-05-08T14:14:01.534724400Z,TaxiAlgorithmP2PCollector,0,20000,10,50,1,nearest,1,4,1,BASELINE,4,116264429,Client Waiting Time [min],0.87,103.15,25.25,1262.45,50,102.28
2026-05-08T14:14:01.534724400Z,TaxiAlgorithmP2PCollector,0,20000,10,50,1,nearest,1,4,1,BASELINE,4,116264429,Client Travel Time [min],552.0,6644.0,2328.64,116432.0,50,6092.0
2026-05-08T14:14:01.534724400Z,TaxiAlgorithmP2PCollector,0,20000,10,50,1,nearest,1,4,1,BASELINE,4,116264429,Calculation Time [millis],0.0,2.0,0.11,1106.0,9750,2.0
2026-05-08T14:14:01.534724400Z,TaxiAlgorithmP2PCollector,0,20000,10,50,1,nearest,1,4,1,BASELINE,4,116264429,Custom Time [micros],0.0,0.0,0.0,0.0,9750,0.0
2026-05-08T14:14:02.656240900Z,TaxiAlgorithmP2PCollector,0,20000,10,50,1,nearest,1,4,1,BASELINE,5,116264430,Taxi Travel Distance [km],127.39,188.22,171.18,1711.78,10,60.83
2026-05-08T14:14:02.656240900Z,TaxiAlgorithmP2PCollector,0,20000,10,50,1,nearest,1,4,1,BASELINE,5,116264430,Client Waiting Time [min],1.45,106.13,31.91,1595.42,50,104.67999999999999
2026-05-08T14:14:02.656240900Z,TaxiAlgorithmP2PCollector,0,20000,10,50,1,nearest,1,4,1,BASELINE,5,116264430,Client Travel Time [min],637.0,6910.0,2795.64,139782.0,50,6273.0
2026-05-08T14:14:02.656240900Z,TaxiAlgorithmP2PCollector,0,20000,10,50,1,nearest,1,4,1,BASELINE,5,116264430,Calculation Time [millis],0.0,25.0,0.1,945.0,9109,25.0
2026-05-08T14:14:02.656240900Z,TaxiAlgorithmP2PCollector,0,20000,10,50,1,nearest,1,4,1,BASELINE,5,116264430,Custom Time [micros],0.0,0.0,0.0,0.0,9109,0.0
2026-05-08T14:14:03.654550Z,TaxiAlgorithmP2PCollector,0,20000,10,50,1,nearest,1,4,1,BASELINE,6,116264431,Taxi Travel Distance [km],163.67,193.25,176.59,1765.94,10,29.580000000000013
2026-05-08T14:14:03.654550Z,TaxiAlgorithmP2PCollector,0,20000,10,50,1,nearest,1,4,1,BASELINE,6,116264431,Client Waiting Time [min],1.33,88.65,28.04,1374.18,49,87.32000000000001
2026-05-08T14:14:03.654550Z,TaxiAlgorithmP2PCollector,0,20000,10,50,1,nearest,1,4,1,BASELINE,6,116264431,Client Travel Time [min],295.0,6824.0,2719.3,135965.0,50,6529.0
2026-05-08T14:14:03.654550Z,TaxiAlgorithmP2PCollector,0,20000,10,50,1,nearest,1,4,1,BASELINE,6,116264431,Calculation Time [millis],0.0,0.0,0.1,886.0,9137,0.0
2026-05-08T14:14:03.654550Z,TaxiAlgorithmP2PCollector,0,20000,10,50,1,nearest,1,4,1,BASELINE,6,116264431,Custom Time [micros],0.0,0.0,0.0,0.0,9137,0.0
2026-05-08T14:14:04.850375Z,TaxiAlgorithmP2PCollector,0,20000,10,50,1,nearest,1,4,1,BASELINE,7,116264432,Taxi Travel Distance [km],64.91,229.49,160.84,1608.36,10,164.58
2026-05-08T14:14:04.850375Z,TaxiAlgorithmP2PCollector,0,20000,10,50,1,nearest,1,4,1,BASELINE,7,116264432,Client Waiting Time [min],0.45,121.37,23.85,1192.42,50,120.92
2026-05-08T14:14:04.850375Z,TaxiAlgorithmP2PCollector,0,20000,10,50,1,nearest,1,4,1,BASELINE,7,116264432,Client Travel Time [min],243.0,7936.0,2270.72,113536.0,50,7693.0
2026-05-08T14:14:04.850375Z,TaxiAlgorithmP2PCollector,0,20000,10,50,1,nearest,1,4,1,BASELINE,7,116264432,Calculation Time [millis],0.0,11.0,0.1,1042.0,10860,11.0
2026-05-08T14:14:04.850375Z,TaxiAlgorithmP2PCollector,0,20000,10,50,1,nearest,1,4,1,BASELINE,7,116264432,Custom Time [micros],0.0,0.0,0.0,0.0,10860,0.0
2026-05-08T14:14:06.052003900Z,TaxiAlgorithmP2PCollector,0,20000,10,50,1,nearest,1,4,1,BASELINE,8,116264433,Taxi Travel Distance [km],115.22,194.73,174.37,1743.71,10,79.50999999999999
2026-05-08T14:14:06.052003900Z,TaxiAlgorithmP2PCollector,0,20000,10,50,1,nearest,1,4,1,BASELINE,8,116264433,Client Waiting Time [min],1.3,115.47,29.04,1451.8,50,114.17
2026-05-08T14:14:06.052003900Z,TaxiAlgorithmP2PCollector,0,20000,10,50,1,nearest,1,4,1,BASELINE,8,116264433,Client Travel Time [min],572.0,7399.0,2592.92,129646.0,50,6827.0
2026-05-08T14:14:06.052003900Z,TaxiAlgorithmP2PCollector,0,20000,10,50,1,nearest,1,4,1,BASELINE,8,116264433,Calculation Time [millis],0.0,25.0,0.11,1038.0,9641,25.0
2026-05-08T14:14:06.052003900Z,TaxiAlgorithmP2PCollector,0,20000,10,50,1,nearest,1,4,1,BASELINE,8,116264433,Custom Time [micros],0.0,0.0,0.0,0.0,9641,0.0
2026-05-08T14:14:07.066322800Z,TaxiAlgorithmP2PCollector,0,20000,10,50,1,nearest,1,4,1,BASELINE,9,116264434,Taxi Travel Distance [km],121.95,179.34,160.35,1603.46,10,57.39
2026-05-08T14:14:07.066322800Z,TaxiAlgorithmP2PCollector,0,20000,10,50,1,nearest,1,4,1,BASELINE,9,116264434,Client Waiting Time [min],1.78,84.37,26.26,1260.33,48,82.59
2026-05-08T14:14:07.066322800Z,TaxiAlgorithmP2PCollector,0,20000,10,50,1,nearest,1,4,1,BASELINE,9,116264434,Client Travel Time [min],243.0,6207.0,2563.1,128155.0,50,5964.0
2026-05-08T14:14:07.066322800Z,TaxiAlgorithmP2PCollector,0,20000,10,50,1,nearest,1,4,1,BASELINE,9,116264434,Calculation Time [millis],0.0,0.0,0.09,905.0,9529,0.0
2026-05-08T14:14:07.066322800Z,TaxiAlgorithmP2PCollector,0,20000,10,50,1,nearest,1,4,1,BASELINE,9,116264434,Custom Time [micros],0.0,0.0,0.0,0.0,9529,0.0
2026-05-08T14:14:07.932947100Z,TaxiAlgorithmP2PCollector,0,20000,10,50,1,nearest,1,4,1,BASELINE,10,116264435,Taxi Travel Distance [km],141.87,183.85,158.0,1579.96,10,41.97999999999999
2026-05-08T14:14:07.932947100Z,TaxiAlgorithmP2PCollector,0,20000,10,50,1,nearest,1,4,1,BASELINE,10,116264435,Client Waiting Time [min],0.58,67.28,18.13,906.58,50,66.7
2026-05-08T14:14:07.932947100Z,TaxiAlgorithmP2PCollector,0,20000,10,50,1,nearest,1,4,1,BASELINE,10,116264435,Client Travel Time [min],578.0,4216.0,2000.62,100031.0,50,3638.0
2026-05-08T14:14:07.932947100Z,TaxiAlgorithmP2PCollector,0,20000,10,50,1,nearest,1,4,1,BASELINE,10,116264435,Calculation Time [millis],0.0,18.0,0.09,722.0,8476,18.0
2026-05-08T14:14:07.932947100Z,TaxiAlgorithmP2PCollector,0,20000,10,50,1,nearest,1,4,1,BASELINE,10,116264435,Custom Time [micros],0.0,0.0,0.0,0.0,8476,0.0
2026-05-08T14:14:09.255429400Z,TaxiAlgorithmP2PCollector,0,20000,20,50,1,nearest,1,4,1,BASELINE,1,116264426,Taxi Travel Distance [km],47.77,137.44,97.18,1943.61,20,89.66999999999999
2026-05-08T14:14:09.255429400Z,TaxiAlgorithmP2PCollector,0,20000,20,50,1,nearest,1,4,1,BASELINE,1,116264426,Client Waiting Time [min],1.13,34.5,8.62,430.75,50,33.37
2026-05-08T14:14:09.255429400Z,TaxiAlgorithmP2PCollector,0,20000,20,50,1,nearest,1,4,1,BASELINE,1,116264426,Client Travel Time [min],393.0,2532.0,1370.24,68512.0,50,2139.0
2026-05-08T14:14:09.255429400Z,TaxiAlgorithmP2PCollector,0,20000,20,50,1,nearest,1,4,1,BASELINE,1,116264426,Calculation Time [millis],0.0,1.0,0.17,1237.0,7437,1.0
2026-05-08T14:14:09.255429400Z,TaxiAlgorithmP2PCollector,0,20000,20,50,1,nearest,1,4,1,BASELINE,1,116264426,Custom Time [micros],0.0,0.0,0.0,0.0,7437,0.0
2026-05-08T14:14:11.115085100Z,TaxiAlgorithmP2PCollector,0,20000,20,50,1,nearest,1,4,1,BASELINE,2,116264427,Taxi Travel Distance [km],10.05,133.94,99.66,1993.29,20,123.89
2026-05-08T14:14:11.115085100Z,TaxiAlgorithmP2PCollector,0,20000,20,50,1,nearest,1,4,1,BASELINE,2,116264427,Client Waiting Time [min],0.6,50.5,11.36,568.2,50,49.9
2026-05-08T14:14:11.115085100Z,TaxiAlgorithmP2PCollector,0,20000,20,50,1,nearest,1,4,1,BASELINE,2,116264427,Client Travel Time [min],452.0,3931.0,1549.36,77468.0,50,3479.0
2026-05-08T14:14:11.115085100Z,TaxiAlgorithmP2PCollector,0,20000,20,50,1,nearest,1,4,1,BASELINE,2,116264427,Calculation Time [millis],0.0,12.0,0.24,1657.0,6837,12.0
2026-05-08T14:14:11.115085100Z,TaxiAlgorithmP2PCollector,0,20000,20,50,1,nearest,1,4,1,BASELINE,2,116264427,Custom Time [micros],0.0,0.0,0.0,0.0,6837,0.0
2026-05-08T14:14:13.231116500Z,TaxiAlgorithmP2PCollector,0,20000,20,50,1,nearest,1,4,1,BASELINE,3,116264428,Taxi Travel Distance [km],22.27,161.57,104.28,2085.66,20,139.29999999999998
2026-05-08T14:14:13.231116500Z,TaxiAlgorithmP2PCollector,0,20000,20,50,1,nearest,1,4,1,BASELINE,3,116264428,Client Waiting Time [min],1.67,32.52,10.97,548.27,50,30.85
2026-05-08T14:14:13.231116500Z,TaxiAlgorithmP2PCollector,0,20000,20,50,1,nearest,1,4,1,BASELINE,3,116264428,Client Travel Time [min],551.0,3309.0,1537.9,76895.0,50,2758.0
2026-05-08T14:14:13.231116500Z,TaxiAlgorithmP2PCollector,0,20000,20,50,1,nearest,1,4,1,BASELINE,3,116264428,Calculation Time [millis],0.0,11.0,0.24,1909.0,7835,11.0
2026-05-08T14:14:13.231116500Z,TaxiAlgorithmP2PCollector,0,20000,20,50,1,nearest,1,4,1,BASELINE,3,116264428,Custom Time [micros],0.0,0.0,0.0,0.0,7835,0.0
2026-05-08T14:14:15.498875600Z,TaxiAlgorithmP2PCollector,0,20000,20,50,1,nearest,1,4,1,BASELINE,4,116264429,Taxi Travel Distance [km],20.82,145.27,100.71,2014.22,20,124.45000000000002
2026-05-08T14:14:15.498875600Z,TaxiAlgorithmP2PCollector,0,20000,20,50,1,nearest,1,4,1,BASELINE,4,116264429,Client Waiting Time [min],0.78,32.88,10.82,541.13,50,32.1
2026-05-08T14:14:15.498875600Z,TaxiAlgorithmP2PCollector,0,20000,20,50,1,nearest,1,4,1,BASELINE,4,116264429,Client Travel Time [min],763.0,2791.0,1489.42,74471.0,50,2028.0
2026-05-08T14:14:15.498875600Z,TaxiAlgorithmP2PCollector,0,20000,20,50,1,nearest,1,4,1,BASELINE,4,116264429,Calculation Time [millis],0.0,50.0,0.28,2044.0,7275,50.0
2026-05-08T14:14:15.498875600Z,TaxiAlgorithmP2PCollector,0,20000,20,50,1,nearest,1,4,1,BASELINE,4,116264429,Custom Time [micros],0.0,0.0,0.0,0.0,7275,0.0
2026-05-08T14:14:17.248747900Z,TaxiAlgorithmP2PCollector,0,20000,20,50,1,nearest,1,4,1,BASELINE,5,116264430,Taxi Travel Distance [km],51.85,129.24,99.84,1996.7,20,77.39000000000001
2026-05-08T14:14:17.248747900Z,TaxiAlgorithmP2PCollector,0,20000,20,50,1,nearest,1,4,1,BASELINE,5,116264430,Client Waiting Time [min],0.93,46.03,10.35,517.27,50,45.1
2026-05-08T14:14:17.248747900Z,TaxiAlgorithmP2PCollector,0,20000,20,50,1,nearest,1,4,1,BASELINE,5,116264430,Client Travel Time [min],534.0,4061.0,1609.3,80465.0,50,3527.0
2026-05-08T14:14:17.248747900Z,TaxiAlgorithmP2PCollector,0,20000,20,50,1,nearest,1,4,1,BASELINE,5,116264430,Calculation Time [millis],0.0,38.0,0.23,1641.0,7144,38.0
2026-05-08T14:14:17.248747900Z,TaxiAlgorithmP2PCollector,0,20000,20,50,1,nearest,1,4,1,BASELINE,5,116264430,Custom Time [micros],0.0,0.0,0.0,0.0,7144,0.0
2026-05-08T14:14:18.914285900Z,TaxiAlgorithmP2PCollector,0,20000,20,50,1,nearest,1,4,1,BASELINE,6,116264431,Taxi Travel Distance [km],97.74,147.42,113.23,2264.62,20,49.67999999999999
2026-05-08T14:14:18.914285900Z,TaxiAlgorithmP2PCollector,0,20000,20,50,1,nearest,1,4,1,BASELINE,6,116264431,Client Waiting Time [min],0.63,45.83,9.0,450.12,50,45.199999999999996
2026-05-08T14:14:18.914285900Z,TaxiAlgorithmP2PCollector,0,20000,20,50,1,nearest,1,4,1,BASELINE,6,116264431,Client Travel Time [min],288.0,3462.0,1556.28,77814.0,50,3174.0
2026-05-08T14:14:18.914285900Z,TaxiAlgorithmP2PCollector,0,20000,20,50,1,nearest,1,4,1,BASELINE,6,116264431,Calculation Time [millis],0.0,38.0,0.22,1544.0,7164,38.0
2026-05-08T14:14:18.914285900Z,TaxiAlgorithmP2PCollector,0,20000,20,50,1,nearest,1,4,1,BASELINE,6,116264431,Custom Time [micros],0.0,0.0,0.0,0.0,7164,0.0
2026-05-08T14:14:20.457693600Z,TaxiAlgorithmP2PCollector,0,20000,20,50,1,nearest,1,4,1,BASELINE,7,116264432,Taxi Travel Distance [km],18.91,135.45,98.02,1960.4,20,116.53999999999999
2026-05-08T14:14:20.457693600Z,TaxiAlgorithmP2PCollector,0,20000,20,50,1,nearest,1,4,1,BASELINE,7,116264432,Client Waiting Time [min],0.1,25.82,7.06,353.2,50,25.72
2026-05-08T14:14:20.457693600Z,TaxiAlgorithmP2PCollector,0,20000,20,50,1,nearest,1,4,1,BASELINE,7,116264432,Client Travel Time [min],160.0,2330.0,1263.82,63191.0,50,2170.0
2026-05-08T14:14:20.457693600Z,TaxiAlgorithmP2PCollector,0,20000,20,50,1,nearest,1,4,1,BASELINE,7,116264432,Calculation Time [millis],0.0,40.0,0.2,1449.0,7091,40.0
2026-05-08T14:14:20.457693600Z,TaxiAlgorithmP2PCollector,0,20000,20,50,1,nearest,1,4,1,BASELINE,7,116264432,Custom Time [micros],0.0,0.0,0.0,0.0,7091,0.0
2026-05-08T14:14:22.681186300Z,TaxiAlgorithmP2PCollector,0,20000,20,50,1,nearest,1,4,1,BASELINE,8,116264433,Taxi Travel Distance [km],11.53,145.74,97.65,1953.07,20,134.21
2026-05-08T14:14:22.681186300Z,TaxiAlgorithmP2PCollector,0,20000,20,50,1,nearest,1,4,1,BASELINE,8,116264433,Client Waiting Time [min],0.73,58.8,11.89,594.6,50,58.07
2026-05-08T14:14:22.681186300Z,TaxiAlgorithmP2PCollector,0,20000,20,50,1,nearest,1,4,1,BASELINE,8,116264433,Client Travel Time [min],564.0,4035.0,1618.52,80926.0,50,3471.0
2026-05-08T14:14:22.681186300Z,TaxiAlgorithmP2PCollector,0,20000,20,50,1,nearest,1,4,1,BASELINE,8,116264433,Calculation Time [millis],0.0,42.0,0.28,2129.0,7512,42.0
2026-05-08T14:14:22.681186300Z,TaxiAlgorithmP2PCollector,0,20000,20,50,1,nearest,1,4,1,BASELINE,8,116264433,Custom Time [micros],0.0,0.0,0.0,0.0,7512,0.0
2026-05-08T14:14:24.773994900Z,TaxiAlgorithmP2PCollector,0,20000,20,50,1,nearest,1,4,1,BASELINE,9,116264434,Taxi Travel Distance [km],22.18,144.95,97.86,1957.2,20,122.76999999999998
2026-05-08T14:14:24.773994900Z,TaxiAlgorithmP2PCollector,0,20000,20,50,1,nearest,1,4,1,BASELINE,9,116264434,Client Waiting Time [min],0.25,49.68,10.6,530.23,50,49.43
2026-05-08T14:14:24.773994900Z,TaxiAlgorithmP2PCollector,0,20000,20,50,1,nearest,1,4,1,BASELINE,9,116264434,Client Travel Time [min],91.0,4229.0,1498.52,74926.0,50,4138.0
2026-05-08T14:14:24.773994900Z,TaxiAlgorithmP2PCollector,0,20000,20,50,1,nearest,1,4,1,BASELINE,9,116264434,Calculation Time [millis],0.0,27.0,0.26,1938.0,7551,27.0
2026-05-08T14:14:24.773994900Z,TaxiAlgorithmP2PCollector,0,20000,20,50,1,nearest,1,4,1,BASELINE,9,116264434,Custom Time [micros],0.0,0.0,0.0,0.0,7551,0.0
2026-05-08T14:14:26.682900300Z,TaxiAlgorithmP2PCollector,0,20000,20,50,1,nearest,1,4,1,BASELINE,10,116264435,Taxi Travel Distance [km],74.26,132.43,110.96,2219.29,20,58.17
2026-05-08T14:14:26.682900300Z,TaxiAlgorithmP2PCollector,0,20000,20,50,1,nearest,1,4,1,BASELINE,10,116264435,Client Waiting Time [min],0.58,29.02,7.03,351.63,50,28.44
2026-05-08T14:14:26.682900300Z,TaxiAlgorithmP2PCollector,0,20000,20,50,1,nearest,1,4,1,BASELINE,10,116264435,Client Travel Time [min],329.0,2697.0,1387.44,69372.0,50,2368.0
2026-05-08T14:14:26.682900300Z,TaxiAlgorithmP2PCollector,0,20000,20,50,1,nearest,1,4,1,BASELINE,10,116264435,Calculation Time [millis],0.0,19.0,0.24,1729.0,7137,19.0
2026-05-08T14:14:26.682900300Z,TaxiAlgorithmP2PCollector,0,20000,20,50,1,nearest,1,4,1,BASELINE,10,116264435,Custom Time [micros],0.0,0.0,0.0,0.0,7137,0.0
2026-05-08T14:14:30.241669900Z,TaxiAlgorithmP2PCollector,0,20000,20,100,1,nearest,1,4,1,BASELINE,1,116264426,Taxi Travel Distance [km],29.71,202.23,151.77,3035.47,20,172.51999999999998
2026-05-08T14:14:30.241669900Z,TaxiAlgorithmP2PCollector,0,20000,20,100,1,nearest,1,4,1,BASELINE,1,116264426,Client Waiting Time [min],1.05,87.75,17.42,1724.48,99,86.7
2026-05-08T14:14:30.241669900Z,TaxiAlgorithmP2PCollector,0,20000,20,100,1,nearest,1,4,1,BASELINE,1,116264426,Client Travel Time [min],338.0,5352.0,1879.69,187969.0,100,5014.0
2026-05-08T14:14:30.241669900Z,TaxiAlgorithmP2PCollector,0,20000,20,100,1,nearest,1,4,1,BASELINE,1,116264426,Calculation Time [millis],0.0,64.0,0.35,3304.0,9373,64.0
2026-05-08T14:14:30.241669900Z,TaxiAlgorithmP2PCollector,0,20000,20,100,1,nearest,1,4,1,BASELINE,1,116264426,Custom Time [micros],0.0,0.0,0.0,0.0,9373,0.0
2026-05-08T14:14:33.916488300Z,TaxiAlgorithmP2PCollector,0,20000,20,100,1,nearest,1,4,1,BASELINE,2,116264427,Taxi Travel Distance [km],114.68,196.89,168.53,3370.63,20,82.20999999999998
2026-05-08T14:14:33.916488300Z,TaxiAlgorithmP2PCollector,0,20000,20,100,1,nearest,1,4,1,BASELINE,2,116264427,Client Waiting Time [min],0.5,126.73,24.27,2427.25,100,126.23
2026-05-08T14:14:33.916488300Z,TaxiAlgorithmP2PCollector,0,20000,20,100,1,nearest,1,4,1,BASELINE,2,116264427,Client Travel Time [min],192.0,8816.0,2339.54,233954.0,100,8624.0
2026-05-08T14:14:33.916488300Z,TaxiAlgorithmP2PCollector,0,20000,20,100,1,nearest,1,4,1,BASELINE,2,116264427,Calculation Time [millis],0.0,62.0,0.37,3490.0,9442,62.0
2026-05-08T14:14:33.916488300Z,TaxiAlgorithmP2PCollector,0,20000,20,100,1,nearest,1,4,1,BASELINE,2,116264427,Custom Time [micros],0.0,0.0,0.0,0.0,9442,0.0
2026-05-08T14:14:37.380276500Z,TaxiAlgorithmP2PCollector,0,20000,20,100,1,nearest,1,4,1,BASELINE,3,116264428,Taxi Travel Distance [km],88.44,183.83,154.65,3093.08,20,95.39000000000001
2026-05-08T14:14:37.380276500Z,TaxiAlgorithmP2PCollector,0,20000,20,100,1,nearest,1,4,1,BASELINE,3,116264428,Client Waiting Time [min],0.35,84.62,18.84,1884.23,100,84.27000000000001
2026-05-08T14:14:37.380276500Z,TaxiAlgorithmP2PCollector,0,20000,20,100,1,nearest,1,4,1,BASELINE,3,116264428,Client Travel Time [min],234.0,5342.0,1952.89,195289.0,100,5108.0
2026-05-08T14:14:37.380276500Z,TaxiAlgorithmP2PCollector,0,20000,20,100,1,nearest,1,4,1,BASELINE,3,116264428,Calculation Time [millis],0.0,56.0,0.37,3236.0,8739,56.0
2026-05-08T14:14:37.380276500Z,TaxiAlgorithmP2PCollector,0,20000,20,100,1,nearest,1,4,1,BASELINE,3,116264428,Custom Time [micros],0.0,0.0,0.0,0.0,8739,0.0
2026-05-08T14:14:40.954729800Z,TaxiAlgorithmP2PCollector,0,20000,20,100,1,nearest,1,4,1,BASELINE,4,116264429,Taxi Travel Distance [km],62.14,182.0,158.96,3179.21,20,119.86
2026-05-08T14:14:40.954729800Z,TaxiAlgorithmP2PCollector,0,20000,20,100,1,nearest,1,4,1,BASELINE,4,116264429,Client Waiting Time [min],0.32,125.9,23.53,2329.5,99,125.58000000000001
2026-05-08T14:14:40.954729800Z,TaxiAlgorithmP2PCollector,0,20000,20,100,1,nearest,1,4,1,BASELINE,4,116264429,Client Travel Time [min],269.0,7747.0,2277.72,227772.0,100,7478.0
2026-05-08T14:14:40.954729800Z,TaxiAlgorithmP2PCollector,0,20000,20,100,1,nearest,1,4,1,BASELINE,4,116264429,Calculation Time [millis],0.0,56.0,0.38,3397.0,8956,56.0
2026-05-08T14:14:40.954729800Z,TaxiAlgorithmP2PCollector,0,20000,20,100,1,nearest,1,4,1,BASELINE,4,116264429,Custom Time [micros],0.0,0.0,0.0,0.0,8956,0.0
2026-05-08T14:14:44.253266500Z,TaxiAlgorithmP2PCollector,0,20000,20,100,1,nearest,1,4,1,BASELINE,5,116264430,Taxi Travel Distance [km],80.23,187.23,160.78,3215.61,20,106.99999999999999
2026-05-08T14:14:44.253266500Z,TaxiAlgorithmP2PCollector,0,20000,20,100,1,nearest,1,4,1,BASELINE,5,116264430,Client Waiting Time [min],0.93,120.5,22.84,2284.18,100,119.57
2026-05-08T14:14:44.253266500Z,TaxiAlgorithmP2PCollector,0,20000,20,100,1,nearest,1,4,1,BASELINE,5,116264430,Client Travel Time [min],362.0,8099.0,2255.13,225513.0,100,7737.0
2026-05-08T14:14:44.253266500Z,TaxiAlgorithmP2PCollector,0,20000,20,100,1,nearest,1,4,1,BASELINE,5,116264430,Calculation Time [millis],0.0,55.0,0.35,3108.0,8890,55.0
2026-05-08T14:14:44.253266500Z,TaxiAlgorithmP2PCollector,0,20000,20,100,1,nearest,1,4,1,BASELINE,5,116264430,Custom Time [micros],0.0,0.0,0.0,0.0,8890,0.0
2026-05-08T14:14:47.676153800Z,TaxiAlgorithmP2PCollector,0,20000,20,100,1,nearest,1,4,1,BASELINE,6,116264431,Taxi Travel Distance [km],126.11,189.15,165.23,3304.61,20,63.040000000000006
2026-05-08T14:14:47.676153800Z,TaxiAlgorithmP2PCollector,0,20000,20,100,1,nearest,1,4,1,BASELINE,6,116264431,Client Waiting Time [min],0.42,95.17,20.39,2018.98,99,94.75
2026-05-08T14:14:47.676153800Z,TaxiAlgorithmP2PCollector,0,20000,20,100,1,nearest,1,4,1,BASELINE,6,116264431,Client Travel Time [min],300.0,6452.0,2171.96,217196.0,100,6152.0
2026-05-08T14:14:47.676153800Z,TaxiAlgorithmP2PCollector,0,20000,20,100,1,nearest,1,4,1,BASELINE,6,116264431,Calculation Time [millis],0.0,64.0,0.36,3227.0,9012,64.0
2026-05-08T14:14:47.676153800Z,TaxiAlgorithmP2PCollector,0,20000,20,100,1,nearest,1,4,1,BASELINE,6,116264431,Custom Time [micros],0.0,0.0,0.0,0.0,9012,0.0
2026-05-08T14:14:50.842569400Z,TaxiAlgorithmP2PCollector,0,20000,20,100,1,nearest,1,4,1,BASELINE,7,116264432,Taxi Travel Distance [km],128.15,168.74,155.49,3109.83,20,40.59
2026-05-08T14:14:50.842569400Z,TaxiAlgorithmP2PCollector,0,20000,20,100,1,nearest,1,4,1,BASELINE,7,116264432,Client Waiting Time [min],0.52,99.83,19.28,1928.32,100,99.31
2026-05-08T14:14:50.842569400Z,TaxiAlgorithmP2PCollector,0,20000,20,100,1,nearest,1,4,1,BASELINE,7,116264432,Client Travel Time [min],160.0,6248.0,2005.54,200554.0,100,6088.0
2026-05-08T14:14:50.842569400Z,TaxiAlgorithmP2PCollector,0,20000,20,100,1,nearest,1,4,1,BASELINE,7,116264432,Calculation Time [millis],0.0,63.0,0.37,2975.0,8086,63.0
2026-05-08T14:14:50.842569400Z,TaxiAlgorithmP2PCollector,0,20000,20,100,1,nearest,1,4,1,BASELINE,7,116264432,Custom Time [micros],0.0,0.0,0.0,0.0,8086,0.0
2026-05-08T14:14:55.115143Z,TaxiAlgorithmP2PCollector,0,20000,20,100,1,nearest,1,4,1,BASELINE,8,116264433,Taxi Travel Distance [km],79.6,202.98,168.46,3369.14,20,123.38
2026-05-08T14:14:55.115143Z,TaxiAlgorithmP2PCollector,0,20000,20,100,1,nearest,1,4,1,BASELINE,8,116264433,Client Waiting Time [min],0.52,120.22,27.61,2760.95,100,119.7
2026-05-08T14:14:55.115143Z,TaxiAlgorithmP2PCollector,0,20000,20,100,1,nearest,1,4,1,BASELINE,8,116264433,Client Travel Time [min],408.0,8161.0,2571.9,257190.0,100,7753.0
2026-05-08T14:14:55.115143Z,TaxiAlgorithmP2PCollector,0,20000,20,100,1,nearest,1,4,1,BASELINE,8,116264433,Calculation Time [millis],0.0,62.0,0.43,4090.0,9573,62.0
2026-05-08T14:14:55.115143Z,TaxiAlgorithmP2PCollector,0,20000,20,100,1,nearest,1,4,1,BASELINE,8,116264433,Custom Time [micros],0.0,0.0,0.0,0.0,9573,0.0
2026-05-08T14:14:58.818323400Z,TaxiAlgorithmP2PCollector,0,20000,20,100,1,nearest,1,4,1,BASELINE,9,116264434,Taxi Travel Distance [km],42.15,209.6,164.72,3294.46,20,167.45
2026-05-08T14:14:58.818323400Z,TaxiAlgorithmP2PCollector,0,20000,20,100,1,nearest,1,4,1,BASELINE,9,116264434,Client Waiting Time [min],1.82,102.7,26.75,2675.33,100,100.88000000000001
2026-05-08T14:14:58.818323400Z,TaxiAlgorithmP2PCollector,0,20000,20,100,1,nearest,1,4,1,BASELINE,9,116264434,Client Travel Time [min],351.0,7161.0,2476.33,247633.0,100,6810.0
2026-05-08T14:14:58.818323400Z,TaxiAlgorithmP2PCollector,0,20000,20,100,1,nearest,1,4,1,BASELINE,9,116264434,Calculation Time [millis],0.0,54.0,0.36,3469.0,9650,54.0
2026-05-08T14:14:58.818323400Z,TaxiAlgorithmP2PCollector,0,20000,20,100,1,nearest,1,4,1,BASELINE,9,116264434,Custom Time [micros],0.0,0.0,0.0,0.0,9650,0.0
2026-05-08T14:15:02.539857Z,TaxiAlgorithmP2PCollector,0,20000,20,100,1,nearest,1,4,1,BASELINE,10,116264435,Taxi Travel Distance [km],118.7,204.29,163.74,3274.88,20,85.58999999999999
2026-05-08T14:15:02.539857Z,TaxiAlgorithmP2PCollector,0,20000,20,100,1,nearest,1,4,1,BASELINE,10,116264435,Client Waiting Time [min],0.93,110.27,21.83,2183.2,100,109.33999999999999
2026-05-08T14:15:02.539857Z,TaxiAlgorithmP2PCollector,0,20000,20,100,1,nearest,1,4,1,BASELINE,10,116264435,Client Travel Time [min],364.0,7494.0,2179.11,217911.0,100,7130.0
2026-05-08T14:15:02.539857Z,TaxiAlgorithmP2PCollector,0,20000,20,100,1,nearest,1,4,1,BASELINE,10,116264435,Calculation Time [millis],0.0,54.0,0.36,3489.0,9700,54.0
2026-05-08T14:15:02.539857Z,TaxiAlgorithmP2PCollector,0,20000,20,100,1,nearest,1,4,1,BASELINE,10,116264435,Custom Time [micros],0.0,0.0,0.0,0.0,9700,0.0
2026-05-08T14:15:03.884554300Z,TaxiAlgorithmP2PCollector,1,1000,5,25,1,nearest,1,4,1,BASELINE,1,116264426,Taxi Travel Distance [km],24.15,386.48,207.27,1036.35,5,362.33000000000004
2026-05-08T14:15:03.884554300Z,TaxiAlgorithmP2PCollector,1,1000,5,25,1,nearest,1,4,1,BASELINE,1,116264426,Client Waiting Time [min],31.33,171.75,81.05,810.48,10,140.42000000000002
2026-05-08T14:15:03.884554300Z,TaxiAlgorithmP2PCollector,1,1000,5,25,1,nearest,1,4,1,BASELINE,1,116264426,Client Travel Time [min],3221.0,28334.0,12996.8,324920.0,25,25113.0
2026-05-08T14:15:03.884554300Z,TaxiAlgorithmP2PCollector,1,1000,5,25,1,nearest,1,4,1,BASELINE,1,116264426,Calculation Time [millis],0.0,8.0,0.04,1118.0,30829,8.0
2026-05-08T14:15:03.884554300Z,TaxiAlgorithmP2PCollector,1,1000,5,25,1,nearest,1,4,1,BASELINE,1,116264426,Custom Time [micros],0.0,0.0,0.0,0.0,30829,0.0
2026-05-08T14:15:05.354089300Z,TaxiAlgorithmP2PCollector,1,1000,5,25,1,nearest,1,4,1,BASELINE,2,116264427,Taxi Travel Distance [km],19.06,284.09,169.62,848.1,5,265.03
2026-05-08T14:15:05.354089300Z,TaxiAlgorithmP2PCollector,1,1000,5,25,1,nearest,1,4,1,BASELINE,2,116264427,Client Waiting Time [min],0.75,178.55,54.96,329.75,6,177.8
2026-05-08T14:15:05.354089300Z,TaxiAlgorithmP2PCollector,1,1000,5,25,1,nearest,1,4,1,BASELINE,2,116264427,Client Travel Time [min],802.0,35078.0,13885.88,347147.0,25,34276.0
2026-05-08T14:15:05.354089300Z,TaxiAlgorithmP2PCollector,1,1000,5,25,1,nearest,1,4,1,BASELINE,2,116264427,Calculation Time [millis],0.0,22.0,0.04,1316.0,37083,22.0
2026-05-08T14:15:05.354089300Z,TaxiAlgorithmP2PCollector,1,1000,5,25,1,nearest,1,4,1,BASELINE,2,116264427,Custom Time [micros],0.0,0.0,0.0,0.0,37083,0.0
2026-05-08T14:15:06.586628100Z,TaxiAlgorithmP2PCollector,1,1000,5,25,1,nearest,1,4,1,BASELINE,3,116264428,Taxi Travel Distance [km],22.87,232.12,105.88,529.42,5,209.25
2026-05-08T14:15:06.586628100Z,TaxiAlgorithmP2PCollector,1,1000,5,25,1,nearest,1,4,1,BASELINE,3,116264428,Client Waiting Time [min],0.85,111.15,44.63,312.42,7,110.30000000000001
2026-05-08T14:15:06.586628100Z,TaxiAlgorithmP2PCollector,1,1000,5,25,1,nearest,1,4,1,BASELINE,3,116264428,Client Travel Time [min],1124.0,28707.0,10995.08,274877.0,25,27583.0
2026-05-08T14:15:06.586628100Z,TaxiAlgorithmP2PCollector,1,1000,5,25,1,nearest,1,4,1,BASELINE,3,116264428,Calculation Time [millis],0.0,25.0,0.04,1058.0,29512,25.0
2026-05-08T14:15:06.586628100Z,TaxiAlgorithmP2PCollector,1,1000,5,25,1,nearest,1,4,1,BASELINE,3,116264428,Custom Time [micros],0.0,0.0,0.0,0.0,29512,0.0
2026-05-08T14:15:08.163330400Z,TaxiAlgorithmP2PCollector,1,1000,5,25,1,nearest,1,4,1,BASELINE,4,116264429,Taxi Travel Distance [km],8.48,116.7,52.44,262.18,5,108.22
2026-05-08T14:15:08.163330400Z,TaxiAlgorithmP2PCollector,1,1000,5,25,1,nearest,1,4,1,BASELINE,4,116264429,Client Waiting Time [min],16.65,505.62,261.13,522.27,2,488.97
2026-05-08T14:15:08.163330400Z,TaxiAlgorithmP2PCollector,1,1000,5,25,1,nearest,1,4,1,BASELINE,4,116264429,Client Travel Time [min],1375.0,36778.0,18010.4,450260.0,25,35403.0
2026-05-08T14:15:08.163330400Z,TaxiAlgorithmP2PCollector,1,1000,5,25,1,nearest,1,4,1,BASELINE,4,116264429,Calculation Time [millis],0.0,42.0,0.04,1433.0,38560,42.0
2026-05-08T14:15:08.163330400Z,TaxiAlgorithmP2PCollector,1,1000,5,25,1,nearest,1,4,1,BASELINE,4,116264429,Custom Time [micros],0.0,0.0,0.0,0.0,38560,0.0
2026-05-08T14:15:09.599389600Z,TaxiAlgorithmP2PCollector,1,1000,5,25,1,nearest,1,4,1,BASELINE,5,116264430,Taxi Travel Distance [km],31.97,742.46,361.13,1805.66,5,710.49
2026-05-08T14:15:09.599389600Z,TaxiAlgorithmP2PCollector,1,1000,5,25,1,nearest,1,4,1,BASELINE,5,116264430,Client Waiting Time [min],5.67,264.75,85.75,771.78,9,259.08
2026-05-08T14:15:09.599389600Z,TaxiAlgorithmP2PCollector,1,1000,5,25,1,nearest,1,4,1,BASELINE,5,116264430,Client Travel Time [min],1284.0,34269.0,14528.64,363216.0,25,32985.0
2026-05-08T14:15:09.599389600Z,TaxiAlgorithmP2PCollector,1,1000,5,25,1,nearest,1,4,1,BASELINE,5,116264430,Calculation Time [millis],0.0,41.0,0.04,1285.0,36060,41.0
2026-05-08T14:15:09.599389600Z,TaxiAlgorithmP2PCollector,1,1000,5,25,1,nearest,1,4,1,BASELINE,5,116264430,Custom Time [micros],0.0,0.0,0.0,0.0,36060,0.0
2026-05-08T14:15:11.331877400Z,TaxiAlgorithmP2PCollector,1,1000,5,25,1,nearest,1,4,1,BASELINE,6,116264431,Taxi Travel Distance [km],5.13,242.1,106.36,531.79,5,236.97
2026-05-08T14:15:11.331877400Z,TaxiAlgorithmP2PCollector,1,1000,5,25,1,nearest,1,4,1,BASELINE,6,116264431,Client Waiting Time [min],5.05,104.28,45.78,137.35,3,99.23
2026-05-08T14:15:11.331877400Z,TaxiAlgorithmP2PCollector,1,1000,5,25,1,nearest,1,4,1,BASELINE,6,116264431,Client Travel Time [min],1789.0,38900.0,18027.12,450678.0,25,37111.0
2026-05-08T14:15:11.331877400Z,TaxiAlgorithmP2PCollector,1,1000,5,25,1,nearest,1,4,1,BASELINE,6,116264431,Calculation Time [millis],0.0,46.0,0.04,1590.0,43285,46.0
2026-05-08T14:15:11.331877400Z,TaxiAlgorithmP2PCollector,1,1000,5,25,1,nearest,1,4,1,BASELINE,6,116264431,Custom Time [micros],0.0,0.0,0.0,0.0,43285,0.0
2026-05-08T14:15:12.871329800Z,TaxiAlgorithmP2PCollector,1,1000,5,25,1,nearest,1,4,1,BASELINE,7,116264432,Taxi Travel Distance [km],26.41,204.62,102.85,514.24,5,178.21
2026-05-08T14:15:12.871329800Z,TaxiAlgorithmP2PCollector,1,1000,5,25,1,nearest,1,4,1,BASELINE,7,116264432,Client Waiting Time [min],0.52,87.03,45.12,180.48,4,86.51
2026-05-08T14:15:12.871329800Z,TaxiAlgorithmP2PCollector,1,1000,5,25,1,nearest,1,4,1,BASELINE,7,116264432,Client Travel Time [min],160.0,33475.0,16773.4,419335.0,25,33315.0
2026-05-08T14:15:12.871329800Z,TaxiAlgorithmP2PCollector,1,1000,5,25,1,nearest,1,4,1,BASELINE,7,116264432,Calculation Time [millis],0.0,37.0,0.04,1369.0,37413,37.0
2026-05-08T14:15:12.871329800Z,TaxiAlgorithmP2PCollector,1,1000,5,25,1,nearest,1,4,1,BASELINE,7,116264432,Custom Time [micros],0.0,0.0,0.0,0.0,37413,0.0
2026-05-08T14:15:14.572541800Z,TaxiAlgorithmP2PCollector,1,1000,5,25,1,nearest,1,4,1,BASELINE,8,116264433,Taxi Travel Distance [km],70.67,296.2,146.93,734.64,5,225.52999999999997
2026-05-08T14:15:14.572541800Z,TaxiAlgorithmP2PCollector,1,1000,5,25,1,nearest,1,4,1,BASELINE,8,116264433,Client Waiting Time [min],17.47,206.03,77.91,701.18,9,188.56
2026-05-08T14:15:14.572541800Z,TaxiAlgorithmP2PCollector,1,1000,5,25,1,nearest,1,4,1,BASELINE,8,116264433,Client Travel Time [min],2170.0,37832.0,13500.04,337501.0,25,35662.0
2026-05-08T14:15:14.572541800Z,TaxiAlgorithmP2PCollector,1,1000,5,25,1,nearest,1,4,1,BASELINE,8,116264433,Calculation Time [millis],0.0,39.0,0.04,1537.0,42368,39.0
2026-05-08T14:15:14.572541800Z,TaxiAlgorithmP2PCollector,1,1000,5,25,1,nearest,1,4,1,BASELINE,8,116264433,Custom Time [micros],0.0,0.0,0.0,0.0,42368,0.0
2026-05-08T14:15:16.241109300Z,TaxiAlgorithmP2PCollector,1,1000,5,25,1,nearest,1,4,1,BASELINE,9,116264434,Taxi Travel Distance [km],56.08,312.0,144.84,724.21,5,255.92000000000002
2026-05-08T14:15:16.241109300Z,TaxiAlgorithmP2PCollector,1,1000,5,25,1,nearest,1,4,1,BASELINE,9,116264434,Client Waiting Time [min],44.83,131.65,87.91,439.57,5,86.82000000000001
2026-05-08T14:15:16.241109300Z,TaxiAlgorithmP2PCollector,1,1000,5,25,1,nearest,1,4,1,BASELINE,9,116264434,Client Travel Time [min],1360.0,37584.0,16231.04,405776.0,25,36224.0
2026-05-08T14:15:16.241109300Z,TaxiAlgorithmP2PCollector,1,1000,5,25,1,nearest,1,4,1,BASELINE,9,116264434,Calculation Time [millis],0.0,31.0,0.04,1496.0,40177,31.0
2026-05-08T14:15:16.241109300Z,TaxiAlgorithmP2PCollector,1,1000,5,25,1,nearest,1,4,1,BASELINE,9,116264434,Custom Time [micros],0.0,0.0,0.0,0.0,40177,0.0
2026-05-08T14:15:17.929142600Z,TaxiAlgorithmP2PCollector,1,1000,5,25,1,nearest,1,4,1,BASELINE,10,116264435,Taxi Travel Distance [km],6.24,169.58,55.14,275.72,5,163.34
2026-05-08T14:15:17.929142600Z,TaxiAlgorithmP2PCollector,1,1000,5,25,1,nearest,1,4,1,BASELINE,10,116264435,Client Waiting Time [min],28.4,101.67,54.74,164.23,3,73.27000000000001
2026-05-08T14:15:17.929142600Z,TaxiAlgorithmP2PCollector,1,1000,5,25,1,nearest,1,4,1,BASELINE,10,116264435,Client Travel Time [min],2874.0,32341.0,18046.4,451160.0,25,29467.0
2026-05-08T14:15:17.929142600Z,TaxiAlgorithmP2PCollector,1,1000,5,25,1,nearest,1,4,1,BASELINE,10,116264435,Calculation Time [millis],0.0,29.0,0.04,1491.0,36742,29.0
2026-05-08T14:15:17.929142600Z,TaxiAlgorithmP2PCollector,1,1000,5,25,1,nearest,1,4,1,BASELINE,10,116264435,Custom Time [micros],0.0,0.0,0.0,0.0,36742,0.0
2026-05-08T14:15:21.745941100Z,TaxiAlgorithmP2PCollector,1,1000,10,25,1,nearest,1,4,1,BASELINE,1,116264426,Taxi Travel Distance [km],12.32,431.31,136.79,1367.93,10,418.99
2026-05-08T14:15:21.745941100Z,TaxiAlgorithmP2PCollector,1,1000,10,25,1,nearest,1,4,1,BASELINE,1,116264426,Client Waiting Time [min],34.02,240.77,104.46,1149.07,11,206.75
2026-05-08T14:15:21.745941100Z,TaxiAlgorithmP2PCollector,1,1000,10,25,1,nearest,1,4,1,BASELINE,1,116264426,Client Travel Time [min],3370.0,28334.0,12397.68,309942.0,25,24964.0
2026-05-08T14:15:21.745941100Z,TaxiAlgorithmP2PCollector,1,1000,10,25,1,nearest,1,4,1,BASELINE,1,116264426,Calculation Time [millis],0.0,18.0,0.12,3548.0,30829,18.0
2026-05-08T14:15:21.745941100Z,TaxiAlgorithmP2PCollector,1,1000,10,25,1,nearest,1,4,1,BASELINE,1,116264426,Custom Time [micros],0.0,0.0,0.0,0.0,30829,0.0
2026-05-08T14:15:26.266342200Z,TaxiAlgorithmP2PCollector,1,1000,10,25,1,nearest,1,4,1,BASELINE,2,116264427,Taxi Travel Distance [km],3.69,417.38,136.36,1363.61,10,413.69
2026-05-08T14:15:26.266342200Z,TaxiAlgorithmP2PCollector,1,1000,10,25,1,nearest,1,4,1,BASELINE,2,116264427,Client Waiting Time [min],0.45,195.37,55.93,559.27,10,194.92000000000002
2026-05-08T14:15:26.266342200Z,TaxiAlgorithmP2PCollector,1,1000,10,25,1,nearest,1,4,1,BASELINE,2,116264427,Client Travel Time [min],491.0,35078.0,12594.6,314865.0,25,34587.0
2026-05-08T14:15:26.266342200Z,TaxiAlgorithmP2PCollector,1,1000,10,25,1,nearest,1,4,1,BASELINE,2,116264427,Calculation Time [millis],0.0,89.0,0.11,4229.0,37083,89.0
2026-05-08T14:15:26.266342200Z,TaxiAlgorithmP2PCollector,1,1000,10,25,1,nearest,1,4,1,BASELINE,2,116264427,Custom Time [micros],0.0,0.0,0.0,0.0,37083,0.0
2026-05-08T14:15:30.193433600Z,TaxiAlgorithmP2PCollector,1,1000,10,25,1,nearest,1,4,1,BASELINE,3,116264428,Taxi Travel Distance [km],9.79,640.85,200.22,2002.21,10,631.0600000000001
2026-05-08T14:15:30.193433600Z,TaxiAlgorithmP2PCollector,1,1000,10,25,1,nearest,1,4,1,BASELINE,3,116264428,Client Waiting Time [min],0.38,151.93,33.59,436.73,13,151.55
2026-05-08T14:15:30.193433600Z,TaxiAlgorithmP2PCollector,1,1000,10,25,1,nearest,1,4,1,BASELINE,3,116264428,Client Travel Time [min],790.0,30627.0,6895.92,172398.0,25,29837.0
2026-05-08T14:15:30.193433600Z,TaxiAlgorithmP2PCollector,1,1000,10,25,1,nearest,1,4,1,BASELINE,3,116264428,Calculation Time [millis],0.0,99.0,0.11,3673.0,32415,99.0
2026-05-08T14:15:30.193433600Z,TaxiAlgorithmP2PCollector,1,1000,10,25,1,nearest,1,4,1,BASELINE,3,116264428,Custom Time [micros],0.0,0.0,0.0,0.0,32415,0.0
2026-05-08T14:15:34.228386500Z,TaxiAlgorithmP2PCollector,1,1000,10,25,1,nearest,1,4,1,BASELINE,4,116264429,Taxi Travel Distance [km],8.63,150.41,63.92,639.16,10,141.78
2026-05-08T14:15:34.228386500Z,TaxiAlgorithmP2PCollector,1,1000,10,25,1,nearest,1,4,1,BASELINE,4,116264429,Client Waiting Time [min],2.37,107.83,46.01,276.07,6,105.46
2026-05-08T14:15:34.228386500Z,TaxiAlgorithmP2PCollector,1,1000,10,25,1,nearest,1,4,1,BASELINE,4,116264429,Client Travel Time [min],1070.0,31402.0,13425.12,335628.0,25,30332.0
2026-05-08T14:15:34.228386500Z,TaxiAlgorithmP2PCollector,1,1000,10,25,1,nearest,1,4,1,BASELINE,4,116264429,Calculation Time [millis],0.0,79.0,0.11,3877.0,34063,79.0
2026-05-08T14:15:34.228386500Z,TaxiAlgorithmP2PCollector,1,1000,10,25,1,nearest,1,4,1,BASELINE,4,116264429,Custom Time [micros],0.0,0.0,0.0,0.0,34063,0.0
2026-05-08T14:15:38.843426900Z,TaxiAlgorithmP2PCollector,1,1000,10,25,1,nearest,1,4,1,BASELINE,5,116264430,Taxi Travel Distance [km],3.58,209.92,71.14,711.43,10,206.33999999999997
2026-05-08T14:15:38.843426900Z,TaxiAlgorithmP2PCollector,1,1000,10,25,1,nearest,1,4,1,BASELINE,5,116264430,Client Waiting Time [min],9.6,105.28,45.03,315.22,7,95.68
2026-05-08T14:15:38.843426900Z,TaxiAlgorithmP2PCollector,1,1000,10,25,1,nearest,1,4,1,BASELINE,5,116264430,Client Travel Time [min],1176.0,34554.0,15572.6,389315.0,25,33378.0
2026-05-08T14:15:38.843426900Z,TaxiAlgorithmP2PCollector,1,1000,10,25,1,nearest,1,4,1,BASELINE,5,116264430,Calculation Time [millis],0.0,95.0,0.11,4356.0,38871,95.0
2026-05-08T14:15:38.843426900Z,TaxiAlgorithmP2PCollector,1,1000,10,25,1,nearest,1,4,1,BASELINE,5,116264430,Custom Time [micros],0.0,0.0,0.0,0.0,38871,0.0
2026-05-08T14:15:44.269393300Z,TaxiAlgorithmP2PCollector,1,1000,10,25,1,nearest,1,4,1,BASELINE,6,116264431,Taxi Travel Distance [km],2.72,442.08,154.19,1541.89,10,439.35999999999996
2026-05-08T14:15:44.269393300Z,TaxiAlgorithmP2PCollector,1,1000,10,25,1,nearest,1,4,1,BASELINE,6,116264431,Client Waiting Time [min],10.03,252.13,114.77,1262.45,11,242.1
2026-05-08T14:15:44.269393300Z,TaxiAlgorithmP2PCollector,1,1000,10,25,1,nearest,1,4,1,BASELINE,6,116264431,Client Travel Time [min],1633.0,38900.0,15762.24,394056.0,25,37267.0
2026-05-08T14:15:44.269393300Z,TaxiAlgorithmP2PCollector,1,1000,10,25,1,nearest,1,4,1,BASELINE,6,116264431,Calculation Time [millis],0.0,99.0,0.12,5156.0,43285,99.0
2026-05-08T14:15:44.269393300Z,TaxiAlgorithmP2PCollector,1,1000,10,25,1,nearest,1,4,1,BASELINE,6,116264431,Custom Time [micros],0.0,0.0,0.0,0.0,43285,0.0
2026-05-08T14:15:49.025719600Z,TaxiAlgorithmP2PCollector,1,1000,10,25,1,nearest,1,4,1,BASELINE,7,116264432,Taxi Travel Distance [km],15.43,185.31,61.93,619.25,10,169.88
2026-05-08T14:15:49.025719600Z,TaxiAlgorithmP2PCollector,1,1000,10,25,1,nearest,1,4,1,BASELINE,7,116264432,Client Waiting Time [min],0.52,59.17,20.25,121.48,6,58.65
2026-05-08T14:15:49.025719600Z,TaxiAlgorithmP2PCollector,1,1000,10,25,1,nearest,1,4,1,BASELINE,7,116264432,Client Travel Time [min],160.0,33475.0,15788.64,394716.0,25,33315.0
2026-05-08T14:15:49.025719600Z,TaxiAlgorithmP2PCollector,1,1000,10,25,1,nearest,1,4,1,BASELINE,7,116264432,Calculation Time [millis],0.0,94.0,0.12,4429.0,37413,94.0
2026-05-08T14:15:49.025719600Z,TaxiAlgorithmP2PCollector,1,1000,10,25,1,nearest,1,4,1,BASELINE,7,116264432,Custom Time [micros],0.0,0.0,0.0,0.0,37413,0.0
2026-05-08T14:15:54.013611700Z,TaxiAlgorithmP2PCollector,1,1000,10,25,1,nearest,1,4,1,BASELINE,8,116264433,Taxi Travel Distance [km],23.58,305.92,80.12,801.18,10,282.34000000000003
2026-05-08T14:15:54.013611700Z,TaxiAlgorithmP2PCollector,1,1000,10,25,1,nearest,1,4,1,BASELINE,8,116264433,Client Waiting Time [min],0.73,153.28,45.08,360.67,8,152.55
2026-05-08T14:15:54.013611700Z,TaxiAlgorithmP2PCollector,1,1000,10,25,1,nearest,1,4,1,BASELINE,8,116264433,Client Travel Time [min],466.0,37832.0,14112.8,352820.0,25,37366.0
2026-05-08T14:15:54.013611700Z,TaxiAlgorithmP2PCollector,1,1000,10,25,1,nearest,1,4,1,BASELINE,8,116264433,Calculation Time [millis],0.0,95.0,0.11,4735.0,42368,95.0
2026-05-08T14:15:54.013611700Z,TaxiAlgorithmP2PCollector,1,1000,10,25,1,nearest,1,4,1,BASELINE,8,116264433,Custom Time [micros],0.0,0.0,0.0,0.0,42368,0.0
2026-05-08T14:15:58.086377200Z,TaxiAlgorithmP2PCollector,1,1000,10,25,1,nearest,1,4,1,BASELINE,9,116264434,Taxi Travel Distance [km],8.04,689.21,213.51,2135.13,10,681.1700000000001
2026-05-08T14:15:58.086377200Z,TaxiAlgorithmP2PCollector,1,1000,10,25,1,nearest,1,4,1,BASELINE,9,116264434,Client Waiting Time [min],10.3,485.7,131.28,1837.98,14,475.4
2026-05-08T14:15:58.086377200Z,TaxiAlgorithmP2PCollector,1,1000,10,25,1,nearest,1,4,1,BASELINE,9,116264434,Client Travel Time [min],841.0,29150.0,11329.32,283233.0,25,28309.0
2026-05-08T14:15:58.086377200Z,TaxiAlgorithmP2PCollector,1,1000,10,25,1,nearest,1,4,1,BASELINE,9,116264434,Calculation Time [millis],0.0,90.0,0.11,3798.0,33385,90.0
2026-05-08T14:15:58.086377200Z,TaxiAlgorithmP2PCollector,1,1000,10,25,1,nearest,1,4,1,BASELINE,9,116264434,Custom Time [micros],0.0,0.0,0.0,0.0,33385,0.0
2026-05-08T14:16:01.722723400Z,TaxiAlgorithmP2PCollector,1,1000,10,25,1,nearest,1,4,1,BASELINE,10,116264435,Taxi Travel Distance [km],6.51,352.39,110.56,1105.57,10,345.88
2026-05-08T14:16:01.722723400Z,TaxiAlgorithmP2PCollector,1,1000,10,25,1,nearest,1,4,1,BASELINE,10,116264435,Client Waiting Time [min],5.48,177.35,46.67,653.43,14,171.87
2026-05-08T14:16:01.722723400Z,TaxiAlgorithmP2PCollector,1,1000,10,25,1,nearest,1,4,1,BASELINE,10,116264435,Client Travel Time [min],583.0,26886.0,9093.36,227334.0,25,26303.0
2026-05-08T14:16:01.722723400Z,TaxiAlgorithmP2PCollector,1,1000,10,25,1,nearest,1,4,1,BASELINE,10,116264435,Calculation Time [millis],0.0,71.0,0.11,3433.0,30503,71.0
2026-05-08T14:16:01.722723400Z,TaxiAlgorithmP2PCollector,1,1000,10,25,1,nearest,1,4,1,BASELINE,10,116264435,Custom Time [micros],0.0,0.0,0.0,0.0,30503,0.0
2026-05-08T14:16:05.792775400Z,TaxiAlgorithmP2PCollector,1,1000,10,50,1,nearest,1,4,1,BASELINE,1,116264426,Taxi Travel Distance [km],18.47,568.63,175.67,1756.7,10,550.16
2026-05-08T14:16:05.792775400Z,TaxiAlgorithmP2PCollector,1,1000,10,50,1,nearest,1,4,1,BASELINE,1,116264426,Client Waiting Time [min],1.22,379.1,89.13,2049.93,23,377.88
2026-05-08T14:16:05.792775400Z,TaxiAlgorithmP2PCollector,1,1000,10,50,1,nearest,1,4,1,BASELINE,1,116264426,Client Travel Time [min],588.0,28705.0,11351.04,567552.0,50,28117.0
2026-05-08T14:16:05.792775400Z,TaxiAlgorithmP2PCollector,1,1000,10,50,1,nearest,1,4,1,BASELINE,1,116264426,Calculation Time [millis],0.0,123.0,0.12,3819.0,30829,123.0
2026-05-08T14:16:05.792775400Z,TaxiAlgorithmP2PCollector,1,1000,10,50,1,nearest,1,4,1,BASELINE,1,116264426,Custom Time [micros],0.0,0.0,0.0,0.0,30829,0.0
2026-05-08T14:16:10.900521Z,TaxiAlgorithmP2PCollector,1,1000,10,50,1,nearest,1,4,1,BASELINE,2,116264427,Taxi Travel Distance [km],6.52,369.3,129.82,1298.17,10,362.78000000000003
2026-05-08T14:16:10.900521Z,TaxiAlgorithmP2PCollector,1,1000,10,50,1,nearest,1,4,1,BASELINE,2,116264427,Client Waiting Time [min],0.07,181.1,45.38,635.32,14,181.03
2026-05-08T14:16:10.900521Z,TaxiAlgorithmP2PCollector,1,1000,10,50,1,nearest,1,4,1,BASELINE,2,116264427,Client Travel Time [min],490.0,38862.0,12485.4,624270.0,50,38372.0
2026-05-08T14:16:10.900521Z,TaxiAlgorithmP2PCollector,1,1000,10,50,1,nearest,1,4,1,BASELINE,2,116264427,Calculation Time [millis],0.0,77.0,0.12,4773.0,39634,77.0
2026-05-08T14:16:10.900521Z,TaxiAlgorithmP2PCollector,1,1000,10,50,1,nearest,1,4,1,BASELINE,2,116264427,Custom Time [micros],0.0,0.0,0.0,0.0,39634,0.0
2026-05-08T14:16:15.041597100Z,TaxiAlgorithmP2PCollector,1,1000,10,50,1,nearest,1,4,1,BASELINE,3,116264428,Taxi Travel Distance [km],26.21,386.61,144.26,1442.61,10,360.40000000000003
2026-05-08T14:16:15.041597100Z,TaxiAlgorithmP2PCollector,1,1000,10,50,1,nearest,1,4,1,BASELINE,3,116264428,Client Waiting Time [min],3.87,277.02,80.72,2098.7,26,273.15
2026-05-08T14:16:15.041597100Z,TaxiAlgorithmP2PCollector,1,1000,10,50,1,nearest,1,4,1,BASELINE,3,116264428,Client Travel Time [min],990.0,30089.0,11121.34,556067.0,50,29099.0
2026-05-08T14:16:15.041597100Z,TaxiAlgorithmP2PCollector,1,1000,10,50,1,nearest,1,4,1,BASELINE,3,116264428,Calculation Time [millis],0.0,75.0,0.12,3917.0,32301,75.0
2026-05-08T14:16:15.041597100Z,TaxiAlgorithmP2PCollector,1,1000,10,50,1,nearest,1,4,1,BASELINE,3,116264428,Custom Time [micros],0.0,0.0,0.0,0.0,32301,0.0
2026-05-08T14:16:19.960288700Z,TaxiAlgorithmP2PCollector,1,1000,10,50,1,nearest,1,4,1,BASELINE,4,116264429,Taxi Travel Distance [km],8.12,197.52,78.7,786.97,10,189.4
2026-05-08T14:16:19.960288700Z,TaxiAlgorithmP2PCollector,1,1000,10,50,1,nearest,1,4,1,BASELINE,4,116264429,Client Waiting Time [min],6.98,131.75,70.17,771.9,11,124.77
2026-05-08T14:16:19.960288700Z,TaxiAlgorithmP2PCollector,1,1000,10,50,1,nearest,1,4,1,BASELINE,4,116264429,Client Travel Time [min],752.0,36778.0,14382.72,719136.0,50,36026.0
2026-05-08T14:16:19.960288700Z,TaxiAlgorithmP2PCollector,1,1000,10,50,1,nearest,1,4,1,BASELINE,4,116264429,Calculation Time [millis],0.0,88.0,0.12,4625.0,38943,88.0
2026-05-08T14:16:19.960288700Z,TaxiAlgorithmP2PCollector,1,1000,10,50,1,nearest,1,4,1,BASELINE,4,116264429,Custom Time [micros],0.0,0.0,0.0,0.0,38943,0.0
2026-05-08T14:16:24.648697500Z,TaxiAlgorithmP2PCollector,1,1000,10,50,1,nearest,1,4,1,BASELINE,5,116264430,Taxi Travel Distance [km],6.46,181.35,61.31,613.08,10,174.89
2026-05-08T14:16:24.648697500Z,TaxiAlgorithmP2PCollector,1,1000,10,50,1,nearest,1,4,1,BASELINE,5,116264430,Client Waiting Time [min],2.53,547.98,124.36,1119.28,9,545.45
2026-05-08T14:16:24.648697500Z,TaxiAlgorithmP2PCollector,1,1000,10,50,1,nearest,1,4,1,BASELINE,5,116264430,Client Travel Time [min],1324.0,35252.0,16765.44,838272.0,50,33928.0
2026-05-08T14:16:24.648697500Z,TaxiAlgorithmP2PCollector,1,1000,10,50,1,nearest,1,4,1,BASELINE,5,116264430,Calculation Time [millis],0.0,86.0,0.12,4384.0,36828,86.0
2026-05-08T14:16:24.648697500Z,TaxiAlgorithmP2PCollector,1,1000,10,50,1,nearest,1,4,1,BASELINE,5,116264430,Custom Time [micros],0.0,0.0,0.0,0.0,36828,0.0
2026-05-08T14:16:29.314672600Z,TaxiAlgorithmP2PCollector,1,1000,10,50,1,nearest,1,4,1,BASELINE,6,116264431,Taxi Travel Distance [km],6.11,502.41,226.76,2267.55,10,496.3
2026-05-08T14:16:29.314672600Z,TaxiAlgorithmP2PCollector,1,1000,10,50,1,nearest,1,4,1,BASELINE,6,116264431,Client Waiting Time [min],0.48,232.62,56.58,1810.45,32,232.14000000000001
2026-05-08T14:16:29.314672600Z,TaxiAlgorithmP2PCollector,1,1000,10,50,1,nearest,1,4,1,BASELINE,6,116264431,Client Travel Time [min],721.0,34636.0,9838.48,491924.0,50,33915.0
2026-05-08T14:16:29.314672600Z,TaxiAlgorithmP2PCollector,1,1000,10,50,1,nearest,1,4,1,BASELINE,6,116264431,Calculation Time [millis],0.0,104.0,0.12,4393.0,37619,104.0
2026-05-08T14:16:29.314672600Z,TaxiAlgorithmP2PCollector,1,1000,10,50,1,nearest,1,4,1,BASELINE,6,116264431,Custom Time [micros],0.0,0.0,0.0,0.0,37619,0.0
2026-05-08T14:16:33.711390300Z,TaxiAlgorithmP2PCollector,1,1000,10,50,1,nearest,1,4,1,BASELINE,7,116264432,Taxi Travel Distance [km],59.46,318.74,176.84,1768.37,10,259.28000000000003
2026-05-08T14:16:33.711390300Z,TaxiAlgorithmP2PCollector,1,1000,10,50,1,nearest,1,4,1,BASELINE,7,116264432,Client Waiting Time [min],0.37,235.6,81.06,2188.62,27,235.23
2026-05-08T14:16:33.711390300Z,TaxiAlgorithmP2PCollector,1,1000,10,50,1,nearest,1,4,1,BASELINE,7,116264432,Client Travel Time [min],160.0,31850.0,11628.36,581418.0,50,31690.0
2026-05-08T14:16:33.711390300Z,TaxiAlgorithmP2PCollector,1,1000,10,50,1,nearest,1,4,1,BASELINE,7,116264432,Calculation Time [millis],0.0,96.0,0.12,4133.0,33893,96.0
2026-05-08T14:16:33.711390300Z,TaxiAlgorithmP2PCollector,1,1000,10,50,1,nearest,1,4,1,BASELINE,7,116264432,Custom Time [micros],0.0,0.0,0.0,0.0,33893,0.0
2026-05-08T14:16:38.600030100Z,TaxiAlgorithmP2PCollector,1,1000,10,50,1,nearest,1,4,1,BASELINE,8,116264433,Taxi Travel Distance [km],1.22,812.89,163.9,1639.0,10,811.67
2026-05-08T14:16:38.600030100Z,TaxiAlgorithmP2PCollector,1,1000,10,50,1,nearest,1,4,1,BASELINE,8,116264433,Client Waiting Time [min],0.6,352.75,87.13,2003.92,23,352.15
2026-05-08T14:16:38.600030100Z,TaxiAlgorithmP2PCollector,1,1000,10,50,1,nearest,1,4,1,BASELINE,8,116264433,Client Travel Time [min],908.0,33603.0,11994.78,599739.0,50,32695.0
2026-05-08T14:16:38.600030100Z,TaxiAlgorithmP2PCollector,1,1000,10,50,1,nearest,1,4,1,BASELINE,8,116264433,Calculation Time [millis],0.0,108.0,0.12,4648.0,38050,108.0
2026-05-08T14:16:38.600030100Z,TaxiAlgorithmP2PCollector,1,1000,10,50,1,nearest,1,4,1,BASELINE,8,116264433,Custom Time [micros],0.0,0.0,0.0,0.0,38050,0.0
2026-05-08T14:16:43.387634300Z,TaxiAlgorithmP2PCollector,1,1000,10,50,1,nearest,1,4,1,BASELINE,9,116264434,Taxi Travel Distance [km],40.45,197.82,113.37,1133.68,10,157.37
2026-05-08T14:16:43.387634300Z,TaxiAlgorithmP2PCollector,1,1000,10,50,1,nearest,1,4,1,BASELINE,9,116264434,Client Waiting Time [min],0.65,507.82,74.27,1485.3,20,507.17
2026-05-08T14:16:43.387634300Z,TaxiAlgorithmP2PCollector,1,1000,10,50,1,nearest,1,4,1,BASELINE,9,116264434,Client Travel Time [min],673.0,35052.0,13639.4,681970.0,50,34379.0
2026-05-08T14:16:43.387634300Z,TaxiAlgorithmP2PCollector,1,1000,10,50,1,nearest,1,4,1,BASELINE,9,116264434,Calculation Time [millis],0.0,107.0,0.12,4555.0,38462,107.0
2026-05-08T14:16:43.387634300Z,TaxiAlgorithmP2PCollector,1,1000,10,50,1,nearest,1,4,1,BASELINE,9,116264434,Custom Time [micros],0.0,0.0,0.0,0.0,38462,0.0
2026-05-08T14:16:47.852447800Z,TaxiAlgorithmP2PCollector,1,1000,10,50,1,nearest,1,4,1,BASELINE,10,116264435,Taxi Travel Distance [km],2.15,413.55,146.46,1464.61,10,411.40000000000003
2026-05-08T14:16:47.852447800Z,TaxiAlgorithmP2PCollector,1,1000,10,50,1,nearest,1,4,1,BASELINE,10,116264435,Client Waiting Time [min],1.15,237.72,101.94,2344.6,23,236.57
2026-05-08T14:16:47.852447800Z,TaxiAlgorithmP2PCollector,1,1000,10,50,1,nearest,1,4,1,BASELINE,10,116264435,Client Travel Time [min],537.0,31481.0,11709.46,585473.0,50,30944.0
2026-05-08T14:16:47.852447800Z,TaxiAlgorithmP2PCollector,1,1000,10,50,1,nearest,1,4,1,BASELINE,10,116264435,Calculation Time [millis],0.0,107.0,0.12,4227.0,35871,107.0
2026-05-08T14:16:47.852447800Z,TaxiAlgorithmP2PCollector,1,1000,10,50,1,nearest,1,4,1,BASELINE,10,116264435,Custom Time [micros],0.0,0.0,0.0,0.0,35871,0.0
2026-05-08T14:17:01.607253500Z,TaxiAlgorithmP2PCollector,1,1000,20,50,1,nearest,1,4,1,BASELINE,1,116264426,Taxi Travel Distance [km],12.8,513.97,150.86,3017.18,20,501.17
2026-05-08T14:17:01.607253500Z,TaxiAlgorithmP2PCollector,1,1000,20,50,1,nearest,1,4,1,BASELINE,1,116264426,Client Waiting Time [min],0.7,317.1,69.24,2561.82,37,316.40000000000003
2026-05-08T14:17:01.607253500Z,TaxiAlgorithmP2PCollector,1,1000,20,50,1,nearest,1,4,1,BASELINE,1,116264426,Client Travel Time [min],465.0,29701.0,6396.98,319849.0,50,29236.0
2026-05-08T14:17:01.607253500Z,TaxiAlgorithmP2PCollector,1,1000,20,50,1,nearest,1,4,1,BASELINE,1,116264426,Calculation Time [millis],0.0,188.0,0.44,13356.0,30150,188.0
2026-05-08T14:17:01.607253500Z,TaxiAlgorithmP2PCollector,1,1000,20,50,1,nearest,1,4,1,BASELINE,1,116264426,Custom Time [micros],0.0,0.0,0.0,0.0,30150,0.0
2026-05-08T14:17:12.155777400Z,TaxiAlgorithmP2PCollector,1,1000,20,50,1,nearest,1,4,1,BASELINE,2,116264427,Taxi Travel Distance [km],2.72,454.91,182.23,3644.65,20,452.19
2026-05-08T14:17:12.155777400Z,TaxiAlgorithmP2PCollector,1,1000,20,50,1,nearest,1,4,1,BASELINE,2,116264427,Client Waiting Time [min],1.88,223.87,61.72,2407.22,39,221.99
2026-05-08T14:17:12.155777400Z,TaxiAlgorithmP2PCollector,1,1000,20,50,1,nearest,1,4,1,BASELINE,2,116264427,Client Travel Time [min],601.0,21031.0,5952.7,297635.0,50,20430.0
2026-05-08T14:17:12.155777400Z,TaxiAlgorithmP2PCollector,1,1000,20,50,1,nearest,1,4,1,BASELINE,2,116264427,Calculation Time [millis],0.0,160.0,0.45,10266.0,22779,160.0
2026-05-08T14:17:12.155777400Z,TaxiAlgorithmP2PCollector,1,1000,20,50,1,nearest,1,4,1,BASELINE,2,116264427,Custom Time [micros],0.0,0.0,0.0,0.0,22779,0.0
2026-05-08T14:17:27.264265900Z,TaxiAlgorithmP2PCollector,1,1000,20,50,1,nearest,1,4,1,BASELINE,3,116264428,Taxi Travel Distance [km],8.88,462.84,125.98,2519.64,20,453.96
2026-05-08T14:17:27.264265900Z,TaxiAlgorithmP2PCollector,1,1000,20,50,1,nearest,1,4,1,BASELINE,3,116264428,Client Waiting Time [min],1.77,320.3,71.07,2345.2,33,318.53000000000003
2026-05-08T14:17:27.264265900Z,TaxiAlgorithmP2PCollector,1,1000,20,50,1,nearest,1,4,1,BASELINE,3,116264428,Client Travel Time [min],771.0,30627.0,9054.82,452741.0,50,29856.0
2026-05-08T14:17:27.264265900Z,TaxiAlgorithmP2PCollector,1,1000,20,50,1,nearest,1,4,1,BASELINE,3,116264428,Calculation Time [millis],0.0,163.0,0.45,14644.0,32415,163.0
2026-05-08T14:17:27.264265900Z,TaxiAlgorithmP2PCollector,1,1000,20,50,1,nearest,1,4,1,BASELINE,3,116264428,Custom Time [micros],0.0,0.0,0.0,0.0,32415,0.0
2026-05-08T14:17:41.834842200Z,TaxiAlgorithmP2PCollector,1,1000,20,50,1,nearest,1,4,1,BASELINE,4,116264429,Taxi Travel Distance [km],4.1,625.33,121.44,2428.74,20,621.23
2026-05-08T14:17:41.834842200Z,TaxiAlgorithmP2PCollector,1,1000,20,50,1,nearest,1,4,1,BASELINE,4,116264429,Client Waiting Time [min],2.32,309.55,83.68,2594.02,31,307.23
2026-05-08T14:17:41.834842200Z,TaxiAlgorithmP2PCollector,1,1000,20,50,1,nearest,1,4,1,BASELINE,4,116264429,Client Travel Time [min],214.0,28552.0,8842.26,442113.0,50,28338.0
2026-05-08T14:17:41.834842200Z,TaxiAlgorithmP2PCollector,1,1000,20,50,1,nearest,1,4,1,BASELINE,4,116264429,Calculation Time [millis],0.0,177.0,0.44,14158.0,32352,177.0
2026-05-08T14:17:41.834842200Z,TaxiAlgorithmP2PCollector,1,1000,20,50,1,nearest,1,4,1,BASELINE,4,116264429,Custom Time [micros],0.0,0.0,0.0,0.0,32352,0.0
2026-05-08T14:17:56.875956500Z,TaxiAlgorithmP2PCollector,1,1000,20,50,1,nearest,1,4,1,BASELINE,5,116264430,Taxi Travel Distance [km],21.15,413.0,129.3,2586.07,20,391.85
2026-05-08T14:17:56.875956500Z,TaxiAlgorithmP2PCollector,1,1000,20,50,1,nearest,1,4,1,BASELINE,5,116264430,Client Waiting Time [min],0.68,352.87,100.18,3506.33,35,352.19
2026-05-08T14:17:56.875956500Z,TaxiAlgorithmP2PCollector,1,1000,20,50,1,nearest,1,4,1,BASELINE,5,116264430,Client Travel Time [min],554.0,30538.0,9801.32,490066.0,50,29984.0
2026-05-08T14:17:56.875956500Z,TaxiAlgorithmP2PCollector,1,1000,20,50,1,nearest,1,4,1,BASELINE,5,116264430,Calculation Time [millis],0.0,164.0,0.47,14622.0,31280,164.0
2026-05-08T14:17:56.875956500Z,TaxiAlgorithmP2PCollector,1,1000,20,50,1,nearest,1,4,1,BASELINE,5,116264430,Custom Time [micros],0.0,0.0,0.0,0.0,31280,0.0
2026-05-08T14:18:16.108684700Z,TaxiAlgorithmP2PCollector,1,1000,20,50,1,nearest,1,4,1,BASELINE,6,116264431,Taxi Travel Distance [km],9.01,475.19,170.29,3405.78,20,466.18
2026-05-08T14:18:16.108684700Z,TaxiAlgorithmP2PCollector,1,1000,20,50,1,nearest,1,4,1,BASELINE,6,116264431,Client Waiting Time [min],1.07,205.1,47.37,1705.47,36,204.03
2026-05-08T14:18:16.108684700Z,TaxiAlgorithmP2PCollector,1,1000,20,50,1,nearest,1,4,1,BASELINE,6,116264431,Client Travel Time [min],470.0,38260.0,8281.2,414060.0,50,37790.0
2026-05-08T14:18:16.108684700Z,TaxiAlgorithmP2PCollector,1,1000,20,50,1,nearest,1,4,1,BASELINE,6,116264431,Calculation Time [millis],0.0,182.0,0.45,18882.0,42309,182.0
2026-05-08T14:18:16.108684700Z,TaxiAlgorithmP2PCollector,1,1000,20,50,1,nearest,1,4,1,BASELINE,6,116264431,Custom Time [micros],0.0,0.0,0.0,0.0,42309,0.0
2026-05-08T14:18:26.922055800Z,TaxiAlgorithmP2PCollector,1,1000,20,50,1,nearest,1,4,1,BASELINE,7,116264432,Taxi Travel Distance [km],7.61,407.97,151.48,3029.58,20,400.36
2026-05-08T14:18:26.922055800Z,TaxiAlgorithmP2PCollector,1,1000,20,50,1,nearest,1,4,1,BASELINE,7,116264432,Client Waiting Time [min],0.52,302.42,81.09,3486.67,43,301.90000000000003
2026-05-08T14:18:26.922055800Z,TaxiAlgorithmP2PCollector,1,1000,20,50,1,nearest,1,4,1,BASELINE,7,116264432,Client Travel Time [min],160.0,20195.0,5993.06,299653.0,50,20035.0
2026-05-08T14:18:26.922055800Z,TaxiAlgorithmP2PCollector,1,1000,20,50,1,nearest,1,4,1,BASELINE,7,116264432,Calculation Time [millis],0.0,187.0,0.45,10402.0,23119,187.0
2026-05-08T14:18:26.922055800Z,TaxiAlgorithmP2PCollector,1,1000,20,50,1,nearest,1,4,1,BASELINE,7,116264432,Custom Time [micros],0.0,0.0,0.0,0.0,23119,0.0
2026-05-08T14:18:42.088493900Z,TaxiAlgorithmP2PCollector,1,1000,20,50,1,nearest,1,4,1,BASELINE,8,116264433,Taxi Travel Distance [km],2.99,672.05,140.4,2807.94,20,669.06
2026-05-08T14:18:42.088493900Z,TaxiAlgorithmP2PCollector,1,1000,20,50,1,nearest,1,4,1,BASELINE,8,116264433,Client Waiting Time [min],0.37,316.93,81.16,2597.12,32,316.56
2026-05-08T14:18:42.088493900Z,TaxiAlgorithmP2PCollector,1,1000,20,50,1,nearest,1,4,1,BASELINE,8,116264433,Client Travel Time [min],659.0,31250.0,10028.8,501440.0,50,30591.0
2026-05-08T14:18:42.088493900Z,TaxiAlgorithmP2PCollector,1,1000,20,50,1,nearest,1,4,1,BASELINE,8,116264433,Calculation Time [millis],0.0,155.0,0.45,14866.0,32777,155.0
2026-05-08T14:18:42.088493900Z,TaxiAlgorithmP2PCollector,1,1000,20,50,1,nearest,1,4,1,BASELINE,8,116264433,Custom Time [micros],0.0,0.0,0.0,0.0,32777,0.0
2026-05-08T14:18:56.209763900Z,TaxiAlgorithmP2PCollector,1,1000,20,50,1,nearest,1,4,1,BASELINE,9,116264434,Taxi Travel Distance [km],10.08,549.4,184.27,3685.42,20,539.3199999999999
2026-05-08T14:18:56.209763900Z,TaxiAlgorithmP2PCollector,1,1000,20,50,1,nearest,1,4,1,BASELINE,9,116264434,Client Waiting Time [min],0.53,282.72,61.49,2521.0,41,282.19000000000005
2026-05-08T14:18:56.209763900Z,TaxiAlgorithmP2PCollector,1,1000,20,50,1,nearest,1,4,1,BASELINE,9,116264434,Client Travel Time [min],361.0,28514.0,6132.44,306622.0,50,28153.0
2026-05-08T14:18:56.209763900Z,TaxiAlgorithmP2PCollector,1,1000,20,50,1,nearest,1,4,1,BASELINE,9,116264434,Calculation Time [millis],0.0,183.0,0.43,13778.0,31836,183.0
2026-05-08T14:18:56.209763900Z,TaxiAlgorithmP2PCollector,1,1000,20,50,1,nearest,1,4,1,BASELINE,9,116264434,Custom Time [micros],0.0,0.0,0.0,0.0,31836,0.0
2026-05-08T14:19:09.401258Z,TaxiAlgorithmP2PCollector,1,1000,20,50,1,nearest,1,4,1,BASELINE,10,116264435,Taxi Travel Distance [km],2.06,541.36,177.79,3555.74,20,539.3000000000001
2026-05-08T14:19:09.401258Z,TaxiAlgorithmP2PCollector,1,1000,20,50,1,nearest,1,4,1,BASELINE,10,116264435,Client Waiting Time [min],0.57,354.93,75.12,3605.75,48,354.36
2026-05-08T14:19:09.401258Z,TaxiAlgorithmP2PCollector,1,1000,20,50,1,nearest,1,4,1,BASELINE,10,116264435,Client Travel Time [min],555.0,22976.0,5626.18,281309.0,50,22421.0
2026-05-08T14:19:09.401258Z,TaxiAlgorithmP2PCollector,1,1000,20,50,1,nearest,1,4,1,BASELINE,10,116264435,Calculation Time [millis],0.0,124.0,0.48,12633.0,26553,124.0
2026-05-08T14:19:09.401258Z,TaxiAlgorithmP2PCollector,1,1000,20,50,1,nearest,1,4,1,BASELINE,10,116264435,Custom Time [micros],0.0,0.0,0.0,0.0,26553,0.0
2026-05-08T14:19:27.910418700Z,TaxiAlgorithmP2PCollector,1,1000,20,100,1,nearest,1,4,1,BASELINE,1,116264426,Taxi Travel Distance [km],7.48,215.95,110.4,2208.04,20,208.47
2026-05-08T14:19:27.910418700Z,TaxiAlgorithmP2PCollector,1,1000,20,100,1,nearest,1,4,1,BASELINE,1,116264426,Client Waiting Time [min],0.28,125.13,32.68,1438.12,44,124.85
2026-05-08T14:19:27.910418700Z,TaxiAlgorithmP2PCollector,1,1000,20,100,1,nearest,1,4,1,BASELINE,1,116264426,Client Travel Time [min],518.0,36881.0,11155.79,1115579.0,100,36363.0
2026-05-08T14:19:27.910418700Z,TaxiAlgorithmP2PCollector,1,1000,20,100,1,nearest,1,4,1,BASELINE,1,116264426,Calculation Time [millis],0.0,168.0,0.46,18151.0,39255,168.0
2026-05-08T14:19:27.910418700Z,TaxiAlgorithmP2PCollector,1,1000,20,100,1,nearest,1,4,1,BASELINE,1,116264426,Custom Time [micros],0.0,0.0,0.0,0.0,39255,0.0
2026-05-08T14:19:45.713278800Z,TaxiAlgorithmP2PCollector,1,1000,20,100,1,nearest,1,4,1,BASELINE,2,116264427,Taxi Travel Distance [km],6.87,558.49,167.23,3344.61,20,551.62
2026-05-08T14:19:45.713278800Z,TaxiAlgorithmP2PCollector,1,1000,20,100,1,nearest,1,4,1,BASELINE,2,116264427,Client Waiting Time [min],1.83,303.38,73.67,4641.03,63,301.55
2026-05-08T14:19:45.713278800Z,TaxiAlgorithmP2PCollector,1,1000,20,100,1,nearest,1,4,1,BASELINE,2,116264427,Client Travel Time [min],525.0,35090.0,9541.31,954131.0,100,34565.0
2026-05-08T14:19:45.713278800Z,TaxiAlgorithmP2PCollector,1,1000,20,100,1,nearest,1,4,1,BASELINE,2,116264427,Calculation Time [millis],0.0,170.0,0.46,17240.0,37663,170.0
2026-05-08T14:19:45.713278800Z,TaxiAlgorithmP2PCollector,1,1000,20,100,1,nearest,1,4,1,BASELINE,2,116264427,Custom Time [micros],0.0,0.0,0.0,0.0,37663,0.0
2026-05-08T14:20:01.279245900Z,TaxiAlgorithmP2PCollector,1,1000,20,100,1,nearest,1,4,1,BASELINE,3,116264428,Taxi Travel Distance [km],9.62,518.38,166.28,3325.63,20,508.76
2026-05-08T14:20:01.279245900Z,TaxiAlgorithmP2PCollector,1,1000,20,100,1,nearest,1,4,1,BASELINE,3,116264428,Client Waiting Time [min],0.38,471.52,66.57,4060.82,61,471.14
2026-05-08T14:20:01.279245900Z,TaxiAlgorithmP2PCollector,1,1000,20,100,1,nearest,1,4,1,BASELINE,3,116264428,Client Travel Time [min],354.0,30341.0,8862.95,886295.0,100,29987.0
2026-05-08T14:20:01.279245900Z,TaxiAlgorithmP2PCollector,1,1000,20,100,1,nearest,1,4,1,BASELINE,3,116264428,Calculation Time [millis],0.0,96.0,0.47,15153.0,32149,96.0
2026-05-08T14:20:01.279245900Z,TaxiAlgorithmP2PCollector,1,1000,20,100,1,nearest,1,4,1,BASELINE,3,116264428,Custom Time [micros],0.0,0.0,0.0,0.0,32149,0.0
2026-05-08T14:20:19.721911Z,TaxiAlgorithmP2PCollector,1,1000,20,100,1,nearest,1,4,1,BASELINE,4,116264429,Taxi Travel Distance [km],4.17,393.28,113.53,2270.67,20,389.10999999999996
2026-05-08T14:20:19.721911Z,TaxiAlgorithmP2PCollector,1,1000,20,100,1,nearest,1,4,1,BASELINE,4,116264429,Client Waiting Time [min],0.47,277.45,56.13,2750.52,49,276.97999999999996
2026-05-08T14:20:19.721911Z,TaxiAlgorithmP2PCollector,1,1000,20,100,1,nearest,1,4,1,BASELINE,4,116264429,Client Travel Time [min],90.0,33944.0,10326.07,1032607.0,100,33854.0
2026-05-08T14:20:19.721911Z,TaxiAlgorithmP2PCollector,1,1000,20,100,1,nearest,1,4,1,BASELINE,4,116264429,Calculation Time [millis],0.0,171.0,0.47,18034.0,38592,171.0
2026-05-08T14:20:19.721911Z,TaxiAlgorithmP2PCollector,1,1000,20,100,1,nearest,1,4,1,BASELINE,4,116264429,Custom Time [micros],0.0,0.0,0.0,0.0,38592,0.0
2026-05-08T14:20:38.171151200Z,TaxiAlgorithmP2PCollector,1,1000,20,100,1,nearest,1,4,1,BASELINE,5,116264430,Taxi Travel Distance [km],20.43,443.88,171.93,3438.61,20,423.45
2026-05-08T14:20:38.171151200Z,TaxiAlgorithmP2PCollector,1,1000,20,100,1,nearest,1,4,1,BASELINE,5,116264430,Client Waiting Time [min],0.27,289.1,70.44,4860.03,69,288.83000000000004
2026-05-08T14:20:38.171151200Z,TaxiAlgorithmP2PCollector,1,1000,20,100,1,nearest,1,4,1,BASELINE,5,116264430,Client Travel Time [min],943.0,35575.0,8642.2,864220.0,100,34632.0
2026-05-08T14:20:38.171151200Z,TaxiAlgorithmP2PCollector,1,1000,20,100,1,nearest,1,4,1,BASELINE,5,116264430,Calculation Time [millis],0.0,158.0,0.46,17956.0,39011,158.0
2026-05-08T14:20:38.171151200Z,TaxiAlgorithmP2PCollector,1,1000,20,100,1,nearest,1,4,1,BASELINE,5,116264430,Custom Time [micros],0.0,0.0,0.0,0.0,39011,0.0
2026-05-08T14:20:57.885909700Z,TaxiAlgorithmP2PCollector,1,1000,20,100,1,nearest,1,4,1,BASELINE,6,116264431,Taxi Travel Distance [km],16.69,482.31,179.61,3592.19,20,465.62
2026-05-08T14:20:57.885909700Z,TaxiAlgorithmP2PCollector,1,1000,20,100,1,nearest,1,4,1,BASELINE,6,116264431,Client Waiting Time [min],0.68,482.62,72.53,5004.85,69,481.94
2026-05-08T14:20:57.885909700Z,TaxiAlgorithmP2PCollector,1,1000,20,100,1,nearest,1,4,1,BASELINE,6,116264431,Client Travel Time [min],644.0,38260.0,9601.16,960116.0,100,37616.0
2026-05-08T14:20:57.885909700Z,TaxiAlgorithmP2PCollector,1,1000,20,100,1,nearest,1,4,1,BASELINE,6,116264431,Calculation Time [millis],0.0,180.0,0.45,19245.0,42309,180.0
2026-05-08T14:20:57.885909700Z,TaxiAlgorithmP2PCollector,1,1000,20,100,1,nearest,1,4,1,BASELINE,6,116264431,Custom Time [micros],0.0,0.0,0.0,0.0,42309,0.0
2026-05-08T14:21:18.107395500Z,TaxiAlgorithmP2PCollector,1,1000,20,100,1,nearest,1,4,1,BASELINE,7,116264432,Taxi Travel Distance [km],21.04,360.72,177.41,3548.2,20,339.68
2026-05-08T14:21:18.107395500Z,TaxiAlgorithmP2PCollector,1,1000,20,100,1,nearest,1,4,1,BASELINE,7,116264432,Client Waiting Time [min],0.27,376.63,68.39,5197.8,76,376.36
2026-05-08T14:21:18.107395500Z,TaxiAlgorithmP2PCollector,1,1000,20,100,1,nearest,1,4,1,BASELINE,7,116264432,Client Travel Time [min],160.0,38556.0,7742.4,774240.0,100,38396.0
2026-05-08T14:21:18.107395500Z,TaxiAlgorithmP2PCollector,1,1000,20,100,1,nearest,1,4,1,BASELINE,7,116264432,Calculation Time [millis],0.0,182.0,0.46,19797.0,42692,182.0
2026-05-08T14:21:18.107395500Z,TaxiAlgorithmP2PCollector,1,1000,20,100,1,nearest,1,4,1,BASELINE,7,116264432,Custom Time [micros],0.0,0.0,0.0,0.0,42692,0.0
2026-05-08T14:21:33.964402Z,TaxiAlgorithmP2PCollector,1,1000,20,100,1,nearest,1,4,1,BASELINE,8,116264433,Taxi Travel Distance [km],0.73,642.73,225.41,4508.15,20,642.0
2026-05-08T14:21:33.964402Z,TaxiAlgorithmP2PCollector,1,1000,20,100,1,nearest,1,4,1,BASELINE,8,116264433,Client Waiting Time [min],0.45,330.68,79.72,6298.27,79,330.23
2026-05-08T14:21:33.964402Z,TaxiAlgorithmP2PCollector,1,1000,20,100,1,nearest,1,4,1,BASELINE,8,116264433,Client Travel Time [min],386.0,32638.0,7645.96,764596.0,100,32252.0
2026-05-08T14:21:33.964402Z,TaxiAlgorithmP2PCollector,1,1000,20,100,1,nearest,1,4,1,BASELINE,8,116264433,Calculation Time [millis],0.0,194.0,0.45,15491.0,34744,194.0
2026-05-08T14:21:33.964402Z,TaxiAlgorithmP2PCollector,1,1000,20,100,1,nearest,1,4,1,BASELINE,8,116264433,Custom Time [micros],0.0,0.0,0.0,0.0,34744,0.0
2026-05-08T14:21:53.384025700Z,TaxiAlgorithmP2PCollector,1,1000,20,100,1,nearest,1,4,1,BASELINE,9,116264434,Taxi Travel Distance [km],9.03,562.01,175.03,3500.57,20,552.98
2026-05-08T14:21:53.384025700Z,TaxiAlgorithmP2PCollector,1,1000,20,100,1,nearest,1,4,1,BASELINE,9,116264434,Client Waiting Time [min],0.52,260.07,58.87,3943.95,67,259.55
2026-05-08T14:21:53.384025700Z,TaxiAlgorithmP2PCollector,1,1000,20,100,1,nearest,1,4,1,BASELINE,9,116264434,Client Travel Time [min],430.0,37442.0,8386.85,838685.0,100,37012.0
2026-05-08T14:21:53.384025700Z,TaxiAlgorithmP2PCollector,1,1000,20,100,1,nearest,1,4,1,BASELINE,9,116264434,Calculation Time [millis],0.0,181.0,0.46,18893.0,41166,181.0
2026-05-08T14:21:53.384025700Z,TaxiAlgorithmP2PCollector,1,1000,20,100,1,nearest,1,4,1,BASELINE,9,116264434,Custom Time [micros],0.0,0.0,0.0,0.0,41166,0.0
2026-05-08T14:22:09.637584500Z,TaxiAlgorithmP2PCollector,1,1000,20,100,1,nearest,1,4,1,BASELINE,10,116264435,Taxi Travel Distance [km],15.73,313.43,152.2,3044.0,20,297.7
2026-05-08T14:22:09.637584500Z,TaxiAlgorithmP2PCollector,1,1000,20,100,1,nearest,1,4,1,BASELINE,10,116264435,Client Waiting Time [min],0.68,368.58,63.76,4654.22,73,367.9
2026-05-08T14:22:09.637584500Z,TaxiAlgorithmP2PCollector,1,1000,20,100,1,nearest,1,4,1,BASELINE,10,116264435,Client Travel Time [min],717.0,31126.0,8290.76,829076.0,100,30409.0
2026-05-08T14:22:09.637584500Z,TaxiAlgorithmP2PCollector,1,1000,20,100,1,nearest,1,4,1,BASELINE,10,116264435,Calculation Time [millis],0.0,175.0,0.45,15842.0,35274,175.0
2026-05-08T14:22:09.637584500Z,TaxiAlgorithmP2PCollector,1,1000,20,100,1,nearest,1,4,1,BASELINE,10,116264435,Custom Time [micros],0.0,0.0,0.0,0.0,35274,0.0
2026-05-08T14:22:11.039924800Z,TaxiAlgorithmP2PCollector,1,5000,5,25,1,nearest,1,4,1,BASELINE,1,116264426,Taxi Travel Distance [km],47.41,207.86,129.21,646.05,5,160.45000000000002
2026-05-08T14:22:11.039924800Z,TaxiAlgorithmP2PCollector,1,5000,5,25,1,nearest,1,4,1,BASELINE,1,116264426,Client Waiting Time [min],2.25,114.22,35.79,608.47,17,111.97
2026-05-08T14:22:11.039924800Z,TaxiAlgorithmP2PCollector,1,5000,5,25,1,nearest,1,4,1,BASELINE,1,116264426,Client Travel Time [min],454.0,26391.0,7373.08,184327.0,25,25937.0
2026-05-08T14:22:11.039924800Z,TaxiAlgorithmP2PCollector,1,5000,5,25,1,nearest,1,4,1,BASELINE,1,116264426,Calculation Time [millis],0.0,56.0,0.04,1066.0,27824,56.0
2026-05-08T14:22:11.039924800Z,TaxiAlgorithmP2PCollector,1,5000,5,25,1,nearest,1,4,1,BASELINE,1,116264426,Custom Time [micros],0.0,0.0,0.0,0.0,27824,0.0
2026-05-08T14:22:12.103318600Z,TaxiAlgorithmP2PCollector,1,5000,5,25,1,nearest,1,4,1,BASELINE,2,116264427,Taxi Travel Distance [km],258.98,378.14,314.53,1572.65,5,119.15999999999997
2026-05-08T14:22:12.103318600Z,TaxiAlgorithmP2PCollector,1,5000,5,25,1,nearest,1,4,1,BASELINE,2,116264427,Client Waiting Time [min],1.55,200.0,47.78,1051.07,22,198.45
2026-05-08T14:22:12.103318600Z,TaxiAlgorithmP2PCollector,1,5000,5,25,1,nearest,1,4,1,BASELINE,2,116264427,Client Travel Time [min],301.0,23696.0,4997.16,124929.0,25,23395.0
2026-05-08T14:22:12.103318600Z,TaxiAlgorithmP2PCollector,1,5000,5,25,1,nearest,1,4,1,BASELINE,2,116264427,Calculation Time [millis],0.0,43.0,0.03,938.0,27382,43.0
2026-05-08T14:22:12.103318600Z,TaxiAlgorithmP2PCollector,1,5000,5,25,1,nearest,1,4,1,BASELINE,2,116264427,Custom Time [micros],0.0,0.0,0.0,0.0,27382,0.0
2026-05-08T14:22:12.806053200Z,TaxiAlgorithmP2PCollector,1,5000,5,25,1,nearest,1,4,1,BASELINE,3,116264428,Taxi Travel Distance [km],80.31,263.44,177.5,887.48,5,183.13
2026-05-08T14:22:12.806053200Z,TaxiAlgorithmP2PCollector,1,5000,5,25,1,nearest,1,4,1,BASELINE,3,116264428,Client Waiting Time [min],1.2,98.85,32.44,681.32,21,97.64999999999999
2026-05-08T14:22:12.806053200Z,TaxiAlgorithmP2PCollector,1,5000,5,25,1,nearest,1,4,1,BASELINE,3,116264428,Client Travel Time [min],568.0,15182.0,3691.36,92284.0,25,14614.0
2026-05-08T14:22:12.806053200Z,TaxiAlgorithmP2PCollector,1,5000,5,25,1,nearest,1,4,1,BASELINE,3,116264428,Calculation Time [millis],0.0,0.0,0.03,613.0,19385,0.0
2026-05-08T14:22:12.806053200Z,TaxiAlgorithmP2PCollector,1,5000,5,25,1,nearest,1,4,1,BASELINE,3,116264428,Custom Time [micros],0.0,0.0,0.0,0.0,19385,0.0
2026-05-08T14:22:13.430195100Z,TaxiAlgorithmP2PCollector,1,5000,5,25,1,nearest,1,4,1,BASELINE,4,116264429,Taxi Travel Distance [km],215.04,331.97,277.18,1385.89,5,116.93000000000004
2026-05-08T14:22:13.430195100Z,TaxiAlgorithmP2PCollector,1,5000,5,25,1,nearest,1,4,1,BASELINE,4,116264429,Client Waiting Time [min],1.13,160.85,51.43,1182.95,23,159.72
2026-05-08T14:22:13.430195100Z,TaxiAlgorithmP2PCollector,1,5000,5,25,1,nearest,1,4,1,BASELINE,4,116264429,Client Travel Time [min],813.0,11503.0,4474.4,111860.0,25,10690.0
2026-05-08T14:22:13.430195100Z,TaxiAlgorithmP2PCollector,1,5000,5,25,1,nearest,1,4,1,BASELINE,4,116264429,Calculation Time [millis],0.0,0.0,0.03,509.0,15439,0.0
2026-05-08T14:22:13.430195100Z,TaxiAlgorithmP2PCollector,1,5000,5,25,1,nearest,1,4,1,BASELINE,4,116264429,Custom Time [micros],0.0,0.0,0.0,0.0,15439,0.0
2026-05-08T14:22:14.770068700Z,TaxiAlgorithmP2PCollector,1,5000,5,25,1,nearest,1,4,1,BASELINE,5,116264430,Taxi Travel Distance [km],31.42,211.52,127.34,636.7,5,180.10000000000002
2026-05-08T14:22:14.770068700Z,TaxiAlgorithmP2PCollector,1,5000,5,25,1,nearest,1,4,1,BASELINE,5,116264430,Client Waiting Time [min],2.57,164.15,51.23,666.05,13,161.58
2026-05-08T14:22:14.770068700Z,TaxiAlgorithmP2PCollector,1,5000,5,25,1,nearest,1,4,1,BASELINE,5,116264430,Client Travel Time [min],1001.0,31526.0,10160.52,254013.0,25,30525.0
2026-05-08T14:22:14.770068700Z,TaxiAlgorithmP2PCollector,1,5000,5,25,1,nearest,1,4,1,BASELINE,5,116264430,Calculation Time [millis],0.0,26.0,0.03,1215.0,35665,26.0
2026-05-08T14:22:14.770068700Z,TaxiAlgorithmP2PCollector,1,5000,5,25,1,nearest,1,4,1,BASELINE,5,116264430,Custom Time [micros],0.0,0.0,0.0,0.0,35665,0.0
2026-05-08T14:22:16.370676700Z,TaxiAlgorithmP2PCollector,1,5000,5,25,1,nearest,1,4,1,BASELINE,6,116264431,Taxi Travel Distance [km],80.06,277.64,177.56,887.79,5,197.57999999999998
2026-05-08T14:22:16.370676700Z,TaxiAlgorithmP2PCollector,1,5000,5,25,1,nearest,1,4,1,BASELINE,6,116264431,Client Waiting Time [min],1.52,146.57,42.81,941.9,22,145.04999999999998
2026-05-08T14:22:16.370676700Z,TaxiAlgorithmP2PCollector,1,5000,5,25,1,nearest,1,4,1,BASELINE,6,116264431,Client Travel Time [min],389.0,38260.0,6329.56,158239.0,25,37871.0
2026-05-08T14:22:16.370676700Z,TaxiAlgorithmP2PCollector,1,5000,5,25,1,nearest,1,4,1,BASELINE,6,116264431,Calculation Time [millis],0.0,25.0,0.03,1420.0,42309,25.0
2026-05-08T14:22:16.370676700Z,TaxiAlgorithmP2PCollector,1,5000,5,25,1,nearest,1,4,1,BASELINE,6,116264431,Custom Time [micros],0.0,0.0,0.0,0.0,42309,0.0
2026-05-08T14:22:17.878912500Z,TaxiAlgorithmP2PCollector,1,5000,5,25,1,nearest,1,4,1,BASELINE,7,116264432,Taxi Travel Distance [km],8.92,309.64,151.77,758.86,5,300.71999999999997
2026-05-08T14:22:17.878912500Z,TaxiAlgorithmP2PCollector,1,5000,5,25,1,nearest,1,4,1,BASELINE,7,116264432,Client Waiting Time [min],0.52,139.62,26.79,535.7,20,139.1
2026-05-08T14:22:17.878912500Z,TaxiAlgorithmP2PCollector,1,5000,5,25,1,nearest,1,4,1,BASELINE,7,116264432,Client Travel Time [min],160.0,33475.0,6402.04,160051.0,25,33315.0
2026-05-08T14:22:17.878912500Z,TaxiAlgorithmP2PCollector,1,5000,5,25,1,nearest,1,4,1,BASELINE,7,116264432,Calculation Time [millis],0.0,31.0,0.04,1323.0,37413,31.0
2026-05-08T14:22:17.878912500Z,TaxiAlgorithmP2PCollector,1,5000,5,25,1,nearest,1,4,1,BASELINE,7,116264432,Custom Time [micros],0.0,0.0,0.0,0.0,37413,0.0
2026-05-08T14:22:18.971645400Z,TaxiAlgorithmP2PCollector,1,5000,5,25,1,nearest,1,4,1,BASELINE,8,116264433,Taxi Travel Distance [km],53.83,376.17,188.28,941.39,5,322.34000000000003
2026-05-08T14:22:18.971645400Z,TaxiAlgorithmP2PCollector,1,5000,5,25,1,nearest,1,4,1,BASELINE,8,116264433,Client Waiting Time [min],1.25,408.52,81.7,1633.97,20,407.27
2026-05-08T14:22:18.971645400Z,TaxiAlgorithmP2PCollector,1,5000,5,25,1,nearest,1,4,1,BASELINE,8,116264433,Client Travel Time [min],1138.0,24836.0,6305.36,157634.0,25,23698.0
2026-05-08T14:22:18.971645400Z,TaxiAlgorithmP2PCollector,1,5000,5,25,1,nearest,1,4,1,BASELINE,8,116264433,Calculation Time [millis],0.0,46.0,0.04,924.0,25980,46.0
2026-05-08T14:22:18.971645400Z,TaxiAlgorithmP2PCollector,1,5000,5,25,1,nearest,1,4,1,BASELINE,8,116264433,Custom Time [micros],0.0,0.0,0.0,0.0,25980,0.0
2026-05-08T14:22:20.289407800Z,TaxiAlgorithmP2PCollector,1,5000,5,25,1,nearest,1,4,1,BASELINE,9,116264434,Taxi Travel Distance [km],64.48,358.04,207.2,1036.02,5,293.56
2026-05-08T14:22:20.289407800Z,TaxiAlgorithmP2PCollector,1,5000,5,25,1,nearest,1,4,1,BASELINE,9,116264434,Client Waiting Time [min],2.93,242.85,78.18,1563.65,20,239.92
2026-05-08T14:22:20.289407800Z,TaxiAlgorithmP2PCollector,1,5000,5,25,1,nearest,1,4,1,BASELINE,9,116264434,Client Travel Time [min],1224.0,34243.0,7283.72,182093.0,25,33019.0
2026-05-08T14:22:20.289407800Z,TaxiAlgorithmP2PCollector,1,5000,5,25,1,nearest,1,4,1,BASELINE,9,116264434,Calculation Time [millis],0.0,0.0,0.03,1194.0,34401,0.0
2026-05-08T14:22:20.289407800Z,TaxiAlgorithmP2PCollector,1,5000,5,25,1,nearest,1,4,1,BASELINE,9,116264434,Custom Time [micros],0.0,0.0,0.0,0.0,34401,0.0
2026-05-08T14:22:21.738900400Z,TaxiAlgorithmP2PCollector,1,5000,5,25,1,nearest,1,4,1,BASELINE,10,116264435,Taxi Travel Distance [km],16.17,501.02,218.58,1092.91,5,484.84999999999997
2026-05-08T14:22:21.738900400Z,TaxiAlgorithmP2PCollector,1,5000,5,25,1,nearest,1,4,1,BASELINE,10,116264435,Client Waiting Time [min],1.17,265.42,67.7,1286.25,19,264.25
2026-05-08T14:22:21.738900400Z,TaxiAlgorithmP2PCollector,1,5000,5,25,1,nearest,1,4,1,BASELINE,10,116264435,Client Travel Time [min],1028.0,31126.0,7642.76,191069.0,25,30098.0
2026-05-08T14:22:21.738900400Z,TaxiAlgorithmP2PCollector,1,5000,5,25,1,nearest,1,4,1,BASELINE,10,116264435,Calculation Time [millis],0.0,23.0,0.04,1269.0,35274,23.0
2026-05-08T14:22:21.738900400Z,TaxiAlgorithmP2PCollector,1,5000,5,25,1,nearest,1,4,1,BASELINE,10,116264435,Custom Time [micros],0.0,0.0,0.0,0.0,35274,0.0
2026-05-08T14:22:23.251384700Z,TaxiAlgorithmP2PCollector,1,5000,10,25,1,nearest,1,4,1,BASELINE,1,116264426,Taxi Travel Distance [km],81.09,275.63,186.49,1864.9,10,194.54
2026-05-08T14:22:23.251384700Z,TaxiAlgorithmP2PCollector,1,5000,10,25,1,nearest,1,4,1,BASELINE,1,116264426,Client Waiting Time [min],2.25,134.68,22.33,558.13,25,132.43
2026-05-08T14:22:23.251384700Z,TaxiAlgorithmP2PCollector,1,5000,10,25,1,nearest,1,4,1,BASELINE,1,116264426,Client Travel Time [min],493.0,8889.0,2136.92,53423.0,25,8396.0
2026-05-08T14:22:23.251384700Z,TaxiAlgorithmP2PCollector,1,5000,10,25,1,nearest,1,4,1,BASELINE,1,116264426,Calculation Time [millis],0.0,0.0,0.1,1318.0,12980,0.0
2026-05-08T14:22:23.251384700Z,TaxiAlgorithmP2PCollector,1,5000,10,25,1,nearest,1,4,1,BASELINE,1,116264426,Custom Time [micros],0.0,0.0,0.0,0.0,12980,0.0
2026-05-08T14:22:24.252555700Z,TaxiAlgorithmP2PCollector,1,5000,10,25,1,nearest,1,4,1,BASELINE,2,116264427,Taxi Travel Distance [km],18.0,187.49,145.07,1450.67,10,169.49
2026-05-08T14:22:24.252555700Z,TaxiAlgorithmP2PCollector,1,5000,10,25,1,nearest,1,4,1,BASELINE,2,116264427,Client Waiting Time [min],1.48,126.82,32.27,806.77,25,125.33999999999999
2026-05-08T14:22:24.252555700Z,TaxiAlgorithmP2PCollector,1,5000,10,25,1,nearest,1,4,1,BASELINE,2,116264427,Client Travel Time [min],355.0,8816.0,2719.8,67995.0,25,8461.0
2026-05-08T14:22:24.252555700Z,TaxiAlgorithmP2PCollector,1,5000,10,25,1,nearest,1,4,1,BASELINE,2,116264427,Calculation Time [millis],0.0,0.0,0.08,858.0,10630,0.0
2026-05-08T14:22:24.252555700Z,TaxiAlgorithmP2PCollector,1,5000,10,25,1,nearest,1,4,1,BASELINE,2,116264427,Custom Time [micros],0.0,0.0,0.0,0.0,10630,0.0
2026-05-08T14:22:26.201234Z,TaxiAlgorithmP2PCollector,1,5000,10,25,1,nearest,1,4,1,BASELINE,3,116264428,Taxi Travel Distance [km],15.77,244.39,123.35,1233.54,10,228.61999999999998
2026-05-08T14:22:26.201234Z,TaxiAlgorithmP2PCollector,1,5000,10,25,1,nearest,1,4,1,BASELINE,3,116264428,Client Waiting Time [min],0.67,258.32,32.46,779.13,24,257.65
2026-05-08T14:22:26.201234Z,TaxiAlgorithmP2PCollector,1,5000,10,25,1,nearest,1,4,1,BASELINE,3,116264428,Client Travel Time [min],442.0,16231.0,2846.92,71173.0,25,15789.0
2026-05-08T14:22:26.201234Z,TaxiAlgorithmP2PCollector,1,5000,10,25,1,nearest,1,4,1,BASELINE,3,116264428,Calculation Time [millis],0.0,21.0,0.1,1775.0,18019,21.0
2026-05-08T14:22:26.201234Z,TaxiAlgorithmP2PCollector,1,5000,10,25,1,nearest,1,4,1,BASELINE,3,116264428,Custom Time [micros],0.0,0.0,0.0,0.0,18019,0.0
2026-05-08T14:22:27.751533200Z,TaxiAlgorithmP2PCollector,1,5000,10,25,1,nearest,1,4,1,BASELINE,4,116264429,Taxi Travel Distance [km],35.32,297.6,143.59,1435.86,10,262.28000000000003
2026-05-08T14:22:27.751533200Z,TaxiAlgorithmP2PCollector,1,5000,10,25,1,nearest,1,4,1,BASELINE,4,116264429,Client Waiting Time [min],1.75,140.83,28.5,655.5,23,139.08
2026-05-08T14:22:27.751533200Z,TaxiAlgorithmP2PCollector,1,5000,10,25,1,nearest,1,4,1,BASELINE,4,116264429,Client Travel Time [min],470.0,9792.0,2958.0,73950.0,25,9322.0
2026-05-08T14:22:27.751533200Z,TaxiAlgorithmP2PCollector,1,5000,10,25,1,nearest,1,4,1,BASELINE,4,116264429,Calculation Time [millis],0.0,18.0,0.1,1341.0,13987,18.0
2026-05-08T14:22:27.751533200Z,TaxiAlgorithmP2PCollector,1,5000,10,25,1,nearest,1,4,1,BASELINE,4,116264429,Custom Time [micros],0.0,0.0,0.0,0.0,13987,0.0
2026-05-08T14:22:29.062342600Z,TaxiAlgorithmP2PCollector,1,5000,10,25,1,nearest,1,4,1,BASELINE,5,116264430,Taxi Travel Distance [km],43.58,254.03,159.13,1591.34,10,210.45
2026-05-08T14:22:29.062342600Z,TaxiAlgorithmP2PCollector,1,5000,10,25,1,nearest,1,4,1,BASELINE,5,116264430,Client Waiting Time [min],2.22,137.18,37.7,942.53,25,134.96
2026-05-08T14:22:29.062342600Z,TaxiAlgorithmP2PCollector,1,5000,10,25,1,nearest,1,4,1,BASELINE,5,116264430,Client Travel Time [min],691.0,8773.0,3065.88,76647.0,25,8082.0
2026-05-08T14:22:29.062342600Z,TaxiAlgorithmP2PCollector,1,5000,10,25,1,nearest,1,4,1,BASELINE,5,116264430,Calculation Time [millis],0.0,24.0,0.09,1123.0,12912,24.0
2026-05-08T14:22:29.062342600Z,TaxiAlgorithmP2PCollector,1,5000,10,25,1,nearest,1,4,1,BASELINE,5,116264430,Custom Time [micros],0.0,0.0,0.0,0.0,12912,0.0
2026-05-08T14:22:32.673116100Z,TaxiAlgorithmP2PCollector,1,5000,10,25,1,nearest,1,4,1,BASELINE,6,116264431,Taxi Travel Distance [km],28.38,572.44,228.18,2281.75,10,544.0600000000001
2026-05-08T14:22:32.673116100Z,TaxiAlgorithmP2PCollector,1,5000,10,25,1,nearest,1,4,1,BASELINE,6,116264431,Client Waiting Time [min],1.17,466.08,60.16,1504.1,25,464.90999999999997
2026-05-08T14:22:32.673116100Z,TaxiAlgorithmP2PCollector,1,5000,10,25,1,nearest,1,4,1,BASELINE,6,116264431,Client Travel Time [min],348.0,28088.0,4514.92,112873.0,25,27740.0
2026-05-08T14:22:32.673116100Z,TaxiAlgorithmP2PCollector,1,5000,10,25,1,nearest,1,4,1,BASELINE,6,116264431,Calculation Time [millis],0.0,71.0,0.11,3417.0,32287,71.0
2026-05-08T14:22:32.673116100Z,TaxiAlgorithmP2PCollector,1,5000,10,25,1,nearest,1,4,1,BASELINE,6,116264431,Custom Time [micros],0.0,0.0,0.0,0.0,32287,0.0
2026-05-08T14:22:33.700790500Z,TaxiAlgorithmP2PCollector,1,5000,10,25,1,nearest,1,4,1,BASELINE,7,116264432,Taxi Travel Distance [km],5.77,211.63,129.48,1294.84,10,205.85999999999999
2026-05-08T14:22:33.700790500Z,TaxiAlgorithmP2PCollector,1,5000,10,25,1,nearest,1,4,1,BASELINE,7,116264432,Client Waiting Time [min],0.52,94.33,22.9,572.52,25,93.81
2026-05-08T14:22:33.700790500Z,TaxiAlgorithmP2PCollector,1,5000,10,25,1,nearest,1,4,1,BASELINE,7,116264432,Client Travel Time [min],160.0,6430.0,2320.72,58018.0,25,6270.0
2026-05-08T14:22:33.700790500Z,TaxiAlgorithmP2PCollector,1,5000,10,25,1,nearest,1,4,1,BASELINE,7,116264432,Calculation Time [millis],0.0,33.0,0.09,856.0,9773,33.0
2026-05-08T14:22:33.700790500Z,TaxiAlgorithmP2PCollector,1,5000,10,25,1,nearest,1,4,1,BASELINE,7,116264432,Custom Time [micros],0.0,0.0,0.0,0.0,9773,0.0
2026-05-08T14:22:37.181046700Z,TaxiAlgorithmP2PCollector,1,5000,10,25,1,nearest,1,4,1,BASELINE,8,116264433,Taxi Travel Distance [km],1.23,267.73,99.47,994.75,10,266.5
2026-05-08T14:22:37.181046700Z,TaxiAlgorithmP2PCollector,1,5000,10,25,1,nearest,1,4,1,BASELINE,8,116264433,Client Waiting Time [min],0.73,451.03,60.25,1144.72,19,450.29999999999995
2026-05-08T14:22:37.181046700Z,TaxiAlgorithmP2PCollector,1,5000,10,25,1,nearest,1,4,1,BASELINE,8,116264433,Client Travel Time [min],539.0,27171.0,7143.48,178587.0,25,26632.0
2026-05-08T14:22:37.181046700Z,TaxiAlgorithmP2PCollector,1,5000,10,25,1,nearest,1,4,1,BASELINE,8,116264433,Calculation Time [millis],0.0,88.0,0.11,3353.0,30842,88.0
2026-05-08T14:22:37.181046700Z,TaxiAlgorithmP2PCollector,1,5000,10,25,1,nearest,1,4,1,BASELINE,8,116264433,Custom Time [micros],0.0,0.0,0.0,0.0,30842,0.0
2026-05-08T14:22:39.358465500Z,TaxiAlgorithmP2PCollector,1,5000,10,25,1,nearest,1,4,1,BASELINE,9,116264434,Taxi Travel Distance [km],10.08,413.98,160.5,1604.98,10,403.90000000000003
2026-05-08T14:22:39.358465500Z,TaxiAlgorithmP2PCollector,1,5000,10,25,1,nearest,1,4,1,BASELINE,9,116264434,Client Waiting Time [min],0.98,117.55,23.88,549.15,23,116.57
2026-05-08T14:22:39.358465500Z,TaxiAlgorithmP2PCollector,1,5000,10,25,1,nearest,1,4,1,BASELINE,9,116264434,Client Travel Time [min],496.0,14489.0,2723.16,68079.0,25,13993.0
2026-05-08T14:22:39.358465500Z,TaxiAlgorithmP2PCollector,1,5000,10,25,1,nearest,1,4,1,BASELINE,9,116264434,Calculation Time [millis],0.0,46.0,0.11,2032.0,18994,46.0
2026-05-08T14:22:39.358465500Z,TaxiAlgorithmP2PCollector,1,5000,10,25,1,nearest,1,4,1,BASELINE,9,116264434,Custom Time [micros],0.0,0.0,0.0,0.0,18994,0.0
2026-05-08T14:22:40.518395800Z,TaxiAlgorithmP2PCollector,1,5000,10,25,1,nearest,1,4,1,BASELINE,10,116264435,Taxi Travel Distance [km],22.24,232.58,136.82,1368.21,10,210.34
2026-05-08T14:22:40.518395800Z,TaxiAlgorithmP2PCollector,1,5000,10,25,1,nearest,1,4,1,BASELINE,10,116264435,Client Waiting Time [min],0.28,106.55,20.7,517.38,25,106.27
2026-05-08T14:22:40.518395800Z,TaxiAlgorithmP2PCollector,1,5000,10,25,1,nearest,1,4,1,BASELINE,10,116264435,Client Travel Time [min],243.0,6778.0,2136.44,53411.0,25,6535.0
2026-05-08T14:22:40.518395800Z,TaxiAlgorithmP2PCollector,1,5000,10,25,1,nearest,1,4,1,BASELINE,10,116264435,Calculation Time [millis],0.0,0.0,0.09,1013.0,11036,0.0
2026-05-08T14:22:40.518395800Z,TaxiAlgorithmP2PCollector,1,5000,10,25,1,nearest,1,4,1,BASELINE,10,116264435,Custom Time [micros],0.0,0.0,0.0,0.0,11036,0.0
2026-05-08T14:22:42.260136100Z,TaxiAlgorithmP2PCollector,1,5000,10,50,1,nearest,1,4,1,BASELINE,1,116264426,Taxi Travel Distance [km],37.96,312.91,188.26,1882.64,10,274.95000000000005
2026-05-08T14:22:42.260136100Z,TaxiAlgorithmP2PCollector,1,5000,10,50,1,nearest,1,4,1,BASELINE,1,116264426,Client Waiting Time [min],0.4,195.42,42.37,2033.82,48,195.01999999999998
2026-05-08T14:22:42.260136100Z,TaxiAlgorithmP2PCollector,1,5000,10,50,1,nearest,1,4,1,BASELINE,1,116264426,Client Travel Time [min],303.0,12005.0,3279.82,163991.0,50,11702.0
2026-05-08T14:22:42.260136100Z,TaxiAlgorithmP2PCollector,1,5000,10,50,1,nearest,1,4,1,BASELINE,1,116264426,Calculation Time [millis],0.0,3.0,0.11,1546.0,14436,3.0
2026-05-08T14:22:42.260136100Z,TaxiAlgorithmP2PCollector,1,5000,10,50,1,nearest,1,4,1,BASELINE,1,116264426,Custom Time [micros],0.0,0.0,0.0,0.0,14436,0.0
2026-05-08T14:22:45.158678600Z,TaxiAlgorithmP2PCollector,1,5000,10,50,1,nearest,1,4,1,BASELINE,2,116264427,Taxi Travel Distance [km],125.59,487.12,245.92,2459.19,10,361.53
2026-05-08T14:22:45.158678600Z,TaxiAlgorithmP2PCollector,1,5000,10,50,1,nearest,1,4,1,BASELINE,2,116264427,Client Waiting Time [min],1.37,348.73,54.46,2559.45,47,347.36
2026-05-08T14:22:45.158678600Z,TaxiAlgorithmP2PCollector,1,5000,10,50,1,nearest,1,4,1,BASELINE,2,116264427,Client Travel Time [min],399.0,21750.0,4001.52,200076.0,50,21351.0
2026-05-08T14:22:45.158678600Z,TaxiAlgorithmP2PCollector,1,5000,10,50,1,nearest,1,4,1,BASELINE,2,116264427,Calculation Time [millis],0.0,57.0,0.12,2644.0,22522,57.0
2026-05-08T14:22:45.158678600Z,TaxiAlgorithmP2PCollector,1,5000,10,50,1,nearest,1,4,1,BASELINE,2,116264427,Custom Time [micros],0.0,0.0,0.0,0.0,22522,0.0
2026-05-08T14:22:46.613368600Z,TaxiAlgorithmP2PCollector,1,5000,10,50,1,nearest,1,4,1,BASELINE,3,116264428,Taxi Travel Distance [km],104.29,254.48,180.46,1804.56,10,150.19
2026-05-08T14:22:46.613368600Z,TaxiAlgorithmP2PCollector,1,5000,10,50,1,nearest,1,4,1,BASELINE,3,116264428,Client Waiting Time [min],1.32,144.13,36.16,1771.68,49,142.81
2026-05-08T14:22:46.613368600Z,TaxiAlgorithmP2PCollector,1,5000,10,50,1,nearest,1,4,1,BASELINE,3,116264428,Client Travel Time [min],395.0,8961.0,3040.34,152017.0,50,8566.0
2026-05-08T14:22:46.613368600Z,TaxiAlgorithmP2PCollector,1,5000,10,50,1,nearest,1,4,1,BASELINE,3,116264428,Calculation Time [millis],0.0,0.0,0.11,1291.0,12164,0.0
2026-05-08T14:22:46.613368600Z,TaxiAlgorithmP2PCollector,1,5000,10,50,1,nearest,1,4,1,BASELINE,3,116264428,Custom Time [micros],0.0,0.0,0.0,0.0,12164,0.0
2026-05-08T14:22:51.157018900Z,TaxiAlgorithmP2PCollector,1,5000,10,50,1,nearest,1,4,1,BASELINE,4,116264429,Taxi Travel Distance [km],90.64,274.65,171.43,1714.33,10,184.01
2026-05-08T14:22:51.157018900Z,TaxiAlgorithmP2PCollector,1,5000,10,50,1,nearest,1,4,1,BASELINE,4,116264429,Client Waiting Time [min],1.83,552.5,47.25,2220.88,47,550.67
2026-05-08T14:22:51.157018900Z,TaxiAlgorithmP2PCollector,1,5000,10,50,1,nearest,1,4,1,BASELINE,4,116264429,Client Travel Time [min],521.0,33218.0,4003.72,200186.0,50,32697.0
2026-05-08T14:22:51.157018900Z,TaxiAlgorithmP2PCollector,1,5000,10,50,1,nearest,1,4,1,BASELINE,4,116264429,Calculation Time [millis],0.0,98.0,0.11,4272.0,37825,98.0
2026-05-08T14:22:51.157018900Z,TaxiAlgorithmP2PCollector,1,5000,10,50,1,nearest,1,4,1,BASELINE,4,116264429,Custom Time [micros],0.0,0.0,0.0,0.0,37825,0.0
2026-05-08T14:22:52.389273500Z,TaxiAlgorithmP2PCollector,1,5000,10,50,1,nearest,1,4,1,BASELINE,5,116264430,Taxi Travel Distance [km],115.57,235.38,182.12,1821.2,10,119.81
2026-05-08T14:22:52.389273500Z,TaxiAlgorithmP2PCollector,1,5000,10,50,1,nearest,1,4,1,BASELINE,5,116264430,Client Waiting Time [min],1.1,135.12,41.72,2086.02,50,134.02
2026-05-08T14:22:52.389273500Z,TaxiAlgorithmP2PCollector,1,5000,10,50,1,nearest,1,4,1,BASELINE,5,116264430,Client Travel Time [min],516.0,8935.0,3348.48,167424.0,50,8419.0
2026-05-08T14:22:52.389273500Z,TaxiAlgorithmP2PCollector,1,5000,10,50,1,nearest,1,4,1,BASELINE,5,116264430,Calculation Time [millis],0.0,29.0,0.09,1041.0,11378,29.0
2026-05-08T14:22:52.389273500Z,TaxiAlgorithmP2PCollector,1,5000,10,50,1,nearest,1,4,1,BASELINE,5,116264430,Custom Time [micros],0.0,0.0,0.0,0.0,11378,0.0
2026-05-08T14:22:54.029502500Z,TaxiAlgorithmP2PCollector,1,5000,10,50,1,nearest,1,4,1,BASELINE,6,116264431,Taxi Travel Distance [km],131.69,325.01,263.97,2639.74,10,193.32
2026-05-08T14:22:54.029502500Z,TaxiAlgorithmP2PCollector,1,5000,10,50,1,nearest,1,4,1,BASELINE,6,116264431,Client Waiting Time [min],0.13,175.52,44.55,2138.27,48,175.39000000000001
2026-05-08T14:22:54.029502500Z,TaxiAlgorithmP2PCollector,1,5000,10,50,1,nearest,1,4,1,BASELINE,6,116264431,Client Travel Time [min],251.0,11094.0,3664.88,183244.0,50,10843.0
2026-05-08T14:22:54.029502500Z,TaxiAlgorithmP2PCollector,1,5000,10,50,1,nearest,1,4,1,BASELINE,6,116264431,Calculation Time [millis],0.0,0.0,0.1,1533.0,15415,0.0
2026-05-08T14:22:54.029502500Z,TaxiAlgorithmP2PCollector,1,5000,10,50,1,nearest,1,4,1,BASELINE,6,116264431,Custom Time [micros],0.0,0.0,0.0,0.0,15415,0.0
2026-05-08T14:22:59.046701Z,TaxiAlgorithmP2PCollector,1,5000,10,50,1,nearest,1,4,1,BASELINE,7,116264432,Taxi Travel Distance [km],10.03,223.52,105.0,1049.96,10,213.49
2026-05-08T14:22:59.046701Z,TaxiAlgorithmP2PCollector,1,5000,10,50,1,nearest,1,4,1,BASELINE,7,116264432,Client Waiting Time [min],0.1,626.37,52.95,1906.15,36,626.27
2026-05-08T14:22:59.046701Z,TaxiAlgorithmP2PCollector,1,5000,10,50,1,nearest,1,4,1,BASELINE,7,116264432,Client Travel Time [min],160.0,37606.0,8693.68,434684.0,50,37446.0
2026-05-08T14:22:59.046701Z,TaxiAlgorithmP2PCollector,1,5000,10,50,1,nearest,1,4,1,BASELINE,7,116264432,Calculation Time [millis],0.0,93.0,0.11,4728.0,42463,93.0
2026-05-08T14:22:59.046701Z,TaxiAlgorithmP2PCollector,1,5000,10,50,1,nearest,1,4,1,BASELINE,7,116264432,Custom Time [micros],0.0,0.0,0.0,0.0,42463,0.0
2026-05-08T14:23:01.234284300Z,TaxiAlgorithmP2PCollector,1,5000,10,50,1,nearest,1,4,1,BASELINE,8,116264433,Taxi Travel Distance [km],31.67,369.66,180.87,1808.73,10,337.99
2026-05-08T14:23:01.234284300Z,TaxiAlgorithmP2PCollector,1,5000,10,50,1,nearest,1,4,1,BASELINE,8,116264433,Client Waiting Time [min],1.3,196.13,39.77,1829.63,46,194.82999999999998
2026-05-08T14:23:01.234284300Z,TaxiAlgorithmP2PCollector,1,5000,10,50,1,nearest,1,4,1,BASELINE,8,116264433,Client Travel Time [min],448.0,14108.0,3670.72,183536.0,50,13660.0
2026-05-08T14:23:01.234284300Z,TaxiAlgorithmP2PCollector,1,5000,10,50,1,nearest,1,4,1,BASELINE,8,116264433,Calculation Time [millis],0.0,10.0,0.1,1944.0,19008,10.0
2026-05-08T14:23:01.234284300Z,TaxiAlgorithmP2PCollector,1,5000,10,50,1,nearest,1,4,1,BASELINE,8,116264433,Custom Time [micros],0.0,0.0,0.0,0.0,19008,0.0
2026-05-08T14:23:05.835667600Z,TaxiAlgorithmP2PCollector,1,5000,10,50,1,nearest,1,4,1,BASELINE,9,116264434,Taxi Travel Distance [km],35.9,470.22,192.97,1929.68,10,434.32000000000005
2026-05-08T14:23:05.835667600Z,TaxiAlgorithmP2PCollector,1,5000,10,50,1,nearest,1,4,1,BASELINE,9,116264434,Client Waiting Time [min],1.88,593.4,40.98,1802.97,44,591.52
2026-05-08T14:23:05.835667600Z,TaxiAlgorithmP2PCollector,1,5000,10,50,1,nearest,1,4,1,BASELINE,9,116264434,Client Travel Time [min],264.0,35611.0,5517.44,275872.0,50,35347.0
2026-05-08T14:23:05.835667600Z,TaxiAlgorithmP2PCollector,1,5000,10,50,1,nearest,1,4,1,BASELINE,9,116264434,Calculation Time [millis],0.0,95.0,0.11,4289.0,38462,95.0
2026-05-08T14:23:05.835667600Z,TaxiAlgorithmP2PCollector,1,5000,10,50,1,nearest,1,4,1,BASELINE,9,116264434,Custom Time [micros],0.0,0.0,0.0,0.0,38462,0.0
2026-05-08T14:23:08.277693600Z,TaxiAlgorithmP2PCollector,1,5000,10,50,1,nearest,1,4,1,BASELINE,10,116264435,Taxi Travel Distance [km],137.65,443.04,223.87,2238.7,10,305.39
2026-05-08T14:23:08.277693600Z,TaxiAlgorithmP2PCollector,1,5000,10,50,1,nearest,1,4,1,BASELINE,10,116264435,Client Waiting Time [min],0.57,261.08,39.01,1911.52,49,260.51
2026-05-08T14:23:08.277693600Z,TaxiAlgorithmP2PCollector,1,5000,10,50,1,nearest,1,4,1,BASELINE,10,116264435,Client Travel Time [min],239.0,16491.0,3264.14,163207.0,50,16252.0
2026-05-08T14:23:08.277693600Z,TaxiAlgorithmP2PCollector,1,5000,10,50,1,nearest,1,4,1,BASELINE,10,116264435,Calculation Time [millis],0.0,25.0,0.11,2210.0,20639,25.0
2026-05-08T14:23:08.277693600Z,TaxiAlgorithmP2PCollector,1,5000,10,50,1,nearest,1,4,1,BASELINE,10,116264435,Custom Time [micros],0.0,0.0,0.0,0.0,20639,0.0
2026-05-08T14:23:11.487560200Z,TaxiAlgorithmP2PCollector,1,5000,20,50,1,nearest,1,4,1,BASELINE,1,116264426,Taxi Travel Distance [km],43.48,171.31,116.03,2320.5,20,127.83000000000001
2026-05-08T14:23:11.487560200Z,TaxiAlgorithmP2PCollector,1,5000,20,50,1,nearest,1,4,1,BASELINE,1,116264426,Client Waiting Time [min],0.67,111.9,16.32,816.05,50,111.23
2026-05-08T14:23:11.487560200Z,TaxiAlgorithmP2PCollector,1,5000,20,50,1,nearest,1,4,1,BASELINE,1,116264426,Client Travel Time [min],387.0,7265.0,1798.12,89906.0,50,6878.0
2026-05-08T14:23:11.487560200Z,TaxiAlgorithmP2PCollector,1,5000,20,50,1,nearest,1,4,1,BASELINE,1,116264426,Calculation Time [millis],0.0,70.0,0.37,2997.0,8029,70.0
2026-05-08T14:23:11.487560200Z,TaxiAlgorithmP2PCollector,1,5000,20,50,1,nearest,1,4,1,BASELINE,1,116264426,Custom Time [micros],0.0,0.0,0.0,0.0,8029,0.0
2026-05-08T14:23:15.063259Z,TaxiAlgorithmP2PCollector,1,5000,20,50,1,nearest,1,4,1,BASELINE,2,116264427,Taxi Travel Distance [km],14.82,194.73,154.59,3091.81,20,179.91
2026-05-08T14:23:15.063259Z,TaxiAlgorithmP2PCollector,1,5000,20,50,1,nearest,1,4,1,BASELINE,2,116264427,Client Waiting Time [min],0.57,127.43,16.79,822.83,49,126.86000000000001
2026-05-08T14:23:15.063259Z,TaxiAlgorithmP2PCollector,1,5000,20,50,1,nearest,1,4,1,BASELINE,2,116264427,Client Travel Time [min],270.0,7869.0,1850.48,92524.0,50,7599.0
2026-05-08T14:23:15.063259Z,TaxiAlgorithmP2PCollector,1,5000,20,50,1,nearest,1,4,1,BASELINE,2,116264427,Calculation Time [millis],0.0,95.0,0.37,3369.0,9092,95.0
2026-05-08T14:23:15.063259Z,TaxiAlgorithmP2PCollector,1,5000,20,50,1,nearest,1,4,1,BASELINE,2,116264427,Custom Time [micros],0.0,0.0,0.0,0.0,9092,0.0
2026-05-08T14:23:21.768788700Z,TaxiAlgorithmP2PCollector,1,5000,20,50,1,nearest,1,4,1,BASELINE,3,116264428,Taxi Travel Distance [km],47.95,272.4,119.74,2394.76,20,224.45
2026-05-08T14:23:21.768788700Z,TaxiAlgorithmP2PCollector,1,5000,20,50,1,nearest,1,4,1,BASELINE,3,116264428,Client Waiting Time [min],0.9,62.43,15.65,719.72,46,61.53
2026-05-08T14:23:21.768788700Z,TaxiAlgorithmP2PCollector,1,5000,20,50,1,nearest,1,4,1,BASELINE,3,116264428,Client Travel Time [min],580.0,15034.0,2494.92,124746.0,50,14454.0
2026-05-08T14:23:21.768788700Z,TaxiAlgorithmP2PCollector,1,5000,20,50,1,nearest,1,4,1,BASELINE,3,116264428,Calculation Time [millis],0.0,141.0,0.39,6552.0,16614,141.0
2026-05-08T14:23:21.768788700Z,TaxiAlgorithmP2PCollector,1,5000,20,50,1,nearest,1,4,1,BASELINE,3,116264428,Custom Time [micros],0.0,0.0,0.0,0.0,16614,0.0
2026-05-08T14:23:28.247887900Z,TaxiAlgorithmP2PCollector,1,5000,20,50,1,nearest,1,4,1,BASELINE,4,116264429,Taxi Travel Distance [km],5.61,307.08,113.1,2261.92,20,301.46999999999997
2026-05-08T14:23:28.247887900Z,TaxiAlgorithmP2PCollector,1,5000,20,50,1,nearest,1,4,1,BASELINE,4,116264429,Client Waiting Time [min],0.68,118.77,21.53,1055.08,49,118.08999999999999
2026-05-08T14:23:28.247887900Z,TaxiAlgorithmP2PCollector,1,5000,20,50,1,nearest,1,4,1,BASELINE,4,116264429,Client Travel Time [min],472.0,11465.0,2277.76,113888.0,50,10993.0
2026-05-08T14:23:28.247887900Z,TaxiAlgorithmP2PCollector,1,5000,20,50,1,nearest,1,4,1,BASELINE,4,116264429,Calculation Time [millis],0.0,149.0,0.4,6162.0,15439,149.0
2026-05-08T14:23:28.247887900Z,TaxiAlgorithmP2PCollector,1,5000,20,50,1,nearest,1,4,1,BASELINE,4,116264429,Custom Time [micros],0.0,0.0,0.0,0.0,15439,0.0
2026-05-08T14:23:35.981556700Z,TaxiAlgorithmP2PCollector,1,5000,20,50,1,nearest,1,4,1,BASELINE,5,116264430,Taxi Travel Distance [km],29.67,384.24,145.1,2901.95,20,354.57
2026-05-08T14:23:35.981556700Z,TaxiAlgorithmP2PCollector,1,5000,20,50,1,nearest,1,4,1,BASELINE,5,116264430,Client Waiting Time [min],0.35,289.07,28.57,1428.28,50,288.71999999999997
2026-05-08T14:23:35.981556700Z,TaxiAlgorithmP2PCollector,1,5000,20,50,1,nearest,1,4,1,BASELINE,5,116264430,Client Travel Time [min],433.0,17409.0,2636.78,131839.0,50,16976.0
2026-05-08T14:23:35.981556700Z,TaxiAlgorithmP2PCollector,1,5000,20,50,1,nearest,1,4,1,BASELINE,5,116264430,Calculation Time [millis],0.0,172.0,0.4,7513.0,18813,172.0
2026-05-08T14:23:35.981556700Z,TaxiAlgorithmP2PCollector,1,5000,20,50,1,nearest,1,4,1,BASELINE,5,116264430,Custom Time [micros],0.0,0.0,0.0,0.0,18813,0.0
2026-05-08T14:23:42.248534100Z,TaxiAlgorithmP2PCollector,1,5000,20,50,1,nearest,1,4,1,BASELINE,6,116264431,Taxi Travel Distance [km],66.22,321.7,160.78,3215.61,20,255.48
2026-05-08T14:23:42.248534100Z,TaxiAlgorithmP2PCollector,1,5000,20,50,1,nearest,1,4,1,BASELINE,6,116264431,Client Waiting Time [min],0.43,178.98,20.33,995.95,49,178.54999999999998
2026-05-08T14:23:42.248534100Z,TaxiAlgorithmP2PCollector,1,5000,20,50,1,nearest,1,4,1,BASELINE,6,116264431,Client Travel Time [min],401.0,11610.0,2259.04,112952.0,50,11209.0
2026-05-08T14:23:42.248534100Z,TaxiAlgorithmP2PCollector,1,5000,20,50,1,nearest,1,4,1,BASELINE,6,116264431,Calculation Time [millis],0.0,95.0,0.4,5989.0,14989,95.0
2026-05-08T14:23:42.248534100Z,TaxiAlgorithmP2PCollector,1,5000,20,50,1,nearest,1,4,1,BASELINE,6,116264431,Custom Time [micros],0.0,0.0,0.0,0.0,14989,0.0
2026-05-08T14:23:45.349083700Z,TaxiAlgorithmP2PCollector,1,5000,20,50,1,nearest,1,4,1,BASELINE,7,116264432,Taxi Travel Distance [km],8.92,166.5,115.34,2306.72,20,157.58
2026-05-08T14:23:45.349083700Z,TaxiAlgorithmP2PCollector,1,5000,20,50,1,nearest,1,4,1,BASELINE,7,116264432,Client Waiting Time [min],0.1,67.22,13.28,663.92,50,67.12
2026-05-08T14:23:45.349083700Z,TaxiAlgorithmP2PCollector,1,5000,20,50,1,nearest,1,4,1,BASELINE,7,116264432,Client Travel Time [min],160.0,4747.0,1610.9,80545.0,50,4587.0
2026-05-08T14:23:45.349083700Z,TaxiAlgorithmP2PCollector,1,5000,20,50,1,nearest,1,4,1,BASELINE,7,116264432,Calculation Time [millis],0.0,54.0,0.34,2901.0,8469,54.0
2026-05-08T14:23:45.349083700Z,TaxiAlgorithmP2PCollector,1,5000,20,50,1,nearest,1,4,1,BASELINE,7,116264432,Custom Time [micros],0.0,0.0,0.0,0.0,8469,0.0
2026-05-08T14:23:48.156768Z,TaxiAlgorithmP2PCollector,1,5000,20,50,1,nearest,1,4,1,BASELINE,8,116264433,Taxi Travel Distance [km],1.37,172.96,112.55,2251.03,20,171.59
2026-05-08T14:23:48.156768Z,TaxiAlgorithmP2PCollector,1,5000,20,50,1,nearest,1,4,1,BASELINE,8,116264433,Client Waiting Time [min],0.73,68.77,19.88,993.83,50,68.03999999999999
2026-05-08T14:23:48.156768Z,TaxiAlgorithmP2PCollector,1,5000,20,50,1,nearest,1,4,1,BASELINE,8,116264433,Client Travel Time [min],325.0,4594.0,2060.76,103038.0,50,4269.0
2026-05-08T14:23:48.156768Z,TaxiAlgorithmP2PCollector,1,5000,20,50,1,nearest,1,4,1,BASELINE,8,116264433,Calculation Time [millis],0.0,61.0,0.3,2640.0,8701,61.0
2026-05-08T14:23:48.156768Z,TaxiAlgorithmP2PCollector,1,5000,20,50,1,nearest,1,4,1,BASELINE,8,116264433,Custom Time [micros],0.0,0.0,0.0,0.0,8701,0.0
2026-05-08T14:23:52.908919500Z,TaxiAlgorithmP2PCollector,1,5000,20,50,1,nearest,1,4,1,BASELINE,9,116264434,Taxi Travel Distance [km],20.23,261.3,158.76,3175.22,20,241.07000000000002
2026-05-08T14:23:52.908919500Z,TaxiAlgorithmP2PCollector,1,5000,20,50,1,nearest,1,4,1,BASELINE,9,116264434,Client Waiting Time [min],0.73,126.12,13.62,680.78,50,125.39
2026-05-08T14:23:52.908919500Z,TaxiAlgorithmP2PCollector,1,5000,20,50,1,nearest,1,4,1,BASELINE,9,116264434,Client Travel Time [min],174.0,8452.0,1662.2,83110.0,50,8278.0
2026-05-08T14:23:52.908919500Z,TaxiAlgorithmP2PCollector,1,5000,20,50,1,nearest,1,4,1,BASELINE,9,116264434,Calculation Time [millis],0.0,117.0,0.37,4593.0,12258,117.0
2026-05-08T14:23:52.908919500Z,TaxiAlgorithmP2PCollector,1,5000,20,50,1,nearest,1,4,1,BASELINE,9,116264434,Custom Time [micros],0.0,0.0,0.0,0.0,12258,0.0
2026-05-08T14:23:55.682990200Z,TaxiAlgorithmP2PCollector,1,5000,20,50,1,nearest,1,4,1,BASELINE,10,116264435,Taxi Travel Distance [km],13.66,160.7,112.11,2242.17,20,147.04
2026-05-08T14:23:55.682990200Z,TaxiAlgorithmP2PCollector,1,5000,20,50,1,nearest,1,4,1,BASELINE,10,116264435,Client Waiting Time [min],0.58,49.92,13.04,651.78,50,49.34
2026-05-08T14:23:55.682990200Z,TaxiAlgorithmP2PCollector,1,5000,20,50,1,nearest,1,4,1,BASELINE,10,116264435,Client Travel Time [min],289.0,3689.0,1721.14,86057.0,50,3400.0
2026-05-08T14:23:55.682990200Z,TaxiAlgorithmP2PCollector,1,5000,20,50,1,nearest,1,4,1,BASELINE,10,116264435,Calculation Time [millis],0.0,59.0,0.34,2619.0,7743,59.0
2026-05-08T14:23:55.682990200Z,TaxiAlgorithmP2PCollector,1,5000,20,50,1,nearest,1,4,1,BASELINE,10,116264435,Custom Time [micros],0.0,0.0,0.0,0.0,7743,0.0
2026-05-08T14:24:08.344456Z,TaxiAlgorithmP2PCollector,1,5000,20,100,1,nearest,1,4,1,BASELINE,1,116264426,Taxi Travel Distance [km],83.76,455.32,240.67,4813.34,20,371.56
2026-05-08T14:24:08.344456Z,TaxiAlgorithmP2PCollector,1,5000,20,100,1,nearest,1,4,1,BASELINE,1,116264426,Client Waiting Time [min],0.52,424.57,35.76,3540.12,99,424.05
2026-05-08T14:24:08.344456Z,TaxiAlgorithmP2PCollector,1,5000,20,100,1,nearest,1,4,1,BASELINE,1,116264426,Client Travel Time [min],341.0,25484.0,2893.97,289397.0,100,25143.0
2026-05-08T14:24:08.344456Z,TaxiAlgorithmP2PCollector,1,5000,20,100,1,nearest,1,4,1,BASELINE,1,116264426,Calculation Time [millis],0.0,147.0,0.44,12389.0,28028,147.0
2026-05-08T14:24:08.344456Z,TaxiAlgorithmP2PCollector,1,5000,20,100,1,nearest,1,4,1,BASELINE,1,116264426,Custom Time [micros],0.0,0.0,0.0,0.0,28028,0.0
2026-05-08T14:24:12.636145500Z,TaxiAlgorithmP2PCollector,1,5000,20,100,1,nearest,1,4,1,BASELINE,2,116264427,Taxi Travel Distance [km],74.02,260.48,191.73,3834.65,20,186.46000000000004
2026-05-08T14:24:12.636145500Z,TaxiAlgorithmP2PCollector,1,5000,20,100,1,nearest,1,4,1,BASELINE,2,116264427,Client Waiting Time [min],1.53,156.97,30.62,3031.27,99,155.44
2026-05-08T14:24:12.636145500Z,TaxiAlgorithmP2PCollector,1,5000,20,100,1,nearest,1,4,1,BASELINE,2,116264427,Client Travel Time [min],288.0,10576.0,2682.49,268249.0,100,10288.0
2026-05-08T14:24:12.636145500Z,TaxiAlgorithmP2PCollector,1,5000,20,100,1,nearest,1,4,1,BASELINE,2,116264427,Calculation Time [millis],0.0,67.0,0.34,4050.0,12079,67.0
2026-05-08T14:24:12.636145500Z,TaxiAlgorithmP2PCollector,1,5000,20,100,1,nearest,1,4,1,BASELINE,2,116264427,Custom Time [micros],0.0,0.0,0.0,0.0,12079,0.0
2026-05-08T14:24:17.162152500Z,TaxiAlgorithmP2PCollector,1,5000,20,100,1,nearest,1,4,1,BASELINE,3,116264428,Taxi Travel Distance [km],67.67,244.35,169.46,3389.1,20,176.68
2026-05-08T14:24:17.162152500Z,TaxiAlgorithmP2PCollector,1,5000,20,100,1,nearest,1,4,1,BASELINE,3,116264428,Client Waiting Time [min],1.05,130.5,26.51,2624.08,99,129.45
2026-05-08T14:24:17.162152500Z,TaxiAlgorithmP2PCollector,1,5000,20,100,1,nearest,1,4,1,BASELINE,3,116264428,Client Travel Time [min],221.0,8043.0,2425.0,242500.0,100,7822.0
2026-05-08T14:24:17.162152500Z,TaxiAlgorithmP2PCollector,1,5000,20,100,1,nearest,1,4,1,BASELINE,3,116264428,Calculation Time [millis],0.0,92.0,0.37,4262.0,11379,92.0
2026-05-08T14:24:17.162152500Z,TaxiAlgorithmP2PCollector,1,5000,20,100,1,nearest,1,4,1,BASELINE,3,116264428,Custom Time [micros],0.0,0.0,0.0,0.0,11379,0.0
2026-05-08T14:24:22.214399400Z,TaxiAlgorithmP2PCollector,1,5000,20,100,1,nearest,1,4,1,BASELINE,4,116264429,Taxi Travel Distance [km],78.94,273.89,186.92,3738.37,20,194.95
2026-05-08T14:24:22.214399400Z,TaxiAlgorithmP2PCollector,1,5000,20,100,1,nearest,1,4,1,BASELINE,4,116264429,Client Waiting Time [min],0.15,137.15,26.7,2670.1,100,137.0
2026-05-08T14:24:22.214399400Z,TaxiAlgorithmP2PCollector,1,5000,20,100,1,nearest,1,4,1,BASELINE,4,116264429,Client Travel Time [min],343.0,8518.0,2443.18,244318.0,100,8175.0
2026-05-08T14:24:22.214399400Z,TaxiAlgorithmP2PCollector,1,5000,20,100,1,nearest,1,4,1,BASELINE,4,116264429,Calculation Time [millis],0.0,96.0,0.38,4819.0,12697,96.0
2026-05-08T14:24:22.214399400Z,TaxiAlgorithmP2PCollector,1,5000,20,100,1,nearest,1,4,1,BASELINE,4,116264429,Custom Time [micros],0.0,0.0,0.0,0.0,12697,0.0
2026-05-08T14:24:26.229592100Z,TaxiAlgorithmP2PCollector,1,5000,20,100,1,nearest,1,4,1,BASELINE,5,116264430,Taxi Travel Distance [km],53.72,212.71,161.24,3224.87,20,158.99
2026-05-08T14:24:26.229592100Z,TaxiAlgorithmP2PCollector,1,5000,20,100,1,nearest,1,4,1,BASELINE,5,116264430,Client Waiting Time [min],0.38,113.12,26.13,2560.82,98,112.74000000000001
2026-05-08T14:24:26.229592100Z,TaxiAlgorithmP2PCollector,1,5000,20,100,1,nearest,1,4,1,BASELINE,5,116264430,Client Travel Time [min],363.0,6950.0,2507.04,250704.0,100,6587.0
2026-05-08T14:24:26.229592100Z,TaxiAlgorithmP2PCollector,1,5000,20,100,1,nearest,1,4,1,BASELINE,5,116264430,Calculation Time [millis],0.0,89.0,0.37,3738.0,9976,89.0
2026-05-08T14:24:26.229592100Z,TaxiAlgorithmP2PCollector,1,5000,20,100,1,nearest,1,4,1,BASELINE,5,116264430,Custom Time [micros],0.0,0.0,0.0,0.0,9976,0.0
2026-05-08T14:24:30.814084200Z,TaxiAlgorithmP2PCollector,1,5000,20,100,1,nearest,1,4,1,BASELINE,6,116264431,Taxi Travel Distance [km],25.0,254.25,203.72,4074.46,20,229.25
2026-05-08T14:24:30.814084200Z,TaxiAlgorithmP2PCollector,1,5000,20,100,1,nearest,1,4,1,BASELINE,6,116264431,Client Waiting Time [min],0.68,177.85,26.96,2669.17,99,177.17
2026-05-08T14:24:30.814084200Z,TaxiAlgorithmP2PCollector,1,5000,20,100,1,nearest,1,4,1,BASELINE,6,116264431,Client Travel Time [min],303.0,11194.0,2549.34,254934.0,100,10891.0
2026-05-08T14:24:30.814084200Z,TaxiAlgorithmP2PCollector,1,5000,20,100,1,nearest,1,4,1,BASELINE,6,116264431,Calculation Time [millis],0.0,87.0,0.37,4431.0,12021,87.0
2026-05-08T14:24:30.814084200Z,TaxiAlgorithmP2PCollector,1,5000,20,100,1,nearest,1,4,1,BASELINE,6,116264431,Custom Time [micros],0.0,0.0,0.0,0.0,12021,0.0
2026-05-08T14:24:36.218440400Z,TaxiAlgorithmP2PCollector,1,5000,20,100,1,nearest,1,4,1,BASELINE,7,116264432,Taxi Travel Distance [km],29.64,284.1,200.4,4007.96,20,254.46000000000004
2026-05-08T14:24:36.218440400Z,TaxiAlgorithmP2PCollector,1,5000,20,100,1,nearest,1,4,1,BASELINE,7,116264432,Client Waiting Time [min],0.27,182.6,26.94,2640.1,98,182.32999999999998
2026-05-08T14:24:36.218440400Z,TaxiAlgorithmP2PCollector,1,5000,20,100,1,nearest,1,4,1,BASELINE,7,116264432,Client Travel Time [min],160.0,11388.0,2468.5,246850.0,100,11228.0
2026-05-08T14:24:36.218440400Z,TaxiAlgorithmP2PCollector,1,5000,20,100,1,nearest,1,4,1,BASELINE,7,116264432,Calculation Time [millis],0.0,136.0,0.38,5126.0,13510,136.0
2026-05-08T14:24:36.218440400Z,TaxiAlgorithmP2PCollector,1,5000,20,100,1,nearest,1,4,1,BASELINE,7,116264432,Custom Time [micros],0.0,0.0,0.0,0.0,13510,0.0
2026-05-08T14:24:41.824154600Z,TaxiAlgorithmP2PCollector,1,5000,20,100,1,nearest,1,4,1,BASELINE,8,116264433,Taxi Travel Distance [km],86.02,298.83,198.79,3975.71,20,212.81
2026-05-08T14:24:41.824154600Z,TaxiAlgorithmP2PCollector,1,5000,20,100,1,nearest,1,4,1,BASELINE,8,116264433,Client Waiting Time [min],1.23,170.42,33.62,3294.52,98,169.19
2026-05-08T14:24:41.824154600Z,TaxiAlgorithmP2PCollector,1,5000,20,100,1,nearest,1,4,1,BASELINE,8,116264433,Client Travel Time [min],484.0,11229.0,2937.75,293775.0,100,10745.0
2026-05-08T14:24:41.824154600Z,TaxiAlgorithmP2PCollector,1,5000,20,100,1,nearest,1,4,1,BASELINE,8,116264433,Calculation Time [millis],0.0,121.0,0.36,5444.0,15038,121.0
2026-05-08T14:24:41.824154600Z,TaxiAlgorithmP2PCollector,1,5000,20,100,1,nearest,1,4,1,BASELINE,8,116264433,Custom Time [micros],0.0,0.0,0.0,0.0,15038,0.0
2026-05-08T14:24:49.240721200Z,TaxiAlgorithmP2PCollector,1,5000,20,100,1,nearest,1,4,1,BASELINE,9,116264434,Taxi Travel Distance [km],5.28,374.34,205.55,4111.02,20,369.06
2026-05-08T14:24:49.240721200Z,TaxiAlgorithmP2PCollector,1,5000,20,100,1,nearest,1,4,1,BASELINE,9,116264434,Client Waiting Time [min],0.7,230.1,35.19,3413.07,97,229.4
2026-05-08T14:24:49.240721200Z,TaxiAlgorithmP2PCollector,1,5000,20,100,1,nearest,1,4,1,BASELINE,9,116264434,Client Travel Time [min],383.0,13958.0,3004.3,300430.0,100,13575.0
2026-05-08T14:24:49.240721200Z,TaxiAlgorithmP2PCollector,1,5000,20,100,1,nearest,1,4,1,BASELINE,9,116264434,Calculation Time [millis],0.0,143.0,0.42,7164.0,17254,143.0
2026-05-08T14:24:49.240721200Z,TaxiAlgorithmP2PCollector,1,5000,20,100,1,nearest,1,4,1,BASELINE,9,116264434,Custom Time [micros],0.0,0.0,0.0,0.0,17254,0.0
2026-05-08T14:24:52.912996100Z,TaxiAlgorithmP2PCollector,1,5000,20,100,1,nearest,1,4,1,BASELINE,10,116264435,Taxi Travel Distance [km],76.04,193.33,170.07,3401.43,20,117.29
2026-05-08T14:24:52.912996100Z,TaxiAlgorithmP2PCollector,1,5000,20,100,1,nearest,1,4,1,BASELINE,10,116264435,Client Waiting Time [min],0.83,106.05,21.15,2114.65,100,105.22
2026-05-08T14:24:52.912996100Z,TaxiAlgorithmP2PCollector,1,5000,20,100,1,nearest,1,4,1,BASELINE,10,116264435,Client Travel Time [min],465.0,7320.0,2130.5,213050.0,100,6855.0
2026-05-08T14:24:52.912996100Z,TaxiAlgorithmP2PCollector,1,5000,20,100,1,nearest,1,4,1,BASELINE,10,116264435,Calculation Time [millis],0.0,75.0,0.37,3364.0,9203,75.0
2026-05-08T14:24:52.912996100Z,TaxiAlgorithmP2PCollector,1,5000,20,100,1,nearest,1,4,1,BASELINE,10,116264435,Custom Time [micros],0.0,0.0,0.0,0.0,9203,0.0
2026-05-08T14:24:53.849542600Z,TaxiAlgorithmP2PCollector,1,10000,5,25,1,nearest,1,4,1,BASELINE,1,116264426,Taxi Travel Distance [km],63.28,210.15,140.79,703.97,5,146.87
2026-05-08T14:24:53.849542600Z,TaxiAlgorithmP2PCollector,1,10000,5,25,1,nearest,1,4,1,BASELINE,1,116264426,Client Waiting Time [min],2.25,112.83,36.55,694.5,19,110.58
2026-05-08T14:24:53.849542600Z,TaxiAlgorithmP2PCollector,1,10000,5,25,1,nearest,1,4,1,BASELINE,1,116264426,Client Travel Time [min],920.0,19677.0,4949.36,123734.0,25,18757.0
2026-05-08T14:24:53.849542600Z,TaxiAlgorithmP2PCollector,1,10000,5,25,1,nearest,1,4,1,BASELINE,1,116264426,Calculation Time [millis],0.0,0.0,0.03,784.0,23333,0.0
2026-05-08T14:24:53.849542600Z,TaxiAlgorithmP2PCollector,1,10000,5,25,1,nearest,1,4,1,BASELINE,1,116264426,Custom Time [micros],0.0,0.0,0.0,0.0,23333,0.0
2026-05-08T14:24:54.861590900Z,TaxiAlgorithmP2PCollector,1,10000,5,25,1,nearest,1,4,1,BASELINE,2,116264427,Taxi Travel Distance [km],12.82,562.92,205.28,1026.42,5,550.0999999999999
2026-05-08T14:24:54.861590900Z,TaxiAlgorithmP2PCollector,1,10000,5,25,1,nearest,1,4,1,BASELINE,2,116264427,Client Waiting Time [min],1.55,419.0,60.46,1209.2,20,417.45
2026-05-08T14:24:54.861590900Z,TaxiAlgorithmP2PCollector,1,10000,5,25,1,nearest,1,4,1,BASELINE,2,116264427,Client Travel Time [min],975.0,25146.0,5986.68,149667.0,25,24171.0
2026-05-08T14:24:54.861590900Z,TaxiAlgorithmP2PCollector,1,10000,5,25,1,nearest,1,4,1,BASELINE,2,116264427,Calculation Time [millis],0.0,23.0,0.03,879.0,26369,23.0
2026-05-08T14:24:54.861590900Z,TaxiAlgorithmP2PCollector,1,10000,5,25,1,nearest,1,4,1,BASELINE,2,116264427,Custom Time [micros],0.0,0.0,0.0,0.0,26369,0.0
2026-05-08T14:24:55.330572400Z,TaxiAlgorithmP2PCollector,1,10000,5,25,1,nearest,1,4,1,BASELINE,3,116264428,Taxi Travel Distance [km],79.35,258.91,170.29,851.43,5,179.56000000000003
2026-05-08T14:24:55.330572400Z,TaxiAlgorithmP2PCollector,1,10000,5,25,1,nearest,1,4,1,BASELINE,3,116264428,Client Waiting Time [min],1.4,106.57,26.38,633.15,24,105.16999999999999
2026-05-08T14:24:55.330572400Z,TaxiAlgorithmP2PCollector,1,10000,5,25,1,nearest,1,4,1,BASELINE,3,116264428,Client Travel Time [min],580.0,8889.0,2548.68,63717.0,25,8309.0
2026-05-08T14:24:55.330572400Z,TaxiAlgorithmP2PCollector,1,10000,5,25,1,nearest,1,4,1,BASELINE,3,116264428,Calculation Time [millis],0.0,0.0,0.03,353.0,12164,0.0
2026-05-08T14:24:55.330572400Z,TaxiAlgorithmP2PCollector,1,10000,5,25,1,nearest,1,4,1,BASELINE,3,116264428,Custom Time [micros],0.0,0.0,0.0,0.0,12164,0.0
2026-05-08T14:24:56.282591Z,TaxiAlgorithmP2PCollector,1,10000,5,25,1,nearest,1,4,1,BASELINE,4,116264429,Taxi Travel Distance [km],34.94,255.52,140.02,700.09,5,220.58
2026-05-08T14:24:56.282591Z,TaxiAlgorithmP2PCollector,1,10000,5,25,1,nearest,1,4,1,BASELINE,4,116264429,Client Waiting Time [min],3.73,134.48,42.21,844.22,20,130.75
2026-05-08T14:24:56.282591Z,TaxiAlgorithmP2PCollector,1,10000,5,25,1,nearest,1,4,1,BASELINE,4,116264429,Client Travel Time [min],970.0,20094.0,5677.64,141941.0,25,19124.0
2026-05-08T14:24:56.282591Z,TaxiAlgorithmP2PCollector,1,10000,5,25,1,nearest,1,4,1,BASELINE,4,116264429,Calculation Time [millis],0.0,27.0,0.03,862.0,25091,27.0
2026-05-08T14:24:56.282591Z,TaxiAlgorithmP2PCollector,1,10000,5,25,1,nearest,1,4,1,BASELINE,4,116264429,Custom Time [micros],0.0,0.0,0.0,0.0,25091,0.0
2026-05-08T14:24:56.653348Z,TaxiAlgorithmP2PCollector,1,10000,5,25,1,nearest,1,4,1,BASELINE,5,116264430,Taxi Travel Distance [km],182.79,201.18,193.14,965.7,5,18.390000000000015
2026-05-08T14:24:56.653348Z,TaxiAlgorithmP2PCollector,1,10000,5,25,1,nearest,1,4,1,BASELINE,5,116264430,Client Waiting Time [min],3.82,118.18,40.48,1012.0,25,114.36000000000001
2026-05-08T14:24:56.653348Z,TaxiAlgorithmP2PCollector,1,10000,5,25,1,nearest,1,4,1,BASELINE,5,116264430,Client Travel Time [min],713.0,7192.0,3260.52,81513.0,25,6479.0
2026-05-08T14:24:56.653348Z,TaxiAlgorithmP2PCollector,1,10000,5,25,1,nearest,1,4,1,BASELINE,5,116264430,Calculation Time [millis],0.0,0.0,0.03,282.0,10932,0.0
2026-05-08T14:24:56.653348Z,TaxiAlgorithmP2PCollector,1,10000,5,25,1,nearest,1,4,1,BASELINE,5,116264430,Custom Time [micros],0.0,0.0,0.0,0.0,10932,0.0
2026-05-08T14:24:56.951631800Z,TaxiAlgorithmP2PCollector,1,10000,5,25,1,nearest,1,4,1,BASELINE,6,116264431,Taxi Travel Distance [km],150.0,208.2,171.54,857.7,5,58.19999999999999
2026-05-08T14:24:56.951631800Z,TaxiAlgorithmP2PCollector,1,10000,5,25,1,nearest,1,4,1,BASELINE,6,116264431,Client Waiting Time [min],1.38,89.35,27.15,678.77,25,87.97
2026-05-08T14:24:56.951631800Z,TaxiAlgorithmP2PCollector,1,10000,5,25,1,nearest,1,4,1,BASELINE,6,116264431,Client Travel Time [min],780.0,6266.0,2537.88,63447.0,25,5486.0
2026-05-08T14:24:56.951631800Z,TaxiAlgorithmP2PCollector,1,10000,5,25,1,nearest,1,4,1,BASELINE,6,116264431,Calculation Time [millis],0.0,0.0,0.02,222.0,9990,0.0
2026-05-08T14:24:56.951631800Z,TaxiAlgorithmP2PCollector,1,10000,5,25,1,nearest,1,4,1,BASELINE,6,116264431,Custom Time [micros],0.0,0.0,0.0,0.0,9990,0.0
2026-05-08T14:24:57.260523Z,TaxiAlgorithmP2PCollector,1,10000,5,25,1,nearest,1,4,1,BASELINE,7,116264432,Taxi Travel Distance [km],85.2,216.75,169.6,847.98,5,131.55
2026-05-08T14:24:57.260523Z,TaxiAlgorithmP2PCollector,1,10000,5,25,1,nearest,1,4,1,BASELINE,7,116264432,Client Waiting Time [min],0.52,116.93,26.48,662.0,25,116.41000000000001
2026-05-08T14:24:57.260523Z,TaxiAlgorithmP2PCollector,1,10000,5,25,1,nearest,1,4,1,BASELINE,7,116264432,Client Travel Time [min],160.0,8163.0,2499.72,62493.0,25,8003.0
2026-05-08T14:24:57.260523Z,TaxiAlgorithmP2PCollector,1,10000,5,25,1,nearest,1,4,1,BASELINE,7,116264432,Calculation Time [millis],0.0,0.0,0.02,249.0,10169,0.0
2026-05-08T14:24:57.260523Z,TaxiAlgorithmP2PCollector,1,10000,5,25,1,nearest,1,4,1,BASELINE,7,116264432,Custom Time [micros],0.0,0.0,0.0,0.0,10169,0.0
2026-05-08T14:24:58.786043700Z,TaxiAlgorithmP2PCollector,1,10000,5,25,1,nearest,1,4,1,BASELINE,8,116264433,Taxi Travel Distance [km],82.08,213.34,143.22,716.1,5,131.26
2026-05-08T14:24:58.786043700Z,TaxiAlgorithmP2PCollector,1,10000,5,25,1,nearest,1,4,1,BASELINE,8,116264433,Client Waiting Time [min],1.25,108.83,39.74,755.0,19,107.58
2026-05-08T14:24:58.786043700Z,TaxiAlgorithmP2PCollector,1,10000,5,25,1,nearest,1,4,1,BASELINE,8,116264433,Client Travel Time [min],619.0,37832.0,5828.72,145718.0,25,37213.0
2026-05-08T14:24:58.786043700Z,TaxiAlgorithmP2PCollector,1,10000,5,25,1,nearest,1,4,1,BASELINE,8,116264433,Calculation Time [millis],0.0,11.0,0.03,1389.0,42368,11.0
2026-05-08T14:24:58.786043700Z,TaxiAlgorithmP2PCollector,1,10000,5,25,1,nearest,1,4,1,BASELINE,8,116264433,Custom Time [micros],0.0,0.0,0.0,0.0,42368,0.0
2026-05-08T14:24:59.588192900Z,TaxiAlgorithmP2PCollector,1,10000,5,25,1,nearest,1,4,1,BASELINE,9,116264434,Taxi Travel Distance [km],161.77,211.91,182.83,914.15,5,50.139999999999986
2026-05-08T14:24:59.588192900Z,TaxiAlgorithmP2PCollector,1,10000,5,25,1,nearest,1,4,1,BASELINE,9,116264434,Client Waiting Time [min],3.4,127.97,34.83,731.38,21,124.57
2026-05-08T14:24:59.588192900Z,TaxiAlgorithmP2PCollector,1,10000,5,25,1,nearest,1,4,1,BASELINE,9,116264434,Client Travel Time [min],848.0,18063.0,4443.32,111083.0,25,17215.0
2026-05-08T14:24:59.588192900Z,TaxiAlgorithmP2PCollector,1,10000,5,25,1,nearest,1,4,1,BASELINE,9,116264434,Calculation Time [millis],0.0,10.0,0.03,660.0,20418,10.0
2026-05-08T14:24:59.588192900Z,TaxiAlgorithmP2PCollector,1,10000,5,25,1,nearest,1,4,1,BASELINE,9,116264434,Custom Time [micros],0.0,0.0,0.0,0.0,20418,0.0
2026-05-08T14:25:00.084356800Z,TaxiAlgorithmP2PCollector,1,10000,5,25,1,nearest,1,4,1,BASELINE,10,116264435,Taxi Travel Distance [km],180.8,292.6,252.86,1264.31,5,111.80000000000001
2026-05-08T14:25:00.084356800Z,TaxiAlgorithmP2PCollector,1,10000,5,25,1,nearest,1,4,1,BASELINE,10,116264435,Client Waiting Time [min],2.22,174.8,35.15,843.53,24,172.58
2026-05-08T14:25:00.084356800Z,TaxiAlgorithmP2PCollector,1,10000,5,25,1,nearest,1,4,1,BASELINE,10,116264435,Client Travel Time [min],774.0,10973.0,3079.64,76991.0,25,10199.0
2026-05-08T14:25:00.084356800Z,TaxiAlgorithmP2PCollector,1,10000,5,25,1,nearest,1,4,1,BASELINE,10,116264435,Calculation Time [millis],0.0,0.0,0.03,400.0,13650,0.0
2026-05-08T14:25:00.084356800Z,TaxiAlgorithmP2PCollector,1,10000,5,25,1,nearest,1,4,1,BASELINE,10,116264435,Custom Time [micros],0.0,0.0,0.0,0.0,13650,0.0
2026-05-08T14:25:00.398966200Z,TaxiAlgorithmP2PCollector,1,10000,10,25,1,nearest,1,4,1,BASELINE,1,116264426,Taxi Travel Distance [km],54.56,124.96,83.65,836.52,10,70.39999999999999
2026-05-08T14:25:00.398966200Z,TaxiAlgorithmP2PCollector,1,10000,10,25,1,nearest,1,4,1,BASELINE,1,116264426,Client Waiting Time [min],1.15,24.5,7.79,194.68,25,23.35
2026-05-08T14:25:00.398966200Z,TaxiAlgorithmP2PCollector,1,10000,10,25,1,nearest,1,4,1,BASELINE,1,116264426,Client Travel Time [min],593.0,2126.0,1319.08,32977.0,25,1533.0
2026-05-08T14:25:00.398966200Z,TaxiAlgorithmP2PCollector,1,10000,10,25,1,nearest,1,4,1,BASELINE,1,116264426,Calculation Time [millis],0.0,0.0,0.03,225.0,6669,0.0
2026-05-08T14:25:00.398966200Z,TaxiAlgorithmP2PCollector,1,10000,10,25,1,nearest,1,4,1,BASELINE,1,116264426,Custom Time [micros],0.0,0.0,0.0,0.0,6669,0.0
2026-05-08T14:25:00.974007600Z,TaxiAlgorithmP2PCollector,1,10000,10,25,1,nearest,1,4,1,BASELINE,2,116264427,Taxi Travel Distance [km],5.35,127.36,98.07,980.69,10,122.01
2026-05-08T14:25:00.974007600Z,TaxiAlgorithmP2PCollector,1,10000,10,25,1,nearest,1,4,1,BASELINE,2,116264427,Client Waiting Time [min],0.73,71.2,17.46,436.38,25,70.47
2026-05-08T14:25:00.974007600Z,TaxiAlgorithmP2PCollector,1,10000,10,25,1,nearest,1,4,1,BASELINE,2,116264427,Client Travel Time [min],206.0,5151.0,1887.08,47177.0,25,4945.0
2026-05-08T14:25:00.974007600Z,TaxiAlgorithmP2PCollector,1,10000,10,25,1,nearest,1,4,1,BASELINE,2,116264427,Calculation Time [millis],0.0,8.0,0.07,496.0,6899,8.0
2026-05-08T14:25:00.974007600Z,TaxiAlgorithmP2PCollector,1,10000,10,25,1,nearest,1,4,1,BASELINE,2,116264427,Custom Time [micros],0.0,0.0,0.0,0.0,6899,0.0
2026-05-08T14:25:01.396434800Z,TaxiAlgorithmP2PCollector,1,10000,10,25,1,nearest,1,4,1,BASELINE,3,116264428,Taxi Travel Distance [km],35.23,115.35,82.22,822.16,10,80.12
2026-05-08T14:25:01.396434800Z,TaxiAlgorithmP2PCollector,1,10000,10,25,1,nearest,1,4,1,BASELINE,3,116264428,Client Waiting Time [min],0.75,34.3,9.12,228.12,25,33.55
2026-05-08T14:25:01.396434800Z,TaxiAlgorithmP2PCollector,1,10000,10,25,1,nearest,1,4,1,BASELINE,3,116264428,Client Travel Time [min],554.0,3447.0,1256.64,31416.0,25,2893.0
2026-05-08T14:25:01.396434800Z,TaxiAlgorithmP2PCollector,1,10000,10,25,1,nearest,1,4,1,BASELINE,3,116264428,Calculation Time [millis],0.0,0.0,0.05,327.0,6500,0.0
2026-05-08T14:25:01.396434800Z,TaxiAlgorithmP2PCollector,1,10000,10,25,1,nearest,1,4,1,BASELINE,3,116264428,Custom Time [micros],0.0,0.0,0.0,0.0,6500,0.0
2026-05-08T14:25:01.978300300Z,TaxiAlgorithmP2PCollector,1,10000,10,25,1,nearest,1,4,1,BASELINE,4,116264429,Taxi Travel Distance [km],45.35,142.99,102.07,1020.67,10,97.64000000000001
2026-05-08T14:25:01.978300300Z,TaxiAlgorithmP2PCollector,1,10000,10,25,1,nearest,1,4,1,BASELINE,4,116264429,Client Waiting Time [min],1.48,40.72,14.16,354.0,25,39.24
2026-05-08T14:25:01.978300300Z,TaxiAlgorithmP2PCollector,1,10000,10,25,1,nearest,1,4,1,BASELINE,4,116264429,Client Travel Time [min],365.0,3499.0,1690.68,42267.0,25,3134.0
2026-05-08T14:25:01.978300300Z,TaxiAlgorithmP2PCollector,1,10000,10,25,1,nearest,1,4,1,BASELINE,4,116264429,Calculation Time [millis],0.0,0.0,0.07,498.0,7117,0.0
2026-05-08T14:25:01.978300300Z,TaxiAlgorithmP2PCollector,1,10000,10,25,1,nearest,1,4,1,BASELINE,4,116264429,Custom Time [micros],0.0,0.0,0.0,0.0,7117,0.0
2026-05-08T14:25:02.623250900Z,TaxiAlgorithmP2PCollector,1,10000,10,25,1,nearest,1,4,1,BASELINE,5,116264430,Taxi Travel Distance [km],72.69,142.08,103.05,1030.5,10,69.39000000000001
2026-05-08T14:25:02.623250900Z,TaxiAlgorithmP2PCollector,1,10000,10,25,1,nearest,1,4,1,BASELINE,5,116264430,Client Waiting Time [min],1.28,48.6,12.7,317.45,25,47.32
2026-05-08T14:25:02.623250900Z,TaxiAlgorithmP2PCollector,1,10000,10,25,1,nearest,1,4,1,BASELINE,5,116264430,Client Travel Time [min],700.0,4301.0,1651.24,41281.0,25,3601.0
2026-05-08T14:25:02.623250900Z,TaxiAlgorithmP2PCollector,1,10000,10,25,1,nearest,1,4,1,BASELINE,5,116264430,Calculation Time [millis],0.0,11.0,0.06,520.0,8440,11.0
2026-05-08T14:25:02.623250900Z,TaxiAlgorithmP2PCollector,1,10000,10,25,1,nearest,1,4,1,BASELINE,5,116264430,Custom Time [micros],0.0,0.0,0.0,0.0,8440,0.0
2026-05-08T14:25:03.304550300Z,TaxiAlgorithmP2PCollector,1,10000,10,25,1,nearest,1,4,1,BASELINE,6,116264431,Taxi Travel Distance [km],104.35,199.51,137.36,1373.55,10,95.16
2026-05-08T14:25:03.304550300Z,TaxiAlgorithmP2PCollector,1,10000,10,25,1,nearest,1,4,1,BASELINE,6,116264431,Client Waiting Time [min],1.17,68.52,13.29,332.27,25,67.35
2026-05-08T14:25:03.304550300Z,TaxiAlgorithmP2PCollector,1,10000,10,25,1,nearest,1,4,1,BASELINE,6,116264431,Client Travel Time [min],295.0,5074.0,1848.12,46203.0,25,4779.0
2026-05-08T14:25:03.304550300Z,TaxiAlgorithmP2PCollector,1,10000,10,25,1,nearest,1,4,1,BASELINE,6,116264431,Calculation Time [millis],0.0,0.0,0.06,579.0,9383,0.0
2026-05-08T14:25:03.304550300Z,TaxiAlgorithmP2PCollector,1,10000,10,25,1,nearest,1,4,1,BASELINE,6,116264431,Custom Time [micros],0.0,0.0,0.0,0.0,9383,0.0
2026-05-08T14:25:06.953617600Z,TaxiAlgorithmP2PCollector,1,10000,10,25,1,nearest,1,4,1,BASELINE,7,116264432,Taxi Travel Distance [km],11.31,205.57,117.2,1171.97,10,194.26
2026-05-08T14:25:06.953617600Z,TaxiAlgorithmP2PCollector,1,10000,10,25,1,nearest,1,4,1,BASELINE,7,116264432,Client Waiting Time [min],0.52,501.47,33.19,829.75,25,500.95000000000005
2026-05-08T14:25:06.953617600Z,TaxiAlgorithmP2PCollector,1,10000,10,25,1,nearest,1,4,1,BASELINE,7,116264432,Client Travel Time [min],160.0,30271.0,2918.96,72974.0,25,30111.0
2026-05-08T14:25:06.953617600Z,TaxiAlgorithmP2PCollector,1,10000,10,25,1,nearest,1,4,1,BASELINE,7,116264432,Calculation Time [millis],0.0,66.0,0.1,3503.0,34209,66.0
2026-05-08T14:25:06.953617600Z,TaxiAlgorithmP2PCollector,1,10000,10,25,1,nearest,1,4,1,BASELINE,7,116264432,Custom Time [micros],0.0,0.0,0.0,0.0,34209,0.0
2026-05-08T14:25:07.896567700Z,TaxiAlgorithmP2PCollector,1,10000,10,25,1,nearest,1,4,1,BASELINE,8,116264433,Taxi Travel Distance [km],36.84,159.08,111.03,1110.34,10,122.24000000000001
2026-05-08T14:25:07.896567700Z,TaxiAlgorithmP2PCollector,1,10000,10,25,1,nearest,1,4,1,BASELINE,8,116264433,Client Waiting Time [min],0.73,102.5,22.07,551.67,25,101.77
2026-05-08T14:25:07.896567700Z,TaxiAlgorithmP2PCollector,1,10000,10,25,1,nearest,1,4,1,BASELINE,8,116264433,Client Travel Time [min],534.0,6600.0,2213.88,55347.0,25,6066.0
2026-05-08T14:25:07.896567700Z,TaxiAlgorithmP2PCollector,1,10000,10,25,1,nearest,1,4,1,BASELINE,8,116264433,Calculation Time [millis],0.0,4.0,0.08,716.0,8555,4.0
2026-05-08T14:25:07.896567700Z,TaxiAlgorithmP2PCollector,1,10000,10,25,1,nearest,1,4,1,BASELINE,8,116264433,Custom Time [micros],0.0,0.0,0.0,0.0,8555,0.0
2026-05-08T14:25:08.415618700Z,TaxiAlgorithmP2PCollector,1,10000,10,25,1,nearest,1,4,1,BASELINE,9,116264434,Taxi Travel Distance [km],76.58,123.68,106.07,1060.69,10,47.10000000000001
2026-05-08T14:25:08.415618700Z,TaxiAlgorithmP2PCollector,1,10000,10,25,1,nearest,1,4,1,BASELINE,9,116264434,Client Waiting Time [min],0.58,53.12,11.64,291.03,25,52.54
2026-05-08T14:25:08.415618700Z,TaxiAlgorithmP2PCollector,1,10000,10,25,1,nearest,1,4,1,BASELINE,9,116264434,Client Travel Time [min],270.0,4194.0,1537.2,38430.0,25,3924.0
2026-05-08T14:25:08.415618700Z,TaxiAlgorithmP2PCollector,1,10000,10,25,1,nearest,1,4,1,BASELINE,9,116264434,Calculation Time [millis],0.0,0.0,0.06,398.0,7053,0.0
2026-05-08T14:25:08.415618700Z,TaxiAlgorithmP2PCollector,1,10000,10,25,1,nearest,1,4,1,BASELINE,9,116264434,Custom Time [micros],0.0,0.0,0.0,0.0,7053,0.0
2026-05-08T14:25:08.951535600Z,TaxiAlgorithmP2PCollector,1,10000,10,25,1,nearest,1,4,1,BASELINE,10,116264435,Taxi Travel Distance [km],81.18,138.91,118.71,1187.06,10,57.72999999999999
2026-05-08T14:25:08.951535600Z,TaxiAlgorithmP2PCollector,1,10000,10,25,1,nearest,1,4,1,BASELINE,10,116264435,Client Waiting Time [min],1.92,49.87,11.01,275.37,25,47.949999999999996
2026-05-08T14:25:08.951535600Z,TaxiAlgorithmP2PCollector,1,10000,10,25,1,nearest,1,4,1,BASELINE,10,116264435,Client Travel Time [min],442.0,4319.0,1591.4,39785.0,25,3877.0
2026-05-08T14:25:08.951535600Z,TaxiAlgorithmP2PCollector,1,10000,10,25,1,nearest,1,4,1,BASELINE,10,116264435,Calculation Time [millis],0.0,14.0,0.05,455.0,8467,14.0
2026-05-08T14:25:08.951535600Z,TaxiAlgorithmP2PCollector,1,10000,10,25,1,nearest,1,4,1,BASELINE,10,116264435,Custom Time [micros],0.0,0.0,0.0,0.0,8467,0.0
2026-05-08T14:25:09.837364200Z,TaxiAlgorithmP2PCollector,1,10000,10,50,1,nearest,1,4,1,BASELINE,1,116264426,Taxi Travel Distance [km],101.9,193.36,166.22,1662.17,10,91.46000000000001
2026-05-08T14:25:09.837364200Z,TaxiAlgorithmP2PCollector,1,10000,10,50,1,nearest,1,4,1,BASELINE,1,116264426,Client Waiting Time [min],2.25,111.67,23.26,1116.68,48,109.42
2026-05-08T14:25:09.837364200Z,TaxiAlgorithmP2PCollector,1,10000,10,50,1,nearest,1,4,1,BASELINE,1,116264426,Client Travel Time [min],661.0,7231.0,2242.38,112119.0,50,6570.0
2026-05-08T14:25:09.837364200Z,TaxiAlgorithmP2PCollector,1,10000,10,50,1,nearest,1,4,1,BASELINE,1,116264426,Calculation Time [millis],0.0,0.0,0.09,796.0,8992,0.0
2026-05-08T14:25:09.837364200Z,TaxiAlgorithmP2PCollector,1,10000,10,50,1,nearest,1,4,1,BASELINE,1,116264426,Custom Time [micros],0.0,0.0,0.0,0.0,8992,0.0
2026-05-08T14:25:10.849874600Z,TaxiAlgorithmP2PCollector,1,10000,10,50,1,nearest,1,4,1,BASELINE,2,116264427,Taxi Travel Distance [km],137.13,180.67,166.23,1662.29,10,43.53999999999999
2026-05-08T14:25:10.849874600Z,TaxiAlgorithmP2PCollector,1,10000,10,50,1,nearest,1,4,1,BASELINE,2,116264427,Client Waiting Time [min],1.42,118.95,22.48,1101.47,49,117.53
2026-05-08T14:25:10.849874600Z,TaxiAlgorithmP2PCollector,1,10000,10,50,1,nearest,1,4,1,BASELINE,2,116264427,Client Travel Time [min],285.0,7221.0,2141.18,107059.0,50,6936.0
2026-05-08T14:25:10.849874600Z,TaxiAlgorithmP2PCollector,1,10000,10,50,1,nearest,1,4,1,BASELINE,2,116264427,Calculation Time [millis],0.0,19.0,0.1,852.0,8357,19.0
2026-05-08T14:25:10.849874600Z,TaxiAlgorithmP2PCollector,1,10000,10,50,1,nearest,1,4,1,BASELINE,2,116264427,Custom Time [micros],0.0,0.0,0.0,0.0,8357,0.0
2026-05-08T14:25:11.786321400Z,TaxiAlgorithmP2PCollector,1,10000,10,50,1,nearest,1,4,1,BASELINE,3,116264428,Taxi Travel Distance [km],117.59,212.29,149.42,1494.21,10,94.69999999999999
2026-05-08T14:25:11.786321400Z,TaxiAlgorithmP2PCollector,1,10000,10,50,1,nearest,1,4,1,BASELINE,3,116264428,Client Waiting Time [min],0.38,93.9,21.57,1078.37,50,93.52000000000001
2026-05-08T14:25:11.786321400Z,TaxiAlgorithmP2PCollector,1,10000,10,50,1,nearest,1,4,1,BASELINE,3,116264428,Client Travel Time [min],580.0,6782.0,2088.62,104431.0,50,6202.0
2026-05-08T14:25:11.786321400Z,TaxiAlgorithmP2PCollector,1,10000,10,50,1,nearest,1,4,1,BASELINE,3,116264428,Calculation Time [millis],0.0,0.0,0.08,826.0,10067,0.0
2026-05-08T14:25:11.786321400Z,TaxiAlgorithmP2PCollector,1,10000,10,50,1,nearest,1,4,1,BASELINE,3,116264428,Custom Time [micros],0.0,0.0,0.0,0.0,10067,0.0
2026-05-08T14:25:12.925014Z,TaxiAlgorithmP2PCollector,1,10000,10,50,1,nearest,1,4,1,BASELINE,4,116264429,Taxi Travel Distance [km],124.28,197.64,170.87,1708.75,10,73.35999999999999
2026-05-08T14:25:12.925014Z,TaxiAlgorithmP2PCollector,1,10000,10,50,1,nearest,1,4,1,BASELINE,4,116264429,Client Waiting Time [min],1.48,92.9,23.58,1155.33,49,91.42
2026-05-08T14:25:12.925014Z,TaxiAlgorithmP2PCollector,1,10000,10,50,1,nearest,1,4,1,BASELINE,4,116264429,Client Travel Time [min],437.0,6469.0,2334.64,116732.0,50,6032.0
2026-05-08T14:25:12.925014Z,TaxiAlgorithmP2PCollector,1,10000,10,50,1,nearest,1,4,1,BASELINE,4,116264429,Calculation Time [millis],0.0,15.0,0.1,990.0,9676,15.0
2026-05-08T14:25:12.925014Z,TaxiAlgorithmP2PCollector,1,10000,10,50,1,nearest,1,4,1,BASELINE,4,116264429,Custom Time [micros],0.0,0.0,0.0,0.0,9676,0.0
2026-05-08T14:25:13.922755300Z,TaxiAlgorithmP2PCollector,1,10000,10,50,1,nearest,1,4,1,BASELINE,5,116264430,Taxi Travel Distance [km],114.16,194.24,163.42,1634.17,10,80.08000000000001
2026-05-08T14:25:13.922755300Z,TaxiAlgorithmP2PCollector,1,10000,10,50,1,nearest,1,4,1,BASELINE,5,116264430,Client Waiting Time [min],3.42,124.92,37.7,1884.88,50,121.5
2026-05-08T14:25:13.922755300Z,TaxiAlgorithmP2PCollector,1,10000,10,50,1,nearest,1,4,1,BASELINE,5,116264430,Client Travel Time [min],657.0,8440.0,3126.66,156333.0,50,7783.0
2026-05-08T14:25:13.922755300Z,TaxiAlgorithmP2PCollector,1,10000,10,50,1,nearest,1,4,1,BASELINE,5,116264430,Calculation Time [millis],0.0,0.0,0.08,845.0,10024,0.0
2026-05-08T14:25:13.922755300Z,TaxiAlgorithmP2PCollector,1,10000,10,50,1,nearest,1,4,1,BASELINE,5,116264430,Custom Time [micros],0.0,0.0,0.0,0.0,10024,0.0
2026-05-08T14:25:14.878964400Z,TaxiAlgorithmP2PCollector,1,10000,10,50,1,nearest,1,4,1,BASELINE,6,116264431,Taxi Travel Distance [km],144.05,197.15,170.59,1705.93,10,53.099999999999994
2026-05-08T14:25:14.878964400Z,TaxiAlgorithmP2PCollector,1,10000,10,50,1,nearest,1,4,1,BASELINE,6,116264431,Client Waiting Time [min],0.57,85.42,24.56,1228.02,50,84.85000000000001
2026-05-08T14:25:14.878964400Z,TaxiAlgorithmP2PCollector,1,10000,10,50,1,nearest,1,4,1,BASELINE,6,116264431,Client Travel Time [min],249.0,6405.0,2446.18,122309.0,50,6156.0
2026-05-08T14:25:14.878964400Z,TaxiAlgorithmP2PCollector,1,10000,10,50,1,nearest,1,4,1,BASELINE,6,116264431,Calculation Time [millis],0.0,6.0,0.09,809.0,9233,6.0
2026-05-08T14:25:14.878964400Z,TaxiAlgorithmP2PCollector,1,10000,10,50,1,nearest,1,4,1,BASELINE,6,116264431,Custom Time [micros],0.0,0.0,0.0,0.0,9233,0.0
2026-05-08T14:25:16.435260600Z,TaxiAlgorithmP2PCollector,1,10000,10,50,1,nearest,1,4,1,BASELINE,7,116264432,Taxi Travel Distance [km],22.56,271.14,175.41,1754.09,10,248.57999999999998
2026-05-08T14:25:16.435260600Z,TaxiAlgorithmP2PCollector,1,10000,10,50,1,nearest,1,4,1,BASELINE,7,116264432,Client Waiting Time [min],0.52,172.37,38.47,1885.08,49,171.85
2026-05-08T14:25:16.435260600Z,TaxiAlgorithmP2PCollector,1,10000,10,50,1,nearest,1,4,1,BASELINE,7,116264432,Client Travel Time [min],160.0,10786.0,3108.66,155433.0,50,10626.0
2026-05-08T14:25:16.435260600Z,TaxiAlgorithmP2PCollector,1,10000,10,50,1,nearest,1,4,1,BASELINE,7,116264432,Calculation Time [millis],0.0,30.0,0.1,1399.0,13752,30.0
2026-05-08T14:25:16.435260600Z,TaxiAlgorithmP2PCollector,1,10000,10,50,1,nearest,1,4,1,BASELINE,7,116264432,Custom Time [micros],0.0,0.0,0.0,0.0,13752,0.0
2026-05-08T14:25:17.713566300Z,TaxiAlgorithmP2PCollector,1,10000,10,50,1,nearest,1,4,1,BASELINE,8,116264433,Taxi Travel Distance [km],119.7,239.28,176.85,1768.5,10,119.58
2026-05-08T14:25:17.713566300Z,TaxiAlgorithmP2PCollector,1,10000,10,50,1,nearest,1,4,1,BASELINE,8,116264433,Client Waiting Time [min],1.3,155.73,34.49,1690.05,49,154.42999999999998
2026-05-08T14:25:17.713566300Z,TaxiAlgorithmP2PCollector,1,10000,10,50,1,nearest,1,4,1,BASELINE,8,116264433,Client Travel Time [min],560.0,9668.0,2912.1,145605.0,50,9108.0
2026-05-08T14:25:17.713566300Z,TaxiAlgorithmP2PCollector,1,10000,10,50,1,nearest,1,4,1,BASELINE,8,116264433,Calculation Time [millis],0.0,31.0,0.1,1144.0,11440,31.0
2026-05-08T14:25:17.713566300Z,TaxiAlgorithmP2PCollector,1,10000,10,50,1,nearest,1,4,1,BASELINE,8,116264433,Custom Time [micros],0.0,0.0,0.0,0.0,11440,0.0
2026-05-08T14:25:18.463474900Z,TaxiAlgorithmP2PCollector,1,10000,10,50,1,nearest,1,4,1,BASELINE,9,116264434,Taxi Travel Distance [km],128.48,185.05,153.18,1531.79,10,56.57000000000002
2026-05-08T14:25:18.463474900Z,TaxiAlgorithmP2PCollector,1,10000,10,50,1,nearest,1,4,1,BASELINE,9,116264434,Client Waiting Time [min],0.25,106.8,20.63,1031.63,50,106.55
2026-05-08T14:25:18.463474900Z,TaxiAlgorithmP2PCollector,1,10000,10,50,1,nearest,1,4,1,BASELINE,9,116264434,Client Travel Time [min],91.0,7514.0,2114.02,105701.0,50,7423.0
2026-05-08T14:25:18.463474900Z,TaxiAlgorithmP2PCollector,1,10000,10,50,1,nearest,1,4,1,BASELINE,9,116264434,Calculation Time [millis],0.0,0.0,0.07,653.0,9213,0.0
2026-05-08T14:25:18.463474900Z,TaxiAlgorithmP2PCollector,1,10000,10,50,1,nearest,1,4,1,BASELINE,9,116264434,Custom Time [micros],0.0,0.0,0.0,0.0,9213,0.0
2026-05-08T14:25:19.513337Z,TaxiAlgorithmP2PCollector,1,10000,10,50,1,nearest,1,4,1,BASELINE,10,116264435,Taxi Travel Distance [km],83.99,199.91,169.9,1699.03,10,115.92
2026-05-08T14:25:19.513337Z,TaxiAlgorithmP2PCollector,1,10000,10,50,1,nearest,1,4,1,BASELINE,10,116264435,Client Waiting Time [min],0.58,81.83,20.56,986.78,48,81.25
2026-05-08T14:25:19.513337Z,TaxiAlgorithmP2PCollector,1,10000,10,50,1,nearest,1,4,1,BASELINE,10,116264435,Client Travel Time [min],474.0,6644.0,2322.66,116133.0,50,6170.0
2026-05-08T14:25:19.513337Z,TaxiAlgorithmP2PCollector,1,10000,10,50,1,nearest,1,4,1,BASELINE,10,116264435,Calculation Time [millis],0.0,23.0,0.09,892.0,9687,23.0
2026-05-08T14:25:19.513337Z,TaxiAlgorithmP2PCollector,1,10000,10,50,1,nearest,1,4,1,BASELINE,10,116264435,Custom Time [micros],0.0,0.0,0.0,0.0,9687,0.0
2026-05-08T14:25:20.933021700Z,TaxiAlgorithmP2PCollector,1,10000,20,50,1,nearest,1,4,1,BASELINE,1,116264426,Taxi Travel Distance [km],53.58,127.84,96.26,1925.2,20,74.26
2026-05-08T14:25:20.933021700Z,TaxiAlgorithmP2PCollector,1,10000,20,50,1,nearest,1,4,1,BASELINE,1,116264426,Client Waiting Time [min],0.87,39.3,9.46,472.95,50,38.43
2026-05-08T14:25:20.933021700Z,TaxiAlgorithmP2PCollector,1,10000,20,50,1,nearest,1,4,1,BASELINE,1,116264426,Client Travel Time [min],333.0,3464.0,1419.5,70975.0,50,3131.0
2026-05-08T14:25:20.933021700Z,TaxiAlgorithmP2PCollector,1,10000,20,50,1,nearest,1,4,1,BASELINE,1,116264426,Calculation Time [millis],0.0,1.0,0.18,1327.0,7337,1.0
2026-05-08T14:25:20.933021700Z,TaxiAlgorithmP2PCollector,1,10000,20,50,1,nearest,1,4,1,BASELINE,1,116264426,Custom Time [micros],0.0,0.0,0.0,0.0,7337,0.0
2026-05-08T14:25:22.661587500Z,TaxiAlgorithmP2PCollector,1,10000,20,50,1,nearest,1,4,1,BASELINE,2,116264427,Taxi Travel Distance [km],67.0,127.96,104.47,2089.3,20,60.959999999999994
2026-05-08T14:25:22.661587500Z,TaxiAlgorithmP2PCollector,1,10000,20,50,1,nearest,1,4,1,BASELINE,2,116264427,Client Waiting Time [min],1.5,36.12,10.45,522.3,50,34.62
2026-05-08T14:25:22.661587500Z,TaxiAlgorithmP2PCollector,1,10000,20,50,1,nearest,1,4,1,BASELINE,2,116264427,Client Travel Time [min],517.0,3156.0,1498.72,74936.0,50,2639.0
2026-05-08T14:25:22.661587500Z,TaxiAlgorithmP2PCollector,1,10000,20,50,1,nearest,1,4,1,BASELINE,2,116264427,Calculation Time [millis],0.0,3.0,0.23,1515.0,6587,3.0
2026-05-08T14:25:22.661587500Z,TaxiAlgorithmP2PCollector,1,10000,20,50,1,nearest,1,4,1,BASELINE,2,116264427,Custom Time [micros],0.0,0.0,0.0,0.0,6587,0.0
2026-05-08T14:25:24.449593200Z,TaxiAlgorithmP2PCollector,1,10000,20,50,1,nearest,1,4,1,BASELINE,3,116264428,Taxi Travel Distance [km],32.47,128.32,100.06,2001.11,20,95.85
2026-05-08T14:25:24.449593200Z,TaxiAlgorithmP2PCollector,1,10000,20,50,1,nearest,1,4,1,BASELINE,3,116264428,Client Waiting Time [min],0.37,37.2,10.41,520.35,50,36.830000000000005
2026-05-08T14:25:24.449593200Z,TaxiAlgorithmP2PCollector,1,10000,20,50,1,nearest,1,4,1,BASELINE,3,116264428,Client Travel Time [min],588.0,2844.0,1507.84,75392.0,50,2256.0
2026-05-08T14:25:24.449593200Z,TaxiAlgorithmP2PCollector,1,10000,20,50,1,nearest,1,4,1,BASELINE,3,116264428,Calculation Time [millis],0.0,3.0,0.21,1579.0,7362,3.0
2026-05-08T14:25:24.449593200Z,TaxiAlgorithmP2PCollector,1,10000,20,50,1,nearest,1,4,1,BASELINE,3,116264428,Custom Time [micros],0.0,0.0,0.0,0.0,7362,0.0
2026-05-08T14:25:26.602886100Z,TaxiAlgorithmP2PCollector,1,10000,20,50,1,nearest,1,4,1,BASELINE,4,116264429,Taxi Travel Distance [km],24.68,133.51,105.04,2100.78,20,108.82999999999998
2026-05-08T14:25:26.602886100Z,TaxiAlgorithmP2PCollector,1,10000,20,50,1,nearest,1,4,1,BASELINE,4,116264429,Client Waiting Time [min],0.52,34.17,10.17,508.47,50,33.65
2026-05-08T14:25:26.602886100Z,TaxiAlgorithmP2PCollector,1,10000,20,50,1,nearest,1,4,1,BASELINE,4,116264429,Client Travel Time [min],93.0,3333.0,1450.08,72504.0,50,3240.0
2026-05-08T14:25:26.602886100Z,TaxiAlgorithmP2PCollector,1,10000,20,50,1,nearest,1,4,1,BASELINE,4,116264429,Calculation Time [millis],0.0,53.0,0.27,1918.0,7059,53.0
2026-05-08T14:25:26.602886100Z,TaxiAlgorithmP2PCollector,1,10000,20,50,1,nearest,1,4,1,BASELINE,4,116264429,Custom Time [micros],0.0,0.0,0.0,0.0,7059,0.0
2026-05-08T14:25:29.135333Z,TaxiAlgorithmP2PCollector,1,10000,20,50,1,nearest,1,4,1,BASELINE,5,116264430,Taxi Travel Distance [km],68.12,174.17,121.33,2426.61,20,106.04999999999998
2026-05-08T14:25:29.135333Z,TaxiAlgorithmP2PCollector,1,10000,20,50,1,nearest,1,4,1,BASELINE,5,116264430,Client Waiting Time [min],0.98,59.58,10.49,524.5,50,58.6
2026-05-08T14:25:29.135333Z,TaxiAlgorithmP2PCollector,1,10000,20,50,1,nearest,1,4,1,BASELINE,5,116264430,Client Travel Time [min],520.0,3734.0,1619.22,80961.0,50,3214.0
2026-05-08T14:25:29.135333Z,TaxiAlgorithmP2PCollector,1,10000,20,50,1,nearest,1,4,1,BASELINE,5,116264430,Calculation Time [millis],0.0,41.0,0.28,2409.0,8567,41.0
2026-05-08T14:25:29.135333Z,TaxiAlgorithmP2PCollector,1,10000,20,50,1,nearest,1,4,1,BASELINE,5,116264430,Custom Time [micros],0.0,0.0,0.0,0.0,8567,0.0
2026-05-08T14:25:30.851817200Z,TaxiAlgorithmP2PCollector,1,10000,20,50,1,nearest,1,4,1,BASELINE,6,116264431,Taxi Travel Distance [km],78.59,144.21,111.11,2222.13,20,65.62
2026-05-08T14:25:30.851817200Z,TaxiAlgorithmP2PCollector,1,10000,20,50,1,nearest,1,4,1,BASELINE,6,116264431,Client Waiting Time [min],0.53,29.33,8.8,440.12,50,28.799999999999997
2026-05-08T14:25:30.851817200Z,TaxiAlgorithmP2PCollector,1,10000,20,50,1,nearest,1,4,1,BASELINE,6,116264431,Client Travel Time [min],295.0,2873.0,1546.96,77348.0,50,2578.0
2026-05-08T14:25:30.851817200Z,TaxiAlgorithmP2PCollector,1,10000,20,50,1,nearest,1,4,1,BASELINE,6,116264431,Calculation Time [millis],0.0,12.0,0.22,1521.0,7004,12.0
2026-05-08T14:25:30.851817200Z,TaxiAlgorithmP2PCollector,1,10000,20,50,1,nearest,1,4,1,BASELINE,6,116264431,Custom Time [micros],0.0,0.0,0.0,0.0,7004,0.0
2026-05-08T14:25:33.168297400Z,TaxiAlgorithmP2PCollector,1,10000,20,50,1,nearest,1,4,1,BASELINE,7,116264432,Taxi Travel Distance [km],57.32,142.26,111.39,2227.76,20,84.94
2026-05-08T14:25:33.168297400Z,TaxiAlgorithmP2PCollector,1,10000,20,50,1,nearest,1,4,1,BASELINE,7,116264432,Client Waiting Time [min],0.47,34.03,9.72,485.9,50,33.56
2026-05-08T14:25:33.168297400Z,TaxiAlgorithmP2PCollector,1,10000,20,50,1,nearest,1,4,1,BASELINE,7,116264432,Client Travel Time [min],160.0,3017.0,1418.02,70901.0,50,2857.0
2026-05-08T14:25:33.168297400Z,TaxiAlgorithmP2PCollector,1,10000,20,50,1,nearest,1,4,1,BASELINE,7,116264432,Calculation Time [millis],0.0,61.0,0.27,2101.0,7754,61.0
2026-05-08T14:25:33.168297400Z,TaxiAlgorithmP2PCollector,1,10000,20,50,1,nearest,1,4,1,BASELINE,7,116264432,Custom Time [micros],0.0,0.0,0.0,0.0,7754,0.0
2026-05-08T14:25:34.801199100Z,TaxiAlgorithmP2PCollector,1,10000,20,50,1,nearest,1,4,1,BASELINE,8,116264433,Taxi Travel Distance [km],66.03,135.99,101.57,2031.41,20,69.96000000000001
2026-05-08T14:25:34.801199100Z,TaxiAlgorithmP2PCollector,1,10000,20,50,1,nearest,1,4,1,BASELINE,8,116264433,Client Waiting Time [min],0.22,46.95,9.6,480.15,50,46.730000000000004
2026-05-08T14:25:34.801199100Z,TaxiAlgorithmP2PCollector,1,10000,20,50,1,nearest,1,4,1,BASELINE,8,116264433,Client Travel Time [min],564.0,3183.0,1487.46,74373.0,50,2619.0
2026-05-08T14:25:34.801199100Z,TaxiAlgorithmP2PCollector,1,10000,20,50,1,nearest,1,4,1,BASELINE,8,116264433,Calculation Time [millis],0.0,43.0,0.22,1539.0,6966,43.0
2026-05-08T14:25:34.801199100Z,TaxiAlgorithmP2PCollector,1,10000,20,50,1,nearest,1,4,1,BASELINE,8,116264433,Custom Time [micros],0.0,0.0,0.0,0.0,6966,0.0
2026-05-08T14:25:36.297798100Z,TaxiAlgorithmP2PCollector,1,10000,20,50,1,nearest,1,4,1,BASELINE,9,116264434,Taxi Travel Distance [km],74.4,141.6,101.4,2027.91,20,67.19999999999999
2026-05-08T14:25:36.297798100Z,TaxiAlgorithmP2PCollector,1,10000,20,50,1,nearest,1,4,1,BASELINE,9,116264434,Client Waiting Time [min],0.92,49.5,9.19,459.32,50,48.58
2026-05-08T14:25:36.297798100Z,TaxiAlgorithmP2PCollector,1,10000,20,50,1,nearest,1,4,1,BASELINE,9,116264434,Client Travel Time [min],270.0,3859.0,1418.7,70935.0,50,3589.0
2026-05-08T14:25:36.297798100Z,TaxiAlgorithmP2PCollector,1,10000,20,50,1,nearest,1,4,1,BASELINE,9,116264434,Calculation Time [millis],0.0,1.0,0.2,1379.0,6838,1.0
2026-05-08T14:25:36.297798100Z,TaxiAlgorithmP2PCollector,1,10000,20,50,1,nearest,1,4,1,BASELINE,9,116264434,Custom Time [micros],0.0,0.0,0.0,0.0,6838,0.0
2026-05-08T14:25:38.441031200Z,TaxiAlgorithmP2PCollector,1,10000,20,50,1,nearest,1,4,1,BASELINE,10,116264435,Taxi Travel Distance [km],60.36,135.8,113.58,2271.55,20,75.44000000000001
2026-05-08T14:25:38.441031200Z,TaxiAlgorithmP2PCollector,1,10000,20,50,1,nearest,1,4,1,BASELINE,10,116264435,Client Waiting Time [min],0.58,75.15,9.45,472.42,50,74.57000000000001
2026-05-08T14:25:38.441031200Z,TaxiAlgorithmP2PCollector,1,10000,20,50,1,nearest,1,4,1,BASELINE,10,116264435,Client Travel Time [min],413.0,4885.0,1529.82,76491.0,50,4472.0
2026-05-08T14:25:38.441031200Z,TaxiAlgorithmP2PCollector,1,10000,20,50,1,nearest,1,4,1,BASELINE,10,116264435,Calculation Time [millis],0.0,55.0,0.28,1890.0,6798,55.0
2026-05-08T14:25:38.441031200Z,TaxiAlgorithmP2PCollector,1,10000,20,50,1,nearest,1,4,1,BASELINE,10,116264435,Custom Time [micros],0.0,0.0,0.0,0.0,6798,0.0
2026-05-08T14:25:41.760237100Z,TaxiAlgorithmP2PCollector,1,10000,20,100,1,nearest,1,4,1,BASELINE,1,116264426,Taxi Travel Distance [km],130.48,207.03,169.13,3382.67,20,76.55000000000001
2026-05-08T14:25:41.760237100Z,TaxiAlgorithmP2PCollector,1,10000,20,100,1,nearest,1,4,1,BASELINE,1,116264426,Client Waiting Time [min],0.2,98.43,17.63,1745.4,99,98.23
2026-05-08T14:25:41.760237100Z,TaxiAlgorithmP2PCollector,1,10000,20,100,1,nearest,1,4,1,BASELINE,1,116264426,Client Travel Time [min],235.0,7076.0,1892.77,189277.0,100,6841.0
2026-05-08T14:25:41.760237100Z,TaxiAlgorithmP2PCollector,1,10000,20,100,1,nearest,1,4,1,BASELINE,1,116264426,Calculation Time [millis],0.0,79.0,0.33,3194.0,9620,79.0
2026-05-08T14:25:41.760237100Z,TaxiAlgorithmP2PCollector,1,10000,20,100,1,nearest,1,4,1,BASELINE,1,116264426,Custom Time [micros],0.0,0.0,0.0,0.0,9620,0.0
2026-05-08T14:25:45.085342100Z,TaxiAlgorithmP2PCollector,1,10000,20,100,1,nearest,1,4,1,BASELINE,2,116264427,Taxi Travel Distance [km],111.77,216.03,179.19,3583.9,20,104.26
2026-05-08T14:25:45.085342100Z,TaxiAlgorithmP2PCollector,1,10000,20,100,1,nearest,1,4,1,BASELINE,2,116264427,Client Waiting Time [min],1.05,92.97,22.2,2220.4,100,91.92
2026-05-08T14:25:45.085342100Z,TaxiAlgorithmP2PCollector,1,10000,20,100,1,nearest,1,4,1,BASELINE,2,116264427,Client Travel Time [min],267.0,6457.0,2221.27,222127.0,100,6190.0
2026-05-08T14:25:45.085342100Z,TaxiAlgorithmP2PCollector,1,10000,20,100,1,nearest,1,4,1,BASELINE,2,116264427,Calculation Time [millis],0.0,84.0,0.31,3171.0,10165,84.0
2026-05-08T14:25:45.085342100Z,TaxiAlgorithmP2PCollector,1,10000,20,100,1,nearest,1,4,1,BASELINE,2,116264427,Custom Time [micros],0.0,0.0,0.0,0.0,10165,0.0
2026-05-08T14:25:47.348700700Z,TaxiAlgorithmP2PCollector,1,10000,20,100,1,nearest,1,4,1,BASELINE,3,116264428,Taxi Travel Distance [km],124.8,158.44,139.44,2788.84,20,33.64
2026-05-08T14:25:47.348700700Z,TaxiAlgorithmP2PCollector,1,10000,20,100,1,nearest,1,4,1,BASELINE,3,116264428,Client Waiting Time [min],0.92,69.22,18.17,1817.0,100,68.3
2026-05-08T14:25:47.348700700Z,TaxiAlgorithmP2PCollector,1,10000,20,100,1,nearest,1,4,1,BASELINE,3,116264428,Client Travel Time [min],251.0,4684.0,1914.79,191479.0,100,4433.0
2026-05-08T14:25:47.348700700Z,TaxiAlgorithmP2PCollector,1,10000,20,100,1,nearest,1,4,1,BASELINE,3,116264428,Calculation Time [millis],0.0,44.0,0.28,2163.0,7829,44.0
2026-05-08T14:25:47.348700700Z,TaxiAlgorithmP2PCollector,1,10000,20,100,1,nearest,1,4,1,BASELINE,3,116264428,Custom Time [micros],0.0,0.0,0.0,0.0,7829,0.0
2026-05-08T14:25:50.189481300Z,TaxiAlgorithmP2PCollector,1,10000,20,100,1,nearest,1,4,1,BASELINE,4,116264429,Taxi Travel Distance [km],136.04,185.86,161.48,3229.68,20,49.82000000000002
2026-05-08T14:25:50.189481300Z,TaxiAlgorithmP2PCollector,1,10000,20,100,1,nearest,1,4,1,BASELINE,4,116264429,Client Waiting Time [min],0.68,101.65,20.41,2040.8,100,100.97
2026-05-08T14:25:50.189481300Z,TaxiAlgorithmP2PCollector,1,10000,20,100,1,nearest,1,4,1,BASELINE,4,116264429,Client Travel Time [min],429.0,6434.0,2093.36,209336.0,100,6005.0
2026-05-08T14:25:50.189481300Z,TaxiAlgorithmP2PCollector,1,10000,20,100,1,nearest,1,4,1,BASELINE,4,116264429,Calculation Time [millis],0.0,66.0,0.28,2647.0,9423,66.0
2026-05-08T14:25:50.189481300Z,TaxiAlgorithmP2PCollector,1,10000,20,100,1,nearest,1,4,1,BASELINE,4,116264429,Custom Time [micros],0.0,0.0,0.0,0.0,9423,0.0
2026-05-08T14:25:53.085676Z,TaxiAlgorithmP2PCollector,1,10000,20,100,1,nearest,1,4,1,BASELINE,5,116264430,Taxi Travel Distance [km],137.81,187.08,161.81,3236.2,20,49.27000000000001
2026-05-08T14:25:53.085676Z,TaxiAlgorithmP2PCollector,1,10000,20,100,1,nearest,1,4,1,BASELINE,5,116264430,Client Waiting Time [min],1.3,110.15,20.89,2089.37,100,108.85000000000001
2026-05-08T14:25:53.085676Z,TaxiAlgorithmP2PCollector,1,10000,20,100,1,nearest,1,4,1,BASELINE,5,116264430,Client Travel Time [min],715.0,7785.0,2145.3,214530.0,100,7070.0
2026-05-08T14:25:53.085676Z,TaxiAlgorithmP2PCollector,1,10000,20,100,1,nearest,1,4,1,BASELINE,5,116264430,Calculation Time [millis],0.0,39.0,0.31,2741.0,8856,39.0
2026-05-08T14:25:53.085676Z,TaxiAlgorithmP2PCollector,1,10000,20,100,1,nearest,1,4,1,BASELINE,5,116264430,Custom Time [micros],0.0,0.0,0.0,0.0,8856,0.0
2026-05-08T14:25:55.815663400Z,TaxiAlgorithmP2PCollector,1,10000,20,100,1,nearest,1,4,1,BASELINE,6,116264431,Taxi Travel Distance [km],132.01,166.61,151.77,3035.45,20,34.60000000000002
2026-05-08T14:25:55.815663400Z,TaxiAlgorithmP2PCollector,1,10000,20,100,1,nearest,1,4,1,BASELINE,6,116264431,Client Waiting Time [min],0.68,69.85,18.13,1794.58,99,69.16999999999999
2026-05-08T14:25:55.815663400Z,TaxiAlgorithmP2PCollector,1,10000,20,100,1,nearest,1,4,1,BASELINE,6,116264431,Client Travel Time [min],383.0,5168.0,2043.58,204358.0,100,4785.0
2026-05-08T14:25:55.815663400Z,TaxiAlgorithmP2PCollector,1,10000,20,100,1,nearest,1,4,1,BASELINE,6,116264431,Calculation Time [millis],0.0,50.0,0.3,2451.0,8223,50.0
2026-05-08T14:25:55.815663400Z,TaxiAlgorithmP2PCollector,1,10000,20,100,1,nearest,1,4,1,BASELINE,6,116264431,Custom Time [micros],0.0,0.0,0.0,0.0,8223,0.0
2026-05-08T14:25:58.466054Z,TaxiAlgorithmP2PCollector,1,10000,20,100,1,nearest,1,4,1,BASELINE,7,116264432,Taxi Travel Distance [km],119.05,169.33,153.17,3063.44,20,50.280000000000015
2026-05-08T14:25:58.466054Z,TaxiAlgorithmP2PCollector,1,10000,20,100,1,nearest,1,4,1,BASELINE,7,116264432,Client Waiting Time [min],0.08,96.73,19.84,1943.85,98,96.65
2026-05-08T14:25:58.466054Z,TaxiAlgorithmP2PCollector,1,10000,20,100,1,nearest,1,4,1,BASELINE,7,116264432,Client Travel Time [min],160.0,6498.0,2075.01,207501.0,100,6338.0
2026-05-08T14:25:58.466054Z,TaxiAlgorithmP2PCollector,1,10000,20,100,1,nearest,1,4,1,BASELINE,7,116264432,Calculation Time [millis],0.0,65.0,0.31,2474.0,8036,65.0
2026-05-08T14:25:58.466054Z,TaxiAlgorithmP2PCollector,1,10000,20,100,1,nearest,1,4,1,BASELINE,7,116264432,Custom Time [micros],0.0,0.0,0.0,0.0,8036,0.0
2026-05-08T14:26:01.448844Z,TaxiAlgorithmP2PCollector,1,10000,20,100,1,nearest,1,4,1,BASELINE,8,116264433,Taxi Travel Distance [km],127.9,219.08,161.97,3239.47,20,91.18
2026-05-08T14:26:01.448844Z,TaxiAlgorithmP2PCollector,1,10000,20,100,1,nearest,1,4,1,BASELINE,8,116264433,Client Waiting Time [min],1.17,84.92,23.23,2299.97,99,83.75
2026-05-08T14:26:01.448844Z,TaxiAlgorithmP2PCollector,1,10000,20,100,1,nearest,1,4,1,BASELINE,8,116264433,Client Travel Time [min],513.0,5939.0,2350.97,235097.0,100,5426.0
2026-05-08T14:26:01.448844Z,TaxiAlgorithmP2PCollector,1,10000,20,100,1,nearest,1,4,1,BASELINE,8,116264433,Calculation Time [millis],0.0,41.0,0.28,2853.0,10209,41.0
2026-05-08T14:26:01.448844Z,TaxiAlgorithmP2PCollector,1,10000,20,100,1,nearest,1,4,1,BASELINE,8,116264433,Custom Time [micros],0.0,0.0,0.0,0.0,10209,0.0
2026-05-08T14:26:04.793566700Z,TaxiAlgorithmP2PCollector,1,10000,20,100,1,nearest,1,4,1,BASELINE,9,116264434,Taxi Travel Distance [km],158.52,202.18,176.39,3527.87,20,43.66
2026-05-08T14:26:04.793566700Z,TaxiAlgorithmP2PCollector,1,10000,20,100,1,nearest,1,4,1,BASELINE,9,116264434,Client Waiting Time [min],1.2,114.93,20.71,2070.57,100,113.73
2026-05-08T14:26:04.793566700Z,TaxiAlgorithmP2PCollector,1,10000,20,100,1,nearest,1,4,1,BASELINE,9,116264434,Client Travel Time [min],239.0,7771.0,2128.96,212896.0,100,7532.0
2026-05-08T14:26:04.793566700Z,TaxiAlgorithmP2PCollector,1,10000,20,100,1,nearest,1,4,1,BASELINE,9,116264434,Calculation Time [millis],0.0,48.0,0.32,3055.0,9597,48.0
2026-05-08T14:26:04.793566700Z,TaxiAlgorithmP2PCollector,1,10000,20,100,1,nearest,1,4,1,BASELINE,9,116264434,Custom Time [micros],0.0,0.0,0.0,0.0,9597,0.0
2026-05-08T14:26:07.826100200Z,TaxiAlgorithmP2PCollector,1,10000,20,100,1,nearest,1,4,1,BASELINE,10,116264435,Taxi Travel Distance [km],97.4,184.14,148.97,2979.4,20,86.73999999999998
2026-05-08T14:26:07.826100200Z,TaxiAlgorithmP2PCollector,1,10000,20,100,1,nearest,1,4,1,BASELINE,10,116264435,Client Waiting Time [min],0.5,82.38,17.83,1783.17,100,81.88
2026-05-08T14:26:07.826100200Z,TaxiAlgorithmP2PCollector,1,10000,20,100,1,nearest,1,4,1,BASELINE,10,116264435,Client Travel Time [min],373.0,5890.0,1949.25,194925.0,100,5517.0
2026-05-08T14:26:07.826100200Z,TaxiAlgorithmP2PCollector,1,10000,20,100,1,nearest,1,4,1,BASELINE,10,116264435,Calculation Time [millis],0.0,53.0,0.31,2781.0,8883,53.0
2026-05-08T14:26:07.826100200Z,TaxiAlgorithmP2PCollector,1,10000,20,100,1,nearest,1,4,1,BASELINE,10,116264435,Custom Time [micros],0.0,0.0,0.0,0.0,8883,0.0
2026-05-08T14:26:08.231539300Z,TaxiAlgorithmP2PCollector,1,20000,5,25,1,nearest,1,4,1,BASELINE,1,116264426,Taxi Travel Distance [km],148.01,186.86,164.86,824.32,5,38.85000000000002
2026-05-08T14:26:08.231539300Z,TaxiAlgorithmP2PCollector,1,20000,5,25,1,nearest,1,4,1,BASELINE,1,116264426,Client Waiting Time [min],2.25,84.28,26.25,656.2,25,82.03
2026-05-08T14:26:08.231539300Z,TaxiAlgorithmP2PCollector,1,20000,5,25,1,nearest,1,4,1,BASELINE,1,116264426,Client Travel Time [min],920.0,6239.0,2420.56,60514.0,25,5319.0
2026-05-08T14:26:08.231539300Z,TaxiAlgorithmP2PCollector,1,20000,5,25,1,nearest,1,4,1,BASELINE,1,116264426,Calculation Time [millis],0.0,0.0,0.03,247.0,8734,0.0
2026-05-08T14:26:08.231539300Z,TaxiAlgorithmP2PCollector,1,20000,5,25,1,nearest,1,4,1,BASELINE,1,116264426,Custom Time [micros],0.0,0.0,0.0,0.0,8734,0.0
2026-05-08T14:26:08.590393600Z,TaxiAlgorithmP2PCollector,1,20000,5,25,1,nearest,1,4,1,BASELINE,2,116264427,Taxi Travel Distance [km],128.27,182.09,164.17,820.87,5,53.81999999999999
2026-05-08T14:26:08.590393600Z,TaxiAlgorithmP2PCollector,1,20000,5,25,1,nearest,1,4,1,BASELINE,2,116264427,Client Waiting Time [min],4.15,119.52,42.24,1055.97,25,115.36999999999999
2026-05-08T14:26:08.590393600Z,TaxiAlgorithmP2PCollector,1,20000,5,25,1,nearest,1,4,1,BASELINE,2,116264427,Client Travel Time [min],411.0,7386.0,3343.88,83597.0,25,6975.0
2026-05-08T14:26:08.590393600Z,TaxiAlgorithmP2PCollector,1,20000,5,25,1,nearest,1,4,1,BASELINE,2,116264427,Calculation Time [millis],0.0,0.0,0.03,267.0,8895,0.0
2026-05-08T14:26:08.590393600Z,TaxiAlgorithmP2PCollector,1,20000,5,25,1,nearest,1,4,1,BASELINE,2,116264427,Custom Time [micros],0.0,0.0,0.0,0.0,8895,0.0
2026-05-08T14:26:08.855623200Z,TaxiAlgorithmP2PCollector,1,20000,5,25,1,nearest,1,4,1,BASELINE,3,116264428,Taxi Travel Distance [km],126.36,161.11,141.86,709.31,5,34.750000000000014
2026-05-08T14:26:08.855623200Z,TaxiAlgorithmP2PCollector,1,20000,5,25,1,nearest,1,4,1,BASELINE,3,116264428,Client Waiting Time [min],2.65,79.07,26.85,671.17,25,76.41999999999999
2026-05-08T14:26:08.855623200Z,TaxiAlgorithmP2PCollector,1,20000,5,25,1,nearest,1,4,1,BASELINE,3,116264428,Client Travel Time [min],580.0,5256.0,2301.64,57541.0,25,4676.0
2026-05-08T14:26:08.855623200Z,TaxiAlgorithmP2PCollector,1,20000,5,25,1,nearest,1,4,1,BASELINE,3,116264428,Calculation Time [millis],0.0,0.0,0.02,185.0,8511,0.0
2026-05-08T14:26:08.855623200Z,TaxiAlgorithmP2PCollector,1,20000,5,25,1,nearest,1,4,1,BASELINE,3,116264428,Custom Time [micros],0.0,0.0,0.0,0.0,8511,0.0
2026-05-08T14:26:09.152134600Z,TaxiAlgorithmP2PCollector,1,20000,5,25,1,nearest,1,4,1,BASELINE,4,116264429,Taxi Travel Distance [km],154.76,192.12,169.11,845.56,5,37.360000000000014
2026-05-08T14:26:09.152134600Z,TaxiAlgorithmP2PCollector,1,20000,5,25,1,nearest,1,4,1,BASELINE,4,116264429,Client Waiting Time [min],4.68,87.93,33.77,844.18,25,83.25
2026-05-08T14:26:09.152134600Z,TaxiAlgorithmP2PCollector,1,20000,5,25,1,nearest,1,4,1,BASELINE,4,116264429,Client Travel Time [min],796.0,5419.0,2858.4,71460.0,25,4623.0
2026-05-08T14:26:09.152134600Z,TaxiAlgorithmP2PCollector,1,20000,5,25,1,nearest,1,4,1,BASELINE,4,116264429,Calculation Time [millis],0.0,1.0,0.02,218.0,8916,1.0
2026-05-08T14:26:09.152134600Z,TaxiAlgorithmP2PCollector,1,20000,5,25,1,nearest,1,4,1,BASELINE,4,116264429,Custom Time [micros],0.0,0.0,0.0,0.0,8916,0.0
2026-05-08T14:26:09.494223200Z,TaxiAlgorithmP2PCollector,1,20000,5,25,1,nearest,1,4,1,BASELINE,5,116264430,Taxi Travel Distance [km],162.73,229.97,189.86,949.3,5,67.24000000000001
2026-05-08T14:26:09.494223200Z,TaxiAlgorithmP2PCollector,1,20000,5,25,1,nearest,1,4,1,BASELINE,5,116264430,Client Waiting Time [min],3.82,119.8,38.63,965.68,25,115.98
2026-05-08T14:26:09.494223200Z,TaxiAlgorithmP2PCollector,1,20000,5,25,1,nearest,1,4,1,BASELINE,5,116264430,Client Travel Time [min],713.0,7557.0,3168.4,79210.0,25,6844.0
2026-05-08T14:26:09.494223200Z,TaxiAlgorithmP2PCollector,1,20000,5,25,1,nearest,1,4,1,BASELINE,5,116264430,Calculation Time [millis],0.0,0.0,0.02,254.0,11696,0.0
2026-05-08T14:26:09.494223200Z,TaxiAlgorithmP2PCollector,1,20000,5,25,1,nearest,1,4,1,BASELINE,5,116264430,Custom Time [micros],0.0,0.0,0.0,0.0,11696,0.0
2026-05-08T14:26:09.790663900Z,TaxiAlgorithmP2PCollector,1,20000,5,25,1,nearest,1,4,1,BASELINE,6,116264431,Taxi Travel Distance [km],146.08,206.22,176.54,882.7,5,60.139999999999986
2026-05-08T14:26:09.790663900Z,TaxiAlgorithmP2PCollector,1,20000,5,25,1,nearest,1,4,1,BASELINE,6,116264431,Client Waiting Time [min],1.23,84.03,23.1,577.42,25,82.8
2026-05-08T14:26:09.790663900Z,TaxiAlgorithmP2PCollector,1,20000,5,25,1,nearest,1,4,1,BASELINE,6,116264431,Client Travel Time [min],243.0,5447.0,2314.36,57859.0,25,5204.0
2026-05-08T14:26:09.790663900Z,TaxiAlgorithmP2PCollector,1,20000,5,25,1,nearest,1,4,1,BASELINE,6,116264431,Calculation Time [millis],0.0,0.0,0.02,233.0,9730,0.0
2026-05-08T14:26:09.790663900Z,TaxiAlgorithmP2PCollector,1,20000,5,25,1,nearest,1,4,1,BASELINE,6,116264431,Custom Time [micros],0.0,0.0,0.0,0.0,9730,0.0
2026-05-08T14:26:10.118738500Z,TaxiAlgorithmP2PCollector,1,20000,5,25,1,nearest,1,4,1,BASELINE,7,116264432,Taxi Travel Distance [km],125.25,228.83,173.04,865.21,5,103.58000000000001
2026-05-08T14:26:10.118738500Z,TaxiAlgorithmP2PCollector,1,20000,5,25,1,nearest,1,4,1,BASELINE,7,116264432,Client Waiting Time [min],0.38,87.05,25.32,632.97,25,86.67
2026-05-08T14:26:10.118738500Z,TaxiAlgorithmP2PCollector,1,20000,5,25,1,nearest,1,4,1,BASELINE,7,116264432,Client Travel Time [min],160.0,6577.0,2443.4,61085.0,25,6417.0
2026-05-08T14:26:10.118738500Z,TaxiAlgorithmP2PCollector,1,20000,5,25,1,nearest,1,4,1,BASELINE,7,116264432,Calculation Time [millis],0.0,0.0,0.02,228.0,10405,0.0
2026-05-08T14:26:10.118738500Z,TaxiAlgorithmP2PCollector,1,20000,5,25,1,nearest,1,4,1,BASELINE,7,116264432,Custom Time [micros],0.0,0.0,0.0,0.0,10405,0.0
2026-05-08T14:26:10.476669300Z,TaxiAlgorithmP2PCollector,1,20000,5,25,1,nearest,1,4,1,BASELINE,8,116264433,Taxi Travel Distance [km],155.49,189.1,171.16,855.8,5,33.609999999999985
2026-05-08T14:26:10.476669300Z,TaxiAlgorithmP2PCollector,1,20000,5,25,1,nearest,1,4,1,BASELINE,8,116264433,Client Waiting Time [min],1.25,124.08,37.56,901.33,24,122.83
2026-05-08T14:26:10.476669300Z,TaxiAlgorithmP2PCollector,1,20000,5,25,1,nearest,1,4,1,BASELINE,8,116264433,Client Travel Time [min],719.0,7960.0,3156.04,78901.0,25,7241.0
2026-05-08T14:26:10.476669300Z,TaxiAlgorithmP2PCollector,1,20000,5,25,1,nearest,1,4,1,BASELINE,8,116264433,Calculation Time [millis],0.0,0.0,0.03,275.0,10025,0.0
2026-05-08T14:26:10.476669300Z,TaxiAlgorithmP2PCollector,1,20000,5,25,1,nearest,1,4,1,BASELINE,8,116264433,Custom Time [micros],0.0,0.0,0.0,0.0,10025,0.0
2026-05-08T14:26:10.773270100Z,TaxiAlgorithmP2PCollector,1,20000,5,25,1,nearest,1,4,1,BASELINE,9,116264434,Taxi Travel Distance [km],150.62,188.64,170.54,852.69,5,38.01999999999998
2026-05-08T14:26:10.773270100Z,TaxiAlgorithmP2PCollector,1,20000,5,25,1,nearest,1,4,1,BASELINE,9,116264434,Client Waiting Time [min],5.08,87.27,29.26,702.13,24,82.19
2026-05-08T14:26:10.773270100Z,TaxiAlgorithmP2PCollector,1,20000,5,25,1,nearest,1,4,1,BASELINE,9,116264434,Client Travel Time [min],711.0,5729.0,2660.16,66504.0,25,5018.0
2026-05-08T14:26:10.773270100Z,TaxiAlgorithmP2PCollector,1,20000,5,25,1,nearest,1,4,1,BASELINE,9,116264434,Calculation Time [millis],0.0,6.0,0.03,234.0,8680,6.0
2026-05-08T14:26:10.773270100Z,TaxiAlgorithmP2PCollector,1,20000,5,25,1,nearest,1,4,1,BASELINE,9,116264434,Custom Time [micros],0.0,0.0,0.0,0.0,8680,0.0
2026-05-08T14:26:11.036270100Z,TaxiAlgorithmP2PCollector,1,20000,5,25,1,nearest,1,4,1,BASELINE,10,116264435,Taxi Travel Distance [km],167.47,188.97,176.97,884.83,5,21.5
2026-05-08T14:26:11.036270100Z,TaxiAlgorithmP2PCollector,1,20000,5,25,1,nearest,1,4,1,BASELINE,10,116264435,Client Waiting Time [min],3.3,76.0,24.12,603.12,25,72.7
2026-05-08T14:26:11.036270100Z,TaxiAlgorithmP2PCollector,1,20000,5,25,1,nearest,1,4,1,BASELINE,10,116264435,Client Travel Time [min],721.0,5066.0,2385.84,59646.0,25,4345.0
2026-05-08T14:26:11.036270100Z,TaxiAlgorithmP2PCollector,1,20000,5,25,1,nearest,1,4,1,BASELINE,10,116264435,Calculation Time [millis],0.0,0.0,0.02,193.0,9324,0.0
2026-05-08T14:26:11.036270100Z,TaxiAlgorithmP2PCollector,1,20000,5,25,1,nearest,1,4,1,BASELINE,10,116264435,Custom Time [micros],0.0,0.0,0.0,0.0,9324,0.0
2026-05-08T14:26:11.177269900Z,TaxiAlgorithmP2PCollector,1,20000,10,25,1,nearest,1,4,1,BASELINE,1,116264426,Taxi Travel Distance [km],45.28,119.35,83.64,836.37,10,74.07
2026-05-08T14:26:11.177269900Z,TaxiAlgorithmP2PCollector,1,20000,10,25,1,nearest,1,4,1,BASELINE,1,116264426,Client Waiting Time [min],2.28,22.25,10.52,263.12,25,19.97
2026-05-08T14:26:11.177269900Z,TaxiAlgorithmP2PCollector,1,20000,10,25,1,nearest,1,4,1,BASELINE,1,116264426,Client Travel Time [min],560.0,2253.0,1491.2,37280.0,25,1693.0
2026-05-08T14:26:11.177269900Z,TaxiAlgorithmP2PCollector,1,20000,10,25,1,nearest,1,4,1,BASELINE,1,116264426,Calculation Time [millis],0.0,0.0,0.01,62.0,6385,0.0
2026-05-08T14:26:11.177269900Z,TaxiAlgorithmP2PCollector,1,20000,10,25,1,nearest,1,4,1,BASELINE,1,116264426,Custom Time [micros],0.0,0.0,0.0,0.0,6385,0.0
2026-05-08T14:26:11.519648700Z,TaxiAlgorithmP2PCollector,1,20000,10,25,1,nearest,1,4,1,BASELINE,2,116264427,Taxi Travel Distance [km],63.42,128.07,97.92,979.16,10,64.64999999999999
2026-05-08T14:26:11.519648700Z,TaxiAlgorithmP2PCollector,1,20000,10,25,1,nearest,1,4,1,BASELINE,2,116264427,Client Waiting Time [min],1.48,36.57,15.26,381.6,25,35.09
2026-05-08T14:26:11.519648700Z,TaxiAlgorithmP2PCollector,1,20000,10,25,1,nearest,1,4,1,BASELINE,2,116264427,Client Travel Time [min],355.0,3475.0,1780.28,44507.0,25,3120.0
2026-05-08T14:26:11.519648700Z,TaxiAlgorithmP2PCollector,1,20000,10,25,1,nearest,1,4,1,BASELINE,2,116264427,Calculation Time [millis],0.0,0.0,0.04,274.0,6551,0.0
2026-05-08T14:26:11.519648700Z,TaxiAlgorithmP2PCollector,1,20000,10,25,1,nearest,1,4,1,BASELINE,2,116264427,Custom Time [micros],0.0,0.0,0.0,0.0,6551,0.0
2026-05-08T14:26:11.849201900Z,TaxiAlgorithmP2PCollector,1,20000,10,25,1,nearest,1,4,1,BASELINE,3,116264428,Taxi Travel Distance [km],55.37,141.31,88.12,881.2,10,85.94
2026-05-08T14:26:11.849201900Z,TaxiAlgorithmP2PCollector,1,20000,10,25,1,nearest,1,4,1,BASELINE,3,116264428,Client Waiting Time [min],0.32,41.75,12.88,322.03,25,41.43
2026-05-08T14:26:11.849201900Z,TaxiAlgorithmP2PCollector,1,20000,10,25,1,nearest,1,4,1,BASELINE,3,116264428,Client Travel Time [min],575.0,2803.0,1493.8,37345.0,25,2228.0
2026-05-08T14:26:11.849201900Z,TaxiAlgorithmP2PCollector,1,20000,10,25,1,nearest,1,4,1,BASELINE,3,116264428,Calculation Time [millis],0.0,32.0,0.04,249.0,6873,32.0
2026-05-08T14:26:11.849201900Z,TaxiAlgorithmP2PCollector,1,20000,10,25,1,nearest,1,4,1,BASELINE,3,116264428,Custom Time [micros],0.0,0.0,0.0,0.0,6873,0.0
2026-05-08T14:26:12.050263100Z,TaxiAlgorithmP2PCollector,1,20000,10,25,1,nearest,1,4,1,BASELINE,4,116264429,Taxi Travel Distance [km],58.06,105.66,83.87,838.73,10,47.599999999999994
2026-05-08T14:26:12.050263100Z,TaxiAlgorithmP2PCollector,1,20000,10,25,1,nearest,1,4,1,BASELINE,4,116264429,Client Waiting Time [min],1.92,28.78,10.7,267.42,25,26.86
2026-05-08T14:26:12.050263100Z,TaxiAlgorithmP2PCollector,1,20000,10,25,1,nearest,1,4,1,BASELINE,4,116264429,Client Travel Time [min],440.0,2590.0,1502.68,37567.0,25,2150.0
2026-05-08T14:26:12.050263100Z,TaxiAlgorithmP2PCollector,1,20000,10,25,1,nearest,1,4,1,BASELINE,4,116264429,Calculation Time [millis],0.0,0.0,0.02,120.0,6335,0.0
2026-05-08T14:26:12.050263100Z,TaxiAlgorithmP2PCollector,1,20000,10,25,1,nearest,1,4,1,BASELINE,4,116264429,Custom Time [micros],0.0,0.0,0.0,0.0,6335,0.0
2026-05-08T14:26:12.425188300Z,TaxiAlgorithmP2PCollector,1,20000,10,25,1,nearest,1,4,1,BASELINE,5,116264430,Taxi Travel Distance [km],76.41,121.27,98.78,987.84,10,44.86
2026-05-08T14:26:12.425188300Z,TaxiAlgorithmP2PCollector,1,20000,10,25,1,nearest,1,4,1,BASELINE,5,116264430,Client Waiting Time [min],3.52,35.85,14.7,367.58,25,32.33
2026-05-08T14:26:12.425188300Z,TaxiAlgorithmP2PCollector,1,20000,10,25,1,nearest,1,4,1,BASELINE,5,116264430,Client Travel Time [min],922.0,3011.0,1781.24,44531.0,25,2089.0
2026-05-08T14:26:12.425188300Z,TaxiAlgorithmP2PCollector,1,20000,10,25,1,nearest,1,4,1,BASELINE,5,116264430,Calculation Time [millis],0.0,0.0,0.04,294.0,7277,0.0
2026-05-08T14:26:12.425188300Z,TaxiAlgorithmP2PCollector,1,20000,10,25,1,nearest,1,4,1,BASELINE,5,116264430,Custom Time [micros],0.0,0.0,0.0,0.0,7277,0.0
2026-05-08T14:26:12.780484900Z,TaxiAlgorithmP2PCollector,1,20000,10,25,1,nearest,1,4,1,BASELINE,6,116264431,Taxi Travel Distance [km],75.77,121.8,106.99,1069.9,10,46.03
2026-05-08T14:26:12.780484900Z,TaxiAlgorithmP2PCollector,1,20000,10,25,1,nearest,1,4,1,BASELINE,6,116264431,Client Waiting Time [min],1.33,55.4,13.73,343.13,25,54.07
2026-05-08T14:26:12.780484900Z,TaxiAlgorithmP2PCollector,1,20000,10,25,1,nearest,1,4,1,BASELINE,6,116264431,Client Travel Time [min],295.0,4008.0,1887.36,47184.0,25,3713.0
2026-05-08T14:26:12.780484900Z,TaxiAlgorithmP2PCollector,1,20000,10,25,1,nearest,1,4,1,BASELINE,6,116264431,Calculation Time [millis],0.0,0.0,0.04,283.0,7456,0.0
2026-05-08T14:26:12.780484900Z,TaxiAlgorithmP2PCollector,1,20000,10,25,1,nearest,1,4,1,BASELINE,6,116264431,Custom Time [micros],0.0,0.0,0.0,0.0,7456,0.0
2026-05-08T14:26:13.093466700Z,TaxiAlgorithmP2PCollector,1,20000,10,25,1,nearest,1,4,1,BASELINE,7,116264432,Taxi Travel Distance [km],51.63,136.96,99.42,994.23,10,85.33000000000001
2026-05-08T14:26:13.093466700Z,TaxiAlgorithmP2PCollector,1,20000,10,25,1,nearest,1,4,1,BASELINE,7,116264432,Client Waiting Time [min],0.45,36.1,11.27,281.75,25,35.65
2026-05-08T14:26:13.093466700Z,TaxiAlgorithmP2PCollector,1,20000,10,25,1,nearest,1,4,1,BASELINE,7,116264432,Client Travel Time [min],613.0,2778.0,1680.52,42013.0,25,2165.0
2026-05-08T14:26:13.093466700Z,TaxiAlgorithmP2PCollector,1,20000,10,25,1,nearest,1,4,1,BASELINE,7,116264432,Calculation Time [millis],0.0,0.0,0.03,220.0,6924,0.0
2026-05-08T14:26:13.093466700Z,TaxiAlgorithmP2PCollector,1,20000,10,25,1,nearest,1,4,1,BASELINE,7,116264432,Custom Time [micros],0.0,0.0,0.0,0.0,6924,0.0
2026-05-08T14:26:13.644002900Z,TaxiAlgorithmP2PCollector,1,20000,10,25,1,nearest,1,4,1,BASELINE,8,116264433,Taxi Travel Distance [km],65.81,134.95,105.79,1057.92,10,69.13999999999999
2026-05-08T14:26:13.644002900Z,TaxiAlgorithmP2PCollector,1,20000,10,25,1,nearest,1,4,1,BASELINE,8,116264433,Client Waiting Time [min],0.73,35.52,16.64,416.03,25,34.790000000000006
2026-05-08T14:26:13.644002900Z,TaxiAlgorithmP2PCollector,1,20000,10,25,1,nearest,1,4,1,BASELINE,8,116264433,Client Travel Time [min],415.0,3800.0,1924.8,48120.0,25,3385.0
2026-05-08T14:26:13.644002900Z,TaxiAlgorithmP2PCollector,1,20000,10,25,1,nearest,1,4,1,BASELINE,8,116264433,Calculation Time [millis],0.0,0.0,0.06,473.0,8336,0.0
2026-05-08T14:26:13.644002900Z,TaxiAlgorithmP2PCollector,1,20000,10,25,1,nearest,1,4,1,BASELINE,8,116264433,Custom Time [micros],0.0,0.0,0.0,0.0,8336,0.0
2026-05-08T14:26:13.925486700Z,TaxiAlgorithmP2PCollector,1,20000,10,25,1,nearest,1,4,1,BASELINE,9,116264434,Taxi Travel Distance [km],73.03,120.2,91.19,911.93,10,47.17
2026-05-08T14:26:13.925486700Z,TaxiAlgorithmP2PCollector,1,20000,10,25,1,nearest,1,4,1,BASELINE,9,116264434,Client Waiting Time [min],2.18,21.23,10.46,261.45,25,19.05
2026-05-08T14:26:13.925486700Z,TaxiAlgorithmP2PCollector,1,20000,10,25,1,nearest,1,4,1,BASELINE,9,116264434,Client Travel Time [min],632.0,2742.0,1483.16,37079.0,25,2110.0
2026-05-08T14:26:13.925486700Z,TaxiAlgorithmP2PCollector,1,20000,10,25,1,nearest,1,4,1,BASELINE,9,116264434,Calculation Time [millis],0.0,0.0,0.03,183.0,6977,0.0
2026-05-08T14:26:13.925486700Z,TaxiAlgorithmP2PCollector,1,20000,10,25,1,nearest,1,4,1,BASELINE,9,116264434,Custom Time [micros],0.0,0.0,0.0,0.0,6977,0.0
2026-05-08T14:26:14.127710Z,TaxiAlgorithmP2PCollector,1,20000,10,25,1,nearest,1,4,1,BASELINE,10,116264435,Taxi Travel Distance [km],45.29,127.54,90.21,902.06,10,82.25
2026-05-08T14:26:14.127710Z,TaxiAlgorithmP2PCollector,1,20000,10,25,1,nearest,1,4,1,BASELINE,10,116264435,Client Waiting Time [min],3.22,25.23,10.33,258.23,25,22.01
2026-05-08T14:26:14.127710Z,TaxiAlgorithmP2PCollector,1,20000,10,25,1,nearest,1,4,1,BASELINE,10,116264435,Client Travel Time [min],348.0,2615.0,1564.2,39105.0,25,2267.0
2026-05-08T14:26:14.127710Z,TaxiAlgorithmP2PCollector,1,20000,10,25,1,nearest,1,4,1,BASELINE,10,116264435,Calculation Time [millis],0.0,0.0,0.02,141.0,7125,0.0
2026-05-08T14:26:14.127710Z,TaxiAlgorithmP2PCollector,1,20000,10,25,1,nearest,1,4,1,BASELINE,10,116264435,Custom Time [micros],0.0,0.0,0.0,0.0,7125,0.0
2026-05-08T14:26:14.924085900Z,TaxiAlgorithmP2PCollector,1,20000,10,50,1,nearest,1,4,1,BASELINE,1,116264426,Taxi Travel Distance [km],143.37,170.16,158.56,1585.63,10,26.789999999999992
2026-05-08T14:26:14.924085900Z,TaxiAlgorithmP2PCollector,1,20000,10,50,1,nearest,1,4,1,BASELINE,1,116264426,Client Waiting Time [min],3.33,61.35,21.28,1064.17,50,58.02
2026-05-08T14:26:14.924085900Z,TaxiAlgorithmP2PCollector,1,20000,10,50,1,nearest,1,4,1,BASELINE,1,116264426,Client Travel Time [min],776.0,5004.0,2104.1,105205.0,50,4228.0
2026-05-08T14:26:14.924085900Z,TaxiAlgorithmP2PCollector,1,20000,10,50,1,nearest,1,4,1,BASELINE,1,116264426,Calculation Time [millis],0.0,3.0,0.08,697.0,8408,3.0
2026-05-08T14:26:14.924085900Z,TaxiAlgorithmP2PCollector,1,20000,10,50,1,nearest,1,4,1,BASELINE,1,116264426,Custom Time [micros],0.0,0.0,0.0,0.0,8408,0.0
2026-05-08T14:26:15.752264700Z,TaxiAlgorithmP2PCollector,1,20000,10,50,1,nearest,1,4,1,BASELINE,2,116264427,Taxi Travel Distance [km],137.68,167.41,154.34,1543.4,10,29.72999999999999
2026-05-08T14:26:15.752264700Z,TaxiAlgorithmP2PCollector,1,20000,10,50,1,nearest,1,4,1,BASELINE,2,116264427,Client Waiting Time [min],4.5,87.9,26.15,1281.5,49,83.4
2026-05-08T14:26:15.752264700Z,TaxiAlgorithmP2PCollector,1,20000,10,50,1,nearest,1,4,1,BASELINE,2,116264427,Client Travel Time [min],642.0,6396.0,2356.1,117805.0,50,5754.0
2026-05-08T14:26:15.752264700Z,TaxiAlgorithmP2PCollector,1,20000,10,50,1,nearest,1,4,1,BASELINE,2,116264427,Calculation Time [millis],0.0,0.0,0.09,700.0,7925,0.0
2026-05-08T14:26:15.752264700Z,TaxiAlgorithmP2PCollector,1,20000,10,50,1,nearest,1,4,1,BASELINE,2,116264427,Custom Time [micros],0.0,0.0,0.0,0.0,7925,0.0
2026-05-08T14:26:16.579283400Z,TaxiAlgorithmP2PCollector,1,20000,10,50,1,nearest,1,4,1,BASELINE,3,116264428,Taxi Travel Distance [km],121.38,186.9,145.15,1451.53,10,65.52000000000001
2026-05-08T14:26:16.579283400Z,TaxiAlgorithmP2PCollector,1,20000,10,50,1,nearest,1,4,1,BASELINE,3,116264428,Client Waiting Time [min],2.35,84.57,24.12,1206.15,50,82.22
2026-05-08T14:26:16.579283400Z,TaxiAlgorithmP2PCollector,1,20000,10,50,1,nearest,1,4,1,BASELINE,3,116264428,Client Travel Time [min],580.0,6184.0,2239.92,111996.0,50,5604.0
2026-05-08T14:26:16.579283400Z,TaxiAlgorithmP2PCollector,1,20000,10,50,1,nearest,1,4,1,BASELINE,3,116264428,Calculation Time [millis],0.0,5.0,0.08,699.0,8860,5.0
2026-05-08T14:26:16.579283400Z,TaxiAlgorithmP2PCollector,1,20000,10,50,1,nearest,1,4,1,BASELINE,3,116264428,Custom Time [micros],0.0,0.0,0.0,0.0,8860,0.0
2026-05-08T14:26:17.542203700Z,TaxiAlgorithmP2PCollector,1,20000,10,50,1,nearest,1,4,1,BASELINE,4,116264429,Taxi Travel Distance [km],157.72,197.03,173.13,1731.31,10,39.31
2026-05-08T14:26:17.542203700Z,TaxiAlgorithmP2PCollector,1,20000,10,50,1,nearest,1,4,1,BASELINE,4,116264429,Client Waiting Time [min],1.08,102.3,27.92,1396.15,50,101.22
2026-05-08T14:26:17.542203700Z,TaxiAlgorithmP2PCollector,1,20000,10,50,1,nearest,1,4,1,BASELINE,4,116264429,Client Travel Time [min],587.0,7105.0,2497.86,124893.0,50,6518.0
2026-05-08T14:26:17.542203700Z,TaxiAlgorithmP2PCollector,1,20000,10,50,1,nearest,1,4,1,BASELINE,4,116264429,Calculation Time [millis],0.0,0.0,0.09,854.0,9195,0.0
2026-05-08T14:26:17.542203700Z,TaxiAlgorithmP2PCollector,1,20000,10,50,1,nearest,1,4,1,BASELINE,4,116264429,Custom Time [micros],0.0,0.0,0.0,0.0,9195,0.0
2026-05-08T14:26:18.604384Z,TaxiAlgorithmP2PCollector,1,20000,10,50,1,nearest,1,4,1,BASELINE,5,116264430,Taxi Travel Distance [km],158.81,199.44,176.5,1765.05,10,40.629999999999995
2026-05-08T14:26:18.604384Z,TaxiAlgorithmP2PCollector,1,20000,10,50,1,nearest,1,4,1,BASELINE,5,116264430,Client Waiting Time [min],1.45,108.73,38.22,1911.15,50,107.28
2026-05-08T14:26:18.604384Z,TaxiAlgorithmP2PCollector,1,20000,10,50,1,nearest,1,4,1,BASELINE,5,116264430,Client Travel Time [min],977.0,7497.0,3164.66,158233.0,50,6520.0
2026-05-08T14:26:18.604384Z,TaxiAlgorithmP2PCollector,1,20000,10,50,1,nearest,1,4,1,BASELINE,5,116264430,Calculation Time [millis],0.0,3.0,0.1,929.0,9504,3.0
2026-05-08T14:26:18.604384Z,TaxiAlgorithmP2PCollector,1,20000,10,50,1,nearest,1,4,1,BASELINE,5,116264430,Custom Time [micros],0.0,0.0,0.0,0.0,9504,0.0
2026-05-08T14:26:19.631557400Z,TaxiAlgorithmP2PCollector,1,20000,10,50,1,nearest,1,4,1,BASELINE,6,116264431,Taxi Travel Distance [km],144.42,228.38,176.14,1761.44,10,83.96000000000001
2026-05-08T14:26:19.631557400Z,TaxiAlgorithmP2PCollector,1,20000,10,50,1,nearest,1,4,1,BASELINE,6,116264431,Client Waiting Time [min],0.85,109.83,27.53,1376.68,50,108.98
2026-05-08T14:26:19.631557400Z,TaxiAlgorithmP2PCollector,1,20000,10,50,1,nearest,1,4,1,BASELINE,6,116264431,Client Travel Time [min],295.0,8202.0,2622.12,131106.0,50,7907.0
2026-05-08T14:26:19.631557400Z,TaxiAlgorithmP2PCollector,1,20000,10,50,1,nearest,1,4,1,BASELINE,6,116264431,Calculation Time [millis],0.0,17.0,0.08,900.0,10746,17.0
2026-05-08T14:26:19.631557400Z,TaxiAlgorithmP2PCollector,1,20000,10,50,1,nearest,1,4,1,BASELINE,6,116264431,Custom Time [micros],0.0,0.0,0.0,0.0,10746,0.0
2026-05-08T14:26:20.519778300Z,TaxiAlgorithmP2PCollector,1,20000,10,50,1,nearest,1,4,1,BASELINE,7,116264432,Taxi Travel Distance [km],147.65,196.87,166.3,1663.04,10,49.22
2026-05-08T14:26:20.519778300Z,TaxiAlgorithmP2PCollector,1,20000,10,50,1,nearest,1,4,1,BASELINE,7,116264432,Client Waiting Time [min],2.48,87.77,23.44,1148.52,49,85.28999999999999
2026-05-08T14:26:20.519778300Z,TaxiAlgorithmP2PCollector,1,20000,10,50,1,nearest,1,4,1,BASELINE,7,116264432,Client Travel Time [min],806.0,5668.0,2279.62,113981.0,50,4862.0
2026-05-08T14:26:20.519778300Z,TaxiAlgorithmP2PCollector,1,20000,10,50,1,nearest,1,4,1,BASELINE,7,116264432,Calculation Time [millis],0.0,0.0,0.09,793.0,9289,0.0
2026-05-08T14:26:20.519778300Z,TaxiAlgorithmP2PCollector,1,20000,10,50,1,nearest,1,4,1,BASELINE,7,116264432,Custom Time [micros],0.0,0.0,0.0,0.0,9289,0.0
2026-05-08T14:26:21.551578800Z,TaxiAlgorithmP2PCollector,1,20000,10,50,1,nearest,1,4,1,BASELINE,8,116264433,Taxi Travel Distance [km],142.57,201.56,164.32,1643.23,10,58.99000000000001
2026-05-08T14:26:21.551578800Z,TaxiAlgorithmP2PCollector,1,20000,10,50,1,nearest,1,4,1,BASELINE,8,116264433,Client Waiting Time [min],1.3,125.25,30.03,1501.4,50,123.95
2026-05-08T14:26:21.551578800Z,TaxiAlgorithmP2PCollector,1,20000,10,50,1,nearest,1,4,1,BASELINE,8,116264433,Client Travel Time [min],834.0,7989.0,2658.26,132913.0,50,7155.0
2026-05-08T14:26:21.551578800Z,TaxiAlgorithmP2PCollector,1,20000,10,50,1,nearest,1,4,1,BASELINE,8,116264433,Calculation Time [millis],0.0,12.0,0.09,882.0,9948,12.0
2026-05-08T14:26:21.551578800Z,TaxiAlgorithmP2PCollector,1,20000,10,50,1,nearest,1,4,1,BASELINE,8,116264433,Custom Time [micros],0.0,0.0,0.0,0.0,9948,0.0
2026-05-08T14:26:22.523603500Z,TaxiAlgorithmP2PCollector,1,20000,10,50,1,nearest,1,4,1,BASELINE,9,116264434,Taxi Travel Distance [km],147.4,198.59,166.88,1668.8,10,51.19
2026-05-08T14:26:22.523603500Z,TaxiAlgorithmP2PCollector,1,20000,10,50,1,nearest,1,4,1,BASELINE,9,116264434,Client Waiting Time [min],0.25,77.17,23.0,1080.8,47,76.92
2026-05-08T14:26:22.523603500Z,TaxiAlgorithmP2PCollector,1,20000,10,50,1,nearest,1,4,1,BASELINE,9,116264434,Client Travel Time [min],91.0,5813.0,2455.66,122783.0,50,5722.0
2026-05-08T14:26:22.523603500Z,TaxiAlgorithmP2PCollector,1,20000,10,50,1,nearest,1,4,1,BASELINE,9,116264434,Calculation Time [millis],0.0,0.0,0.09,863.0,9135,0.0
2026-05-08T14:26:22.523603500Z,TaxiAlgorithmP2PCollector,1,20000,10,50,1,nearest,1,4,1,BASELINE,9,116264434,Custom Time [micros],0.0,0.0,0.0,0.0,9135,0.0
2026-05-08T14:26:23.427112100Z,TaxiAlgorithmP2PCollector,1,20000,10,50,1,nearest,1,4,1,BASELINE,10,116264435,Taxi Travel Distance [km],149.18,197.87,168.75,1687.5,10,48.69
2026-05-08T14:26:23.427112100Z,TaxiAlgorithmP2PCollector,1,20000,10,50,1,nearest,1,4,1,BASELINE,10,116264435,Client Waiting Time [min],3.62,112.58,28.22,1411.22,50,108.96
2026-05-08T14:26:23.427112100Z,TaxiAlgorithmP2PCollector,1,20000,10,50,1,nearest,1,4,1,BASELINE,10,116264435,Client Travel Time [min],718.0,7523.0,2586.96,129348.0,50,6805.0
2026-05-08T14:26:23.427112100Z,TaxiAlgorithmP2PCollector,1,20000,10,50,1,nearest,1,4,1,BASELINE,10,116264435,Calculation Time [millis],0.0,6.0,0.08,760.0,9424,6.0
2026-05-08T14:26:23.427112100Z,TaxiAlgorithmP2PCollector,1,20000,10,50,1,nearest,1,4,1,BASELINE,10,116264435,Custom Time [micros],0.0,0.0,0.0,0.0,9424,0.0
2026-05-08T14:26:24.156869100Z,TaxiAlgorithmP2PCollector,1,20000,20,50,1,nearest,1,4,1,BASELINE,1,116264426,Taxi Travel Distance [km],47.65,113.94,89.37,1787.49,20,66.28999999999999
2026-05-08T14:26:24.156869100Z,TaxiAlgorithmP2PCollector,1,20000,20,50,1,nearest,1,4,1,BASELINE,1,116264426,Client Waiting Time [min],0.8,22.67,9.43,471.67,50,21.87
2026-05-08T14:26:24.156869100Z,TaxiAlgorithmP2PCollector,1,20000,20,50,1,nearest,1,4,1,BASELINE,1,116264426,Client Travel Time [min],289.0,2543.0,1425.94,71297.0,50,2254.0
2026-05-08T14:26:24.156869100Z,TaxiAlgorithmP2PCollector,1,20000,20,50,1,nearest,1,4,1,BASELINE,1,116264426,Calculation Time [millis],0.0,1.0,0.09,619.0,6642,1.0
2026-05-08T14:26:24.156869100Z,TaxiAlgorithmP2PCollector,1,20000,20,50,1,nearest,1,4,1,BASELINE,1,116264426,Custom Time [micros],0.0,0.0,0.0,0.0,6642,0.0
2026-05-08T14:26:25.292947600Z,TaxiAlgorithmP2PCollector,1,20000,20,50,1,nearest,1,4,1,BASELINE,2,116264427,Taxi Travel Distance [km],62.52,137.1,95.82,1916.31,20,74.57999999999998
2026-05-08T14:26:25.292947600Z,TaxiAlgorithmP2PCollector,1,20000,20,50,1,nearest,1,4,1,BASELINE,2,116264427,Client Waiting Time [min],3.05,41.32,11.96,597.9,50,38.27
2026-05-08T14:26:25.292947600Z,TaxiAlgorithmP2PCollector,1,20000,20,50,1,nearest,1,4,1,BASELINE,2,116264427,Client Travel Time [min],360.0,4581.0,1596.0,79800.0,50,4221.0
2026-05-08T14:26:25.292947600Z,TaxiAlgorithmP2PCollector,1,20000,20,50,1,nearest,1,4,1,BASELINE,2,116264427,Calculation Time [millis],0.0,11.0,0.14,985.0,7232,11.0
2026-05-08T14:26:25.292947600Z,TaxiAlgorithmP2PCollector,1,20000,20,50,1,nearest,1,4,1,BASELINE,2,116264427,Custom Time [micros],0.0,0.0,0.0,0.0,7232,0.0
2026-05-08T14:26:26.286555900Z,TaxiAlgorithmP2PCollector,1,20000,20,50,1,nearest,1,4,1,BASELINE,3,116264428,Taxi Travel Distance [km],69.6,119.16,92.86,1857.22,20,49.56
2026-05-08T14:26:26.286555900Z,TaxiAlgorithmP2PCollector,1,20000,20,50,1,nearest,1,4,1,BASELINE,3,116264428,Client Waiting Time [min],1.32,24.53,11.22,561.23,50,23.21
2026-05-08T14:26:26.286555900Z,TaxiAlgorithmP2PCollector,1,20000,20,50,1,nearest,1,4,1,BASELINE,3,116264428,Client Travel Time [min],535.0,2695.0,1564.74,78237.0,50,2160.0
2026-05-08T14:26:26.286555900Z,TaxiAlgorithmP2PCollector,1,20000,20,50,1,nearest,1,4,1,BASELINE,3,116264428,Calculation Time [millis],0.0,1.0,0.12,842.0,7017,1.0
2026-05-08T14:26:26.286555900Z,TaxiAlgorithmP2PCollector,1,20000,20,50,1,nearest,1,4,1,BASELINE,3,116264428,Custom Time [micros],0.0,0.0,0.0,0.0,7017,0.0
2026-05-08T14:26:27.103291500Z,TaxiAlgorithmP2PCollector,1,20000,20,50,1,nearest,1,4,1,BASELINE,4,116264429,Taxi Travel Distance [km],55.06,126.64,96.17,1923.31,20,71.58
2026-05-08T14:26:27.103291500Z,TaxiAlgorithmP2PCollector,1,20000,20,50,1,nearest,1,4,1,BASELINE,4,116264429,Client Waiting Time [min],1.35,19.35,11.25,562.43,50,18.0
2026-05-08T14:26:27.103291500Z,TaxiAlgorithmP2PCollector,1,20000,20,50,1,nearest,1,4,1,BASELINE,4,116264429,Client Travel Time [min],282.0,2877.0,1526.6,76330.0,50,2595.0
2026-05-08T14:26:27.103291500Z,TaxiAlgorithmP2PCollector,1,20000,20,50,1,nearest,1,4,1,BASELINE,4,116264429,Calculation Time [millis],0.0,3.0,0.09,656.0,7484,3.0
2026-05-08T14:26:27.103291500Z,TaxiAlgorithmP2PCollector,1,20000,20,50,1,nearest,1,4,1,BASELINE,4,116264429,Custom Time [micros],0.0,0.0,0.0,0.0,7484,0.0
2026-05-08T14:26:28.469338600Z,TaxiAlgorithmP2PCollector,1,20000,20,50,1,nearest,1,4,1,BASELINE,5,116264430,Taxi Travel Distance [km],66.0,151.86,99.47,1989.46,20,85.86000000000001
2026-05-08T14:26:28.469338600Z,TaxiAlgorithmP2PCollector,1,20000,20,50,1,nearest,1,4,1,BASELINE,5,116264430,Client Waiting Time [min],1.73,34.95,11.02,550.77,50,33.220000000000006
2026-05-08T14:26:28.469338600Z,TaxiAlgorithmP2PCollector,1,20000,20,50,1,nearest,1,4,1,BASELINE,5,116264430,Client Travel Time [min],598.0,3608.0,1658.68,82934.0,50,3010.0
2026-05-08T14:26:28.469338600Z,TaxiAlgorithmP2PCollector,1,20000,20,50,1,nearest,1,4,1,BASELINE,5,116264430,Calculation Time [millis],0.0,30.0,0.16,1227.0,7473,30.0
2026-05-08T14:26:28.469338600Z,TaxiAlgorithmP2PCollector,1,20000,20,50,1,nearest,1,4,1,BASELINE,5,116264430,Custom Time [micros],0.0,0.0,0.0,0.0,7473,0.0
2026-05-08T14:26:29.502160700Z,TaxiAlgorithmP2PCollector,1,20000,20,50,1,nearest,1,4,1,BASELINE,6,116264431,Taxi Travel Distance [km],17.69,136.72,94.69,1893.83,20,119.03
2026-05-08T14:26:29.502160700Z,TaxiAlgorithmP2PCollector,1,20000,20,50,1,nearest,1,4,1,BASELINE,6,116264431,Client Waiting Time [min],0.92,35.83,10.17,508.57,50,34.91
2026-05-08T14:26:29.502160700Z,TaxiAlgorithmP2PCollector,1,20000,20,50,1,nearest,1,4,1,BASELINE,6,116264431,Client Travel Time [min],456.0,2990.0,1632.18,81609.0,50,2534.0
2026-05-08T14:26:29.502160700Z,TaxiAlgorithmP2PCollector,1,20000,20,50,1,nearest,1,4,1,BASELINE,6,116264431,Calculation Time [millis],0.0,1.0,0.14,938.0,6892,1.0
2026-05-08T14:26:29.502160700Z,TaxiAlgorithmP2PCollector,1,20000,20,50,1,nearest,1,4,1,BASELINE,6,116264431,Custom Time [micros],0.0,0.0,0.0,0.0,6892,0.0
2026-05-08T14:26:30.167161Z,TaxiAlgorithmP2PCollector,1,20000,20,50,1,nearest,1,4,1,BASELINE,7,116264432,Taxi Travel Distance [km],50.8,134.42,93.8,1876.0,20,83.61999999999999
2026-05-08T14:26:30.167161Z,TaxiAlgorithmP2PCollector,1,20000,20,50,1,nearest,1,4,1,BASELINE,7,116264432,Client Waiting Time [min],0.52,22.25,10.91,545.58,50,21.73
2026-05-08T14:26:30.167161Z,TaxiAlgorithmP2PCollector,1,20000,20,50,1,nearest,1,4,1,BASELINE,7,116264432,Client Travel Time [min],160.0,2658.0,1499.0,74950.0,50,2498.0
2026-05-08T14:26:30.167161Z,TaxiAlgorithmP2PCollector,1,20000,20,50,1,nearest,1,4,1,BASELINE,7,116264432,Calculation Time [millis],0.0,14.0,0.07,499.0,6868,14.0
2026-05-08T14:26:30.167161Z,TaxiAlgorithmP2PCollector,1,20000,20,50,1,nearest,1,4,1,BASELINE,7,116264432,Custom Time [micros],0.0,0.0,0.0,0.0,6868,0.0
2026-05-08T14:26:31.319341700Z,TaxiAlgorithmP2PCollector,1,20000,20,50,1,nearest,1,4,1,BASELINE,8,116264433,Taxi Travel Distance [km],62.96,141.06,98.64,1972.78,20,78.1
2026-05-08T14:26:31.319341700Z,TaxiAlgorithmP2PCollector,1,20000,20,50,1,nearest,1,4,1,BASELINE,8,116264433,Client Waiting Time [min],0.2,30.93,11.48,574.17,50,30.73
2026-05-08T14:26:31.319341700Z,TaxiAlgorithmP2PCollector,1,20000,20,50,1,nearest,1,4,1,BASELINE,8,116264433,Client Travel Time [min],431.0,2972.0,1608.38,80419.0,50,2541.0
2026-05-08T14:26:31.319341700Z,TaxiAlgorithmP2PCollector,1,20000,20,50,1,nearest,1,4,1,BASELINE,8,116264433,Calculation Time [millis],0.0,0.0,0.15,1041.0,6872,0.0
2026-05-08T14:26:31.319341700Z,TaxiAlgorithmP2PCollector,1,20000,20,50,1,nearest,1,4,1,BASELINE,8,116264433,Custom Time [micros],0.0,0.0,0.0,0.0,6872,0.0
2026-05-08T14:26:32.330318600Z,TaxiAlgorithmP2PCollector,1,20000,20,50,1,nearest,1,4,1,BASELINE,9,116264434,Taxi Travel Distance [km],72.2,135.55,94.74,1894.81,20,63.35000000000001
2026-05-08T14:26:32.330318600Z,TaxiAlgorithmP2PCollector,1,20000,20,50,1,nearest,1,4,1,BASELINE,9,116264434,Client Waiting Time [min],0.37,43.07,12.11,605.53,50,42.7
2026-05-08T14:26:32.330318600Z,TaxiAlgorithmP2PCollector,1,20000,20,50,1,nearest,1,4,1,BASELINE,9,116264434,Client Travel Time [min],107.0,3740.0,1598.78,79939.0,50,3633.0
2026-05-08T14:26:32.330318600Z,TaxiAlgorithmP2PCollector,1,20000,20,50,1,nearest,1,4,1,BASELINE,9,116264434,Calculation Time [millis],0.0,18.0,0.12,821.0,6948,18.0
2026-05-08T14:26:32.330318600Z,TaxiAlgorithmP2PCollector,1,20000,20,50,1,nearest,1,4,1,BASELINE,9,116264434,Custom Time [micros],0.0,0.0,0.0,0.0,6948,0.0
2026-05-08T14:26:33.095132800Z,TaxiAlgorithmP2PCollector,1,20000,20,50,1,nearest,1,4,1,BASELINE,10,116264435,Taxi Travel Distance [km],67.64,150.93,100.93,2018.65,20,83.29
2026-05-08T14:26:33.095132800Z,TaxiAlgorithmP2PCollector,1,20000,20,50,1,nearest,1,4,1,BASELINE,10,116264435,Client Waiting Time [min],1.87,26.25,11.69,584.63,50,24.38
2026-05-08T14:26:33.095132800Z,TaxiAlgorithmP2PCollector,1,20000,20,50,1,nearest,1,4,1,BASELINE,10,116264435,Client Travel Time [min],381.0,3158.0,1671.66,83583.0,50,2777.0
2026-05-08T14:26:33.095132800Z,TaxiAlgorithmP2PCollector,1,20000,20,50,1,nearest,1,4,1,BASELINE,10,116264435,Calculation Time [millis],0.0,1.0,0.09,648.0,7548,1.0
2026-05-08T14:26:33.095132800Z,TaxiAlgorithmP2PCollector,1,20000,20,50,1,nearest,1,4,1,BASELINE,10,116264435,Custom Time [micros],0.0,0.0,0.0,0.0,7548,0.0
2026-05-08T14:26:35.831390700Z,TaxiAlgorithmP2PCollector,1,20000,20,100,1,nearest,1,4,1,BASELINE,1,116264426,Taxi Travel Distance [km],133.14,200.31,155.46,3109.16,20,67.17000000000002
2026-05-08T14:26:35.831390700Z,TaxiAlgorithmP2PCollector,1,20000,20,100,1,nearest,1,4,1,BASELINE,1,116264426,Client Waiting Time [min],1.48,80.05,19.83,1983.08,100,78.57
2026-05-08T14:26:35.831390700Z,TaxiAlgorithmP2PCollector,1,20000,20,100,1,nearest,1,4,1,BASELINE,1,116264426,Client Travel Time [min],241.0,6244.0,2005.27,200527.0,100,6003.0
2026-05-08T14:26:35.831390700Z,TaxiAlgorithmP2PCollector,1,20000,20,100,1,nearest,1,4,1,BASELINE,1,116264426,Calculation Time [millis],0.0,59.0,0.27,2588.0,9414,59.0
2026-05-08T14:26:35.831390700Z,TaxiAlgorithmP2PCollector,1,20000,20,100,1,nearest,1,4,1,BASELINE,1,116264426,Custom Time [micros],0.0,0.0,0.0,0.0,9414,0.0
2026-05-08T14:26:38.966358500Z,TaxiAlgorithmP2PCollector,1,20000,20,100,1,nearest,1,4,1,BASELINE,2,116264427,Taxi Travel Distance [km],123.4,200.71,162.33,3246.6,20,77.31
2026-05-08T14:26:38.966358500Z,TaxiAlgorithmP2PCollector,1,20000,20,100,1,nearest,1,4,1,BASELINE,2,116264427,Client Waiting Time [min],1.78,92.77,26.57,2630.23,99,90.99
2026-05-08T14:26:38.966358500Z,TaxiAlgorithmP2PCollector,1,20000,20,100,1,nearest,1,4,1,BASELINE,2,116264427,Client Travel Time [min],322.0,6874.0,2471.11,247111.0,100,6552.0
2026-05-08T14:26:38.966358500Z,TaxiAlgorithmP2PCollector,1,20000,20,100,1,nearest,1,4,1,BASELINE,2,116264427,Calculation Time [millis],0.0,65.0,0.33,2997.0,9121,65.0
2026-05-08T14:26:38.966358500Z,TaxiAlgorithmP2PCollector,1,20000,20,100,1,nearest,1,4,1,BASELINE,2,116264427,Custom Time [micros],0.0,0.0,0.0,0.0,9121,0.0
2026-05-08T14:26:41.536611300Z,TaxiAlgorithmP2PCollector,1,20000,20,100,1,nearest,1,4,1,BASELINE,3,116264428,Taxi Travel Distance [km],122.5,171.03,142.35,2846.96,20,48.53
2026-05-08T14:26:41.536611300Z,TaxiAlgorithmP2PCollector,1,20000,20,100,1,nearest,1,4,1,BASELINE,3,116264428,Client Waiting Time [min],0.75,94.83,20.45,2044.75,100,94.08
2026-05-08T14:26:41.536611300Z,TaxiAlgorithmP2PCollector,1,20000,20,100,1,nearest,1,4,1,BASELINE,3,116264428,Client Travel Time [min],420.0,6303.0,2050.92,205092.0,100,5883.0
2026-05-08T14:26:41.536611300Z,TaxiAlgorithmP2PCollector,1,20000,20,100,1,nearest,1,4,1,BASELINE,3,116264428,Calculation Time [millis],0.0,38.0,0.31,2458.0,8043,38.0
2026-05-08T14:26:41.536611300Z,TaxiAlgorithmP2PCollector,1,20000,20,100,1,nearest,1,4,1,BASELINE,3,116264428,Custom Time [micros],0.0,0.0,0.0,0.0,8043,0.0
2026-05-08T14:26:44.511043500Z,TaxiAlgorithmP2PCollector,1,20000,20,100,1,nearest,1,4,1,BASELINE,4,116264429,Taxi Travel Distance [km],108.3,176.05,151.56,3031.25,20,67.75000000000001
2026-05-08T14:26:44.511043500Z,TaxiAlgorithmP2PCollector,1,20000,20,100,1,nearest,1,4,1,BASELINE,4,116264429,Client Waiting Time [min],0.33,103.02,22.96,2296.28,100,102.69
2026-05-08T14:26:44.511043500Z,TaxiAlgorithmP2PCollector,1,20000,20,100,1,nearest,1,4,1,BASELINE,4,116264429,Client Travel Time [min],429.0,6446.0,2243.08,224308.0,100,6017.0
2026-05-08T14:26:44.511043500Z,TaxiAlgorithmP2PCollector,1,20000,20,100,1,nearest,1,4,1,BASELINE,4,116264429,Calculation Time [millis],0.0,49.0,0.34,2793.0,8228,49.0
2026-05-08T14:26:44.511043500Z,TaxiAlgorithmP2PCollector,1,20000,20,100,1,nearest,1,4,1,BASELINE,4,116264429,Custom Time [micros],0.0,0.0,0.0,0.0,8228,0.0
2026-05-08T14:26:47.422454300Z,TaxiAlgorithmP2PCollector,1,20000,20,100,1,nearest,1,4,1,BASELINE,5,116264430,Taxi Travel Distance [km],131.71,184.91,157.23,3144.59,20,53.19999999999999
2026-05-08T14:26:47.422454300Z,TaxiAlgorithmP2PCollector,1,20000,20,100,1,nearest,1,4,1,BASELINE,5,116264430,Client Waiting Time [min],1.73,107.4,24.03,2403.07,100,105.67
2026-05-08T14:26:47.422454300Z,TaxiAlgorithmP2PCollector,1,20000,20,100,1,nearest,1,4,1,BASELINE,5,116264430,Client Travel Time [min],541.0,6997.0,2329.48,232948.0,100,6456.0
2026-05-08T14:26:47.422454300Z,TaxiAlgorithmP2PCollector,1,20000,20,100,1,nearest,1,4,1,BASELINE,5,116264430,Calculation Time [millis],0.0,62.0,0.31,2728.0,8731,62.0
2026-05-08T14:26:47.422454300Z,TaxiAlgorithmP2PCollector,1,20000,20,100,1,nearest,1,4,1,BASELINE,5,116264430,Custom Time [micros],0.0,0.0,0.0,0.0,8731,0.0
2026-05-08T14:26:50.228201700Z,TaxiAlgorithmP2PCollector,1,20000,20,100,1,nearest,1,4,1,BASELINE,6,116264431,Taxi Travel Distance [km],117.59,192.01,154.23,3084.55,20,74.41999999999999
2026-05-08T14:26:50.228201700Z,TaxiAlgorithmP2PCollector,1,20000,20,100,1,nearest,1,4,1,BASELINE,6,116264431,Client Waiting Time [min],0.68,83.23,22.71,2248.23,99,82.55
2026-05-08T14:26:50.228201700Z,TaxiAlgorithmP2PCollector,1,20000,20,100,1,nearest,1,4,1,BASELINE,6,116264431,Client Travel Time [min],417.0,5508.0,2307.91,230791.0,100,5091.0
2026-05-08T14:26:50.228201700Z,TaxiAlgorithmP2PCollector,1,20000,20,100,1,nearest,1,4,1,BASELINE,6,116264431,Calculation Time [millis],0.0,35.0,0.28,2683.0,9525,35.0
2026-05-08T14:26:50.228201700Z,TaxiAlgorithmP2PCollector,1,20000,20,100,1,nearest,1,4,1,BASELINE,6,116264431,Custom Time [micros],0.0,0.0,0.0,0.0,9525,0.0
2026-05-08T14:26:53.725580600Z,TaxiAlgorithmP2PCollector,1,20000,20,100,1,nearest,1,4,1,BASELINE,7,116264432,Taxi Travel Distance [km],134.47,187.32,156.48,3129.69,20,52.849999999999994
2026-05-08T14:26:53.725580600Z,TaxiAlgorithmP2PCollector,1,20000,20,100,1,nearest,1,4,1,BASELINE,7,116264432,Client Waiting Time [min],0.52,108.5,25.35,2510.1,99,107.98
2026-05-08T14:26:53.725580600Z,TaxiAlgorithmP2PCollector,1,20000,20,100,1,nearest,1,4,1,BASELINE,7,116264432,Client Travel Time [min],160.0,6888.0,2386.54,238654.0,100,6728.0
2026-05-08T14:26:53.725580600Z,TaxiAlgorithmP2PCollector,1,20000,20,100,1,nearest,1,4,1,BASELINE,7,116264432,Calculation Time [millis],0.0,46.0,0.37,3244.0,8803,46.0
2026-05-08T14:26:53.725580600Z,TaxiAlgorithmP2PCollector,1,20000,20,100,1,nearest,1,4,1,BASELINE,7,116264432,Custom Time [micros],0.0,0.0,0.0,0.0,8803,0.0
2026-05-08T14:26:57.196418Z,TaxiAlgorithmP2PCollector,1,20000,20,100,1,nearest,1,4,1,BASELINE,8,116264433,Taxi Travel Distance [km],134.31,197.07,164.91,3298.27,20,62.75999999999999
2026-05-08T14:26:57.196418Z,TaxiAlgorithmP2PCollector,1,20000,20,100,1,nearest,1,4,1,BASELINE,8,116264433,Client Waiting Time [min],0.98,98.53,26.42,2642.4,100,97.55
2026-05-08T14:26:57.196418Z,TaxiAlgorithmP2PCollector,1,20000,20,100,1,nearest,1,4,1,BASELINE,8,116264433,Client Travel Time [min],522.0,6780.0,2515.69,251569.0,100,6258.0
2026-05-08T14:26:57.196418Z,TaxiAlgorithmP2PCollector,1,20000,20,100,1,nearest,1,4,1,BASELINE,8,116264433,Calculation Time [millis],0.0,46.0,0.33,3247.0,9923,46.0
2026-05-08T14:26:57.196418Z,TaxiAlgorithmP2PCollector,1,20000,20,100,1,nearest,1,4,1,BASELINE,8,116264433,Custom Time [micros],0.0,0.0,0.0,0.0,9923,0.0
2026-05-08T14:27:00.168118300Z,TaxiAlgorithmP2PCollector,1,20000,20,100,1,nearest,1,4,1,BASELINE,9,116264434,Taxi Travel Distance [km],136.59,180.18,160.31,3206.16,20,43.59
2026-05-08T14:27:00.168118300Z,TaxiAlgorithmP2PCollector,1,20000,20,100,1,nearest,1,4,1,BASELINE,9,116264434,Client Waiting Time [min],0.2,85.48,23.74,2374.03,100,85.28
2026-05-08T14:27:00.168118300Z,TaxiAlgorithmP2PCollector,1,20000,20,100,1,nearest,1,4,1,BASELINE,9,116264434,Client Travel Time [min],488.0,6251.0,2310.82,231082.0,100,5763.0
2026-05-08T14:27:00.168118300Z,TaxiAlgorithmP2PCollector,1,20000,20,100,1,nearest,1,4,1,BASELINE,9,116264434,Calculation Time [millis],0.0,47.0,0.3,2713.0,9083,47.0
2026-05-08T14:27:00.168118300Z,TaxiAlgorithmP2PCollector,1,20000,20,100,1,nearest,1,4,1,BASELINE,9,116264434,Custom Time [micros],0.0,0.0,0.0,0.0,9083,0.0
2026-05-08T14:27:03.065336600Z,TaxiAlgorithmP2PCollector,1,20000,20,100,1,nearest,1,4,1,BASELINE,10,116264435,Taxi Travel Distance [km],113.89,181.85,156.94,3138.81,20,67.96
2026-05-08T14:27:03.065336600Z,TaxiAlgorithmP2PCollector,1,20000,20,100,1,nearest,1,4,1,BASELINE,10,116264435,Client Waiting Time [min],1.27,96.02,22.7,2269.82,100,94.75
2026-05-08T14:27:03.065336600Z,TaxiAlgorithmP2PCollector,1,20000,20,100,1,nearest,1,4,1,BASELINE,10,116264435,Client Travel Time [min],405.0,6795.0,2236.5,223650.0,100,6390.0
2026-05-08T14:27:03.065336600Z,TaxiAlgorithmP2PCollector,1,20000,20,100,1,nearest,1,4,1,BASELINE,10,116264435,Calculation Time [millis],0.0,58.0,0.31,2717.0,8678,58.0
2026-05-08T14:27:03.065336600Z,TaxiAlgorithmP2PCollector,1,20000,20,100,1,nearest,1,4,1,BASELINE,10,116264435,Custom Time [micros],0.0,0.0,0.0,0.0,8678,0.0
2026-05-08T14:27:04.401117400Z,TaxiAlgorithmP2PCollector,2,1000,5,25,1,nearest,1,4,1,BASELINE,1,116264426,Taxi Travel Distance [km],19.8,612.4,300.18,1500.91,5,592.6
2026-05-08T14:27:04.401117400Z,TaxiAlgorithmP2PCollector,2,1000,5,25,1,nearest,1,4,1,BASELINE,1,116264426,Client Waiting Time [min],4.82,336.12,92.31,1107.72,12,331.3
2026-05-08T14:27:04.401117400Z,TaxiAlgorithmP2PCollector,2,1000,5,25,1,nearest,1,4,1,BASELINE,1,116264426,Client Travel Time [min],1198.0,31321.0,13533.28,338332.0,25,30123.0
2026-05-08T14:27:04.401117400Z,TaxiAlgorithmP2PCollector,2,1000,5,25,1,nearest,1,4,1,BASELINE,1,116264426,Calculation Time [millis],0.0,46.0,0.04,1179.0,32447,46.0
2026-05-08T14:27:04.401117400Z,TaxiAlgorithmP2PCollector,2,1000,5,25,1,nearest,1,4,1,BASELINE,1,116264426,Custom Time [micros],0.0,0.0,0.0,0.0,32447,0.0
2026-05-08T14:27:05.871265200Z,TaxiAlgorithmP2PCollector,2,1000,5,25,1,nearest,1,4,1,BASELINE,2,116264427,Taxi Travel Distance [km],59.34,267.15,142.09,710.44,5,207.80999999999997
2026-05-08T14:27:05.871265200Z,TaxiAlgorithmP2PCollector,2,1000,5,25,1,nearest,1,4,1,BASELINE,2,116264427,Client Waiting Time [min],1.55,36.82,18.21,54.62,3,35.27
2026-05-08T14:27:05.871265200Z,TaxiAlgorithmP2PCollector,2,1000,5,25,1,nearest,1,4,1,BASELINE,2,116264427,Client Travel Time [min],1168.0,35078.0,16264.8,406620.0,25,33910.0
2026-05-08T14:27:05.871265200Z,TaxiAlgorithmP2PCollector,2,1000,5,25,1,nearest,1,4,1,BASELINE,2,116264427,Calculation Time [millis],0.0,54.0,0.04,1338.0,37083,54.0
2026-05-08T14:27:05.871265200Z,TaxiAlgorithmP2PCollector,2,1000,5,25,1,nearest,1,4,1,BASELINE,2,116264427,Custom Time [micros],0.0,0.0,0.0,0.0,37083,0.0
2026-05-08T14:27:07.209942500Z,TaxiAlgorithmP2PCollector,2,1000,5,25,1,nearest,1,4,1,BASELINE,3,116264428,Taxi Travel Distance [km],11.62,109.78,59.77,298.86,5,98.16
2026-05-08T14:27:07.209942500Z,TaxiAlgorithmP2PCollector,2,1000,5,25,1,nearest,1,4,1,BASELINE,3,116264428,Client Waiting Time [min],31.7,31.7,31.7,31.7,1,0.0
2026-05-08T14:27:07.209942500Z,TaxiAlgorithmP2PCollector,2,1000,5,25,1,nearest,1,4,1,BASELINE,3,116264428,Client Travel Time [min],2787.0,30627.0,14140.44,353511.0,25,27840.0
2026-05-08T14:27:07.209942500Z,TaxiAlgorithmP2PCollector,2,1000,5,25,1,nearest,1,4,1,BASELINE,3,116264428,Calculation Time [millis],0.0,56.0,0.04,1185.0,32415,56.0
2026-05-08T14:27:07.209942500Z,TaxiAlgorithmP2PCollector,2,1000,5,25,1,nearest,1,4,1,BASELINE,3,116264428,Custom Time [micros],0.0,0.0,0.0,0.0,32415,0.0
2026-05-08T14:27:08.714103700Z,TaxiAlgorithmP2PCollector,2,1000,5,25,1,nearest,1,4,1,BASELINE,4,116264429,Taxi Travel Distance [km],69.31,230.01,124.74,623.69,5,160.7
2026-05-08T14:27:08.714103700Z,TaxiAlgorithmP2PCollector,2,1000,5,25,1,nearest,1,4,1,BASELINE,4,116264429,Client Waiting Time [min],18.27,131.2,77.52,542.67,7,112.92999999999999
2026-05-08T14:27:08.714103700Z,TaxiAlgorithmP2PCollector,2,1000,5,25,1,nearest,1,4,1,BASELINE,4,116264429,Client Travel Time [min],2883.0,36697.0,13864.68,346617.0,25,33814.0
2026-05-08T14:27:08.714103700Z,TaxiAlgorithmP2PCollector,2,1000,5,25,1,nearest,1,4,1,BASELINE,4,116264429,Calculation Time [millis],0.0,64.0,0.04,1381.0,38560,64.0
2026-05-08T14:27:08.714103700Z,TaxiAlgorithmP2PCollector,2,1000,5,25,1,nearest,1,4,1,BASELINE,4,116264429,Custom Time [micros],0.0,0.0,0.0,0.0,38560,0.0
2026-05-08T14:27:10.253209700Z,TaxiAlgorithmP2PCollector,2,1000,5,25,1,nearest,1,4,1,BASELINE,5,116264430,Taxi Travel Distance [km],4.51,134.79,42.33,211.67,5,130.28
2026-05-08T14:27:10.253209700Z,TaxiAlgorithmP2PCollector,2,1000,5,25,1,nearest,1,4,1,BASELINE,5,116264430,Client Waiting Time [min],31.13,31.13,31.13,31.13,1,0.0
2026-05-08T14:27:10.253209700Z,TaxiAlgorithmP2PCollector,2,1000,5,25,1,nearest,1,4,1,BASELINE,5,116264430,Client Travel Time [min],2940.0,34554.0,18647.8,466195.0,25,31614.0
2026-05-08T14:27:10.253209700Z,TaxiAlgorithmP2PCollector,2,1000,5,25,1,nearest,1,4,1,BASELINE,5,116264430,Calculation Time [millis],0.0,59.0,0.04,1399.0,38871,59.0
2026-05-08T14:27:10.253209700Z,TaxiAlgorithmP2PCollector,2,1000,5,25,1,nearest,1,4,1,BASELINE,5,116264430,Custom Time [micros],0.0,0.0,0.0,0.0,38871,0.0
2026-05-08T14:27:11.956378500Z,TaxiAlgorithmP2PCollector,2,1000,5,25,1,nearest,1,4,1,BASELINE,6,116264431,Taxi Travel Distance [km],66.37,233.77,148.74,743.69,5,167.4
2026-05-08T14:27:11.956378500Z,TaxiAlgorithmP2PCollector,2,1000,5,25,1,nearest,1,4,1,BASELINE,6,116264431,Client Waiting Time [min],2.6,116.72,48.33,338.32,7,114.12
2026-05-08T14:27:11.956378500Z,TaxiAlgorithmP2PCollector,2,1000,5,25,1,nearest,1,4,1,BASELINE,6,116264431,Client Travel Time [min],959.0,38900.0,14561.2,364030.0,25,37941.0
2026-05-08T14:27:11.956378500Z,TaxiAlgorithmP2PCollector,2,1000,5,25,1,nearest,1,4,1,BASELINE,6,116264431,Calculation Time [millis],0.0,57.0,0.04,1541.0,43285,57.0
2026-05-08T14:27:11.956378500Z,TaxiAlgorithmP2PCollector,2,1000,5,25,1,nearest,1,4,1,BASELINE,6,116264431,Custom Time [micros],0.0,0.0,0.0,0.0,43285,0.0
2026-05-08T14:27:13.531707300Z,TaxiAlgorithmP2PCollector,2,1000,5,25,1,nearest,1,4,1,BASELINE,7,116264432,Taxi Travel Distance [km],17.04,226.14,89.13,445.66,5,209.1
2026-05-08T14:27:13.531707300Z,TaxiAlgorithmP2PCollector,2,1000,5,25,1,nearest,1,4,1,BASELINE,7,116264432,Client Waiting Time [min],0.52,66.3,26.65,159.9,6,65.78
2026-05-08T14:27:13.531707300Z,TaxiAlgorithmP2PCollector,2,1000,5,25,1,nearest,1,4,1,BASELINE,7,116264432,Client Travel Time [min],160.0,33475.0,16455.56,411389.0,25,33315.0
2026-05-08T14:27:13.531707300Z,TaxiAlgorithmP2PCollector,2,1000,5,25,1,nearest,1,4,1,BASELINE,7,116264432,Calculation Time [millis],0.0,46.0,0.04,1427.0,37413,46.0
2026-05-08T14:27:13.531707300Z,TaxiAlgorithmP2PCollector,2,1000,5,25,1,nearest,1,4,1,BASELINE,7,116264432,Custom Time [micros],0.0,0.0,0.0,0.0,37413,0.0
2026-05-08T14:27:15.301746700Z,TaxiAlgorithmP2PCollector,2,1000,5,25,1,nearest,1,4,1,BASELINE,8,116264433,Taxi Travel Distance [km],6.77,152.42,68.06,340.31,5,145.64999999999998
2026-05-08T14:27:15.301746700Z,TaxiAlgorithmP2PCollector,2,1000,5,25,1,nearest,1,4,1,BASELINE,8,116264433,Client Waiting Time [min],38.03,66.57,52.3,104.6,2,28.539999999999992
2026-05-08T14:27:15.301746700Z,TaxiAlgorithmP2PCollector,2,1000,5,25,1,nearest,1,4,1,BASELINE,8,116264433,Client Travel Time [min],2459.0,37832.0,18288.32,457208.0,25,35373.0
2026-05-08T14:27:15.301746700Z,TaxiAlgorithmP2PCollector,2,1000,5,25,1,nearest,1,4,1,BASELINE,8,116264433,Calculation Time [millis],0.0,42.0,0.04,1594.0,42368,42.0
2026-05-08T14:27:15.301746700Z,TaxiAlgorithmP2PCollector,2,1000,5,25,1,nearest,1,4,1,BASELINE,8,116264433,Custom Time [micros],0.0,0.0,0.0,0.0,42368,0.0
2026-05-08T14:27:16.981825300Z,TaxiAlgorithmP2PCollector,2,1000,5,25,1,nearest,1,4,1,BASELINE,9,116264434,Taxi Travel Distance [km],8.1,53.98,36.89,184.47,5,45.879999999999995
2026-05-08T14:27:16.981825300Z,TaxiAlgorithmP2PCollector,2,1000,5,25,1,nearest,1,4,1,BASELINE,9,116264434,Client Waiting Time [min],0.0,0.0,0.0,0.0,0,0.0
2026-05-08T14:27:16.981825300Z,TaxiAlgorithmP2PCollector,2,1000,5,25,1,nearest,1,4,1,BASELINE,9,116264434,Client Travel Time [min],1360.0,37584.0,19104.28,477607.0,25,36224.0
2026-05-08T14:27:16.981825300Z,TaxiAlgorithmP2PCollector,2,1000,5,25,1,nearest,1,4,1,BASELINE,9,116264434,Calculation Time [millis],0.0,32.0,0.04,1488.0,40177,32.0
2026-05-08T14:27:16.981825300Z,TaxiAlgorithmP2PCollector,2,1000,5,25,1,nearest,1,4,1,BASELINE,9,116264434,Custom Time [micros],0.0,0.0,0.0,0.0,40177,0.0
2026-05-08T14:27:18.556383100Z,TaxiAlgorithmP2PCollector,2,1000,5,25,1,nearest,1,4,1,BASELINE,10,116264435,Taxi Travel Distance [km],10.63,106.67,47.7,238.49,5,96.04
2026-05-08T14:27:18.556383100Z,TaxiAlgorithmP2PCollector,2,1000,5,25,1,nearest,1,4,1,BASELINE,10,116264435,Client Waiting Time [min],7.37,7.37,7.37,7.37,1,0.0
2026-05-08T14:27:18.556383100Z,TaxiAlgorithmP2PCollector,2,1000,5,25,1,nearest,1,4,1,BASELINE,10,116264435,Client Travel Time [min],1455.0,32341.0,19035.24,475881.0,25,30886.0
2026-05-08T14:27:18.556383100Z,TaxiAlgorithmP2PCollector,2,1000,5,25,1,nearest,1,4,1,BASELINE,10,116264435,Calculation Time [millis],0.0,26.0,0.04,1386.0,36742,26.0
2026-05-08T14:27:18.556383100Z,TaxiAlgorithmP2PCollector,2,1000,5,25,1,nearest,1,4,1,BASELINE,10,116264435,Custom Time [micros],0.0,0.0,0.0,0.0,36742,0.0
2026-05-08T14:27:22.091968200Z,TaxiAlgorithmP2PCollector,2,1000,10,25,1,nearest,1,4,1,BASELINE,1,116264426,Taxi Travel Distance [km],70.13,429.8,237.99,2379.88,10,359.67
2026-05-08T14:27:22.091968200Z,TaxiAlgorithmP2PCollector,2,1000,10,25,1,nearest,1,4,1,BASELINE,1,116264426,Client Waiting Time [min],2.15,161.22,74.77,1644.83,22,159.07
2026-05-08T14:27:22.091968200Z,TaxiAlgorithmP2PCollector,2,1000,10,25,1,nearest,1,4,1,BASELINE,1,116264426,Client Travel Time [min],547.0,25809.0,7000.2,175005.0,25,25262.0
2026-05-08T14:27:22.091968200Z,TaxiAlgorithmP2PCollector,2,1000,10,25,1,nearest,1,4,1,BASELINE,1,116264426,Calculation Time [millis],0.0,57.0,0.12,3332.0,28689,57.0
2026-05-08T14:27:22.091968200Z,TaxiAlgorithmP2PCollector,2,1000,10,25,1,nearest,1,4,1,BASELINE,1,116264426,Custom Time [micros],0.0,0.0,0.0,0.0,28689,0.0
2026-05-08T14:27:26.337164100Z,TaxiAlgorithmP2PCollector,2,1000,10,25,1,nearest,1,4,1,BASELINE,2,116264427,Taxi Travel Distance [km],15.03,393.38,141.47,1414.65,10,378.35
2026-05-08T14:27:26.337164100Z,TaxiAlgorithmP2PCollector,2,1000,10,25,1,nearest,1,4,1,BASELINE,2,116264427,Client Waiting Time [min],1.23,124.72,43.84,745.2,17,123.49
2026-05-08T14:27:26.337164100Z,TaxiAlgorithmP2PCollector,2,1000,10,25,1,nearest,1,4,1,BASELINE,2,116264427,Client Travel Time [min],424.0,35078.0,7086.6,177165.0,25,34654.0
2026-05-08T14:27:26.337164100Z,TaxiAlgorithmP2PCollector,2,1000,10,25,1,nearest,1,4,1,BASELINE,2,116264427,Calculation Time [millis],0.0,53.0,0.11,3920.0,36892,53.0
2026-05-08T14:27:26.337164100Z,TaxiAlgorithmP2PCollector,2,1000,10,25,1,nearest,1,4,1,BASELINE,2,116264427,Custom Time [micros],0.0,0.0,0.0,0.0,36892,0.0
2026-05-08T14:27:30.201255500Z,TaxiAlgorithmP2PCollector,2,1000,10,25,1,nearest,1,4,1,BASELINE,3,116264428,Taxi Travel Distance [km],18.77,539.93,167.49,1674.87,10,521.16
2026-05-08T14:27:30.201255500Z,TaxiAlgorithmP2PCollector,2,1000,10,25,1,nearest,1,4,1,BASELINE,3,116264428,Client Waiting Time [min],1.6,134.97,48.95,587.35,12,133.37
2026-05-08T14:27:30.201255500Z,TaxiAlgorithmP2PCollector,2,1000,10,25,1,nearest,1,4,1,BASELINE,3,116264428,Client Travel Time [min],777.0,30627.0,9288.76,232219.0,25,29850.0
2026-05-08T14:27:30.201255500Z,TaxiAlgorithmP2PCollector,2,1000,10,25,1,nearest,1,4,1,BASELINE,3,116264428,Calculation Time [millis],0.0,97.0,0.11,3607.0,32415,97.0
2026-05-08T14:27:30.201255500Z,TaxiAlgorithmP2PCollector,2,1000,10,25,1,nearest,1,4,1,BASELINE,3,116264428,Custom Time [micros],0.0,0.0,0.0,0.0,32415,0.0
2026-05-08T14:27:34.153679200Z,TaxiAlgorithmP2PCollector,2,1000,10,25,1,nearest,1,4,1,BASELINE,4,116264429,Taxi Travel Distance [km],5.53,195.22,77.09,770.86,10,189.69
2026-05-08T14:27:34.153679200Z,TaxiAlgorithmP2PCollector,2,1000,10,25,1,nearest,1,4,1,BASELINE,4,116264429,Client Waiting Time [min],5.13,95.05,35.18,211.05,6,89.92
2026-05-08T14:27:34.153679200Z,TaxiAlgorithmP2PCollector,2,1000,10,25,1,nearest,1,4,1,BASELINE,4,116264429,Client Travel Time [min],896.0,31402.0,14597.12,364928.0,25,30506.0
2026-05-08T14:27:34.153679200Z,TaxiAlgorithmP2PCollector,2,1000,10,25,1,nearest,1,4,1,BASELINE,4,116264429,Calculation Time [millis],0.0,76.0,0.11,3778.0,34063,76.0
2026-05-08T14:27:34.153679200Z,TaxiAlgorithmP2PCollector,2,1000,10,25,1,nearest,1,4,1,BASELINE,4,116264429,Custom Time [micros],0.0,0.0,0.0,0.0,34063,0.0
2026-05-08T14:27:38.639221400Z,TaxiAlgorithmP2PCollector,2,1000,10,25,1,nearest,1,4,1,BASELINE,5,116264430,Taxi Travel Distance [km],19.0,451.41,135.87,1358.7,10,432.41
2026-05-08T14:27:38.639221400Z,TaxiAlgorithmP2PCollector,2,1000,10,25,1,nearest,1,4,1,BASELINE,5,116264430,Client Waiting Time [min],10.3,244.15,98.93,1483.97,15,233.85
2026-05-08T14:27:38.639221400Z,TaxiAlgorithmP2PCollector,2,1000,10,25,1,nearest,1,4,1,BASELINE,5,116264430,Client Travel Time [min],942.0,34554.0,12555.32,313883.0,25,33612.0
2026-05-08T14:27:38.639221400Z,TaxiAlgorithmP2PCollector,2,1000,10,25,1,nearest,1,4,1,BASELINE,5,116264430,Calculation Time [millis],0.0,91.0,0.11,4236.0,38871,91.0
2026-05-08T14:27:38.639221400Z,TaxiAlgorithmP2PCollector,2,1000,10,25,1,nearest,1,4,1,BASELINE,5,116264430,Custom Time [micros],0.0,0.0,0.0,0.0,38871,0.0
2026-05-08T14:27:43.849316200Z,TaxiAlgorithmP2PCollector,2,1000,10,25,1,nearest,1,4,1,BASELINE,6,116264431,Taxi Travel Distance [km],5.13,325.16,137.43,1374.32,10,320.03000000000003
2026-05-08T14:27:43.849316200Z,TaxiAlgorithmP2PCollector,2,1000,10,25,1,nearest,1,4,1,BASELINE,6,116264431,Client Waiting Time [min],0.53,359.95,94.37,660.57,7,359.42
2026-05-08T14:27:43.849316200Z,TaxiAlgorithmP2PCollector,2,1000,10,25,1,nearest,1,4,1,BASELINE,6,116264431,Client Travel Time [min],849.0,38260.0,15831.16,395779.0,25,37411.0
2026-05-08T14:27:43.849316200Z,TaxiAlgorithmP2PCollector,2,1000,10,25,1,nearest,1,4,1,BASELINE,6,116264431,Calculation Time [millis],0.0,83.0,0.12,4909.0,42309,83.0
2026-05-08T14:27:43.849316200Z,TaxiAlgorithmP2PCollector,2,1000,10,25,1,nearest,1,4,1,BASELINE,6,116264431,Custom Time [micros],0.0,0.0,0.0,0.0,42309,0.0
2026-05-08T14:27:48.388441800Z,TaxiAlgorithmP2PCollector,2,1000,10,25,1,nearest,1,4,1,BASELINE,7,116264432,Taxi Travel Distance [km],16.6,157.4,104.36,1043.59,10,140.8
2026-05-08T14:27:48.388441800Z,TaxiAlgorithmP2PCollector,2,1000,10,25,1,nearest,1,4,1,BASELINE,7,116264432,Client Waiting Time [min],0.52,89.47,32.31,258.47,8,88.95
2026-05-08T14:27:48.388441800Z,TaxiAlgorithmP2PCollector,2,1000,10,25,1,nearest,1,4,1,BASELINE,7,116264432,Client Travel Time [min],160.0,33475.0,15234.92,380873.0,25,33315.0
2026-05-08T14:27:48.388441800Z,TaxiAlgorithmP2PCollector,2,1000,10,25,1,nearest,1,4,1,BASELINE,7,116264432,Calculation Time [millis],0.0,86.0,0.11,4246.0,37413,86.0
2026-05-08T14:27:48.388441800Z,TaxiAlgorithmP2PCollector,2,1000,10,25,1,nearest,1,4,1,BASELINE,7,116264432,Custom Time [micros],0.0,0.0,0.0,0.0,37413,0.0
2026-05-08T14:27:52.802727200Z,TaxiAlgorithmP2PCollector,2,1000,10,25,1,nearest,1,4,1,BASELINE,8,116264433,Taxi Travel Distance [km],4.95,229.78,71.84,718.36,10,224.83
2026-05-08T14:27:52.802727200Z,TaxiAlgorithmP2PCollector,2,1000,10,25,1,nearest,1,4,1,BASELINE,8,116264433,Client Waiting Time [min],0.73,97.77,39.8,199.0,5,97.03999999999999
2026-05-08T14:27:52.802727200Z,TaxiAlgorithmP2PCollector,2,1000,10,25,1,nearest,1,4,1,BASELINE,8,116264433,Client Travel Time [min],1362.0,33603.0,14806.48,370162.0,25,32241.0
2026-05-08T14:27:52.802727200Z,TaxiAlgorithmP2PCollector,2,1000,10,25,1,nearest,1,4,1,BASELINE,8,116264433,Calculation Time [millis],0.0,87.0,0.11,4158.0,38050,87.0
2026-05-08T14:27:52.802727200Z,TaxiAlgorithmP2PCollector,2,1000,10,25,1,nearest,1,4,1,BASELINE,8,116264433,Custom Time [micros],0.0,0.0,0.0,0.0,38050,0.0
2026-05-08T14:27:56.887074400Z,TaxiAlgorithmP2PCollector,2,1000,10,25,1,nearest,1,4,1,BASELINE,9,116264434,Taxi Travel Distance [km],23.02,243.46,132.14,1321.36,10,220.44
2026-05-08T14:27:56.887074400Z,TaxiAlgorithmP2PCollector,2,1000,10,25,1,nearest,1,4,1,BASELINE,9,116264434,Client Waiting Time [min],1.77,87.88,33.03,495.45,15,86.11
2026-05-08T14:27:56.887074400Z,TaxiAlgorithmP2PCollector,2,1000,10,25,1,nearest,1,4,1,BASELINE,9,116264434,Client Travel Time [min],679.0,34243.0,9255.28,231382.0,25,33564.0
2026-05-08T14:27:56.887074400Z,TaxiAlgorithmP2PCollector,2,1000,10,25,1,nearest,1,4,1,BASELINE,9,116264434,Calculation Time [millis],0.0,92.0,0.11,3822.0,34401,92.0
2026-05-08T14:27:56.887074400Z,TaxiAlgorithmP2PCollector,2,1000,10,25,1,nearest,1,4,1,BASELINE,9,116264434,Custom Time [micros],0.0,0.0,0.0,0.0,34401,0.0
2026-05-08T14:28:01.242548800Z,TaxiAlgorithmP2PCollector,2,1000,10,25,1,nearest,1,4,1,BASELINE,10,116264435,Taxi Travel Distance [km],2.72,204.42,82.8,828.0,10,201.7
2026-05-08T14:28:01.242548800Z,TaxiAlgorithmP2PCollector,2,1000,10,25,1,nearest,1,4,1,BASELINE,10,116264435,Client Waiting Time [min],3.75,36.08,17.98,71.9,4,32.33
2026-05-08T14:28:01.242548800Z,TaxiAlgorithmP2PCollector,2,1000,10,25,1,nearest,1,4,1,BASELINE,10,116264435,Client Travel Time [min],606.0,32341.0,15517.68,387942.0,25,31735.0
2026-05-08T14:28:01.242548800Z,TaxiAlgorithmP2PCollector,2,1000,10,25,1,nearest,1,4,1,BASELINE,10,116264435,Calculation Time [millis],0.0,103.0,0.11,4140.0,36742,103.0
2026-05-08T14:28:01.242548800Z,TaxiAlgorithmP2PCollector,2,1000,10,25,1,nearest,1,4,1,BASELINE,10,116264435,Custom Time [micros],0.0,0.0,0.0,0.0,36742,0.0
2026-05-08T14:28:05.738560300Z,TaxiAlgorithmP2PCollector,2,1000,10,50,1,nearest,1,4,1,BASELINE,1,116264426,Taxi Travel Distance [km],10.49,455.63,90.7,906.97,10,445.14
2026-05-08T14:28:05.738560300Z,TaxiAlgorithmP2PCollector,2,1000,10,50,1,nearest,1,4,1,BASELINE,1,116264426,Client Waiting Time [min],0.38,281.52,87.95,967.4,11,281.14
2026-05-08T14:28:05.738560300Z,TaxiAlgorithmP2PCollector,2,1000,10,50,1,nearest,1,4,1,BASELINE,1,116264426,Client Travel Time [min],576.0,32202.0,14922.82,746141.0,50,31626.0
2026-05-08T14:28:05.738560300Z,TaxiAlgorithmP2PCollector,2,1000,10,50,1,nearest,1,4,1,BASELINE,1,116264426,Calculation Time [millis],0.0,131.0,0.12,4261.0,34796,131.0
2026-05-08T14:28:05.738560300Z,TaxiAlgorithmP2PCollector,2,1000,10,50,1,nearest,1,4,1,BASELINE,1,116264426,Custom Time [micros],0.0,0.0,0.0,0.0,34796,0.0
2026-05-08T14:28:10.252516800Z,TaxiAlgorithmP2PCollector,2,1000,10,50,1,nearest,1,4,1,BASELINE,2,116264427,Taxi Travel Distance [km],6.3,374.88,193.06,1930.55,10,368.58
2026-05-08T14:28:10.252516800Z,TaxiAlgorithmP2PCollector,2,1000,10,50,1,nearest,1,4,1,BASELINE,2,116264427,Client Waiting Time [min],0.55,254.7,72.1,2523.53,35,254.14999999999998
2026-05-08T14:28:10.252516800Z,TaxiAlgorithmP2PCollector,2,1000,10,50,1,nearest,1,4,1,BASELINE,2,116264427,Client Travel Time [min],549.0,35078.0,6938.76,346938.0,50,34529.0
2026-05-08T14:28:10.252516800Z,TaxiAlgorithmP2PCollector,2,1000,10,50,1,nearest,1,4,1,BASELINE,2,116264427,Calculation Time [millis],0.0,83.0,0.11,4206.0,36892,83.0
2026-05-08T14:28:10.252516800Z,TaxiAlgorithmP2PCollector,2,1000,10,50,1,nearest,1,4,1,BASELINE,2,116264427,Custom Time [micros],0.0,0.0,0.0,0.0,36892,0.0
2026-05-08T14:28:14.164577500Z,TaxiAlgorithmP2PCollector,2,1000,10,50,1,nearest,1,4,1,BASELINE,3,116264428,Taxi Travel Distance [km],116.37,638.84,290.92,2909.15,10,522.47
2026-05-08T14:28:14.164577500Z,TaxiAlgorithmP2PCollector,2,1000,10,50,1,nearest,1,4,1,BASELINE,3,116264428,Client Waiting Time [min],0.8,348.17,94.97,3134.13,33,347.37
2026-05-08T14:28:14.164577500Z,TaxiAlgorithmP2PCollector,2,1000,10,50,1,nearest,1,4,1,BASELINE,3,116264428,Client Travel Time [min],878.0,30089.0,8191.8,409590.0,50,29211.0
2026-05-08T14:28:14.164577500Z,TaxiAlgorithmP2PCollector,2,1000,10,50,1,nearest,1,4,1,BASELINE,3,116264428,Calculation Time [millis],0.0,78.0,0.11,3684.0,32149,78.0
2026-05-08T14:28:14.164577500Z,TaxiAlgorithmP2PCollector,2,1000,10,50,1,nearest,1,4,1,BASELINE,3,116264428,Custom Time [micros],0.0,0.0,0.0,0.0,32149,0.0
2026-05-08T14:28:18.862011700Z,TaxiAlgorithmP2PCollector,2,1000,10,50,1,nearest,1,4,1,BASELINE,4,116264429,Taxi Travel Distance [km],7.6,479.84,195.54,1955.39,10,472.23999999999995
2026-05-08T14:28:18.862011700Z,TaxiAlgorithmP2PCollector,2,1000,10,50,1,nearest,1,4,1,BASELINE,4,116264429,Client Waiting Time [min],2.43,267.47,88.95,1778.95,20,265.04
2026-05-08T14:28:18.862011700Z,TaxiAlgorithmP2PCollector,2,1000,10,50,1,nearest,1,4,1,BASELINE,4,116264429,Client Travel Time [min],816.0,34336.0,12160.74,608037.0,50,33520.0
2026-05-08T14:28:18.862011700Z,TaxiAlgorithmP2PCollector,2,1000,10,50,1,nearest,1,4,1,BASELINE,4,116264429,Calculation Time [millis],0.0,92.0,0.11,4444.0,38943,92.0
2026-05-08T14:28:18.862011700Z,TaxiAlgorithmP2PCollector,2,1000,10,50,1,nearest,1,4,1,BASELINE,4,116264429,Custom Time [micros],0.0,0.0,0.0,0.0,38943,0.0
2026-05-08T14:28:22.240684Z,TaxiAlgorithmP2PCollector,2,1000,10,50,1,nearest,1,4,1,BASELINE,5,116264430,Taxi Travel Distance [km],23.95,518.97,208.09,2080.94,10,495.02000000000004
2026-05-08T14:28:22.240684Z,TaxiAlgorithmP2PCollector,2,1000,10,50,1,nearest,1,4,1,BASELINE,5,116264430,Client Waiting Time [min],8.02,425.02,154.7,4950.47,32,417.0
2026-05-08T14:28:22.240684Z,TaxiAlgorithmP2PCollector,2,1000,10,50,1,nearest,1,4,1,BASELINE,5,116264430,Client Travel Time [min],1857.0,25718.0,11221.06,561053.0,50,23861.0
2026-05-08T14:28:22.240684Z,TaxiAlgorithmP2PCollector,2,1000,10,50,1,nearest,1,4,1,BASELINE,5,116264430,Calculation Time [millis],0.0,52.0,0.11,3133.0,28082,52.0
2026-05-08T14:28:22.240684Z,TaxiAlgorithmP2PCollector,2,1000,10,50,1,nearest,1,4,1,BASELINE,5,116264430,Custom Time [micros],0.0,0.0,0.0,0.0,28082,0.0
2026-05-08T14:28:27.513391700Z,TaxiAlgorithmP2PCollector,2,1000,10,50,1,nearest,1,4,1,BASELINE,6,116264431,Taxi Travel Distance [km],11.25,658.15,245.9,2458.96,10,646.9
2026-05-08T14:28:27.513391700Z,TaxiAlgorithmP2PCollector,2,1000,10,50,1,nearest,1,4,1,BASELINE,6,116264431,Client Waiting Time [min],0.42,415.02,103.57,3625.12,35,414.59999999999997
2026-05-08T14:28:27.513391700Z,TaxiAlgorithmP2PCollector,2,1000,10,50,1,nearest,1,4,1,BASELINE,6,116264431,Client Travel Time [min],710.0,38900.0,10744.44,537222.0,50,38190.0
2026-05-08T14:28:27.513391700Z,TaxiAlgorithmP2PCollector,2,1000,10,50,1,nearest,1,4,1,BASELINE,6,116264431,Calculation Time [millis],0.0,119.0,0.12,4979.0,43285,119.0
2026-05-08T14:28:27.513391700Z,TaxiAlgorithmP2PCollector,2,1000,10,50,1,nearest,1,4,1,BASELINE,6,116264431,Custom Time [micros],0.0,0.0,0.0,0.0,43285,0.0
2026-05-08T14:28:31.676215600Z,TaxiAlgorithmP2PCollector,2,1000,10,50,1,nearest,1,4,1,BASELINE,7,116264432,Taxi Travel Distance [km],56.01,364.26,176.74,1767.36,10,308.25
2026-05-08T14:28:31.676215600Z,TaxiAlgorithmP2PCollector,2,1000,10,50,1,nearest,1,4,1,BASELINE,7,116264432,Client Waiting Time [min],0.52,244.7,73.78,1992.0,27,244.17999999999998
2026-05-08T14:28:31.676215600Z,TaxiAlgorithmP2PCollector,2,1000,10,50,1,nearest,1,4,1,BASELINE,7,116264432,Client Travel Time [min],160.0,31347.0,10320.96,516048.0,50,31187.0
2026-05-08T14:28:31.676215600Z,TaxiAlgorithmP2PCollector,2,1000,10,50,1,nearest,1,4,1,BASELINE,7,116264432,Calculation Time [millis],0.0,65.0,0.12,3882.0,33032,65.0
2026-05-08T14:28:31.676215600Z,TaxiAlgorithmP2PCollector,2,1000,10,50,1,nearest,1,4,1,BASELINE,7,116264432,Custom Time [micros],0.0,0.0,0.0,0.0,33032,0.0
2026-05-08T14:28:35.798662800Z,TaxiAlgorithmP2PCollector,2,1000,10,50,1,nearest,1,4,1,BASELINE,8,116264433,Taxi Travel Distance [km],3.2,480.4,163.38,1633.85,10,477.2
2026-05-08T14:28:35.798662800Z,TaxiAlgorithmP2PCollector,2,1000,10,50,1,nearest,1,4,1,BASELINE,8,116264433,Client Waiting Time [min],0.58,388.02,99.17,2082.6,21,387.44
2026-05-08T14:28:35.798662800Z,TaxiAlgorithmP2PCollector,2,1000,10,50,1,nearest,1,4,1,BASELINE,8,116264433,Client Travel Time [min],393.0,29106.0,11922.88,596144.0,50,28713.0
2026-05-08T14:28:35.798662800Z,TaxiAlgorithmP2PCollector,2,1000,10,50,1,nearest,1,4,1,BASELINE,8,116264433,Calculation Time [millis],0.0,80.0,0.12,3824.0,32777,80.0
2026-05-08T14:28:35.798662800Z,TaxiAlgorithmP2PCollector,2,1000,10,50,1,nearest,1,4,1,BASELINE,8,116264433,Custom Time [micros],0.0,0.0,0.0,0.0,32777,0.0
2026-05-08T14:28:40.526445400Z,TaxiAlgorithmP2PCollector,2,1000,10,50,1,nearest,1,4,1,BASELINE,9,116264434,Taxi Travel Distance [km],16.18,209.57,88.97,889.75,10,193.39
2026-05-08T14:28:40.526445400Z,TaxiAlgorithmP2PCollector,2,1000,10,50,1,nearest,1,4,1,BASELINE,9,116264434,Client Waiting Time [min],3.05,85.42,19.5,194.97,10,82.37
2026-05-08T14:28:40.526445400Z,TaxiAlgorithmP2PCollector,2,1000,10,50,1,nearest,1,4,1,BASELINE,9,116264434,Client Travel Time [min],433.0,35052.0,15730.22,786511.0,50,34619.0
2026-05-08T14:28:40.526445400Z,TaxiAlgorithmP2PCollector,2,1000,10,50,1,nearest,1,4,1,BASELINE,9,116264434,Calculation Time [millis],0.0,92.0,0.12,4457.0,38462,92.0
2026-05-08T14:28:40.526445400Z,TaxiAlgorithmP2PCollector,2,1000,10,50,1,nearest,1,4,1,BASELINE,9,116264434,Custom Time [micros],0.0,0.0,0.0,0.0,38462,0.0
2026-05-08T14:28:44.468803200Z,TaxiAlgorithmP2PCollector,2,1000,10,50,1,nearest,1,4,1,BASELINE,10,116264435,Taxi Travel Distance [km],43.63,543.99,187.72,1877.24,10,500.36
2026-05-08T14:28:44.468803200Z,TaxiAlgorithmP2PCollector,2,1000,10,50,1,nearest,1,4,1,BASELINE,10,116264435,Client Waiting Time [min],0.52,374.83,93.01,2697.15,29,374.31
2026-05-08T14:28:44.468803200Z,TaxiAlgorithmP2PCollector,2,1000,10,50,1,nearest,1,4,1,BASELINE,10,116264435,Client Travel Time [min],367.0,30764.0,11279.06,563953.0,50,30397.0
2026-05-08T14:28:44.468803200Z,TaxiAlgorithmP2PCollector,2,1000,10,50,1,nearest,1,4,1,BASELINE,10,116264435,Calculation Time [millis],0.0,90.0,0.11,3691.0,32264,90.0
2026-05-08T14:28:44.468803200Z,TaxiAlgorithmP2PCollector,2,1000,10,50,1,nearest,1,4,1,BASELINE,10,116264435,Custom Time [micros],0.0,0.0,0.0,0.0,32264,0.0
2026-05-08T14:28:56.157562800Z,TaxiAlgorithmP2PCollector,2,1000,20,50,1,nearest,1,4,1,BASELINE,1,116264426,Taxi Travel Distance [km],39.59,580.1,199.19,3983.75,20,540.51
2026-05-08T14:28:56.157562800Z,TaxiAlgorithmP2PCollector,2,1000,20,50,1,nearest,1,4,1,BASELINE,1,116264426,Client Waiting Time [min],2.68,400.85,82.11,3120.1,38,398.17
2026-05-08T14:28:56.157562800Z,TaxiAlgorithmP2PCollector,2,1000,20,50,1,nearest,1,4,1,BASELINE,1,116264426,Client Travel Time [min],666.0,24258.0,6998.56,349928.0,50,23592.0
2026-05-08T14:28:56.157562800Z,TaxiAlgorithmP2PCollector,2,1000,20,50,1,nearest,1,4,1,BASELINE,1,116264426,Calculation Time [millis],0.0,179.0,0.43,11459.0,26753,179.0
2026-05-08T14:28:56.157562800Z,TaxiAlgorithmP2PCollector,2,1000,20,50,1,nearest,1,4,1,BASELINE,1,116264426,Custom Time [micros],0.0,0.0,0.0,0.0,26753,0.0
2026-05-08T14:29:09.936135400Z,TaxiAlgorithmP2PCollector,2,1000,20,50,1,nearest,1,4,1,BASELINE,2,116264427,Taxi Travel Distance [km],14.2,630.84,186.05,3720.98,20,616.64
2026-05-08T14:29:09.936135400Z,TaxiAlgorithmP2PCollector,2,1000,20,50,1,nearest,1,4,1,BASELINE,2,116264427,Client Waiting Time [min],0.57,182.62,50.21,1908.13,38,182.05
2026-05-08T14:29:09.936135400Z,TaxiAlgorithmP2PCollector,2,1000,20,50,1,nearest,1,4,1,BASELINE,2,116264427,Client Travel Time [min],454.0,25458.0,6059.78,302989.0,50,25004.0
2026-05-08T14:29:09.936135400Z,TaxiAlgorithmP2PCollector,2,1000,20,50,1,nearest,1,4,1,BASELINE,2,116264427,Calculation Time [millis],0.0,147.0,0.44,13346.0,30405,147.0
2026-05-08T14:29:09.936135400Z,TaxiAlgorithmP2PCollector,2,1000,20,50,1,nearest,1,4,1,BASELINE,2,116264427,Custom Time [micros],0.0,0.0,0.0,0.0,30405,0.0
2026-05-08T14:29:23.733326600Z,TaxiAlgorithmP2PCollector,2,1000,20,50,1,nearest,1,4,1,BASELINE,3,116264428,Taxi Travel Distance [km],28.57,583.94,171.53,3430.55,20,555.37
2026-05-08T14:29:23.733326600Z,TaxiAlgorithmP2PCollector,2,1000,20,50,1,nearest,1,4,1,BASELINE,3,116264428,Client Waiting Time [min],0.72,187.05,48.12,1828.62,38,186.33
2026-05-08T14:29:23.733326600Z,TaxiAlgorithmP2PCollector,2,1000,20,50,1,nearest,1,4,1,BASELINE,3,116264428,Client Travel Time [min],622.0,28707.0,6144.68,307234.0,50,28085.0
2026-05-08T14:29:23.733326600Z,TaxiAlgorithmP2PCollector,2,1000,20,50,1,nearest,1,4,1,BASELINE,3,116264428,Calculation Time [millis],0.0,179.0,0.43,13509.0,31137,179.0
2026-05-08T14:29:23.733326600Z,TaxiAlgorithmP2PCollector,2,1000,20,50,1,nearest,1,4,1,BASELINE,3,116264428,Custom Time [micros],0.0,0.0,0.0,0.0,31137,0.0
2026-05-08T14:29:38.986808300Z,TaxiAlgorithmP2PCollector,2,1000,20,50,1,nearest,1,4,1,BASELINE,4,116264429,Taxi Travel Distance [km],5.9,416.92,146.15,2923.05,20,411.02000000000004
2026-05-08T14:29:38.986808300Z,TaxiAlgorithmP2PCollector,2,1000,20,50,1,nearest,1,4,1,BASELINE,4,116264429,Client Waiting Time [min],0.47,246.67,50.62,1771.77,35,246.2
2026-05-08T14:29:38.986808300Z,TaxiAlgorithmP2PCollector,2,1000,20,50,1,nearest,1,4,1,BASELINE,4,116264429,Client Travel Time [min],995.0,31402.0,6768.88,338444.0,50,30407.0
2026-05-08T14:29:38.986808300Z,TaxiAlgorithmP2PCollector,2,1000,20,50,1,nearest,1,4,1,BASELINE,4,116264429,Calculation Time [millis],0.0,163.0,0.44,14906.0,33725,163.0
2026-05-08T14:29:38.986808300Z,TaxiAlgorithmP2PCollector,2,1000,20,50,1,nearest,1,4,1,BASELINE,4,116264429,Custom Time [micros],0.0,0.0,0.0,0.0,33725,0.0
2026-05-08T14:29:55.079962300Z,TaxiAlgorithmP2PCollector,2,1000,20,50,1,nearest,1,4,1,BASELINE,5,116264430,Taxi Travel Distance [km],14.06,581.23,194.76,3895.19,20,567.1700000000001
2026-05-08T14:29:55.079962300Z,TaxiAlgorithmP2PCollector,2,1000,20,50,1,nearest,1,4,1,BASELINE,5,116264430,Client Waiting Time [min],0.52,539.82,73.52,3455.22,47,539.3000000000001
2026-05-08T14:29:55.079962300Z,TaxiAlgorithmP2PCollector,2,1000,20,50,1,nearest,1,4,1,BASELINE,5,116264430,Client Travel Time [min],456.0,32427.0,5903.78,295189.0,50,31971.0
2026-05-08T14:29:55.079962300Z,TaxiAlgorithmP2PCollector,2,1000,20,50,1,nearest,1,4,1,BASELINE,5,116264430,Calculation Time [millis],0.0,188.0,0.43,15765.0,36362,188.0
2026-05-08T14:29:55.079962300Z,TaxiAlgorithmP2PCollector,2,1000,20,50,1,nearest,1,4,1,BASELINE,5,116264430,Custom Time [micros],0.0,0.0,0.0,0.0,36362,0.0
2026-05-08T14:30:11.821692400Z,TaxiAlgorithmP2PCollector,2,1000,20,50,1,nearest,1,4,1,BASELINE,6,116264431,Taxi Travel Distance [km],9.87,298.27,154.08,3081.6,20,288.4
2026-05-08T14:30:11.821692400Z,TaxiAlgorithmP2PCollector,2,1000,20,50,1,nearest,1,4,1,BASELINE,6,116264431,Client Waiting Time [min],0.58,122.57,39.74,1311.37,33,121.99
2026-05-08T14:30:11.821692400Z,TaxiAlgorithmP2PCollector,2,1000,20,50,1,nearest,1,4,1,BASELINE,6,116264431,Client Travel Time [min],681.0,34636.0,8785.16,439258.0,50,33955.0
2026-05-08T14:30:11.821692400Z,TaxiAlgorithmP2PCollector,2,1000,20,50,1,nearest,1,4,1,BASELINE,6,116264431,Calculation Time [millis],0.0,200.0,0.44,16387.0,37619,200.0
2026-05-08T14:30:11.821692400Z,TaxiAlgorithmP2PCollector,2,1000,20,50,1,nearest,1,4,1,BASELINE,6,116264431,Custom Time [micros],0.0,0.0,0.0,0.0,37619,0.0
2026-05-08T14:30:30.835269Z,TaxiAlgorithmP2PCollector,2,1000,20,50,1,nearest,1,4,1,BASELINE,7,116264432,Taxi Travel Distance [km],26.91,366.87,158.5,3170.05,20,339.96
2026-05-08T14:30:30.835269Z,TaxiAlgorithmP2PCollector,2,1000,20,50,1,nearest,1,4,1,BASELINE,7,116264432,Client Waiting Time [min],0.52,212.87,58.06,2090.18,36,212.35
2026-05-08T14:30:30.835269Z,TaxiAlgorithmP2PCollector,2,1000,20,50,1,nearest,1,4,1,BASELINE,7,116264432,Client Travel Time [min],160.0,37845.0,6898.68,344934.0,50,37685.0
2026-05-08T14:30:30.835269Z,TaxiAlgorithmP2PCollector,2,1000,20,50,1,nearest,1,4,1,BASELINE,7,116264432,Calculation Time [millis],0.0,175.0,0.43,18456.0,42702,175.0
2026-05-08T14:30:30.835269Z,TaxiAlgorithmP2PCollector,2,1000,20,50,1,nearest,1,4,1,BASELINE,7,116264432,Custom Time [micros],0.0,0.0,0.0,0.0,42702,0.0
2026-05-08T14:30:49.969321100Z,TaxiAlgorithmP2PCollector,2,1000,20,50,1,nearest,1,4,1,BASELINE,8,116264433,Taxi Travel Distance [km],10.53,271.76,119.83,2396.53,20,261.23
2026-05-08T14:30:49.969321100Z,TaxiAlgorithmP2PCollector,2,1000,20,50,1,nearest,1,4,1,BASELINE,8,116264433,Client Waiting Time [min],0.42,152.33,41.54,1412.4,34,151.91000000000003
2026-05-08T14:30:49.969321100Z,TaxiAlgorithmP2PCollector,2,1000,20,50,1,nearest,1,4,1,BASELINE,8,116264433,Client Travel Time [min],644.0,37832.0,8106.8,405340.0,50,37188.0
2026-05-08T14:30:49.969321100Z,TaxiAlgorithmP2PCollector,2,1000,20,50,1,nearest,1,4,1,BASELINE,8,116264433,Calculation Time [millis],0.0,188.0,0.44,18691.0,42368,188.0
2026-05-08T14:30:49.969321100Z,TaxiAlgorithmP2PCollector,2,1000,20,50,1,nearest,1,4,1,BASELINE,8,116264433,Custom Time [micros],0.0,0.0,0.0,0.0,42368,0.0
2026-05-08T14:31:07.155814500Z,TaxiAlgorithmP2PCollector,2,1000,20,50,1,nearest,1,4,1,BASELINE,9,116264434,Taxi Travel Distance [km],5.58,521.65,179.26,3585.25,20,516.0699999999999
2026-05-08T14:31:07.155814500Z,TaxiAlgorithmP2PCollector,2,1000,20,50,1,nearest,1,4,1,BASELINE,9,116264434,Client Waiting Time [min],0.07,336.33,73.9,2734.32,37,336.26
2026-05-08T14:31:07.155814500Z,TaxiAlgorithmP2PCollector,2,1000,20,50,1,nearest,1,4,1,BASELINE,9,116264434,Client Travel Time [min],171.0,35512.0,7818.06,390903.0,50,35341.0
2026-05-08T14:31:07.155814500Z,TaxiAlgorithmP2PCollector,2,1000,20,50,1,nearest,1,4,1,BASELINE,9,116264434,Calculation Time [millis],0.0,200.0,0.44,16760.0,38113,200.0
2026-05-08T14:31:07.155814500Z,TaxiAlgorithmP2PCollector,2,1000,20,50,1,nearest,1,4,1,BASELINE,9,116264434,Custom Time [micros],0.0,0.0,0.0,0.0,38113,0.0
2026-05-08T14:31:22.796985800Z,TaxiAlgorithmP2PCollector,2,1000,20,50,1,nearest,1,4,1,BASELINE,10,116264435,Taxi Travel Distance [km],9.08,337.55,161.12,3222.36,20,328.47
2026-05-08T14:31:22.796985800Z,TaxiAlgorithmP2PCollector,2,1000,20,50,1,nearest,1,4,1,BASELINE,10,116264435,Client Waiting Time [min],0.63,135.3,36.57,1536.1,42,134.67000000000002
2026-05-08T14:31:22.796985800Z,TaxiAlgorithmP2PCollector,2,1000,20,50,1,nearest,1,4,1,BASELINE,10,116264435,Client Travel Time [min],683.0,31126.0,4968.46,248423.0,50,30443.0
2026-05-08T14:31:22.796985800Z,TaxiAlgorithmP2PCollector,2,1000,20,50,1,nearest,1,4,1,BASELINE,10,116264435,Calculation Time [millis],0.0,191.0,0.43,15272.0,35274,191.0
2026-05-08T14:31:22.796985800Z,TaxiAlgorithmP2PCollector,2,1000,20,50,1,nearest,1,4,1,BASELINE,10,116264435,Custom Time [micros],0.0,0.0,0.0,0.0,35274,0.0
2026-05-08T14:31:40.028561700Z,TaxiAlgorithmP2PCollector,2,1000,20,100,1,nearest,1,4,1,BASELINE,1,116264426,Taxi Travel Distance [km],69.8,512.71,232.02,4640.35,20,442.91
2026-05-08T14:31:40.028561700Z,TaxiAlgorithmP2PCollector,2,1000,20,100,1,nearest,1,4,1,BASELINE,1,116264426,Client Waiting Time [min],0.4,333.48,62.08,4842.28,78,333.08000000000004
2026-05-08T14:31:40.028561700Z,TaxiAlgorithmP2PCollector,2,1000,20,100,1,nearest,1,4,1,BASELINE,1,116264426,Client Travel Time [min],247.0,35203.0,6246.35,624635.0,100,34956.0
2026-05-08T14:31:40.028561700Z,TaxiAlgorithmP2PCollector,2,1000,20,100,1,nearest,1,4,1,BASELINE,1,116264426,Calculation Time [millis],0.0,172.0,0.44,16813.0,38373,172.0
2026-05-08T14:31:40.028561700Z,TaxiAlgorithmP2PCollector,2,1000,20,100,1,nearest,1,4,1,BASELINE,1,116264426,Custom Time [micros],0.0,0.0,0.0,0.0,38373,0.0
2026-05-08T14:31:56.448243Z,TaxiAlgorithmP2PCollector,2,1000,20,100,1,nearest,1,4,1,BASELINE,2,116264427,Taxi Travel Distance [km],9.84,445.38,197.04,3940.85,20,435.54
2026-05-08T14:31:56.448243Z,TaxiAlgorithmP2PCollector,2,1000,20,100,1,nearest,1,4,1,BASELINE,2,116264427,Client Waiting Time [min],0.22,314.17,84.14,6141.95,73,313.95
2026-05-08T14:31:56.448243Z,TaxiAlgorithmP2PCollector,2,1000,20,100,1,nearest,1,4,1,BASELINE,2,116264427,Client Travel Time [min],326.0,32613.0,8575.36,857536.0,100,32287.0
2026-05-08T14:31:56.448243Z,TaxiAlgorithmP2PCollector,2,1000,20,100,1,nearest,1,4,1,BASELINE,2,116264427,Calculation Time [millis],0.0,191.0,0.45,16013.0,35382,191.0
2026-05-08T14:31:56.448243Z,TaxiAlgorithmP2PCollector,2,1000,20,100,1,nearest,1,4,1,BASELINE,2,116264427,Custom Time [micros],0.0,0.0,0.0,0.0,35382,0.0
2026-05-08T14:32:10.935345300Z,TaxiAlgorithmP2PCollector,2,1000,20,100,1,nearest,1,4,1,BASELINE,3,116264428,Taxi Travel Distance [km],17.3,308.27,153.61,3072.22,20,290.96999999999997
2026-05-08T14:32:10.935345300Z,TaxiAlgorithmP2PCollector,2,1000,20,100,1,nearest,1,4,1,BASELINE,3,116264428,Client Waiting Time [min],0.57,471.47,65.85,3884.9,59,470.90000000000003
2026-05-08T14:32:10.935345300Z,TaxiAlgorithmP2PCollector,2,1000,20,100,1,nearest,1,4,1,BASELINE,3,116264428,Client Travel Time [min],493.0,30089.0,8485.24,848524.0,100,29596.0
2026-05-08T14:32:10.935345300Z,TaxiAlgorithmP2PCollector,2,1000,20,100,1,nearest,1,4,1,BASELINE,3,116264428,Calculation Time [millis],0.0,184.0,0.44,14084.0,32149,184.0
2026-05-08T14:32:10.935345300Z,TaxiAlgorithmP2PCollector,2,1000,20,100,1,nearest,1,4,1,BASELINE,3,116264428,Custom Time [micros],0.0,0.0,0.0,0.0,32149,0.0
2026-05-08T14:32:30.472312200Z,TaxiAlgorithmP2PCollector,2,1000,20,100,1,nearest,1,4,1,BASELINE,4,116264429,Taxi Travel Distance [km],8.63,424.05,173.72,3474.35,20,415.42
2026-05-08T14:32:30.472312200Z,TaxiAlgorithmP2PCollector,2,1000,20,100,1,nearest,1,4,1,BASELINE,4,116264429,Client Waiting Time [min],0.68,190.48,55.96,4140.97,74,189.79999999999998
2026-05-08T14:32:30.472312200Z,TaxiAlgorithmP2PCollector,2,1000,20,100,1,nearest,1,4,1,BASELINE,4,116264429,Client Travel Time [min],397.0,38204.0,7554.19,755419.0,100,37807.0
2026-05-08T14:32:30.472312200Z,TaxiAlgorithmP2PCollector,2,1000,20,100,1,nearest,1,4,1,BASELINE,4,116264429,Calculation Time [millis],0.0,194.0,0.44,19094.0,43118,194.0
2026-05-08T14:32:30.472312200Z,TaxiAlgorithmP2PCollector,2,1000,20,100,1,nearest,1,4,1,BASELINE,4,116264429,Custom Time [micros],0.0,0.0,0.0,0.0,43118,0.0
2026-05-08T14:32:46.343607300Z,TaxiAlgorithmP2PCollector,2,1000,20,100,1,nearest,1,4,1,BASELINE,5,116264430,Taxi Travel Distance [km],16.72,615.9,223.79,4475.89,20,599.18
2026-05-08T14:32:46.343607300Z,TaxiAlgorithmP2PCollector,2,1000,20,100,1,nearest,1,4,1,BASELINE,5,116264430,Client Waiting Time [min],0.42,349.42,79.82,5986.4,75,349.0
2026-05-08T14:32:46.343607300Z,TaxiAlgorithmP2PCollector,2,1000,20,100,1,nearest,1,4,1,BASELINE,5,116264430,Client Travel Time [min],723.0,32449.0,7801.06,780106.0,100,31726.0
2026-05-08T14:32:46.343607300Z,TaxiAlgorithmP2PCollector,2,1000,20,100,1,nearest,1,4,1,BASELINE,5,116264430,Calculation Time [millis],0.0,187.0,0.44,15373.0,34681,187.0
2026-05-08T14:32:46.343607300Z,TaxiAlgorithmP2PCollector,2,1000,20,100,1,nearest,1,4,1,BASELINE,5,116264430,Custom Time [micros],0.0,0.0,0.0,0.0,34681,0.0
2026-05-08T14:33:05.634839400Z,TaxiAlgorithmP2PCollector,2,1000,20,100,1,nearest,1,4,1,BASELINE,6,116264431,Taxi Travel Distance [km],128.92,467.68,236.99,4739.72,20,338.76
2026-05-08T14:33:05.634839400Z,TaxiAlgorithmP2PCollector,2,1000,20,100,1,nearest,1,4,1,BASELINE,6,116264431,Client Waiting Time [min],0.42,332.75,78.47,5963.6,76,332.33
2026-05-08T14:33:05.634839400Z,TaxiAlgorithmP2PCollector,2,1000,20,100,1,nearest,1,4,1,BASELINE,6,116264431,Client Travel Time [min],516.0,38260.0,7868.28,786828.0,100,37744.0
2026-05-08T14:33:05.634839400Z,TaxiAlgorithmP2PCollector,2,1000,20,100,1,nearest,1,4,1,BASELINE,6,116264431,Calculation Time [millis],0.0,168.0,0.45,18848.0,42309,168.0
2026-05-08T14:33:05.634839400Z,TaxiAlgorithmP2PCollector,2,1000,20,100,1,nearest,1,4,1,BASELINE,6,116264431,Custom Time [micros],0.0,0.0,0.0,0.0,42309,0.0
2026-05-08T14:33:22.692887Z,TaxiAlgorithmP2PCollector,2,1000,20,100,1,nearest,1,4,1,BASELINE,7,116264432,Taxi Travel Distance [km],19.23,782.9,219.13,4382.61,20,763.67
2026-05-08T14:33:22.692887Z,TaxiAlgorithmP2PCollector,2,1000,20,100,1,nearest,1,4,1,BASELINE,7,116264432,Client Waiting Time [min],0.52,291.27,66.09,5419.25,82,290.75
2026-05-08T14:33:22.692887Z,TaxiAlgorithmP2PCollector,2,1000,20,100,1,nearest,1,4,1,BASELINE,7,116264432,Client Travel Time [min],160.0,37072.0,6713.94,671394.0,100,36912.0
2026-05-08T14:33:22.692887Z,TaxiAlgorithmP2PCollector,2,1000,20,100,1,nearest,1,4,1,BASELINE,7,116264432,Calculation Time [millis],0.0,177.0,0.43,16539.0,38145,177.0
2026-05-08T14:33:22.692887Z,TaxiAlgorithmP2PCollector,2,1000,20,100,1,nearest,1,4,1,BASELINE,7,116264432,Custom Time [micros],0.0,0.0,0.0,0.0,38145,0.0
2026-05-08T14:33:38.412737900Z,TaxiAlgorithmP2PCollector,2,1000,20,100,1,nearest,1,4,1,BASELINE,8,116264433,Taxi Travel Distance [km],5.07,691.7,255.76,5115.15,20,686.63
2026-05-08T14:33:38.412737900Z,TaxiAlgorithmP2PCollector,2,1000,20,100,1,nearest,1,4,1,BASELINE,8,116264433,Client Waiting Time [min],1.45,277.03,84.75,7373.33,87,275.58
2026-05-08T14:33:38.412737900Z,TaxiAlgorithmP2PCollector,2,1000,20,100,1,nearest,1,4,1,BASELINE,8,116264433,Client Travel Time [min],596.0,32638.0,6677.18,667718.0,100,32042.0
2026-05-08T14:33:38.412737900Z,TaxiAlgorithmP2PCollector,2,1000,20,100,1,nearest,1,4,1,BASELINE,8,116264433,Calculation Time [millis],0.0,176.0,0.44,15318.0,34744,176.0
2026-05-08T14:33:38.412737900Z,TaxiAlgorithmP2PCollector,2,1000,20,100,1,nearest,1,4,1,BASELINE,8,116264433,Custom Time [micros],0.0,0.0,0.0,0.0,34744,0.0
2026-05-08T14:33:56.193214300Z,TaxiAlgorithmP2PCollector,2,1000,20,100,1,nearest,1,4,1,BASELINE,9,116264434,Taxi Travel Distance [km],10.13,522.22,201.37,4027.33,20,512.09
2026-05-08T14:33:56.193214300Z,TaxiAlgorithmP2PCollector,2,1000,20,100,1,nearest,1,4,1,BASELINE,9,116264434,Client Waiting Time [min],0.65,303.53,82.73,5874.0,71,302.88
2026-05-08T14:33:56.193214300Z,TaxiAlgorithmP2PCollector,2,1000,20,100,1,nearest,1,4,1,BASELINE,9,116264434,Client Travel Time [min],314.0,35512.0,8819.4,881940.0,100,35198.0
2026-05-08T14:33:56.193214300Z,TaxiAlgorithmP2PCollector,2,1000,20,100,1,nearest,1,4,1,BASELINE,9,116264434,Calculation Time [millis],0.0,194.0,0.45,17306.0,38880,194.0
2026-05-08T14:33:56.193214300Z,TaxiAlgorithmP2PCollector,2,1000,20,100,1,nearest,1,4,1,BASELINE,9,116264434,Custom Time [micros],0.0,0.0,0.0,0.0,38880,0.0
2026-05-08T14:34:12.739466700Z,TaxiAlgorithmP2PCollector,2,1000,20,100,1,nearest,1,4,1,BASELINE,10,116264435,Taxi Travel Distance [km],6.3,388.34,189.28,3785.52,20,382.03999999999996
2026-05-08T14:34:12.739466700Z,TaxiAlgorithmP2PCollector,2,1000,20,100,1,nearest,1,4,1,BASELINE,10,116264435,Client Waiting Time [min],0.18,263.93,54.74,3996.1,73,263.75
2026-05-08T14:34:12.739466700Z,TaxiAlgorithmP2PCollector,2,1000,20,100,1,nearest,1,4,1,BASELINE,10,116264435,Client Travel Time [min],825.0,33046.0,7375.69,737569.0,100,32221.0
2026-05-08T14:34:12.739466700Z,TaxiAlgorithmP2PCollector,2,1000,20,100,1,nearest,1,4,1,BASELINE,10,116264435,Calculation Time [millis],0.0,186.0,0.44,16016.0,36704,186.0
2026-05-08T14:34:12.739466700Z,TaxiAlgorithmP2PCollector,2,1000,20,100,1,nearest,1,4,1,BASELINE,10,116264435,Custom Time [micros],0.0,0.0,0.0,0.0,36704,0.0
2026-05-08T14:34:13.997015500Z,TaxiAlgorithmP2PCollector,2,5000,5,25,1,nearest,1,4,1,BASELINE,1,116264426,Taxi Travel Distance [km],68.92,368.17,259.51,1297.57,5,299.25
2026-05-08T14:34:13.997015500Z,TaxiAlgorithmP2PCollector,2,5000,5,25,1,nearest,1,4,1,BASELINE,1,116264426,Client Waiting Time [min],2.15,170.03,50.65,1215.7,24,167.88
2026-05-08T14:34:13.997015500Z,TaxiAlgorithmP2PCollector,2,5000,5,25,1,nearest,1,4,1,BASELINE,1,116264426,Client Travel Time [min],451.0,23984.0,4605.76,115144.0,25,23533.0
2026-05-08T14:34:13.997015500Z,TaxiAlgorithmP2PCollector,2,5000,5,25,1,nearest,1,4,1,BASELINE,1,116264426,Calculation Time [millis],0.0,0.0,0.04,1030.0,24323,0.0
2026-05-08T14:34:13.997015500Z,TaxiAlgorithmP2PCollector,2,5000,5,25,1,nearest,1,4,1,BASELINE,1,116264426,Custom Time [micros],0.0,0.0,0.0,0.0,24323,0.0
2026-05-08T14:34:14.928878600Z,TaxiAlgorithmP2PCollector,2,5000,5,25,1,nearest,1,4,1,BASELINE,2,116264427,Taxi Travel Distance [km],140.67,499.62,334.98,1674.89,5,358.95000000000005
2026-05-08T14:34:14.928878600Z,TaxiAlgorithmP2PCollector,2,5000,5,25,1,nearest,1,4,1,BASELINE,2,116264427,Client Waiting Time [min],1.55,308.92,77.77,1633.13,21,307.37
2026-05-08T14:34:14.928878600Z,TaxiAlgorithmP2PCollector,2,5000,5,25,1,nearest,1,4,1,BASELINE,2,116264427,Client Travel Time [min],674.0,22362.0,6497.4,162435.0,25,21688.0
2026-05-08T14:34:14.928878600Z,TaxiAlgorithmP2PCollector,2,5000,5,25,1,nearest,1,4,1,BASELINE,2,116264427,Calculation Time [millis],0.0,30.0,0.03,808.0,23088,30.0
2026-05-08T14:34:14.928878600Z,TaxiAlgorithmP2PCollector,2,5000,5,25,1,nearest,1,4,1,BASELINE,2,116264427,Custom Time [micros],0.0,0.0,0.0,0.0,23088,0.0
2026-05-08T14:34:15.417383700Z,TaxiAlgorithmP2PCollector,2,5000,5,25,1,nearest,1,4,1,BASELINE,3,116264428,Taxi Travel Distance [km],182.82,270.26,221.69,1108.43,5,87.44
2026-05-08T14:34:15.417383700Z,TaxiAlgorithmP2PCollector,2,5000,5,25,1,nearest,1,4,1,BASELINE,3,116264428,Client Waiting Time [min],1.9,164.13,55.26,1381.48,25,162.23
2026-05-08T14:34:15.417383700Z,TaxiAlgorithmP2PCollector,2,5000,5,25,1,nearest,1,4,1,BASELINE,3,116264428,Client Travel Time [min],509.0,10024.0,3915.36,97884.0,25,9515.0
2026-05-08T14:34:15.417383700Z,TaxiAlgorithmP2PCollector,2,5000,5,25,1,nearest,1,4,1,BASELINE,3,116264428,Calculation Time [millis],0.0,0.0,0.03,375.0,12841,0.0
2026-05-08T14:34:15.417383700Z,TaxiAlgorithmP2PCollector,2,5000,5,25,1,nearest,1,4,1,BASELINE,3,116264428,Custom Time [micros],0.0,0.0,0.0,0.0,12841,0.0
2026-05-08T14:34:16.099778800Z,TaxiAlgorithmP2PCollector,2,5000,5,25,1,nearest,1,4,1,BASELINE,4,116264429,Taxi Travel Distance [km],164.31,283.07,213.72,1068.58,5,118.75999999999999
2026-05-08T14:34:16.099778800Z,TaxiAlgorithmP2PCollector,2,5000,5,25,1,nearest,1,4,1,BASELINE,4,116264429,Client Waiting Time [min],1.22,145.5,43.0,946.1,22,144.28
2026-05-08T14:34:16.099778800Z,TaxiAlgorithmP2PCollector,2,5000,5,25,1,nearest,1,4,1,BASELINE,4,116264429,Client Travel Time [min],829.0,14867.0,4499.84,112496.0,25,14038.0
2026-05-08T14:34:16.099778800Z,TaxiAlgorithmP2PCollector,2,5000,5,25,1,nearest,1,4,1,BASELINE,4,116264429,Calculation Time [millis],0.0,0.0,0.04,566.0,15741,0.0
2026-05-08T14:34:16.099778800Z,TaxiAlgorithmP2PCollector,2,5000,5,25,1,nearest,1,4,1,BASELINE,4,116264429,Custom Time [micros],0.0,0.0,0.0,0.0,15741,0.0
2026-05-08T14:34:17.485707900Z,TaxiAlgorithmP2PCollector,2,5000,5,25,1,nearest,1,4,1,BASELINE,5,116264430,Taxi Travel Distance [km],64.18,208.51,143.89,719.43,5,144.32999999999998
2026-05-08T14:34:17.485707900Z,TaxiAlgorithmP2PCollector,2,5000,5,25,1,nearest,1,4,1,BASELINE,5,116264430,Client Waiting Time [min],3.02,127.83,42.17,801.25,19,124.81
2026-05-08T14:34:17.485707900Z,TaxiAlgorithmP2PCollector,2,5000,5,25,1,nearest,1,4,1,BASELINE,5,116264430,Client Travel Time [min],606.0,31526.0,7617.88,190447.0,25,30920.0
2026-05-08T14:34:17.485707900Z,TaxiAlgorithmP2PCollector,2,5000,5,25,1,nearest,1,4,1,BASELINE,5,116264430,Calculation Time [millis],0.0,22.0,0.03,1245.0,35665,22.0
2026-05-08T14:34:17.485707900Z,TaxiAlgorithmP2PCollector,2,5000,5,25,1,nearest,1,4,1,BASELINE,5,116264430,Custom Time [micros],0.0,0.0,0.0,0.0,35665,0.0
2026-05-08T14:34:18.437502200Z,TaxiAlgorithmP2PCollector,2,5000,5,25,1,nearest,1,4,1,BASELINE,6,116264431,Taxi Travel Distance [km],66.59,335.58,221.49,1107.43,5,268.99
2026-05-08T14:34:18.437502200Z,TaxiAlgorithmP2PCollector,2,5000,5,25,1,nearest,1,4,1,BASELINE,6,116264431,Client Waiting Time [min],1.68,157.45,45.94,1010.73,22,155.76999999999998
2026-05-08T14:34:18.437502200Z,TaxiAlgorithmP2PCollector,2,5000,5,25,1,nearest,1,4,1,BASELINE,6,116264431,Client Travel Time [min],288.0,18027.0,4593.16,114829.0,25,17739.0
2026-05-08T14:34:18.437502200Z,TaxiAlgorithmP2PCollector,2,5000,5,25,1,nearest,1,4,1,BASELINE,6,116264431,Calculation Time [millis],0.0,23.0,0.04,767.0,21755,23.0
2026-05-08T14:34:18.437502200Z,TaxiAlgorithmP2PCollector,2,5000,5,25,1,nearest,1,4,1,BASELINE,6,116264431,Custom Time [micros],0.0,0.0,0.0,0.0,21755,0.0
2026-05-08T14:34:19.920349600Z,TaxiAlgorithmP2PCollector,2,5000,5,25,1,nearest,1,4,1,BASELINE,7,116264432,Taxi Travel Distance [km],52.9,177.62,107.45,537.25,5,124.72
2026-05-08T14:34:19.920349600Z,TaxiAlgorithmP2PCollector,2,5000,5,25,1,nearest,1,4,1,BASELINE,7,116264432,Client Waiting Time [min],0.52,413.18,41.97,629.57,15,412.66
2026-05-08T14:34:19.920349600Z,TaxiAlgorithmP2PCollector,2,5000,5,25,1,nearest,1,4,1,BASELINE,7,116264432,Client Travel Time [min],160.0,33475.0,11177.52,279438.0,25,33315.0
2026-05-08T14:34:19.920349600Z,TaxiAlgorithmP2PCollector,2,5000,5,25,1,nearest,1,4,1,BASELINE,7,116264432,Calculation Time [millis],0.0,45.0,0.04,1332.0,37413,45.0
2026-05-08T14:34:19.920349600Z,TaxiAlgorithmP2PCollector,2,5000,5,25,1,nearest,1,4,1,BASELINE,7,116264432,Custom Time [micros],0.0,0.0,0.0,0.0,37413,0.0
2026-05-08T14:34:21.491775900Z,TaxiAlgorithmP2PCollector,2,5000,5,25,1,nearest,1,4,1,BASELINE,8,116264433,Taxi Travel Distance [km],17.13,148.65,105.67,528.35,5,131.52
2026-05-08T14:34:21.491775900Z,TaxiAlgorithmP2PCollector,2,5000,5,25,1,nearest,1,4,1,BASELINE,8,116264433,Client Waiting Time [min],0.85,563.55,82.19,986.28,12,562.6999999999999
2026-05-08T14:34:21.491775900Z,TaxiAlgorithmP2PCollector,2,5000,5,25,1,nearest,1,4,1,BASELINE,8,116264433,Client Travel Time [min],409.0,33814.0,11727.0,293175.0,25,33405.0
2026-05-08T14:34:21.491775900Z,TaxiAlgorithmP2PCollector,2,5000,5,25,1,nearest,1,4,1,BASELINE,8,116264433,Calculation Time [millis],0.0,43.0,0.04,1418.0,38261,43.0
2026-05-08T14:34:21.491775900Z,TaxiAlgorithmP2PCollector,2,5000,5,25,1,nearest,1,4,1,BASELINE,8,116264433,Custom Time [micros],0.0,0.0,0.0,0.0,38261,0.0
2026-05-08T14:34:22.783665Z,TaxiAlgorithmP2PCollector,2,5000,5,25,1,nearest,1,4,1,BASELINE,9,116264434,Taxi Travel Distance [km],70.0,436.61,226.33,1131.66,5,366.61
2026-05-08T14:34:22.783665Z,TaxiAlgorithmP2PCollector,2,5000,5,25,1,nearest,1,4,1,BASELINE,9,116264434,Client Waiting Time [min],0.38,460.72,52.03,1092.63,21,460.34000000000003
2026-05-08T14:34:22.783665Z,TaxiAlgorithmP2PCollector,2,5000,5,25,1,nearest,1,4,1,BASELINE,9,116264434,Client Travel Time [min],359.0,27731.0,4901.04,122526.0,25,27372.0
2026-05-08T14:34:22.783665Z,TaxiAlgorithmP2PCollector,2,5000,5,25,1,nearest,1,4,1,BASELINE,9,116264434,Calculation Time [millis],0.0,50.0,0.04,1119.0,31966,50.0
2026-05-08T14:34:22.783665Z,TaxiAlgorithmP2PCollector,2,5000,5,25,1,nearest,1,4,1,BASELINE,9,116264434,Custom Time [micros],0.0,0.0,0.0,0.0,31966,0.0
2026-05-08T14:34:24.144853300Z,TaxiAlgorithmP2PCollector,2,5000,5,25,1,nearest,1,4,1,BASELINE,10,116264435,Taxi Travel Distance [km],131.49,279.5,189.18,945.92,5,148.01
2026-05-08T14:34:24.144853300Z,TaxiAlgorithmP2PCollector,2,5000,5,25,1,nearest,1,4,1,BASELINE,10,116264435,Client Waiting Time [min],5.38,127.22,39.37,826.75,21,121.84
2026-05-08T14:34:24.144853300Z,TaxiAlgorithmP2PCollector,2,5000,5,25,1,nearest,1,4,1,BASELINE,10,116264435,Client Travel Time [min],1456.0,31126.0,5862.56,146564.0,25,29670.0
2026-05-08T14:34:24.144853300Z,TaxiAlgorithmP2PCollector,2,5000,5,25,1,nearest,1,4,1,BASELINE,10,116264435,Calculation Time [millis],0.0,64.0,0.03,1232.0,35274,64.0
2026-05-08T14:34:24.144853300Z,TaxiAlgorithmP2PCollector,2,5000,5,25,1,nearest,1,4,1,BASELINE,10,116264435,Custom Time [micros],0.0,0.0,0.0,0.0,35274,0.0
2026-05-08T14:34:27.378537600Z,TaxiAlgorithmP2PCollector,2,5000,10,25,1,nearest,1,4,1,BASELINE,1,116264426,Taxi Travel Distance [km],19.23,220.77,133.55,1335.51,10,201.54000000000002
2026-05-08T14:34:27.378537600Z,TaxiAlgorithmP2PCollector,2,5000,10,25,1,nearest,1,4,1,BASELINE,1,116264426,Client Waiting Time [min],2.25,106.28,20.36,427.57,21,104.03
2026-05-08T14:34:27.378537600Z,TaxiAlgorithmP2PCollector,2,5000,10,25,1,nearest,1,4,1,BASELINE,1,116264426,Client Travel Time [min],476.0,25809.0,4952.4,123810.0,25,25333.0
2026-05-08T14:34:27.378537600Z,TaxiAlgorithmP2PCollector,2,5000,10,25,1,nearest,1,4,1,BASELINE,1,116264426,Calculation Time [millis],0.0,73.0,0.11,3103.0,28689,73.0
2026-05-08T14:34:27.378537600Z,TaxiAlgorithmP2PCollector,2,5000,10,25,1,nearest,1,4,1,BASELINE,1,116264426,Custom Time [micros],0.0,0.0,0.0,0.0,28689,0.0
2026-05-08T14:34:29.425217600Z,TaxiAlgorithmP2PCollector,2,5000,10,25,1,nearest,1,4,1,BASELINE,2,116264427,Taxi Travel Distance [km],48.1,423.69,224.03,2240.27,10,375.59
2026-05-08T14:34:29.425217600Z,TaxiAlgorithmP2PCollector,2,5000,10,25,1,nearest,1,4,1,BASELINE,2,116264427,Client Waiting Time [min],1.48,283.0,51.48,1286.97,25,281.52
2026-05-08T14:34:29.425217600Z,TaxiAlgorithmP2PCollector,2,5000,10,25,1,nearest,1,4,1,BASELINE,2,116264427,Client Travel Time [min],355.0,18126.0,3809.92,95248.0,25,17771.0
2026-05-08T14:34:29.425217600Z,TaxiAlgorithmP2PCollector,2,5000,10,25,1,nearest,1,4,1,BASELINE,2,116264427,Calculation Time [millis],0.0,33.0,0.09,1885.0,19940,33.0
2026-05-08T14:34:29.425217600Z,TaxiAlgorithmP2PCollector,2,5000,10,25,1,nearest,1,4,1,BASELINE,2,116264427,Custom Time [micros],0.0,0.0,0.0,0.0,19940,0.0
2026-05-08T14:34:30.832752600Z,TaxiAlgorithmP2PCollector,2,5000,10,25,1,nearest,1,4,1,BASELINE,3,116264428,Taxi Travel Distance [km],57.92,261.35,142.01,1420.09,10,203.43
2026-05-08T14:34:30.832752600Z,TaxiAlgorithmP2PCollector,2,5000,10,25,1,nearest,1,4,1,BASELINE,3,116264428,Client Waiting Time [min],0.73,138.22,28.68,716.9,25,137.49
2026-05-08T14:34:30.832752600Z,TaxiAlgorithmP2PCollector,2,5000,10,25,1,nearest,1,4,1,BASELINE,3,116264428,Client Travel Time [min],377.0,8449.0,2365.52,59138.0,25,8072.0
2026-05-08T14:34:30.832752600Z,TaxiAlgorithmP2PCollector,2,5000,10,25,1,nearest,1,4,1,BASELINE,3,116264428,Calculation Time [millis],0.0,17.0,0.09,1255.0,13320,17.0
2026-05-08T14:34:30.832752600Z,TaxiAlgorithmP2PCollector,2,5000,10,25,1,nearest,1,4,1,BASELINE,3,116264428,Custom Time [micros],0.0,0.0,0.0,0.0,13320,0.0
2026-05-08T14:34:32.039131400Z,TaxiAlgorithmP2PCollector,2,5000,10,25,1,nearest,1,4,1,BASELINE,4,116264429,Taxi Travel Distance [km],23.91,232.36,152.19,1521.88,10,208.45000000000002
2026-05-08T14:34:32.039131400Z,TaxiAlgorithmP2PCollector,2,5000,10,25,1,nearest,1,4,1,BASELINE,4,116264429,Client Waiting Time [min],1.35,152.93,34.16,854.03,25,151.58
2026-05-08T14:34:32.039131400Z,TaxiAlgorithmP2PCollector,2,5000,10,25,1,nearest,1,4,1,BASELINE,4,116264429,Client Travel Time [min],353.0,9764.0,2817.68,70442.0,25,9411.0
2026-05-08T14:34:32.039131400Z,TaxiAlgorithmP2PCollector,2,5000,10,25,1,nearest,1,4,1,BASELINE,4,116264429,Calculation Time [millis],0.0,22.0,0.09,1069.0,11265,22.0
2026-05-08T14:34:32.039131400Z,TaxiAlgorithmP2PCollector,2,5000,10,25,1,nearest,1,4,1,BASELINE,4,116264429,Custom Time [micros],0.0,0.0,0.0,0.0,11265,0.0
2026-05-08T14:34:34.055516300Z,TaxiAlgorithmP2PCollector,2,5000,10,25,1,nearest,1,4,1,BASELINE,5,116264430,Taxi Travel Distance [km],64.33,391.24,181.66,1816.57,10,326.91
2026-05-08T14:34:34.055516300Z,TaxiAlgorithmP2PCollector,2,5000,10,25,1,nearest,1,4,1,BASELINE,5,116264430,Client Waiting Time [min],0.98,241.42,37.52,900.37,24,240.44
2026-05-08T14:34:34.055516300Z,TaxiAlgorithmP2PCollector,2,5000,10,25,1,nearest,1,4,1,BASELINE,5,116264430,Client Travel Time [min],385.0,15285.0,3549.2,88730.0,25,14900.0
2026-05-08T14:34:34.055516300Z,TaxiAlgorithmP2PCollector,2,5000,10,25,1,nearest,1,4,1,BASELINE,5,116264430,Calculation Time [millis],0.0,34.0,0.1,1864.0,18967,34.0
2026-05-08T14:34:34.055516300Z,TaxiAlgorithmP2PCollector,2,5000,10,25,1,nearest,1,4,1,BASELINE,5,116264430,Custom Time [micros],0.0,0.0,0.0,0.0,18967,0.0
2026-05-08T14:34:35.737563100Z,TaxiAlgorithmP2PCollector,2,5000,10,25,1,nearest,1,4,1,BASELINE,6,116264431,Taxi Travel Distance [km],12.12,324.14,160.31,1603.12,10,312.02
2026-05-08T14:34:35.737563100Z,TaxiAlgorithmP2PCollector,2,5000,10,25,1,nearest,1,4,1,BASELINE,6,116264431,Client Waiting Time [min],0.62,189.87,43.75,1093.68,25,189.25
2026-05-08T14:34:35.737563100Z,TaxiAlgorithmP2PCollector,2,5000,10,25,1,nearest,1,4,1,BASELINE,6,116264431,Client Travel Time [min],252.0,11708.0,3576.28,89407.0,25,11456.0
2026-05-08T14:34:35.737563100Z,TaxiAlgorithmP2PCollector,2,5000,10,25,1,nearest,1,4,1,BASELINE,6,116264431,Calculation Time [millis],0.0,20.0,0.1,1519.0,15436,20.0
2026-05-08T14:34:35.737563100Z,TaxiAlgorithmP2PCollector,2,5000,10,25,1,nearest,1,4,1,BASELINE,6,116264431,Custom Time [micros],0.0,0.0,0.0,0.0,15436,0.0
2026-05-08T14:34:39.184219300Z,TaxiAlgorithmP2PCollector,2,5000,10,25,1,nearest,1,4,1,BASELINE,7,116264432,Taxi Travel Distance [km],42.71,184.01,122.14,1221.42,10,141.29999999999998
2026-05-08T14:34:39.184219300Z,TaxiAlgorithmP2PCollector,2,5000,10,25,1,nearest,1,4,1,BASELINE,7,116264432,Client Waiting Time [min],0.52,440.68,50.6,1163.68,23,440.16
2026-05-08T14:34:39.184219300Z,TaxiAlgorithmP2PCollector,2,5000,10,25,1,nearest,1,4,1,BASELINE,7,116264432,Client Travel Time [min],160.0,26567.0,4869.68,121742.0,25,26407.0
2026-05-08T14:34:39.184219300Z,TaxiAlgorithmP2PCollector,2,5000,10,25,1,nearest,1,4,1,BASELINE,7,116264432,Calculation Time [millis],0.0,61.0,0.1,3250.0,31067,61.0
2026-05-08T14:34:39.184219300Z,TaxiAlgorithmP2PCollector,2,5000,10,25,1,nearest,1,4,1,BASELINE,7,116264432,Custom Time [micros],0.0,0.0,0.0,0.0,31067,0.0
2026-05-08T14:34:42.683728400Z,TaxiAlgorithmP2PCollector,2,5000,10,25,1,nearest,1,4,1,BASELINE,8,116264433,Taxi Travel Distance [km],10.89,306.33,121.33,1213.27,10,295.44
2026-05-08T14:34:42.683728400Z,TaxiAlgorithmP2PCollector,2,5000,10,25,1,nearest,1,4,1,BASELINE,8,116264433,Client Waiting Time [min],0.73,391.63,44.53,935.22,21,390.9
2026-05-08T14:34:42.683728400Z,TaxiAlgorithmP2PCollector,2,5000,10,25,1,nearest,1,4,1,BASELINE,8,116264433,Client Travel Time [min],852.0,23852.0,5655.88,141397.0,25,23000.0
2026-05-08T14:34:42.683728400Z,TaxiAlgorithmP2PCollector,2,5000,10,25,1,nearest,1,4,1,BASELINE,8,116264433,Calculation Time [millis],0.0,71.0,0.11,3216.0,28606,71.0
2026-05-08T14:34:42.683728400Z,TaxiAlgorithmP2PCollector,2,5000,10,25,1,nearest,1,4,1,BASELINE,8,116264433,Custom Time [micros],0.0,0.0,0.0,0.0,28606,0.0
2026-05-08T14:34:45.658473Z,TaxiAlgorithmP2PCollector,2,5000,10,25,1,nearest,1,4,1,BASELINE,9,116264434,Taxi Travel Distance [km],11.76,496.13,145.78,1457.79,10,484.37
2026-05-08T14:34:45.658473Z,TaxiAlgorithmP2PCollector,2,5000,10,25,1,nearest,1,4,1,BASELINE,9,116264434,Client Waiting Time [min],1.62,204.25,30.15,512.5,17,202.63
2026-05-08T14:34:45.658473Z,TaxiAlgorithmP2PCollector,2,5000,10,25,1,nearest,1,4,1,BASELINE,9,116264434,Client Travel Time [min],955.0,21785.0,5982.48,149562.0,25,20830.0
2026-05-08T14:34:45.658473Z,TaxiAlgorithmP2PCollector,2,5000,10,25,1,nearest,1,4,1,BASELINE,9,116264434,Calculation Time [millis],0.0,51.0,0.11,2724.0,24458,51.0
2026-05-08T14:34:45.658473Z,TaxiAlgorithmP2PCollector,2,5000,10,25,1,nearest,1,4,1,BASELINE,9,116264434,Custom Time [micros],0.0,0.0,0.0,0.0,24458,0.0
2026-05-08T14:34:46.979004300Z,TaxiAlgorithmP2PCollector,2,5000,10,25,1,nearest,1,4,1,BASELINE,10,116264435,Taxi Travel Distance [km],30.02,234.35,130.87,1308.66,10,204.32999999999998
2026-05-08T14:34:46.979004300Z,TaxiAlgorithmP2PCollector,2,5000,10,25,1,nearest,1,4,1,BASELINE,10,116264435,Client Waiting Time [min],1.72,125.52,45.56,1047.9,23,123.8
2026-05-08T14:34:46.979004300Z,TaxiAlgorithmP2PCollector,2,5000,10,25,1,nearest,1,4,1,BASELINE,10,116264435,Client Travel Time [min],617.0,7827.0,3803.68,95092.0,25,7210.0
2026-05-08T14:34:46.979004300Z,TaxiAlgorithmP2PCollector,2,5000,10,25,1,nearest,1,4,1,BASELINE,10,116264435,Calculation Time [millis],0.0,16.0,0.09,1121.0,11827,16.0
2026-05-08T14:34:46.979004300Z,TaxiAlgorithmP2PCollector,2,5000,10,25,1,nearest,1,4,1,BASELINE,10,116264435,Custom Time [micros],0.0,0.0,0.0,0.0,11827,0.0
2026-05-08T14:34:49.006352800Z,TaxiAlgorithmP2PCollector,2,5000,10,50,1,nearest,1,4,1,BASELINE,1,116264426,Taxi Travel Distance [km],87.71,367.42,183.13,1831.29,10,279.71000000000004
2026-05-08T14:34:49.006352800Z,TaxiAlgorithmP2PCollector,2,5000,10,50,1,nearest,1,4,1,BASELINE,1,116264426,Client Waiting Time [min],1.95,233.17,65.55,2818.52,43,231.22
2026-05-08T14:34:49.006352800Z,TaxiAlgorithmP2PCollector,2,5000,10,50,1,nearest,1,4,1,BASELINE,1,116264426,Client Travel Time [min],661.0,14587.0,4690.56,234528.0,50,13926.0
2026-05-08T14:34:49.006352800Z,TaxiAlgorithmP2PCollector,2,5000,10,50,1,nearest,1,4,1,BASELINE,1,116264426,Calculation Time [millis],0.0,26.0,0.1,1829.0,17426,26.0
2026-05-08T14:34:49.006352800Z,TaxiAlgorithmP2PCollector,2,5000,10,50,1,nearest,1,4,1,BASELINE,1,116264426,Custom Time [micros],0.0,0.0,0.0,0.0,17426,0.0
2026-05-08T14:34:50.292196300Z,TaxiAlgorithmP2PCollector,2,5000,10,50,1,nearest,1,4,1,BASELINE,2,116264427,Taxi Travel Distance [km],139.37,234.94,199.86,1998.62,10,95.57
2026-05-08T14:34:50.292196300Z,TaxiAlgorithmP2PCollector,2,5000,10,50,1,nearest,1,4,1,BASELINE,2,116264427,Client Waiting Time [min],1.43,177.58,45.42,2225.53,49,176.15
2026-05-08T14:34:50.292196300Z,TaxiAlgorithmP2PCollector,2,5000,10,50,1,nearest,1,4,1,BASELINE,2,116264427,Client Travel Time [min],391.0,11171.0,3413.48,170674.0,50,10780.0
2026-05-08T14:34:50.292196300Z,TaxiAlgorithmP2PCollector,2,5000,10,50,1,nearest,1,4,1,BASELINE,2,116264427,Calculation Time [millis],0.0,16.0,0.1,1127.0,11407,16.0
2026-05-08T14:34:50.292196300Z,TaxiAlgorithmP2PCollector,2,5000,10,50,1,nearest,1,4,1,BASELINE,2,116264427,Custom Time [micros],0.0,0.0,0.0,0.0,11407,0.0
2026-05-08T14:34:53.415567800Z,TaxiAlgorithmP2PCollector,2,5000,10,50,1,nearest,1,4,1,BASELINE,3,116264428,Taxi Travel Distance [km],39.16,534.15,208.23,2082.34,10,494.99
2026-05-08T14:34:53.415567800Z,TaxiAlgorithmP2PCollector,2,5000,10,50,1,nearest,1,4,1,BASELINE,3,116264428,Client Waiting Time [min],1.1,135.32,26.9,1237.53,46,134.22
2026-05-08T14:34:53.415567800Z,TaxiAlgorithmP2PCollector,2,5000,10,50,1,nearest,1,4,1,BASELINE,3,116264428,Client Travel Time [min],448.0,26109.0,3239.18,161959.0,50,25661.0
2026-05-08T14:34:53.415567800Z,TaxiAlgorithmP2PCollector,2,5000,10,50,1,nearest,1,4,1,BASELINE,3,116264428,Calculation Time [millis],0.0,69.0,0.11,2918.0,27764,69.0
2026-05-08T14:34:53.415567800Z,TaxiAlgorithmP2PCollector,2,5000,10,50,1,nearest,1,4,1,BASELINE,3,116264428,Custom Time [micros],0.0,0.0,0.0,0.0,27764,0.0
2026-05-08T14:34:57.486955300Z,TaxiAlgorithmP2PCollector,2,5000,10,50,1,nearest,1,4,1,BASELINE,4,116264429,Taxi Travel Distance [km],40.79,245.2,161.39,1613.93,10,204.41
2026-05-08T14:34:57.486955300Z,TaxiAlgorithmP2PCollector,2,5000,10,50,1,nearest,1,4,1,BASELINE,4,116264429,Client Waiting Time [min],0.42,582.25,53.06,2440.93,46,581.83
2026-05-08T14:34:57.486955300Z,TaxiAlgorithmP2PCollector,2,5000,10,50,1,nearest,1,4,1,BASELINE,4,116264429,Client Travel Time [min],524.0,35034.0,4542.04,227102.0,50,34510.0
2026-05-08T14:34:57.486955300Z,TaxiAlgorithmP2PCollector,2,5000,10,50,1,nearest,1,4,1,BASELINE,4,116264429,Calculation Time [millis],0.0,69.0,0.11,3763.0,35554,69.0
2026-05-08T14:34:57.486955300Z,TaxiAlgorithmP2PCollector,2,5000,10,50,1,nearest,1,4,1,BASELINE,4,116264429,Custom Time [micros],0.0,0.0,0.0,0.0,35554,0.0
2026-05-08T14:34:58.868819100Z,TaxiAlgorithmP2PCollector,2,5000,10,50,1,nearest,1,4,1,BASELINE,5,116264430,Taxi Travel Distance [km],168.72,273.29,211.81,2118.05,10,104.57000000000002
2026-05-08T14:34:58.868819100Z,TaxiAlgorithmP2PCollector,2,5000,10,50,1,nearest,1,4,1,BASELINE,5,116264430,Client Waiting Time [min],1.45,149.8,38.61,1930.5,50,148.35000000000002
2026-05-08T14:34:58.868819100Z,TaxiAlgorithmP2PCollector,2,5000,10,50,1,nearest,1,4,1,BASELINE,5,116264430,Client Travel Time [min],524.0,9472.0,3170.7,158535.0,50,8948.0
2026-05-08T14:34:58.868819100Z,TaxiAlgorithmP2PCollector,2,5000,10,50,1,nearest,1,4,1,BASELINE,5,116264430,Calculation Time [millis],0.0,0.0,0.09,1235.0,13379,0.0
2026-05-08T14:34:58.868819100Z,TaxiAlgorithmP2PCollector,2,5000,10,50,1,nearest,1,4,1,BASELINE,5,116264430,Custom Time [micros],0.0,0.0,0.0,0.0,13379,0.0
2026-05-08T14:35:01.047848500Z,TaxiAlgorithmP2PCollector,2,5000,10,50,1,nearest,1,4,1,BASELINE,6,116264431,Taxi Travel Distance [km],59.06,408.4,267.25,2672.52,10,349.34
2026-05-08T14:35:01.047848500Z,TaxiAlgorithmP2PCollector,2,5000,10,50,1,nearest,1,4,1,BASELINE,6,116264431,Client Waiting Time [min],0.77,273.67,52.06,2603.13,50,272.90000000000003
2026-05-08T14:35:01.047848500Z,TaxiAlgorithmP2PCollector,2,5000,10,50,1,nearest,1,4,1,BASELINE,6,116264431,Client Travel Time [min],322.0,16517.0,4003.52,200176.0,50,16195.0
2026-05-08T14:35:01.047848500Z,TaxiAlgorithmP2PCollector,2,5000,10,50,1,nearest,1,4,1,BASELINE,6,116264431,Calculation Time [millis],0.0,47.0,0.1,1953.0,19024,47.0
2026-05-08T14:35:01.047848500Z,TaxiAlgorithmP2PCollector,2,5000,10,50,1,nearest,1,4,1,BASELINE,6,116264431,Custom Time [micros],0.0,0.0,0.0,0.0,19024,0.0
2026-05-08T14:35:04.797410Z,TaxiAlgorithmP2PCollector,2,5000,10,50,1,nearest,1,4,1,BASELINE,7,116264432,Taxi Travel Distance [km],25.95,349.9,167.64,1676.41,10,323.95
2026-05-08T14:35:04.797410Z,TaxiAlgorithmP2PCollector,2,5000,10,50,1,nearest,1,4,1,BASELINE,7,116264432,Client Waiting Time [min],0.17,195.73,36.91,1698.02,46,195.56
2026-05-08T14:35:04.797410Z,TaxiAlgorithmP2PCollector,2,5000,10,50,1,nearest,1,4,1,BASELINE,7,116264432,Client Travel Time [min],160.0,28850.0,4221.06,211053.0,50,28690.0
2026-05-08T14:35:04.797410Z,TaxiAlgorithmP2PCollector,2,5000,10,50,1,nearest,1,4,1,BASELINE,7,116264432,Calculation Time [millis],0.0,75.0,0.11,3577.0,33350,75.0
2026-05-08T14:35:04.797410Z,TaxiAlgorithmP2PCollector,2,5000,10,50,1,nearest,1,4,1,BASELINE,7,116264432,Custom Time [micros],0.0,0.0,0.0,0.0,33350,0.0
2026-05-08T14:35:06.258081400Z,TaxiAlgorithmP2PCollector,2,5000,10,50,1,nearest,1,4,1,BASELINE,8,116264433,Taxi Travel Distance [km],59.13,274.51,170.63,1706.26,10,215.38
2026-05-08T14:35:06.258081400Z,TaxiAlgorithmP2PCollector,2,5000,10,50,1,nearest,1,4,1,BASELINE,8,116264433,Client Waiting Time [min],1.3,148.02,38.82,1902.23,49,146.72
2026-05-08T14:35:06.258081400Z,TaxiAlgorithmP2PCollector,2,5000,10,50,1,nearest,1,4,1,BASELINE,8,116264433,Client Travel Time [min],522.0,10246.0,3141.58,157079.0,50,9724.0
2026-05-08T14:35:06.258081400Z,TaxiAlgorithmP2PCollector,2,5000,10,50,1,nearest,1,4,1,BASELINE,8,116264433,Calculation Time [millis],0.0,12.0,0.09,1209.0,13391,12.0
2026-05-08T14:35:06.258081400Z,TaxiAlgorithmP2PCollector,2,5000,10,50,1,nearest,1,4,1,BASELINE,8,116264433,Custom Time [micros],0.0,0.0,0.0,0.0,13391,0.0
2026-05-08T14:35:09.454060300Z,TaxiAlgorithmP2PCollector,2,5000,10,50,1,nearest,1,4,1,BASELINE,9,116264434,Taxi Travel Distance [km],40.23,522.61,221.51,2215.09,10,482.38
2026-05-08T14:35:09.454060300Z,TaxiAlgorithmP2PCollector,2,5000,10,50,1,nearest,1,4,1,BASELINE,9,116264434,Client Waiting Time [min],1.2,392.93,62.11,2670.75,43,391.73
2026-05-08T14:35:09.454060300Z,TaxiAlgorithmP2PCollector,2,5000,10,50,1,nearest,1,4,1,BASELINE,9,116264434,Client Travel Time [min],240.0,23823.0,5498.84,274942.0,50,23583.0
2026-05-08T14:35:09.454060300Z,TaxiAlgorithmP2PCollector,2,5000,10,50,1,nearest,1,4,1,BASELINE,9,116264434,Calculation Time [millis],0.0,99.0,0.11,2992.0,27145,99.0
2026-05-08T14:35:09.454060300Z,TaxiAlgorithmP2PCollector,2,5000,10,50,1,nearest,1,4,1,BASELINE,9,116264434,Custom Time [micros],0.0,0.0,0.0,0.0,27145,0.0
2026-05-08T14:35:11.129982200Z,TaxiAlgorithmP2PCollector,2,5000,10,50,1,nearest,1,4,1,BASELINE,10,116264435,Taxi Travel Distance [km],99.46,294.29,187.36,1873.65,10,194.83000000000004
2026-05-08T14:35:11.129982200Z,TaxiAlgorithmP2PCollector,2,5000,10,50,1,nearest,1,4,1,BASELINE,10,116264435,Client Waiting Time [min],1.12,154.03,42.16,1981.43,47,152.91
2026-05-08T14:35:11.129982200Z,TaxiAlgorithmP2PCollector,2,5000,10,50,1,nearest,1,4,1,BASELINE,10,116264435,Client Travel Time [min],355.0,9843.0,3615.2,180760.0,50,9488.0
2026-05-08T14:35:11.129982200Z,TaxiAlgorithmP2PCollector,2,5000,10,50,1,nearest,1,4,1,BASELINE,10,116264435,Calculation Time [millis],0.0,23.0,0.1,1462.0,14283,23.0
2026-05-08T14:35:11.129982200Z,TaxiAlgorithmP2PCollector,2,5000,10,50,1,nearest,1,4,1,BASELINE,10,116264435,Custom Time [micros],0.0,0.0,0.0,0.0,14283,0.0
2026-05-08T14:35:13.938857900Z,TaxiAlgorithmP2PCollector,2,5000,20,50,1,nearest,1,4,1,BASELINE,1,116264426,Taxi Travel Distance [km],32.41,169.77,116.04,2320.78,20,137.36
2026-05-08T14:35:13.938857900Z,TaxiAlgorithmP2PCollector,2,5000,20,50,1,nearest,1,4,1,BASELINE,1,116264426,Client Waiting Time [min],0.62,52.0,12.23,611.48,50,51.38
2026-05-08T14:35:13.938857900Z,TaxiAlgorithmP2PCollector,2,5000,20,50,1,nearest,1,4,1,BASELINE,1,116264426,Client Travel Time [min],391.0,3385.0,1568.3,78415.0,50,2994.0
2026-05-08T14:35:13.938857900Z,TaxiAlgorithmP2PCollector,2,5000,20,50,1,nearest,1,4,1,BASELINE,1,116264426,Calculation Time [millis],0.0,74.0,0.33,2631.0,8015,74.0
2026-05-08T14:35:13.938857900Z,TaxiAlgorithmP2PCollector,2,5000,20,50,1,nearest,1,4,1,BASELINE,1,116264426,Custom Time [micros],0.0,0.0,0.0,0.0,8015,0.0
2026-05-08T14:35:17.600163200Z,TaxiAlgorithmP2PCollector,2,5000,20,50,1,nearest,1,4,1,BASELINE,2,116264427,Taxi Travel Distance [km],36.24,201.58,147.37,2947.36,20,165.34
2026-05-08T14:35:17.600163200Z,TaxiAlgorithmP2PCollector,2,5000,20,50,1,nearest,1,4,1,BASELINE,2,116264427,Client Waiting Time [min],0.43,86.25,13.92,668.18,48,85.82
2026-05-08T14:35:17.600163200Z,TaxiAlgorithmP2PCollector,2,5000,20,50,1,nearest,1,4,1,BASELINE,2,116264427,Client Travel Time [min],434.0,8432.0,1832.64,91632.0,50,7998.0
2026-05-08T14:35:17.600163200Z,TaxiAlgorithmP2PCollector,2,5000,20,50,1,nearest,1,4,1,BASELINE,2,116264427,Calculation Time [millis],0.0,89.0,0.38,3556.0,9416,89.0
2026-05-08T14:35:17.600163200Z,TaxiAlgorithmP2PCollector,2,5000,20,50,1,nearest,1,4,1,BASELINE,2,116264427,Custom Time [micros],0.0,0.0,0.0,0.0,9416,0.0
2026-05-08T14:35:20.086814500Z,TaxiAlgorithmP2PCollector,2,5000,20,50,1,nearest,1,4,1,BASELINE,3,116264428,Taxi Travel Distance [km],24.93,163.66,120.5,2409.92,20,138.73
2026-05-08T14:35:20.086814500Z,TaxiAlgorithmP2PCollector,2,5000,20,50,1,nearest,1,4,1,BASELINE,3,116264428,Client Waiting Time [min],0.48,56.7,14.46,723.15,50,56.220000000000006
2026-05-08T14:35:20.086814500Z,TaxiAlgorithmP2PCollector,2,5000,20,50,1,nearest,1,4,1,BASELINE,3,116264428,Client Travel Time [min],434.0,4549.0,1725.34,86267.0,50,4115.0
2026-05-08T14:35:20.086814500Z,TaxiAlgorithmP2PCollector,2,5000,20,50,1,nearest,1,4,1,BASELINE,3,116264428,Calculation Time [millis],0.0,30.0,0.3,2313.0,7747,30.0
2026-05-08T14:35:20.086814500Z,TaxiAlgorithmP2PCollector,2,5000,20,50,1,nearest,1,4,1,BASELINE,3,116264428,Custom Time [micros],0.0,0.0,0.0,0.0,7747,0.0
2026-05-08T14:35:26.123383400Z,TaxiAlgorithmP2PCollector,2,5000,20,50,1,nearest,1,4,1,BASELINE,4,116264429,Taxi Travel Distance [km],22.36,325.62,120.22,2404.48,20,303.26
2026-05-08T14:35:26.123383400Z,TaxiAlgorithmP2PCollector,2,5000,20,50,1,nearest,1,4,1,BASELINE,4,116264429,Client Waiting Time [min],0.45,181.58,31.69,1584.7,50,181.13000000000002
2026-05-08T14:35:26.123383400Z,TaxiAlgorithmP2PCollector,2,5000,20,50,1,nearest,1,4,1,BASELINE,4,116264429,Client Travel Time [min],89.0,10933.0,2668.3,133415.0,50,10844.0
2026-05-08T14:35:26.123383400Z,TaxiAlgorithmP2PCollector,2,5000,20,50,1,nearest,1,4,1,BASELINE,4,116264429,Calculation Time [millis],0.0,136.0,0.38,5773.0,15071,136.0
2026-05-08T14:35:26.123383400Z,TaxiAlgorithmP2PCollector,2,5000,20,50,1,nearest,1,4,1,BASELINE,4,116264429,Custom Time [micros],0.0,0.0,0.0,0.0,15071,0.0
2026-05-08T14:35:31.195780900Z,TaxiAlgorithmP2PCollector,2,5000,20,50,1,nearest,1,4,1,BASELINE,5,116264430,Taxi Travel Distance [km],64.35,286.33,135.03,2700.69,20,221.98
2026-05-08T14:35:31.195780900Z,TaxiAlgorithmP2PCollector,2,5000,20,50,1,nearest,1,4,1,BASELINE,5,116264430,Client Waiting Time [min],0.5,138.93,17.14,839.75,49,138.43
2026-05-08T14:35:31.195780900Z,TaxiAlgorithmP2PCollector,2,5000,20,50,1,nearest,1,4,1,BASELINE,5,116264430,Client Travel Time [min],479.0,9068.0,2089.44,104472.0,50,8589.0
2026-05-08T14:35:31.195780900Z,TaxiAlgorithmP2PCollector,2,5000,20,50,1,nearest,1,4,1,BASELINE,5,116264430,Calculation Time [millis],0.0,108.0,0.36,4830.0,13591,108.0
2026-05-08T14:35:31.195780900Z,TaxiAlgorithmP2PCollector,2,5000,20,50,1,nearest,1,4,1,BASELINE,5,116264430,Custom Time [micros],0.0,0.0,0.0,0.0,13591,0.0
2026-05-08T14:35:34.211784200Z,TaxiAlgorithmP2PCollector,2,5000,20,50,1,nearest,1,4,1,BASELINE,6,116264431,Taxi Travel Distance [km],88.93,179.51,140.62,2812.33,20,90.57999999999998
2026-05-08T14:35:34.211784200Z,TaxiAlgorithmP2PCollector,2,5000,20,50,1,nearest,1,4,1,BASELINE,6,116264431,Client Waiting Time [min],0.82,72.25,16.35,817.3,50,71.43
2026-05-08T14:35:34.211784200Z,TaxiAlgorithmP2PCollector,2,5000,20,50,1,nearest,1,4,1,BASELINE,6,116264431,Client Travel Time [min],264.0,6031.0,1969.12,98456.0,50,5767.0
2026-05-08T14:35:34.211784200Z,TaxiAlgorithmP2PCollector,2,5000,20,50,1,nearest,1,4,1,BASELINE,6,116264431,Calculation Time [millis],0.0,58.0,0.29,2726.0,9359,58.0
2026-05-08T14:35:34.211784200Z,TaxiAlgorithmP2PCollector,2,5000,20,50,1,nearest,1,4,1,BASELINE,6,116264431,Custom Time [micros],0.0,0.0,0.0,0.0,9359,0.0
2026-05-08T14:35:38.793957300Z,TaxiAlgorithmP2PCollector,2,5000,20,50,1,nearest,1,4,1,BASELINE,7,116264432,Taxi Travel Distance [km],7.33,235.54,130.83,2616.57,20,228.20999999999998
2026-05-08T14:35:38.793957300Z,TaxiAlgorithmP2PCollector,2,5000,20,50,1,nearest,1,4,1,BASELINE,7,116264432,Client Waiting Time [min],0.05,66.05,12.29,602.18,49,66.0
2026-05-08T14:35:38.793957300Z,TaxiAlgorithmP2PCollector,2,5000,20,50,1,nearest,1,4,1,BASELINE,7,116264432,Client Travel Time [min],160.0,6751.0,1670.98,83549.0,50,6591.0
2026-05-08T14:35:38.793957300Z,TaxiAlgorithmP2PCollector,2,5000,20,50,1,nearest,1,4,1,BASELINE,7,116264432,Calculation Time [millis],0.0,113.0,0.4,4377.0,11014,113.0
2026-05-08T14:35:38.793957300Z,TaxiAlgorithmP2PCollector,2,5000,20,50,1,nearest,1,4,1,BASELINE,7,116264432,Custom Time [micros],0.0,0.0,0.0,0.0,11014,0.0
2026-05-08T14:35:41.425182100Z,TaxiAlgorithmP2PCollector,2,5000,20,50,1,nearest,1,4,1,BASELINE,8,116264433,Taxi Travel Distance [km],9.11,174.47,119.61,2392.3,20,165.36
2026-05-08T14:35:41.425182100Z,TaxiAlgorithmP2PCollector,2,5000,20,50,1,nearest,1,4,1,BASELINE,8,116264433,Client Waiting Time [min],0.73,69.42,17.5,875.05,50,68.69
2026-05-08T14:35:41.425182100Z,TaxiAlgorithmP2PCollector,2,5000,20,50,1,nearest,1,4,1,BASELINE,8,116264433,Client Travel Time [min],327.0,5163.0,1928.32,96416.0,50,4836.0
2026-05-08T14:35:41.425182100Z,TaxiAlgorithmP2PCollector,2,5000,20,50,1,nearest,1,4,1,BASELINE,8,116264433,Calculation Time [millis],0.0,40.0,0.28,2488.0,8834,40.0
2026-05-08T14:35:41.425182100Z,TaxiAlgorithmP2PCollector,2,5000,20,50,1,nearest,1,4,1,BASELINE,8,116264433,Custom Time [micros],0.0,0.0,0.0,0.0,8834,0.0
2026-05-08T14:35:49.287196Z,TaxiAlgorithmP2PCollector,2,5000,20,50,1,nearest,1,4,1,BASELINE,9,116264434,Taxi Travel Distance [km],12.72,435.4,148.87,2977.43,20,422.67999999999995
2026-05-08T14:35:49.287196Z,TaxiAlgorithmP2PCollector,2,5000,20,50,1,nearest,1,4,1,BASELINE,9,116264434,Client Waiting Time [min],0.85,263.07,29.67,1454.03,49,262.21999999999997
2026-05-08T14:35:49.287196Z,TaxiAlgorithmP2PCollector,2,5000,20,50,1,nearest,1,4,1,BASELINE,9,116264434,Client Travel Time [min],230.0,16759.0,2601.48,130074.0,50,16529.0
2026-05-08T14:35:49.287196Z,TaxiAlgorithmP2PCollector,2,5000,20,50,1,nearest,1,4,1,BASELINE,9,116264434,Calculation Time [millis],0.0,176.0,0.38,7574.0,20169,176.0
2026-05-08T14:35:49.287196Z,TaxiAlgorithmP2PCollector,2,5000,20,50,1,nearest,1,4,1,BASELINE,9,116264434,Custom Time [micros],0.0,0.0,0.0,0.0,20169,0.0
2026-05-08T14:35:51.656818300Z,TaxiAlgorithmP2PCollector,2,5000,20,50,1,nearest,1,4,1,BASELINE,10,116264435,Taxi Travel Distance [km],60.4,144.48,109.86,2197.18,20,84.07999999999998
2026-05-08T14:35:51.656818300Z,TaxiAlgorithmP2PCollector,2,5000,20,50,1,nearest,1,4,1,BASELINE,10,116264435,Client Waiting Time [min],0.33,62.03,12.29,614.45,50,61.7
2026-05-08T14:35:51.656818300Z,TaxiAlgorithmP2PCollector,2,5000,20,50,1,nearest,1,4,1,BASELINE,10,116264435,Client Travel Time [min],408.0,4262.0,1681.06,84053.0,50,3854.0
2026-05-08T14:35:51.656818300Z,TaxiAlgorithmP2PCollector,2,5000,20,50,1,nearest,1,4,1,BASELINE,10,116264435,Calculation Time [millis],0.0,60.0,0.3,2123.0,7029,60.0
2026-05-08T14:35:51.656818300Z,TaxiAlgorithmP2PCollector,2,5000,20,50,1,nearest,1,4,1,BASELINE,10,116264435,Custom Time [micros],0.0,0.0,0.0,0.0,7029,0.0
2026-05-08T14:35:57.955015100Z,TaxiAlgorithmP2PCollector,2,5000,20,100,1,nearest,1,4,1,BASELINE,1,116264426,Taxi Travel Distance [km],73.3,341.31,194.5,3890.05,20,268.01
2026-05-08T14:35:57.955015100Z,TaxiAlgorithmP2PCollector,2,5000,20,100,1,nearest,1,4,1,BASELINE,1,116264426,Client Waiting Time [min],1.1,180.9,31.53,3089.53,98,179.8
2026-05-08T14:35:57.955015100Z,TaxiAlgorithmP2PCollector,2,5000,20,100,1,nearest,1,4,1,BASELINE,1,116264426,Client Travel Time [min],362.0,11827.0,2680.11,268011.0,100,11465.0
2026-05-08T14:35:57.955015100Z,TaxiAlgorithmP2PCollector,2,5000,20,100,1,nearest,1,4,1,BASELINE,1,116264426,Calculation Time [millis],0.0,148.0,0.39,6122.0,15774,148.0
2026-05-08T14:35:57.955015100Z,TaxiAlgorithmP2PCollector,2,5000,20,100,1,nearest,1,4,1,BASELINE,1,116264426,Custom Time [micros],0.0,0.0,0.0,0.0,15774,0.0
2026-05-08T14:36:02.083561300Z,TaxiAlgorithmP2PCollector,2,5000,20,100,1,nearest,1,4,1,BASELINE,2,116264427,Taxi Travel Distance [km],69.47,234.81,195.64,3912.85,20,165.34
2026-05-08T14:36:02.083561300Z,TaxiAlgorithmP2PCollector,2,5000,20,100,1,nearest,1,4,1,BASELINE,2,116264427,Client Waiting Time [min],0.32,110.0,29.06,2876.73,99,109.68
2026-05-08T14:36:02.083561300Z,TaxiAlgorithmP2PCollector,2,5000,20,100,1,nearest,1,4,1,BASELINE,2,116264427,Client Travel Time [min],364.0,7602.0,2594.46,259446.0,100,7238.0
2026-05-08T14:36:02.083561300Z,TaxiAlgorithmP2PCollector,2,5000,20,100,1,nearest,1,4,1,BASELINE,2,116264427,Calculation Time [millis],0.0,85.0,0.36,3938.0,11036,85.0
2026-05-08T14:36:02.083561300Z,TaxiAlgorithmP2PCollector,2,5000,20,100,1,nearest,1,4,1,BASELINE,2,116264427,Custom Time [micros],0.0,0.0,0.0,0.0,11036,0.0
2026-05-08T14:36:06.398275100Z,TaxiAlgorithmP2PCollector,2,5000,20,100,1,nearest,1,4,1,BASELINE,3,116264428,Taxi Travel Distance [km],111.56,240.54,189.14,3782.81,20,128.98
2026-05-08T14:36:06.398275100Z,TaxiAlgorithmP2PCollector,2,5000,20,100,1,nearest,1,4,1,BASELINE,3,116264428,Client Waiting Time [min],0.45,122.77,26.24,2571.75,98,122.32
2026-05-08T14:36:06.398275100Z,TaxiAlgorithmP2PCollector,2,5000,20,100,1,nearest,1,4,1,BASELINE,3,116264428,Client Travel Time [min],312.0,8110.0,2416.57,241657.0,100,7798.0
2026-05-08T14:36:06.398275100Z,TaxiAlgorithmP2PCollector,2,5000,20,100,1,nearest,1,4,1,BASELINE,3,116264428,Calculation Time [millis],0.0,74.0,0.36,4091.0,11513,74.0
2026-05-08T14:36:06.398275100Z,TaxiAlgorithmP2PCollector,2,5000,20,100,1,nearest,1,4,1,BASELINE,3,116264428,Custom Time [micros],0.0,0.0,0.0,0.0,11513,0.0
2026-05-08T14:36:11.395641600Z,TaxiAlgorithmP2PCollector,2,5000,20,100,1,nearest,1,4,1,BASELINE,4,116264429,Taxi Travel Distance [km],62.25,269.25,185.37,3707.37,20,207.0
2026-05-08T14:36:11.395641600Z,TaxiAlgorithmP2PCollector,2,5000,20,100,1,nearest,1,4,1,BASELINE,4,116264429,Client Waiting Time [min],0.13,149.13,31.55,3123.37,99,149.0
2026-05-08T14:36:11.395641600Z,TaxiAlgorithmP2PCollector,2,5000,20,100,1,nearest,1,4,1,BASELINE,4,116264429,Client Travel Time [min],309.0,8998.0,2755.6,275560.0,100,8689.0
2026-05-08T14:36:11.395641600Z,TaxiAlgorithmP2PCollector,2,5000,20,100,1,nearest,1,4,1,BASELINE,4,116264429,Calculation Time [millis],0.0,99.0,0.37,4696.0,12648,99.0
2026-05-08T14:36:11.395641600Z,TaxiAlgorithmP2PCollector,2,5000,20,100,1,nearest,1,4,1,BASELINE,4,116264429,Custom Time [micros],0.0,0.0,0.0,0.0,12648,0.0
2026-05-08T14:36:15.999459500Z,TaxiAlgorithmP2PCollector,2,5000,20,100,1,nearest,1,4,1,BASELINE,5,116264430,Taxi Travel Distance [km],105.04,255.94,185.15,3703.1,20,150.89999999999998
2026-05-08T14:36:15.999459500Z,TaxiAlgorithmP2PCollector,2,5000,20,100,1,nearest,1,4,1,BASELINE,5,116264430,Client Waiting Time [min],1.17,131.33,26.23,2597.13,99,130.16000000000003
2026-05-08T14:36:15.999459500Z,TaxiAlgorithmP2PCollector,2,5000,20,100,1,nearest,1,4,1,BASELINE,5,116264430,Client Travel Time [min],538.0,8177.0,2487.47,248747.0,100,7639.0
2026-05-08T14:36:15.999459500Z,TaxiAlgorithmP2PCollector,2,5000,20,100,1,nearest,1,4,1,BASELINE,5,116264430,Calculation Time [millis],0.0,106.0,0.36,4336.0,11894,106.0
2026-05-08T14:36:15.999459500Z,TaxiAlgorithmP2PCollector,2,5000,20,100,1,nearest,1,4,1,BASELINE,5,116264430,Custom Time [micros],0.0,0.0,0.0,0.0,11894,0.0
2026-05-08T14:36:19.071294Z,TaxiAlgorithmP2PCollector,2,5000,20,100,1,nearest,1,4,1,BASELINE,6,116264431,Taxi Travel Distance [km],120.74,197.64,162.51,3250.28,20,76.89999999999999
2026-05-08T14:36:19.071294Z,TaxiAlgorithmP2PCollector,2,5000,20,100,1,nearest,1,4,1,BASELINE,6,116264431,Client Waiting Time [min],0.68,101.47,19.88,1988.37,100,100.78999999999999
2026-05-08T14:36:19.071294Z,TaxiAlgorithmP2PCollector,2,5000,20,100,1,nearest,1,4,1,BASELINE,6,116264431,Client Travel Time [min],348.0,7003.0,2114.4,211440.0,100,6655.0
2026-05-08T14:36:19.071294Z,TaxiAlgorithmP2PCollector,2,5000,20,100,1,nearest,1,4,1,BASELINE,6,116264431,Calculation Time [millis],0.0,73.0,0.31,2871.0,9305,73.0
2026-05-08T14:36:19.071294Z,TaxiAlgorithmP2PCollector,2,5000,20,100,1,nearest,1,4,1,BASELINE,6,116264431,Custom Time [micros],0.0,0.0,0.0,0.0,9305,0.0
2026-05-08T14:36:25.440769300Z,TaxiAlgorithmP2PCollector,2,5000,20,100,1,nearest,1,4,1,BASELINE,7,116264432,Taxi Travel Distance [km],111.24,343.57,206.21,4124.23,20,232.32999999999998
2026-05-08T14:36:25.440769300Z,TaxiAlgorithmP2PCollector,2,5000,20,100,1,nearest,1,4,1,BASELINE,7,116264432,Client Waiting Time [min],0.52,200.12,23.82,2357.9,99,199.6
2026-05-08T14:36:25.440769300Z,TaxiAlgorithmP2PCollector,2,5000,20,100,1,nearest,1,4,1,BASELINE,7,116264432,Client Travel Time [min],160.0,12166.0,2268.95,226895.0,100,12006.0
2026-05-08T14:36:25.440769300Z,TaxiAlgorithmP2PCollector,2,5000,20,100,1,nearest,1,4,1,BASELINE,7,116264432,Calculation Time [millis],0.0,123.0,0.39,6196.0,15918,123.0
2026-05-08T14:36:25.440769300Z,TaxiAlgorithmP2PCollector,2,5000,20,100,1,nearest,1,4,1,BASELINE,7,116264432,Custom Time [micros],0.0,0.0,0.0,0.0,15918,0.0
2026-05-08T14:36:29.411180800Z,TaxiAlgorithmP2PCollector,2,5000,20,100,1,nearest,1,4,1,BASELINE,8,116264433,Taxi Travel Distance [km],5.66,226.25,171.77,3435.38,20,220.59
2026-05-08T14:36:29.411180800Z,TaxiAlgorithmP2PCollector,2,5000,20,100,1,nearest,1,4,1,BASELINE,8,116264433,Client Waiting Time [min],0.52,132.53,32.97,3264.13,99,132.01
2026-05-08T14:36:29.411180800Z,TaxiAlgorithmP2PCollector,2,5000,20,100,1,nearest,1,4,1,BASELINE,8,116264433,Client Travel Time [min],299.0,8711.0,2897.67,289767.0,100,8412.0
2026-05-08T14:36:29.411180800Z,TaxiAlgorithmP2PCollector,2,5000,20,100,1,nearest,1,4,1,BASELINE,8,116264433,Calculation Time [millis],0.0,64.0,0.32,3689.0,11400,64.0
2026-05-08T14:36:29.411180800Z,TaxiAlgorithmP2PCollector,2,5000,20,100,1,nearest,1,4,1,BASELINE,8,116264433,Custom Time [micros],0.0,0.0,0.0,0.0,11400,0.0
2026-05-08T14:36:34.380195500Z,TaxiAlgorithmP2PCollector,2,5000,20,100,1,nearest,1,4,1,BASELINE,9,116264434,Taxi Travel Distance [km],87.52,290.67,216.41,4328.2,20,203.15000000000003
2026-05-08T14:36:34.380195500Z,TaxiAlgorithmP2PCollector,2,5000,20,100,1,nearest,1,4,1,BASELINE,9,116264434,Client Waiting Time [min],0.5,156.38,26.78,2678.18,100,155.88
2026-05-08T14:36:34.380195500Z,TaxiAlgorithmP2PCollector,2,5000,20,100,1,nearest,1,4,1,BASELINE,9,116264434,Client Travel Time [min],172.0,10181.0,2470.9,247090.0,100,10009.0
2026-05-08T14:36:34.380195500Z,TaxiAlgorithmP2PCollector,2,5000,20,100,1,nearest,1,4,1,BASELINE,9,116264434,Calculation Time [millis],0.0,94.0,0.35,4698.0,13389,94.0
2026-05-08T14:36:34.380195500Z,TaxiAlgorithmP2PCollector,2,5000,20,100,1,nearest,1,4,1,BASELINE,9,116264434,Custom Time [micros],0.0,0.0,0.0,0.0,13389,0.0
2026-05-08T14:36:38.527834100Z,TaxiAlgorithmP2PCollector,2,5000,20,100,1,nearest,1,4,1,BASELINE,10,116264435,Taxi Travel Distance [km],46.11,231.06,171.57,3431.35,20,184.95
2026-05-08T14:36:38.527834100Z,TaxiAlgorithmP2PCollector,2,5000,20,100,1,nearest,1,4,1,BASELINE,10,116264435,Client Waiting Time [min],0.42,113.77,24.61,2460.68,100,113.35
2026-05-08T14:36:38.527834100Z,TaxiAlgorithmP2PCollector,2,5000,20,100,1,nearest,1,4,1,BASELINE,10,116264435,Client Travel Time [min],284.0,7099.0,2330.83,233083.0,100,6815.0
2026-05-08T14:36:38.527834100Z,TaxiAlgorithmP2PCollector,2,5000,20,100,1,nearest,1,4,1,BASELINE,10,116264435,Calculation Time [millis],0.0,101.0,0.35,3863.0,10974,101.0
2026-05-08T14:36:38.527834100Z,TaxiAlgorithmP2PCollector,2,5000,20,100,1,nearest,1,4,1,BASELINE,10,116264435,Custom Time [micros],0.0,0.0,0.0,0.0,10974,0.0
2026-05-08T14:36:38.872471100Z,TaxiAlgorithmP2PCollector,2,10000,5,25,1,nearest,1,4,1,BASELINE,1,116264426,Taxi Travel Distance [km],94.64,180.83,147.5,737.5,5,86.19000000000001
2026-05-08T14:36:38.872471100Z,TaxiAlgorithmP2PCollector,2,10000,5,25,1,nearest,1,4,1,BASELINE,1,116264426,Client Waiting Time [min],2.25,71.18,25.84,646.07,25,68.93
2026-05-08T14:36:38.872471100Z,TaxiAlgorithmP2PCollector,2,10000,5,25,1,nearest,1,4,1,BASELINE,1,116264426,Client Travel Time [min],579.0,4930.0,2397.68,59942.0,25,4351.0
2026-05-08T14:36:38.872471100Z,TaxiAlgorithmP2PCollector,2,10000,5,25,1,nearest,1,4,1,BASELINE,1,116264426,Calculation Time [millis],0.0,0.0,0.03,229.0,8400,0.0
2026-05-08T14:36:38.872471100Z,TaxiAlgorithmP2PCollector,2,10000,5,25,1,nearest,1,4,1,BASELINE,1,116264426,Custom Time [micros],0.0,0.0,0.0,0.0,8400,0.0
2026-05-08T14:36:39.654319300Z,TaxiAlgorithmP2PCollector,2,10000,5,25,1,nearest,1,4,1,BASELINE,2,116264427,Taxi Travel Distance [km],40.94,374.49,232.1,1160.5,5,333.55
2026-05-08T14:36:39.654319300Z,TaxiAlgorithmP2PCollector,2,10000,5,25,1,nearest,1,4,1,BASELINE,2,116264427,Client Waiting Time [min],1.55,344.63,66.13,1454.8,22,343.08
2026-05-08T14:36:39.654319300Z,TaxiAlgorithmP2PCollector,2,10000,5,25,1,nearest,1,4,1,BASELINE,2,116264427,Client Travel Time [min],445.0,20886.0,5175.88,129397.0,25,20441.0
2026-05-08T14:36:39.654319300Z,TaxiAlgorithmP2PCollector,2,10000,5,25,1,nearest,1,4,1,BASELINE,2,116264427,Calculation Time [millis],0.0,0.0,0.03,676.0,22109,0.0
2026-05-08T14:36:39.654319300Z,TaxiAlgorithmP2PCollector,2,10000,5,25,1,nearest,1,4,1,BASELINE,2,116264427,Custom Time [micros],0.0,0.0,0.0,0.0,22109,0.0
2026-05-08T14:36:40.134482100Z,TaxiAlgorithmP2PCollector,2,10000,5,25,1,nearest,1,4,1,BASELINE,3,116264428,Taxi Travel Distance [km],157.46,250.99,203.63,1018.13,5,93.53
2026-05-08T14:36:40.134482100Z,TaxiAlgorithmP2PCollector,2,10000,5,25,1,nearest,1,4,1,BASELINE,3,116264428,Client Waiting Time [min],1.05,175.27,38.93,973.15,25,174.22
2026-05-08T14:36:40.134482100Z,TaxiAlgorithmP2PCollector,2,10000,5,25,1,nearest,1,4,1,BASELINE,3,116264428,Client Travel Time [min],580.0,10757.0,2985.8,74645.0,25,10177.0
2026-05-08T14:36:40.134482100Z,TaxiAlgorithmP2PCollector,2,10000,5,25,1,nearest,1,4,1,BASELINE,3,116264428,Calculation Time [millis],0.0,6.0,0.03,358.0,12620,6.0
2026-05-08T14:36:40.134482100Z,TaxiAlgorithmP2PCollector,2,10000,5,25,1,nearest,1,4,1,BASELINE,3,116264428,Custom Time [micros],0.0,0.0,0.0,0.0,12620,0.0
2026-05-08T14:36:40.740513600Z,TaxiAlgorithmP2PCollector,2,10000,5,25,1,nearest,1,4,1,BASELINE,4,116264429,Taxi Travel Distance [km],161.55,364.08,231.24,1156.18,5,202.52999999999997
2026-05-08T14:36:40.740513600Z,TaxiAlgorithmP2PCollector,2,10000,5,25,1,nearest,1,4,1,BASELINE,4,116264429,Client Waiting Time [min],3.7,256.68,35.18,879.43,25,252.98000000000002
2026-05-08T14:36:40.740513600Z,TaxiAlgorithmP2PCollector,2,10000,5,25,1,nearest,1,4,1,BASELINE,4,116264429,Client Travel Time [min],921.0,15653.0,2937.04,73426.0,25,14732.0
2026-05-08T14:36:40.740513600Z,TaxiAlgorithmP2PCollector,2,10000,5,25,1,nearest,1,4,1,BASELINE,4,116264429,Calculation Time [millis],0.0,0.0,0.03,518.0,17253,0.0
2026-05-08T14:36:40.740513600Z,TaxiAlgorithmP2PCollector,2,10000,5,25,1,nearest,1,4,1,BASELINE,4,116264429,Custom Time [micros],0.0,0.0,0.0,0.0,17253,0.0
2026-05-08T14:36:41.054712300Z,TaxiAlgorithmP2PCollector,2,10000,5,25,1,nearest,1,4,1,BASELINE,5,116264430,Taxi Travel Distance [km],111.37,200.92,171.23,856.15,5,89.54999999999998
2026-05-08T14:36:41.054712300Z,TaxiAlgorithmP2PCollector,2,10000,5,25,1,nearest,1,4,1,BASELINE,5,116264430,Client Waiting Time [min],1.58,103.78,33.66,841.5,25,102.2
2026-05-08T14:36:41.054712300Z,TaxiAlgorithmP2PCollector,2,10000,5,25,1,nearest,1,4,1,BASELINE,5,116264430,Client Travel Time [min],713.0,6647.0,2873.64,71841.0,25,5934.0
2026-05-08T14:36:41.054712300Z,TaxiAlgorithmP2PCollector,2,10000,5,25,1,nearest,1,4,1,BASELINE,5,116264430,Calculation Time [millis],0.0,0.0,0.02,229.0,11170,0.0
2026-05-08T14:36:41.054712300Z,TaxiAlgorithmP2PCollector,2,10000,5,25,1,nearest,1,4,1,BASELINE,5,116264430,Custom Time [micros],0.0,0.0,0.0,0.0,11170,0.0
2026-05-08T14:36:41.382209200Z,TaxiAlgorithmP2PCollector,2,10000,5,25,1,nearest,1,4,1,BASELINE,6,116264431,Taxi Travel Distance [km],109.66,203.93,171.07,855.34,5,94.27000000000001
2026-05-08T14:36:41.382209200Z,TaxiAlgorithmP2PCollector,2,10000,5,25,1,nearest,1,4,1,BASELINE,6,116264431,Client Waiting Time [min],1.53,105.05,28.38,709.43,25,103.52
2026-05-08T14:36:41.382209200Z,TaxiAlgorithmP2PCollector,2,10000,5,25,1,nearest,1,4,1,BASELINE,6,116264431,Client Travel Time [min],261.0,7159.0,2611.72,65293.0,25,6898.0
2026-05-08T14:36:41.382209200Z,TaxiAlgorithmP2PCollector,2,10000,5,25,1,nearest,1,4,1,BASELINE,6,116264431,Calculation Time [millis],0.0,0.0,0.02,231.0,9703,0.0
2026-05-08T14:36:41.382209200Z,TaxiAlgorithmP2PCollector,2,10000,5,25,1,nearest,1,4,1,BASELINE,6,116264431,Custom Time [micros],0.0,0.0,0.0,0.0,9703,0.0
2026-05-08T14:36:41.835878Z,TaxiAlgorithmP2PCollector,2,10000,5,25,1,nearest,1,4,1,BASELINE,7,116264432,Taxi Travel Distance [km],16.36,313.82,196.58,982.9,5,297.46
2026-05-08T14:36:41.835878Z,TaxiAlgorithmP2PCollector,2,10000,5,25,1,nearest,1,4,1,BASELINE,7,116264432,Client Waiting Time [min],0.52,153.83,29.36,734.03,25,153.31
2026-05-08T14:36:41.835878Z,TaxiAlgorithmP2PCollector,2,10000,5,25,1,nearest,1,4,1,BASELINE,7,116264432,Client Travel Time [min],160.0,10406.0,2662.48,66562.0,25,10246.0
2026-05-08T14:36:41.835878Z,TaxiAlgorithmP2PCollector,2,10000,5,25,1,nearest,1,4,1,BASELINE,7,116264432,Calculation Time [millis],0.0,10.0,0.03,388.0,14344,10.0
2026-05-08T14:36:41.835878Z,TaxiAlgorithmP2PCollector,2,10000,5,25,1,nearest,1,4,1,BASELINE,7,116264432,Custom Time [micros],0.0,0.0,0.0,0.0,14344,0.0
2026-05-08T14:36:43.058454600Z,TaxiAlgorithmP2PCollector,2,10000,5,25,1,nearest,1,4,1,BASELINE,8,116264433,Taxi Travel Distance [km],139.21,204.67,165.59,827.93,5,65.45999999999998
2026-05-08T14:36:43.058454600Z,TaxiAlgorithmP2PCollector,2,10000,5,25,1,nearest,1,4,1,BASELINE,8,116264433,Client Waiting Time [min],1.25,501.25,61.44,1290.15,21,500.0
2026-05-08T14:36:43.058454600Z,TaxiAlgorithmP2PCollector,2,10000,5,25,1,nearest,1,4,1,BASELINE,8,116264433,Client Travel Time [min],739.0,30448.0,5032.12,125803.0,25,29709.0
2026-05-08T14:36:43.058454600Z,TaxiAlgorithmP2PCollector,2,10000,5,25,1,nearest,1,4,1,BASELINE,8,116264433,Calculation Time [millis],0.0,0.0,0.03,1087.0,34984,0.0
2026-05-08T14:36:43.058454600Z,TaxiAlgorithmP2PCollector,2,10000,5,25,1,nearest,1,4,1,BASELINE,8,116264433,Custom Time [micros],0.0,0.0,0.0,0.0,34984,0.0
2026-05-08T14:36:43.509504900Z,TaxiAlgorithmP2PCollector,2,10000,5,25,1,nearest,1,4,1,BASELINE,9,116264434,Taxi Travel Distance [km],114.91,203.72,179.17,895.85,5,88.81
2026-05-08T14:36:43.509504900Z,TaxiAlgorithmP2PCollector,2,10000,5,25,1,nearest,1,4,1,BASELINE,9,116264434,Client Waiting Time [min],2.75,103.88,36.54,876.97,24,101.13
2026-05-08T14:36:43.509504900Z,TaxiAlgorithmP2PCollector,2,10000,5,25,1,nearest,1,4,1,BASELINE,9,116264434,Client Travel Time [min],762.0,6615.0,3050.92,76273.0,25,5853.0
2026-05-08T14:36:43.509504900Z,TaxiAlgorithmP2PCollector,2,10000,5,25,1,nearest,1,4,1,BASELINE,9,116264434,Calculation Time [millis],0.0,8.0,0.03,305.0,9610,8.0
2026-05-08T14:36:43.509504900Z,TaxiAlgorithmP2PCollector,2,10000,5,25,1,nearest,1,4,1,BASELINE,9,116264434,Custom Time [micros],0.0,0.0,0.0,0.0,9610,0.0
2026-05-08T14:36:43.896030400Z,TaxiAlgorithmP2PCollector,2,10000,5,25,1,nearest,1,4,1,BASELINE,10,116264435,Taxi Travel Distance [km],143.53,237.43,195.25,976.24,5,93.9
2026-05-08T14:36:43.896030400Z,TaxiAlgorithmP2PCollector,2,10000,5,25,1,nearest,1,4,1,BASELINE,10,116264435,Client Waiting Time [min],1.18,99.27,29.67,682.38,23,98.08999999999999
2026-05-08T14:36:43.896030400Z,TaxiAlgorithmP2PCollector,2,10000,5,25,1,nearest,1,4,1,BASELINE,10,116264435,Client Travel Time [min],1004.0,7105.0,2965.04,74126.0,25,6101.0
2026-05-08T14:36:43.896030400Z,TaxiAlgorithmP2PCollector,2,10000,5,25,1,nearest,1,4,1,BASELINE,10,116264435,Calculation Time [millis],0.0,0.0,0.03,303.0,11154,0.0
2026-05-08T14:36:43.896030400Z,TaxiAlgorithmP2PCollector,2,10000,5,25,1,nearest,1,4,1,BASELINE,10,116264435,Custom Time [micros],0.0,0.0,0.0,0.0,11154,0.0
2026-05-08T14:36:44.488270300Z,TaxiAlgorithmP2PCollector,2,10000,10,25,1,nearest,1,4,1,BASELINE,1,116264426,Taxi Travel Distance [km],61.77,138.48,107.7,1076.98,10,76.70999999999998
2026-05-08T14:36:44.488270300Z,TaxiAlgorithmP2PCollector,2,10000,10,25,1,nearest,1,4,1,BASELINE,1,116264426,Client Waiting Time [min],1.08,35.0,9.95,248.82,25,33.92
2026-05-08T14:36:44.488270300Z,TaxiAlgorithmP2PCollector,2,10000,10,25,1,nearest,1,4,1,BASELINE,1,116264426,Client Travel Time [min],409.0,3077.0,1446.16,36154.0,25,2668.0
2026-05-08T14:36:44.488270300Z,TaxiAlgorithmP2PCollector,2,10000,10,25,1,nearest,1,4,1,BASELINE,1,116264426,Calculation Time [millis],0.0,0.0,0.07,492.0,6861,0.0
2026-05-08T14:36:44.488270300Z,TaxiAlgorithmP2PCollector,2,10000,10,25,1,nearest,1,4,1,BASELINE,1,116264426,Custom Time [micros],0.0,0.0,0.0,0.0,6861,0.0
2026-05-08T14:36:45.098680Z,TaxiAlgorithmP2PCollector,2,10000,10,25,1,nearest,1,4,1,BASELINE,2,116264427,Taxi Travel Distance [km],77.82,129.53,111.78,1117.84,10,51.71000000000001
2026-05-08T14:36:45.098680Z,TaxiAlgorithmP2PCollector,2,10000,10,25,1,nearest,1,4,1,BASELINE,2,116264427,Client Waiting Time [min],1.48,43.95,12.93,323.27,25,42.470000000000006
2026-05-08T14:36:45.098680Z,TaxiAlgorithmP2PCollector,2,10000,10,25,1,nearest,1,4,1,BASELINE,2,116264427,Client Travel Time [min],355.0,4428.0,1627.2,40680.0,25,4073.0
2026-05-08T14:36:45.098680Z,TaxiAlgorithmP2PCollector,2,10000,10,25,1,nearest,1,4,1,BASELINE,2,116264427,Calculation Time [millis],0.0,0.0,0.07,491.0,7010,0.0
2026-05-08T14:36:45.098680Z,TaxiAlgorithmP2PCollector,2,10000,10,25,1,nearest,1,4,1,BASELINE,2,116264427,Custom Time [micros],0.0,0.0,0.0,0.0,7010,0.0
2026-05-08T14:36:45.813556800Z,TaxiAlgorithmP2PCollector,2,10000,10,25,1,nearest,1,4,1,BASELINE,3,116264428,Taxi Travel Distance [km],53.44,162.59,108.3,1082.97,10,109.15
2026-05-08T14:36:45.813556800Z,TaxiAlgorithmP2PCollector,2,10000,10,25,1,nearest,1,4,1,BASELINE,3,116264428,Client Waiting Time [min],1.03,53.67,11.37,284.33,25,52.64
2026-05-08T14:36:45.813556800Z,TaxiAlgorithmP2PCollector,2,10000,10,25,1,nearest,1,4,1,BASELINE,3,116264428,Client Travel Time [min],395.0,3784.0,1389.96,34749.0,25,3389.0
2026-05-08T14:36:45.813556800Z,TaxiAlgorithmP2PCollector,2,10000,10,25,1,nearest,1,4,1,BASELINE,3,116264428,Calculation Time [millis],0.0,0.0,0.08,601.0,7987,0.0
2026-05-08T14:36:45.813556800Z,TaxiAlgorithmP2PCollector,2,10000,10,25,1,nearest,1,4,1,BASELINE,3,116264428,Custom Time [micros],0.0,0.0,0.0,0.0,7987,0.0
2026-05-08T14:36:46.433558800Z,TaxiAlgorithmP2PCollector,2,10000,10,25,1,nearest,1,4,1,BASELINE,4,116264429,Taxi Travel Distance [km],69.5,132.99,105.69,1056.89,10,63.49000000000001
2026-05-08T14:36:46.433558800Z,TaxiAlgorithmP2PCollector,2,10000,10,25,1,nearest,1,4,1,BASELINE,4,116264429,Client Waiting Time [min],1.6,30.05,11.93,298.2,25,28.45
2026-05-08T14:36:46.433558800Z,TaxiAlgorithmP2PCollector,2,10000,10,25,1,nearest,1,4,1,BASELINE,4,116264429,Client Travel Time [min],517.0,3331.0,1564.4,39110.0,25,2814.0
2026-05-08T14:36:46.433558800Z,TaxiAlgorithmP2PCollector,2,10000,10,25,1,nearest,1,4,1,BASELINE,4,116264429,Calculation Time [millis],0.0,0.0,0.07,486.0,7247,0.0
2026-05-08T14:36:46.433558800Z,TaxiAlgorithmP2PCollector,2,10000,10,25,1,nearest,1,4,1,BASELINE,4,116264429,Custom Time [micros],0.0,0.0,0.0,0.0,7247,0.0
2026-05-08T14:36:47.011110800Z,TaxiAlgorithmP2PCollector,2,10000,10,25,1,nearest,1,4,1,BASELINE,5,116264430,Taxi Travel Distance [km],79.38,153.39,119.45,1194.47,10,74.00999999999999
2026-05-08T14:36:47.011110800Z,TaxiAlgorithmP2PCollector,2,10000,10,25,1,nearest,1,4,1,BASELINE,5,116264430,Client Waiting Time [min],2.53,45.6,16.73,418.32,25,43.07
2026-05-08T14:36:47.011110800Z,TaxiAlgorithmP2PCollector,2,10000,10,25,1,nearest,1,4,1,BASELINE,5,116264430,Client Travel Time [min],605.0,3812.0,1888.12,47203.0,25,3207.0
2026-05-08T14:36:47.011110800Z,TaxiAlgorithmP2PCollector,2,10000,10,25,1,nearest,1,4,1,BASELINE,5,116264430,Calculation Time [millis],0.0,0.0,0.06,476.0,8579,0.0
2026-05-08T14:36:47.011110800Z,TaxiAlgorithmP2PCollector,2,10000,10,25,1,nearest,1,4,1,BASELINE,5,116264430,Custom Time [micros],0.0,0.0,0.0,0.0,8579,0.0
2026-05-08T14:36:47.916437300Z,TaxiAlgorithmP2PCollector,2,10000,10,25,1,nearest,1,4,1,BASELINE,6,116264431,Taxi Travel Distance [km],42.91,205.86,168.52,1685.18,10,162.95000000000002
2026-05-08T14:36:47.916437300Z,TaxiAlgorithmP2PCollector,2,10000,10,25,1,nearest,1,4,1,BASELINE,6,116264431,Client Waiting Time [min],1.33,93.05,23.66,591.55,25,91.72
2026-05-08T14:36:47.916437300Z,TaxiAlgorithmP2PCollector,2,10000,10,25,1,nearest,1,4,1,BASELINE,6,116264431,Client Travel Time [min],295.0,6479.0,2441.76,61044.0,25,6184.0
2026-05-08T14:36:47.916437300Z,TaxiAlgorithmP2PCollector,2,10000,10,25,1,nearest,1,4,1,BASELINE,6,116264431,Calculation Time [millis],0.0,4.0,0.07,763.0,10568,4.0
2026-05-08T14:36:47.916437300Z,TaxiAlgorithmP2PCollector,2,10000,10,25,1,nearest,1,4,1,BASELINE,6,116264431,Custom Time [micros],0.0,0.0,0.0,0.0,10568,0.0
2026-05-08T14:36:49.637331200Z,TaxiAlgorithmP2PCollector,2,10000,10,25,1,nearest,1,4,1,BASELINE,7,116264432,Taxi Travel Distance [km],76.27,340.5,145.5,1455.02,10,264.23
2026-05-08T14:36:49.637331200Z,TaxiAlgorithmP2PCollector,2,10000,10,25,1,nearest,1,4,1,BASELINE,7,116264432,Client Waiting Time [min],0.52,225.37,24.45,611.18,25,224.85
2026-05-08T14:36:49.637331200Z,TaxiAlgorithmP2PCollector,2,10000,10,25,1,nearest,1,4,1,BASELINE,7,116264432,Client Travel Time [min],160.0,13588.0,2421.24,60531.0,25,13428.0
2026-05-08T14:36:49.637331200Z,TaxiAlgorithmP2PCollector,2,10000,10,25,1,nearest,1,4,1,BASELINE,7,116264432,Calculation Time [millis],0.0,29.0,0.1,1577.0,15824,29.0
2026-05-08T14:36:49.637331200Z,TaxiAlgorithmP2PCollector,2,10000,10,25,1,nearest,1,4,1,BASELINE,7,116264432,Custom Time [micros],0.0,0.0,0.0,0.0,15824,0.0
2026-05-08T14:36:50.513192200Z,TaxiAlgorithmP2PCollector,2,10000,10,25,1,nearest,1,4,1,BASELINE,8,116264433,Taxi Travel Distance [km],22.07,177.42,119.95,1199.54,10,155.35
2026-05-08T14:36:50.513192200Z,TaxiAlgorithmP2PCollector,2,10000,10,25,1,nearest,1,4,1,BASELINE,8,116264433,Client Waiting Time [min],0.73,94.38,23.61,566.57,24,93.64999999999999
2026-05-08T14:36:50.513192200Z,TaxiAlgorithmP2PCollector,2,10000,10,25,1,nearest,1,4,1,BASELINE,8,116264433,Client Travel Time [min],658.0,5901.0,2348.76,58719.0,25,5243.0
2026-05-08T14:36:50.513192200Z,TaxiAlgorithmP2PCollector,2,10000,10,25,1,nearest,1,4,1,BASELINE,8,116264433,Calculation Time [millis],0.0,0.0,0.08,724.0,8932,0.0
2026-05-08T14:36:50.513192200Z,TaxiAlgorithmP2PCollector,2,10000,10,25,1,nearest,1,4,1,BASELINE,8,116264433,Custom Time [micros],0.0,0.0,0.0,0.0,8932,0.0
2026-05-08T14:36:51.136778700Z,TaxiAlgorithmP2PCollector,2,10000,10,25,1,nearest,1,4,1,BASELINE,9,116264434,Taxi Travel Distance [km],82.36,167.95,127.96,1279.57,10,85.58999999999999
2026-05-08T14:36:51.136778700Z,TaxiAlgorithmP2PCollector,2,10000,10,25,1,nearest,1,4,1,BASELINE,9,116264434,Client Waiting Time [min],1.32,86.02,12.72,318.0,25,84.7
2026-05-08T14:36:51.136778700Z,TaxiAlgorithmP2PCollector,2,10000,10,25,1,nearest,1,4,1,BASELINE,9,116264434,Client Travel Time [min],270.0,5913.0,1603.68,40092.0,25,5643.0
2026-05-08T14:36:51.136778700Z,TaxiAlgorithmP2PCollector,2,10000,10,25,1,nearest,1,4,1,BASELINE,9,116264434,Calculation Time [millis],0.0,8.0,0.05,474.0,8880,8.0
2026-05-08T14:36:51.136778700Z,TaxiAlgorithmP2PCollector,2,10000,10,25,1,nearest,1,4,1,BASELINE,9,116264434,Custom Time [micros],0.0,0.0,0.0,0.0,8880,0.0
2026-05-08T14:36:51.743919Z,TaxiAlgorithmP2PCollector,2,10000,10,25,1,nearest,1,4,1,BASELINE,10,116264435,Taxi Travel Distance [km],61.01,160.75,124.14,1241.37,10,99.74000000000001
2026-05-08T14:36:51.743919Z,TaxiAlgorithmP2PCollector,2,10000,10,25,1,nearest,1,4,1,BASELINE,10,116264435,Client Waiting Time [min],2.15,42.9,13.46,336.58,25,40.75
2026-05-08T14:36:51.743919Z,TaxiAlgorithmP2PCollector,2,10000,10,25,1,nearest,1,4,1,BASELINE,10,116264435,Client Travel Time [min],642.0,3508.0,1734.8,43370.0,25,2866.0
2026-05-08T14:36:51.743919Z,TaxiAlgorithmP2PCollector,2,10000,10,25,1,nearest,1,4,1,BASELINE,10,116264435,Calculation Time [millis],0.0,0.0,0.06,487.0,8382,0.0
2026-05-08T14:36:51.743919Z,TaxiAlgorithmP2PCollector,2,10000,10,25,1,nearest,1,4,1,BASELINE,10,116264435,Custom Time [micros],0.0,0.0,0.0,0.0,8382,0.0
2026-05-08T14:36:52.857663800Z,TaxiAlgorithmP2PCollector,2,10000,10,50,1,nearest,1,4,1,BASELINE,1,116264426,Taxi Travel Distance [km],178.67,229.09,211.8,2117.97,10,50.420000000000016
2026-05-08T14:36:52.857663800Z,TaxiAlgorithmP2PCollector,2,10000,10,50,1,nearest,1,4,1,BASELINE,1,116264426,Client Waiting Time [min],2.25,124.83,24.81,1191.07,48,122.58
2026-05-08T14:36:52.857663800Z,TaxiAlgorithmP2PCollector,2,10000,10,50,1,nearest,1,4,1,BASELINE,1,116264426,Client Travel Time [min],497.0,8311.0,2328.44,116422.0,50,7814.0
2026-05-08T14:36:52.857663800Z,TaxiAlgorithmP2PCollector,2,10000,10,50,1,nearest,1,4,1,BASELINE,1,116264426,Calculation Time [millis],0.0,25.0,0.09,999.0,10626,25.0
2026-05-08T14:36:52.857663800Z,TaxiAlgorithmP2PCollector,2,10000,10,50,1,nearest,1,4,1,BASELINE,1,116264426,Custom Time [micros],0.0,0.0,0.0,0.0,10626,0.0
2026-05-08T14:36:53.952578500Z,TaxiAlgorithmP2PCollector,2,10000,10,50,1,nearest,1,4,1,BASELINE,2,116264427,Taxi Travel Distance [km],55.55,241.98,194.14,1941.35,10,186.43
2026-05-08T14:36:53.952578500Z,TaxiAlgorithmP2PCollector,2,10000,10,50,1,nearest,1,4,1,BASELINE,2,116264427,Client Waiting Time [min],0.5,153.07,27.01,1296.7,48,152.57
2026-05-08T14:36:53.952578500Z,TaxiAlgorithmP2PCollector,2,10000,10,50,1,nearest,1,4,1,BASELINE,2,116264427,Client Travel Time [min],296.0,9915.0,2527.96,126398.0,50,9619.0
2026-05-08T14:36:53.952578500Z,TaxiAlgorithmP2PCollector,2,10000,10,50,1,nearest,1,4,1,BASELINE,2,116264427,Calculation Time [millis],0.0,0.0,0.09,994.0,11138,0.0
2026-05-08T14:36:53.952578500Z,TaxiAlgorithmP2PCollector,2,10000,10,50,1,nearest,1,4,1,BASELINE,2,116264427,Custom Time [micros],0.0,0.0,0.0,0.0,11138,0.0
2026-05-08T14:36:54.864428100Z,TaxiAlgorithmP2PCollector,2,10000,10,50,1,nearest,1,4,1,BASELINE,3,116264428,Taxi Travel Distance [km],145.18,182.16,160.27,1602.7,10,36.97999999999999
2026-05-08T14:36:54.864428100Z,TaxiAlgorithmP2PCollector,2,10000,10,50,1,nearest,1,4,1,BASELINE,3,116264428,Client Waiting Time [min],1.17,71.05,21.9,1095.15,50,69.88
2026-05-08T14:36:54.864428100Z,TaxiAlgorithmP2PCollector,2,10000,10,50,1,nearest,1,4,1,BASELINE,3,116264428,Client Travel Time [min],580.0,5400.0,2110.68,105534.0,50,4820.0
2026-05-08T14:36:54.864428100Z,TaxiAlgorithmP2PCollector,2,10000,10,50,1,nearest,1,4,1,BASELINE,3,116264428,Calculation Time [millis],0.0,11.0,0.08,733.0,8857,11.0
2026-05-08T14:36:54.864428100Z,TaxiAlgorithmP2PCollector,2,10000,10,50,1,nearest,1,4,1,BASELINE,3,116264428,Custom Time [micros],0.0,0.0,0.0,0.0,8857,0.0
2026-05-08T14:36:55.679077300Z,TaxiAlgorithmP2PCollector,2,10000,10,50,1,nearest,1,4,1,BASELINE,4,116264429,Taxi Travel Distance [km],152.21,166.41,161.25,1612.54,10,14.199999999999989
2026-05-08T14:36:55.679077300Z,TaxiAlgorithmP2PCollector,2,10000,10,50,1,nearest,1,4,1,BASELINE,4,116264429,Client Waiting Time [min],3.58,83.38,25.92,1295.97,50,79.8
2026-05-08T14:36:55.679077300Z,TaxiAlgorithmP2PCollector,2,10000,10,50,1,nearest,1,4,1,BASELINE,4,116264429,Client Travel Time [min],759.0,5553.0,2375.34,118767.0,50,4794.0
2026-05-08T14:36:55.679077300Z,TaxiAlgorithmP2PCollector,2,10000,10,50,1,nearest,1,4,1,BASELINE,4,116264429,Calculation Time [millis],0.0,0.0,0.08,721.0,8659,0.0
2026-05-08T14:36:55.679077300Z,TaxiAlgorithmP2PCollector,2,10000,10,50,1,nearest,1,4,1,BASELINE,4,116264429,Custom Time [micros],0.0,0.0,0.0,0.0,8659,0.0
2026-05-08T14:36:56.522395300Z,TaxiAlgorithmP2PCollector,2,10000,10,50,1,nearest,1,4,1,BASELINE,5,116264430,Taxi Travel Distance [km],140.25,187.83,159.5,1594.99,10,47.58000000000001
2026-05-08T14:36:56.522395300Z,TaxiAlgorithmP2PCollector,2,10000,10,50,1,nearest,1,4,1,BASELINE,5,116264430,Client Waiting Time [min],1.25,105.23,28.54,1427.2,50,103.98
2026-05-08T14:36:56.522395300Z,TaxiAlgorithmP2PCollector,2,10000,10,50,1,nearest,1,4,1,BASELINE,5,116264430,Client Travel Time [min],865.0,7588.0,2607.34,130367.0,50,6723.0
2026-05-08T14:36:56.522395300Z,TaxiAlgorithmP2PCollector,2,10000,10,50,1,nearest,1,4,1,BASELINE,5,116264430,Calculation Time [millis],0.0,14.0,0.08,698.0,9189,14.0
2026-05-08T14:36:56.522395300Z,TaxiAlgorithmP2PCollector,2,10000,10,50,1,nearest,1,4,1,BASELINE,5,116264430,Custom Time [micros],0.0,0.0,0.0,0.0,9189,0.0
2026-05-08T14:36:57.347181500Z,TaxiAlgorithmP2PCollector,2,10000,10,50,1,nearest,1,4,1,BASELINE,6,116264431,Taxi Travel Distance [km],159.83,202.87,175.48,1754.85,10,43.03999999999999
2026-05-08T14:36:57.347181500Z,TaxiAlgorithmP2PCollector,2,10000,10,50,1,nearest,1,4,1,BASELINE,6,116264431,Client Waiting Time [min],2.93,90.83,27.27,1363.72,50,87.89999999999999
2026-05-08T14:36:57.347181500Z,TaxiAlgorithmP2PCollector,2,10000,10,50,1,nearest,1,4,1,BASELINE,6,116264431,Client Travel Time [min],447.0,7100.0,2602.1,130105.0,50,6653.0
2026-05-08T14:36:57.347181500Z,TaxiAlgorithmP2PCollector,2,10000,10,50,1,nearest,1,4,1,BASELINE,6,116264431,Calculation Time [millis],0.0,0.0,0.08,743.0,9644,0.0
2026-05-08T14:36:57.347181500Z,TaxiAlgorithmP2PCollector,2,10000,10,50,1,nearest,1,4,1,BASELINE,6,116264431,Custom Time [micros],0.0,0.0,0.0,0.0,9644,0.0
2026-05-08T14:36:59.834843600Z,TaxiAlgorithmP2PCollector,2,10000,10,50,1,nearest,1,4,1,BASELINE,7,116264432,Taxi Travel Distance [km],27.65,227.15,153.42,1534.16,10,199.5
2026-05-08T14:36:59.834843600Z,TaxiAlgorithmP2PCollector,2,10000,10,50,1,nearest,1,4,1,BASELINE,7,116264432,Client Waiting Time [min],0.52,314.75,26.57,1195.73,45,314.23
2026-05-08T14:36:59.834843600Z,TaxiAlgorithmP2PCollector,2,10000,10,50,1,nearest,1,4,1,BASELINE,7,116264432,Client Travel Time [min],160.0,18937.0,3427.56,171378.0,50,18777.0
2026-05-08T14:36:59.834843600Z,TaxiAlgorithmP2PCollector,2,10000,10,50,1,nearest,1,4,1,BASELINE,7,116264432,Calculation Time [millis],0.0,63.0,0.1,2309.0,22175,63.0
2026-05-08T14:36:59.834843600Z,TaxiAlgorithmP2PCollector,2,10000,10,50,1,nearest,1,4,1,BASELINE,7,116264432,Custom Time [micros],0.0,0.0,0.0,0.0,22175,0.0
2026-05-08T14:37:00.831198900Z,TaxiAlgorithmP2PCollector,2,10000,10,50,1,nearest,1,4,1,BASELINE,8,116264433,Taxi Travel Distance [km],103.35,214.76,168.22,1682.22,10,111.41
2026-05-08T14:37:00.831198900Z,TaxiAlgorithmP2PCollector,2,10000,10,50,1,nearest,1,4,1,BASELINE,8,116264433,Client Waiting Time [min],0.72,133.23,28.55,1370.52,48,132.51
2026-05-08T14:37:00.831198900Z,TaxiAlgorithmP2PCollector,2,10000,10,50,1,nearest,1,4,1,BASELINE,8,116264433,Client Travel Time [min],401.0,8271.0,2607.5,130375.0,50,7870.0
2026-05-08T14:37:00.831198900Z,TaxiAlgorithmP2PCollector,2,10000,10,50,1,nearest,1,4,1,BASELINE,8,116264433,Calculation Time [millis],0.0,0.0,0.09,888.0,10228,0.0
2026-05-08T14:37:00.831198900Z,TaxiAlgorithmP2PCollector,2,10000,10,50,1,nearest,1,4,1,BASELINE,8,116264433,Custom Time [micros],0.0,0.0,0.0,0.0,10228,0.0
2026-05-08T14:37:01.760497Z,TaxiAlgorithmP2PCollector,2,10000,10,50,1,nearest,1,4,1,BASELINE,9,116264434,Taxi Travel Distance [km],49.85,233.83,170.32,1703.16,10,183.98000000000002
2026-05-08T14:37:01.760497Z,TaxiAlgorithmP2PCollector,2,10000,10,50,1,nearest,1,4,1,BASELINE,9,116264434,Client Waiting Time [min],0.25,108.28,26.96,1321.27,49,108.03
2026-05-08T14:37:01.760497Z,TaxiAlgorithmP2PCollector,2,10000,10,50,1,nearest,1,4,1,BASELINE,9,116264434,Client Travel Time [min],91.0,7636.0,2555.96,127798.0,50,7545.0
2026-05-08T14:37:01.760497Z,TaxiAlgorithmP2PCollector,2,10000,10,50,1,nearest,1,4,1,BASELINE,9,116264434,Calculation Time [millis],0.0,14.0,0.07,783.0,10784,14.0
2026-05-08T14:37:01.760497Z,TaxiAlgorithmP2PCollector,2,10000,10,50,1,nearest,1,4,1,BASELINE,9,116264434,Custom Time [micros],0.0,0.0,0.0,0.0,10784,0.0
2026-05-08T14:37:02.620750300Z,TaxiAlgorithmP2PCollector,2,10000,10,50,1,nearest,1,4,1,BASELINE,10,116264435,Taxi Travel Distance [km],118.86,186.25,161.54,1615.35,10,67.39
2026-05-08T14:37:02.620750300Z,TaxiAlgorithmP2PCollector,2,10000,10,50,1,nearest,1,4,1,BASELINE,10,116264435,Client Waiting Time [min],0.58,111.07,19.99,999.37,50,110.49
2026-05-08T14:37:02.620750300Z,TaxiAlgorithmP2PCollector,2,10000,10,50,1,nearest,1,4,1,BASELINE,10,116264435,Client Travel Time [min],411.0,6901.0,2106.4,105320.0,50,6490.0
2026-05-08T14:37:02.620750300Z,TaxiAlgorithmP2PCollector,2,10000,10,50,1,nearest,1,4,1,BASELINE,10,116264435,Calculation Time [millis],0.0,0.0,0.08,729.0,8832,0.0
2026-05-08T14:37:02.620750300Z,TaxiAlgorithmP2PCollector,2,10000,10,50,1,nearest,1,4,1,BASELINE,10,116264435,Custom Time [micros],0.0,0.0,0.0,0.0,8832,0.0
2026-05-08T14:37:03.868723600Z,TaxiAlgorithmP2PCollector,2,10000,20,50,1,nearest,1,4,1,BASELINE,1,116264426,Taxi Travel Distance [km],70.83,138.74,101.47,2029.35,20,67.91000000000001
2026-05-08T14:37:03.868723600Z,TaxiAlgorithmP2PCollector,2,10000,20,50,1,nearest,1,4,1,BASELINE,1,116264426,Client Waiting Time [min],0.52,33.8,8.66,432.77,50,33.279999999999994
2026-05-08T14:37:03.868723600Z,TaxiAlgorithmP2PCollector,2,10000,20,50,1,nearest,1,4,1,BASELINE,1,116264426,Client Travel Time [min],305.0,2419.0,1375.32,68766.0,50,2114.0
2026-05-08T14:37:03.868723600Z,TaxiAlgorithmP2PCollector,2,10000,20,50,1,nearest,1,4,1,BASELINE,1,116264426,Calculation Time [millis],0.0,16.0,0.16,1101.0,6723,16.0
2026-05-08T14:37:03.868723600Z,TaxiAlgorithmP2PCollector,2,10000,20,50,1,nearest,1,4,1,BASELINE,1,116264426,Custom Time [micros],0.0,0.0,0.0,0.0,6723,0.0
2026-05-08T14:37:05.568866900Z,TaxiAlgorithmP2PCollector,2,10000,20,50,1,nearest,1,4,1,BASELINE,2,116264427,Taxi Travel Distance [km],39.01,136.84,98.77,1975.37,20,97.83000000000001
2026-05-08T14:37:05.568866900Z,TaxiAlgorithmP2PCollector,2,10000,20,50,1,nearest,1,4,1,BASELINE,2,116264427,Client Waiting Time [min],0.73,38.03,11.08,543.05,49,37.300000000000004
2026-05-08T14:37:05.568866900Z,TaxiAlgorithmP2PCollector,2,10000,20,50,1,nearest,1,4,1,BASELINE,2,116264427,Client Travel Time [min],302.0,3208.0,1541.1,77055.0,50,2906.0
2026-05-08T14:37:05.568866900Z,TaxiAlgorithmP2PCollector,2,10000,20,50,1,nearest,1,4,1,BASELINE,2,116264427,Calculation Time [millis],0.0,34.0,0.22,1555.0,6977,34.0
2026-05-08T14:37:05.568866900Z,TaxiAlgorithmP2PCollector,2,10000,20,50,1,nearest,1,4,1,BASELINE,2,116264427,Custom Time [micros],0.0,0.0,0.0,0.0,6977,0.0
2026-05-08T14:37:07.016430900Z,TaxiAlgorithmP2PCollector,2,10000,20,50,1,nearest,1,4,1,BASELINE,3,116264428,Taxi Travel Distance [km],74.24,131.99,99.94,1998.84,20,57.750000000000014
2026-05-08T14:37:07.016430900Z,TaxiAlgorithmP2PCollector,2,10000,20,50,1,nearest,1,4,1,BASELINE,3,116264428,Client Waiting Time [min],1.38,36.4,10.21,510.67,50,35.019999999999996
2026-05-08T14:37:07.016430900Z,TaxiAlgorithmP2PCollector,2,10000,20,50,1,nearest,1,4,1,BASELINE,3,116264428,Client Travel Time [min],708.0,2890.0,1500.22,75011.0,50,2182.0
2026-05-08T14:37:07.016430900Z,TaxiAlgorithmP2PCollector,2,10000,20,50,1,nearest,1,4,1,BASELINE,3,116264428,Calculation Time [millis],0.0,35.0,0.19,1291.0,6701,35.0
2026-05-08T14:37:07.016430900Z,TaxiAlgorithmP2PCollector,2,10000,20,50,1,nearest,1,4,1,BASELINE,3,116264428,Custom Time [micros],0.0,0.0,0.0,0.0,6701,0.0
2026-05-08T14:37:08.233441700Z,TaxiAlgorithmP2PCollector,2,10000,20,50,1,nearest,1,4,1,BASELINE,4,116264429,Taxi Travel Distance [km],73.82,138.77,101.04,2020.78,20,64.95000000000002
2026-05-08T14:37:08.233441700Z,TaxiAlgorithmP2PCollector,2,10000,20,50,1,nearest,1,4,1,BASELINE,4,116264429,Client Waiting Time [min],1.9,30.63,9.26,463.17,50,28.73
2026-05-08T14:37:08.233441700Z,TaxiAlgorithmP2PCollector,2,10000,20,50,1,nearest,1,4,1,BASELINE,4,116264429,Client Travel Time [min],479.0,3612.0,1403.24,70162.0,50,3133.0
2026-05-08T14:37:08.233441700Z,TaxiAlgorithmP2PCollector,2,10000,20,50,1,nearest,1,4,1,BASELINE,4,116264429,Calculation Time [millis],0.0,1.0,0.17,1105.0,6461,1.0
2026-05-08T14:37:08.233441700Z,TaxiAlgorithmP2PCollector,2,10000,20,50,1,nearest,1,4,1,BASELINE,4,116264429,Custom Time [micros],0.0,0.0,0.0,0.0,6461,0.0
2026-05-08T14:37:10.201981800Z,TaxiAlgorithmP2PCollector,2,10000,20,50,1,nearest,1,4,1,BASELINE,5,116264430,Taxi Travel Distance [km],85.18,142.63,111.6,2232.0,20,57.44999999999999
2026-05-08T14:37:10.201981800Z,TaxiAlgorithmP2PCollector,2,10000,20,50,1,nearest,1,4,1,BASELINE,5,116264430,Client Waiting Time [min],0.87,32.2,10.27,513.72,50,31.330000000000002
2026-05-08T14:37:10.201981800Z,TaxiAlgorithmP2PCollector,2,10000,20,50,1,nearest,1,4,1,BASELINE,5,116264430,Client Travel Time [min],598.0,3482.0,1609.94,80497.0,50,2884.0
2026-05-08T14:37:10.201981800Z,TaxiAlgorithmP2PCollector,2,10000,20,50,1,nearest,1,4,1,BASELINE,5,116264430,Calculation Time [millis],0.0,9.0,0.25,1747.0,6916,9.0
2026-05-08T14:37:10.201981800Z,TaxiAlgorithmP2PCollector,2,10000,20,50,1,nearest,1,4,1,BASELINE,5,116264430,Custom Time [micros],0.0,0.0,0.0,0.0,6916,0.0
2026-05-08T14:37:11.628831600Z,TaxiAlgorithmP2PCollector,2,10000,20,50,1,nearest,1,4,1,BASELINE,6,116264431,Taxi Travel Distance [km],89.11,131.84,108.52,2170.37,20,42.730000000000004
2026-05-08T14:37:11.628831600Z,TaxiAlgorithmP2PCollector,2,10000,20,50,1,nearest,1,4,1,BASELINE,6,116264431,Client Waiting Time [min],0.75,61.03,10.26,512.95,50,60.28
2026-05-08T14:37:11.628831600Z,TaxiAlgorithmP2PCollector,2,10000,20,50,1,nearest,1,4,1,BASELINE,6,116264431,Client Travel Time [min],295.0,5423.0,1635.16,81758.0,50,5128.0
2026-05-08T14:37:11.628831600Z,TaxiAlgorithmP2PCollector,2,10000,20,50,1,nearest,1,4,1,BASELINE,6,116264431,Calculation Time [millis],0.0,9.0,0.15,1190.0,7967,9.0
2026-05-08T14:37:11.628831600Z,TaxiAlgorithmP2PCollector,2,10000,20,50,1,nearest,1,4,1,BASELINE,6,116264431,Custom Time [micros],0.0,0.0,0.0,0.0,7967,0.0
2026-05-08T14:37:14.487261200Z,TaxiAlgorithmP2PCollector,2,10000,20,50,1,nearest,1,4,1,BASELINE,7,116264432,Taxi Travel Distance [km],25.91,164.86,117.62,2352.4,20,138.95000000000002
2026-05-08T14:37:14.487261200Z,TaxiAlgorithmP2PCollector,2,10000,20,50,1,nearest,1,4,1,BASELINE,7,116264432,Client Waiting Time [min],0.52,59.52,12.19,609.47,50,59.0
2026-05-08T14:37:14.487261200Z,TaxiAlgorithmP2PCollector,2,10000,20,50,1,nearest,1,4,1,BASELINE,7,116264432,Client Travel Time [min],160.0,3849.0,1559.44,77972.0,50,3689.0
2026-05-08T14:37:14.487261200Z,TaxiAlgorithmP2PCollector,2,10000,20,50,1,nearest,1,4,1,BASELINE,7,116264432,Calculation Time [millis],0.0,72.0,0.33,2656.0,8007,72.0
2026-05-08T14:37:14.487261200Z,TaxiAlgorithmP2PCollector,2,10000,20,50,1,nearest,1,4,1,BASELINE,7,116264432,Custom Time [micros],0.0,0.0,0.0,0.0,8007,0.0
2026-05-08T14:37:16.218374200Z,TaxiAlgorithmP2PCollector,2,10000,20,50,1,nearest,1,4,1,BASELINE,8,116264433,Taxi Travel Distance [km],47.58,129.24,98.95,1979.09,20,81.66000000000001
2026-05-08T14:37:16.218374200Z,TaxiAlgorithmP2PCollector,2,10000,20,50,1,nearest,1,4,1,BASELINE,8,116264433,Client Waiting Time [min],0.73,26.52,9.08,454.05,50,25.79
2026-05-08T14:37:16.218374200Z,TaxiAlgorithmP2PCollector,2,10000,20,50,1,nearest,1,4,1,BASELINE,8,116264433,Client Travel Time [min],538.0,3105.0,1462.18,73109.0,50,2567.0
2026-05-08T14:37:16.218374200Z,TaxiAlgorithmP2PCollector,2,10000,20,50,1,nearest,1,4,1,BASELINE,8,116264433,Calculation Time [millis],0.0,48.0,0.23,1612.0,6897,48.0
2026-05-08T14:37:16.218374200Z,TaxiAlgorithmP2PCollector,2,10000,20,50,1,nearest,1,4,1,BASELINE,8,116264433,Custom Time [micros],0.0,0.0,0.0,0.0,6897,0.0
2026-05-08T14:37:17.172464800Z,TaxiAlgorithmP2PCollector,2,10000,20,50,1,nearest,1,4,1,BASELINE,9,116264434,Taxi Travel Distance [km],57.4,114.65,92.43,1848.66,20,57.25000000000001
2026-05-08T14:37:17.172464800Z,TaxiAlgorithmP2PCollector,2,10000,20,50,1,nearest,1,4,1,BASELINE,9,116264434,Client Waiting Time [min],0.72,21.7,7.51,375.68,50,20.98
2026-05-08T14:37:17.172464800Z,TaxiAlgorithmP2PCollector,2,10000,20,50,1,nearest,1,4,1,BASELINE,9,116264434,Client Travel Time [min],266.0,2691.0,1324.52,66226.0,50,2425.0
2026-05-08T14:37:17.172464800Z,TaxiAlgorithmP2PCollector,2,10000,20,50,1,nearest,1,4,1,BASELINE,9,116264434,Calculation Time [millis],0.0,1.0,0.14,856.0,6292,1.0
2026-05-08T14:37:17.172464800Z,TaxiAlgorithmP2PCollector,2,10000,20,50,1,nearest,1,4,1,BASELINE,9,116264434,Custom Time [micros],0.0,0.0,0.0,0.0,6292,0.0
2026-05-08T14:37:18.450257500Z,TaxiAlgorithmP2PCollector,2,10000,20,50,1,nearest,1,4,1,BASELINE,10,116264435,Taxi Travel Distance [km],83.41,138.59,108.2,2164.03,20,55.18000000000001
2026-05-08T14:37:18.450257500Z,TaxiAlgorithmP2PCollector,2,10000,20,50,1,nearest,1,4,1,BASELINE,10,116264435,Client Waiting Time [min],0.2,23.85,8.7,434.82,50,23.650000000000002
2026-05-08T14:37:18.450257500Z,TaxiAlgorithmP2PCollector,2,10000,20,50,1,nearest,1,4,1,BASELINE,10,116264435,Client Travel Time [min],283.0,2865.0,1488.3,74415.0,50,2582.0
2026-05-08T14:37:18.450257500Z,TaxiAlgorithmP2PCollector,2,10000,20,50,1,nearest,1,4,1,BASELINE,10,116264435,Calculation Time [millis],0.0,21.0,0.16,1112.0,6882,21.0
2026-05-08T14:37:18.450257500Z,TaxiAlgorithmP2PCollector,2,10000,20,50,1,nearest,1,4,1,BASELINE,10,116264435,Custom Time [micros],0.0,0.0,0.0,0.0,6882,0.0
2026-05-08T14:37:21.182450100Z,TaxiAlgorithmP2PCollector,2,10000,20,100,1,nearest,1,4,1,BASELINE,1,116264426,Taxi Travel Distance [km],105.81,180.59,155.21,3104.13,20,74.78
2026-05-08T14:37:21.182450100Z,TaxiAlgorithmP2PCollector,2,10000,20,100,1,nearest,1,4,1,BASELINE,1,116264426,Client Waiting Time [min],1.22,102.28,18.17,1798.92,99,101.06
2026-05-08T14:37:21.182450100Z,TaxiAlgorithmP2PCollector,2,10000,20,100,1,nearest,1,4,1,BASELINE,1,116264426,Client Travel Time [min],362.0,6288.0,1926.34,192634.0,100,5926.0
2026-05-08T14:37:21.182450100Z,TaxiAlgorithmP2PCollector,2,10000,20,100,1,nearest,1,4,1,BASELINE,1,116264426,Calculation Time [millis],0.0,37.0,0.3,2587.0,8631,37.0
2026-05-08T14:37:21.182450100Z,TaxiAlgorithmP2PCollector,2,10000,20,100,1,nearest,1,4,1,BASELINE,1,116264426,Custom Time [micros],0.0,0.0,0.0,0.0,8631,0.0
2026-05-08T14:37:24.148915700Z,TaxiAlgorithmP2PCollector,2,10000,20,100,1,nearest,1,4,1,BASELINE,2,116264427,Taxi Travel Distance [km],145.69,186.75,168.18,3363.57,20,41.06
2026-05-08T14:37:24.148915700Z,TaxiAlgorithmP2PCollector,2,10000,20,100,1,nearest,1,4,1,BASELINE,2,116264427,Client Waiting Time [min],2.28,92.38,23.29,2329.38,100,90.1
2026-05-08T14:37:24.148915700Z,TaxiAlgorithmP2PCollector,2,10000,20,100,1,nearest,1,4,1,BASELINE,2,116264427,Client Travel Time [min],579.0,6610.0,2286.1,228610.0,100,6031.0
2026-05-08T14:37:24.148915700Z,TaxiAlgorithmP2PCollector,2,10000,20,100,1,nearest,1,4,1,BASELINE,2,116264427,Calculation Time [millis],0.0,56.0,0.3,2704.0,8887,56.0
2026-05-08T14:37:24.148915700Z,TaxiAlgorithmP2PCollector,2,10000,20,100,1,nearest,1,4,1,BASELINE,2,116264427,Custom Time [micros],0.0,0.0,0.0,0.0,8887,0.0
2026-05-08T14:37:26.475568800Z,TaxiAlgorithmP2PCollector,2,10000,20,100,1,nearest,1,4,1,BASELINE,3,116264428,Taxi Travel Distance [km],128.6,172.24,141.59,2831.74,20,43.640000000000015
2026-05-08T14:37:26.475568800Z,TaxiAlgorithmP2PCollector,2,10000,20,100,1,nearest,1,4,1,BASELINE,3,116264428,Client Waiting Time [min],1.02,78.52,17.73,1772.5,100,77.5
2026-05-08T14:37:26.475568800Z,TaxiAlgorithmP2PCollector,2,10000,20,100,1,nearest,1,4,1,BASELINE,3,116264428,Client Travel Time [min],376.0,5164.0,1889.95,188995.0,100,4788.0
2026-05-08T14:37:26.475568800Z,TaxiAlgorithmP2PCollector,2,10000,20,100,1,nearest,1,4,1,BASELINE,3,116264428,Calculation Time [millis],0.0,24.0,0.27,2119.0,7913,24.0
2026-05-08T14:37:26.475568800Z,TaxiAlgorithmP2PCollector,2,10000,20,100,1,nearest,1,4,1,BASELINE,3,116264428,Custom Time [micros],0.0,0.0,0.0,0.0,7913,0.0
2026-05-08T14:37:29.334822500Z,TaxiAlgorithmP2PCollector,2,10000,20,100,1,nearest,1,4,1,BASELINE,4,116264429,Taxi Travel Distance [km],138.48,169.79,159.54,3190.75,20,31.310000000000002
2026-05-08T14:37:29.334822500Z,TaxiAlgorithmP2PCollector,2,10000,20,100,1,nearest,1,4,1,BASELINE,4,116264429,Client Waiting Time [min],2.37,77.68,20.09,1988.75,99,75.31
2026-05-08T14:37:29.334822500Z,TaxiAlgorithmP2PCollector,2,10000,20,100,1,nearest,1,4,1,BASELINE,4,116264429,Client Travel Time [min],453.0,5267.0,2086.2,208620.0,100,4814.0
2026-05-08T14:37:29.334822500Z,TaxiAlgorithmP2PCollector,2,10000,20,100,1,nearest,1,4,1,BASELINE,4,116264429,Calculation Time [millis],0.0,58.0,0.33,2628.0,7955,58.0
2026-05-08T14:37:29.334822500Z,TaxiAlgorithmP2PCollector,2,10000,20,100,1,nearest,1,4,1,BASELINE,4,116264429,Custom Time [micros],0.0,0.0,0.0,0.0,7955,0.0
2026-05-08T14:37:32.281697300Z,TaxiAlgorithmP2PCollector,2,10000,20,100,1,nearest,1,4,1,BASELINE,5,116264430,Taxi Travel Distance [km],153.52,196.28,165.2,3304.02,20,42.75999999999999
2026-05-08T14:37:32.281697300Z,TaxiAlgorithmP2PCollector,2,10000,20,100,1,nearest,1,4,1,BASELINE,5,116264430,Client Waiting Time [min],1.0,67.25,21.19,2118.67,100,66.25
2026-05-08T14:37:32.281697300Z,TaxiAlgorithmP2PCollector,2,10000,20,100,1,nearest,1,4,1,BASELINE,5,116264430,Client Travel Time [min],584.0,4928.0,2163.52,216352.0,100,4344.0
2026-05-08T14:37:32.281697300Z,TaxiAlgorithmP2PCollector,2,10000,20,100,1,nearest,1,4,1,BASELINE,5,116264430,Calculation Time [millis],0.0,91.0,0.3,2764.0,9242,91.0
2026-05-08T14:37:32.281697300Z,TaxiAlgorithmP2PCollector,2,10000,20,100,1,nearest,1,4,1,BASELINE,5,116264430,Custom Time [micros],0.0,0.0,0.0,0.0,9242,0.0
2026-05-08T14:37:34.874082900Z,TaxiAlgorithmP2PCollector,2,10000,20,100,1,nearest,1,4,1,BASELINE,6,116264431,Taxi Travel Distance [km],126.31,195.45,155.12,3102.34,20,69.13999999999999
2026-05-08T14:37:34.874082900Z,TaxiAlgorithmP2PCollector,2,10000,20,100,1,nearest,1,4,1,BASELINE,6,116264431,Client Waiting Time [min],0.68,77.82,19.53,1953.45,100,77.13999999999999
2026-05-08T14:37:34.874082900Z,TaxiAlgorithmP2PCollector,2,10000,20,100,1,nearest,1,4,1,BASELINE,6,116264431,Client Travel Time [min],541.0,6357.0,2103.58,210358.0,100,5816.0
2026-05-08T14:37:34.874082900Z,TaxiAlgorithmP2PCollector,2,10000,20,100,1,nearest,1,4,1,BASELINE,6,116264431,Calculation Time [millis],0.0,42.0,0.27,2474.0,8997,42.0
2026-05-08T14:37:34.874082900Z,TaxiAlgorithmP2PCollector,2,10000,20,100,1,nearest,1,4,1,BASELINE,6,116264431,Custom Time [micros],0.0,0.0,0.0,0.0,8997,0.0
2026-05-08T14:37:37.516227Z,TaxiAlgorithmP2PCollector,2,10000,20,100,1,nearest,1,4,1,BASELINE,7,116264432,Taxi Travel Distance [km],140.35,170.73,151.87,3037.45,20,30.379999999999995
2026-05-08T14:37:37.516227Z,TaxiAlgorithmP2PCollector,2,10000,20,100,1,nearest,1,4,1,BASELINE,7,116264432,Client Waiting Time [min],0.52,86.22,18.15,1815.0,100,85.7
2026-05-08T14:37:37.516227Z,TaxiAlgorithmP2PCollector,2,10000,20,100,1,nearest,1,4,1,BASELINE,7,116264432,Client Travel Time [min],160.0,6525.0,1945.33,194533.0,100,6365.0
2026-05-08T14:37:37.516227Z,TaxiAlgorithmP2PCollector,2,10000,20,100,1,nearest,1,4,1,BASELINE,7,116264432,Calculation Time [millis],0.0,25.0,0.3,2443.0,8014,25.0
2026-05-08T14:37:37.516227Z,TaxiAlgorithmP2PCollector,2,10000,20,100,1,nearest,1,4,1,BASELINE,7,116264432,Custom Time [micros],0.0,0.0,0.0,0.0,8014,0.0
2026-05-08T14:37:40.649779700Z,TaxiAlgorithmP2PCollector,2,10000,20,100,1,nearest,1,4,1,BASELINE,8,116264433,Taxi Travel Distance [km],122.54,185.31,161.91,3238.2,20,62.769999999999996
2026-05-08T14:37:40.649779700Z,TaxiAlgorithmP2PCollector,2,10000,20,100,1,nearest,1,4,1,BASELINE,8,116264433,Client Waiting Time [min],0.12,83.65,23.46,2322.77,99,83.53
2026-05-08T14:37:40.649779700Z,TaxiAlgorithmP2PCollector,2,10000,20,100,1,nearest,1,4,1,BASELINE,8,116264433,Client Travel Time [min],473.0,6318.0,2366.66,236666.0,100,5845.0
2026-05-08T14:37:40.649779700Z,TaxiAlgorithmP2PCollector,2,10000,20,100,1,nearest,1,4,1,BASELINE,8,116264433,Calculation Time [millis],0.0,50.0,0.31,2849.0,9131,50.0
2026-05-08T14:37:40.649779700Z,TaxiAlgorithmP2PCollector,2,10000,20,100,1,nearest,1,4,1,BASELINE,8,116264433,Custom Time [micros],0.0,0.0,0.0,0.0,9131,0.0
2026-05-08T14:37:43.918251400Z,TaxiAlgorithmP2PCollector,2,10000,20,100,1,nearest,1,4,1,BASELINE,9,116264434,Taxi Travel Distance [km],134.01,210.73,180.19,3603.86,20,76.72
2026-05-08T14:37:43.918251400Z,TaxiAlgorithmP2PCollector,2,10000,20,100,1,nearest,1,4,1,BASELINE,9,116264434,Client Waiting Time [min],0.6,104.75,22.52,2251.58,100,104.15
2026-05-08T14:37:43.918251400Z,TaxiAlgorithmP2PCollector,2,10000,20,100,1,nearest,1,4,1,BASELINE,9,116264434,Client Travel Time [min],331.0,6999.0,2236.1,223610.0,100,6668.0
2026-05-08T14:37:43.918251400Z,TaxiAlgorithmP2PCollector,2,10000,20,100,1,nearest,1,4,1,BASELINE,9,116264434,Calculation Time [millis],0.0,69.0,0.31,3050.0,9939,69.0
2026-05-08T14:37:43.918251400Z,TaxiAlgorithmP2PCollector,2,10000,20,100,1,nearest,1,4,1,BASELINE,9,116264434,Custom Time [micros],0.0,0.0,0.0,0.0,9939,0.0
2026-05-08T14:37:46.443323Z,TaxiAlgorithmP2PCollector,2,10000,20,100,1,nearest,1,4,1,BASELINE,10,116264435,Taxi Travel Distance [km],118.86,175.17,148.18,2963.54,20,56.30999999999999
2026-05-08T14:37:46.443323Z,TaxiAlgorithmP2PCollector,2,10000,20,100,1,nearest,1,4,1,BASELINE,10,116264435,Client Waiting Time [min],0.58,78.85,18.81,1880.77,100,78.27
2026-05-08T14:37:46.443323Z,TaxiAlgorithmP2PCollector,2,10000,20,100,1,nearest,1,4,1,BASELINE,10,116264435,Client Travel Time [min],503.0,5682.0,2008.39,200839.0,100,5179.0
2026-05-08T14:37:46.443323Z,TaxiAlgorithmP2PCollector,2,10000,20,100,1,nearest,1,4,1,BASELINE,10,116264435,Calculation Time [millis],0.0,30.0,0.28,2344.0,8400,30.0
2026-05-08T14:37:46.443323Z,TaxiAlgorithmP2PCollector,2,10000,20,100,1,nearest,1,4,1,BASELINE,10,116264435,Custom Time [micros],0.0,0.0,0.0,0.0,8400,0.0
2026-05-08T14:37:46.885723800Z,TaxiAlgorithmP2PCollector,2,20000,5,25,1,nearest,1,4,1,BASELINE,1,116264426,Taxi Travel Distance [km],151.9,174.82,164.1,820.49,5,22.919999999999987
2026-05-08T14:37:46.885723800Z,TaxiAlgorithmP2PCollector,2,20000,5,25,1,nearest,1,4,1,BASELINE,1,116264426,Client Waiting Time [min],2.25,81.43,25.94,648.42,25,79.18
2026-05-08T14:37:46.885723800Z,TaxiAlgorithmP2PCollector,2,20000,5,25,1,nearest,1,4,1,BASELINE,1,116264426,Client Travel Time [min],920.0,5032.0,2410.8,60270.0,25,4112.0
2026-05-08T14:37:46.885723800Z,TaxiAlgorithmP2PCollector,2,20000,5,25,1,nearest,1,4,1,BASELINE,1,116264426,Calculation Time [millis],0.0,10.0,0.03,209.0,8360,10.0
2026-05-08T14:37:46.885723800Z,TaxiAlgorithmP2PCollector,2,20000,5,25,1,nearest,1,4,1,BASELINE,1,116264426,Custom Time [micros],0.0,0.0,0.0,0.0,8360,0.0
2026-05-08T14:37:47.200439500Z,TaxiAlgorithmP2PCollector,2,20000,5,25,1,nearest,1,4,1,BASELINE,2,116264427,Taxi Travel Distance [km],156.6,170.99,164.07,820.34,5,14.390000000000015
2026-05-08T14:37:47.200439500Z,TaxiAlgorithmP2PCollector,2,20000,5,25,1,nearest,1,4,1,BASELINE,2,116264427,Client Waiting Time [min],8.28,115.3,44.49,1112.13,25,107.02
2026-05-08T14:37:47.200439500Z,TaxiAlgorithmP2PCollector,2,20000,5,25,1,nearest,1,4,1,BASELINE,2,116264427,Client Travel Time [min],793.0,7144.0,3479.72,86993.0,25,6351.0
2026-05-08T14:37:47.200439500Z,TaxiAlgorithmP2PCollector,2,20000,5,25,1,nearest,1,4,1,BASELINE,2,116264427,Calculation Time [millis],0.0,0.0,0.03,250.0,8682,0.0
2026-05-08T14:37:47.200439500Z,TaxiAlgorithmP2PCollector,2,20000,5,25,1,nearest,1,4,1,BASELINE,2,116264427,Custom Time [micros],0.0,0.0,0.0,0.0,8682,0.0
2026-05-08T14:37:47.467030Z,TaxiAlgorithmP2PCollector,2,20000,5,25,1,nearest,1,4,1,BASELINE,3,116264428,Taxi Travel Distance [km],134.02,171.96,149.89,749.45,5,37.94
2026-05-08T14:37:47.467030Z,TaxiAlgorithmP2PCollector,2,20000,5,25,1,nearest,1,4,1,BASELINE,3,116264428,Client Waiting Time [min],3.03,101.42,30.57,764.18,25,98.39
2026-05-08T14:37:47.467030Z,TaxiAlgorithmP2PCollector,2,20000,5,25,1,nearest,1,4,1,BASELINE,3,116264428,Client Travel Time [min],580.0,6537.0,2519.16,62979.0,25,5957.0
2026-05-08T14:37:47.467030Z,TaxiAlgorithmP2PCollector,2,20000,5,25,1,nearest,1,4,1,BASELINE,3,116264428,Calculation Time [millis],0.0,0.0,0.02,192.0,8400,0.0
2026-05-08T14:37:47.467030Z,TaxiAlgorithmP2PCollector,2,20000,5,25,1,nearest,1,4,1,BASELINE,3,116264428,Custom Time [micros],0.0,0.0,0.0,0.0,8400,0.0
2026-05-08T14:37:47.843182900Z,TaxiAlgorithmP2PCollector,2,20000,5,25,1,nearest,1,4,1,BASELINE,4,116264429,Taxi Travel Distance [km],132.36,184.28,171.12,855.6,5,51.91999999999999
2026-05-08T14:37:47.843182900Z,TaxiAlgorithmP2PCollector,2,20000,5,25,1,nearest,1,4,1,BASELINE,4,116264429,Client Waiting Time [min],4.05,116.37,34.0,850.02,25,112.32000000000001
2026-05-08T14:37:47.843182900Z,TaxiAlgorithmP2PCollector,2,20000,5,25,1,nearest,1,4,1,BASELINE,4,116264429,Client Travel Time [min],489.0,7224.0,2877.28,71932.0,25,6735.0
2026-05-08T14:37:47.843182900Z,TaxiAlgorithmP2PCollector,2,20000,5,25,1,nearest,1,4,1,BASELINE,4,116264429,Calculation Time [millis],0.0,0.0,0.03,309.0,8879,0.0
2026-05-08T14:37:47.843182900Z,TaxiAlgorithmP2PCollector,2,20000,5,25,1,nearest,1,4,1,BASELINE,4,116264429,Custom Time [micros],0.0,0.0,0.0,0.0,8879,0.0
2026-05-08T14:37:48.172289500Z,TaxiAlgorithmP2PCollector,2,20000,5,25,1,nearest,1,4,1,BASELINE,5,116264430,Taxi Travel Distance [km],155.2,174.77,166.79,833.96,5,19.57000000000002
2026-05-08T14:37:48.172289500Z,TaxiAlgorithmP2PCollector,2,20000,5,25,1,nearest,1,4,1,BASELINE,5,116264430,Client Waiting Time [min],2.18,100.72,32.1,802.48,25,98.53999999999999
2026-05-08T14:37:48.172289500Z,TaxiAlgorithmP2PCollector,2,20000,5,25,1,nearest,1,4,1,BASELINE,5,116264430,Client Travel Time [min],713.0,6969.0,2787.72,69693.0,25,6256.0
2026-05-08T14:37:48.172289500Z,TaxiAlgorithmP2PCollector,2,20000,5,25,1,nearest,1,4,1,BASELINE,5,116264430,Calculation Time [millis],0.0,0.0,0.02,236.0,9536,0.0
2026-05-08T14:37:48.172289500Z,TaxiAlgorithmP2PCollector,2,20000,5,25,1,nearest,1,4,1,BASELINE,5,116264430,Custom Time [micros],0.0,0.0,0.0,0.0,9536,0.0
2026-05-08T14:37:48.514064300Z,TaxiAlgorithmP2PCollector,2,20000,5,25,1,nearest,1,4,1,BASELINE,6,116264431,Taxi Travel Distance [km],192.65,233.87,206.25,1031.23,5,41.22
2026-05-08T14:37:48.514064300Z,TaxiAlgorithmP2PCollector,2,20000,5,25,1,nearest,1,4,1,BASELINE,6,116264431,Client Waiting Time [min],5.05,114.47,29.66,741.57,25,109.42
2026-05-08T14:37:48.514064300Z,TaxiAlgorithmP2PCollector,2,20000,5,25,1,nearest,1,4,1,BASELINE,6,116264431,Client Travel Time [min],1200.0,7435.0,2688.64,67216.0,25,6235.0
2026-05-08T14:37:48.514064300Z,TaxiAlgorithmP2PCollector,2,20000,5,25,1,nearest,1,4,1,BASELINE,6,116264431,Calculation Time [millis],0.0,0.0,0.02,277.0,11163,0.0
2026-05-08T14:37:48.514064300Z,TaxiAlgorithmP2PCollector,2,20000,5,25,1,nearest,1,4,1,BASELINE,6,116264431,Custom Time [micros],0.0,0.0,0.0,0.0,11163,0.0
2026-05-08T14:37:48.810220900Z,TaxiAlgorithmP2PCollector,2,20000,5,25,1,nearest,1,4,1,BASELINE,7,116264432,Taxi Travel Distance [km],144.39,195.46,169.38,846.88,5,51.07000000000002
2026-05-08T14:37:48.810220900Z,TaxiAlgorithmP2PCollector,2,20000,5,25,1,nearest,1,4,1,BASELINE,7,116264432,Client Waiting Time [min],0.52,81.67,23.72,592.92,25,81.15
2026-05-08T14:37:48.810220900Z,TaxiAlgorithmP2PCollector,2,20000,5,25,1,nearest,1,4,1,BASELINE,7,116264432,Client Travel Time [min],160.0,5357.0,2351.0,58775.0,25,5197.0
2026-05-08T14:37:48.810220900Z,TaxiAlgorithmP2PCollector,2,20000,5,25,1,nearest,1,4,1,BASELINE,7,116264432,Calculation Time [millis],0.0,5.0,0.02,215.0,9196,5.0
2026-05-08T14:37:48.810220900Z,TaxiAlgorithmP2PCollector,2,20000,5,25,1,nearest,1,4,1,BASELINE,7,116264432,Custom Time [micros],0.0,0.0,0.0,0.0,9196,0.0
2026-05-08T14:37:49.201755700Z,TaxiAlgorithmP2PCollector,2,20000,5,25,1,nearest,1,4,1,BASELINE,8,116264433,Taxi Travel Distance [km],169.76,189.83,176.56,882.81,5,20.07000000000002
2026-05-08T14:37:49.201755700Z,TaxiAlgorithmP2PCollector,2,20000,5,25,1,nearest,1,4,1,BASELINE,8,116264433,Client Waiting Time [min],1.25,121.55,39.74,993.6,25,120.3
2026-05-08T14:37:49.201755700Z,TaxiAlgorithmP2PCollector,2,20000,5,25,1,nearest,1,4,1,BASELINE,8,116264433,Client Travel Time [min],719.0,7798.0,3275.4,81885.0,25,7079.0
2026-05-08T14:37:49.201755700Z,TaxiAlgorithmP2PCollector,2,20000,5,25,1,nearest,1,4,1,BASELINE,8,116264433,Calculation Time [millis],0.0,0.0,0.03,313.0,9863,0.0
2026-05-08T14:37:49.201755700Z,TaxiAlgorithmP2PCollector,2,20000,5,25,1,nearest,1,4,1,BASELINE,8,116264433,Custom Time [micros],0.0,0.0,0.0,0.0,9863,0.0
2026-05-08T14:37:49.500661500Z,TaxiAlgorithmP2PCollector,2,20000,5,25,1,nearest,1,4,1,BASELINE,9,116264434,Taxi Travel Distance [km],172.6,187.57,176.78,883.88,5,14.969999999999999
2026-05-08T14:37:49.500661500Z,TaxiAlgorithmP2PCollector,2,20000,5,25,1,nearest,1,4,1,BASELINE,9,116264434,Client Waiting Time [min],5.08,104.88,29.2,730.02,25,99.8
2026-05-08T14:37:49.500661500Z,TaxiAlgorithmP2PCollector,2,20000,5,25,1,nearest,1,4,1,BASELINE,9,116264434,Client Travel Time [min],711.0,6670.0,2608.2,65205.0,25,5959.0
2026-05-08T14:37:49.500661500Z,TaxiAlgorithmP2PCollector,2,20000,5,25,1,nearest,1,4,1,BASELINE,9,116264434,Calculation Time [millis],0.0,0.0,0.03,234.0,9049,0.0
2026-05-08T14:37:49.500661500Z,TaxiAlgorithmP2PCollector,2,20000,5,25,1,nearest,1,4,1,BASELINE,9,116264434,Custom Time [micros],0.0,0.0,0.0,0.0,9049,0.0
2026-05-08T14:37:49.791743300Z,TaxiAlgorithmP2PCollector,2,20000,5,25,1,nearest,1,4,1,BASELINE,10,116264435,Taxi Travel Distance [km],176.25,196.21,186.25,931.25,5,19.960000000000008
2026-05-08T14:37:49.791743300Z,TaxiAlgorithmP2PCollector,2,20000,5,25,1,nearest,1,4,1,BASELINE,10,116264435,Client Waiting Time [min],3.3,82.58,30.37,759.15,25,79.28
2026-05-08T14:37:49.791743300Z,TaxiAlgorithmP2PCollector,2,20000,5,25,1,nearest,1,4,1,BASELINE,10,116264435,Client Travel Time [min],741.0,5973.0,2746.16,68654.0,25,5232.0
2026-05-08T14:37:49.791743300Z,TaxiAlgorithmP2PCollector,2,20000,5,25,1,nearest,1,4,1,BASELINE,10,116264435,Calculation Time [millis],0.0,0.0,0.02,218.0,10121,0.0
2026-05-08T14:37:49.791743300Z,TaxiAlgorithmP2PCollector,2,20000,5,25,1,nearest,1,4,1,BASELINE,10,116264435,Custom Time [micros],0.0,0.0,0.0,0.0,10121,0.0
2026-05-08T14:37:49.961756900Z,TaxiAlgorithmP2PCollector,2,20000,10,25,1,nearest,1,4,1,BASELINE,1,116264426,Taxi Travel Distance [km],51.57,114.7,91.75,917.54,10,63.13
2026-05-08T14:37:49.961756900Z,TaxiAlgorithmP2PCollector,2,20000,10,25,1,nearest,1,4,1,BASELINE,1,116264426,Client Waiting Time [min],2.0,29.85,12.44,311.0,25,27.85
2026-05-08T14:37:49.961756900Z,TaxiAlgorithmP2PCollector,2,20000,10,25,1,nearest,1,4,1,BASELINE,1,116264426,Client Travel Time [min],520.0,2748.0,1605.56,40139.0,25,2228.0
2026-05-08T14:37:49.961756900Z,TaxiAlgorithmP2PCollector,2,20000,10,25,1,nearest,1,4,1,BASELINE,1,116264426,Calculation Time [millis],0.0,0.0,0.01,81.0,6861,0.0
2026-05-08T14:37:49.961756900Z,TaxiAlgorithmP2PCollector,2,20000,10,25,1,nearest,1,4,1,BASELINE,1,116264426,Custom Time [micros],0.0,0.0,0.0,0.0,6861,0.0
2026-05-08T14:37:50.275337300Z,TaxiAlgorithmP2PCollector,2,20000,10,25,1,nearest,1,4,1,BASELINE,2,116264427,Taxi Travel Distance [km],78.65,139.73,102.3,1022.97,10,61.079999999999984
2026-05-08T14:37:50.275337300Z,TaxiAlgorithmP2PCollector,2,20000,10,25,1,nearest,1,4,1,BASELINE,2,116264427,Client Waiting Time [min],1.93,50.12,17.53,438.28,25,48.19
2026-05-08T14:37:50.275337300Z,TaxiAlgorithmP2PCollector,2,20000,10,25,1,nearest,1,4,1,BASELINE,2,116264427,Client Travel Time [min],278.0,4496.0,1918.2,47955.0,25,4218.0
2026-05-08T14:37:50.275337300Z,TaxiAlgorithmP2PCollector,2,20000,10,25,1,nearest,1,4,1,BASELINE,2,116264427,Calculation Time [millis],0.0,0.0,0.03,262.0,7548,0.0
2026-05-08T14:37:50.275337300Z,TaxiAlgorithmP2PCollector,2,20000,10,25,1,nearest,1,4,1,BASELINE,2,116264427,Custom Time [micros],0.0,0.0,0.0,0.0,7548,0.0
2026-05-08T14:37:50.682302100Z,TaxiAlgorithmP2PCollector,2,20000,10,25,1,nearest,1,4,1,BASELINE,3,116264428,Taxi Travel Distance [km],67.28,134.91,97.69,976.89,10,67.63
2026-05-08T14:37:50.682302100Z,TaxiAlgorithmP2PCollector,2,20000,10,25,1,nearest,1,4,1,BASELINE,3,116264428,Client Waiting Time [min],2.9,47.75,16.25,406.23,25,44.85
2026-05-08T14:37:50.682302100Z,TaxiAlgorithmP2PCollector,2,20000,10,25,1,nearest,1,4,1,BASELINE,3,116264428,Client Travel Time [min],580.0,3810.0,1693.12,42328.0,25,3230.0
2026-05-08T14:37:50.682302100Z,TaxiAlgorithmP2PCollector,2,20000,10,25,1,nearest,1,4,1,BASELINE,3,116264428,Calculation Time [millis],0.0,5.0,0.04,312.0,7698,5.0
2026-05-08T14:37:50.682302100Z,TaxiAlgorithmP2PCollector,2,20000,10,25,1,nearest,1,4,1,BASELINE,3,116264428,Custom Time [micros],0.0,0.0,0.0,0.0,7698,0.0
2026-05-08T14:37:50.913300700Z,TaxiAlgorithmP2PCollector,2,20000,10,25,1,nearest,1,4,1,BASELINE,4,116264429,Taxi Travel Distance [km],13.33,132.9,86.81,868.09,10,119.57000000000001
2026-05-08T14:37:50.913300700Z,TaxiAlgorithmP2PCollector,2,20000,10,25,1,nearest,1,4,1,BASELINE,4,116264429,Client Waiting Time [min],0.95,23.85,11.53,288.27,25,22.900000000000002
2026-05-08T14:37:50.913300700Z,TaxiAlgorithmP2PCollector,2,20000,10,25,1,nearest,1,4,1,BASELINE,4,116264429,Client Travel Time [min],874.0,2448.0,1552.16,38804.0,25,1574.0
2026-05-08T14:37:50.913300700Z,TaxiAlgorithmP2PCollector,2,20000,10,25,1,nearest,1,4,1,BASELINE,4,116264429,Calculation Time [millis],0.0,0.0,0.02,166.0,6791,0.0
2026-05-08T14:37:50.913300700Z,TaxiAlgorithmP2PCollector,2,20000,10,25,1,nearest,1,4,1,BASELINE,4,116264429,Custom Time [micros],0.0,0.0,0.0,0.0,6791,0.0
2026-05-08T14:37:51.369416800Z,TaxiAlgorithmP2PCollector,2,20000,10,25,1,nearest,1,4,1,BASELINE,5,116264430,Taxi Travel Distance [km],87.91,138.79,107.75,1077.47,10,50.879999999999995
2026-05-08T14:37:51.369416800Z,TaxiAlgorithmP2PCollector,2,20000,10,25,1,nearest,1,4,1,BASELINE,5,116264430,Client Waiting Time [min],1.25,44.65,14.75,368.87,25,43.4
2026-05-08T14:37:51.369416800Z,TaxiAlgorithmP2PCollector,2,20000,10,25,1,nearest,1,4,1,BASELINE,5,116264430,Client Travel Time [min],561.0,4296.0,1785.04,44626.0,25,3735.0
2026-05-08T14:37:51.369416800Z,TaxiAlgorithmP2PCollector,2,20000,10,25,1,nearest,1,4,1,BASELINE,5,116264430,Calculation Time [millis],0.0,0.0,0.05,388.0,8189,0.0
2026-05-08T14:37:51.369416800Z,TaxiAlgorithmP2PCollector,2,20000,10,25,1,nearest,1,4,1,BASELINE,5,116264430,Custom Time [micros],0.0,0.0,0.0,0.0,8189,0.0
2026-05-08T14:37:51.726004300Z,TaxiAlgorithmP2PCollector,2,20000,10,25,1,nearest,1,4,1,BASELINE,6,116264431,Taxi Travel Distance [km],70.85,171.59,112.81,1128.1,10,100.74000000000001
2026-05-08T14:37:51.726004300Z,TaxiAlgorithmP2PCollector,2,20000,10,25,1,nearest,1,4,1,BASELINE,6,116264431,Client Waiting Time [min],0.77,52.03,16.97,424.27,25,51.26
2026-05-08T14:37:51.726004300Z,TaxiAlgorithmP2PCollector,2,20000,10,25,1,nearest,1,4,1,BASELINE,6,116264431,Client Travel Time [min],295.0,5005.0,2081.76,52044.0,25,4710.0
2026-05-08T14:37:51.726004300Z,TaxiAlgorithmP2PCollector,2,20000,10,25,1,nearest,1,4,1,BASELINE,6,116264431,Calculation Time [millis],0.0,0.0,0.03,231.0,9130,0.0
2026-05-08T14:37:51.726004300Z,TaxiAlgorithmP2PCollector,2,20000,10,25,1,nearest,1,4,1,BASELINE,6,116264431,Custom Time [micros],0.0,0.0,0.0,0.0,9130,0.0
2026-05-08T14:37:52.058064200Z,TaxiAlgorithmP2PCollector,2,20000,10,25,1,nearest,1,4,1,BASELINE,7,116264432,Taxi Travel Distance [km],78.71,142.26,109.11,1091.13,10,63.55
2026-05-08T14:37:52.058064200Z,TaxiAlgorithmP2PCollector,2,20000,10,25,1,nearest,1,4,1,BASELINE,7,116264432,Client Waiting Time [min],0.45,28.12,14.61,365.33,25,27.67
2026-05-08T14:37:52.058064200Z,TaxiAlgorithmP2PCollector,2,20000,10,25,1,nearest,1,4,1,BASELINE,7,116264432,Client Travel Time [min],613.0,2978.0,1879.64,46991.0,25,2365.0
2026-05-08T14:37:52.058064200Z,TaxiAlgorithmP2PCollector,2,20000,10,25,1,nearest,1,4,1,BASELINE,7,116264432,Calculation Time [millis],0.0,0.0,0.03,255.0,7514,0.0
2026-05-08T14:37:52.058064200Z,TaxiAlgorithmP2PCollector,2,20000,10,25,1,nearest,1,4,1,BASELINE,7,116264432,Custom Time [micros],0.0,0.0,0.0,0.0,7514,0.0
2026-05-08T14:37:52.603688300Z,TaxiAlgorithmP2PCollector,2,20000,10,25,1,nearest,1,4,1,BASELINE,8,116264433,Taxi Travel Distance [km],54.0,150.29,105.31,1053.08,10,96.28999999999999
2026-05-08T14:37:52.603688300Z,TaxiAlgorithmP2PCollector,2,20000,10,25,1,nearest,1,4,1,BASELINE,8,116264433,Client Waiting Time [min],0.73,58.2,20.36,509.1,25,57.470000000000006
2026-05-08T14:37:52.603688300Z,TaxiAlgorithmP2PCollector,2,20000,10,25,1,nearest,1,4,1,BASELINE,8,116264433,Client Travel Time [min],719.0,3527.0,2142.72,53568.0,25,2808.0
2026-05-08T14:37:52.603688300Z,TaxiAlgorithmP2PCollector,2,20000,10,25,1,nearest,1,4,1,BASELINE,8,116264433,Calculation Time [millis],0.0,7.0,0.06,467.0,7865,7.0
2026-05-08T14:37:52.603688300Z,TaxiAlgorithmP2PCollector,2,20000,10,25,1,nearest,1,4,1,BASELINE,8,116264433,Custom Time [micros],0.0,0.0,0.0,0.0,7865,0.0
2026-05-08T14:37:52.855720100Z,TaxiAlgorithmP2PCollector,2,20000,10,25,1,nearest,1,4,1,BASELINE,9,116264434,Taxi Travel Distance [km],58.66,151.84,92.54,925.35,10,93.18
2026-05-08T14:37:52.855720100Z,TaxiAlgorithmP2PCollector,2,20000,10,25,1,nearest,1,4,1,BASELINE,9,116264434,Client Waiting Time [min],2.77,32.85,12.77,319.2,25,30.080000000000002
2026-05-08T14:37:52.855720100Z,TaxiAlgorithmP2PCollector,2,20000,10,25,1,nearest,1,4,1,BASELINE,9,116264434,Client Travel Time [min],626.0,3375.0,1621.88,40547.0,25,2749.0
2026-05-08T14:37:52.855720100Z,TaxiAlgorithmP2PCollector,2,20000,10,25,1,nearest,1,4,1,BASELINE,9,116264434,Calculation Time [millis],0.0,0.0,0.02,152.0,7039,0.0
2026-05-08T14:37:52.855720100Z,TaxiAlgorithmP2PCollector,2,20000,10,25,1,nearest,1,4,1,BASELINE,9,116264434,Custom Time [micros],0.0,0.0,0.0,0.0,7039,0.0
2026-05-08T14:37:53.073064300Z,TaxiAlgorithmP2PCollector,2,20000,10,25,1,nearest,1,4,1,BASELINE,10,116264435,Taxi Travel Distance [km],32.38,144.12,95.58,955.8,10,111.74000000000001
2026-05-08T14:37:53.073064300Z,TaxiAlgorithmP2PCollector,2,20000,10,25,1,nearest,1,4,1,BASELINE,10,116264435,Client Waiting Time [min],3.22,27.2,13.62,340.43,25,23.98
2026-05-08T14:37:53.073064300Z,TaxiAlgorithmP2PCollector,2,20000,10,25,1,nearest,1,4,1,BASELINE,10,116264435,Client Travel Time [min],348.0,2997.0,1760.12,44003.0,25,2649.0
2026-05-08T14:37:53.073064300Z,TaxiAlgorithmP2PCollector,2,20000,10,25,1,nearest,1,4,1,BASELINE,10,116264435,Calculation Time [millis],0.0,0.0,0.02,147.0,7621,0.0
2026-05-08T14:37:53.073064300Z,TaxiAlgorithmP2PCollector,2,20000,10,25,1,nearest,1,4,1,BASELINE,10,116264435,Custom Time [micros],0.0,0.0,0.0,0.0,7621,0.0
2026-05-08T14:37:53.938781100Z,TaxiAlgorithmP2PCollector,2,20000,10,50,1,nearest,1,4,1,BASELINE,1,116264426,Taxi Travel Distance [km],146.75,185.1,164.67,1646.69,10,38.349999999999994
2026-05-08T14:37:53.938781100Z,TaxiAlgorithmP2PCollector,2,20000,10,50,1,nearest,1,4,1,BASELINE,1,116264426,Client Waiting Time [min],3.2,67.9,25.29,1213.9,48,64.7
2026-05-08T14:37:53.938781100Z,TaxiAlgorithmP2PCollector,2,20000,10,50,1,nearest,1,4,1,BASELINE,1,116264426,Client Travel Time [min],1005.0,5346.0,2364.2,118210.0,50,4341.0
2026-05-08T14:37:53.938781100Z,TaxiAlgorithmP2PCollector,2,20000,10,50,1,nearest,1,4,1,BASELINE,1,116264426,Calculation Time [millis],0.0,0.0,0.09,794.0,8587,0.0
2026-05-08T14:37:53.938781100Z,TaxiAlgorithmP2PCollector,2,20000,10,50,1,nearest,1,4,1,BASELINE,1,116264426,Custom Time [micros],0.0,0.0,0.0,0.0,8587,0.0
2026-05-08T14:37:54.736529600Z,TaxiAlgorithmP2PCollector,2,20000,10,50,1,nearest,1,4,1,BASELINE,2,116264427,Taxi Travel Distance [km],133.94,162.55,149.54,1495.42,10,28.610000000000014
2026-05-08T14:37:54.736529600Z,TaxiAlgorithmP2PCollector,2,20000,10,50,1,nearest,1,4,1,BASELINE,2,116264427,Client Waiting Time [min],0.75,85.38,23.13,1133.62,49,84.63
2026-05-08T14:37:54.736529600Z,TaxiAlgorithmP2PCollector,2,20000,10,50,1,nearest,1,4,1,BASELINE,2,116264427,Client Travel Time [min],732.0,6053.0,2187.02,109351.0,50,5321.0
2026-05-08T14:37:54.736529600Z,TaxiAlgorithmP2PCollector,2,20000,10,50,1,nearest,1,4,1,BASELINE,2,116264427,Calculation Time [millis],0.0,4.0,0.08,650.0,7802,4.0
2026-05-08T14:37:54.736529600Z,TaxiAlgorithmP2PCollector,2,20000,10,50,1,nearest,1,4,1,BASELINE,2,116264427,Custom Time [micros],0.0,0.0,0.0,0.0,7802,0.0
2026-05-08T14:37:55.524216300Z,TaxiAlgorithmP2PCollector,2,20000,10,50,1,nearest,1,4,1,BASELINE,3,116264428,Taxi Travel Distance [km],137.74,182.58,160.71,1607.09,10,44.84
2026-05-08T14:37:55.524216300Z,TaxiAlgorithmP2PCollector,2,20000,10,50,1,nearest,1,4,1,BASELINE,3,116264428,Client Waiting Time [min],1.4,104.75,27.76,1387.87,50,103.35
2026-05-08T14:37:55.524216300Z,TaxiAlgorithmP2PCollector,2,20000,10,50,1,nearest,1,4,1,BASELINE,3,116264428,Client Travel Time [min],511.0,7635.0,2454.0,122700.0,50,7124.0
2026-05-08T14:37:55.524216300Z,TaxiAlgorithmP2PCollector,2,20000,10,50,1,nearest,1,4,1,BASELINE,3,116264428,Calculation Time [millis],0.0,0.0,0.08,669.0,8884,0.0
2026-05-08T14:37:55.524216300Z,TaxiAlgorithmP2PCollector,2,20000,10,50,1,nearest,1,4,1,BASELINE,3,116264428,Custom Time [micros],0.0,0.0,0.0,0.0,8884,0.0
2026-05-08T14:37:56.512492Z,TaxiAlgorithmP2PCollector,2,20000,10,50,1,nearest,1,4,1,BASELINE,4,116264429,Taxi Travel Distance [km],148.96,187.08,166.28,1662.79,10,38.120000000000005
2026-05-08T14:37:56.512492Z,TaxiAlgorithmP2PCollector,2,20000,10,50,1,nearest,1,4,1,BASELINE,4,116264429,Client Waiting Time [min],2.08,84.33,25.72,1285.88,50,82.25
2026-05-08T14:37:56.512492Z,TaxiAlgorithmP2PCollector,2,20000,10,50,1,nearest,1,4,1,BASELINE,4,116264429,Client Travel Time [min],187.0,5650.0,2370.32,118516.0,50,5463.0
2026-05-08T14:37:56.512492Z,TaxiAlgorithmP2PCollector,2,20000,10,50,1,nearest,1,4,1,BASELINE,4,116264429,Calculation Time [millis],0.0,10.0,0.1,858.0,8834,10.0
2026-05-08T14:37:56.512492Z,TaxiAlgorithmP2PCollector,2,20000,10,50,1,nearest,1,4,1,BASELINE,4,116264429,Custom Time [micros],0.0,0.0,0.0,0.0,8834,0.0
2026-05-08T14:37:57.559556500Z,TaxiAlgorithmP2PCollector,2,20000,10,50,1,nearest,1,4,1,BASELINE,5,116264430,Taxi Travel Distance [km],150.96,203.09,173.78,1737.77,10,52.129999999999995
2026-05-08T14:37:57.559556500Z,TaxiAlgorithmP2PCollector,2,20000,10,50,1,nearest,1,4,1,BASELINE,5,116264430,Client Waiting Time [min],1.45,115.17,36.98,1848.85,50,113.72
2026-05-08T14:37:57.559556500Z,TaxiAlgorithmP2PCollector,2,20000,10,50,1,nearest,1,4,1,BASELINE,5,116264430,Client Travel Time [min],825.0,8155.0,3097.2,154860.0,50,7330.0
2026-05-08T14:37:57.559556500Z,TaxiAlgorithmP2PCollector,2,20000,10,50,1,nearest,1,4,1,BASELINE,5,116264430,Calculation Time [millis],0.0,1.0,0.09,922.0,10162,1.0
2026-05-08T14:37:57.559556500Z,TaxiAlgorithmP2PCollector,2,20000,10,50,1,nearest,1,4,1,BASELINE,5,116264430,Custom Time [micros],0.0,0.0,0.0,0.0,10162,0.0
2026-05-08T14:37:58.542302400Z,TaxiAlgorithmP2PCollector,2,20000,10,50,1,nearest,1,4,1,BASELINE,6,116264431,Taxi Travel Distance [km],140.84,201.02,170.56,1705.64,10,60.18000000000001
2026-05-08T14:37:58.542302400Z,TaxiAlgorithmP2PCollector,2,20000,10,50,1,nearest,1,4,1,BASELINE,6,116264431,Client Waiting Time [min],4.02,95.98,30.64,1532.13,50,91.96000000000001
2026-05-08T14:37:58.542302400Z,TaxiAlgorithmP2PCollector,2,20000,10,50,1,nearest,1,4,1,BASELINE,6,116264431,Client Travel Time [min],651.0,7136.0,2801.46,140073.0,50,6485.0
2026-05-08T14:37:58.542302400Z,TaxiAlgorithmP2PCollector,2,20000,10,50,1,nearest,1,4,1,BASELINE,6,116264431,Calculation Time [millis],0.0,6.0,0.09,844.0,9447,6.0
2026-05-08T14:37:58.542302400Z,TaxiAlgorithmP2PCollector,2,20000,10,50,1,nearest,1,4,1,BASELINE,6,116264431,Custom Time [micros],0.0,0.0,0.0,0.0,9447,0.0
2026-05-08T14:37:59.500659100Z,TaxiAlgorithmP2PCollector,2,20000,10,50,1,nearest,1,4,1,BASELINE,7,116264432,Taxi Travel Distance [km],143.6,185.25,159.74,1597.37,10,41.650000000000006
2026-05-08T14:37:59.500659100Z,TaxiAlgorithmP2PCollector,2,20000,10,50,1,nearest,1,4,1,BASELINE,7,116264432,Client Waiting Time [min],4.27,83.35,24.27,1213.62,50,79.08
2026-05-08T14:37:59.500659100Z,TaxiAlgorithmP2PCollector,2,20000,10,50,1,nearest,1,4,1,BASELINE,7,116264432,Client Travel Time [min],740.0,5638.0,2303.06,115153.0,50,4898.0
2026-05-08T14:37:59.500659100Z,TaxiAlgorithmP2PCollector,2,20000,10,50,1,nearest,1,4,1,BASELINE,7,116264432,Calculation Time [millis],0.0,1.0,0.09,810.0,8832,1.0
2026-05-08T14:37:59.500659100Z,TaxiAlgorithmP2PCollector,2,20000,10,50,1,nearest,1,4,1,BASELINE,7,116264432,Custom Time [micros],0.0,0.0,0.0,0.0,8832,0.0
2026-05-08T14:38:00.523738100Z,TaxiAlgorithmP2PCollector,2,20000,10,50,1,nearest,1,4,1,BASELINE,8,116264433,Taxi Travel Distance [km],137.34,186.97,167.25,1672.55,10,49.629999999999995
2026-05-08T14:38:00.523738100Z,TaxiAlgorithmP2PCollector,2,20000,10,50,1,nearest,1,4,1,BASELINE,8,116264433,Client Waiting Time [min],3.52,104.77,31.77,1588.43,50,101.25
2026-05-08T14:38:00.523738100Z,TaxiAlgorithmP2PCollector,2,20000,10,50,1,nearest,1,4,1,BASELINE,8,116264433,Client Travel Time [min],665.0,6808.0,2762.64,138132.0,50,6143.0
2026-05-08T14:38:00.523738100Z,TaxiAlgorithmP2PCollector,2,20000,10,50,1,nearest,1,4,1,BASELINE,8,116264433,Calculation Time [millis],0.0,7.0,0.09,866.0,9292,7.0
2026-05-08T14:38:00.523738100Z,TaxiAlgorithmP2PCollector,2,20000,10,50,1,nearest,1,4,1,BASELINE,8,116264433,Custom Time [micros],0.0,0.0,0.0,0.0,9292,0.0
2026-05-08T14:38:01.643883Z,TaxiAlgorithmP2PCollector,2,20000,10,50,1,nearest,1,4,1,BASELINE,9,116264434,Taxi Travel Distance [km],141.82,196.59,163.19,1631.95,10,54.77000000000001
2026-05-08T14:38:01.643883Z,TaxiAlgorithmP2PCollector,2,20000,10,50,1,nearest,1,4,1,BASELINE,9,116264434,Client Waiting Time [min],2.05,107.7,29.12,1397.63,48,105.65
2026-05-08T14:38:01.643883Z,TaxiAlgorithmP2PCollector,2,20000,10,50,1,nearest,1,4,1,BASELINE,9,116264434,Client Travel Time [min],406.0,7237.0,2682.56,134128.0,50,6831.0
2026-05-08T14:38:01.643883Z,TaxiAlgorithmP2PCollector,2,20000,10,50,1,nearest,1,4,1,BASELINE,9,116264434,Calculation Time [millis],0.0,1.0,0.11,978.0,9206,1.0
2026-05-08T14:38:01.643883Z,TaxiAlgorithmP2PCollector,2,20000,10,50,1,nearest,1,4,1,BASELINE,9,116264434,Custom Time [micros],0.0,0.0,0.0,0.0,9206,0.0
2026-05-08T14:38:02.647569500Z,TaxiAlgorithmP2PCollector,2,20000,10,50,1,nearest,1,4,1,BASELINE,10,116264435,Taxi Travel Distance [km],146.4,215.78,164.48,1644.82,10,69.38
2026-05-08T14:38:02.647569500Z,TaxiAlgorithmP2PCollector,2,20000,10,50,1,nearest,1,4,1,BASELINE,10,116264435,Client Waiting Time [min],3.42,78.62,24.91,1245.6,50,75.2
2026-05-08T14:38:02.647569500Z,TaxiAlgorithmP2PCollector,2,20000,10,50,1,nearest,1,4,1,BASELINE,10,116264435,Client Travel Time [min],596.0,5643.0,2395.16,119758.0,50,5047.0
2026-05-08T14:38:02.647569500Z,TaxiAlgorithmP2PCollector,2,20000,10,50,1,nearest,1,4,1,BASELINE,10,116264435,Calculation Time [millis],0.0,2.0,0.09,860.0,10033,2.0
2026-05-08T14:38:02.647569500Z,TaxiAlgorithmP2PCollector,2,20000,10,50,1,nearest,1,4,1,BASELINE,10,116264435,Custom Time [micros],0.0,0.0,0.0,0.0,10033,0.0
2026-05-08T14:38:03.426453400Z,TaxiAlgorithmP2PCollector,2,20000,20,50,1,nearest,1,4,1,BASELINE,1,116264426,Taxi Travel Distance [km],58.58,136.69,99.06,1981.27,20,78.11
2026-05-08T14:38:03.426453400Z,TaxiAlgorithmP2PCollector,2,20000,20,50,1,nearest,1,4,1,BASELINE,1,116264426,Client Waiting Time [min],1.23,33.43,14.22,710.82,50,32.2
2026-05-08T14:38:03.426453400Z,TaxiAlgorithmP2PCollector,2,20000,20,50,1,nearest,1,4,1,BASELINE,1,116264426,Client Travel Time [min],563.0,3016.0,1710.38,85519.0,50,2453.0
2026-05-08T14:38:03.426453400Z,TaxiAlgorithmP2PCollector,2,20000,20,50,1,nearest,1,4,1,BASELINE,1,116264426,Calculation Time [millis],0.0,1.0,0.09,652.0,6998,1.0
2026-05-08T14:38:03.426453400Z,TaxiAlgorithmP2PCollector,2,20000,20,50,1,nearest,1,4,1,BASELINE,1,116264426,Custom Time [micros],0.0,0.0,0.0,0.0,6998,0.0
2026-05-08T14:38:04.473637100Z,TaxiAlgorithmP2PCollector,2,20000,20,50,1,nearest,1,4,1,BASELINE,2,116264427,Taxi Travel Distance [km],68.76,130.68,96.16,1923.2,20,61.92
2026-05-08T14:38:04.473637100Z,TaxiAlgorithmP2PCollector,2,20000,20,50,1,nearest,1,4,1,BASELINE,2,116264427,Client Waiting Time [min],0.88,27.08,12.49,624.25,50,26.2
2026-05-08T14:38:04.473637100Z,TaxiAlgorithmP2PCollector,2,20000,20,50,1,nearest,1,4,1,BASELINE,2,116264427,Client Travel Time [min],357.0,3723.0,1629.46,81473.0,50,3366.0
2026-05-08T14:38:04.473637100Z,TaxiAlgorithmP2PCollector,2,20000,20,50,1,nearest,1,4,1,BASELINE,2,116264427,Calculation Time [millis],0.0,6.0,0.12,907.0,7733,6.0
2026-05-08T14:38:04.473637100Z,TaxiAlgorithmP2PCollector,2,20000,20,50,1,nearest,1,4,1,BASELINE,2,116264427,Custom Time [micros],0.0,0.0,0.0,0.0,7733,0.0
2026-05-08T14:38:05.487528600Z,TaxiAlgorithmP2PCollector,2,20000,20,50,1,nearest,1,4,1,BASELINE,3,116264428,Taxi Travel Distance [km],69.26,135.85,96.99,1939.73,20,66.58999999999999
2026-05-08T14:38:05.487528600Z,TaxiAlgorithmP2PCollector,2,20000,20,50,1,nearest,1,4,1,BASELINE,3,116264428,Client Waiting Time [min],1.4,33.95,12.19,609.47,50,32.550000000000004
2026-05-08T14:38:05.487528600Z,TaxiAlgorithmP2PCollector,2,20000,20,50,1,nearest,1,4,1,BASELINE,3,116264428,Client Travel Time [min],580.0,3069.0,1623.56,81178.0,50,2489.0
2026-05-08T14:38:05.487528600Z,TaxiAlgorithmP2PCollector,2,20000,20,50,1,nearest,1,4,1,BASELINE,3,116264428,Calculation Time [millis],0.0,1.0,0.12,831.0,7226,1.0
2026-05-08T14:38:05.487528600Z,TaxiAlgorithmP2PCollector,2,20000,20,50,1,nearest,1,4,1,BASELINE,3,116264428,Custom Time [micros],0.0,0.0,0.0,0.0,7226,0.0
2026-05-08T14:38:06.147708300Z,TaxiAlgorithmP2PCollector,2,20000,20,50,1,nearest,1,4,1,BASELINE,4,116264429,Taxi Travel Distance [km],87.48,135.05,103.0,2059.93,20,47.57000000000001
2026-05-08T14:38:06.147708300Z,TaxiAlgorithmP2PCollector,2,20000,20,50,1,nearest,1,4,1,BASELINE,4,116264429,Client Waiting Time [min],1.88,24.08,13.63,681.7,50,22.2
2026-05-08T14:38:06.147708300Z,TaxiAlgorithmP2PCollector,2,20000,20,50,1,nearest,1,4,1,BASELINE,4,116264429,Client Travel Time [min],405.0,2852.0,1670.38,83519.0,50,2447.0
2026-05-08T14:38:06.147708300Z,TaxiAlgorithmP2PCollector,2,20000,20,50,1,nearest,1,4,1,BASELINE,4,116264429,Calculation Time [millis],0.0,4.0,0.07,481.0,6990,4.0
2026-05-08T14:38:06.147708300Z,TaxiAlgorithmP2PCollector,2,20000,20,50,1,nearest,1,4,1,BASELINE,4,116264429,Custom Time [micros],0.0,0.0,0.0,0.0,6990,0.0
2026-05-08T14:38:07.204496800Z,TaxiAlgorithmP2PCollector,2,20000,20,50,1,nearest,1,4,1,BASELINE,5,116264430,Taxi Travel Distance [km],60.51,142.28,99.25,1984.98,20,81.77000000000001
2026-05-08T14:38:07.204496800Z,TaxiAlgorithmP2PCollector,2,20000,20,50,1,nearest,1,4,1,BASELINE,5,116264430,Client Waiting Time [min],1.65,38.28,12.22,610.82,50,36.63
2026-05-08T14:38:07.204496800Z,TaxiAlgorithmP2PCollector,2,20000,20,50,1,nearest,1,4,1,BASELINE,5,116264430,Client Travel Time [min],524.0,3238.0,1731.34,86567.0,50,2714.0
2026-05-08T14:38:07.204496800Z,TaxiAlgorithmP2PCollector,2,20000,20,50,1,nearest,1,4,1,BASELINE,5,116264430,Calculation Time [millis],0.0,0.0,0.13,944.0,7340,0.0
2026-05-08T14:38:07.204496800Z,TaxiAlgorithmP2PCollector,2,20000,20,50,1,nearest,1,4,1,BASELINE,5,116264430,Custom Time [micros],0.0,0.0,0.0,0.0,7340,0.0
2026-05-08T14:38:08.315091300Z,TaxiAlgorithmP2PCollector,2,20000,20,50,1,nearest,1,4,1,BASELINE,6,116264431,Taxi Travel Distance [km],64.43,140.68,103.18,2063.61,20,76.25
2026-05-08T14:38:08.315091300Z,TaxiAlgorithmP2PCollector,2,20000,20,50,1,nearest,1,4,1,BASELINE,6,116264431,Client Waiting Time [min],0.92,36.25,14.1,704.92,50,35.33
2026-05-08T14:38:08.315091300Z,TaxiAlgorithmP2PCollector,2,20000,20,50,1,nearest,1,4,1,BASELINE,6,116264431,Client Travel Time [min],755.0,3848.0,1865.86,93293.0,50,3093.0
2026-05-08T14:38:08.315091300Z,TaxiAlgorithmP2PCollector,2,20000,20,50,1,nearest,1,4,1,BASELINE,6,116264431,Calculation Time [millis],0.0,10.0,0.12,958.0,7973,10.0
2026-05-08T14:38:08.315091300Z,TaxiAlgorithmP2PCollector,2,20000,20,50,1,nearest,1,4,1,BASELINE,6,116264431,Custom Time [micros],0.0,0.0,0.0,0.0,7973,0.0
2026-05-08T14:38:08.940191400Z,TaxiAlgorithmP2PCollector,2,20000,20,50,1,nearest,1,4,1,BASELINE,7,116264432,Taxi Travel Distance [km],64.62,146.14,96.0,1919.95,20,81.51999999999998
2026-05-08T14:38:08.940191400Z,TaxiAlgorithmP2PCollector,2,20000,20,50,1,nearest,1,4,1,BASELINE,7,116264432,Client Waiting Time [min],0.52,27.68,12.27,613.42,50,27.16
2026-05-08T14:38:08.940191400Z,TaxiAlgorithmP2PCollector,2,20000,20,50,1,nearest,1,4,1,BASELINE,7,116264432,Client Travel Time [min],160.0,3114.0,1579.94,78997.0,50,2954.0
2026-05-08T14:38:08.940191400Z,TaxiAlgorithmP2PCollector,2,20000,20,50,1,nearest,1,4,1,BASELINE,7,116264432,Calculation Time [millis],0.0,0.0,0.07,483.0,7335,0.0
2026-05-08T14:38:08.940191400Z,TaxiAlgorithmP2PCollector,2,20000,20,50,1,nearest,1,4,1,BASELINE,7,116264432,Custom Time [micros],0.0,0.0,0.0,0.0,7335,0.0
2026-05-08T14:38:09.833245600Z,TaxiAlgorithmP2PCollector,2,20000,20,50,1,nearest,1,4,1,BASELINE,8,116264433,Taxi Travel Distance [km],76.09,140.86,101.64,2032.81,20,64.77000000000001
2026-05-08T14:38:09.833245600Z,TaxiAlgorithmP2PCollector,2,20000,20,50,1,nearest,1,4,1,BASELINE,8,116264433,Client Waiting Time [min],1.42,29.45,12.98,648.97,50,28.03
2026-05-08T14:38:09.833245600Z,TaxiAlgorithmP2PCollector,2,20000,20,50,1,nearest,1,4,1,BASELINE,8,116264433,Client Travel Time [min],576.0,3213.0,1699.52,84976.0,50,2637.0
2026-05-08T14:38:09.833245600Z,TaxiAlgorithmP2PCollector,2,20000,20,50,1,nearest,1,4,1,BASELINE,8,116264433,Calculation Time [millis],0.0,15.0,0.1,770.0,7637,15.0
2026-05-08T14:38:09.833245600Z,TaxiAlgorithmP2PCollector,2,20000,20,50,1,nearest,1,4,1,BASELINE,8,116264433,Custom Time [micros],0.0,0.0,0.0,0.0,7637,0.0
2026-05-08T14:38:10.495955700Z,TaxiAlgorithmP2PCollector,2,20000,20,50,1,nearest,1,4,1,BASELINE,9,116264434,Taxi Travel Distance [km],63.93,134.62,88.65,1773.05,20,70.69
2026-05-08T14:38:10.495955700Z,TaxiAlgorithmP2PCollector,2,20000,20,50,1,nearest,1,4,1,BASELINE,9,116264434,Client Waiting Time [min],1.33,27.9,11.15,557.55,50,26.57
2026-05-08T14:38:10.495955700Z,TaxiAlgorithmP2PCollector,2,20000,20,50,1,nearest,1,4,1,BASELINE,9,116264434,Client Travel Time [min],270.0,3267.0,1543.06,77153.0,50,2997.0
2026-05-08T14:38:10.495955700Z,TaxiAlgorithmP2PCollector,2,20000,20,50,1,nearest,1,4,1,BASELINE,9,116264434,Calculation Time [millis],0.0,0.0,0.09,553.0,6426,0.0
2026-05-08T14:38:10.495955700Z,TaxiAlgorithmP2PCollector,2,20000,20,50,1,nearest,1,4,1,BASELINE,9,116264434,Custom Time [micros],0.0,0.0,0.0,0.0,6426,0.0
2026-05-08T14:38:11.016114400Z,TaxiAlgorithmP2PCollector,2,20000,20,50,1,nearest,1,4,1,BASELINE,10,116264435,Taxi Travel Distance [km],80.82,136.16,101.84,2036.83,20,55.34
2026-05-08T14:38:11.016114400Z,TaxiAlgorithmP2PCollector,2,20000,20,50,1,nearest,1,4,1,BASELINE,10,116264435,Client Waiting Time [min],2.45,28.08,13.27,663.73,50,25.63
2026-05-08T14:38:11.016114400Z,TaxiAlgorithmP2PCollector,2,20000,20,50,1,nearest,1,4,1,BASELINE,10,116264435,Client Travel Time [min],468.0,3158.0,1767.32,88366.0,50,2690.0
2026-05-08T14:38:11.016114400Z,TaxiAlgorithmP2PCollector,2,20000,20,50,1,nearest,1,4,1,BASELINE,10,116264435,Calculation Time [millis],0.0,0.0,0.05,402.0,7548,0.0
2026-05-08T14:38:11.016114400Z,TaxiAlgorithmP2PCollector,2,20000,20,50,1,nearest,1,4,1,BASELINE,10,116264435,Custom Time [micros],0.0,0.0,0.0,0.0,7548,0.0
2026-05-08T14:38:13.871749800Z,TaxiAlgorithmP2PCollector,2,20000,20,100,1,nearest,1,4,1,BASELINE,1,116264426,Taxi Travel Distance [km],138.03,182.28,153.37,3067.37,20,44.25
2026-05-08T14:38:13.871749800Z,TaxiAlgorithmP2PCollector,2,20000,20,100,1,nearest,1,4,1,BASELINE,1,116264426,Client Waiting Time [min],1.8,68.55,19.2,1900.45,99,66.75
2026-05-08T14:38:13.871749800Z,TaxiAlgorithmP2PCollector,2,20000,20,100,1,nearest,1,4,1,BASELINE,1,116264426,Client Travel Time [min],499.0,4550.0,1989.2,198920.0,100,4051.0
2026-05-08T14:38:13.871749800Z,TaxiAlgorithmP2PCollector,2,20000,20,100,1,nearest,1,4,1,BASELINE,1,116264426,Calculation Time [millis],0.0,50.0,0.32,2729.0,8472,50.0
2026-05-08T14:38:13.871749800Z,TaxiAlgorithmP2PCollector,2,20000,20,100,1,nearest,1,4,1,BASELINE,1,116264426,Custom Time [micros],0.0,0.0,0.0,0.0,8472,0.0
2026-05-08T14:38:17.389836600Z,TaxiAlgorithmP2PCollector,2,20000,20,100,1,nearest,1,4,1,BASELINE,2,116264427,Taxi Travel Distance [km],137.78,208.79,169.57,3391.49,20,71.00999999999999
2026-05-08T14:38:17.389836600Z,TaxiAlgorithmP2PCollector,2,20000,20,100,1,nearest,1,4,1,BASELINE,2,116264427,Client Waiting Time [min],2.53,114.0,26.51,2651.05,100,111.47
2026-05-08T14:38:17.389836600Z,TaxiAlgorithmP2PCollector,2,20000,20,100,1,nearest,1,4,1,BASELINE,2,116264427,Client Travel Time [min],467.0,8225.0,2474.93,247493.0,100,7758.0
2026-05-08T14:38:17.389836600Z,TaxiAlgorithmP2PCollector,2,20000,20,100,1,nearest,1,4,1,BASELINE,2,116264427,Calculation Time [millis],0.0,59.0,0.34,3332.0,9754,59.0
2026-05-08T14:38:17.389836600Z,TaxiAlgorithmP2PCollector,2,20000,20,100,1,nearest,1,4,1,BASELINE,2,116264427,Custom Time [micros],0.0,0.0,0.0,0.0,9754,0.0
2026-05-08T14:38:20.590463500Z,TaxiAlgorithmP2PCollector,2,20000,20,100,1,nearest,1,4,1,BASELINE,3,116264428,Taxi Travel Distance [km],119.35,192.24,156.9,3138.04,20,72.89000000000001
2026-05-08T14:38:20.590463500Z,TaxiAlgorithmP2PCollector,2,20000,20,100,1,nearest,1,4,1,BASELINE,3,116264428,Client Waiting Time [min],1.57,117.05,25.48,2547.6,100,115.48
2026-05-08T14:38:20.590463500Z,TaxiAlgorithmP2PCollector,2,20000,20,100,1,nearest,1,4,1,BASELINE,3,116264428,Client Travel Time [min],593.0,7329.0,2344.17,234417.0,100,6736.0
2026-05-08T14:38:20.590463500Z,TaxiAlgorithmP2PCollector,2,20000,20,100,1,nearest,1,4,1,BASELINE,3,116264428,Calculation Time [millis],0.0,58.0,0.34,3041.0,8940,58.0
2026-05-08T14:38:20.590463500Z,TaxiAlgorithmP2PCollector,2,20000,20,100,1,nearest,1,4,1,BASELINE,3,116264428,Custom Time [micros],0.0,0.0,0.0,0.0,8940,0.0
2026-05-08T14:38:23.983574200Z,TaxiAlgorithmP2PCollector,2,20000,20,100,1,nearest,1,4,1,BASELINE,4,116264429,Taxi Travel Distance [km],140.39,182.33,157.24,3144.83,20,41.940000000000026
2026-05-08T14:38:23.983574200Z,TaxiAlgorithmP2PCollector,2,20000,20,100,1,nearest,1,4,1,BASELINE,4,116264429,Client Waiting Time [min],0.68,94.83,24.07,2382.55,99,94.14999999999999
2026-05-08T14:38:23.983574200Z,TaxiAlgorithmP2PCollector,2,20000,20,100,1,nearest,1,4,1,BASELINE,4,116264429,Client Travel Time [min],396.0,6210.0,2320.07,232007.0,100,5814.0
2026-05-08T14:38:23.983574200Z,TaxiAlgorithmP2PCollector,2,20000,20,100,1,nearest,1,4,1,BASELINE,4,116264429,Calculation Time [millis],0.0,57.0,0.38,3248.0,8611,57.0
2026-05-08T14:38:23.983574200Z,TaxiAlgorithmP2PCollector,2,20000,20,100,1,nearest,1,4,1,BASELINE,4,116264429,Custom Time [micros],0.0,0.0,0.0,0.0,8611,0.0
2026-05-08T14:38:27.631459800Z,TaxiAlgorithmP2PCollector,2,20000,20,100,1,nearest,1,4,1,BASELINE,5,116264430,Taxi Travel Distance [km],144.91,219.5,166.02,3320.37,20,74.59
2026-05-08T14:38:27.631459800Z,TaxiAlgorithmP2PCollector,2,20000,20,100,1,nearest,1,4,1,BASELINE,5,116264430,Client Waiting Time [min],1.25,118.15,29.2,2919.68,100,116.9
2026-05-08T14:38:27.631459800Z,TaxiAlgorithmP2PCollector,2,20000,20,100,1,nearest,1,4,1,BASELINE,5,116264430,Client Travel Time [min],738.0,8725.0,2628.26,262826.0,100,7987.0
2026-05-08T14:38:27.631459800Z,TaxiAlgorithmP2PCollector,2,20000,20,100,1,nearest,1,4,1,BASELINE,5,116264430,Calculation Time [millis],0.0,62.0,0.35,3513.0,10181,62.0
2026-05-08T14:38:27.631459800Z,TaxiAlgorithmP2PCollector,2,20000,20,100,1,nearest,1,4,1,BASELINE,5,116264430,Custom Time [micros],0.0,0.0,0.0,0.0,10181,0.0
2026-05-08T14:38:30.715669500Z,TaxiAlgorithmP2PCollector,2,20000,20,100,1,nearest,1,4,1,BASELINE,6,116264431,Taxi Travel Distance [km],141.42,186.72,159.25,3184.91,20,45.30000000000001
2026-05-08T14:38:30.715669500Z,TaxiAlgorithmP2PCollector,2,20000,20,100,1,nearest,1,4,1,BASELINE,6,116264431,Client Waiting Time [min],0.68,106.92,22.21,2199.27,99,106.24
2026-05-08T14:38:30.715669500Z,TaxiAlgorithmP2PCollector,2,20000,20,100,1,nearest,1,4,1,BASELINE,6,116264431,Client Travel Time [min],368.0,6652.0,2281.92,228192.0,100,6284.0
2026-05-08T14:38:30.715669500Z,TaxiAlgorithmP2PCollector,2,20000,20,100,1,nearest,1,4,1,BASELINE,6,116264431,Calculation Time [millis],0.0,38.0,0.33,2918.0,8951,38.0
2026-05-08T14:38:30.715669500Z,TaxiAlgorithmP2PCollector,2,20000,20,100,1,nearest,1,4,1,BASELINE,6,116264431,Custom Time [micros],0.0,0.0,0.0,0.0,8951,0.0
2026-05-08T14:38:33.927858700Z,TaxiAlgorithmP2PCollector,2,20000,20,100,1,nearest,1,4,1,BASELINE,7,116264432,Taxi Travel Distance [km],144.63,190.15,161.35,3226.99,20,45.52000000000001
2026-05-08T14:38:33.927858700Z,TaxiAlgorithmP2PCollector,2,20000,20,100,1,nearest,1,4,1,BASELINE,7,116264432,Client Waiting Time [min],0.52,107.6,27.61,2705.83,98,107.08
2026-05-08T14:38:33.927858700Z,TaxiAlgorithmP2PCollector,2,20000,20,100,1,nearest,1,4,1,BASELINE,7,116264432,Client Travel Time [min],160.0,6567.0,2527.21,252721.0,100,6407.0
2026-05-08T14:38:33.927858700Z,TaxiAlgorithmP2PCollector,2,20000,20,100,1,nearest,1,4,1,BASELINE,7,116264432,Calculation Time [millis],0.0,51.0,0.34,3001.0,8753,51.0
2026-05-08T14:38:33.927858700Z,TaxiAlgorithmP2PCollector,2,20000,20,100,1,nearest,1,4,1,BASELINE,7,116264432,Custom Time [micros],0.0,0.0,0.0,0.0,8753,0.0
2026-05-08T14:38:37.658063Z,TaxiAlgorithmP2PCollector,2,20000,20,100,1,nearest,1,4,1,BASELINE,8,116264433,Taxi Travel Distance [km],147.13,203.47,166.52,3330.45,20,56.34
2026-05-08T14:38:37.658063Z,TaxiAlgorithmP2PCollector,2,20000,20,100,1,nearest,1,4,1,BASELINE,8,116264433,Client Waiting Time [min],1.05,121.33,27.41,2740.97,100,120.28
2026-05-08T14:38:37.658063Z,TaxiAlgorithmP2PCollector,2,20000,20,100,1,nearest,1,4,1,BASELINE,8,116264433,Client Travel Time [min],669.0,7365.0,2575.25,257525.0,100,6696.0
2026-05-08T14:38:37.658063Z,TaxiAlgorithmP2PCollector,2,20000,20,100,1,nearest,1,4,1,BASELINE,8,116264433,Calculation Time [millis],0.0,50.0,0.38,3539.0,9428,50.0
2026-05-08T14:38:37.658063Z,TaxiAlgorithmP2PCollector,2,20000,20,100,1,nearest,1,4,1,BASELINE,8,116264433,Custom Time [micros],0.0,0.0,0.0,0.0,9428,0.0
2026-05-08T14:38:40.557934500Z,TaxiAlgorithmP2PCollector,2,20000,20,100,1,nearest,1,4,1,BASELINE,9,116264434,Taxi Travel Distance [km],138.83,182.83,158.52,3170.31,20,44.0
2026-05-08T14:38:40.557934500Z,TaxiAlgorithmP2PCollector,2,20000,20,100,1,nearest,1,4,1,BASELINE,9,116264434,Client Waiting Time [min],0.25,87.87,23.47,2347.02,100,87.62
2026-05-08T14:38:40.557934500Z,TaxiAlgorithmP2PCollector,2,20000,20,100,1,nearest,1,4,1,BASELINE,9,116264434,Client Travel Time [min],91.0,5628.0,2296.41,229641.0,100,5537.0
2026-05-08T14:38:40.557934500Z,TaxiAlgorithmP2PCollector,2,20000,20,100,1,nearest,1,4,1,BASELINE,9,116264434,Calculation Time [millis],0.0,53.0,0.32,2707.0,8568,53.0
2026-05-08T14:38:40.557934500Z,TaxiAlgorithmP2PCollector,2,20000,20,100,1,nearest,1,4,1,BASELINE,9,116264434,Custom Time [micros],0.0,0.0,0.0,0.0,8568,0.0
2026-05-08T14:38:44.227714100Z,TaxiAlgorithmP2PCollector,2,20000,20,100,1,nearest,1,4,1,BASELINE,10,116264435,Taxi Travel Distance [km],143.17,185.48,162.88,3257.59,20,42.31
2026-05-08T14:38:44.227714100Z,TaxiAlgorithmP2PCollector,2,20000,20,100,1,nearest,1,4,1,BASELINE,10,116264435,Client Waiting Time [min],1.35,98.77,26.38,2637.73,100,97.42
2026-05-08T14:38:44.227714100Z,TaxiAlgorithmP2PCollector,2,20000,20,100,1,nearest,1,4,1,BASELINE,10,116264435,Client Travel Time [min],520.0,6862.0,2449.52,244952.0,100,6342.0
2026-05-08T14:38:44.227714100Z,TaxiAlgorithmP2PCollector,2,20000,20,100,1,nearest,1,4,1,BASELINE,10,116264435,Calculation Time [millis],0.0,57.0,0.4,3535.0,8867,57.0
2026-05-08T14:38:44.227714100Z,TaxiAlgorithmP2PCollector,2,20000,20,100,1,nearest,1,4,1,BASELINE,10,116264435,Custom Time [micros],0.0,0.0,0.0,0.0,8867,0.0
2026-05-08T14:38:45.521771100Z,TaxiAlgorithmP2PCollector,5,1000,5,25,1,nearest,1,4,1,BASELINE,1,116264426,Taxi Travel Distance [km],25.03,311.39,165.32,826.61,5,286.36
2026-05-08T14:38:45.521771100Z,TaxiAlgorithmP2PCollector,5,1000,5,25,1,nearest,1,4,1,BASELINE,1,116264426,Client Waiting Time [min],0.47,219.17,74.24,668.12,9,218.7
2026-05-08T14:38:45.521771100Z,TaxiAlgorithmP2PCollector,5,1000,5,25,1,nearest,1,4,1,BASELINE,1,116264426,Client Travel Time [min],890.0,28334.0,13453.68,336342.0,25,27444.0
2026-05-08T14:38:45.521771100Z,TaxiAlgorithmP2PCollector,5,1000,5,25,1,nearest,1,4,1,BASELINE,1,116264426,Calculation Time [millis],0.0,43.0,0.04,1128.0,30829,43.0
2026-05-08T14:38:45.521771100Z,TaxiAlgorithmP2PCollector,5,1000,5,25,1,nearest,1,4,1,BASELINE,1,116264426,Custom Time [micros],0.0,0.0,0.0,0.0,30829,0.0
2026-05-08T14:38:47.047440700Z,TaxiAlgorithmP2PCollector,5,1000,5,25,1,nearest,1,4,1,BASELINE,2,116264427,Taxi Travel Distance [km],116.0,295.48,179.89,899.47,5,179.48000000000002
2026-05-08T14:38:47.047440700Z,TaxiAlgorithmP2PCollector,5,1000,5,25,1,nearest,1,4,1,BASELINE,2,116264427,Client Waiting Time [min],13.65,155.53,90.42,994.57,11,141.88
2026-05-08T14:38:47.047440700Z,TaxiAlgorithmP2PCollector,5,1000,5,25,1,nearest,1,4,1,BASELINE,2,116264427,Client Travel Time [min],1821.0,35078.0,13181.2,329530.0,25,33257.0
2026-05-08T14:38:47.047440700Z,TaxiAlgorithmP2PCollector,5,1000,5,25,1,nearest,1,4,1,BASELINE,2,116264427,Calculation Time [millis],0.0,64.0,0.04,1373.0,37083,64.0
2026-05-08T14:38:47.047440700Z,TaxiAlgorithmP2PCollector,5,1000,5,25,1,nearest,1,4,1,BASELINE,2,116264427,Custom Time [micros],0.0,0.0,0.0,0.0,37083,0.0
2026-05-08T14:38:48.342352500Z,TaxiAlgorithmP2PCollector,5,1000,5,25,1,nearest,1,4,1,BASELINE,3,116264428,Taxi Travel Distance [km],17.85,326.72,194.49,972.44,5,308.87
2026-05-08T14:38:48.342352500Z,TaxiAlgorithmP2PCollector,5,1000,5,25,1,nearest,1,4,1,BASELINE,3,116264428,Client Waiting Time [min],1.68,159.43,66.77,734.47,11,157.75
2026-05-08T14:38:48.342352500Z,TaxiAlgorithmP2PCollector,5,1000,5,25,1,nearest,1,4,1,BASELINE,3,116264428,Client Travel Time [min],983.0,30627.0,8966.04,224151.0,25,29644.0
2026-05-08T14:38:48.342352500Z,TaxiAlgorithmP2PCollector,5,1000,5,25,1,nearest,1,4,1,BASELINE,3,116264428,Calculation Time [millis],0.0,0.0,0.04,1145.0,32415,0.0
2026-05-08T14:38:48.342352500Z,TaxiAlgorithmP2PCollector,5,1000,5,25,1,nearest,1,4,1,BASELINE,3,116264428,Custom Time [micros],0.0,0.0,0.0,0.0,32415,0.0
2026-05-08T14:38:49.993396400Z,TaxiAlgorithmP2PCollector,5,1000,5,25,1,nearest,1,4,1,BASELINE,4,116264429,Taxi Travel Distance [km],37.01,232.69,118.99,594.93,5,195.68
2026-05-08T14:38:49.993396400Z,TaxiAlgorithmP2PCollector,5,1000,5,25,1,nearest,1,4,1,BASELINE,4,116264429,Client Waiting Time [min],10.68,115.37,46.41,232.05,5,104.69
2026-05-08T14:38:49.993396400Z,TaxiAlgorithmP2PCollector,5,1000,5,25,1,nearest,1,4,1,BASELINE,4,116264429,Client Travel Time [min],2120.0,36778.0,14058.76,351469.0,25,34658.0
2026-05-08T14:38:49.993396400Z,TaxiAlgorithmP2PCollector,5,1000,5,25,1,nearest,1,4,1,BASELINE,4,116264429,Calculation Time [millis],0.0,8.0,0.04,1457.0,37298,8.0
2026-05-08T14:38:49.993396400Z,TaxiAlgorithmP2PCollector,5,1000,5,25,1,nearest,1,4,1,BASELINE,4,116264429,Custom Time [micros],0.0,0.0,0.0,0.0,37298,0.0
2026-05-08T14:38:51.430552800Z,TaxiAlgorithmP2PCollector,5,1000,5,25,1,nearest,1,4,1,BASELINE,5,116264430,Taxi Travel Distance [km],18.8,275.16,123.54,617.7,5,256.36
2026-05-08T14:38:51.430552800Z,TaxiAlgorithmP2PCollector,5,1000,5,25,1,nearest,1,4,1,BASELINE,5,116264430,Client Waiting Time [min],0.57,189.67,86.1,688.77,8,189.1
2026-05-08T14:38:51.430552800Z,TaxiAlgorithmP2PCollector,5,1000,5,25,1,nearest,1,4,1,BASELINE,5,116264430,Client Travel Time [min],459.0,31526.0,14513.2,362830.0,25,31067.0
2026-05-08T14:38:51.430552800Z,TaxiAlgorithmP2PCollector,5,1000,5,25,1,nearest,1,4,1,BASELINE,5,116264430,Calculation Time [millis],0.0,15.0,0.03,1245.0,35665,15.0
2026-05-08T14:38:51.430552800Z,TaxiAlgorithmP2PCollector,5,1000,5,25,1,nearest,1,4,1,BASELINE,5,116264430,Custom Time [micros],0.0,0.0,0.0,0.0,35665,0.0
2026-05-08T14:38:53.212779500Z,TaxiAlgorithmP2PCollector,5,1000,5,25,1,nearest,1,4,1,BASELINE,6,116264431,Taxi Travel Distance [km],9.34,237.29,128.03,640.16,5,227.95
2026-05-08T14:38:53.212779500Z,TaxiAlgorithmP2PCollector,5,1000,5,25,1,nearest,1,4,1,BASELINE,6,116264431,Client Waiting Time [min],11.7,122.97,42.05,294.32,7,111.27
2026-05-08T14:38:53.212779500Z,TaxiAlgorithmP2PCollector,5,1000,5,25,1,nearest,1,4,1,BASELINE,6,116264431,Client Travel Time [min],1523.0,38900.0,14741.72,368543.0,25,37377.0
2026-05-08T14:38:53.212779500Z,TaxiAlgorithmP2PCollector,5,1000,5,25,1,nearest,1,4,1,BASELINE,6,116264431,Calculation Time [millis],0.0,28.0,0.04,1563.0,43285,28.0
2026-05-08T14:38:53.212779500Z,TaxiAlgorithmP2PCollector,5,1000,5,25,1,nearest,1,4,1,BASELINE,6,116264431,Custom Time [micros],0.0,0.0,0.0,0.0,43285,0.0
2026-05-08T14:38:54.641301200Z,TaxiAlgorithmP2PCollector,5,1000,5,25,1,nearest,1,4,1,BASELINE,7,116264432,Taxi Travel Distance [km],23.59,203.04,125.85,629.24,5,179.45
2026-05-08T14:38:54.641301200Z,TaxiAlgorithmP2PCollector,5,1000,5,25,1,nearest,1,4,1,BASELINE,7,116264432,Client Waiting Time [min],0.52,65.88,38.62,270.33,7,65.36
2026-05-08T14:38:54.641301200Z,TaxiAlgorithmP2PCollector,5,1000,5,25,1,nearest,1,4,1,BASELINE,7,116264432,Client Travel Time [min],160.0,31798.0,14217.76,355444.0,25,31638.0
2026-05-08T14:38:54.641301200Z,TaxiAlgorithmP2PCollector,5,1000,5,25,1,nearest,1,4,1,BASELINE,7,116264432,Calculation Time [millis],0.0,0.0,0.04,1232.0,33804,0.0
2026-05-08T14:38:54.641301200Z,TaxiAlgorithmP2PCollector,5,1000,5,25,1,nearest,1,4,1,BASELINE,7,116264432,Custom Time [micros],0.0,0.0,0.0,0.0,33804,0.0
2026-05-08T14:38:56.369422300Z,TaxiAlgorithmP2PCollector,5,1000,5,25,1,nearest,1,4,1,BASELINE,8,116264433,Taxi Travel Distance [km],6.12,104.88,35.58,177.88,5,98.75999999999999
2026-05-08T14:38:56.369422300Z,TaxiAlgorithmP2PCollector,5,1000,5,25,1,nearest,1,4,1,BASELINE,8,116264433,Client Waiting Time [min],27.83,27.83,27.83,27.83,1,0.0
2026-05-08T14:38:56.369422300Z,TaxiAlgorithmP2PCollector,5,1000,5,25,1,nearest,1,4,1,BASELINE,8,116264433,Client Travel Time [min],1710.0,37832.0,19474.2,486855.0,25,36122.0
2026-05-08T14:38:56.369422300Z,TaxiAlgorithmP2PCollector,5,1000,5,25,1,nearest,1,4,1,BASELINE,8,116264433,Calculation Time [millis],0.0,0.0,0.04,1504.0,42368,0.0
2026-05-08T14:38:56.369422300Z,TaxiAlgorithmP2PCollector,5,1000,5,25,1,nearest,1,4,1,BASELINE,8,116264433,Custom Time [micros],0.0,0.0,0.0,0.0,42368,0.0
2026-05-08T14:38:57.969877Z,TaxiAlgorithmP2PCollector,5,1000,5,25,1,nearest,1,4,1,BASELINE,9,116264434,Taxi Travel Distance [km],39.61,235.4,158.76,793.82,5,195.79000000000002
2026-05-08T14:38:57.969877Z,TaxiAlgorithmP2PCollector,5,1000,5,25,1,nearest,1,4,1,BASELINE,9,116264434,Client Waiting Time [min],5.2,131.8,56.25,506.25,9,126.60000000000001
2026-05-08T14:38:57.969877Z,TaxiAlgorithmP2PCollector,5,1000,5,25,1,nearest,1,4,1,BASELINE,9,116264434,Client Travel Time [min],806.0,37584.0,14440.8,361020.0,25,36778.0
2026-05-08T14:38:57.969877Z,TaxiAlgorithmP2PCollector,5,1000,5,25,1,nearest,1,4,1,BASELINE,9,116264434,Calculation Time [millis],0.0,34.0,0.04,1417.0,40177,34.0
2026-05-08T14:38:57.969877Z,TaxiAlgorithmP2PCollector,5,1000,5,25,1,nearest,1,4,1,BASELINE,9,116264434,Custom Time [micros],0.0,0.0,0.0,0.0,40177,0.0
2026-05-08T14:38:59.380903600Z,TaxiAlgorithmP2PCollector,5,1000,5,25,1,nearest,1,4,1,BASELINE,10,116264435,Taxi Travel Distance [km],49.97,299.49,187.51,937.57,5,249.52
2026-05-08T14:38:59.380903600Z,TaxiAlgorithmP2PCollector,5,1000,5,25,1,nearest,1,4,1,BASELINE,10,116264435,Client Waiting Time [min],28.7,429.8,144.27,1442.65,10,401.1
2026-05-08T14:38:59.380903600Z,TaxiAlgorithmP2PCollector,5,1000,5,25,1,nearest,1,4,1,BASELINE,10,116264435,Client Travel Time [min],2280.0,31126.0,15491.76,387294.0,25,28846.0
2026-05-08T14:38:59.380903600Z,TaxiAlgorithmP2PCollector,5,1000,5,25,1,nearest,1,4,1,BASELINE,10,116264435,Calculation Time [millis],0.0,34.0,0.04,1259.0,35334,34.0
2026-05-08T14:38:59.380903600Z,TaxiAlgorithmP2PCollector,5,1000,5,25,1,nearest,1,4,1,BASELINE,10,116264435,Custom Time [micros],0.0,0.0,0.0,0.0,35334,0.0
2026-05-08T14:39:02.465053Z,TaxiAlgorithmP2PCollector,5,1000,10,25,1,nearest,1,4,1,BASELINE,1,116264426,Taxi Travel Distance [km],20.88,577.69,275.04,2750.4,10,556.8100000000001
2026-05-08T14:39:02.465053Z,TaxiAlgorithmP2PCollector,5,1000,10,25,1,nearest,1,4,1,BASELINE,1,116264426,Client Waiting Time [min],0.67,391.9,121.86,2437.27,20,391.22999999999996
2026-05-08T14:39:02.465053Z,TaxiAlgorithmP2PCollector,5,1000,10,25,1,nearest,1,4,1,BASELINE,1,116264426,Client Travel Time [min],888.0,23626.0,8299.96,207499.0,25,22738.0
2026-05-08T14:39:02.465053Z,TaxiAlgorithmP2PCollector,5,1000,10,25,1,nearest,1,4,1,BASELINE,1,116264426,Calculation Time [millis],0.0,73.0,0.11,2914.0,26506,73.0
2026-05-08T14:39:02.465053Z,TaxiAlgorithmP2PCollector,5,1000,10,25,1,nearest,1,4,1,BASELINE,1,116264426,Custom Time [micros],0.0,0.0,0.0,0.0,26506,0.0
2026-05-08T14:39:06.777844300Z,TaxiAlgorithmP2PCollector,5,1000,10,25,1,nearest,1,4,1,BASELINE,2,116264427,Taxi Travel Distance [km],6.87,219.04,93.68,936.79,10,212.17
2026-05-08T14:39:06.777844300Z,TaxiAlgorithmP2PCollector,5,1000,10,25,1,nearest,1,4,1,BASELINE,2,116264427,Client Waiting Time [min],4.27,67.5,23.64,189.08,8,63.230000000000004
2026-05-08T14:39:06.777844300Z,TaxiAlgorithmP2PCollector,5,1000,10,25,1,nearest,1,4,1,BASELINE,2,116264427,Client Travel Time [min],413.0,35078.0,13527.08,338177.0,25,34665.0
2026-05-08T14:39:06.777844300Z,TaxiAlgorithmP2PCollector,5,1000,10,25,1,nearest,1,4,1,BASELINE,2,116264427,Calculation Time [millis],0.0,77.0,0.11,4106.0,37083,77.0
2026-05-08T14:39:06.777844300Z,TaxiAlgorithmP2PCollector,5,1000,10,25,1,nearest,1,4,1,BASELINE,2,116264427,Custom Time [micros],0.0,0.0,0.0,0.0,37083,0.0
2026-05-08T14:39:09.469621600Z,TaxiAlgorithmP2PCollector,5,1000,10,25,1,nearest,1,4,1,BASELINE,3,116264428,Taxi Travel Distance [km],74.02,362.59,200.43,2004.34,10,288.57
2026-05-08T14:39:09.469621600Z,TaxiAlgorithmP2PCollector,5,1000,10,25,1,nearest,1,4,1,BASELINE,3,116264428,Client Waiting Time [min],10.13,206.0,88.48,1327.27,15,195.87
2026-05-08T14:39:09.469621600Z,TaxiAlgorithmP2PCollector,5,1000,10,25,1,nearest,1,4,1,BASELINE,3,116264428,Client Travel Time [min],1273.0,18415.0,8197.68,204942.0,25,17142.0
2026-05-08T14:39:09.469621600Z,TaxiAlgorithmP2PCollector,5,1000,10,25,1,nearest,1,4,1,BASELINE,3,116264428,Calculation Time [millis],0.0,53.0,0.11,2421.0,22144,53.0
2026-05-08T14:39:09.469621600Z,TaxiAlgorithmP2PCollector,5,1000,10,25,1,nearest,1,4,1,BASELINE,3,116264428,Custom Time [micros],0.0,0.0,0.0,0.0,22144,0.0
2026-05-08T14:39:13.083107800Z,TaxiAlgorithmP2PCollector,5,1000,10,25,1,nearest,1,4,1,BASELINE,4,116264429,Taxi Travel Distance [km],39.9,308.43,164.85,1648.55,10,268.53000000000003
2026-05-08T14:39:13.083107800Z,TaxiAlgorithmP2PCollector,5,1000,10,25,1,nearest,1,4,1,BASELINE,4,116264429,Client Waiting Time [min],1.53,187.35,58.76,881.43,15,185.82
2026-05-08T14:39:13.083107800Z,TaxiAlgorithmP2PCollector,5,1000,10,25,1,nearest,1,4,1,BASELINE,4,116264429,Client Travel Time [min],854.0,29243.0,8887.36,222184.0,25,28389.0
2026-05-08T14:39:13.083107800Z,TaxiAlgorithmP2PCollector,5,1000,10,25,1,nearest,1,4,1,BASELINE,4,116264429,Calculation Time [millis],0.0,72.0,0.11,3407.0,29908,72.0
2026-05-08T14:39:13.083107800Z,TaxiAlgorithmP2PCollector,5,1000,10,25,1,nearest,1,4,1,BASELINE,4,116264429,Custom Time [micros],0.0,0.0,0.0,0.0,29908,0.0
2026-05-08T14:39:17.759859200Z,TaxiAlgorithmP2PCollector,5,1000,10,25,1,nearest,1,4,1,BASELINE,5,116264430,Taxi Travel Distance [km],14.98,243.94,98.5,985.0,10,228.96
2026-05-08T14:39:17.759859200Z,TaxiAlgorithmP2PCollector,5,1000,10,25,1,nearest,1,4,1,BASELINE,5,116264430,Client Waiting Time [min],11.8,144.53,73.63,736.3,10,132.73
2026-05-08T14:39:17.759859200Z,TaxiAlgorithmP2PCollector,5,1000,10,25,1,nearest,1,4,1,BASELINE,5,116264430,Client Travel Time [min],1062.0,34554.0,13175.0,329375.0,25,33492.0
2026-05-08T14:39:17.759859200Z,TaxiAlgorithmP2PCollector,5,1000,10,25,1,nearest,1,4,1,BASELINE,5,116264430,Calculation Time [millis],0.0,110.0,0.11,4408.0,38871,110.0
2026-05-08T14:39:17.759859200Z,TaxiAlgorithmP2PCollector,5,1000,10,25,1,nearest,1,4,1,BASELINE,5,116264430,Custom Time [micros],0.0,0.0,0.0,0.0,38871,0.0
2026-05-08T14:39:21.323445700Z,TaxiAlgorithmP2PCollector,5,1000,10,25,1,nearest,1,4,1,BASELINE,6,116264431,Taxi Travel Distance [km],75.27,575.48,259.29,2592.85,10,500.21000000000004
2026-05-08T14:39:21.323445700Z,TaxiAlgorithmP2PCollector,5,1000,10,25,1,nearest,1,4,1,BASELINE,6,116264431,Client Waiting Time [min],12.78,290.9,117.9,2004.27,17,278.12
2026-05-08T14:39:21.323445700Z,TaxiAlgorithmP2PCollector,5,1000,10,25,1,nearest,1,4,1,BASELINE,6,116264431,Client Travel Time [min],2074.0,28529.0,9649.88,241247.0,25,26455.0
2026-05-08T14:39:21.323445700Z,TaxiAlgorithmP2PCollector,5,1000,10,25,1,nearest,1,4,1,BASELINE,6,116264431,Calculation Time [millis],0.0,78.0,0.12,3351.0,28816,78.0
2026-05-08T14:39:21.323445700Z,TaxiAlgorithmP2PCollector,5,1000,10,25,1,nearest,1,4,1,BASELINE,6,116264431,Custom Time [micros],0.0,0.0,0.0,0.0,28816,0.0
2026-05-08T14:39:25.718450Z,TaxiAlgorithmP2PCollector,5,1000,10,25,1,nearest,1,4,1,BASELINE,7,116264432,Taxi Travel Distance [km],17.39,104.58,50.79,507.91,10,87.19
2026-05-08T14:39:25.718450Z,TaxiAlgorithmP2PCollector,5,1000,10,25,1,nearest,1,4,1,BASELINE,7,116264432,Client Waiting Time [min],0.52,22.5,9.85,29.55,3,21.98
2026-05-08T14:39:25.718450Z,TaxiAlgorithmP2PCollector,5,1000,10,25,1,nearest,1,4,1,BASELINE,7,116264432,Client Travel Time [min],160.0,33475.0,18482.04,462051.0,25,33315.0
2026-05-08T14:39:25.718450Z,TaxiAlgorithmP2PCollector,5,1000,10,25,1,nearest,1,4,1,BASELINE,7,116264432,Calculation Time [millis],0.0,75.0,0.11,4189.0,37413,75.0
2026-05-08T14:39:25.718450Z,TaxiAlgorithmP2PCollector,5,1000,10,25,1,nearest,1,4,1,BASELINE,7,116264432,Custom Time [micros],0.0,0.0,0.0,0.0,37413,0.0
2026-05-08T14:39:29.710787700Z,TaxiAlgorithmP2PCollector,5,1000,10,25,1,nearest,1,4,1,BASELINE,8,116264433,Taxi Travel Distance [km],22.23,340.9,127.85,1278.47,10,318.66999999999996
2026-05-08T14:39:29.710787700Z,TaxiAlgorithmP2PCollector,5,1000,10,25,1,nearest,1,4,1,BASELINE,8,116264433,Client Waiting Time [min],0.73,175.28,84.43,1013.2,12,174.55
2026-05-08T14:39:29.710787700Z,TaxiAlgorithmP2PCollector,5,1000,10,25,1,nearest,1,4,1,BASELINE,8,116264433,Client Travel Time [min],1362.0,31907.0,11573.04,289326.0,25,30545.0
2026-05-08T14:39:29.710787700Z,TaxiAlgorithmP2PCollector,5,1000,10,25,1,nearest,1,4,1,BASELINE,8,116264433,Calculation Time [millis],0.0,90.0,0.11,3712.0,34143,90.0
2026-05-08T14:39:29.710787700Z,TaxiAlgorithmP2PCollector,5,1000,10,25,1,nearest,1,4,1,BASELINE,8,116264433,Custom Time [micros],0.0,0.0,0.0,0.0,34143,0.0
2026-05-08T14:39:33.145390900Z,TaxiAlgorithmP2PCollector,5,1000,10,25,1,nearest,1,4,1,BASELINE,9,116264434,Taxi Travel Distance [km],79.55,247.32,167.19,1671.9,10,167.76999999999998
2026-05-08T14:39:33.145390900Z,TaxiAlgorithmP2PCollector,5,1000,10,25,1,nearest,1,4,1,BASELINE,9,116264434,Client Waiting Time [min],2.42,219.93,62.24,995.8,16,217.51000000000002
2026-05-08T14:39:33.145390900Z,TaxiAlgorithmP2PCollector,5,1000,10,25,1,nearest,1,4,1,BASELINE,9,116264434,Client Travel Time [min],206.0,25860.0,8778.68,219467.0,25,25654.0
2026-05-08T14:39:33.145390900Z,TaxiAlgorithmP2PCollector,5,1000,10,25,1,nearest,1,4,1,BASELINE,9,116264434,Calculation Time [millis],0.0,75.0,0.11,3221.0,29240,75.0
2026-05-08T14:39:33.145390900Z,TaxiAlgorithmP2PCollector,5,1000,10,25,1,nearest,1,4,1,BASELINE,9,116264434,Custom Time [micros],0.0,0.0,0.0,0.0,29240,0.0
2026-05-08T14:39:37.264527Z,TaxiAlgorithmP2PCollector,5,1000,10,25,1,nearest,1,4,1,BASELINE,10,116264435,Taxi Travel Distance [km],38.66,623.84,179.13,1791.26,10,585.1800000000001
2026-05-08T14:39:37.264527Z,TaxiAlgorithmP2PCollector,5,1000,10,25,1,nearest,1,4,1,BASELINE,10,116264435,Client Waiting Time [min],0.78,337.57,91.64,1374.57,15,336.79
2026-05-08T14:39:37.264527Z,TaxiAlgorithmP2PCollector,5,1000,10,25,1,nearest,1,4,1,BASELINE,10,116264435,Client Travel Time [min],633.0,31126.0,9911.92,247798.0,25,30493.0
2026-05-08T14:39:37.264527Z,TaxiAlgorithmP2PCollector,5,1000,10,25,1,nearest,1,4,1,BASELINE,10,116264435,Calculation Time [millis],0.0,73.0,0.11,3918.0,35274,73.0
2026-05-08T14:39:37.264527Z,TaxiAlgorithmP2PCollector,5,1000,10,25,1,nearest,1,4,1,BASELINE,10,116264435,Custom Time [micros],0.0,0.0,0.0,0.0,35274,0.0
2026-05-08T14:39:41.282098500Z,TaxiAlgorithmP2PCollector,5,1000,10,50,1,nearest,1,4,1,BASELINE,1,116264426,Taxi Travel Distance [km],15.3,511.73,220.47,2204.66,10,496.43
2026-05-08T14:39:41.282098500Z,TaxiAlgorithmP2PCollector,5,1000,10,50,1,nearest,1,4,1,BASELINE,1,116264426,Client Waiting Time [min],1.32,471.85,78.61,2201.13,28,470.53000000000003
2026-05-08T14:39:41.282098500Z,TaxiAlgorithmP2PCollector,5,1000,10,50,1,nearest,1,4,1,BASELINE,1,116264426,Client Travel Time [min],585.0,28705.0,9731.52,486576.0,50,28120.0
2026-05-08T14:39:41.282098500Z,TaxiAlgorithmP2PCollector,5,1000,10,50,1,nearest,1,4,1,BASELINE,1,116264426,Calculation Time [millis],0.0,91.0,0.12,3701.0,30810,91.0
2026-05-08T14:39:41.282098500Z,TaxiAlgorithmP2PCollector,5,1000,10,50,1,nearest,1,4,1,BASELINE,1,116264426,Custom Time [micros],0.0,0.0,0.0,0.0,30810,0.0
2026-05-08T14:39:46.019347600Z,TaxiAlgorithmP2PCollector,5,1000,10,50,1,nearest,1,4,1,BASELINE,2,116264427,Taxi Travel Distance [km],48.93,298.57,176.93,1769.25,10,249.64
2026-05-08T14:39:46.019347600Z,TaxiAlgorithmP2PCollector,5,1000,10,50,1,nearest,1,4,1,BASELINE,2,116264427,Client Waiting Time [min],1.65,176.85,58.45,1519.6,26,175.2
2026-05-08T14:39:46.019347600Z,TaxiAlgorithmP2PCollector,5,1000,10,50,1,nearest,1,4,1,BASELINE,2,116264427,Client Travel Time [min],815.0,38862.0,10541.56,527078.0,50,38047.0
2026-05-08T14:39:46.019347600Z,TaxiAlgorithmP2PCollector,5,1000,10,50,1,nearest,1,4,1,BASELINE,2,116264427,Calculation Time [millis],0.0,81.0,0.11,4510.0,39634,81.0
2026-05-08T14:39:46.019347600Z,TaxiAlgorithmP2PCollector,5,1000,10,50,1,nearest,1,4,1,BASELINE,2,116264427,Custom Time [micros],0.0,0.0,0.0,0.0,39634,0.0
2026-05-08T14:39:50.003667Z,TaxiAlgorithmP2PCollector,5,1000,10,50,1,nearest,1,4,1,BASELINE,3,116264428,Taxi Travel Distance [km],30.31,482.71,199.03,1990.25,10,452.4
2026-05-08T14:39:50.003667Z,TaxiAlgorithmP2PCollector,5,1000,10,50,1,nearest,1,4,1,BASELINE,3,116264428,Client Waiting Time [min],6.05,339.15,88.67,2394.12,27,333.09999999999997
2026-05-08T14:39:50.003667Z,TaxiAlgorithmP2PCollector,5,1000,10,50,1,nearest,1,4,1,BASELINE,3,116264428,Client Travel Time [min],971.0,30089.0,10037.74,501887.0,50,29118.0
2026-05-08T14:39:50.003667Z,TaxiAlgorithmP2PCollector,5,1000,10,50,1,nearest,1,4,1,BASELINE,3,116264428,Calculation Time [millis],0.0,86.0,0.11,3677.0,32301,86.0
2026-05-08T14:39:50.003667Z,TaxiAlgorithmP2PCollector,5,1000,10,50,1,nearest,1,4,1,BASELINE,3,116264428,Custom Time [micros],0.0,0.0,0.0,0.0,32301,0.0
2026-05-08T14:39:54.722309700Z,TaxiAlgorithmP2PCollector,5,1000,10,50,1,nearest,1,4,1,BASELINE,4,116264429,Taxi Travel Distance [km],17.05,439.89,188.14,1881.4,10,422.84
2026-05-08T14:39:54.722309700Z,TaxiAlgorithmP2PCollector,5,1000,10,50,1,nearest,1,4,1,BASELINE,4,116264429,Client Waiting Time [min],5.33,428.37,113.24,2604.48,23,423.04
2026-05-08T14:39:54.722309700Z,TaxiAlgorithmP2PCollector,5,1000,10,50,1,nearest,1,4,1,BASELINE,4,116264429,Client Travel Time [min],1019.0,33944.0,11695.76,584788.0,50,32925.0
2026-05-08T14:39:54.722309700Z,TaxiAlgorithmP2PCollector,5,1000,10,50,1,nearest,1,4,1,BASELINE,4,116264429,Calculation Time [millis],0.0,111.0,0.12,4463.0,38592,111.0
2026-05-08T14:39:54.722309700Z,TaxiAlgorithmP2PCollector,5,1000,10,50,1,nearest,1,4,1,BASELINE,4,116264429,Custom Time [micros],0.0,0.0,0.0,0.0,38592,0.0
2026-05-08T14:39:59.001822500Z,TaxiAlgorithmP2PCollector,5,1000,10,50,1,nearest,1,4,1,BASELINE,5,116264430,Taxi Travel Distance [km],43.07,574.4,212.0,2120.03,10,531.3299999999999
2026-05-08T14:39:59.001822500Z,TaxiAlgorithmP2PCollector,5,1000,10,50,1,nearest,1,4,1,BASELINE,5,116264430,Client Waiting Time [min],1.23,443.33,155.58,3889.38,25,442.09999999999997
2026-05-08T14:39:59.001822500Z,TaxiAlgorithmP2PCollector,5,1000,10,50,1,nearest,1,4,1,BASELINE,5,116264430,Client Travel Time [min],724.0,35252.0,13007.66,650383.0,50,34528.0
2026-05-08T14:39:59.001822500Z,TaxiAlgorithmP2PCollector,5,1000,10,50,1,nearest,1,4,1,BASELINE,5,116264430,Calculation Time [millis],0.0,76.0,0.11,4050.0,35665,76.0
2026-05-08T14:39:59.001822500Z,TaxiAlgorithmP2PCollector,5,1000,10,50,1,nearest,1,4,1,BASELINE,5,116264430,Custom Time [micros],0.0,0.0,0.0,0.0,35665,0.0
2026-05-08T14:40:04.414310300Z,TaxiAlgorithmP2PCollector,5,1000,10,50,1,nearest,1,4,1,BASELINE,6,116264431,Taxi Travel Distance [km],17.33,346.8,205.66,2056.59,10,329.47
2026-05-08T14:40:04.414310300Z,TaxiAlgorithmP2PCollector,5,1000,10,50,1,nearest,1,4,1,BASELINE,6,116264431,Client Waiting Time [min],1.93,150.63,55.77,1282.73,23,148.7
2026-05-08T14:40:04.414310300Z,TaxiAlgorithmP2PCollector,5,1000,10,50,1,nearest,1,4,1,BASELINE,6,116264431,Client Travel Time [min],1173.0,38900.0,12700.24,635012.0,50,37727.0
2026-05-08T14:40:04.414310300Z,TaxiAlgorithmP2PCollector,5,1000,10,50,1,nearest,1,4,1,BASELINE,6,116264431,Calculation Time [millis],0.0,94.0,0.12,5094.0,43285,94.0
2026-05-08T14:40:04.414310300Z,TaxiAlgorithmP2PCollector,5,1000,10,50,1,nearest,1,4,1,BASELINE,6,116264431,Custom Time [micros],0.0,0.0,0.0,0.0,43285,0.0
2026-05-08T14:40:08.747981800Z,TaxiAlgorithmP2PCollector,5,1000,10,50,1,nearest,1,4,1,BASELINE,7,116264432,Taxi Travel Distance [km],35.42,241.87,145.02,1450.18,10,206.45
2026-05-08T14:40:08.747981800Z,TaxiAlgorithmP2PCollector,5,1000,10,50,1,nearest,1,4,1,BASELINE,7,116264432,Client Waiting Time [min],0.47,104.55,36.48,1021.52,28,104.08
2026-05-08T14:40:08.747981800Z,TaxiAlgorithmP2PCollector,5,1000,10,50,1,nearest,1,4,1,BASELINE,7,116264432,Client Travel Time [min],160.0,31798.0,9898.38,494919.0,50,31638.0
2026-05-08T14:40:08.747981800Z,TaxiAlgorithmP2PCollector,5,1000,10,50,1,nearest,1,4,1,BASELINE,7,116264432,Calculation Time [millis],0.0,104.0,0.12,4001.0,33804,104.0
2026-05-08T14:40:08.747981800Z,TaxiAlgorithmP2PCollector,5,1000,10,50,1,nearest,1,4,1,BASELINE,7,116264432,Custom Time [micros],0.0,0.0,0.0,0.0,33804,0.0
2026-05-08T14:40:13.992146500Z,TaxiAlgorithmP2PCollector,5,1000,10,50,1,nearest,1,4,1,BASELINE,8,116264433,Taxi Travel Distance [km],11.28,91.69,45.62,456.22,10,80.41
2026-05-08T14:40:13.992146500Z,TaxiAlgorithmP2PCollector,5,1000,10,50,1,nearest,1,4,1,BASELINE,8,116264433,Client Waiting Time [min],0.27,22.25,10.99,54.93,5,21.98
2026-05-08T14:40:13.992146500Z,TaxiAlgorithmP2PCollector,5,1000,10,50,1,nearest,1,4,1,BASELINE,8,116264433,Client Travel Time [min],334.0,38685.0,16743.92,837196.0,50,38351.0
2026-05-08T14:40:13.992146500Z,TaxiAlgorithmP2PCollector,5,1000,10,50,1,nearest,1,4,1,BASELINE,8,116264433,Calculation Time [millis],0.0,106.0,0.12,4961.0,42368,106.0
2026-05-08T14:40:13.992146500Z,TaxiAlgorithmP2PCollector,5,1000,10,50,1,nearest,1,4,1,BASELINE,8,116264433,Custom Time [micros],0.0,0.0,0.0,0.0,42368,0.0
2026-05-08T14:40:18.619376200Z,TaxiAlgorithmP2PCollector,5,1000,10,50,1,nearest,1,4,1,BASELINE,9,116264434,Taxi Travel Distance [km],100.26,441.47,253.75,2537.47,10,341.21000000000004
2026-05-08T14:40:18.619376200Z,TaxiAlgorithmP2PCollector,5,1000,10,50,1,nearest,1,4,1,BASELINE,9,116264434,Client Waiting Time [min],0.77,398.53,115.27,3688.57,32,397.76
2026-05-08T14:40:18.619376200Z,TaxiAlgorithmP2PCollector,5,1000,10,50,1,nearest,1,4,1,BASELINE,9,116264434,Client Travel Time [min],1040.0,35052.0,10307.82,515391.0,50,34012.0
2026-05-08T14:40:18.619376200Z,TaxiAlgorithmP2PCollector,5,1000,10,50,1,nearest,1,4,1,BASELINE,9,116264434,Calculation Time [millis],0.0,103.0,0.11,4365.0,38462,103.0
2026-05-08T14:40:18.619376200Z,TaxiAlgorithmP2PCollector,5,1000,10,50,1,nearest,1,4,1,BASELINE,9,116264434,Custom Time [micros],0.0,0.0,0.0,0.0,38462,0.0
2026-05-08T14:40:22.832159Z,TaxiAlgorithmP2PCollector,5,1000,10,50,1,nearest,1,4,1,BASELINE,10,116264435,Taxi Travel Distance [km],18.41,781.65,250.77,2507.67,10,763.24
2026-05-08T14:40:22.832159Z,TaxiAlgorithmP2PCollector,5,1000,10,50,1,nearest,1,4,1,BASELINE,10,116264435,Client Waiting Time [min],0.63,351.97,84.35,2699.18,32,351.34000000000003
2026-05-08T14:40:22.832159Z,TaxiAlgorithmP2PCollector,5,1000,10,50,1,nearest,1,4,1,BASELINE,10,116264435,Client Travel Time [min],358.0,31481.0,9365.5,468275.0,50,31123.0
2026-05-08T14:40:22.832159Z,TaxiAlgorithmP2PCollector,5,1000,10,50,1,nearest,1,4,1,BASELINE,10,116264435,Calculation Time [millis],0.0,72.0,0.11,3958.0,35871,72.0
2026-05-08T14:40:22.832159Z,TaxiAlgorithmP2PCollector,5,1000,10,50,1,nearest,1,4,1,BASELINE,10,116264435,Custom Time [micros],0.0,0.0,0.0,0.0,35871,0.0
2026-05-08T14:40:40.482692600Z,TaxiAlgorithmP2PCollector,5,1000,20,50,1,nearest,1,4,1,BASELINE,1,116264426,Taxi Travel Distance [km],29.35,666.83,192.22,3844.31,20,637.48
2026-05-08T14:40:40.482692600Z,TaxiAlgorithmP2PCollector,5,1000,20,50,1,nearest,1,4,1,BASELINE,1,116264426,Client Waiting Time [min],0.48,348.23,65.84,2501.77,38,347.75
2026-05-08T14:40:40.482692600Z,TaxiAlgorithmP2PCollector,5,1000,20,50,1,nearest,1,4,1,BASELINE,1,116264426,Client Travel Time [min],405.0,36881.0,7292.9,364645.0,50,36476.0
2026-05-08T14:40:40.482692600Z,TaxiAlgorithmP2PCollector,5,1000,20,50,1,nearest,1,4,1,BASELINE,1,116264426,Calculation Time [millis],0.0,169.0,0.44,17293.0,39255,169.0
2026-05-08T14:40:40.482692600Z,TaxiAlgorithmP2PCollector,5,1000,20,50,1,nearest,1,4,1,BASELINE,1,116264426,Custom Time [micros],0.0,0.0,0.0,0.0,39255,0.0
2026-05-08T14:40:54.939679900Z,TaxiAlgorithmP2PCollector,5,1000,20,50,1,nearest,1,4,1,BASELINE,2,116264427,Taxi Travel Distance [km],7.06,455.95,193.94,3878.73,20,448.89
2026-05-08T14:40:54.939679900Z,TaxiAlgorithmP2PCollector,5,1000,20,50,1,nearest,1,4,1,BASELINE,2,116264427,Client Waiting Time [min],0.45,246.58,60.41,2355.95,39,246.13000000000002
2026-05-08T14:40:54.939679900Z,TaxiAlgorithmP2PCollector,5,1000,20,50,1,nearest,1,4,1,BASELINE,2,116264427,Client Travel Time [min],554.0,27738.0,6333.16,316658.0,50,27184.0
2026-05-08T14:40:54.939679900Z,TaxiAlgorithmP2PCollector,5,1000,20,50,1,nearest,1,4,1,BASELINE,2,116264427,Calculation Time [millis],0.0,160.0,0.44,14060.0,31678,160.0
2026-05-08T14:40:54.939679900Z,TaxiAlgorithmP2PCollector,5,1000,20,50,1,nearest,1,4,1,BASELINE,2,116264427,Custom Time [micros],0.0,0.0,0.0,0.0,31678,0.0
2026-05-08T14:41:09.337430700Z,TaxiAlgorithmP2PCollector,5,1000,20,50,1,nearest,1,4,1,BASELINE,3,116264428,Taxi Travel Distance [km],20.73,490.77,201.5,4030.06,20,470.03999999999996
2026-05-08T14:41:09.337430700Z,TaxiAlgorithmP2PCollector,5,1000,20,50,1,nearest,1,4,1,BASELINE,3,116264428,Client Waiting Time [min],2.45,247.68,42.95,1975.48,46,245.23000000000002
2026-05-08T14:41:09.337430700Z,TaxiAlgorithmP2PCollector,5,1000,20,50,1,nearest,1,4,1,BASELINE,3,116264428,Client Travel Time [min],443.0,28707.0,4672.5,233625.0,50,28264.0
2026-05-08T14:41:09.337430700Z,TaxiAlgorithmP2PCollector,5,1000,20,50,1,nearest,1,4,1,BASELINE,3,116264428,Calculation Time [millis],0.0,173.0,0.43,13990.0,32301,173.0
2026-05-08T14:41:09.337430700Z,TaxiAlgorithmP2PCollector,5,1000,20,50,1,nearest,1,4,1,BASELINE,3,116264428,Custom Time [micros],0.0,0.0,0.0,0.0,32301,0.0
2026-05-08T14:41:26.913758600Z,TaxiAlgorithmP2PCollector,5,1000,20,50,1,nearest,1,4,1,BASELINE,4,116264429,Taxi Travel Distance [km],45.09,597.22,205.44,4108.85,20,552.13
2026-05-08T14:41:26.913758600Z,TaxiAlgorithmP2PCollector,5,1000,20,50,1,nearest,1,4,1,BASELINE,4,116264429,Client Waiting Time [min],0.25,219.45,55.04,2091.6,38,219.2
2026-05-08T14:41:26.913758600Z,TaxiAlgorithmP2PCollector,5,1000,20,50,1,nearest,1,4,1,BASELINE,4,116264429,Client Travel Time [min],494.0,33944.0,6489.82,324491.0,50,33450.0
2026-05-08T14:41:26.913758600Z,TaxiAlgorithmP2PCollector,5,1000,20,50,1,nearest,1,4,1,BASELINE,4,116264429,Calculation Time [millis],0.0,176.0,0.45,17200.0,38592,176.0
2026-05-08T14:41:26.913758600Z,TaxiAlgorithmP2PCollector,5,1000,20,50,1,nearest,1,4,1,BASELINE,4,116264429,Custom Time [micros],0.0,0.0,0.0,0.0,38592,0.0
2026-05-08T14:41:42.961353400Z,TaxiAlgorithmP2PCollector,5,1000,20,50,1,nearest,1,4,1,BASELINE,5,116264430,Taxi Travel Distance [km],32.93,471.02,198.15,3962.91,20,438.09
2026-05-08T14:41:42.961353400Z,TaxiAlgorithmP2PCollector,5,1000,20,50,1,nearest,1,4,1,BASELINE,5,116264430,Client Waiting Time [min],4.0,488.17,92.56,3795.15,41,484.17
2026-05-08T14:41:42.961353400Z,TaxiAlgorithmP2PCollector,5,1000,20,50,1,nearest,1,4,1,BASELINE,5,116264430,Client Travel Time [min],880.0,35252.0,7899.8,394990.0,50,34372.0
2026-05-08T14:41:42.961353400Z,TaxiAlgorithmP2PCollector,5,1000,20,50,1,nearest,1,4,1,BASELINE,5,116264430,Calculation Time [millis],0.0,181.0,0.44,15668.0,35623,181.0
2026-05-08T14:41:42.961353400Z,TaxiAlgorithmP2PCollector,5,1000,20,50,1,nearest,1,4,1,BASELINE,5,116264430,Custom Time [micros],0.0,0.0,0.0,0.0,35623,0.0
2026-05-08T14:41:57.124580100Z,TaxiAlgorithmP2PCollector,5,1000,20,50,1,nearest,1,4,1,BASELINE,6,116264431,Taxi Travel Distance [km],36.01,588.06,229.02,4580.42,20,552.05
2026-05-08T14:41:57.124580100Z,TaxiAlgorithmP2PCollector,5,1000,20,50,1,nearest,1,4,1,BASELINE,6,116264431,Client Waiting Time [min],0.65,465.4,94.92,4271.38,45,464.75
2026-05-08T14:41:57.124580100Z,TaxiAlgorithmP2PCollector,5,1000,20,50,1,nearest,1,4,1,BASELINE,6,116264431,Client Travel Time [min],333.0,28419.0,6915.0,345750.0,50,28086.0
2026-05-08T14:41:57.124580100Z,TaxiAlgorithmP2PCollector,5,1000,20,50,1,nearest,1,4,1,BASELINE,6,116264431,Calculation Time [millis],0.0,155.0,0.42,13742.0,32468,155.0
2026-05-08T14:41:57.124580100Z,TaxiAlgorithmP2PCollector,5,1000,20,50,1,nearest,1,4,1,BASELINE,6,116264431,Custom Time [micros],0.0,0.0,0.0,0.0,32468,0.0
2026-05-08T14:42:07.177316700Z,TaxiAlgorithmP2PCollector,5,1000,20,50,1,nearest,1,4,1,BASELINE,7,116264432,Taxi Travel Distance [km],51.78,491.05,188.47,3769.43,20,439.27
2026-05-08T14:42:07.177316700Z,TaxiAlgorithmP2PCollector,5,1000,20,50,1,nearest,1,4,1,BASELINE,7,116264432,Client Waiting Time [min],0.52,237.15,60.17,2466.8,41,236.63
2026-05-08T14:42:07.177316700Z,TaxiAlgorithmP2PCollector,5,1000,20,50,1,nearest,1,4,1,BASELINE,7,116264432,Client Travel Time [min],160.0,20867.0,5564.44,278222.0,50,20707.0
2026-05-08T14:42:07.177316700Z,TaxiAlgorithmP2PCollector,5,1000,20,50,1,nearest,1,4,1,BASELINE,7,116264432,Calculation Time [millis],0.0,195.0,0.43,9640.0,22637,195.0
2026-05-08T14:42:07.177316700Z,TaxiAlgorithmP2PCollector,5,1000,20,50,1,nearest,1,4,1,BASELINE,7,116264432,Custom Time [micros],0.0,0.0,0.0,0.0,22637,0.0
2026-05-08T14:42:26.294713900Z,TaxiAlgorithmP2PCollector,5,1000,20,50,1,nearest,1,4,1,BASELINE,8,116264433,Taxi Travel Distance [km],4.01,442.81,144.93,2898.67,20,438.8
2026-05-08T14:42:26.294713900Z,TaxiAlgorithmP2PCollector,5,1000,20,50,1,nearest,1,4,1,BASELINE,8,116264433,Client Waiting Time [min],1.23,236.03,45.08,1487.73,33,234.8
2026-05-08T14:42:26.294713900Z,TaxiAlgorithmP2PCollector,5,1000,20,50,1,nearest,1,4,1,BASELINE,8,116264433,Client Travel Time [min],477.0,38685.0,7501.76,375088.0,50,38208.0
2026-05-08T14:42:26.294713900Z,TaxiAlgorithmP2PCollector,5,1000,20,50,1,nearest,1,4,1,BASELINE,8,116264433,Calculation Time [millis],0.0,165.0,0.45,18686.0,41830,165.0
2026-05-08T14:42:26.294713900Z,TaxiAlgorithmP2PCollector,5,1000,20,50,1,nearest,1,4,1,BASELINE,8,116264433,Custom Time [micros],0.0,0.0,0.0,0.0,41830,0.0
2026-05-08T14:42:40.371527Z,TaxiAlgorithmP2PCollector,5,1000,20,50,1,nearest,1,4,1,BASELINE,9,116264434,Taxi Travel Distance [km],16.81,547.77,208.86,4177.28,20,530.96
2026-05-08T14:42:40.371527Z,TaxiAlgorithmP2PCollector,5,1000,20,50,1,nearest,1,4,1,BASELINE,9,116264434,Client Waiting Time [min],0.3,208.43,63.38,2155.03,34,208.13
2026-05-08T14:42:40.371527Z,TaxiAlgorithmP2PCollector,5,1000,20,50,1,nearest,1,4,1,BASELINE,9,116264434,Client Travel Time [min],239.0,28801.0,7034.1,351705.0,50,28562.0
2026-05-08T14:42:40.371527Z,TaxiAlgorithmP2PCollector,5,1000,20,50,1,nearest,1,4,1,BASELINE,9,116264434,Calculation Time [millis],0.0,194.0,0.44,13729.0,31418,194.0
2026-05-08T14:42:40.371527Z,TaxiAlgorithmP2PCollector,5,1000,20,50,1,nearest,1,4,1,BASELINE,9,116264434,Custom Time [micros],0.0,0.0,0.0,0.0,31418,0.0
2026-05-08T14:42:55.146017200Z,TaxiAlgorithmP2PCollector,5,1000,20,50,1,nearest,1,4,1,BASELINE,10,116264435,Taxi Travel Distance [km],34.13,491.55,189.47,3789.33,20,457.42
2026-05-08T14:42:55.146017200Z,TaxiAlgorithmP2PCollector,5,1000,20,50,1,nearest,1,4,1,BASELINE,10,116264435,Client Waiting Time [min],0.32,372.23,86.37,3627.43,42,371.91
2026-05-08T14:42:55.146017200Z,TaxiAlgorithmP2PCollector,5,1000,20,50,1,nearest,1,4,1,BASELINE,10,116264435,Client Travel Time [min],690.0,30765.0,8031.16,401558.0,50,30075.0
2026-05-08T14:42:55.146017200Z,TaxiAlgorithmP2PCollector,5,1000,20,50,1,nearest,1,4,1,BASELINE,10,116264435,Calculation Time [millis],0.0,190.0,0.44,14328.0,32898,190.0
2026-05-08T14:42:55.146017200Z,TaxiAlgorithmP2PCollector,5,1000,20,50,1,nearest,1,4,1,BASELINE,10,116264435,Custom Time [micros],0.0,0.0,0.0,0.0,32898,0.0
2026-05-08T14:43:11.257012300Z,TaxiAlgorithmP2PCollector,5,1000,20,100,1,nearest,1,4,1,BASELINE,1,116264426,Taxi Travel Distance [km],66.69,741.51,283.16,5663.17,20,674.8199999999999
2026-05-08T14:43:11.257012300Z,TaxiAlgorithmP2PCollector,5,1000,20,100,1,nearest,1,4,1,BASELINE,1,116264426,Client Waiting Time [min],0.63,522.65,76.93,6384.98,83,522.02
2026-05-08T14:43:11.257012300Z,TaxiAlgorithmP2PCollector,5,1000,20,100,1,nearest,1,4,1,BASELINE,1,116264426,Client Travel Time [min],423.0,31368.0,6133.2,613320.0,100,30945.0
2026-05-08T14:43:11.257012300Z,TaxiAlgorithmP2PCollector,5,1000,20,100,1,nearest,1,4,1,BASELINE,1,116264426,Calculation Time [millis],0.0,157.0,0.44,15753.0,35649,157.0
2026-05-08T14:43:11.257012300Z,TaxiAlgorithmP2PCollector,5,1000,20,100,1,nearest,1,4,1,BASELINE,1,116264426,Custom Time [micros],0.0,0.0,0.0,0.0,35649,0.0
2026-05-08T14:43:28.601415500Z,TaxiAlgorithmP2PCollector,5,1000,20,100,1,nearest,1,4,1,BASELINE,2,116264427,Taxi Travel Distance [km],75.55,550.98,247.24,4944.72,20,475.43
2026-05-08T14:43:28.601415500Z,TaxiAlgorithmP2PCollector,5,1000,20,100,1,nearest,1,4,1,BASELINE,2,116264427,Client Waiting Time [min],0.25,434.77,84.12,6561.38,78,434.52
2026-05-08T14:43:28.601415500Z,TaxiAlgorithmP2PCollector,5,1000,20,100,1,nearest,1,4,1,BASELINE,2,116264427,Client Travel Time [min],337.0,35078.0,8140.85,814085.0,100,34741.0
2026-05-08T14:43:28.601415500Z,TaxiAlgorithmP2PCollector,5,1000,20,100,1,nearest,1,4,1,BASELINE,2,116264427,Calculation Time [millis],0.0,145.0,0.46,16800.0,36892,145.0
2026-05-08T14:43:28.601415500Z,TaxiAlgorithmP2PCollector,5,1000,20,100,1,nearest,1,4,1,BASELINE,2,116264427,Custom Time [micros],0.0,0.0,0.0,0.0,36892,0.0
2026-05-08T14:43:47.051690500Z,TaxiAlgorithmP2PCollector,5,1000,20,100,1,nearest,1,4,1,BASELINE,3,116264428,Taxi Travel Distance [km],65.95,544.92,254.68,5093.61,20,478.96999999999997
2026-05-08T14:43:47.051690500Z,TaxiAlgorithmP2PCollector,5,1000,20,100,1,nearest,1,4,1,BASELINE,3,116264428,Client Waiting Time [min],1.97,360.63,70.9,6026.23,85,358.65999999999997
2026-05-08T14:43:47.051690500Z,TaxiAlgorithmP2PCollector,5,1000,20,100,1,nearest,1,4,1,BASELINE,3,116264428,Client Travel Time [min],244.0,37982.0,6523.49,652349.0,100,37738.0
2026-05-08T14:43:47.051690500Z,TaxiAlgorithmP2PCollector,5,1000,20,100,1,nearest,1,4,1,BASELINE,3,116264428,Calculation Time [millis],0.0,189.0,0.44,18044.0,41093,189.0
2026-05-08T14:43:47.051690500Z,TaxiAlgorithmP2PCollector,5,1000,20,100,1,nearest,1,4,1,BASELINE,3,116264428,Custom Time [micros],0.0,0.0,0.0,0.0,41093,0.0
2026-05-08T14:44:02.675786800Z,TaxiAlgorithmP2PCollector,5,1000,20,100,1,nearest,1,4,1,BASELINE,4,116264429,Taxi Travel Distance [km],17.78,682.27,203.82,4076.38,20,664.49
2026-05-08T14:44:02.675786800Z,TaxiAlgorithmP2PCollector,5,1000,20,100,1,nearest,1,4,1,BASELINE,4,116264429,Client Waiting Time [min],0.58,403.6,71.46,4501.75,63,403.02000000000004
2026-05-08T14:44:02.675786800Z,TaxiAlgorithmP2PCollector,5,1000,20,100,1,nearest,1,4,1,BASELINE,4,116264429,Client Travel Time [min],421.0,31877.0,8699.34,869934.0,100,31456.0
2026-05-08T14:44:02.675786800Z,TaxiAlgorithmP2PCollector,5,1000,20,100,1,nearest,1,4,1,BASELINE,4,116264429,Calculation Time [millis],0.0,173.0,0.45,15180.0,33725,173.0
2026-05-08T14:44:02.675786800Z,TaxiAlgorithmP2PCollector,5,1000,20,100,1,nearest,1,4,1,BASELINE,4,116264429,Custom Time [micros],0.0,0.0,0.0,0.0,33725,0.0
2026-05-08T14:44:19.630649500Z,TaxiAlgorithmP2PCollector,5,1000,20,100,1,nearest,1,4,1,BASELINE,5,116264430,Taxi Travel Distance [km],49.24,604.39,213.69,4273.78,20,555.15
2026-05-08T14:44:19.630649500Z,TaxiAlgorithmP2PCollector,5,1000,20,100,1,nearest,1,4,1,BASELINE,5,116264430,Client Waiting Time [min],0.5,546.58,75.92,5845.82,77,546.08
2026-05-08T14:44:19.630649500Z,TaxiAlgorithmP2PCollector,5,1000,20,100,1,nearest,1,4,1,BASELINE,5,116264430,Client Travel Time [min],660.0,32813.0,7438.72,743872.0,100,32153.0
2026-05-08T14:44:19.630649500Z,TaxiAlgorithmP2PCollector,5,1000,20,100,1,nearest,1,4,1,BASELINE,5,116264430,Calculation Time [millis],0.0,189.0,0.44,16320.0,36748,189.0
2026-05-08T14:44:19.630649500Z,TaxiAlgorithmP2PCollector,5,1000,20,100,1,nearest,1,4,1,BASELINE,5,116264430,Custom Time [micros],0.0,0.0,0.0,0.0,36748,0.0
2026-05-08T14:44:36.676104400Z,TaxiAlgorithmP2PCollector,5,1000,20,100,1,nearest,1,4,1,BASELINE,6,116264431,Taxi Travel Distance [km],87.98,614.7,249.81,4996.26,20,526.72
2026-05-08T14:44:36.676104400Z,TaxiAlgorithmP2PCollector,5,1000,20,100,1,nearest,1,4,1,BASELINE,6,116264431,Client Waiting Time [min],0.57,321.02,76.23,6251.17,82,320.45
2026-05-08T14:44:36.676104400Z,TaxiAlgorithmP2PCollector,5,1000,20,100,1,nearest,1,4,1,BASELINE,6,116264431,Client Travel Time [min],261.0,33494.0,7098.11,709811.0,100,33233.0
2026-05-08T14:44:36.676104400Z,TaxiAlgorithmP2PCollector,5,1000,20,100,1,nearest,1,4,1,BASELINE,6,116264431,Calculation Time [millis],0.0,185.0,0.44,16649.0,37619,185.0
2026-05-08T14:44:36.676104400Z,TaxiAlgorithmP2PCollector,5,1000,20,100,1,nearest,1,4,1,BASELINE,6,116264431,Custom Time [micros],0.0,0.0,0.0,0.0,37619,0.0
2026-05-08T14:44:53.567960Z,TaxiAlgorithmP2PCollector,5,1000,20,100,1,nearest,1,4,1,BASELINE,7,116264432,Taxi Travel Distance [km],69.72,757.24,360.73,7214.64,20,687.52
2026-05-08T14:44:53.567960Z,TaxiAlgorithmP2PCollector,5,1000,20,100,1,nearest,1,4,1,BASELINE,7,116264432,Client Waiting Time [min],0.28,492.65,73.88,6575.73,89,492.37
2026-05-08T14:44:53.567960Z,TaxiAlgorithmP2PCollector,5,1000,20,100,1,nearest,1,4,1,BASELINE,7,116264432,Client Travel Time [min],160.0,33030.0,5703.63,570363.0,100,32870.0
2026-05-08T14:44:53.567960Z,TaxiAlgorithmP2PCollector,5,1000,20,100,1,nearest,1,4,1,BASELINE,7,116264432,Calculation Time [millis],0.0,178.0,0.44,16465.0,37391,178.0
2026-05-08T14:44:53.567960Z,TaxiAlgorithmP2PCollector,5,1000,20,100,1,nearest,1,4,1,BASELINE,7,116264432,Custom Time [micros],0.0,0.0,0.0,0.0,37391,0.0
2026-05-08T14:45:09.773857800Z,TaxiAlgorithmP2PCollector,5,1000,20,100,1,nearest,1,4,1,BASELINE,8,116264433,Taxi Travel Distance [km],81.08,524.19,226.38,4527.55,20,443.11000000000007
2026-05-08T14:45:09.773857800Z,TaxiAlgorithmP2PCollector,5,1000,20,100,1,nearest,1,4,1,BASELINE,8,116264433,Client Waiting Time [min],0.47,389.23,89.12,7129.5,80,388.76
2026-05-08T14:45:09.773857800Z,TaxiAlgorithmP2PCollector,5,1000,20,100,1,nearest,1,4,1,BASELINE,8,116264433,Client Travel Time [min],361.0,32558.0,7713.59,771359.0,100,32197.0
2026-05-08T14:45:09.773857800Z,TaxiAlgorithmP2PCollector,5,1000,20,100,1,nearest,1,4,1,BASELINE,8,116264433,Calculation Time [millis],0.0,197.0,0.45,15766.0,34695,197.0
2026-05-08T14:45:09.773857800Z,TaxiAlgorithmP2PCollector,5,1000,20,100,1,nearest,1,4,1,BASELINE,8,116264433,Custom Time [micros],0.0,0.0,0.0,0.0,34695,0.0
2026-05-08T14:45:24.117514800Z,TaxiAlgorithmP2PCollector,5,1000,20,100,1,nearest,1,4,1,BASELINE,9,116264434,Taxi Travel Distance [km],47.77,437.88,255.26,5105.22,20,390.11
2026-05-08T14:45:24.117514800Z,TaxiAlgorithmP2PCollector,5,1000,20,100,1,nearest,1,4,1,BASELINE,9,116264434,Client Waiting Time [min],0.48,410.92,121.74,8765.13,72,410.44
2026-05-08T14:45:24.117514800Z,TaxiAlgorithmP2PCollector,5,1000,20,100,1,nearest,1,4,1,BASELINE,9,116264434,Client Travel Time [min],264.0,28801.0,9611.54,961154.0,100,28537.0
2026-05-08T14:45:24.117514800Z,TaxiAlgorithmP2PCollector,5,1000,20,100,1,nearest,1,4,1,BASELINE,9,116264434,Calculation Time [millis],0.0,185.0,0.45,13995.0,31418,185.0
2026-05-08T14:45:24.117514800Z,TaxiAlgorithmP2PCollector,5,1000,20,100,1,nearest,1,4,1,BASELINE,9,116264434,Custom Time [micros],0.0,0.0,0.0,0.0,31418,0.0
2026-05-08T14:45:40.869238Z,TaxiAlgorithmP2PCollector,5,1000,20,100,1,nearest,1,4,1,BASELINE,10,116264435,Taxi Travel Distance [km],24.39,558.98,228.38,4567.59,20,534.59
2026-05-08T14:45:40.869238Z,TaxiAlgorithmP2PCollector,5,1000,20,100,1,nearest,1,4,1,BASELINE,10,116264435,Client Waiting Time [min],0.28,313.98,76.44,5885.87,77,313.70000000000005
2026-05-08T14:45:40.869238Z,TaxiAlgorithmP2PCollector,5,1000,20,100,1,nearest,1,4,1,BASELINE,10,116264435,Client Travel Time [min],430.0,33046.0,7994.8,799480.0,100,32616.0
2026-05-08T14:45:40.869238Z,TaxiAlgorithmP2PCollector,5,1000,20,100,1,nearest,1,4,1,BASELINE,10,116264435,Calculation Time [millis],0.0,174.0,0.44,16316.0,36704,174.0
2026-05-08T14:45:40.869238Z,TaxiAlgorithmP2PCollector,5,1000,20,100,1,nearest,1,4,1,BASELINE,10,116264435,Custom Time [micros],0.0,0.0,0.0,0.0,36704,0.0
2026-05-08T14:45:42.276713300Z,TaxiAlgorithmP2PCollector,5,5000,5,25,1,nearest,1,4,1,BASELINE,1,116264426,Taxi Travel Distance [km],16.88,462.95,234.37,1171.85,5,446.07
2026-05-08T14:45:42.276713300Z,TaxiAlgorithmP2PCollector,5,5000,5,25,1,nearest,1,4,1,BASELINE,1,116264426,Client Waiting Time [min],1.2,229.15,52.61,1157.37,22,227.95000000000002
2026-05-08T14:45:42.276713300Z,TaxiAlgorithmP2PCollector,5,5000,5,25,1,nearest,1,4,1,BASELINE,1,116264426,Client Travel Time [min],517.0,26391.0,5703.92,142598.0,25,25874.0
2026-05-08T14:45:42.276713300Z,TaxiAlgorithmP2PCollector,5,5000,5,25,1,nearest,1,4,1,BASELINE,1,116264426,Calculation Time [millis],0.0,0.0,0.04,1186.0,27824,0.0
2026-05-08T14:45:42.276713300Z,TaxiAlgorithmP2PCollector,5,5000,5,25,1,nearest,1,4,1,BASELINE,1,116264426,Custom Time [micros],0.0,0.0,0.0,0.0,27824,0.0
2026-05-08T14:45:43.183980100Z,TaxiAlgorithmP2PCollector,5,5000,5,25,1,nearest,1,4,1,BASELINE,2,116264427,Taxi Travel Distance [km],105.21,508.23,227.2,1135.99,5,403.02000000000004
2026-05-08T14:45:43.183980100Z,TaxiAlgorithmP2PCollector,5,5000,5,25,1,nearest,1,4,1,BASELINE,2,116264427,Client Waiting Time [min],1.55,347.22,66.88,1337.6,20,345.67
2026-05-08T14:45:43.183980100Z,TaxiAlgorithmP2PCollector,5,5000,5,25,1,nearest,1,4,1,BASELINE,2,116264427,Client Travel Time [min],590.0,21738.0,6224.12,155603.0,25,21148.0
2026-05-08T14:45:43.183980100Z,TaxiAlgorithmP2PCollector,5,5000,5,25,1,nearest,1,4,1,BASELINE,2,116264427,Calculation Time [millis],0.0,21.0,0.03,757.0,23552,21.0
2026-05-08T14:45:43.183980100Z,TaxiAlgorithmP2PCollector,5,5000,5,25,1,nearest,1,4,1,BASELINE,2,116264427,Custom Time [micros],0.0,0.0,0.0,0.0,23552,0.0
2026-05-08T14:45:44.414351Z,TaxiAlgorithmP2PCollector,5,5000,5,25,1,nearest,1,4,1,BASELINE,3,116264428,Taxi Travel Distance [km],50.04,239.04,142.54,712.7,5,189.0
2026-05-08T14:45:44.414351Z,TaxiAlgorithmP2PCollector,5,5000,5,25,1,nearest,1,4,1,BASELINE,3,116264428,Client Waiting Time [min],3.58,471.5,70.02,1190.32,17,467.92
2026-05-08T14:45:44.414351Z,TaxiAlgorithmP2PCollector,5,5000,5,25,1,nearest,1,4,1,BASELINE,3,116264428,Client Travel Time [min],580.0,30627.0,7521.2,188030.0,25,30047.0
2026-05-08T14:45:44.414351Z,TaxiAlgorithmP2PCollector,5,5000,5,25,1,nearest,1,4,1,BASELINE,3,116264428,Calculation Time [millis],0.0,46.0,0.03,1096.0,32415,46.0
2026-05-08T14:45:44.414351Z,TaxiAlgorithmP2PCollector,5,5000,5,25,1,nearest,1,4,1,BASELINE,3,116264428,Custom Time [micros],0.0,0.0,0.0,0.0,32415,0.0
2026-05-08T14:45:45.234684800Z,TaxiAlgorithmP2PCollector,5,5000,5,25,1,nearest,1,4,1,BASELINE,4,116264429,Taxi Travel Distance [km],90.68,458.28,224.73,1123.64,5,367.59999999999997
2026-05-08T14:45:45.234684800Z,TaxiAlgorithmP2PCollector,5,5000,5,25,1,nearest,1,4,1,BASELINE,4,116264429,Client Waiting Time [min],1.53,171.28,66.48,1396.13,21,169.75
2026-05-08T14:45:45.234684800Z,TaxiAlgorithmP2PCollector,5,5000,5,25,1,nearest,1,4,1,BASELINE,4,116264429,Client Travel Time [min],346.0,16802.0,5955.16,148879.0,25,16456.0
2026-05-08T14:45:45.234684800Z,TaxiAlgorithmP2PCollector,5,5000,5,25,1,nearest,1,4,1,BASELINE,4,116264429,Calculation Time [millis],0.0,0.0,0.03,696.0,21160,0.0
2026-05-08T14:45:45.234684800Z,TaxiAlgorithmP2PCollector,5,5000,5,25,1,nearest,1,4,1,BASELINE,4,116264429,Custom Time [micros],0.0,0.0,0.0,0.0,21160,0.0
2026-05-08T14:45:45.843302Z,TaxiAlgorithmP2PCollector,5,5000,5,25,1,nearest,1,4,1,BASELINE,5,116264430,Taxi Travel Distance [km],172.42,314.56,231.46,1157.3,5,142.14000000000001
2026-05-08T14:45:45.843302Z,TaxiAlgorithmP2PCollector,5,5000,5,25,1,nearest,1,4,1,BASELINE,5,116264430,Client Waiting Time [min],0.57,237.2,86.43,2160.77,25,236.63
2026-05-08T14:45:45.843302Z,TaxiAlgorithmP2PCollector,5,5000,5,25,1,nearest,1,4,1,BASELINE,5,116264430,Client Travel Time [min],459.0,14387.0,5875.16,146879.0,25,13928.0
2026-05-08T14:45:45.843302Z,TaxiAlgorithmP2PCollector,5,5000,5,25,1,nearest,1,4,1,BASELINE,5,116264430,Calculation Time [millis],0.0,19.0,0.03,492.0,15642,19.0
2026-05-08T14:45:45.843302Z,TaxiAlgorithmP2PCollector,5,5000,5,25,1,nearest,1,4,1,BASELINE,5,116264430,Custom Time [micros],0.0,0.0,0.0,0.0,15642,0.0
2026-05-08T14:45:47.061153Z,TaxiAlgorithmP2PCollector,5,5000,5,25,1,nearest,1,4,1,BASELINE,6,116264431,Taxi Travel Distance [km],5.13,440.4,195.95,979.77,5,435.27
2026-05-08T14:45:47.061153Z,TaxiAlgorithmP2PCollector,5,5000,5,25,1,nearest,1,4,1,BASELINE,6,116264431,Client Waiting Time [min],1.35,134.85,43.96,879.2,20,133.5
2026-05-08T14:45:47.061153Z,TaxiAlgorithmP2PCollector,5,5000,5,25,1,nearest,1,4,1,BASELINE,6,116264431,Client Travel Time [min],296.0,30345.0,5693.92,142348.0,25,30049.0
2026-05-08T14:45:47.061153Z,TaxiAlgorithmP2PCollector,5,5000,5,25,1,nearest,1,4,1,BASELINE,6,116264431,Calculation Time [millis],0.0,54.0,0.03,1096.0,31979,54.0
2026-05-08T14:45:47.061153Z,TaxiAlgorithmP2PCollector,5,5000,5,25,1,nearest,1,4,1,BASELINE,6,116264431,Custom Time [micros],0.0,0.0,0.0,0.0,31979,0.0
2026-05-08T14:45:48.397852800Z,TaxiAlgorithmP2PCollector,5,5000,5,25,1,nearest,1,4,1,BASELINE,7,116264432,Taxi Travel Distance [km],113.81,191.11,159.25,796.25,5,77.30000000000001
2026-05-08T14:45:48.397852800Z,TaxiAlgorithmP2PCollector,5,5000,5,25,1,nearest,1,4,1,BASELINE,7,116264432,Client Waiting Time [min],0.52,414.2,49.99,999.88,20,413.68
2026-05-08T14:45:48.397852800Z,TaxiAlgorithmP2PCollector,5,5000,5,25,1,nearest,1,4,1,BASELINE,7,116264432,Client Travel Time [min],160.0,28850.0,6697.64,167441.0,25,28690.0
2026-05-08T14:45:48.397852800Z,TaxiAlgorithmP2PCollector,5,5000,5,25,1,nearest,1,4,1,BASELINE,7,116264432,Calculation Time [millis],0.0,68.0,0.04,1203.0,33350,68.0
2026-05-08T14:45:48.397852800Z,TaxiAlgorithmP2PCollector,5,5000,5,25,1,nearest,1,4,1,BASELINE,7,116264432,Custom Time [micros],0.0,0.0,0.0,0.0,33350,0.0
2026-05-08T14:45:50.055337300Z,TaxiAlgorithmP2PCollector,5,5000,5,25,1,nearest,1,4,1,BASELINE,8,116264433,Taxi Travel Distance [km],119.91,245.14,165.4,826.98,5,125.22999999999999
2026-05-08T14:45:50.055337300Z,TaxiAlgorithmP2PCollector,5,5000,5,25,1,nearest,1,4,1,BASELINE,8,116264433,Client Waiting Time [min],1.25,187.48,58.71,1056.83,18,186.23
2026-05-08T14:45:50.055337300Z,TaxiAlgorithmP2PCollector,5,5000,5,25,1,nearest,1,4,1,BASELINE,8,116264433,Client Travel Time [min],494.0,37832.0,8619.4,215485.0,25,37338.0
2026-05-08T14:45:50.055337300Z,TaxiAlgorithmP2PCollector,5,5000,5,25,1,nearest,1,4,1,BASELINE,8,116264433,Calculation Time [millis],0.0,70.0,0.04,1509.0,42368,70.0
2026-05-08T14:45:50.055337300Z,TaxiAlgorithmP2PCollector,5,5000,5,25,1,nearest,1,4,1,BASELINE,8,116264433,Custom Time [micros],0.0,0.0,0.0,0.0,42368,0.0
2026-05-08T14:45:51.001282700Z,TaxiAlgorithmP2PCollector,5,5000,5,25,1,nearest,1,4,1,BASELINE,9,116264434,Taxi Travel Distance [km],95.36,398.21,237.52,1187.58,5,302.84999999999997
2026-05-08T14:45:51.001282700Z,TaxiAlgorithmP2PCollector,5,5000,5,25,1,nearest,1,4,1,BASELINE,9,116264434,Client Waiting Time [min],2.77,128.07,63.09,1261.77,20,125.3
2026-05-08T14:45:51.001282700Z,TaxiAlgorithmP2PCollector,5,5000,5,25,1,nearest,1,4,1,BASELINE,9,116264434,Client Travel Time [min],844.0,20591.0,5852.08,146302.0,25,19747.0
2026-05-08T14:45:51.001282700Z,TaxiAlgorithmP2PCollector,5,5000,5,25,1,nearest,1,4,1,BASELINE,9,116264434,Calculation Time [millis],0.0,0.0,0.04,825.0,23558,0.0
2026-05-08T14:45:51.001282700Z,TaxiAlgorithmP2PCollector,5,5000,5,25,1,nearest,1,4,1,BASELINE,9,116264434,Custom Time [micros],0.0,0.0,0.0,0.0,23558,0.0
2026-05-08T14:45:52.013880Z,TaxiAlgorithmP2PCollector,5,5000,5,25,1,nearest,1,4,1,BASELINE,10,116264435,Taxi Travel Distance [km],132.26,394.94,226.05,1130.27,5,262.68
2026-05-08T14:45:52.013880Z,TaxiAlgorithmP2PCollector,5,5000,5,25,1,nearest,1,4,1,BASELINE,10,116264435,Client Waiting Time [min],2.0,189.1,59.62,1252.05,21,187.1
2026-05-08T14:45:52.013880Z,TaxiAlgorithmP2PCollector,5,5000,5,25,1,nearest,1,4,1,BASELINE,10,116264435,Client Travel Time [min],751.0,14239.0,5096.12,127403.0,25,13488.0
2026-05-08T14:45:52.013880Z,TaxiAlgorithmP2PCollector,5,5000,5,25,1,nearest,1,4,1,BASELINE,10,116264435,Calculation Time [millis],0.0,19.0,0.04,817.0,18497,19.0
2026-05-08T14:45:52.013880Z,TaxiAlgorithmP2PCollector,5,5000,5,25,1,nearest,1,4,1,BASELINE,10,116264435,Custom Time [micros],0.0,0.0,0.0,0.0,18497,0.0
2026-05-08T14:45:53.776953800Z,TaxiAlgorithmP2PCollector,5,5000,10,25,1,nearest,1,4,1,BASELINE,1,116264426,Taxi Travel Distance [km],43.43,263.89,152.25,1522.49,10,220.45999999999998
2026-05-08T14:45:53.776953800Z,TaxiAlgorithmP2PCollector,5,5000,10,25,1,nearest,1,4,1,BASELINE,1,116264426,Client Waiting Time [min],0.7,159.93,36.97,924.22,25,159.23000000000002
2026-05-08T14:45:53.776953800Z,TaxiAlgorithmP2PCollector,5,5000,10,25,1,nearest,1,4,1,BASELINE,1,116264426,Client Travel Time [min],505.0,10315.0,2970.64,74266.0,25,9810.0
2026-05-08T14:45:53.776953800Z,TaxiAlgorithmP2PCollector,5,5000,10,25,1,nearest,1,4,1,BASELINE,1,116264426,Calculation Time [millis],0.0,57.0,0.11,1626.0,14406,57.0
2026-05-08T14:45:53.776953800Z,TaxiAlgorithmP2PCollector,5,5000,10,25,1,nearest,1,4,1,BASELINE,1,116264426,Custom Time [micros],0.0,0.0,0.0,0.0,14406,0.0
2026-05-08T14:45:54.784807800Z,TaxiAlgorithmP2PCollector,5,5000,10,25,1,nearest,1,4,1,BASELINE,2,116264427,Taxi Travel Distance [km],75.21,181.62,152.69,1526.91,10,106.41000000000001
2026-05-08T14:45:54.784807800Z,TaxiAlgorithmP2PCollector,5,5000,10,25,1,nearest,1,4,1,BASELINE,2,116264427,Client Waiting Time [min],1.48,124.8,33.06,826.6,25,123.32
2026-05-08T14:45:54.784807800Z,TaxiAlgorithmP2PCollector,5,5000,10,25,1,nearest,1,4,1,BASELINE,2,116264427,Client Travel Time [min],355.0,8712.0,2772.96,69324.0,25,8357.0
2026-05-08T14:45:54.784807800Z,TaxiAlgorithmP2PCollector,5,5000,10,25,1,nearest,1,4,1,BASELINE,2,116264427,Calculation Time [millis],0.0,0.0,0.08,854.0,10526,0.0
2026-05-08T14:45:54.784807800Z,TaxiAlgorithmP2PCollector,5,5000,10,25,1,nearest,1,4,1,BASELINE,2,116264427,Custom Time [micros],0.0,0.0,0.0,0.0,10526,0.0
2026-05-08T14:45:55.812379800Z,TaxiAlgorithmP2PCollector,5,5000,10,25,1,nearest,1,4,1,BASELINE,3,116264428,Taxi Travel Distance [km],48.4,189.42,131.87,1318.75,10,141.01999999999998
2026-05-08T14:45:55.812379800Z,TaxiAlgorithmP2PCollector,5,5000,10,25,1,nearest,1,4,1,BASELINE,3,116264428,Client Waiting Time [min],0.55,85.52,25.43,635.67,25,84.97
2026-05-08T14:45:55.812379800Z,TaxiAlgorithmP2PCollector,5,5000,10,25,1,nearest,1,4,1,BASELINE,3,116264428,Client Travel Time [min],292.0,5614.0,2177.04,54426.0,25,5322.0
2026-05-08T14:45:55.812379800Z,TaxiAlgorithmP2PCollector,5,5000,10,25,1,nearest,1,4,1,BASELINE,3,116264428,Calculation Time [millis],0.0,0.0,0.09,847.0,9091,0.0
2026-05-08T14:45:55.812379800Z,TaxiAlgorithmP2PCollector,5,5000,10,25,1,nearest,1,4,1,BASELINE,3,116264428,Custom Time [micros],0.0,0.0,0.0,0.0,9091,0.0
2026-05-08T14:45:57.120942200Z,TaxiAlgorithmP2PCollector,5,5000,10,25,1,nearest,1,4,1,BASELINE,4,116264429,Taxi Travel Distance [km],28.52,229.59,139.19,1391.91,10,201.07
2026-05-08T14:45:57.120942200Z,TaxiAlgorithmP2PCollector,5,5000,10,25,1,nearest,1,4,1,BASELINE,4,116264429,Client Waiting Time [min],1.37,108.52,29.55,709.08,24,107.14999999999999
2026-05-08T14:45:57.120942200Z,TaxiAlgorithmP2PCollector,5,5000,10,25,1,nearest,1,4,1,BASELINE,4,116264429,Client Travel Time [min],569.0,6799.0,2698.92,67473.0,25,6230.0
2026-05-08T14:45:57.120942200Z,TaxiAlgorithmP2PCollector,5,5000,10,25,1,nearest,1,4,1,BASELINE,4,116264429,Calculation Time [millis],0.0,27.0,0.11,1133.0,10773,27.0
2026-05-08T14:45:57.120942200Z,TaxiAlgorithmP2PCollector,5,5000,10,25,1,nearest,1,4,1,BASELINE,4,116264429,Custom Time [micros],0.0,0.0,0.0,0.0,10773,0.0
2026-05-08T14:45:58.336764300Z,TaxiAlgorithmP2PCollector,5,5000,10,25,1,nearest,1,4,1,BASELINE,5,116264430,Taxi Travel Distance [km],91.51,221.32,158.34,1583.44,10,129.81
2026-05-08T14:45:58.336764300Z,TaxiAlgorithmP2PCollector,5,5000,10,25,1,nearest,1,4,1,BASELINE,5,116264430,Client Waiting Time [min],0.45,92.9,26.56,637.55,24,92.45
2026-05-08T14:45:58.336764300Z,TaxiAlgorithmP2PCollector,5,5000,10,25,1,nearest,1,4,1,BASELINE,5,116264430,Client Travel Time [min],777.0,6456.0,2617.8,65445.0,25,5679.0
2026-05-08T14:45:58.336764300Z,TaxiAlgorithmP2PCollector,5,5000,10,25,1,nearest,1,4,1,BASELINE,5,116264430,Calculation Time [millis],0.0,36.0,0.1,1094.0,11289,36.0
2026-05-08T14:45:58.336764300Z,TaxiAlgorithmP2PCollector,5,5000,10,25,1,nearest,1,4,1,BASELINE,5,116264430,Custom Time [micros],0.0,0.0,0.0,0.0,11289,0.0
2026-05-08T14:46:00.730499600Z,TaxiAlgorithmP2PCollector,5,5000,10,25,1,nearest,1,4,1,BASELINE,6,116264431,Taxi Travel Distance [km],17.32,336.72,175.08,1750.82,10,319.40000000000003
2026-05-08T14:46:00.730499600Z,TaxiAlgorithmP2PCollector,5,5000,10,25,1,nearest,1,4,1,BASELINE,6,116264431,Client Waiting Time [min],0.78,299.15,43.33,1083.33,25,298.37
2026-05-08T14:46:00.730499600Z,TaxiAlgorithmP2PCollector,5,5000,10,25,1,nearest,1,4,1,BASELINE,6,116264431,Client Travel Time [min],262.0,18522.0,3564.16,89104.0,25,18260.0
2026-05-08T14:46:00.730499600Z,TaxiAlgorithmP2PCollector,5,5000,10,25,1,nearest,1,4,1,BASELINE,6,116264431,Calculation Time [millis],0.0,36.0,0.1,2279.0,22721,36.0
2026-05-08T14:46:00.730499600Z,TaxiAlgorithmP2PCollector,5,5000,10,25,1,nearest,1,4,1,BASELINE,6,116264431,Custom Time [micros],0.0,0.0,0.0,0.0,22721,0.0
2026-05-08T14:46:05.014404600Z,TaxiAlgorithmP2PCollector,5,5000,10,25,1,nearest,1,4,1,BASELINE,7,116264432,Taxi Travel Distance [km],99.37,241.96,146.03,1460.32,10,142.59
2026-05-08T14:46:05.014404600Z,TaxiAlgorithmP2PCollector,5,5000,10,25,1,nearest,1,4,1,BASELINE,7,116264432,Client Waiting Time [min],0.52,407.58,28.52,627.52,22,407.06
2026-05-08T14:46:05.014404600Z,TaxiAlgorithmP2PCollector,5,5000,10,25,1,nearest,1,4,1,BASELINE,7,116264432,Client Travel Time [min],160.0,33475.0,5369.76,134244.0,25,33315.0
2026-05-08T14:46:05.014404600Z,TaxiAlgorithmP2PCollector,5,5000,10,25,1,nearest,1,4,1,BASELINE,7,116264432,Calculation Time [millis],0.0,82.0,0.11,4033.0,37413,82.0
2026-05-08T14:46:05.014404600Z,TaxiAlgorithmP2PCollector,5,5000,10,25,1,nearest,1,4,1,BASELINE,7,116264432,Custom Time [micros],0.0,0.0,0.0,0.0,37413,0.0
2026-05-08T14:46:06.056513900Z,TaxiAlgorithmP2PCollector,5,5000,10,25,1,nearest,1,4,1,BASELINE,8,116264433,Taxi Travel Distance [km],30.66,193.3,123.32,1233.19,10,162.64000000000001
2026-05-08T14:46:06.056513900Z,TaxiAlgorithmP2PCollector,5,5000,10,25,1,nearest,1,4,1,BASELINE,8,116264433,Client Waiting Time [min],0.73,134.08,35.25,881.35,25,133.35000000000002
2026-05-08T14:46:06.056513900Z,TaxiAlgorithmP2PCollector,5,5000,10,25,1,nearest,1,4,1,BASELINE,8,116264433,Client Travel Time [min],279.0,9228.0,2950.48,73762.0,25,8949.0
2026-05-08T14:46:06.056513900Z,TaxiAlgorithmP2PCollector,5,5000,10,25,1,nearest,1,4,1,BASELINE,8,116264433,Calculation Time [millis],0.0,7.0,0.08,817.0,10372,7.0
2026-05-08T14:46:06.056513900Z,TaxiAlgorithmP2PCollector,5,5000,10,25,1,nearest,1,4,1,BASELINE,8,116264433,Custom Time [micros],0.0,0.0,0.0,0.0,10372,0.0
2026-05-08T14:46:07.365073800Z,TaxiAlgorithmP2PCollector,5,5000,10,25,1,nearest,1,4,1,BASELINE,9,116264434,Taxi Travel Distance [km],25.44,260.74,154.88,1548.84,10,235.3
2026-05-08T14:46:07.365073800Z,TaxiAlgorithmP2PCollector,5,5000,10,25,1,nearest,1,4,1,BASELINE,9,116264434,Client Waiting Time [min],0.95,146.93,32.84,788.05,24,145.98000000000002
2026-05-08T14:46:07.365073800Z,TaxiAlgorithmP2PCollector,5,5000,10,25,1,nearest,1,4,1,BASELINE,9,116264434,Client Travel Time [min],227.0,9362.0,2788.28,69707.0,25,9135.0
2026-05-08T14:46:07.365073800Z,TaxiAlgorithmP2PCollector,5,5000,10,25,1,nearest,1,4,1,BASELINE,9,116264434,Calculation Time [millis],0.0,25.0,0.1,1195.0,12329,25.0
2026-05-08T14:46:07.365073800Z,TaxiAlgorithmP2PCollector,5,5000,10,25,1,nearest,1,4,1,BASELINE,9,116264434,Custom Time [micros],0.0,0.0,0.0,0.0,12329,0.0
2026-05-08T14:46:11.431866900Z,TaxiAlgorithmP2PCollector,5,5000,10,25,1,nearest,1,4,1,BASELINE,10,116264435,Taxi Travel Distance [km],55.14,262.2,147.04,1470.38,10,207.06
2026-05-08T14:46:11.431866900Z,TaxiAlgorithmP2PCollector,5,5000,10,25,1,nearest,1,4,1,BASELINE,10,116264435,Client Waiting Time [min],0.75,106.13,24.4,561.08,23,105.38
2026-05-08T14:46:11.431866900Z,TaxiAlgorithmP2PCollector,5,5000,10,25,1,nearest,1,4,1,BASELINE,10,116264435,Client Travel Time [min],314.0,31126.0,3734.64,93366.0,25,30812.0
2026-05-08T14:46:11.431866900Z,TaxiAlgorithmP2PCollector,5,5000,10,25,1,nearest,1,4,1,BASELINE,10,116264435,Calculation Time [millis],0.0,107.0,0.11,3892.0,35274,107.0
2026-05-08T14:46:11.431866900Z,TaxiAlgorithmP2PCollector,5,5000,10,25,1,nearest,1,4,1,BASELINE,10,116264435,Custom Time [micros],0.0,0.0,0.0,0.0,35274,0.0
2026-05-08T14:46:12.670868100Z,TaxiAlgorithmP2PCollector,5,5000,10,50,1,nearest,1,4,1,BASELINE,1,116264426,Taxi Travel Distance [km],97.16,245.27,198.12,1981.22,10,148.11
2026-05-08T14:46:12.670868100Z,TaxiAlgorithmP2PCollector,5,5000,10,50,1,nearest,1,4,1,BASELINE,1,116264426,Client Waiting Time [min],0.85,118.15,31.53,1513.35,48,117.30000000000001
2026-05-08T14:46:12.670868100Z,TaxiAlgorithmP2PCollector,5,5000,10,50,1,nearest,1,4,1,BASELINE,1,116264426,Client Travel Time [min],396.0,7881.0,2685.86,134293.0,50,7485.0
2026-05-08T14:46:12.670868100Z,TaxiAlgorithmP2PCollector,5,5000,10,50,1,nearest,1,4,1,BASELINE,1,116264426,Calculation Time [millis],0.0,0.0,0.1,1102.0,11489,0.0
2026-05-08T14:46:12.670868100Z,TaxiAlgorithmP2PCollector,5,5000,10,50,1,nearest,1,4,1,BASELINE,1,116264426,Custom Time [micros],0.0,0.0,0.0,0.0,11489,0.0
2026-05-08T14:46:13.862082300Z,TaxiAlgorithmP2PCollector,5,5000,10,50,1,nearest,1,4,1,BASELINE,2,116264427,Taxi Travel Distance [km],147.1,210.7,190.49,1904.94,10,63.599999999999994
2026-05-08T14:46:13.862082300Z,TaxiAlgorithmP2PCollector,5,5000,10,50,1,nearest,1,4,1,BASELINE,2,116264427,Client Waiting Time [min],1.07,124.38,30.85,1449.75,47,123.31
2026-05-08T14:46:13.862082300Z,TaxiAlgorithmP2PCollector,5,5000,10,50,1,nearest,1,4,1,BASELINE,2,116264427,Client Travel Time [min],422.0,8901.0,2736.14,136807.0,50,8479.0
2026-05-08T14:46:13.862082300Z,TaxiAlgorithmP2PCollector,5,5000,10,50,1,nearest,1,4,1,BASELINE,2,116264427,Calculation Time [millis],0.0,5.0,0.1,998.0,9673,5.0
2026-05-08T14:46:13.862082300Z,TaxiAlgorithmP2PCollector,5,5000,10,50,1,nearest,1,4,1,BASELINE,2,116264427,Custom Time [micros],0.0,0.0,0.0,0.0,9673,0.0
2026-05-08T14:46:14.965080400Z,TaxiAlgorithmP2PCollector,5,5000,10,50,1,nearest,1,4,1,BASELINE,3,116264428,Taxi Travel Distance [km],128.04,202.88,176.26,1762.64,10,74.84
2026-05-08T14:46:14.965080400Z,TaxiAlgorithmP2PCollector,5,5000,10,50,1,nearest,1,4,1,BASELINE,3,116264428,Client Waiting Time [min],1.6,110.98,29.03,1451.38,50,109.38000000000001
2026-05-08T14:46:14.965080400Z,TaxiAlgorithmP2PCollector,5,5000,10,50,1,nearest,1,4,1,BASELINE,3,116264428,Client Travel Time [min],426.0,7931.0,2505.58,125279.0,50,7505.0
2026-05-08T14:46:14.965080400Z,TaxiAlgorithmP2PCollector,5,5000,10,50,1,nearest,1,4,1,BASELINE,3,116264428,Calculation Time [millis],0.0,17.0,0.1,928.0,9750,17.0
2026-05-08T14:46:14.965080400Z,TaxiAlgorithmP2PCollector,5,5000,10,50,1,nearest,1,4,1,BASELINE,3,116264428,Custom Time [micros],0.0,0.0,0.0,0.0,9750,0.0
2026-05-08T14:46:16.533094600Z,TaxiAlgorithmP2PCollector,5,5000,10,50,1,nearest,1,4,1,BASELINE,4,116264429,Taxi Travel Distance [km],27.12,276.66,200.36,2003.58,10,249.54000000000002
2026-05-08T14:46:16.533094600Z,TaxiAlgorithmP2PCollector,5,5000,10,50,1,nearest,1,4,1,BASELINE,4,116264429,Client Waiting Time [min],2.13,168.07,35.59,1637.03,46,165.94
2026-05-08T14:46:16.533094600Z,TaxiAlgorithmP2PCollector,5,5000,10,50,1,nearest,1,4,1,BASELINE,4,116264429,Client Travel Time [min],479.0,10777.0,3198.04,159902.0,50,10298.0
2026-05-08T14:46:16.533094600Z,TaxiAlgorithmP2PCollector,5,5000,10,50,1,nearest,1,4,1,BASELINE,4,116264429,Calculation Time [millis],0.0,31.0,0.1,1430.0,13639,31.0
2026-05-08T14:46:16.533094600Z,TaxiAlgorithmP2PCollector,5,5000,10,50,1,nearest,1,4,1,BASELINE,4,116264429,Custom Time [micros],0.0,0.0,0.0,0.0,13639,0.0
2026-05-08T14:46:19.990867900Z,TaxiAlgorithmP2PCollector,5,5000,10,50,1,nearest,1,4,1,BASELINE,5,116264430,Taxi Travel Distance [km],148.0,492.1,281.64,2816.39,10,344.1
2026-05-08T14:46:19.990867900Z,TaxiAlgorithmP2PCollector,5,5000,10,50,1,nearest,1,4,1,BASELINE,5,116264430,Client Waiting Time [min],0.95,344.45,46.67,2193.28,47,343.5
2026-05-08T14:46:19.990867900Z,TaxiAlgorithmP2PCollector,5,5000,10,50,1,nearest,1,4,1,BASELINE,5,116264430,Client Travel Time [min],383.0,26349.0,4460.58,223029.0,50,25966.0
2026-05-08T14:46:19.990867900Z,TaxiAlgorithmP2PCollector,5,5000,10,50,1,nearest,1,4,1,BASELINE,5,116264430,Calculation Time [millis],0.0,71.0,0.11,3257.0,28887,71.0
2026-05-08T14:46:19.990867900Z,TaxiAlgorithmP2PCollector,5,5000,10,50,1,nearest,1,4,1,BASELINE,5,116264430,Custom Time [micros],0.0,0.0,0.0,0.0,28887,0.0
2026-05-08T14:46:22.113145900Z,TaxiAlgorithmP2PCollector,5,5000,10,50,1,nearest,1,4,1,BASELINE,6,116264431,Taxi Travel Distance [km],208.1,390.48,313.66,3136.57,10,182.38000000000002
2026-05-08T14:46:22.113145900Z,TaxiAlgorithmP2PCollector,5,5000,10,50,1,nearest,1,4,1,BASELINE,6,116264431,Client Waiting Time [min],0.82,118.13,35.88,1722.35,48,117.31
2026-05-08T14:46:22.113145900Z,TaxiAlgorithmP2PCollector,5,5000,10,50,1,nearest,1,4,1,BASELINE,6,116264431,Client Travel Time [min],306.0,13692.0,3349.28,167464.0,50,13386.0
2026-05-08T14:46:22.113145900Z,TaxiAlgorithmP2PCollector,5,5000,10,50,1,nearest,1,4,1,BASELINE,6,116264431,Calculation Time [millis],0.0,19.0,0.1,1890.0,18032,19.0
2026-05-08T14:46:22.113145900Z,TaxiAlgorithmP2PCollector,5,5000,10,50,1,nearest,1,4,1,BASELINE,6,116264431,Custom Time [micros],0.0,0.0,0.0,0.0,18032,0.0
2026-05-08T14:46:24.833490Z,TaxiAlgorithmP2PCollector,5,5000,10,50,1,nearest,1,4,1,BASELINE,7,116264432,Taxi Travel Distance [km],95.95,391.57,211.37,2113.67,10,295.62
2026-05-08T14:46:24.833490Z,TaxiAlgorithmP2PCollector,5,5000,10,50,1,nearest,1,4,1,BASELINE,7,116264432,Client Waiting Time [min],0.15,237.6,43.7,1966.35,45,237.45
2026-05-08T14:46:24.833490Z,TaxiAlgorithmP2PCollector,5,5000,10,50,1,nearest,1,4,1,BASELINE,7,116264432,Client Travel Time [min],160.0,20195.0,4529.58,226479.0,50,20035.0
2026-05-08T14:46:24.833490Z,TaxiAlgorithmP2PCollector,5,5000,10,50,1,nearest,1,4,1,BASELINE,7,116264432,Calculation Time [millis],0.0,46.0,0.11,2464.0,23119,46.0
2026-05-08T14:46:24.833490Z,TaxiAlgorithmP2PCollector,5,5000,10,50,1,nearest,1,4,1,BASELINE,7,116264432,Custom Time [micros],0.0,0.0,0.0,0.0,23119,0.0
2026-05-08T14:46:26.813012100Z,TaxiAlgorithmP2PCollector,5,5000,10,50,1,nearest,1,4,1,BASELINE,8,116264433,Taxi Travel Distance [km],50.33,381.41,199.56,1995.6,10,331.08000000000004
2026-05-08T14:46:26.813012100Z,TaxiAlgorithmP2PCollector,5,5000,10,50,1,nearest,1,4,1,BASELINE,8,116264433,Client Waiting Time [min],0.3,277.52,50.53,2375.08,47,277.21999999999997
2026-05-08T14:46:26.813012100Z,TaxiAlgorithmP2PCollector,5,5000,10,50,1,nearest,1,4,1,BASELINE,8,116264433,Client Travel Time [min],394.0,17358.0,4134.66,206733.0,50,16964.0
2026-05-08T14:46:26.813012100Z,TaxiAlgorithmP2PCollector,5,5000,10,50,1,nearest,1,4,1,BASELINE,8,116264433,Calculation Time [millis],0.0,15.0,0.1,1775.0,18441,15.0
2026-05-08T14:46:26.813012100Z,TaxiAlgorithmP2PCollector,5,5000,10,50,1,nearest,1,4,1,BASELINE,8,116264433,Custom Time [micros],0.0,0.0,0.0,0.0,18441,0.0
2026-05-08T14:46:28.537030600Z,TaxiAlgorithmP2PCollector,5,5000,10,50,1,nearest,1,4,1,BASELINE,9,116264434,Taxi Travel Distance [km],119.17,295.81,202.66,2026.61,10,176.64
2026-05-08T14:46:28.537030600Z,TaxiAlgorithmP2PCollector,5,5000,10,50,1,nearest,1,4,1,BASELINE,9,116264434,Client Waiting Time [min],1.12,163.0,46.79,2199.33,47,161.88
2026-05-08T14:46:28.537030600Z,TaxiAlgorithmP2PCollector,5,5000,10,50,1,nearest,1,4,1,BASELINE,9,116264434,Client Travel Time [min],285.0,13133.0,3923.08,196154.0,50,12848.0
2026-05-08T14:46:28.537030600Z,TaxiAlgorithmP2PCollector,5,5000,10,50,1,nearest,1,4,1,BASELINE,9,116264434,Calculation Time [millis],0.0,44.0,0.1,1511.0,14532,44.0
2026-05-08T14:46:28.537030600Z,TaxiAlgorithmP2PCollector,5,5000,10,50,1,nearest,1,4,1,BASELINE,9,116264434,Custom Time [micros],0.0,0.0,0.0,0.0,14532,0.0
2026-05-08T14:46:29.791551100Z,TaxiAlgorithmP2PCollector,5,5000,10,50,1,nearest,1,4,1,BASELINE,10,116264435,Taxi Travel Distance [km],107.62,249.67,202.22,2022.24,10,142.04999999999998
2026-05-08T14:46:29.791551100Z,TaxiAlgorithmP2PCollector,5,5000,10,50,1,nearest,1,4,1,BASELINE,10,116264435,Client Waiting Time [min],0.95,124.33,35.5,1774.82,50,123.38
2026-05-08T14:46:29.791551100Z,TaxiAlgorithmP2PCollector,5,5000,10,50,1,nearest,1,4,1,BASELINE,10,116264435,Client Travel Time [min],377.0,8268.0,2981.6,149080.0,50,7891.0
2026-05-08T14:46:29.791551100Z,TaxiAlgorithmP2PCollector,5,5000,10,50,1,nearest,1,4,1,BASELINE,10,116264435,Calculation Time [millis],0.0,0.0,0.09,1136.0,12525,0.0
2026-05-08T14:46:29.791551100Z,TaxiAlgorithmP2PCollector,5,5000,10,50,1,nearest,1,4,1,BASELINE,10,116264435,Custom Time [micros],0.0,0.0,0.0,0.0,12525,0.0
2026-05-08T14:46:32.382136900Z,TaxiAlgorithmP2PCollector,5,5000,20,50,1,nearest,1,4,1,BASELINE,1,116264426,Taxi Travel Distance [km],39.49,157.56,120.52,2410.41,20,118.07
2026-05-08T14:46:32.382136900Z,TaxiAlgorithmP2PCollector,5,5000,20,50,1,nearest,1,4,1,BASELINE,1,116264426,Client Waiting Time [min],0.9,82.35,14.12,705.95,50,81.44999999999999
2026-05-08T14:46:32.382136900Z,TaxiAlgorithmP2PCollector,5,5000,20,50,1,nearest,1,4,1,BASELINE,1,116264426,Client Travel Time [min],434.0,5886.0,1674.18,83709.0,50,5452.0
2026-05-08T14:46:32.382136900Z,TaxiAlgorithmP2PCollector,5,5000,20,50,1,nearest,1,4,1,BASELINE,1,116264426,Calculation Time [millis],0.0,52.0,0.33,2405.0,7358,52.0
2026-05-08T14:46:32.382136900Z,TaxiAlgorithmP2PCollector,5,5000,20,50,1,nearest,1,4,1,BASELINE,1,116264426,Custom Time [micros],0.0,0.0,0.0,0.0,7358,0.0
2026-05-08T14:46:34.852792500Z,TaxiAlgorithmP2PCollector,5,5000,20,50,1,nearest,1,4,1,BASELINE,2,116264427,Taxi Travel Distance [km],29.98,175.12,130.86,2617.21,20,145.14000000000001
2026-05-08T14:46:34.852792500Z,TaxiAlgorithmP2PCollector,5,5000,20,50,1,nearest,1,4,1,BASELINE,2,116264427,Client Waiting Time [min],1.07,93.58,17.54,859.65,49,92.51
2026-05-08T14:46:34.852792500Z,TaxiAlgorithmP2PCollector,5,5000,20,50,1,nearest,1,4,1,BASELINE,2,116264427,Client Travel Time [min],326.0,7137.0,1892.56,94628.0,50,6811.0
2026-05-08T14:46:34.852792500Z,TaxiAlgorithmP2PCollector,5,5000,20,50,1,nearest,1,4,1,BASELINE,2,116264427,Calculation Time [millis],0.0,65.0,0.27,2291.0,8344,65.0
2026-05-08T14:46:34.852792500Z,TaxiAlgorithmP2PCollector,5,5000,20,50,1,nearest,1,4,1,BASELINE,2,116264427,Custom Time [micros],0.0,0.0,0.0,0.0,8344,0.0
2026-05-08T14:46:38.292462700Z,TaxiAlgorithmP2PCollector,5,5000,20,50,1,nearest,1,4,1,BASELINE,3,116264428,Taxi Travel Distance [km],23.28,195.14,141.55,2830.96,20,171.85999999999999
2026-05-08T14:46:38.292462700Z,TaxiAlgorithmP2PCollector,5,5000,20,50,1,nearest,1,4,1,BASELINE,3,116264428,Client Waiting Time [min],2.23,96.93,16.96,848.1,50,94.7
2026-05-08T14:46:38.292462700Z,TaxiAlgorithmP2PCollector,5,5000,20,50,1,nearest,1,4,1,BASELINE,3,116264428,Client Travel Time [min],459.0,5974.0,1869.62,93481.0,50,5515.0
2026-05-08T14:46:38.292462700Z,TaxiAlgorithmP2PCollector,5,5000,20,50,1,nearest,1,4,1,BASELINE,3,116264428,Calculation Time [millis],0.0,80.0,0.36,3316.0,9249,80.0
2026-05-08T14:46:38.292462700Z,TaxiAlgorithmP2PCollector,5,5000,20,50,1,nearest,1,4,1,BASELINE,3,116264428,Custom Time [micros],0.0,0.0,0.0,0.0,9249,0.0
2026-05-08T14:46:41.087303200Z,TaxiAlgorithmP2PCollector,5,5000,20,50,1,nearest,1,4,1,BASELINE,4,116264429,Taxi Travel Distance [km],8.89,159.14,118.47,2369.3,20,150.25
2026-05-08T14:46:41.087303200Z,TaxiAlgorithmP2PCollector,5,5000,20,50,1,nearest,1,4,1,BASELINE,4,116264429,Client Waiting Time [min],0.5,63.77,13.14,657.17,50,63.27
2026-05-08T14:46:41.087303200Z,TaxiAlgorithmP2PCollector,5,5000,20,50,1,nearest,1,4,1,BASELINE,4,116264429,Client Travel Time [min],187.0,4227.0,1613.84,80692.0,50,4040.0
2026-05-08T14:46:41.087303200Z,TaxiAlgorithmP2PCollector,5,5000,20,50,1,nearest,1,4,1,BASELINE,4,116264429,Calculation Time [millis],0.0,85.0,0.34,2607.0,7655,85.0
2026-05-08T14:46:41.087303200Z,TaxiAlgorithmP2PCollector,5,5000,20,50,1,nearest,1,4,1,BASELINE,4,116264429,Custom Time [micros],0.0,0.0,0.0,0.0,7655,0.0
2026-05-08T14:46:44.317571100Z,TaxiAlgorithmP2PCollector,5,5000,20,50,1,nearest,1,4,1,BASELINE,5,116264430,Taxi Travel Distance [km],82.06,182.57,137.25,2744.99,20,100.50999999999999
2026-05-08T14:46:44.317571100Z,TaxiAlgorithmP2PCollector,5,5000,20,50,1,nearest,1,4,1,BASELINE,5,116264430,Client Waiting Time [min],1.68,67.93,17.85,892.38,50,66.25
2026-05-08T14:46:44.317571100Z,TaxiAlgorithmP2PCollector,5,5000,20,50,1,nearest,1,4,1,BASELINE,5,116264430,Client Travel Time [min],454.0,5536.0,2030.06,101503.0,50,5082.0
2026-05-08T14:46:44.317571100Z,TaxiAlgorithmP2PCollector,5,5000,20,50,1,nearest,1,4,1,BASELINE,5,116264430,Calculation Time [millis],0.0,78.0,0.36,3101.0,8623,78.0
2026-05-08T14:46:44.317571100Z,TaxiAlgorithmP2PCollector,5,5000,20,50,1,nearest,1,4,1,BASELINE,5,116264430,Custom Time [micros],0.0,0.0,0.0,0.0,8623,0.0
2026-05-08T14:46:48.066171900Z,TaxiAlgorithmP2PCollector,5,5000,20,50,1,nearest,1,4,1,BASELINE,6,116264431,Taxi Travel Distance [km],54.43,230.01,168.72,3374.34,20,175.57999999999998
2026-05-08T14:46:48.066171900Z,TaxiAlgorithmP2PCollector,5,5000,20,50,1,nearest,1,4,1,BASELINE,6,116264431,Client Waiting Time [min],0.75,92.72,19.7,985.02,50,91.97
2026-05-08T14:46:48.066171900Z,TaxiAlgorithmP2PCollector,5,5000,20,50,1,nearest,1,4,1,BASELINE,6,116264431,Client Travel Time [min],274.0,6696.0,2160.8,108040.0,50,6422.0
2026-05-08T14:46:48.066171900Z,TaxiAlgorithmP2PCollector,5,5000,20,50,1,nearest,1,4,1,BASELINE,6,116264431,Calculation Time [millis],0.0,80.0,0.33,3593.0,10895,80.0
2026-05-08T14:46:48.066171900Z,TaxiAlgorithmP2PCollector,5,5000,20,50,1,nearest,1,4,1,BASELINE,6,116264431,Custom Time [micros],0.0,0.0,0.0,0.0,10895,0.0
2026-05-08T14:46:51.005276400Z,TaxiAlgorithmP2PCollector,5,5000,20,50,1,nearest,1,4,1,BASELINE,7,116264432,Taxi Travel Distance [km],22.07,172.61,130.96,2619.27,20,150.54000000000002
2026-05-08T14:46:51.005276400Z,TaxiAlgorithmP2PCollector,5,5000,20,50,1,nearest,1,4,1,BASELINE,7,116264432,Client Waiting Time [min],0.43,77.05,9.91,495.3,50,76.61999999999999
2026-05-08T14:46:51.005276400Z,TaxiAlgorithmP2PCollector,5,5000,20,50,1,nearest,1,4,1,BASELINE,7,116264432,Client Travel Time [min],160.0,5310.0,1420.78,71039.0,50,5150.0
2026-05-08T14:46:51.005276400Z,TaxiAlgorithmP2PCollector,5,5000,20,50,1,nearest,1,4,1,BASELINE,7,116264432,Calculation Time [millis],0.0,65.0,0.32,2718.0,8548,65.0
2026-05-08T14:46:51.005276400Z,TaxiAlgorithmP2PCollector,5,5000,20,50,1,nearest,1,4,1,BASELINE,7,116264432,Custom Time [micros],0.0,0.0,0.0,0.0,8548,0.0
2026-05-08T14:46:54.560628500Z,TaxiAlgorithmP2PCollector,5,5000,20,50,1,nearest,1,4,1,BASELINE,8,116264433,Taxi Travel Distance [km],7.58,212.73,128.2,2564.06,20,205.14999999999998
2026-05-08T14:46:54.560628500Z,TaxiAlgorithmP2PCollector,5,5000,20,50,1,nearest,1,4,1,BASELINE,8,116264433,Client Waiting Time [min],0.12,96.48,18.68,934.17,50,96.36
2026-05-08T14:46:54.560628500Z,TaxiAlgorithmP2PCollector,5,5000,20,50,1,nearest,1,4,1,BASELINE,8,116264433,Client Travel Time [min],455.0,6093.0,1993.86,99693.0,50,5638.0
2026-05-08T14:46:54.560628500Z,TaxiAlgorithmP2PCollector,5,5000,20,50,1,nearest,1,4,1,BASELINE,8,116264433,Calculation Time [millis],0.0,69.0,0.32,3380.0,10416,69.0
2026-05-08T14:46:54.560628500Z,TaxiAlgorithmP2PCollector,5,5000,20,50,1,nearest,1,4,1,BASELINE,8,116264433,Custom Time [micros],0.0,0.0,0.0,0.0,10416,0.0
2026-05-08T14:46:57.256246900Z,TaxiAlgorithmP2PCollector,5,5000,20,50,1,nearest,1,4,1,BASELINE,9,116264434,Taxi Travel Distance [km],17.38,170.3,127.95,2558.93,20,152.92000000000002
2026-05-08T14:46:57.256246900Z,TaxiAlgorithmP2PCollector,5,5000,20,50,1,nearest,1,4,1,BASELINE,9,116264434,Client Waiting Time [min],1.6,52.47,11.55,577.58,50,50.87
2026-05-08T14:46:57.256246900Z,TaxiAlgorithmP2PCollector,5,5000,20,50,1,nearest,1,4,1,BASELINE,9,116264434,Client Travel Time [min],183.0,4234.0,1547.88,77394.0,50,4051.0
2026-05-08T14:46:57.256246900Z,TaxiAlgorithmP2PCollector,5,5000,20,50,1,nearest,1,4,1,BASELINE,9,116264434,Calculation Time [millis],0.0,56.0,0.3,2449.0,8040,56.0
2026-05-08T14:46:57.256246900Z,TaxiAlgorithmP2PCollector,5,5000,20,50,1,nearest,1,4,1,BASELINE,9,116264434,Custom Time [micros],0.0,0.0,0.0,0.0,8040,0.0
2026-05-08T14:47:00.227631400Z,TaxiAlgorithmP2PCollector,5,5000,20,50,1,nearest,1,4,1,BASELINE,10,116264435,Taxi Travel Distance [km],6.55,195.19,135.09,2701.71,20,188.64
2026-05-08T14:47:00.227631400Z,TaxiAlgorithmP2PCollector,5,5000,20,50,1,nearest,1,4,1,BASELINE,10,116264435,Client Waiting Time [min],0.58,57.93,11.5,575.05,50,57.35
2026-05-08T14:47:00.227631400Z,TaxiAlgorithmP2PCollector,5,5000,20,50,1,nearest,1,4,1,BASELINE,10,116264435,Client Travel Time [min],359.0,4770.0,1636.92,81846.0,50,4411.0
2026-05-08T14:47:00.227631400Z,TaxiAlgorithmP2PCollector,5,5000,20,50,1,nearest,1,4,1,BASELINE,10,116264435,Calculation Time [millis],0.0,67.0,0.3,2808.0,9394,67.0
2026-05-08T14:47:00.227631400Z,TaxiAlgorithmP2PCollector,5,5000,20,50,1,nearest,1,4,1,BASELINE,10,116264435,Custom Time [micros],0.0,0.0,0.0,0.0,9394,0.0
2026-05-08T14:47:04.839782500Z,TaxiAlgorithmP2PCollector,5,5000,20,100,1,nearest,1,4,1,BASELINE,1,116264426,Taxi Travel Distance [km],128.2,254.15,206.14,4122.76,20,125.95000000000002
2026-05-08T14:47:04.839782500Z,TaxiAlgorithmP2PCollector,5,5000,20,100,1,nearest,1,4,1,BASELINE,1,116264426,Client Waiting Time [min],0.65,137.97,23.39,2315.55,99,137.32
2026-05-08T14:47:04.839782500Z,TaxiAlgorithmP2PCollector,5,5000,20,100,1,nearest,1,4,1,BASELINE,1,116264426,Client Travel Time [min],296.0,8487.0,2199.29,219929.0,100,8191.0
2026-05-08T14:47:04.839782500Z,TaxiAlgorithmP2PCollector,5,5000,20,100,1,nearest,1,4,1,BASELINE,1,116264426,Calculation Time [millis],0.0,101.0,0.36,4368.0,12242,101.0
2026-05-08T14:47:04.839782500Z,TaxiAlgorithmP2PCollector,5,5000,20,100,1,nearest,1,4,1,BASELINE,1,116264426,Custom Time [micros],0.0,0.0,0.0,0.0,12242,0.0
2026-05-08T14:47:10.278930700Z,TaxiAlgorithmP2PCollector,5,5000,20,100,1,nearest,1,4,1,BASELINE,2,116264427,Taxi Travel Distance [km],123.82,286.93,238.68,4773.67,20,163.11
2026-05-08T14:47:10.278930700Z,TaxiAlgorithmP2PCollector,5,5000,20,100,1,nearest,1,4,1,BASELINE,2,116264427,Client Waiting Time [min],1.1,195.97,36.67,3630.82,99,194.87
2026-05-08T14:47:10.278930700Z,TaxiAlgorithmP2PCollector,5,5000,20,100,1,nearest,1,4,1,BASELINE,2,116264427,Client Travel Time [min],364.0,12355.0,3027.46,302746.0,100,11991.0
2026-05-08T14:47:10.278930700Z,TaxiAlgorithmP2PCollector,5,5000,20,100,1,nearest,1,4,1,BASELINE,2,116264427,Calculation Time [millis],0.0,103.0,0.38,5208.0,13547,103.0
2026-05-08T14:47:10.278930700Z,TaxiAlgorithmP2PCollector,5,5000,20,100,1,nearest,1,4,1,BASELINE,2,116264427,Custom Time [micros],0.0,0.0,0.0,0.0,13547,0.0
2026-05-08T14:47:15.792788Z,TaxiAlgorithmP2PCollector,5,5000,20,100,1,nearest,1,4,1,BASELINE,3,116264428,Taxi Travel Distance [km],116.98,289.91,187.48,3749.62,20,172.93
2026-05-08T14:47:15.792788Z,TaxiAlgorithmP2PCollector,5,5000,20,100,1,nearest,1,4,1,BASELINE,3,116264428,Client Waiting Time [min],1.07,203.18,24.65,2439.98,99,202.11
2026-05-08T14:47:15.792788Z,TaxiAlgorithmP2PCollector,5,5000,20,100,1,nearest,1,4,1,BASELINE,3,116264428,Client Travel Time [min],427.0,12197.0,2285.35,228535.0,100,11770.0
2026-05-08T14:47:15.792788Z,TaxiAlgorithmP2PCollector,5,5000,20,100,1,nearest,1,4,1,BASELINE,3,116264428,Calculation Time [millis],0.0,129.0,0.38,5230.0,13585,129.0
2026-05-08T14:47:15.792788Z,TaxiAlgorithmP2PCollector,5,5000,20,100,1,nearest,1,4,1,BASELINE,3,116264428,Custom Time [micros],0.0,0.0,0.0,0.0,13585,0.0
2026-05-08T14:47:19.737045700Z,TaxiAlgorithmP2PCollector,5,5000,20,100,1,nearest,1,4,1,BASELINE,4,116264429,Taxi Travel Distance [km],67.16,241.16,175.82,3516.41,20,174.0
2026-05-08T14:47:19.737045700Z,TaxiAlgorithmP2PCollector,5,5000,20,100,1,nearest,1,4,1,BASELINE,4,116264429,Client Waiting Time [min],0.65,138.67,32.53,3220.18,99,138.01999999999998
2026-05-08T14:47:19.737045700Z,TaxiAlgorithmP2PCollector,5,5000,20,100,1,nearest,1,4,1,BASELINE,4,116264429,Client Travel Time [min],298.0,8658.0,2777.59,277759.0,100,8360.0
2026-05-08T14:47:19.737045700Z,TaxiAlgorithmP2PCollector,5,5000,20,100,1,nearest,1,4,1,BASELINE,4,116264429,Calculation Time [millis],0.0,68.0,0.33,3753.0,11371,68.0
2026-05-08T14:47:19.737045700Z,TaxiAlgorithmP2PCollector,5,5000,20,100,1,nearest,1,4,1,BASELINE,4,116264429,Custom Time [micros],0.0,0.0,0.0,0.0,11371,0.0
2026-05-08T14:47:25.601890800Z,TaxiAlgorithmP2PCollector,5,5000,20,100,1,nearest,1,4,1,BASELINE,5,116264430,Taxi Travel Distance [km],118.12,321.77,216.08,4321.61,20,203.64999999999998
2026-05-08T14:47:25.601890800Z,TaxiAlgorithmP2PCollector,5,5000,20,100,1,nearest,1,4,1,BASELINE,5,116264430,Client Waiting Time [min],0.98,236.73,33.59,3224.87,96,235.75
2026-05-08T14:47:25.601890800Z,TaxiAlgorithmP2PCollector,5,5000,20,100,1,nearest,1,4,1,BASELINE,5,116264430,Client Travel Time [min],480.0,14452.0,2987.25,298725.0,100,13972.0
2026-05-08T14:47:25.601890800Z,TaxiAlgorithmP2PCollector,5,5000,20,100,1,nearest,1,4,1,BASELINE,5,116264430,Calculation Time [millis],0.0,118.0,0.37,5597.0,14950,118.0
2026-05-08T14:47:25.601890800Z,TaxiAlgorithmP2PCollector,5,5000,20,100,1,nearest,1,4,1,BASELINE,5,116264430,Custom Time [micros],0.0,0.0,0.0,0.0,14950,0.0
2026-05-08T14:47:30.574147300Z,TaxiAlgorithmP2PCollector,5,5000,20,100,1,nearest,1,4,1,BASELINE,6,116264431,Taxi Travel Distance [km],132.32,274.44,205.11,4102.28,20,142.12
2026-05-08T14:47:30.574147300Z,TaxiAlgorithmP2PCollector,5,5000,20,100,1,nearest,1,4,1,BASELINE,6,116264431,Client Waiting Time [min],0.68,175.95,24.93,2492.9,100,175.26999999999998
2026-05-08T14:47:30.574147300Z,TaxiAlgorithmP2PCollector,5,5000,20,100,1,nearest,1,4,1,BASELINE,6,116264431,Client Travel Time [min],300.0,11260.0,2405.34,240534.0,100,10960.0
2026-05-08T14:47:30.574147300Z,TaxiAlgorithmP2PCollector,5,5000,20,100,1,nearest,1,4,1,BASELINE,6,116264431,Calculation Time [millis],0.0,102.0,0.37,4678.0,12747,102.0
2026-05-08T14:47:30.574147300Z,TaxiAlgorithmP2PCollector,5,5000,20,100,1,nearest,1,4,1,BASELINE,6,116264431,Custom Time [micros],0.0,0.0,0.0,0.0,12747,0.0
2026-05-08T14:47:39.809583500Z,TaxiAlgorithmP2PCollector,5,5000,20,100,1,nearest,1,4,1,BASELINE,7,116264432,Taxi Travel Distance [km],72.5,424.59,206.0,4120.1,20,352.09
2026-05-08T14:47:39.809583500Z,TaxiAlgorithmP2PCollector,5,5000,20,100,1,nearest,1,4,1,BASELINE,7,116264432,Client Waiting Time [min],0.52,109.5,23.61,2313.35,98,108.98
2026-05-08T14:47:39.809583500Z,TaxiAlgorithmP2PCollector,5,5000,20,100,1,nearest,1,4,1,BASELINE,7,116264432,Client Travel Time [min],160.0,18075.0,2421.08,242108.0,100,17915.0
2026-05-08T14:47:39.809583500Z,TaxiAlgorithmP2PCollector,5,5000,20,100,1,nearest,1,4,1,BASELINE,7,116264432,Calculation Time [millis],0.0,160.0,0.41,8876.0,21708,160.0
2026-05-08T14:47:39.809583500Z,TaxiAlgorithmP2PCollector,5,5000,20,100,1,nearest,1,4,1,BASELINE,7,116264432,Custom Time [micros],0.0,0.0,0.0,0.0,21708,0.0
2026-05-08T14:47:44.747224800Z,TaxiAlgorithmP2PCollector,5,5000,20,100,1,nearest,1,4,1,BASELINE,8,116264433,Taxi Travel Distance [km],113.84,252.99,201.45,4028.91,20,139.15
2026-05-08T14:47:44.747224800Z,TaxiAlgorithmP2PCollector,5,5000,20,100,1,nearest,1,4,1,BASELINE,8,116264433,Client Waiting Time [min],0.92,187.68,37.88,3712.57,98,186.76000000000002
2026-05-08T14:47:44.747224800Z,TaxiAlgorithmP2PCollector,5,5000,20,100,1,nearest,1,4,1,BASELINE,8,116264433,Client Travel Time [min],508.0,11517.0,3181.34,318134.0,100,11009.0
2026-05-08T14:47:44.747224800Z,TaxiAlgorithmP2PCollector,5,5000,20,100,1,nearest,1,4,1,BASELINE,8,116264433,Calculation Time [millis],0.0,120.0,0.38,4628.0,12338,120.0
2026-05-08T14:47:44.747224800Z,TaxiAlgorithmP2PCollector,5,5000,20,100,1,nearest,1,4,1,BASELINE,8,116264433,Custom Time [micros],0.0,0.0,0.0,0.0,12338,0.0
2026-05-08T14:47:51.207647400Z,TaxiAlgorithmP2PCollector,5,5000,20,100,1,nearest,1,4,1,BASELINE,9,116264434,Taxi Travel Distance [km],107.84,358.28,256.34,5126.79,20,250.43999999999997
2026-05-08T14:47:51.207647400Z,TaxiAlgorithmP2PCollector,5,5000,20,100,1,nearest,1,4,1,BASELINE,9,116264434,Client Waiting Time [min],0.05,178.83,33.86,3351.97,99,178.78
2026-05-08T14:47:51.207647400Z,TaxiAlgorithmP2PCollector,5,5000,20,100,1,nearest,1,4,1,BASELINE,9,116264434,Client Travel Time [min],261.0,11693.0,2882.56,288256.0,100,11432.0
2026-05-08T14:47:51.207647400Z,TaxiAlgorithmP2PCollector,5,5000,20,100,1,nearest,1,4,1,BASELINE,9,116264434,Calculation Time [millis],0.0,175.0,0.38,6268.0,16391,175.0
2026-05-08T14:47:51.207647400Z,TaxiAlgorithmP2PCollector,5,5000,20,100,1,nearest,1,4,1,BASELINE,9,116264434,Custom Time [micros],0.0,0.0,0.0,0.0,16391,0.0
2026-05-08T14:47:57.264725500Z,TaxiAlgorithmP2PCollector,5,5000,20,100,1,nearest,1,4,1,BASELINE,10,116264435,Taxi Travel Distance [km],53.69,299.87,209.44,4188.83,20,246.18
2026-05-08T14:47:57.264725500Z,TaxiAlgorithmP2PCollector,5,5000,20,100,1,nearest,1,4,1,BASELINE,10,116264435,Client Waiting Time [min],0.53,168.83,24.86,2485.62,100,168.3
2026-05-08T14:47:57.264725500Z,TaxiAlgorithmP2PCollector,5,5000,20,100,1,nearest,1,4,1,BASELINE,10,116264435,Client Travel Time [min],459.0,10253.0,2344.74,234474.0,100,9794.0
2026-05-08T14:47:57.264725500Z,TaxiAlgorithmP2PCollector,5,5000,20,100,1,nearest,1,4,1,BASELINE,10,116264435,Calculation Time [millis],0.0,101.0,0.41,5860.0,14128,101.0
2026-05-08T14:47:57.264725500Z,TaxiAlgorithmP2PCollector,5,5000,20,100,1,nearest,1,4,1,BASELINE,10,116264435,Custom Time [micros],0.0,0.0,0.0,0.0,14128,0.0
2026-05-08T14:47:57.759680600Z,TaxiAlgorithmP2PCollector,5,10000,5,25,1,nearest,1,4,1,BASELINE,1,116264426,Taxi Travel Distance [km],113.97,254.31,217.05,1085.23,5,140.34
2026-05-08T14:47:57.759680600Z,TaxiAlgorithmP2PCollector,5,10000,5,25,1,nearest,1,4,1,BASELINE,1,116264426,Client Waiting Time [min],2.25,124.97,29.41,735.28,25,122.72
2026-05-08T14:47:57.759680600Z,TaxiAlgorithmP2PCollector,5,10000,5,25,1,nearest,1,4,1,BASELINE,1,116264426,Client Travel Time [min],787.0,8353.0,2596.24,64906.0,25,7566.0
2026-05-08T14:47:57.759680600Z,TaxiAlgorithmP2PCollector,5,10000,5,25,1,nearest,1,4,1,BASELINE,1,116264426,Calculation Time [millis],0.0,0.0,0.03,354.0,12444,0.0
2026-05-08T14:47:57.759680600Z,TaxiAlgorithmP2PCollector,5,10000,5,25,1,nearest,1,4,1,BASELINE,1,116264426,Custom Time [micros],0.0,0.0,0.0,0.0,12444,0.0
2026-05-08T14:47:58.351747300Z,TaxiAlgorithmP2PCollector,5,10000,5,25,1,nearest,1,4,1,BASELINE,2,116264427,Taxi Travel Distance [km],21.69,352.85,209.77,1048.84,5,331.16
2026-05-08T14:47:58.351747300Z,TaxiAlgorithmP2PCollector,5,10000,5,25,1,nearest,1,4,1,BASELINE,2,116264427,Client Waiting Time [min],1.55,226.32,53.75,1182.58,22,224.76999999999998
2026-05-08T14:47:58.351747300Z,TaxiAlgorithmP2PCollector,5,10000,5,25,1,nearest,1,4,1,BASELINE,2,116264427,Client Travel Time [min],599.0,14951.0,4318.72,107968.0,25,14352.0
2026-05-08T14:47:58.351747300Z,TaxiAlgorithmP2PCollector,5,10000,5,25,1,nearest,1,4,1,BASELINE,2,116264427,Calculation Time [millis],0.0,27.0,0.03,497.0,16765,27.0
2026-05-08T14:47:58.351747300Z,TaxiAlgorithmP2PCollector,5,10000,5,25,1,nearest,1,4,1,BASELINE,2,116264427,Custom Time [micros],0.0,0.0,0.0,0.0,16765,0.0
2026-05-08T14:47:58.785748300Z,TaxiAlgorithmP2PCollector,5,10000,5,25,1,nearest,1,4,1,BASELINE,3,116264428,Taxi Travel Distance [km],141.71,224.3,183.33,916.65,5,82.59
2026-05-08T14:47:58.785748300Z,TaxiAlgorithmP2PCollector,5,10000,5,25,1,nearest,1,4,1,BASELINE,3,116264428,Client Waiting Time [min],1.28,149.75,37.61,902.63,24,148.47
2026-05-08T14:47:58.785748300Z,TaxiAlgorithmP2PCollector,5,10000,5,25,1,nearest,1,4,1,BASELINE,3,116264428,Client Travel Time [min],580.0,9296.0,3104.0,77600.0,25,8716.0
2026-05-08T14:47:58.785748300Z,TaxiAlgorithmP2PCollector,5,10000,5,25,1,nearest,1,4,1,BASELINE,3,116264428,Calculation Time [millis],0.0,0.0,0.03,313.0,11159,0.0
2026-05-08T14:47:58.785748300Z,TaxiAlgorithmP2PCollector,5,10000,5,25,1,nearest,1,4,1,BASELINE,3,116264428,Custom Time [micros],0.0,0.0,0.0,0.0,11159,0.0
2026-05-08T14:47:59.318559700Z,TaxiAlgorithmP2PCollector,5,10000,5,25,1,nearest,1,4,1,BASELINE,4,116264429,Taxi Travel Distance [km],196.71,229.17,217.57,1087.83,5,32.45999999999998
2026-05-08T14:47:59.318559700Z,TaxiAlgorithmP2PCollector,5,10000,5,25,1,nearest,1,4,1,BASELINE,4,116264429,Client Waiting Time [min],4.32,169.18,52.43,1310.68,25,164.86
2026-05-08T14:47:59.318559700Z,TaxiAlgorithmP2PCollector,5,10000,5,25,1,nearest,1,4,1,BASELINE,4,116264429,Client Travel Time [min],981.0,10781.0,3906.48,97662.0,25,9800.0
2026-05-08T14:47:59.318559700Z,TaxiAlgorithmP2PCollector,5,10000,5,25,1,nearest,1,4,1,BASELINE,4,116264429,Calculation Time [millis],0.0,0.0,0.04,418.0,10867,0.0
2026-05-08T14:47:59.318559700Z,TaxiAlgorithmP2PCollector,5,10000,5,25,1,nearest,1,4,1,BASELINE,4,116264429,Custom Time [micros],0.0,0.0,0.0,0.0,10867,0.0
2026-05-08T14:47:59.691558100Z,TaxiAlgorithmP2PCollector,5,10000,5,25,1,nearest,1,4,1,BASELINE,5,116264430,Taxi Travel Distance [km],156.72,210.6,185.95,929.74,5,53.879999999999995
2026-05-08T14:47:59.691558100Z,TaxiAlgorithmP2PCollector,5,10000,5,25,1,nearest,1,4,1,BASELINE,5,116264430,Client Waiting Time [min],1.58,96.1,34.48,862.0,25,94.52
2026-05-08T14:47:59.691558100Z,TaxiAlgorithmP2PCollector,5,10000,5,25,1,nearest,1,4,1,BASELINE,5,116264430,Client Travel Time [min],619.0,6464.0,2917.52,72938.0,25,5845.0
2026-05-08T14:47:59.691558100Z,TaxiAlgorithmP2PCollector,5,10000,5,25,1,nearest,1,4,1,BASELINE,5,116264430,Calculation Time [millis],0.0,17.0,0.03,280.0,10566,17.0
2026-05-08T14:47:59.691558100Z,TaxiAlgorithmP2PCollector,5,10000,5,25,1,nearest,1,4,1,BASELINE,5,116264430,Custom Time [micros],0.0,0.0,0.0,0.0,10566,0.0
2026-05-08T14:48:00.062517400Z,TaxiAlgorithmP2PCollector,5,10000,5,25,1,nearest,1,4,1,BASELINE,6,116264431,Taxi Travel Distance [km],156.03,219.79,185.25,926.24,5,63.75999999999999
2026-05-08T14:48:00.062517400Z,TaxiAlgorithmP2PCollector,5,10000,5,25,1,nearest,1,4,1,BASELINE,6,116264431,Client Waiting Time [min],0.65,100.97,27.05,676.32,25,100.32
2026-05-08T14:48:00.062517400Z,TaxiAlgorithmP2PCollector,5,10000,5,25,1,nearest,1,4,1,BASELINE,6,116264431,Client Travel Time [min],208.0,6610.0,2531.0,63275.0,25,6402.0
2026-05-08T14:48:00.062517400Z,TaxiAlgorithmP2PCollector,5,10000,5,25,1,nearest,1,4,1,BASELINE,6,116264431,Calculation Time [millis],0.0,0.0,0.03,292.0,10338,0.0
2026-05-08T14:48:00.062517400Z,TaxiAlgorithmP2PCollector,5,10000,5,25,1,nearest,1,4,1,BASELINE,6,116264431,Custom Time [micros],0.0,0.0,0.0,0.0,10338,0.0
2026-05-08T14:48:00.590516200Z,TaxiAlgorithmP2PCollector,5,10000,5,25,1,nearest,1,4,1,BASELINE,7,116264432,Taxi Travel Distance [km],149.26,277.28,204.3,1021.52,5,128.01999999999998
2026-05-08T14:48:00.590516200Z,TaxiAlgorithmP2PCollector,5,10000,5,25,1,nearest,1,4,1,BASELINE,7,116264432,Client Waiting Time [min],0.52,154.87,34.65,866.23,25,154.35
2026-05-08T14:48:00.590516200Z,TaxiAlgorithmP2PCollector,5,10000,5,25,1,nearest,1,4,1,BASELINE,7,116264432,Client Travel Time [min],160.0,9559.0,2968.72,74218.0,25,9399.0
2026-05-08T14:48:00.590516200Z,TaxiAlgorithmP2PCollector,5,10000,5,25,1,nearest,1,4,1,BASELINE,7,116264432,Calculation Time [millis],0.0,22.0,0.03,405.0,13720,22.0
2026-05-08T14:48:00.590516200Z,TaxiAlgorithmP2PCollector,5,10000,5,25,1,nearest,1,4,1,BASELINE,7,116264432,Custom Time [micros],0.0,0.0,0.0,0.0,13720,0.0
2026-05-08T14:48:02.117564400Z,TaxiAlgorithmP2PCollector,5,10000,5,25,1,nearest,1,4,1,BASELINE,8,116264433,Taxi Travel Distance [km],168.8,274.62,204.81,1024.06,5,105.82
2026-05-08T14:48:02.117564400Z,TaxiAlgorithmP2PCollector,5,10000,5,25,1,nearest,1,4,1,BASELINE,8,116264433,Client Waiting Time [min],0.77,152.98,48.58,1068.67,22,152.20999999999998
2026-05-08T14:48:02.117564400Z,TaxiAlgorithmP2PCollector,5,10000,5,25,1,nearest,1,4,1,BASELINE,8,116264433,Client Travel Time [min],404.0,37832.0,5221.72,130543.0,25,37428.0
2026-05-08T14:48:02.117564400Z,TaxiAlgorithmP2PCollector,5,10000,5,25,1,nearest,1,4,1,BASELINE,8,116264433,Calculation Time [millis],0.0,47.0,0.03,1413.0,42368,47.0
2026-05-08T14:48:02.117564400Z,TaxiAlgorithmP2PCollector,5,10000,5,25,1,nearest,1,4,1,BASELINE,8,116264433,Custom Time [micros],0.0,0.0,0.0,0.0,42368,0.0
2026-05-08T14:48:02.571600300Z,TaxiAlgorithmP2PCollector,5,10000,5,25,1,nearest,1,4,1,BASELINE,9,116264434,Taxi Travel Distance [km],193.94,210.23,201.1,1005.52,5,16.289999999999992
2026-05-08T14:48:02.571600300Z,TaxiAlgorithmP2PCollector,5,10000,5,25,1,nearest,1,4,1,BASELINE,9,116264434,Client Waiting Time [min],5.08,142.88,46.34,1112.12,24,137.79999999999998
2026-05-08T14:48:02.571600300Z,TaxiAlgorithmP2PCollector,5,10000,5,25,1,nearest,1,4,1,BASELINE,9,116264434,Client Travel Time [min],504.0,8812.0,3593.12,89828.0,25,8308.0
2026-05-08T14:48:02.571600300Z,TaxiAlgorithmP2PCollector,5,10000,5,25,1,nearest,1,4,1,BASELINE,9,116264434,Calculation Time [millis],0.0,18.0,0.03,323.0,9941,18.0
2026-05-08T14:48:02.571600300Z,TaxiAlgorithmP2PCollector,5,10000,5,25,1,nearest,1,4,1,BASELINE,9,116264434,Custom Time [micros],0.0,0.0,0.0,0.0,9941,0.0
2026-05-08T14:48:02.950699900Z,TaxiAlgorithmP2PCollector,5,10000,5,25,1,nearest,1,4,1,BASELINE,10,116264435,Taxi Travel Distance [km],183.73,243.09,223.4,1117.02,5,59.360000000000014
2026-05-08T14:48:02.950699900Z,TaxiAlgorithmP2PCollector,5,10000,5,25,1,nearest,1,4,1,BASELINE,10,116264435,Client Waiting Time [min],4.3,113.2,29.0,696.1,24,108.9
2026-05-08T14:48:02.950699900Z,TaxiAlgorithmP2PCollector,5,10000,5,25,1,nearest,1,4,1,BASELINE,10,116264435,Client Travel Time [min],649.0,7169.0,2753.36,68834.0,25,6520.0
2026-05-08T14:48:02.950699900Z,TaxiAlgorithmP2PCollector,5,10000,5,25,1,nearest,1,4,1,BASELINE,10,116264435,Calculation Time [millis],0.0,0.0,0.03,304.0,11427,0.0
2026-05-08T14:48:02.950699900Z,TaxiAlgorithmP2PCollector,5,10000,5,25,1,nearest,1,4,1,BASELINE,10,116264435,Custom Time [micros],0.0,0.0,0.0,0.0,11427,0.0
2026-05-08T14:48:03.277593800Z,TaxiAlgorithmP2PCollector,5,10000,10,25,1,nearest,1,4,1,BASELINE,1,116264426,Taxi Travel Distance [km],54.47,119.76,100.17,1001.71,10,65.29
2026-05-08T14:48:03.277593800Z,TaxiAlgorithmP2PCollector,5,10000,10,25,1,nearest,1,4,1,BASELINE,1,116264426,Client Waiting Time [min],1.95,22.82,8.43,210.73,25,20.87
2026-05-08T14:48:03.277593800Z,TaxiAlgorithmP2PCollector,5,10000,10,25,1,nearest,1,4,1,BASELINE,1,116264426,Client Travel Time [min],776.0,2230.0,1360.6,34015.0,25,1454.0
2026-05-08T14:48:03.277593800Z,TaxiAlgorithmP2PCollector,5,10000,10,25,1,nearest,1,4,1,BASELINE,1,116264426,Calculation Time [millis],0.0,0.0,0.04,243.0,6889,0.0
2026-05-08T14:48:03.277593800Z,TaxiAlgorithmP2PCollector,5,10000,10,25,1,nearest,1,4,1,BASELINE,1,116264426,Custom Time [micros],0.0,0.0,0.0,0.0,6889,0.0
2026-05-08T14:48:03.758601200Z,TaxiAlgorithmP2PCollector,5,10000,10,25,1,nearest,1,4,1,BASELINE,2,116264427,Taxi Travel Distance [km],83.01,130.18,100.69,1006.88,10,47.17
2026-05-08T14:48:03.758601200Z,TaxiAlgorithmP2PCollector,5,10000,10,25,1,nearest,1,4,1,BASELINE,2,116264427,Client Waiting Time [min],1.48,51.12,13.14,328.43,25,49.64
2026-05-08T14:48:03.758601200Z,TaxiAlgorithmP2PCollector,5,10000,10,25,1,nearest,1,4,1,BASELINE,2,116264427,Client Travel Time [min],355.0,5097.0,1643.0,41075.0,25,4742.0
2026-05-08T14:48:03.758601200Z,TaxiAlgorithmP2PCollector,5,10000,10,25,1,nearest,1,4,1,BASELINE,2,116264427,Calculation Time [millis],0.0,14.0,0.06,394.0,6911,14.0
2026-05-08T14:48:03.758601200Z,TaxiAlgorithmP2PCollector,5,10000,10,25,1,nearest,1,4,1,BASELINE,2,116264427,Custom Time [micros],0.0,0.0,0.0,0.0,6911,0.0
2026-05-08T14:48:04.930908500Z,TaxiAlgorithmP2PCollector,5,10000,10,25,1,nearest,1,4,1,BASELINE,3,116264428,Taxi Travel Distance [km],67.04,240.09,131.74,1317.39,10,173.05
2026-05-08T14:48:04.930908500Z,TaxiAlgorithmP2PCollector,5,10000,10,25,1,nearest,1,4,1,BASELINE,3,116264428,Client Waiting Time [min],1.83,23.67,9.36,224.58,24,21.840000000000003
2026-05-08T14:48:04.930908500Z,TaxiAlgorithmP2PCollector,5,10000,10,25,1,nearest,1,4,1,BASELINE,3,116264428,Client Travel Time [min],570.0,8889.0,1597.36,39934.0,25,8319.0
2026-05-08T14:48:04.930908500Z,TaxiAlgorithmP2PCollector,5,10000,10,25,1,nearest,1,4,1,BASELINE,3,116264428,Calculation Time [millis],0.0,24.0,0.09,1101.0,12164,24.0
2026-05-08T14:48:04.930908500Z,TaxiAlgorithmP2PCollector,5,10000,10,25,1,nearest,1,4,1,BASELINE,3,116264428,Custom Time [micros],0.0,0.0,0.0,0.0,12164,0.0
2026-05-08T14:48:05.540971600Z,TaxiAlgorithmP2PCollector,5,10000,10,25,1,nearest,1,4,1,BASELINE,4,116264429,Taxi Travel Distance [km],52.42,139.27,109.6,1095.98,10,86.85000000000001
2026-05-08T14:48:05.540971600Z,TaxiAlgorithmP2PCollector,5,10000,10,25,1,nearest,1,4,1,BASELINE,4,116264429,Client Waiting Time [min],2.4,34.4,14.7,367.53,25,32.0
2026-05-08T14:48:05.540971600Z,TaxiAlgorithmP2PCollector,5,10000,10,25,1,nearest,1,4,1,BASELINE,4,116264429,Client Travel Time [min],1009.0,3741.0,1723.24,43081.0,25,2732.0
2026-05-08T14:48:05.540971600Z,TaxiAlgorithmP2PCollector,5,10000,10,25,1,nearest,1,4,1,BASELINE,4,116264429,Calculation Time [millis],0.0,0.0,0.07,509.0,7291,0.0
2026-05-08T14:48:05.540971600Z,TaxiAlgorithmP2PCollector,5,10000,10,25,1,nearest,1,4,1,BASELINE,4,116264429,Custom Time [micros],0.0,0.0,0.0,0.0,7291,0.0
2026-05-08T14:48:06.176972300Z,TaxiAlgorithmP2PCollector,5,10000,10,25,1,nearest,1,4,1,BASELINE,5,116264430,Taxi Travel Distance [km],101.82,137.7,119.74,1197.41,10,35.879999999999995
2026-05-08T14:48:06.176972300Z,TaxiAlgorithmP2PCollector,5,10000,10,25,1,nearest,1,4,1,BASELINE,5,116264430,Client Waiting Time [min],2.37,46.18,18.58,464.53,25,43.81
2026-05-08T14:48:06.176972300Z,TaxiAlgorithmP2PCollector,5,10000,10,25,1,nearest,1,4,1,BASELINE,5,116264430,Client Travel Time [min],559.0,3845.0,1990.84,49771.0,25,3286.0
2026-05-08T14:48:06.176972300Z,TaxiAlgorithmP2PCollector,5,10000,10,25,1,nearest,1,4,1,BASELINE,5,116264430,Calculation Time [millis],0.0,0.0,0.06,485.0,8094,0.0
2026-05-08T14:48:06.176972300Z,TaxiAlgorithmP2PCollector,5,10000,10,25,1,nearest,1,4,1,BASELINE,5,116264430,Custom Time [micros],0.0,0.0,0.0,0.0,8094,0.0
2026-05-08T14:48:06.877000500Z,TaxiAlgorithmP2PCollector,5,10000,10,25,1,nearest,1,4,1,BASELINE,6,116264431,Taxi Travel Distance [km],96.93,182.59,140.05,1400.54,10,85.66
2026-05-08T14:48:06.877000500Z,TaxiAlgorithmP2PCollector,5,10000,10,25,1,nearest,1,4,1,BASELINE,6,116264431,Client Waiting Time [min],1.33,65.88,15.3,382.43,25,64.55
2026-05-08T14:48:06.877000500Z,TaxiAlgorithmP2PCollector,5,10000,10,25,1,nearest,1,4,1,BASELINE,6,116264431,Client Travel Time [min],295.0,5220.0,1964.68,49117.0,25,4925.0
2026-05-08T14:48:06.877000500Z,TaxiAlgorithmP2PCollector,5,10000,10,25,1,nearest,1,4,1,BASELINE,6,116264431,Calculation Time [millis],0.0,18.0,0.06,600.0,9370,18.0
2026-05-08T14:48:06.877000500Z,TaxiAlgorithmP2PCollector,5,10000,10,25,1,nearest,1,4,1,BASELINE,6,116264431,Custom Time [micros],0.0,0.0,0.0,0.0,9370,0.0
2026-05-08T14:48:07.686028800Z,TaxiAlgorithmP2PCollector,5,10000,10,25,1,nearest,1,4,1,BASELINE,7,116264432,Taxi Travel Distance [km],75.33,166.75,125.94,1259.4,10,91.42
2026-05-08T14:48:07.686028800Z,TaxiAlgorithmP2PCollector,5,10000,10,25,1,nearest,1,4,1,BASELINE,7,116264432,Client Waiting Time [min],0.37,85.38,17.62,440.48,25,85.00999999999999
2026-05-08T14:48:07.686028800Z,TaxiAlgorithmP2PCollector,5,10000,10,25,1,nearest,1,4,1,BASELINE,7,116264432,Client Travel Time [min],160.0,5917.0,2028.84,50721.0,25,5757.0
2026-05-08T14:48:07.686028800Z,TaxiAlgorithmP2PCollector,5,10000,10,25,1,nearest,1,4,1,BASELINE,7,116264432,Calculation Time [millis],0.0,0.0,0.08,703.0,9002,0.0
2026-05-08T14:48:07.686028800Z,TaxiAlgorithmP2PCollector,5,10000,10,25,1,nearest,1,4,1,BASELINE,7,116264432,Custom Time [micros],0.0,0.0,0.0,0.0,9002,0.0
2026-05-08T14:48:08.462161400Z,TaxiAlgorithmP2PCollector,5,10000,10,25,1,nearest,1,4,1,BASELINE,8,116264433,Taxi Travel Distance [km],70.65,180.33,116.93,1169.25,10,109.68
2026-05-08T14:48:08.462161400Z,TaxiAlgorithmP2PCollector,5,10000,10,25,1,nearest,1,4,1,BASELINE,8,116264433,Client Waiting Time [min],0.45,58.25,20.29,507.25,25,57.8
2026-05-08T14:48:08.462161400Z,TaxiAlgorithmP2PCollector,5,10000,10,25,1,nearest,1,4,1,BASELINE,8,116264433,Client Travel Time [min],504.0,4830.0,2116.56,52914.0,25,4326.0
2026-05-08T14:48:08.462161400Z,TaxiAlgorithmP2PCollector,5,10000,10,25,1,nearest,1,4,1,BASELINE,8,116264433,Calculation Time [millis],0.0,0.0,0.08,689.0,9132,0.0
2026-05-08T14:48:08.462161400Z,TaxiAlgorithmP2PCollector,5,10000,10,25,1,nearest,1,4,1,BASELINE,8,116264433,Custom Time [micros],0.0,0.0,0.0,0.0,9132,0.0
2026-05-08T14:48:09.099160100Z,TaxiAlgorithmP2PCollector,5,10000,10,25,1,nearest,1,4,1,BASELINE,9,116264434,Taxi Travel Distance [km],88.23,152.93,118.06,1180.64,10,64.7
2026-05-08T14:48:09.099160100Z,TaxiAlgorithmP2PCollector,5,10000,10,25,1,nearest,1,4,1,BASELINE,9,116264434,Client Waiting Time [min],1.22,68.5,14.91,372.77,25,67.28
2026-05-08T14:48:09.099160100Z,TaxiAlgorithmP2PCollector,5,10000,10,25,1,nearest,1,4,1,BASELINE,9,116264434,Client Travel Time [min],270.0,4880.0,1728.68,43217.0,25,4610.0
2026-05-08T14:48:09.099160100Z,TaxiAlgorithmP2PCollector,5,10000,10,25,1,nearest,1,4,1,BASELINE,9,116264434,Calculation Time [millis],0.0,14.0,0.06,502.0,8219,14.0
2026-05-08T14:48:09.099160100Z,TaxiAlgorithmP2PCollector,5,10000,10,25,1,nearest,1,4,1,BASELINE,9,116264434,Custom Time [micros],0.0,0.0,0.0,0.0,8219,0.0
2026-05-08T14:48:09.938322300Z,TaxiAlgorithmP2PCollector,5,10000,10,25,1,nearest,1,4,1,BASELINE,10,116264435,Taxi Travel Distance [km],84.68,213.18,140.35,1403.46,10,128.5
2026-05-08T14:48:09.938322300Z,TaxiAlgorithmP2PCollector,5,10000,10,25,1,nearest,1,4,1,BASELINE,10,116264435,Client Waiting Time [min],3.18,85.43,16.64,415.95,25,82.25
2026-05-08T14:48:09.938322300Z,TaxiAlgorithmP2PCollector,5,10000,10,25,1,nearest,1,4,1,BASELINE,10,116264435,Client Travel Time [min],450.0,5315.0,1917.48,47937.0,25,4865.0
2026-05-08T14:48:09.938322300Z,TaxiAlgorithmP2PCollector,5,10000,10,25,1,nearest,1,4,1,BASELINE,10,116264435,Calculation Time [millis],0.0,22.0,0.07,747.0,10183,22.0
2026-05-08T14:48:09.938322300Z,TaxiAlgorithmP2PCollector,5,10000,10,25,1,nearest,1,4,1,BASELINE,10,116264435,Custom Time [micros],0.0,0.0,0.0,0.0,10183,0.0
2026-05-08T14:48:10.747275900Z,TaxiAlgorithmP2PCollector,5,10000,10,50,1,nearest,1,4,1,BASELINE,1,116264426,Taxi Travel Distance [km],143.24,184.04,163.65,1636.5,10,40.79999999999998
2026-05-08T14:48:10.747275900Z,TaxiAlgorithmP2PCollector,5,10000,10,50,1,nearest,1,4,1,BASELINE,1,116264426,Client Waiting Time [min],1.25,62.7,22.01,1078.52,49,61.45
2026-05-08T14:48:10.747275900Z,TaxiAlgorithmP2PCollector,5,10000,10,50,1,nearest,1,4,1,BASELINE,1,116264426,Client Travel Time [min],416.0,4527.0,2153.08,107654.0,50,4111.0
2026-05-08T14:48:10.747275900Z,TaxiAlgorithmP2PCollector,5,10000,10,50,1,nearest,1,4,1,BASELINE,1,116264426,Calculation Time [millis],0.0,0.0,0.08,703.0,8616,0.0
2026-05-08T14:48:10.747275900Z,TaxiAlgorithmP2PCollector,5,10000,10,50,1,nearest,1,4,1,BASELINE,1,116264426,Custom Time [micros],0.0,0.0,0.0,0.0,8616,0.0
2026-05-08T14:48:11.651788700Z,TaxiAlgorithmP2PCollector,5,10000,10,50,1,nearest,1,4,1,BASELINE,2,116264427,Taxi Travel Distance [km],154.99,188.31,170.5,1705.04,10,33.31999999999999
2026-05-08T14:48:11.651788700Z,TaxiAlgorithmP2PCollector,5,10000,10,50,1,nearest,1,4,1,BASELINE,2,116264427,Client Waiting Time [min],2.9,111.4,26.51,1299.13,49,108.5
2026-05-08T14:48:11.651788700Z,TaxiAlgorithmP2PCollector,5,10000,10,50,1,nearest,1,4,1,BASELINE,2,116264427,Client Travel Time [min],502.0,7509.0,2374.36,118718.0,50,7007.0
2026-05-08T14:48:11.651788700Z,TaxiAlgorithmP2PCollector,5,10000,10,50,1,nearest,1,4,1,BASELINE,2,116264427,Calculation Time [millis],0.0,11.0,0.09,788.0,8732,11.0
2026-05-08T14:48:11.651788700Z,TaxiAlgorithmP2PCollector,5,10000,10,50,1,nearest,1,4,1,BASELINE,2,116264427,Custom Time [micros],0.0,0.0,0.0,0.0,8732,0.0
2026-05-08T14:48:12.534029300Z,TaxiAlgorithmP2PCollector,5,10000,10,50,1,nearest,1,4,1,BASELINE,3,116264428,Taxi Travel Distance [km],58.16,181.99,149.01,1490.12,10,123.83000000000001
2026-05-08T14:48:12.534029300Z,TaxiAlgorithmP2PCollector,5,10000,10,50,1,nearest,1,4,1,BASELINE,3,116264428,Client Waiting Time [min],1.07,76.53,25.12,1255.88,50,75.46000000000001
2026-05-08T14:48:12.534029300Z,TaxiAlgorithmP2PCollector,5,10000,10,50,1,nearest,1,4,1,BASELINE,3,116264428,Client Travel Time [min],580.0,5202.0,2295.78,114789.0,50,4622.0
2026-05-08T14:48:12.534029300Z,TaxiAlgorithmP2PCollector,5,10000,10,50,1,nearest,1,4,1,BASELINE,3,116264428,Calculation Time [millis],0.0,13.0,0.08,741.0,9531,13.0
2026-05-08T14:48:12.534029300Z,TaxiAlgorithmP2PCollector,5,10000,10,50,1,nearest,1,4,1,BASELINE,3,116264428,Custom Time [micros],0.0,0.0,0.0,0.0,9531,0.0
2026-05-08T14:48:13.425624100Z,TaxiAlgorithmP2PCollector,5,10000,10,50,1,nearest,1,4,1,BASELINE,4,116264429,Taxi Travel Distance [km],135.9,216.97,169.17,1691.68,10,81.07
2026-05-08T14:48:13.425624100Z,TaxiAlgorithmP2PCollector,5,10000,10,50,1,nearest,1,4,1,BASELINE,4,116264429,Client Waiting Time [min],1.93,74.77,22.23,1089.43,49,72.83999999999999
2026-05-08T14:48:13.425624100Z,TaxiAlgorithmP2PCollector,5,10000,10,50,1,nearest,1,4,1,BASELINE,4,116264429,Client Travel Time [min],447.0,5520.0,2155.34,107767.0,50,5073.0
2026-05-08T14:48:13.425624100Z,TaxiAlgorithmP2PCollector,5,10000,10,50,1,nearest,1,4,1,BASELINE,4,116264429,Calculation Time [millis],0.0,15.0,0.08,774.0,10127,15.0
2026-05-08T14:48:13.425624100Z,TaxiAlgorithmP2PCollector,5,10000,10,50,1,nearest,1,4,1,BASELINE,4,116264429,Custom Time [micros],0.0,0.0,0.0,0.0,10127,0.0
2026-05-08T14:48:14.300803700Z,TaxiAlgorithmP2PCollector,5,10000,10,50,1,nearest,1,4,1,BASELINE,5,116264430,Taxi Travel Distance [km],141.2,187.1,161.92,1619.23,10,45.900000000000006
2026-05-08T14:48:14.300803700Z,TaxiAlgorithmP2PCollector,5,10000,10,50,1,nearest,1,4,1,BASELINE,5,116264430,Client Waiting Time [min],1.25,111.13,30.46,1523.15,50,109.88
2026-05-08T14:48:14.300803700Z,TaxiAlgorithmP2PCollector,5,10000,10,50,1,nearest,1,4,1,BASELINE,5,116264430,Client Travel Time [min],787.0,7648.0,2715.78,135789.0,50,6861.0
2026-05-08T14:48:14.300803700Z,TaxiAlgorithmP2PCollector,5,10000,10,50,1,nearest,1,4,1,BASELINE,5,116264430,Calculation Time [millis],0.0,16.0,0.09,745.0,8717,16.0
2026-05-08T14:48:14.300803700Z,TaxiAlgorithmP2PCollector,5,10000,10,50,1,nearest,1,4,1,BASELINE,5,116264430,Custom Time [micros],0.0,0.0,0.0,0.0,8717,0.0
2026-05-08T14:48:15.372860900Z,TaxiAlgorithmP2PCollector,5,10000,10,50,1,nearest,1,4,1,BASELINE,6,116264431,Taxi Travel Distance [km],150.55,222.95,204.08,2040.77,10,72.39999999999998
2026-05-08T14:48:15.372860900Z,TaxiAlgorithmP2PCollector,5,10000,10,50,1,nearest,1,4,1,BASELINE,6,116264431,Client Waiting Time [min],2.05,119.75,29.53,1476.58,50,117.7
2026-05-08T14:48:15.372860900Z,TaxiAlgorithmP2PCollector,5,10000,10,50,1,nearest,1,4,1,BASELINE,6,116264431,Client Travel Time [min],586.0,7498.0,2734.34,136717.0,50,6912.0
2026-05-08T14:48:15.372860900Z,TaxiAlgorithmP2PCollector,5,10000,10,50,1,nearest,1,4,1,BASELINE,6,116264431,Calculation Time [millis],0.0,21.0,0.09,981.0,10578,21.0
2026-05-08T14:48:15.372860900Z,TaxiAlgorithmP2PCollector,5,10000,10,50,1,nearest,1,4,1,BASELINE,6,116264431,Custom Time [micros],0.0,0.0,0.0,0.0,10578,0.0
2026-05-08T14:48:16.336878Z,TaxiAlgorithmP2PCollector,5,10000,10,50,1,nearest,1,4,1,BASELINE,7,116264432,Taxi Travel Distance [km],168.9,192.73,179.36,1793.62,10,23.829999999999984
2026-05-08T14:48:16.336878Z,TaxiAlgorithmP2PCollector,5,10000,10,50,1,nearest,1,4,1,BASELINE,7,116264432,Client Waiting Time [min],0.52,89.58,25.27,1263.5,50,89.06
2026-05-08T14:48:16.336878Z,TaxiAlgorithmP2PCollector,5,10000,10,50,1,nearest,1,4,1,BASELINE,7,116264432,Client Travel Time [min],160.0,5772.0,2357.98,117899.0,50,5612.0
2026-05-08T14:48:16.336878Z,TaxiAlgorithmP2PCollector,5,10000,10,50,1,nearest,1,4,1,BASELINE,7,116264432,Calculation Time [millis],0.0,21.0,0.09,835.0,8998,21.0
2026-05-08T14:48:16.336878Z,TaxiAlgorithmP2PCollector,5,10000,10,50,1,nearest,1,4,1,BASELINE,7,116264432,Custom Time [micros],0.0,0.0,0.0,0.0,8998,0.0
2026-05-08T14:48:17.204898100Z,TaxiAlgorithmP2PCollector,5,10000,10,50,1,nearest,1,4,1,BASELINE,8,116264433,Taxi Travel Distance [km],143.52,195.04,162.06,1620.55,10,51.51999999999998
2026-05-08T14:48:17.204898100Z,TaxiAlgorithmP2PCollector,5,10000,10,50,1,nearest,1,4,1,BASELINE,8,116264433,Client Waiting Time [min],2.58,90.62,28.2,1409.83,50,88.04
2026-05-08T14:48:17.204898100Z,TaxiAlgorithmP2PCollector,5,10000,10,50,1,nearest,1,4,1,BASELINE,8,116264433,Client Travel Time [min],579.0,5829.0,2551.36,127568.0,50,5250.0
2026-05-08T14:48:17.204898100Z,TaxiAlgorithmP2PCollector,5,10000,10,50,1,nearest,1,4,1,BASELINE,8,116264433,Calculation Time [millis],0.0,0.0,0.08,764.0,9324,0.0
2026-05-08T14:48:17.204898100Z,TaxiAlgorithmP2PCollector,5,10000,10,50,1,nearest,1,4,1,BASELINE,8,116264433,Custom Time [micros],0.0,0.0,0.0,0.0,9324,0.0
2026-05-08T14:48:18.106901200Z,TaxiAlgorithmP2PCollector,5,10000,10,50,1,nearest,1,4,1,BASELINE,9,116264434,Taxi Travel Distance [km],144.4,184.51,164.26,1642.56,10,40.109999999999985
2026-05-08T14:48:18.106901200Z,TaxiAlgorithmP2PCollector,5,10000,10,50,1,nearest,1,4,1,BASELINE,9,116264434,Client Waiting Time [min],0.25,92.43,26.66,1332.82,50,92.18
2026-05-08T14:48:18.106901200Z,TaxiAlgorithmP2PCollector,5,10000,10,50,1,nearest,1,4,1,BASELINE,9,116264434,Client Travel Time [min],91.0,5998.0,2462.22,123111.0,50,5907.0
2026-05-08T14:48:18.106901200Z,TaxiAlgorithmP2PCollector,5,10000,10,50,1,nearest,1,4,1,BASELINE,9,116264434,Calculation Time [millis],0.0,3.0,0.08,754.0,9320,3.0
2026-05-08T14:48:18.106901200Z,TaxiAlgorithmP2PCollector,5,10000,10,50,1,nearest,1,4,1,BASELINE,9,116264434,Custom Time [micros],0.0,0.0,0.0,0.0,9320,0.0
2026-05-08T14:48:19.210949Z,TaxiAlgorithmP2PCollector,5,10000,10,50,1,nearest,1,4,1,BASELINE,10,116264435,Taxi Travel Distance [km],80.83,223.45,175.97,1759.74,10,142.62
2026-05-08T14:48:19.210949Z,TaxiAlgorithmP2PCollector,5,10000,10,50,1,nearest,1,4,1,BASELINE,10,116264435,Client Waiting Time [min],0.58,108.3,25.34,1266.9,50,107.72
2026-05-08T14:48:19.210949Z,TaxiAlgorithmP2PCollector,5,10000,10,50,1,nearest,1,4,1,BASELINE,10,116264435,Client Travel Time [min],413.0,6732.0,2418.04,120902.0,50,6319.0
2026-05-08T14:48:19.210949Z,TaxiAlgorithmP2PCollector,5,10000,10,50,1,nearest,1,4,1,BASELINE,10,116264435,Calculation Time [millis],0.0,13.0,0.09,942.0,10550,13.0
2026-05-08T14:48:19.210949Z,TaxiAlgorithmP2PCollector,5,10000,10,50,1,nearest,1,4,1,BASELINE,10,116264435,Custom Time [micros],0.0,0.0,0.0,0.0,10550,0.0
2026-05-08T14:48:20.243004600Z,TaxiAlgorithmP2PCollector,5,10000,20,50,1,nearest,1,4,1,BASELINE,1,116264426,Taxi Travel Distance [km],58.1,132.22,96.06,1921.11,20,74.12
2026-05-08T14:48:20.243004600Z,TaxiAlgorithmP2PCollector,5,10000,20,50,1,nearest,1,4,1,BASELINE,1,116264426,Client Waiting Time [min],2.25,25.95,10.07,503.53,50,23.7
2026-05-08T14:48:20.243004600Z,TaxiAlgorithmP2PCollector,5,10000,20,50,1,nearest,1,4,1,BASELINE,1,116264426,Client Travel Time [min],368.0,2511.0,1461.62,73081.0,50,2143.0
2026-05-08T14:48:20.243004600Z,TaxiAlgorithmP2PCollector,5,10000,20,50,1,nearest,1,4,1,BASELINE,1,116264426,Calculation Time [millis],0.0,16.0,0.13,878.0,6749,16.0
2026-05-08T14:48:20.243004600Z,TaxiAlgorithmP2PCollector,5,10000,20,50,1,nearest,1,4,1,BASELINE,1,116264426,Custom Time [micros],0.0,0.0,0.0,0.0,6749,0.0
2026-05-08T14:48:21.758121300Z,TaxiAlgorithmP2PCollector,5,10000,20,50,1,nearest,1,4,1,BASELINE,2,116264427,Taxi Travel Distance [km],85.15,140.2,107.2,2144.09,20,55.04999999999998
2026-05-08T14:48:21.758121300Z,TaxiAlgorithmP2PCollector,5,10000,20,50,1,nearest,1,4,1,BASELINE,2,116264427,Client Waiting Time [min],1.32,51.75,12.94,646.85,50,50.43
2026-05-08T14:48:21.758121300Z,TaxiAlgorithmP2PCollector,5,10000,20,50,1,nearest,1,4,1,BASELINE,2,116264427,Client Travel Time [min],241.0,4105.0,1648.58,82429.0,50,3864.0
2026-05-08T14:48:21.758121300Z,TaxiAlgorithmP2PCollector,5,10000,20,50,1,nearest,1,4,1,BASELINE,2,116264427,Calculation Time [millis],0.0,19.0,0.19,1396.0,7260,19.0
2026-05-08T14:48:21.758121300Z,TaxiAlgorithmP2PCollector,5,10000,20,50,1,nearest,1,4,1,BASELINE,2,116264427,Custom Time [micros],0.0,0.0,0.0,0.0,7260,0.0
2026-05-08T14:48:23.416329400Z,TaxiAlgorithmP2PCollector,5,10000,20,50,1,nearest,1,4,1,BASELINE,3,116264428,Taxi Travel Distance [km],90.21,138.65,105.86,2117.2,20,48.44000000000001
2026-05-08T14:48:23.416329400Z,TaxiAlgorithmP2PCollector,5,10000,20,50,1,nearest,1,4,1,BASELINE,3,116264428,Client Waiting Time [min],0.88,43.72,11.48,574.2,50,42.839999999999996
2026-05-08T14:48:23.416329400Z,TaxiAlgorithmP2PCollector,5,10000,20,50,1,nearest,1,4,1,BASELINE,3,116264428,Client Travel Time [min],716.0,2987.0,1574.68,78734.0,50,2271.0
2026-05-08T14:48:23.416329400Z,TaxiAlgorithmP2PCollector,5,10000,20,50,1,nearest,1,4,1,BASELINE,3,116264428,Calculation Time [millis],0.0,39.0,0.21,1462.0,7036,39.0
2026-05-08T14:48:23.416329400Z,TaxiAlgorithmP2PCollector,5,10000,20,50,1,nearest,1,4,1,BASELINE,3,116264428,Custom Time [micros],0.0,0.0,0.0,0.0,7036,0.0
2026-05-08T14:48:24.399327200Z,TaxiAlgorithmP2PCollector,5,10000,20,50,1,nearest,1,4,1,BASELINE,4,116264429,Taxi Travel Distance [km],70.96,132.0,101.0,2019.97,20,61.040000000000006
2026-05-08T14:48:24.399327200Z,TaxiAlgorithmP2PCollector,5,10000,20,50,1,nearest,1,4,1,BASELINE,4,116264429,Client Waiting Time [min],1.4,26.92,11.13,556.48,50,25.520000000000003
2026-05-08T14:48:24.399327200Z,TaxiAlgorithmP2PCollector,5,10000,20,50,1,nearest,1,4,1,BASELINE,4,116264429,Client Travel Time [min],447.0,3389.0,1516.18,75809.0,50,2942.0
2026-05-08T14:48:24.399327200Z,TaxiAlgorithmP2PCollector,5,10000,20,50,1,nearest,1,4,1,BASELINE,4,116264429,Calculation Time [millis],0.0,28.0,0.12,864.0,6987,28.0
2026-05-08T14:48:24.399327200Z,TaxiAlgorithmP2PCollector,5,10000,20,50,1,nearest,1,4,1,BASELINE,4,116264429,Custom Time [micros],0.0,0.0,0.0,0.0,6987,0.0
2026-05-08T14:48:26.187382900Z,TaxiAlgorithmP2PCollector,5,10000,20,50,1,nearest,1,4,1,BASELINE,5,116264430,Taxi Travel Distance [km],83.72,134.61,108.99,2179.73,20,50.890000000000015
2026-05-08T14:48:26.187382900Z,TaxiAlgorithmP2PCollector,5,10000,20,50,1,nearest,1,4,1,BASELINE,5,116264430,Client Waiting Time [min],0.1,31.87,11.76,588.03,50,31.77
2026-05-08T14:48:26.187382900Z,TaxiAlgorithmP2PCollector,5,10000,20,50,1,nearest,1,4,1,BASELINE,5,116264430,Client Travel Time [min],519.0,2843.0,1699.78,84989.0,50,2324.0
2026-05-08T14:48:26.187382900Z,TaxiAlgorithmP2PCollector,5,10000,20,50,1,nearest,1,4,1,BASELINE,5,116264430,Calculation Time [millis],0.0,32.0,0.24,1701.0,6984,32.0
2026-05-08T14:48:26.187382900Z,TaxiAlgorithmP2PCollector,5,10000,20,50,1,nearest,1,4,1,BASELINE,5,116264430,Custom Time [micros],0.0,0.0,0.0,0.0,6984,0.0
2026-05-08T14:48:27.925107100Z,TaxiAlgorithmP2PCollector,5,10000,20,50,1,nearest,1,4,1,BASELINE,6,116264431,Taxi Travel Distance [km],77.51,157.1,118.07,2361.31,20,79.58999999999999
2026-05-08T14:48:27.925107100Z,TaxiAlgorithmP2PCollector,5,10000,20,50,1,nearest,1,4,1,BASELINE,6,116264431,Client Waiting Time [min],1.7,36.15,12.53,626.37,50,34.449999999999996
2026-05-08T14:48:27.925107100Z,TaxiAlgorithmP2PCollector,5,10000,20,50,1,nearest,1,4,1,BASELINE,6,116264431,Client Travel Time [min],315.0,4037.0,1769.28,88464.0,50,3722.0
2026-05-08T14:48:27.925107100Z,TaxiAlgorithmP2PCollector,5,10000,20,50,1,nearest,1,4,1,BASELINE,6,116264431,Calculation Time [millis],0.0,40.0,0.19,1569.0,8162,40.0
2026-05-08T14:48:27.925107100Z,TaxiAlgorithmP2PCollector,5,10000,20,50,1,nearest,1,4,1,BASELINE,6,116264431,Custom Time [micros],0.0,0.0,0.0,0.0,8162,0.0
2026-05-08T14:48:28.483116Z,TaxiAlgorithmP2PCollector,5,10000,20,50,1,nearest,1,4,1,BASELINE,7,116264432,Taxi Travel Distance [km],57.33,134.01,95.41,1908.18,20,76.67999999999999
2026-05-08T14:48:28.483116Z,TaxiAlgorithmP2PCollector,5,10000,20,50,1,nearest,1,4,1,BASELINE,7,116264432,Client Waiting Time [min],0.52,25.45,9.33,466.4,50,24.93
2026-05-08T14:48:28.483116Z,TaxiAlgorithmP2PCollector,5,10000,20,50,1,nearest,1,4,1,BASELINE,7,116264432,Client Travel Time [min],160.0,2523.0,1404.06,70203.0,50,2363.0
2026-05-08T14:48:28.483116Z,TaxiAlgorithmP2PCollector,5,10000,20,50,1,nearest,1,4,1,BASELINE,7,116264432,Calculation Time [millis],0.0,1.0,0.07,459.0,6765,1.0
2026-05-08T14:48:28.483116Z,TaxiAlgorithmP2PCollector,5,10000,20,50,1,nearest,1,4,1,BASELINE,7,116264432,Custom Time [micros],0.0,0.0,0.0,0.0,6765,0.0
2026-05-08T14:48:30.741225200Z,TaxiAlgorithmP2PCollector,5,10000,20,50,1,nearest,1,4,1,BASELINE,8,116264433,Taxi Travel Distance [km],91.87,157.42,128.89,2577.76,20,65.54999999999998
2026-05-08T14:48:30.741225200Z,TaxiAlgorithmP2PCollector,5,10000,20,50,1,nearest,1,4,1,BASELINE,8,116264433,Client Waiting Time [min],0.73,46.73,11.4,570.2,50,46.0
2026-05-08T14:48:30.741225200Z,TaxiAlgorithmP2PCollector,5,10000,20,50,1,nearest,1,4,1,BASELINE,8,116264433,Client Travel Time [min],417.0,3253.0,1596.4,79820.0,50,2836.0
2026-05-08T14:48:30.741225200Z,TaxiAlgorithmP2PCollector,5,10000,20,50,1,nearest,1,4,1,BASELINE,8,116264433,Calculation Time [millis],0.0,39.0,0.27,2109.0,7840,39.0
2026-05-08T14:48:30.741225200Z,TaxiAlgorithmP2PCollector,5,10000,20,50,1,nearest,1,4,1,BASELINE,8,116264433,Custom Time [micros],0.0,0.0,0.0,0.0,7840,0.0
2026-05-08T14:48:31.904813600Z,TaxiAlgorithmP2PCollector,5,10000,20,50,1,nearest,1,4,1,BASELINE,9,116264434,Taxi Travel Distance [km],78.85,117.29,99.84,1996.88,20,38.44000000000001
2026-05-08T14:48:31.904813600Z,TaxiAlgorithmP2PCollector,5,10000,20,50,1,nearest,1,4,1,BASELINE,9,116264434,Client Waiting Time [min],1.62,32.0,10.44,521.97,50,30.38
2026-05-08T14:48:31.904813600Z,TaxiAlgorithmP2PCollector,5,10000,20,50,1,nearest,1,4,1,BASELINE,9,116264434,Client Travel Time [min],240.0,3244.0,1498.54,74927.0,50,3004.0
2026-05-08T14:48:31.904813600Z,TaxiAlgorithmP2PCollector,5,10000,20,50,1,nearest,1,4,1,BASELINE,9,116264434,Calculation Time [millis],0.0,3.0,0.15,988.0,6462,3.0
2026-05-08T14:48:31.904813600Z,TaxiAlgorithmP2PCollector,5,10000,20,50,1,nearest,1,4,1,BASELINE,9,116264434,Custom Time [micros],0.0,0.0,0.0,0.0,6462,0.0
2026-05-08T14:48:33.577048600Z,TaxiAlgorithmP2PCollector,5,10000,20,50,1,nearest,1,4,1,BASELINE,10,116264435,Taxi Travel Distance [km],102.48,145.01,120.89,2417.88,20,42.52999999999999
2026-05-08T14:48:33.577048600Z,TaxiAlgorithmP2PCollector,5,10000,20,50,1,nearest,1,4,1,BASELINE,10,116264435,Client Waiting Time [min],0.58,37.37,10.88,544.07,50,36.79
2026-05-08T14:48:33.577048600Z,TaxiAlgorithmP2PCollector,5,10000,20,50,1,nearest,1,4,1,BASELINE,10,116264435,Client Travel Time [min],350.0,3384.0,1617.8,80890.0,50,3034.0
2026-05-08T14:48:33.577048600Z,TaxiAlgorithmP2PCollector,5,10000,20,50,1,nearest,1,4,1,BASELINE,10,116264435,Calculation Time [millis],0.0,35.0,0.19,1499.0,7855,35.0
2026-05-08T14:48:33.577048600Z,TaxiAlgorithmP2PCollector,5,10000,20,50,1,nearest,1,4,1,BASELINE,10,116264435,Custom Time [micros],0.0,0.0,0.0,0.0,7855,0.0
2026-05-08T14:48:36.415251200Z,TaxiAlgorithmP2PCollector,5,10000,20,100,1,nearest,1,4,1,BASELINE,1,116264426,Taxi Travel Distance [km],136.09,193.94,159.23,3184.52,20,57.849999999999994
2026-05-08T14:48:36.415251200Z,TaxiAlgorithmP2PCollector,5,10000,20,100,1,nearest,1,4,1,BASELINE,1,116264426,Client Waiting Time [min],1.83,61.03,19.62,1942.05,99,59.2
2026-05-08T14:48:36.415251200Z,TaxiAlgorithmP2PCollector,5,10000,20,100,1,nearest,1,4,1,BASELINE,1,116264426,Client Travel Time [min],516.0,4968.0,2011.09,201109.0,100,4452.0
2026-05-08T14:48:36.415251200Z,TaxiAlgorithmP2PCollector,5,10000,20,100,1,nearest,1,4,1,BASELINE,1,116264426,Calculation Time [millis],0.0,66.0,0.3,2681.0,9081,66.0
2026-05-08T14:48:36.415251200Z,TaxiAlgorithmP2PCollector,5,10000,20,100,1,nearest,1,4,1,BASELINE,1,116264426,Custom Time [micros],0.0,0.0,0.0,0.0,9081,0.0
2026-05-08T14:48:39.948504100Z,TaxiAlgorithmP2PCollector,5,10000,20,100,1,nearest,1,4,1,BASELINE,2,116264427,Taxi Travel Distance [km],166.11,218.27,183.88,3677.57,20,52.16
2026-05-08T14:48:39.948504100Z,TaxiAlgorithmP2PCollector,5,10000,20,100,1,nearest,1,4,1,BASELINE,2,116264427,Client Waiting Time [min],0.72,92.88,24.47,2422.8,99,92.16
2026-05-08T14:48:39.948504100Z,TaxiAlgorithmP2PCollector,5,10000,20,100,1,nearest,1,4,1,BASELINE,2,116264427,Client Travel Time [min],205.0,5705.0,2350.72,235072.0,100,5500.0
2026-05-08T14:48:39.948504100Z,TaxiAlgorithmP2PCollector,5,10000,20,100,1,nearest,1,4,1,BASELINE,2,116264427,Calculation Time [millis],0.0,72.0,0.33,3403.0,10334,72.0
2026-05-08T14:48:39.948504100Z,TaxiAlgorithmP2PCollector,5,10000,20,100,1,nearest,1,4,1,BASELINE,2,116264427,Custom Time [micros],0.0,0.0,0.0,0.0,10334,0.0
2026-05-08T14:48:42.402408100Z,TaxiAlgorithmP2PCollector,5,10000,20,100,1,nearest,1,4,1,BASELINE,3,116264428,Taxi Travel Distance [km],125.03,162.03,142.4,2848.0,20,37.0
2026-05-08T14:48:42.402408100Z,TaxiAlgorithmP2PCollector,5,10000,20,100,1,nearest,1,4,1,BASELINE,3,116264428,Client Waiting Time [min],1.27,76.28,19.55,1954.93,100,75.01
2026-05-08T14:48:42.402408100Z,TaxiAlgorithmP2PCollector,5,10000,20,100,1,nearest,1,4,1,BASELINE,3,116264428,Client Travel Time [min],251.0,5208.0,1997.29,199729.0,100,4957.0
2026-05-08T14:48:42.402408100Z,TaxiAlgorithmP2PCollector,5,10000,20,100,1,nearest,1,4,1,BASELINE,3,116264428,Calculation Time [millis],0.0,40.0,0.28,2289.0,8175,40.0
2026-05-08T14:48:42.402408100Z,TaxiAlgorithmP2PCollector,5,10000,20,100,1,nearest,1,4,1,BASELINE,3,116264428,Custom Time [micros],0.0,0.0,0.0,0.0,8175,0.0
2026-05-08T14:48:45.826403100Z,TaxiAlgorithmP2PCollector,5,10000,20,100,1,nearest,1,4,1,BASELINE,4,116264429,Taxi Travel Distance [km],153.35,189.72,168.9,3378.03,20,36.370000000000005
2026-05-08T14:48:45.826403100Z,TaxiAlgorithmP2PCollector,5,10000,20,100,1,nearest,1,4,1,BASELINE,4,116264429,Client Waiting Time [min],1.02,93.82,23.77,2377.07,100,92.8
2026-05-08T14:48:45.826403100Z,TaxiAlgorithmP2PCollector,5,10000,20,100,1,nearest,1,4,1,BASELINE,4,116264429,Client Travel Time [min],506.0,6366.0,2288.86,228886.0,100,5860.0
2026-05-08T14:48:45.826403100Z,TaxiAlgorithmP2PCollector,5,10000,20,100,1,nearest,1,4,1,BASELINE,4,116264429,Calculation Time [millis],0.0,59.0,0.37,3245.0,8832,59.0
2026-05-08T14:48:45.826403100Z,TaxiAlgorithmP2PCollector,5,10000,20,100,1,nearest,1,4,1,BASELINE,4,116264429,Custom Time [micros],0.0,0.0,0.0,0.0,8832,0.0
2026-05-08T14:48:49.528973300Z,TaxiAlgorithmP2PCollector,5,10000,20,100,1,nearest,1,4,1,BASELINE,5,116264430,Taxi Travel Distance [km],139.9,202.31,177.68,3553.6,20,62.41
2026-05-08T14:48:49.528973300Z,TaxiAlgorithmP2PCollector,5,10000,20,100,1,nearest,1,4,1,BASELINE,5,116264430,Client Waiting Time [min],1.95,123.97,25.91,2590.75,100,122.02
2026-05-08T14:48:49.528973300Z,TaxiAlgorithmP2PCollector,5,10000,20,100,1,nearest,1,4,1,BASELINE,5,116264430,Client Travel Time [min],493.0,8430.0,2438.46,243846.0,100,7937.0
2026-05-08T14:48:49.528973300Z,TaxiAlgorithmP2PCollector,5,10000,20,100,1,nearest,1,4,1,BASELINE,5,116264430,Calculation Time [millis],0.0,64.0,0.36,3488.0,9661,64.0
2026-05-08T14:48:49.528973300Z,TaxiAlgorithmP2PCollector,5,10000,20,100,1,nearest,1,4,1,BASELINE,5,116264430,Custom Time [micros],0.0,0.0,0.0,0.0,9661,0.0
2026-05-08T14:48:52.164271100Z,TaxiAlgorithmP2PCollector,5,10000,20,100,1,nearest,1,4,1,BASELINE,6,116264431,Taxi Travel Distance [km],129.32,176.44,157.11,3142.28,20,47.120000000000005
2026-05-08T14:48:52.164271100Z,TaxiAlgorithmP2PCollector,5,10000,20,100,1,nearest,1,4,1,BASELINE,6,116264431,Client Waiting Time [min],0.68,78.0,21.25,2124.68,100,77.32
2026-05-08T14:48:52.164271100Z,TaxiAlgorithmP2PCollector,5,10000,20,100,1,nearest,1,4,1,BASELINE,6,116264431,Client Travel Time [min],368.0,5556.0,2202.92,220292.0,100,5188.0
2026-05-08T14:48:52.164271100Z,TaxiAlgorithmP2PCollector,5,10000,20,100,1,nearest,1,4,1,BASELINE,6,116264431,Calculation Time [millis],0.0,38.0,0.28,2428.0,8822,38.0
2026-05-08T14:48:52.164271100Z,TaxiAlgorithmP2PCollector,5,10000,20,100,1,nearest,1,4,1,BASELINE,6,116264431,Custom Time [micros],0.0,0.0,0.0,0.0,8822,0.0
2026-05-08T14:48:55.139613500Z,TaxiAlgorithmP2PCollector,5,10000,20,100,1,nearest,1,4,1,BASELINE,7,116264432,Taxi Travel Distance [km],113.13,191.0,162.21,3244.26,20,77.87
2026-05-08T14:48:55.139613500Z,TaxiAlgorithmP2PCollector,5,10000,20,100,1,nearest,1,4,1,BASELINE,7,116264432,Client Waiting Time [min],0.4,89.8,21.48,2126.38,99,89.39999999999999
2026-05-08T14:48:55.139613500Z,TaxiAlgorithmP2PCollector,5,10000,20,100,1,nearest,1,4,1,BASELINE,7,116264432,Client Travel Time [min],160.0,6305.0,2155.57,215557.0,100,6145.0
2026-05-08T14:48:55.139613500Z,TaxiAlgorithmP2PCollector,5,10000,20,100,1,nearest,1,4,1,BASELINE,7,116264432,Calculation Time [millis],0.0,56.0,0.32,2787.0,8777,56.0
2026-05-08T14:48:55.139613500Z,TaxiAlgorithmP2PCollector,5,10000,20,100,1,nearest,1,4,1,BASELINE,7,116264432,Custom Time [micros],0.0,0.0,0.0,0.0,8777,0.0
2026-05-08T14:48:58.335968Z,TaxiAlgorithmP2PCollector,5,10000,20,100,1,nearest,1,4,1,BASELINE,8,116264433,Taxi Travel Distance [km],153.26,197.3,171.13,3422.52,20,44.04000000000002
2026-05-08T14:48:58.335968Z,TaxiAlgorithmP2PCollector,5,10000,20,100,1,nearest,1,4,1,BASELINE,8,116264433,Client Waiting Time [min],1.62,98.03,25.34,2508.63,99,96.41
2026-05-08T14:48:58.335968Z,TaxiAlgorithmP2PCollector,5,10000,20,100,1,nearest,1,4,1,BASELINE,8,116264433,Client Travel Time [min],724.0,6424.0,2475.58,247558.0,100,5700.0
2026-05-08T14:48:58.335968Z,TaxiAlgorithmP2PCollector,5,10000,20,100,1,nearest,1,4,1,BASELINE,8,116264433,Calculation Time [millis],0.0,67.0,0.31,3029.0,9692,67.0
2026-05-08T14:48:58.335968Z,TaxiAlgorithmP2PCollector,5,10000,20,100,1,nearest,1,4,1,BASELINE,8,116264433,Custom Time [micros],0.0,0.0,0.0,0.0,9692,0.0
2026-05-08T14:49:01.365288300Z,TaxiAlgorithmP2PCollector,5,10000,20,100,1,nearest,1,4,1,BASELINE,9,116264434,Taxi Travel Distance [km],138.3,208.94,167.71,3354.22,20,70.63999999999999
2026-05-08T14:49:01.365288300Z,TaxiAlgorithmP2PCollector,5,10000,20,100,1,nearest,1,4,1,BASELINE,9,116264434,Client Waiting Time [min],1.5,79.43,23.09,2309.1,100,77.93
2026-05-08T14:49:01.365288300Z,TaxiAlgorithmP2PCollector,5,10000,20,100,1,nearest,1,4,1,BASELINE,9,116264434,Client Travel Time [min],527.0,6351.0,2271.41,227141.0,100,5824.0
2026-05-08T14:49:01.365288300Z,TaxiAlgorithmP2PCollector,5,10000,20,100,1,nearest,1,4,1,BASELINE,9,116264434,Calculation Time [millis],0.0,49.0,0.29,2858.0,9735,49.0
2026-05-08T14:49:01.365288300Z,TaxiAlgorithmP2PCollector,5,10000,20,100,1,nearest,1,4,1,BASELINE,9,116264434,Custom Time [micros],0.0,0.0,0.0,0.0,9735,0.0
2026-05-08T14:49:04.484661700Z,TaxiAlgorithmP2PCollector,5,10000,20,100,1,nearest,1,4,1,BASELINE,10,116264435,Taxi Travel Distance [km],129.36,184.71,159.17,3183.46,20,55.349999999999994
2026-05-08T14:49:04.484661700Z,TaxiAlgorithmP2PCollector,5,10000,20,100,1,nearest,1,4,1,BASELINE,10,116264435,Client Waiting Time [min],2.15,114.05,25.08,2508.3,100,111.89999999999999
2026-05-08T14:49:04.484661700Z,TaxiAlgorithmP2PCollector,5,10000,20,100,1,nearest,1,4,1,BASELINE,10,116264435,Client Travel Time [min],766.0,7557.0,2371.41,237141.0,100,6791.0
2026-05-08T14:49:04.484661700Z,TaxiAlgorithmP2PCollector,5,10000,20,100,1,nearest,1,4,1,BASELINE,10,116264435,Calculation Time [millis],0.0,33.0,0.32,2875.0,8942,33.0
2026-05-08T14:49:04.484661700Z,TaxiAlgorithmP2PCollector,5,10000,20,100,1,nearest,1,4,1,BASELINE,10,116264435,Custom Time [micros],0.0,0.0,0.0,0.0,8942,0.0
2026-05-08T14:49:04.856664100Z,TaxiAlgorithmP2PCollector,5,20000,5,25,1,nearest,1,4,1,BASELINE,1,116264426,Taxi Travel Distance [km],144.26,172.09,156.73,783.65,5,27.830000000000013
2026-05-08T14:49:04.856664100Z,TaxiAlgorithmP2PCollector,5,20000,5,25,1,nearest,1,4,1,BASELINE,1,116264426,Client Waiting Time [min],1.78,52.15,21.12,527.98,25,50.37
2026-05-08T14:49:04.856664100Z,TaxiAlgorithmP2PCollector,5,20000,5,25,1,nearest,1,4,1,BASELINE,1,116264426,Client Travel Time [min],920.0,4457.0,2134.08,53352.0,25,3537.0
2026-05-08T14:49:04.856664100Z,TaxiAlgorithmP2PCollector,5,20000,5,25,1,nearest,1,4,1,BASELINE,1,116264426,Calculation Time [millis],0.0,0.0,0.03,208.0,8112,0.0
2026-05-08T14:49:04.856664100Z,TaxiAlgorithmP2PCollector,5,20000,5,25,1,nearest,1,4,1,BASELINE,1,116264426,Custom Time [micros],0.0,0.0,0.0,0.0,8112,0.0
2026-05-08T14:49:05.182661100Z,TaxiAlgorithmP2PCollector,5,20000,5,25,1,nearest,1,4,1,BASELINE,2,116264427,Taxi Travel Distance [km],150.0,173.68,157.49,787.46,5,23.680000000000007
2026-05-08T14:49:05.182661100Z,TaxiAlgorithmP2PCollector,5,20000,5,25,1,nearest,1,4,1,BASELINE,2,116264427,Client Waiting Time [min],8.28,103.52,40.89,981.47,24,95.24
2026-05-08T14:49:05.182661100Z,TaxiAlgorithmP2PCollector,5,20000,5,25,1,nearest,1,4,1,BASELINE,2,116264427,Client Travel Time [min],793.0,6513.0,3310.56,82764.0,25,5720.0
2026-05-08T14:49:05.182661100Z,TaxiAlgorithmP2PCollector,5,20000,5,25,1,nearest,1,4,1,BASELINE,2,116264427,Calculation Time [millis],0.0,10.0,0.03,241.0,8666,10.0
2026-05-08T14:49:05.182661100Z,TaxiAlgorithmP2PCollector,5,20000,5,25,1,nearest,1,4,1,BASELINE,2,116264427,Custom Time [micros],0.0,0.0,0.0,0.0,8666,0.0
2026-05-08T14:49:05.446664500Z,TaxiAlgorithmP2PCollector,5,20000,5,25,1,nearest,1,4,1,BASELINE,3,116264428,Taxi Travel Distance [km],115.01,146.35,134.68,673.38,5,31.33999999999999
2026-05-08T14:49:05.446664500Z,TaxiAlgorithmP2PCollector,5,20000,5,25,1,nearest,1,4,1,BASELINE,3,116264428,Client Waiting Time [min],3.03,86.03,28.99,724.68,25,83.0
2026-05-08T14:49:05.446664500Z,TaxiAlgorithmP2PCollector,5,20000,5,25,1,nearest,1,4,1,BASELINE,3,116264428,Client Travel Time [min],580.0,5653.0,2424.84,60621.0,25,5073.0
2026-05-08T14:49:05.446664500Z,TaxiAlgorithmP2PCollector,5,20000,5,25,1,nearest,1,4,1,BASELINE,3,116264428,Calculation Time [millis],0.0,0.0,0.03,203.0,7811,0.0
2026-05-08T14:49:05.446664500Z,TaxiAlgorithmP2PCollector,5,20000,5,25,1,nearest,1,4,1,BASELINE,3,116264428,Custom Time [micros],0.0,0.0,0.0,0.0,7811,0.0
2026-05-08T14:49:05.971664Z,TaxiAlgorithmP2PCollector,5,20000,5,25,1,nearest,1,4,1,BASELINE,4,116264429,Taxi Travel Distance [km],165.64,178.94,171.13,855.67,5,13.300000000000011
2026-05-08T14:49:05.971664Z,TaxiAlgorithmP2PCollector,5,20000,5,25,1,nearest,1,4,1,BASELINE,4,116264429,Client Waiting Time [min],4.68,116.78,35.11,877.82,25,112.1
2026-05-08T14:49:05.971664Z,TaxiAlgorithmP2PCollector,5,20000,5,25,1,nearest,1,4,1,BASELINE,4,116264429,Client Travel Time [min],905.0,7656.0,2943.68,73592.0,25,6751.0
2026-05-08T14:49:05.971664Z,TaxiAlgorithmP2PCollector,5,20000,5,25,1,nearest,1,4,1,BASELINE,4,116264429,Calculation Time [millis],0.0,0.0,0.05,418.0,9256,0.0
2026-05-08T14:49:05.971664Z,TaxiAlgorithmP2PCollector,5,20000,5,25,1,nearest,1,4,1,BASELINE,4,116264429,Custom Time [micros],0.0,0.0,0.0,0.0,9256,0.0
2026-05-08T14:49:06.403660100Z,TaxiAlgorithmP2PCollector,5,20000,5,25,1,nearest,1,4,1,BASELINE,5,116264430,Taxi Travel Distance [km],126.96,200.38,163.95,819.77,5,73.42
2026-05-08T14:49:06.403660100Z,TaxiAlgorithmP2PCollector,5,20000,5,25,1,nearest,1,4,1,BASELINE,5,116264430,Client Waiting Time [min],4.53,99.58,40.25,1006.32,25,95.05
2026-05-08T14:49:06.403660100Z,TaxiAlgorithmP2PCollector,5,20000,5,25,1,nearest,1,4,1,BASELINE,5,116264430,Client Travel Time [min],713.0,6142.0,3261.48,81537.0,25,5429.0
2026-05-08T14:49:06.403660100Z,TaxiAlgorithmP2PCollector,5,20000,5,25,1,nearest,1,4,1,BASELINE,5,116264430,Calculation Time [millis],0.0,16.0,0.03,351.0,10112,16.0
2026-05-08T14:49:06.403660100Z,TaxiAlgorithmP2PCollector,5,20000,5,25,1,nearest,1,4,1,BASELINE,5,116264430,Custom Time [micros],0.0,0.0,0.0,0.0,10112,0.0
2026-05-08T14:49:06.744661400Z,TaxiAlgorithmP2PCollector,5,20000,5,25,1,nearest,1,4,1,BASELINE,6,116264431,Taxi Travel Distance [km],155.26,201.91,180.28,901.39,5,46.650000000000006
2026-05-08T14:49:06.744661400Z,TaxiAlgorithmP2PCollector,5,20000,5,25,1,nearest,1,4,1,BASELINE,6,116264431,Client Waiting Time [min],2.23,78.4,28.09,702.27,25,76.17
2026-05-08T14:49:06.744661400Z,TaxiAlgorithmP2PCollector,5,20000,5,25,1,nearest,1,4,1,BASELINE,6,116264431,Client Travel Time [min],303.0,5286.0,2599.4,64985.0,25,4983.0
2026-05-08T14:49:06.744661400Z,TaxiAlgorithmP2PCollector,5,20000,5,25,1,nearest,1,4,1,BASELINE,6,116264431,Calculation Time [millis],0.0,0.0,0.03,242.0,9510,0.0
2026-05-08T14:49:06.744661400Z,TaxiAlgorithmP2PCollector,5,20000,5,25,1,nearest,1,4,1,BASELINE,6,116264431,Custom Time [micros],0.0,0.0,0.0,0.0,9510,0.0
2026-05-08T14:49:07.119411900Z,TaxiAlgorithmP2PCollector,5,20000,5,25,1,nearest,1,4,1,BASELINE,7,116264432,Taxi Travel Distance [km],156.56,187.37,172.57,862.86,5,30.810000000000002
2026-05-08T14:49:07.119411900Z,TaxiAlgorithmP2PCollector,5,20000,5,25,1,nearest,1,4,1,BASELINE,7,116264432,Client Waiting Time [min],0.52,82.43,25.18,629.38,25,81.91000000000001
2026-05-08T14:49:07.119411900Z,TaxiAlgorithmP2PCollector,5,20000,5,25,1,nearest,1,4,1,BASELINE,7,116264432,Client Travel Time [min],160.0,5315.0,2437.24,60931.0,25,5155.0
2026-05-08T14:49:07.119411900Z,TaxiAlgorithmP2PCollector,5,20000,5,25,1,nearest,1,4,1,BASELINE,7,116264432,Calculation Time [millis],0.0,0.0,0.03,291.0,9604,0.0
2026-05-08T14:49:07.119411900Z,TaxiAlgorithmP2PCollector,5,20000,5,25,1,nearest,1,4,1,BASELINE,7,116264432,Custom Time [micros],0.0,0.0,0.0,0.0,9604,0.0
2026-05-08T14:49:07.510410400Z,TaxiAlgorithmP2PCollector,5,20000,5,25,1,nearest,1,4,1,BASELINE,8,116264433,Taxi Travel Distance [km],164.48,227.29,183.71,918.57,5,62.81
2026-05-08T14:49:07.510410400Z,TaxiAlgorithmP2PCollector,5,20000,5,25,1,nearest,1,4,1,BASELINE,8,116264433,Client Waiting Time [min],1.25,116.87,37.71,904.98,24,115.62
2026-05-08T14:49:07.510410400Z,TaxiAlgorithmP2PCollector,5,20000,5,25,1,nearest,1,4,1,BASELINE,8,116264433,Client Travel Time [min],719.0,7432.0,3172.36,79309.0,25,6713.0
2026-05-08T14:49:07.510410400Z,TaxiAlgorithmP2PCollector,5,20000,5,25,1,nearest,1,4,1,BASELINE,8,116264433,Calculation Time [millis],0.0,0.0,0.03,292.0,10523,0.0
2026-05-08T14:49:07.510410400Z,TaxiAlgorithmP2PCollector,5,20000,5,25,1,nearest,1,4,1,BASELINE,8,116264433,Custom Time [micros],0.0,0.0,0.0,0.0,10523,0.0
2026-05-08T14:49:07.960409500Z,TaxiAlgorithmP2PCollector,5,20000,5,25,1,nearest,1,4,1,BASELINE,9,116264434,Taxi Travel Distance [km],156.66,187.52,173.46,867.28,5,30.860000000000014
2026-05-08T14:49:07.960409500Z,TaxiAlgorithmP2PCollector,5,20000,5,25,1,nearest,1,4,1,BASELINE,9,116264434,Client Waiting Time [min],1.7,113.28,31.57,757.73,24,111.58
2026-05-08T14:49:07.960409500Z,TaxiAlgorithmP2PCollector,5,20000,5,25,1,nearest,1,4,1,BASELINE,9,116264434,Client Travel Time [min],711.0,7175.0,2792.72,69818.0,25,6464.0
2026-05-08T14:49:07.960409500Z,TaxiAlgorithmP2PCollector,5,20000,5,25,1,nearest,1,4,1,BASELINE,9,116264434,Calculation Time [millis],0.0,0.0,0.04,326.0,8982,0.0
2026-05-08T14:49:07.960409500Z,TaxiAlgorithmP2PCollector,5,20000,5,25,1,nearest,1,4,1,BASELINE,9,116264434,Custom Time [micros],0.0,0.0,0.0,0.0,8982,0.0
2026-05-08T14:49:08.380411100Z,TaxiAlgorithmP2PCollector,5,20000,5,25,1,nearest,1,4,1,BASELINE,10,116264435,Taxi Travel Distance [km],180.73,219.83,196.59,982.93,5,39.10000000000002
2026-05-08T14:49:08.380411100Z,TaxiAlgorithmP2PCollector,5,20000,5,25,1,nearest,1,4,1,BASELINE,10,116264435,Client Waiting Time [min],3.3,88.02,32.39,809.8,25,84.72
2026-05-08T14:49:08.380411100Z,TaxiAlgorithmP2PCollector,5,20000,5,25,1,nearest,1,4,1,BASELINE,10,116264435,Client Travel Time [min],860.0,5855.0,2864.56,71614.0,25,4995.0
2026-05-08T14:49:08.380411100Z,TaxiAlgorithmP2PCollector,5,20000,5,25,1,nearest,1,4,1,BASELINE,10,116264435,Calculation Time [millis],0.0,0.0,0.03,318.0,10624,0.0
2026-05-08T14:49:08.380411100Z,TaxiAlgorithmP2PCollector,5,20000,5,25,1,nearest,1,4,1,BASELINE,10,116264435,Custom Time [micros],0.0,0.0,0.0,0.0,10624,0.0
2026-05-08T14:49:08.643499600Z,TaxiAlgorithmP2PCollector,5,20000,10,25,1,nearest,1,4,1,BASELINE,1,116264426,Taxi Travel Distance [km],68.64,130.78,104.99,1049.9,10,62.14
2026-05-08T14:49:08.643499600Z,TaxiAlgorithmP2PCollector,5,20000,10,25,1,nearest,1,4,1,BASELINE,1,116264426,Client Waiting Time [min],4.2,29.23,15.8,394.9,25,25.03
2026-05-08T14:49:08.643499600Z,TaxiAlgorithmP2PCollector,5,20000,10,25,1,nearest,1,4,1,BASELINE,1,116264426,Client Travel Time [min],943.0,2845.0,1803.08,45077.0,25,1902.0
2026-05-08T14:49:08.643499600Z,TaxiAlgorithmP2PCollector,5,20000,10,25,1,nearest,1,4,1,BASELINE,1,116264426,Calculation Time [millis],0.0,0.0,0.02,170.0,7044,0.0
2026-05-08T14:49:08.643499600Z,TaxiAlgorithmP2PCollector,5,20000,10,25,1,nearest,1,4,1,BASELINE,1,116264426,Custom Time [micros],0.0,0.0,0.0,0.0,7044,0.0
2026-05-08T14:49:08.938517600Z,TaxiAlgorithmP2PCollector,5,20000,10,25,1,nearest,1,4,1,BASELINE,2,116264427,Taxi Travel Distance [km],66.1,128.85,96.5,964.99,10,62.75
2026-05-08T14:49:08.938517600Z,TaxiAlgorithmP2PCollector,5,20000,10,25,1,nearest,1,4,1,BASELINE,2,116264427,Client Waiting Time [min],2.17,33.33,15.83,395.78,25,31.159999999999997
2026-05-08T14:49:08.938517600Z,TaxiAlgorithmP2PCollector,5,20000,10,25,1,nearest,1,4,1,BASELINE,2,116264427,Client Travel Time [min],396.0,4121.0,1817.12,45428.0,25,3725.0
2026-05-08T14:49:08.938517600Z,TaxiAlgorithmP2PCollector,5,20000,10,25,1,nearest,1,4,1,BASELINE,2,116264427,Calculation Time [millis],0.0,0.0,0.04,228.0,6499,0.0
2026-05-08T14:49:08.938517600Z,TaxiAlgorithmP2PCollector,5,20000,10,25,1,nearest,1,4,1,BASELINE,2,116264427,Custom Time [micros],0.0,0.0,0.0,0.0,6499,0.0
2026-05-08T14:49:09.268517700Z,TaxiAlgorithmP2PCollector,5,20000,10,25,1,nearest,1,4,1,BASELINE,3,116264428,Taxi Travel Distance [km],45.24,140.17,85.76,857.61,10,94.92999999999998
2026-05-08T14:49:09.268517700Z,TaxiAlgorithmP2PCollector,5,20000,10,25,1,nearest,1,4,1,BASELINE,3,116264428,Client Waiting Time [min],1.37,42.1,13.97,349.15,25,40.730000000000004
2026-05-08T14:49:09.268517700Z,TaxiAlgorithmP2PCollector,5,20000,10,25,1,nearest,1,4,1,BASELINE,3,116264428,Client Travel Time [min],575.0,2778.0,1559.92,38998.0,25,2203.0
2026-05-08T14:49:09.268517700Z,TaxiAlgorithmP2PCollector,5,20000,10,25,1,nearest,1,4,1,BASELINE,3,116264428,Calculation Time [millis],0.0,0.0,0.03,214.0,7465,0.0
2026-05-08T14:49:09.268517700Z,TaxiAlgorithmP2PCollector,5,20000,10,25,1,nearest,1,4,1,BASELINE,3,116264428,Custom Time [micros],0.0,0.0,0.0,0.0,7465,0.0
2026-05-08T14:49:09.545571800Z,TaxiAlgorithmP2PCollector,5,20000,10,25,1,nearest,1,4,1,BASELINE,4,116264429,Taxi Travel Distance [km],62.83,134.53,97.87,978.67,10,71.7
2026-05-08T14:49:09.545571800Z,TaxiAlgorithmP2PCollector,5,20000,10,25,1,nearest,1,4,1,BASELINE,4,116264429,Client Waiting Time [min],3.02,34.03,13.26,331.6,25,31.01
2026-05-08T14:49:09.545571800Z,TaxiAlgorithmP2PCollector,5,20000,10,25,1,nearest,1,4,1,BASELINE,4,116264429,Client Travel Time [min],889.0,2694.0,1658.08,41452.0,25,1805.0
2026-05-08T14:49:09.545571800Z,TaxiAlgorithmP2PCollector,5,20000,10,25,1,nearest,1,4,1,BASELINE,4,116264429,Calculation Time [millis],0.0,0.0,0.03,177.0,6437,0.0
2026-05-08T14:49:09.545571800Z,TaxiAlgorithmP2PCollector,5,20000,10,25,1,nearest,1,4,1,BASELINE,4,116264429,Custom Time [micros],0.0,0.0,0.0,0.0,6437,0.0
2026-05-08T14:49:10.166570700Z,TaxiAlgorithmP2PCollector,5,20000,10,25,1,nearest,1,4,1,BASELINE,5,116264430,Taxi Travel Distance [km],81.6,147.74,111.21,1112.1,10,66.14000000000001
2026-05-08T14:49:10.166570700Z,TaxiAlgorithmP2PCollector,5,20000,10,25,1,nearest,1,4,1,BASELINE,5,116264430,Client Waiting Time [min],0.95,48.33,19.11,477.85,25,47.379999999999995
2026-05-08T14:49:10.166570700Z,TaxiAlgorithmP2PCollector,5,20000,10,25,1,nearest,1,4,1,BASELINE,5,116264430,Client Travel Time [min],383.0,4505.0,2037.4,50935.0,25,4122.0
2026-05-08T14:49:10.166570700Z,TaxiAlgorithmP2PCollector,5,20000,10,25,1,nearest,1,4,1,BASELINE,5,116264430,Calculation Time [millis],0.0,0.0,0.06,506.0,8049,0.0
2026-05-08T14:49:10.166570700Z,TaxiAlgorithmP2PCollector,5,20000,10,25,1,nearest,1,4,1,BASELINE,5,116264430,Custom Time [micros],0.0,0.0,0.0,0.0,8049,0.0
2026-05-08T14:49:10.467179800Z,TaxiAlgorithmP2PCollector,5,20000,10,25,1,nearest,1,4,1,BASELINE,6,116264431,Taxi Travel Distance [km],75.01,142.14,109.17,1091.7,10,67.12999999999998
2026-05-08T14:49:10.467179800Z,TaxiAlgorithmP2PCollector,5,20000,10,25,1,nearest,1,4,1,BASELINE,6,116264431,Client Waiting Time [min],1.33,39.2,17.78,444.62,25,37.870000000000005
2026-05-08T14:49:10.467179800Z,TaxiAlgorithmP2PCollector,5,20000,10,25,1,nearest,1,4,1,BASELINE,6,116264431,Client Travel Time [min],295.0,4020.0,2129.8,53245.0,25,3725.0
2026-05-08T14:49:10.467179800Z,TaxiAlgorithmP2PCollector,5,20000,10,25,1,nearest,1,4,1,BASELINE,6,116264431,Calculation Time [millis],0.0,0.0,0.02,190.0,8145,0.0
2026-05-08T14:49:10.467179800Z,TaxiAlgorithmP2PCollector,5,20000,10,25,1,nearest,1,4,1,BASELINE,6,116264431,Custom Time [micros],0.0,0.0,0.0,0.0,8145,0.0
2026-05-08T14:49:10.741178300Z,TaxiAlgorithmP2PCollector,5,20000,10,25,1,nearest,1,4,1,BASELINE,7,116264432,Taxi Travel Distance [km],66.71,163.7,106.42,1064.17,10,96.99
2026-05-08T14:49:10.741178300Z,TaxiAlgorithmP2PCollector,5,20000,10,25,1,nearest,1,4,1,BASELINE,7,116264432,Client Waiting Time [min],5.17,31.02,14.86,371.62,25,25.85
2026-05-08T14:49:10.741178300Z,TaxiAlgorithmP2PCollector,5,20000,10,25,1,nearest,1,4,1,BASELINE,7,116264432,Client Travel Time [min],806.0,3304.0,1896.64,47416.0,25,2498.0
2026-05-08T14:49:10.741178300Z,TaxiAlgorithmP2PCollector,5,20000,10,25,1,nearest,1,4,1,BASELINE,7,116264432,Calculation Time [millis],0.0,0.0,0.03,200.0,7804,0.0
2026-05-08T14:49:10.741178300Z,TaxiAlgorithmP2PCollector,5,20000,10,25,1,nearest,1,4,1,BASELINE,7,116264432,Custom Time [micros],0.0,0.0,0.0,0.0,7804,0.0
2026-05-08T14:49:11.161185600Z,TaxiAlgorithmP2PCollector,5,20000,10,25,1,nearest,1,4,1,BASELINE,8,116264433,Taxi Travel Distance [km],85.59,138.23,108.14,1081.39,10,52.639999999999986
2026-05-08T14:49:11.161185600Z,TaxiAlgorithmP2PCollector,5,20000,10,25,1,nearest,1,4,1,BASELINE,8,116264433,Client Waiting Time [min],0.73,49.27,16.95,406.87,24,48.540000000000006
2026-05-08T14:49:11.161185600Z,TaxiAlgorithmP2PCollector,5,20000,10,25,1,nearest,1,4,1,BASELINE,8,116264433,Client Travel Time [min],1235.0,3662.0,2009.04,50226.0,25,2427.0
2026-05-08T14:49:11.161185600Z,TaxiAlgorithmP2PCollector,5,20000,10,25,1,nearest,1,4,1,BASELINE,8,116264433,Calculation Time [millis],0.0,0.0,0.04,307.0,8198,0.0
2026-05-08T14:49:11.161185600Z,TaxiAlgorithmP2PCollector,5,20000,10,25,1,nearest,1,4,1,BASELINE,8,116264433,Custom Time [micros],0.0,0.0,0.0,0.0,8198,0.0
2026-05-08T14:49:11.438463Z,TaxiAlgorithmP2PCollector,5,20000,10,25,1,nearest,1,4,1,BASELINE,9,116264434,Taxi Travel Distance [km],65.23,118.29,95.53,955.27,10,53.06
2026-05-08T14:49:11.438463Z,TaxiAlgorithmP2PCollector,5,20000,10,25,1,nearest,1,4,1,BASELINE,9,116264434,Client Waiting Time [min],2.77,40.85,14.44,360.92,25,38.08
2026-05-08T14:49:11.438463Z,TaxiAlgorithmP2PCollector,5,20000,10,25,1,nearest,1,4,1,BASELINE,9,116264434,Client Travel Time [min],730.0,3434.0,1720.24,43006.0,25,2704.0
2026-05-08T14:49:11.438463Z,TaxiAlgorithmP2PCollector,5,20000,10,25,1,nearest,1,4,1,BASELINE,9,116264434,Calculation Time [millis],0.0,0.0,0.03,180.0,6631,0.0
2026-05-08T14:49:11.438463Z,TaxiAlgorithmP2PCollector,5,20000,10,25,1,nearest,1,4,1,BASELINE,9,116264434,Custom Time [micros],0.0,0.0,0.0,0.0,6631,0.0
2026-05-08T14:49:11.685521600Z,TaxiAlgorithmP2PCollector,5,20000,10,25,1,nearest,1,4,1,BASELINE,10,116264435,Taxi Travel Distance [km],64.04,146.33,97.24,972.35,10,82.29
2026-05-08T14:49:11.685521600Z,TaxiAlgorithmP2PCollector,5,20000,10,25,1,nearest,1,4,1,BASELINE,10,116264435,Client Waiting Time [min],1.53,46.17,14.39,359.72,25,44.64
2026-05-08T14:49:11.685521600Z,TaxiAlgorithmP2PCollector,5,20000,10,25,1,nearest,1,4,1,BASELINE,10,116264435,Client Travel Time [min],348.0,4174.0,1806.0,45150.0,25,3826.0
2026-05-08T14:49:11.685521600Z,TaxiAlgorithmP2PCollector,5,20000,10,25,1,nearest,1,4,1,BASELINE,10,116264435,Calculation Time [millis],0.0,0.0,0.02,157.0,8798,0.0
2026-05-08T14:49:11.685521600Z,TaxiAlgorithmP2PCollector,5,20000,10,25,1,nearest,1,4,1,BASELINE,10,116264435,Custom Time [micros],0.0,0.0,0.0,0.0,8798,0.0
2026-05-08T14:49:12.775722700Z,TaxiAlgorithmP2PCollector,5,20000,10,50,1,nearest,1,4,1,BASELINE,1,116264426,Taxi Travel Distance [km],146.09,195.71,167.45,1674.54,10,49.620000000000005
2026-05-08T14:49:12.775722700Z,TaxiAlgorithmP2PCollector,5,20000,10,50,1,nearest,1,4,1,BASELINE,1,116264426,Client Waiting Time [min],1.73,114.27,28.93,1417.38,49,112.53999999999999
2026-05-08T14:49:12.775722700Z,TaxiAlgorithmP2PCollector,5,20000,10,50,1,nearest,1,4,1,BASELINE,1,116264426,Client Travel Time [min],720.0,7457.0,2547.88,127394.0,50,6737.0
2026-05-08T14:49:12.775722700Z,TaxiAlgorithmP2PCollector,5,20000,10,50,1,nearest,1,4,1,BASELINE,1,116264426,Calculation Time [millis],0.0,4.0,0.11,991.0,9208,4.0
2026-05-08T14:49:12.775722700Z,TaxiAlgorithmP2PCollector,5,20000,10,50,1,nearest,1,4,1,BASELINE,1,116264426,Custom Time [micros],0.0,0.0,0.0,0.0,9208,0.0
2026-05-08T14:49:13.789264900Z,TaxiAlgorithmP2PCollector,5,20000,10,50,1,nearest,1,4,1,BASELINE,2,116264427,Taxi Travel Distance [km],152.75,191.84,167.06,1670.56,10,39.09
2026-05-08T14:49:13.789264900Z,TaxiAlgorithmP2PCollector,5,20000,10,50,1,nearest,1,4,1,BASELINE,2,116264427,Client Waiting Time [min],0.52,118.13,26.51,1299.03,49,117.61
2026-05-08T14:49:13.789264900Z,TaxiAlgorithmP2PCollector,5,20000,10,50,1,nearest,1,4,1,BASELINE,2,116264427,Client Travel Time [min],549.0,8596.0,2381.84,119092.0,50,8047.0
2026-05-08T14:49:13.789264900Z,TaxiAlgorithmP2PCollector,5,20000,10,50,1,nearest,1,4,1,BASELINE,2,116264427,Calculation Time [millis],0.0,7.0,0.09,869.0,9368,7.0
2026-05-08T14:49:13.789264900Z,TaxiAlgorithmP2PCollector,5,20000,10,50,1,nearest,1,4,1,BASELINE,2,116264427,Custom Time [micros],0.0,0.0,0.0,0.0,9368,0.0
2026-05-08T14:49:14.784493200Z,TaxiAlgorithmP2PCollector,5,20000,10,50,1,nearest,1,4,1,BASELINE,3,116264428,Taxi Travel Distance [km],151.31,190.71,170.38,1703.79,10,39.400000000000006
2026-05-08T14:49:14.784493200Z,TaxiAlgorithmP2PCollector,5,20000,10,50,1,nearest,1,4,1,BASELINE,3,116264428,Client Waiting Time [min],3.33,108.95,32.33,1616.55,50,105.62
2026-05-08T14:49:14.784493200Z,TaxiAlgorithmP2PCollector,5,20000,10,50,1,nearest,1,4,1,BASELINE,3,116264428,Client Travel Time [min],580.0,7674.0,2722.18,136109.0,50,7094.0
2026-05-08T14:49:14.784493200Z,TaxiAlgorithmP2PCollector,5,20000,10,50,1,nearest,1,4,1,BASELINE,3,116264428,Calculation Time [millis],0.0,12.0,0.09,863.0,9138,12.0
2026-05-08T14:49:14.784493200Z,TaxiAlgorithmP2PCollector,5,20000,10,50,1,nearest,1,4,1,BASELINE,3,116264428,Custom Time [micros],0.0,0.0,0.0,0.0,9138,0.0
2026-05-08T14:49:15.872123700Z,TaxiAlgorithmP2PCollector,5,20000,10,50,1,nearest,1,4,1,BASELINE,4,116264429,Taxi Travel Distance [km],149.95,193.07,167.14,1671.4,10,43.120000000000005
2026-05-08T14:49:15.872123700Z,TaxiAlgorithmP2PCollector,5,20000,10,50,1,nearest,1,4,1,BASELINE,4,116264429,Client Waiting Time [min],0.33,96.72,27.71,1357.65,49,96.39
2026-05-08T14:49:15.872123700Z,TaxiAlgorithmP2PCollector,5,20000,10,50,1,nearest,1,4,1,BASELINE,4,116264429,Client Travel Time [min],728.0,6002.0,2473.54,123677.0,50,5274.0
2026-05-08T14:49:15.872123700Z,TaxiAlgorithmP2PCollector,5,20000,10,50,1,nearest,1,4,1,BASELINE,4,116264429,Calculation Time [millis],0.0,15.0,0.11,972.0,8975,15.0
2026-05-08T14:49:15.872123700Z,TaxiAlgorithmP2PCollector,5,20000,10,50,1,nearest,1,4,1,BASELINE,4,116264429,Custom Time [micros],0.0,0.0,0.0,0.0,8975,0.0
2026-05-08T14:49:17.026123700Z,TaxiAlgorithmP2PCollector,5,20000,10,50,1,nearest,1,4,1,BASELINE,5,116264430,Taxi Travel Distance [km],127.06,229.16,181.25,1812.55,10,102.1
2026-05-08T14:49:17.026123700Z,TaxiAlgorithmP2PCollector,5,20000,10,50,1,nearest,1,4,1,BASELINE,5,116264430,Client Waiting Time [min],0.83,125.42,37.61,1880.37,50,124.59
2026-05-08T14:49:17.026123700Z,TaxiAlgorithmP2PCollector,5,20000,10,50,1,nearest,1,4,1,BASELINE,5,116264430,Client Travel Time [min],788.0,8763.0,3134.2,156710.0,50,7975.0
2026-05-08T14:49:17.026123700Z,TaxiAlgorithmP2PCollector,5,20000,10,50,1,nearest,1,4,1,BASELINE,5,116264430,Calculation Time [millis],0.0,18.0,0.1,1046.0,10770,18.0
2026-05-08T14:49:17.026123700Z,TaxiAlgorithmP2PCollector,5,20000,10,50,1,nearest,1,4,1,BASELINE,5,116264430,Custom Time [micros],0.0,0.0,0.0,0.0,10770,0.0
2026-05-08T14:49:18.021279700Z,TaxiAlgorithmP2PCollector,5,20000,10,50,1,nearest,1,4,1,BASELINE,6,116264431,Taxi Travel Distance [km],162.93,194.76,176.97,1769.74,10,31.829999999999984
2026-05-08T14:49:18.021279700Z,TaxiAlgorithmP2PCollector,5,20000,10,50,1,nearest,1,4,1,BASELINE,6,116264431,Client Waiting Time [min],1.93,94.72,29.58,1478.75,50,92.78999999999999
2026-05-08T14:49:18.021279700Z,TaxiAlgorithmP2PCollector,5,20000,10,50,1,nearest,1,4,1,BASELINE,6,116264431,Client Travel Time [min],831.0,6989.0,2744.02,137201.0,50,6158.0
2026-05-08T14:49:18.021279700Z,TaxiAlgorithmP2PCollector,5,20000,10,50,1,nearest,1,4,1,BASELINE,6,116264431,Calculation Time [millis],0.0,19.0,0.09,887.0,9533,19.0
2026-05-08T14:49:18.021279700Z,TaxiAlgorithmP2PCollector,5,20000,10,50,1,nearest,1,4,1,BASELINE,6,116264431,Custom Time [micros],0.0,0.0,0.0,0.0,9533,0.0
2026-05-08T14:49:19.094192300Z,TaxiAlgorithmP2PCollector,5,20000,10,50,1,nearest,1,4,1,BASELINE,7,116264432,Taxi Travel Distance [km],153.16,210.76,180.09,1800.88,10,57.599999999999994
2026-05-08T14:49:19.094192300Z,TaxiAlgorithmP2PCollector,5,20000,10,50,1,nearest,1,4,1,BASELINE,7,116264432,Client Waiting Time [min],1.72,103.98,28.56,1428.08,50,102.26
2026-05-08T14:49:19.094192300Z,TaxiAlgorithmP2PCollector,5,20000,10,50,1,nearest,1,4,1,BASELINE,7,116264432,Client Travel Time [min],462.0,6909.0,2554.58,127729.0,50,6447.0
2026-05-08T14:49:19.094192300Z,TaxiAlgorithmP2PCollector,5,20000,10,50,1,nearest,1,4,1,BASELINE,7,116264432,Calculation Time [millis],0.0,24.0,0.1,982.0,10147,24.0
2026-05-08T14:49:19.094192300Z,TaxiAlgorithmP2PCollector,5,20000,10,50,1,nearest,1,4,1,BASELINE,7,116264432,Custom Time [micros],0.0,0.0,0.0,0.0,10147,0.0
2026-05-08T14:49:20.261382Z,TaxiAlgorithmP2PCollector,5,20000,10,50,1,nearest,1,4,1,BASELINE,8,116264433,Taxi Travel Distance [km],154.38,180.96,169.0,1689.95,10,26.580000000000013
2026-05-08T14:49:20.261382Z,TaxiAlgorithmP2PCollector,5,20000,10,50,1,nearest,1,4,1,BASELINE,8,116264433,Client Waiting Time [min],3.52,108.68,32.21,1610.45,50,105.16000000000001
2026-05-08T14:49:20.261382Z,TaxiAlgorithmP2PCollector,5,20000,10,50,1,nearest,1,4,1,BASELINE,8,116264433,Client Travel Time [min],821.0,6876.0,2787.9,139395.0,50,6055.0
2026-05-08T14:49:20.261382Z,TaxiAlgorithmP2PCollector,5,20000,10,50,1,nearest,1,4,1,BASELINE,8,116264433,Calculation Time [millis],0.0,23.0,0.12,1070.0,9021,23.0
2026-05-08T14:49:20.261382Z,TaxiAlgorithmP2PCollector,5,20000,10,50,1,nearest,1,4,1,BASELINE,8,116264433,Custom Time [micros],0.0,0.0,0.0,0.0,9021,0.0
2026-05-08T14:49:21.176924400Z,TaxiAlgorithmP2PCollector,5,20000,10,50,1,nearest,1,4,1,BASELINE,9,116264434,Taxi Travel Distance [km],144.45,186.84,165.86,1658.57,10,42.390000000000015
2026-05-08T14:49:21.176924400Z,TaxiAlgorithmP2PCollector,5,20000,10,50,1,nearest,1,4,1,BASELINE,9,116264434,Client Waiting Time [min],0.25,116.2,28.4,1391.47,49,115.95
2026-05-08T14:49:21.176924400Z,TaxiAlgorithmP2PCollector,5,20000,10,50,1,nearest,1,4,1,BASELINE,9,116264434,Client Travel Time [min],91.0,8061.0,2594.8,129740.0,50,7970.0
2026-05-08T14:49:21.176924400Z,TaxiAlgorithmP2PCollector,5,20000,10,50,1,nearest,1,4,1,BASELINE,9,116264434,Calculation Time [millis],0.0,1.0,0.09,816.0,9222,1.0
2026-05-08T14:49:21.176924400Z,TaxiAlgorithmP2PCollector,5,20000,10,50,1,nearest,1,4,1,BASELINE,9,116264434,Custom Time [micros],0.0,0.0,0.0,0.0,9222,0.0
2026-05-08T14:49:22.207491300Z,TaxiAlgorithmP2PCollector,5,20000,10,50,1,nearest,1,4,1,BASELINE,10,116264435,Taxi Travel Distance [km],157.59,201.41,177.12,1771.18,10,43.81999999999999
2026-05-08T14:49:22.207491300Z,TaxiAlgorithmP2PCollector,5,20000,10,50,1,nearest,1,4,1,BASELINE,10,116264435,Client Waiting Time [min],3.85,113.6,31.27,1563.35,50,109.75
2026-05-08T14:49:22.207491300Z,TaxiAlgorithmP2PCollector,5,20000,10,50,1,nearest,1,4,1,BASELINE,10,116264435,Client Travel Time [min],629.0,7580.0,2763.74,138187.0,50,6951.0
2026-05-08T14:49:22.207491300Z,TaxiAlgorithmP2PCollector,5,20000,10,50,1,nearest,1,4,1,BASELINE,10,116264435,Calculation Time [millis],0.0,4.0,0.09,913.0,9873,4.0
2026-05-08T14:49:22.207491300Z,TaxiAlgorithmP2PCollector,5,20000,10,50,1,nearest,1,4,1,BASELINE,10,116264435,Custom Time [micros],0.0,0.0,0.0,0.0,9873,0.0
2026-05-08T14:49:23.065514600Z,TaxiAlgorithmP2PCollector,5,20000,20,50,1,nearest,1,4,1,BASELINE,1,116264426,Taxi Travel Distance [km],69.94,129.94,93.68,1873.66,20,60.0
2026-05-08T14:49:23.065514600Z,TaxiAlgorithmP2PCollector,5,20000,20,50,1,nearest,1,4,1,BASELINE,1,116264426,Client Waiting Time [min],1.65,28.87,13.82,691.03,50,27.220000000000002
2026-05-08T14:49:23.065514600Z,TaxiAlgorithmP2PCollector,5,20000,20,50,1,nearest,1,4,1,BASELINE,1,116264426,Client Travel Time [min],644.0,3185.0,1687.4,84370.0,50,2541.0
2026-05-08T14:49:23.065514600Z,TaxiAlgorithmP2PCollector,5,20000,20,50,1,nearest,1,4,1,BASELINE,1,116264426,Calculation Time [millis],0.0,7.0,0.09,702.0,7755,7.0
2026-05-08T14:49:23.065514600Z,TaxiAlgorithmP2PCollector,5,20000,20,50,1,nearest,1,4,1,BASELINE,1,116264426,Custom Time [micros],0.0,0.0,0.0,0.0,7755,0.0
2026-05-08T14:49:24.246597400Z,TaxiAlgorithmP2PCollector,5,20000,20,50,1,nearest,1,4,1,BASELINE,2,116264427,Taxi Travel Distance [km],75.11,137.52,104.01,2080.21,20,62.41000000000001
2026-05-08T14:49:24.246597400Z,TaxiAlgorithmP2PCollector,5,20000,20,50,1,nearest,1,4,1,BASELINE,2,116264427,Client Waiting Time [min],0.95,33.17,16.31,815.48,50,32.22
2026-05-08T14:49:24.246597400Z,TaxiAlgorithmP2PCollector,5,20000,20,50,1,nearest,1,4,1,BASELINE,2,116264427,Client Travel Time [min],411.0,3117.0,1854.42,92721.0,50,2706.0
2026-05-08T14:49:24.246597400Z,TaxiAlgorithmP2PCollector,5,20000,20,50,1,nearest,1,4,1,BASELINE,2,116264427,Calculation Time [millis],0.0,20.0,0.14,1087.0,7606,20.0
2026-05-08T14:49:24.246597400Z,TaxiAlgorithmP2PCollector,5,20000,20,50,1,nearest,1,4,1,BASELINE,2,116264427,Custom Time [micros],0.0,0.0,0.0,0.0,7606,0.0
2026-05-08T14:49:25.477675700Z,TaxiAlgorithmP2PCollector,5,20000,20,50,1,nearest,1,4,1,BASELINE,3,116264428,Taxi Travel Distance [km],86.46,131.34,105.12,2102.39,20,44.88000000000001
2026-05-08T14:49:25.477675700Z,TaxiAlgorithmP2PCollector,5,20000,20,50,1,nearest,1,4,1,BASELINE,3,116264428,Client Waiting Time [min],2.12,31.77,15.54,776.82,50,29.65
2026-05-08T14:49:25.477675700Z,TaxiAlgorithmP2PCollector,5,20000,20,50,1,nearest,1,4,1,BASELINE,3,116264428,Client Travel Time [min],580.0,3581.0,1822.14,91107.0,50,3001.0
2026-05-08T14:49:25.477675700Z,TaxiAlgorithmP2PCollector,5,20000,20,50,1,nearest,1,4,1,BASELINE,3,116264428,Calculation Time [millis],0.0,21.0,0.15,1114.0,7221,21.0
2026-05-08T14:49:25.477675700Z,TaxiAlgorithmP2PCollector,5,20000,20,50,1,nearest,1,4,1,BASELINE,3,116264428,Custom Time [micros],0.0,0.0,0.0,0.0,7221,0.0
2026-05-08T14:49:25.960704800Z,TaxiAlgorithmP2PCollector,5,20000,20,50,1,nearest,1,4,1,BASELINE,4,116264429,Taxi Travel Distance [km],56.91,131.02,96.71,1934.15,20,74.11000000000001
2026-05-08T14:49:25.960704800Z,TaxiAlgorithmP2PCollector,5,20000,20,50,1,nearest,1,4,1,BASELINE,4,116264429,Client Waiting Time [min],1.35,26.37,13.74,686.98,50,25.02
2026-05-08T14:49:25.960704800Z,TaxiAlgorithmP2PCollector,5,20000,20,50,1,nearest,1,4,1,BASELINE,4,116264429,Client Travel Time [min],780.0,2944.0,1677.24,83862.0,50,2164.0
2026-05-08T14:49:25.960704800Z,TaxiAlgorithmP2PCollector,5,20000,20,50,1,nearest,1,4,1,BASELINE,4,116264429,Calculation Time [millis],0.0,1.0,0.05,369.0,7471,1.0
2026-05-08T14:49:25.960704800Z,TaxiAlgorithmP2PCollector,5,20000,20,50,1,nearest,1,4,1,BASELINE,4,116264429,Custom Time [micros],0.0,0.0,0.0,0.0,7471,0.0
2026-05-08T14:49:27.035228500Z,TaxiAlgorithmP2PCollector,5,20000,20,50,1,nearest,1,4,1,BASELINE,5,116264430,Taxi Travel Distance [km],76.73,141.52,104.55,2091.01,20,64.79
2026-05-08T14:49:27.035228500Z,TaxiAlgorithmP2PCollector,5,20000,20,50,1,nearest,1,4,1,BASELINE,5,116264430,Client Waiting Time [min],3.63,36.57,15.67,783.55,50,32.94
2026-05-08T14:49:27.035228500Z,TaxiAlgorithmP2PCollector,5,20000,20,50,1,nearest,1,4,1,BASELINE,5,116264430,Client Travel Time [min],769.0,3030.0,1936.96,96848.0,50,2261.0
2026-05-08T14:49:27.035228500Z,TaxiAlgorithmP2PCollector,5,20000,20,50,1,nearest,1,4,1,BASELINE,5,116264430,Calculation Time [millis],0.0,6.0,0.13,966.0,7274,6.0
2026-05-08T14:49:27.035228500Z,TaxiAlgorithmP2PCollector,5,20000,20,50,1,nearest,1,4,1,BASELINE,5,116264430,Custom Time [micros],0.0,0.0,0.0,0.0,7274,0.0
2026-05-08T14:49:28.404300900Z,TaxiAlgorithmP2PCollector,5,20000,20,50,1,nearest,1,4,1,BASELINE,6,116264431,Taxi Travel Distance [km],79.04,144.89,107.13,2142.53,20,65.84999999999998
2026-05-08T14:49:28.404300900Z,TaxiAlgorithmP2PCollector,5,20000,20,50,1,nearest,1,4,1,BASELINE,6,116264431,Client Waiting Time [min],1.77,36.62,15.04,751.78,50,34.849999999999994
2026-05-08T14:49:28.404300900Z,TaxiAlgorithmP2PCollector,5,20000,20,50,1,nearest,1,4,1,BASELINE,6,116264431,Client Travel Time [min],358.0,3225.0,1921.4,96070.0,50,2867.0
2026-05-08T14:49:28.404300900Z,TaxiAlgorithmP2PCollector,5,20000,20,50,1,nearest,1,4,1,BASELINE,6,116264431,Calculation Time [millis],0.0,11.0,0.18,1202.0,6778,11.0
2026-05-08T14:49:28.404300900Z,TaxiAlgorithmP2PCollector,5,20000,20,50,1,nearest,1,4,1,BASELINE,6,116264431,Custom Time [micros],0.0,0.0,0.0,0.0,6778,0.0
2026-05-08T14:49:28.963338900Z,TaxiAlgorithmP2PCollector,5,20000,20,50,1,nearest,1,4,1,BASELINE,7,116264432,Taxi Travel Distance [km],47.3,147.49,95.17,1903.38,20,100.19000000000001
2026-05-08T14:49:28.963338900Z,TaxiAlgorithmP2PCollector,5,20000,20,50,1,nearest,1,4,1,BASELINE,7,116264432,Client Waiting Time [min],0.52,29.3,12.95,647.3,50,28.78
2026-05-08T14:49:28.963338900Z,TaxiAlgorithmP2PCollector,5,20000,20,50,1,nearest,1,4,1,BASELINE,7,116264432,Client Travel Time [min],160.0,3179.0,1621.48,81074.0,50,3019.0
2026-05-08T14:49:28.963338900Z,TaxiAlgorithmP2PCollector,5,20000,20,50,1,nearest,1,4,1,BASELINE,7,116264432,Calculation Time [millis],0.0,6.0,0.05,392.0,7703,6.0
2026-05-08T14:49:28.963338900Z,TaxiAlgorithmP2PCollector,5,20000,20,50,1,nearest,1,4,1,BASELINE,7,116264432,Custom Time [micros],0.0,0.0,0.0,0.0,7703,0.0
2026-05-08T14:49:30.303244100Z,TaxiAlgorithmP2PCollector,5,20000,20,50,1,nearest,1,4,1,BASELINE,8,116264433,Taxi Travel Distance [km],94.38,158.45,112.95,2259.06,20,64.07
2026-05-08T14:49:30.303244100Z,TaxiAlgorithmP2PCollector,5,20000,20,50,1,nearest,1,4,1,BASELINE,8,116264433,Client Waiting Time [min],0.52,45.98,13.99,699.72,50,45.459999999999994
2026-05-08T14:49:30.303244100Z,TaxiAlgorithmP2PCollector,5,20000,20,50,1,nearest,1,4,1,BASELINE,8,116264433,Client Travel Time [min],465.0,4327.0,1759.98,87999.0,50,3862.0
2026-05-08T14:49:30.303244100Z,TaxiAlgorithmP2PCollector,5,20000,20,50,1,nearest,1,4,1,BASELINE,8,116264433,Calculation Time [millis],0.0,29.0,0.14,1233.0,8615,29.0
2026-05-08T14:49:30.303244100Z,TaxiAlgorithmP2PCollector,5,20000,20,50,1,nearest,1,4,1,BASELINE,8,116264433,Custom Time [micros],0.0,0.0,0.0,0.0,8615,0.0
2026-05-08T14:49:31.378296700Z,TaxiAlgorithmP2PCollector,5,20000,20,50,1,nearest,1,4,1,BASELINE,9,116264434,Taxi Travel Distance [km],63.15,137.07,97.5,1949.99,20,73.91999999999999
2026-05-08T14:49:31.378296700Z,TaxiAlgorithmP2PCollector,5,20000,20,50,1,nearest,1,4,1,BASELINE,9,116264434,Client Waiting Time [min],1.28,39.77,13.64,681.77,50,38.49
2026-05-08T14:49:31.378296700Z,TaxiAlgorithmP2PCollector,5,20000,20,50,1,nearest,1,4,1,BASELINE,9,116264434,Client Travel Time [min],337.0,4262.0,1690.96,84548.0,50,3925.0
2026-05-08T14:49:31.378296700Z,TaxiAlgorithmP2PCollector,5,20000,20,50,1,nearest,1,4,1,BASELINE,9,116264434,Calculation Time [millis],0.0,27.0,0.12,984.0,7986,27.0
2026-05-08T14:49:31.378296700Z,TaxiAlgorithmP2PCollector,5,20000,20,50,1,nearest,1,4,1,BASELINE,9,116264434,Custom Time [micros],0.0,0.0,0.0,0.0,7986,0.0
2026-05-08T14:49:32.093065600Z,TaxiAlgorithmP2PCollector,5,20000,20,50,1,nearest,1,4,1,BASELINE,10,116264435,Taxi Travel Distance [km],56.94,136.23,100.18,2003.68,20,79.28999999999999
2026-05-08T14:49:32.093065600Z,TaxiAlgorithmP2PCollector,5,20000,20,50,1,nearest,1,4,1,BASELINE,10,116264435,Client Waiting Time [min],2.08,29.22,13.41,670.53,50,27.14
2026-05-08T14:49:32.093065600Z,TaxiAlgorithmP2PCollector,5,20000,20,50,1,nearest,1,4,1,BASELINE,10,116264435,Client Travel Time [min],663.0,2857.0,1774.72,88736.0,50,2194.0
2026-05-08T14:49:32.093065600Z,TaxiAlgorithmP2PCollector,5,20000,20,50,1,nearest,1,4,1,BASELINE,10,116264435,Calculation Time [millis],0.0,1.0,0.08,604.0,7179,1.0
2026-05-08T14:49:32.093065600Z,TaxiAlgorithmP2PCollector,5,20000,20,50,1,nearest,1,4,1,BASELINE,10,116264435,Custom Time [micros],0.0,0.0,0.0,0.0,7179,0.0
2026-05-08T14:49:36.137490100Z,TaxiAlgorithmP2PCollector,5,20000,20,100,1,nearest,1,4,1,BASELINE,1,116264426,Taxi Travel Distance [km],142.48,189.77,163.18,3263.62,20,47.29000000000002
2026-05-08T14:49:36.137490100Z,TaxiAlgorithmP2PCollector,5,20000,20,100,1,nearest,1,4,1,BASELINE,1,116264426,Client Waiting Time [min],0.28,92.57,23.55,2354.97,100,92.28999999999999
2026-05-08T14:49:36.137490100Z,TaxiAlgorithmP2PCollector,5,20000,20,100,1,nearest,1,4,1,BASELINE,1,116264426,Client Travel Time [min],404.0,6719.0,2221.48,222148.0,100,6315.0
2026-05-08T14:49:36.137490100Z,TaxiAlgorithmP2PCollector,5,20000,20,100,1,nearest,1,4,1,BASELINE,1,116264426,Calculation Time [millis],0.0,49.0,0.43,3896.0,9078,49.0
2026-05-08T14:49:36.137490100Z,TaxiAlgorithmP2PCollector,5,20000,20,100,1,nearest,1,4,1,BASELINE,1,116264426,Custom Time [micros],0.0,0.0,0.0,0.0,9078,0.0
2026-05-08T14:49:41.355958100Z,TaxiAlgorithmP2PCollector,5,20000,20,100,1,nearest,1,4,1,BASELINE,2,116264427,Taxi Travel Distance [km],147.36,194.01,169.23,3384.6,20,46.64999999999998
2026-05-08T14:49:41.355958100Z,TaxiAlgorithmP2PCollector,5,20000,20,100,1,nearest,1,4,1,BASELINE,2,116264427,Client Waiting Time [min],1.62,110.95,29.81,2951.23,99,109.33
2026-05-08T14:49:41.355958100Z,TaxiAlgorithmP2PCollector,5,20000,20,100,1,nearest,1,4,1,BASELINE,2,116264427,Client Travel Time [min],656.0,8070.0,2659.76,265976.0,100,7414.0
2026-05-08T14:49:41.355958100Z,TaxiAlgorithmP2PCollector,5,20000,20,100,1,nearest,1,4,1,BASELINE,2,116264427,Calculation Time [millis],0.0,71.0,0.52,4995.0,9599,71.0
2026-05-08T14:49:41.355958100Z,TaxiAlgorithmP2PCollector,5,20000,20,100,1,nearest,1,4,1,BASELINE,2,116264427,Custom Time [micros],0.0,0.0,0.0,0.0,9599,0.0
2026-05-08T14:49:46.349221900Z,TaxiAlgorithmP2PCollector,5,20000,20,100,1,nearest,1,4,1,BASELINE,3,116264428,Taxi Travel Distance [km],129.4,193.19,165.65,3313.0,20,63.78999999999999
2026-05-08T14:49:46.349221900Z,TaxiAlgorithmP2PCollector,5,20000,20,100,1,nearest,1,4,1,BASELINE,3,116264428,Client Waiting Time [min],1.93,123.02,31.43,3142.57,100,121.08999999999999
2026-05-08T14:49:46.349221900Z,TaxiAlgorithmP2PCollector,5,20000,20,100,1,nearest,1,4,1,BASELINE,3,116264428,Client Travel Time [min],588.0,7673.0,2687.57,268757.0,100,7085.0
2026-05-08T14:49:46.349221900Z,TaxiAlgorithmP2PCollector,5,20000,20,100,1,nearest,1,4,1,BASELINE,3,116264428,Calculation Time [millis],0.0,58.0,0.52,4875.0,9414,58.0
2026-05-08T14:49:46.349221900Z,TaxiAlgorithmP2PCollector,5,20000,20,100,1,nearest,1,4,1,BASELINE,3,116264428,Custom Time [micros],0.0,0.0,0.0,0.0,9414,0.0
2026-05-08T14:49:50.876441200Z,TaxiAlgorithmP2PCollector,5,20000,20,100,1,nearest,1,4,1,BASELINE,4,116264429,Taxi Travel Distance [km],145.02,188.68,162.65,3253.04,20,43.66
2026-05-08T14:49:50.876441200Z,TaxiAlgorithmP2PCollector,5,20000,20,100,1,nearest,1,4,1,BASELINE,4,116264429,Client Waiting Time [min],0.32,115.57,28.23,2795.07,99,115.25
2026-05-08T14:49:50.876441200Z,TaxiAlgorithmP2PCollector,5,20000,20,100,1,nearest,1,4,1,BASELINE,4,116264429,Client Travel Time [min],423.0,6974.0,2556.49,255649.0,100,6551.0
2026-05-08T14:49:50.876441200Z,TaxiAlgorithmP2PCollector,5,20000,20,100,1,nearest,1,4,1,BASELINE,4,116264429,Calculation Time [millis],0.0,59.0,0.49,4374.0,9000,59.0
2026-05-08T14:49:50.876441200Z,TaxiAlgorithmP2PCollector,5,20000,20,100,1,nearest,1,4,1,BASELINE,4,116264429,Custom Time [micros],0.0,0.0,0.0,0.0,9000,0.0
2026-05-08T14:49:55.096123900Z,TaxiAlgorithmP2PCollector,5,20000,20,100,1,nearest,1,4,1,BASELINE,5,116264430,Taxi Travel Distance [km],144.17,188.69,166.78,3335.59,20,44.52000000000001
2026-05-08T14:49:55.096123900Z,TaxiAlgorithmP2PCollector,5,20000,20,100,1,nearest,1,4,1,BASELINE,5,116264430,Client Waiting Time [min],0.42,88.37,29.09,2909.0,100,87.95
2026-05-08T14:49:55.096123900Z,TaxiAlgorithmP2PCollector,5,20000,20,100,1,nearest,1,4,1,BASELINE,5,116264430,Client Travel Time [min],630.0,6115.0,2622.78,262278.0,100,5485.0
2026-05-08T14:49:55.096123900Z,TaxiAlgorithmP2PCollector,5,20000,20,100,1,nearest,1,4,1,BASELINE,5,116264430,Calculation Time [millis],0.0,48.0,0.42,4061.0,9648,48.0
2026-05-08T14:49:55.096123900Z,TaxiAlgorithmP2PCollector,5,20000,20,100,1,nearest,1,4,1,BASELINE,5,116264430,Custom Time [micros],0.0,0.0,0.0,0.0,9648,0.0
2026-05-08T14:49:59.222576300Z,TaxiAlgorithmP2PCollector,5,20000,20,100,1,nearest,1,4,1,BASELINE,6,116264431,Taxi Travel Distance [km],142.45,210.76,168.06,3361.27,20,68.31
2026-05-08T14:49:59.222576300Z,TaxiAlgorithmP2PCollector,5,20000,20,100,1,nearest,1,4,1,BASELINE,6,116264431,Client Waiting Time [min],0.68,115.33,28.65,2864.93,100,114.64999999999999
2026-05-08T14:49:59.222576300Z,TaxiAlgorithmP2PCollector,5,20000,20,100,1,nearest,1,4,1,BASELINE,6,116264431,Client Travel Time [min],343.0,6958.0,2632.23,263223.0,100,6615.0
2026-05-08T14:49:59.222576300Z,TaxiAlgorithmP2PCollector,5,20000,20,100,1,nearest,1,4,1,BASELINE,6,116264431,Calculation Time [millis],0.0,51.0,0.37,3899.0,10414,51.0
2026-05-08T14:49:59.222576300Z,TaxiAlgorithmP2PCollector,5,20000,20,100,1,nearest,1,4,1,BASELINE,6,116264431,Custom Time [micros],0.0,0.0,0.0,0.0,10414,0.0
2026-05-08T14:50:03.372241500Z,TaxiAlgorithmP2PCollector,5,20000,20,100,1,nearest,1,4,1,BASELINE,7,116264432,Taxi Travel Distance [km],146.82,189.92,163.3,3265.95,20,43.099999999999994
2026-05-08T14:50:03.372241500Z,TaxiAlgorithmP2PCollector,5,20000,20,100,1,nearest,1,4,1,BASELINE,7,116264432,Client Waiting Time [min],0.52,96.17,25.71,2570.65,100,95.65
2026-05-08T14:50:03.372241500Z,TaxiAlgorithmP2PCollector,5,20000,20,100,1,nearest,1,4,1,BASELINE,7,116264432,Client Travel Time [min],160.0,6176.0,2386.75,238675.0,100,6016.0
2026-05-08T14:50:03.372241500Z,TaxiAlgorithmP2PCollector,5,20000,20,100,1,nearest,1,4,1,BASELINE,7,116264432,Calculation Time [millis],0.0,46.0,0.45,3944.0,8796,46.0
2026-05-08T14:50:03.372241500Z,TaxiAlgorithmP2PCollector,5,20000,20,100,1,nearest,1,4,1,BASELINE,7,116264432,Custom Time [micros],0.0,0.0,0.0,0.0,8796,0.0
2026-05-08T14:50:07.783566300Z,TaxiAlgorithmP2PCollector,5,20000,20,100,1,nearest,1,4,1,BASELINE,8,116264433,Taxi Travel Distance [km],158.22,220.95,175.55,3511.01,20,62.72999999999999
2026-05-08T14:50:07.783566300Z,TaxiAlgorithmP2PCollector,5,20000,20,100,1,nearest,1,4,1,BASELINE,8,116264433,Client Waiting Time [min],2.03,110.77,29.31,2930.98,100,108.74
2026-05-08T14:50:07.783566300Z,TaxiAlgorithmP2PCollector,5,20000,20,100,1,nearest,1,4,1,BASELINE,8,116264433,Client Travel Time [min],391.0,6739.0,2686.63,268663.0,100,6348.0
2026-05-08T14:50:07.783566300Z,TaxiAlgorithmP2PCollector,5,20000,20,100,1,nearest,1,4,1,BASELINE,8,116264433,Calculation Time [millis],0.0,64.0,0.39,4203.0,10767,64.0
2026-05-08T14:50:07.783566300Z,TaxiAlgorithmP2PCollector,5,20000,20,100,1,nearest,1,4,1,BASELINE,8,116264433,Custom Time [micros],0.0,0.0,0.0,0.0,10767,0.0
2026-05-08T14:50:12.082806300Z,TaxiAlgorithmP2PCollector,5,20000,20,100,1,nearest,1,4,1,BASELINE,9,116264434,Taxi Travel Distance [km],149.95,233.26,177.06,3541.29,20,83.31
2026-05-08T14:50:12.082806300Z,TaxiAlgorithmP2PCollector,5,20000,20,100,1,nearest,1,4,1,BASELINE,9,116264434,Client Waiting Time [min],3.75,99.8,31.79,3147.5,99,96.05
2026-05-08T14:50:12.082806300Z,TaxiAlgorithmP2PCollector,5,20000,20,100,1,nearest,1,4,1,BASELINE,9,116264434,Client Travel Time [min],521.0,6949.0,2802.13,280213.0,100,6428.0
2026-05-08T14:50:12.082806300Z,TaxiAlgorithmP2PCollector,5,20000,20,100,1,nearest,1,4,1,BASELINE,9,116264434,Calculation Time [millis],0.0,54.0,0.38,4144.0,10889,54.0
2026-05-08T14:50:12.082806300Z,TaxiAlgorithmP2PCollector,5,20000,20,100,1,nearest,1,4,1,BASELINE,9,116264434,Custom Time [micros],0.0,0.0,0.0,0.0,10889,0.0
2026-05-08T14:50:16.677214300Z,TaxiAlgorithmP2PCollector,5,20000,20,100,1,nearest,1,4,1,BASELINE,10,116264435,Taxi Travel Distance [km],142.07,194.01,163.21,3264.29,20,51.94
2026-05-08T14:50:16.677214300Z,TaxiAlgorithmP2PCollector,5,20000,20,100,1,nearest,1,4,1,BASELINE,10,116264435,Client Waiting Time [min],1.88,101.38,28.56,2827.72,99,99.5
2026-05-08T14:50:16.677214300Z,TaxiAlgorithmP2PCollector,5,20000,20,100,1,nearest,1,4,1,BASELINE,10,116264435,Client Travel Time [min],525.0,6870.0,2576.76,257676.0,100,6345.0
2026-05-08T14:50:16.677214300Z,TaxiAlgorithmP2PCollector,5,20000,20,100,1,nearest,1,4,1,BASELINE,10,116264435,Calculation Time [millis],0.0,65.0,0.47,4409.0,9362,65.0
2026-05-08T14:50:16.677214300Z,TaxiAlgorithmP2PCollector,5,20000,20,100,1,nearest,1,4,1,BASELINE,10,116264435,Custom Time [micros],0.0,0.0,0.0,0.0,9362,0.0
2026-05-08T14:50:16.817214500Z,TaxiAlgorithmSinglePassenger,0,-1,5,25,1,n/a,-1,-1,-1,BASELINE,1,116264426,Taxi Travel Distance [km],155.39,201.31,182.43,912.13,5,45.920000000000016
2026-05-08T14:50:16.817214500Z,TaxiAlgorithmSinglePassenger,0,-1,5,25,1,n/a,-1,-1,-1,BASELINE,1,116264426,Client Waiting Time [min],2.25,82.15,26.99,674.85,25,79.9
2026-05-08T14:50:16.817214500Z,TaxiAlgorithmSinglePassenger,0,-1,5,25,1,n/a,-1,-1,-1,BASELINE,1,116264426,Client Travel Time [min],920.0,6131.0,2481.36,62034.0,25,5211.0
2026-05-08T14:50:16.817214500Z,TaxiAlgorithmSinglePassenger,0,-1,5,25,1,n/a,-1,-1,-1,BASELINE,1,116264426,Calculation Time [millis],0.0,1.0,0.0,5.0,9415,1.0
2026-05-08T14:50:16.817214500Z,TaxiAlgorithmSinglePassenger,0,-1,5,25,1,n/a,-1,-1,-1,BASELINE,1,116264426,Custom Time [micros],0.0,0.0,0.0,0.0,9415,0.0
2026-05-08T14:50:16.895214200Z,TaxiAlgorithmSinglePassenger,0,-1,5,25,1,n/a,-1,-1,-1,BASELINE,2,116264427,Taxi Travel Distance [km],178.97,191.12,183.19,915.94,5,12.150000000000006
2026-05-08T14:50:16.895214200Z,TaxiAlgorithmSinglePassenger,0,-1,5,25,1,n/a,-1,-1,-1,BASELINE,2,116264427,Client Waiting Time [min],1.55,104.6,44.51,1068.23,24,103.05
2026-05-08T14:50:16.895214200Z,TaxiAlgorithmSinglePassenger,0,-1,5,25,1,n/a,-1,-1,-1,BASELINE,2,116264427,Client Travel Time [min],748.0,7128.0,3523.16,88079.0,25,6380.0
2026-05-08T14:50:16.895214200Z,TaxiAlgorithmSinglePassenger,0,-1,5,25,1,n/a,-1,-1,-1,BASELINE,2,116264427,Calculation Time [millis],0.0,0.0,0.0,3.0,9273,0.0
2026-05-08T14:50:16.895214200Z,TaxiAlgorithmSinglePassenger,0,-1,5,25,1,n/a,-1,-1,-1,BASELINE,2,116264427,Custom Time [micros],0.0,0.0,0.0,0.0,9273,0.0
2026-05-08T14:50:16.957213900Z,TaxiAlgorithmSinglePassenger,0,-1,5,25,1,n/a,-1,-1,-1,BASELINE,3,116264428,Taxi Travel Distance [km],151.91,179.57,168.47,842.37,5,27.659999999999997
2026-05-08T14:50:16.957213900Z,TaxiAlgorithmSinglePassenger,0,-1,5,25,1,n/a,-1,-1,-1,BASELINE,3,116264428,Client Waiting Time [min],3.03,114.67,38.29,957.32,25,111.64
2026-05-08T14:50:16.957213900Z,TaxiAlgorithmSinglePassenger,0,-1,5,25,1,n/a,-1,-1,-1,BASELINE,3,116264428,Client Travel Time [min],580.0,7321.0,2971.28,74282.0,25,6741.0
2026-05-08T14:50:16.957213900Z,TaxiAlgorithmSinglePassenger,0,-1,5,25,1,n/a,-1,-1,-1,BASELINE,3,116264428,Calculation Time [millis],0.0,0.0,0.0,3.0,9184,0.0
2026-05-08T14:50:16.957213900Z,TaxiAlgorithmSinglePassenger,0,-1,5,25,1,n/a,-1,-1,-1,BASELINE,3,116264428,Custom Time [micros],0.0,0.0,0.0,0.0,9184,0.0
2026-05-08T14:50:17.004213200Z,TaxiAlgorithmSinglePassenger,0,-1,5,25,1,n/a,-1,-1,-1,BASELINE,4,116264429,Taxi Travel Distance [km],172.09,210.52,194.38,971.91,5,38.43000000000001
2026-05-08T14:50:17.004213200Z,TaxiAlgorithmSinglePassenger,0,-1,5,25,1,n/a,-1,-1,-1,BASELINE,4,116264429,Client Waiting Time [min],6.6,118.72,44.02,1100.45,25,112.12
2026-05-08T14:50:17.004213200Z,TaxiAlgorithmSinglePassenger,0,-1,5,25,1,n/a,-1,-1,-1,BASELINE,4,116264429,Client Travel Time [min],831.0,7753.0,3465.4,86635.0,25,6922.0
2026-05-08T14:50:17.004213200Z,TaxiAlgorithmSinglePassenger,0,-1,5,25,1,n/a,-1,-1,-1,BASELINE,4,116264429,Calculation Time [millis],0.0,0.0,0.0,3.0,9495,0.0
2026-05-08T14:50:17.004213200Z,TaxiAlgorithmSinglePassenger,0,-1,5,25,1,n/a,-1,-1,-1,BASELINE,4,116264429,Custom Time [micros],0.0,0.0,0.0,0.0,9495,0.0
2026-05-08T14:50:17.066213Z,TaxiAlgorithmSinglePassenger,0,-1,5,25,1,n/a,-1,-1,-1,BASELINE,5,116264430,Taxi Travel Distance [km],184.14,225.66,197.63,988.17,5,41.52000000000001
2026-05-08T14:50:17.066213Z,TaxiAlgorithmSinglePassenger,0,-1,5,25,1,n/a,-1,-1,-1,BASELINE,5,116264430,Client Waiting Time [min],3.23,114.85,47.79,1194.83,25,111.61999999999999
2026-05-08T14:50:17.066213Z,TaxiAlgorithmSinglePassenger,0,-1,5,25,1,n/a,-1,-1,-1,BASELINE,5,116264430,Client Travel Time [min],713.0,8125.0,3708.2,92705.0,25,7412.0
2026-05-08T14:50:17.066213Z,TaxiAlgorithmSinglePassenger,0,-1,5,25,1,n/a,-1,-1,-1,BASELINE,5,116264430,Calculation Time [millis],0.0,0.0,0.0,4.0,12264,0.0
2026-05-08T14:50:17.066213Z,TaxiAlgorithmSinglePassenger,0,-1,5,25,1,n/a,-1,-1,-1,BASELINE,5,116264430,Custom Time [micros],0.0,0.0,0.0,0.0,12264,0.0
2026-05-08T14:50:17.128213Z,TaxiAlgorithmSinglePassenger,0,-1,5,25,1,n/a,-1,-1,-1,BASELINE,6,116264431,Taxi Travel Distance [km],209.89,244.67,223.51,1117.54,5,34.78
2026-05-08T14:50:17.128213Z,TaxiAlgorithmSinglePassenger,0,-1,5,25,1,n/a,-1,-1,-1,BASELINE,6,116264431,Client Waiting Time [min],5.05,153.07,43.97,1099.27,25,148.01999999999998
2026-05-08T14:50:17.128213Z,TaxiAlgorithmSinglePassenger,0,-1,5,25,1,n/a,-1,-1,-1,BASELINE,6,116264431,Client Travel Time [min],1152.0,9966.0,3536.48,88412.0,25,8814.0
2026-05-08T14:50:17.128213Z,TaxiAlgorithmSinglePassenger,0,-1,5,25,1,n/a,-1,-1,-1,BASELINE,6,116264431,Calculation Time [millis],0.0,0.0,0.0,3.0,11853,0.0
2026-05-08T14:50:17.128213Z,TaxiAlgorithmSinglePassenger,0,-1,5,25,1,n/a,-1,-1,-1,BASELINE,6,116264431,Custom Time [micros],0.0,0.0,0.0,0.0,11853,0.0
2026-05-08T14:50:17.189836500Z,TaxiAlgorithmSinglePassenger,0,-1,5,25,1,n/a,-1,-1,-1,BASELINE,7,116264432,Taxi Travel Distance [km],172.24,205.78,193.86,969.3,5,33.53999999999999
2026-05-08T14:50:17.189836500Z,TaxiAlgorithmSinglePassenger,0,-1,5,25,1,n/a,-1,-1,-1,BASELINE,7,116264432,Client Waiting Time [min],0.52,113.95,33.97,849.28,25,113.43
2026-05-08T14:50:17.189836500Z,TaxiAlgorithmSinglePassenger,0,-1,5,25,1,n/a,-1,-1,-1,BASELINE,7,116264432,Client Travel Time [min],160.0,7201.0,2951.64,73791.0,25,7041.0
2026-05-08T14:50:17.189836500Z,TaxiAlgorithmSinglePassenger,0,-1,5,25,1,n/a,-1,-1,-1,BASELINE,7,116264432,Calculation Time [millis],0.0,0.0,0.0,3.0,10326,0.0
2026-05-08T14:50:17.189836500Z,TaxiAlgorithmSinglePassenger,0,-1,5,25,1,n/a,-1,-1,-1,BASELINE,7,116264432,Custom Time [micros],0.0,0.0,0.0,0.0,10326,0.0
2026-05-08T14:50:17.252839200Z,TaxiAlgorithmSinglePassenger,0,-1,5,25,1,n/a,-1,-1,-1,BASELINE,8,116264433,Taxi Travel Distance [km],190.9,209.96,201.44,1007.18,5,19.060000000000002
2026-05-08T14:50:17.252839200Z,TaxiAlgorithmSinglePassenger,0,-1,5,25,1,n/a,-1,-1,-1,BASELINE,8,116264433,Client Waiting Time [min],1.25,144.7,49.49,1237.17,25,143.45
2026-05-08T14:50:17.252839200Z,TaxiAlgorithmSinglePassenger,0,-1,5,25,1,n/a,-1,-1,-1,BASELINE,8,116264433,Client Travel Time [min],946.0,8998.0,3850.68,96267.0,25,8052.0
2026-05-08T14:50:17.252839200Z,TaxiAlgorithmSinglePassenger,0,-1,5,25,1,n/a,-1,-1,-1,BASELINE,8,116264433,Calculation Time [millis],0.0,0.0,0.0,3.0,10116,0.0
2026-05-08T14:50:17.252839200Z,TaxiAlgorithmSinglePassenger,0,-1,5,25,1,n/a,-1,-1,-1,BASELINE,8,116264433,Custom Time [micros],0.0,0.0,0.0,0.0,10116,0.0
2026-05-08T14:50:17.314837300Z,TaxiAlgorithmSinglePassenger,0,-1,5,25,1,n/a,-1,-1,-1,BASELINE,9,116264434,Taxi Travel Distance [km],183.06,213.56,195.19,975.94,5,30.5
2026-05-08T14:50:17.314837300Z,TaxiAlgorithmSinglePassenger,0,-1,5,25,1,n/a,-1,-1,-1,BASELINE,9,116264434,Client Waiting Time [min],5.08,111.97,38.93,934.43,24,106.89
2026-05-08T14:50:17.314837300Z,TaxiAlgorithmSinglePassenger,0,-1,5,25,1,n/a,-1,-1,-1,BASELINE,9,116264434,Client Travel Time [min],711.0,7295.0,3208.8,80220.0,25,6584.0
2026-05-08T14:50:17.314837300Z,TaxiAlgorithmSinglePassenger,0,-1,5,25,1,n/a,-1,-1,-1,BASELINE,9,116264434,Calculation Time [millis],0.0,0.0,0.0,3.0,9836,0.0
2026-05-08T14:50:17.314837300Z,TaxiAlgorithmSinglePassenger,0,-1,5,25,1,n/a,-1,-1,-1,BASELINE,9,116264434,Custom Time [micros],0.0,0.0,0.0,0.0,9836,0.0
2026-05-08T14:50:17.376836900Z,TaxiAlgorithmSinglePassenger,0,-1,5,25,1,n/a,-1,-1,-1,BASELINE,10,116264435,Taxi Travel Distance [km],186.24,216.42,196.11,980.54,5,30.17999999999998
2026-05-08T14:50:17.376836900Z,TaxiAlgorithmSinglePassenger,0,-1,5,25,1,n/a,-1,-1,-1,BASELINE,10,116264435,Client Waiting Time [min],3.3,82.45,31.39,784.85,25,79.15
2026-05-08T14:50:17.376836900Z,TaxiAlgorithmSinglePassenger,0,-1,5,25,1,n/a,-1,-1,-1,BASELINE,10,116264435,Client Travel Time [min],859.0,6175.0,2813.4,70335.0,25,5316.0
2026-05-08T14:50:17.376836900Z,TaxiAlgorithmSinglePassenger,0,-1,5,25,1,n/a,-1,-1,-1,BASELINE,10,116264435,Calculation Time [millis],0.0,0.0,0.0,3.0,10224,0.0
2026-05-08T14:50:17.376836900Z,TaxiAlgorithmSinglePassenger,0,-1,5,25,1,n/a,-1,-1,-1,BASELINE,10,116264435,Custom Time [micros],0.0,0.0,0.0,0.0,10224,0.0
2026-05-08T14:50:17.438836500Z,TaxiAlgorithmSinglePassenger,0,-1,10,25,1,n/a,-1,-1,-1,BASELINE,1,116264426,Taxi Travel Distance [km],31.79,101.27,67.8,677.95,10,69.47999999999999
2026-05-08T14:50:17.438836500Z,TaxiAlgorithmSinglePassenger,0,-1,10,25,1,n/a,-1,-1,-1,BASELINE,1,116264426,Client Waiting Time [min],1.08,12.8,6.01,150.2,25,11.72
2026-05-08T14:50:17.438836500Z,TaxiAlgorithmSinglePassenger,0,-1,10,25,1,n/a,-1,-1,-1,BASELINE,1,116264426,Client Travel Time [min],675.0,1905.0,1221.72,30543.0,25,1230.0
2026-05-08T14:50:17.438836500Z,TaxiAlgorithmSinglePassenger,0,-1,10,25,1,n/a,-1,-1,-1,BASELINE,1,116264426,Calculation Time [millis],0.0,0.0,0.0,0.0,6089,0.0
2026-05-08T14:50:17.438836500Z,TaxiAlgorithmSinglePassenger,0,-1,10,25,1,n/a,-1,-1,-1,BASELINE,1,116264426,Custom Time [micros],0.0,0.0,0.0,0.0,6089,0.0
2026-05-08T14:50:17.483837Z,TaxiAlgorithmSinglePassenger,0,-1,10,25,1,n/a,-1,-1,-1,BASELINE,2,116264427,Taxi Travel Distance [km],57.67,118.91,95.29,952.89,10,61.239999999999995
2026-05-08T14:50:17.483837Z,TaxiAlgorithmSinglePassenger,0,-1,10,25,1,n/a,-1,-1,-1,BASELINE,2,116264427,Client Waiting Time [min],1.48,32.73,14.7,367.58,25,31.249999999999996
2026-05-08T14:50:17.483837Z,TaxiAlgorithmSinglePassenger,0,-1,10,25,1,n/a,-1,-1,-1,BASELINE,2,116264427,Client Travel Time [min],355.0,3688.0,1756.52,43913.0,25,3333.0
2026-05-08T14:50:17.483837Z,TaxiAlgorithmSinglePassenger,0,-1,10,25,1,n/a,-1,-1,-1,BASELINE,2,116264427,Calculation Time [millis],0.0,0.0,0.0,1.0,6325,0.0
2026-05-08T14:50:17.483837Z,TaxiAlgorithmSinglePassenger,0,-1,10,25,1,n/a,-1,-1,-1,BASELINE,2,116264427,Custom Time [micros],0.0,0.0,0.0,0.0,6325,0.0
2026-05-08T14:50:17.546836700Z,TaxiAlgorithmSinglePassenger,0,-1,10,25,1,n/a,-1,-1,-1,BASELINE,3,116264428,Taxi Travel Distance [km],48.52,86.7,64.96,649.6,10,38.18
2026-05-08T14:50:17.546836700Z,TaxiAlgorithmSinglePassenger,0,-1,10,25,1,n/a,-1,-1,-1,BASELINE,3,116264428,Client Waiting Time [min],1.48,26.7,7.33,183.28,25,25.22
2026-05-08T14:50:17.546836700Z,TaxiAlgorithmSinglePassenger,0,-1,10,25,1,n/a,-1,-1,-1,BASELINE,3,116264428,Client Travel Time [min],575.0,3134.0,1168.08,29202.0,25,2559.0
2026-05-08T14:50:17.546836700Z,TaxiAlgorithmSinglePassenger,0,-1,10,25,1,n/a,-1,-1,-1,BASELINE,3,116264428,Calculation Time [millis],0.0,0.0,0.0,0.0,6127,0.0
2026-05-08T14:50:17.546836700Z,TaxiAlgorithmSinglePassenger,0,-1,10,25,1,n/a,-1,-1,-1,BASELINE,3,116264428,Custom Time [micros],0.0,0.0,0.0,0.0,6127,0.0
2026-05-08T14:50:17.592837100Z,TaxiAlgorithmSinglePassenger,0,-1,10,25,1,n/a,-1,-1,-1,BASELINE,4,116264429,Taxi Travel Distance [km],23.5,100.17,73.97,739.73,10,76.67
2026-05-08T14:50:17.592837100Z,TaxiAlgorithmSinglePassenger,0,-1,10,25,1,n/a,-1,-1,-1,BASELINE,4,116264429,Client Waiting Time [min],1.38,14.68,7.68,192.02,25,13.3
2026-05-08T14:50:17.592837100Z,TaxiAlgorithmSinglePassenger,0,-1,10,25,1,n/a,-1,-1,-1,BASELINE,4,116264429,Client Travel Time [min],791.0,2332.0,1327.08,33177.0,25,1541.0
2026-05-08T14:50:17.592837100Z,TaxiAlgorithmSinglePassenger,0,-1,10,25,1,n/a,-1,-1,-1,BASELINE,4,116264429,Calculation Time [millis],0.0,0.0,0.0,0.0,6294,0.0
2026-05-08T14:50:17.592837100Z,TaxiAlgorithmSinglePassenger,0,-1,10,25,1,n/a,-1,-1,-1,BASELINE,4,116264429,Custom Time [micros],0.0,0.0,0.0,0.0,6294,0.0
2026-05-08T14:50:17.655836700Z,TaxiAlgorithmSinglePassenger,0,-1,10,25,1,n/a,-1,-1,-1,BASELINE,5,116264430,Taxi Travel Distance [km],43.76,112.45,86.93,869.31,10,68.69
2026-05-08T14:50:17.655836700Z,TaxiAlgorithmSinglePassenger,0,-1,10,25,1,n/a,-1,-1,-1,BASELINE,5,116264430,Client Waiting Time [min],2.08,28.6,10.81,270.33,25,26.520000000000003
2026-05-08T14:50:17.655836700Z,TaxiAlgorithmSinglePassenger,0,-1,10,25,1,n/a,-1,-1,-1,BASELINE,5,116264430,Client Travel Time [min],713.0,2967.0,1560.64,39016.0,25,2254.0
2026-05-08T14:50:17.655836700Z,TaxiAlgorithmSinglePassenger,0,-1,10,25,1,n/a,-1,-1,-1,BASELINE,5,116264430,Calculation Time [millis],0.0,0.0,0.0,0.0,7367,0.0
2026-05-08T14:50:17.655836700Z,TaxiAlgorithmSinglePassenger,0,-1,10,25,1,n/a,-1,-1,-1,BASELINE,5,116264430,Custom Time [micros],0.0,0.0,0.0,0.0,7367,0.0
2026-05-08T14:50:17.701836600Z,TaxiAlgorithmSinglePassenger,0,-1,10,25,1,n/a,-1,-1,-1,BASELINE,6,116264431,Taxi Travel Distance [km],69.99,134.08,94.8,947.98,10,64.09000000000002
2026-05-08T14:50:17.701836600Z,TaxiAlgorithmSinglePassenger,0,-1,10,25,1,n/a,-1,-1,-1,BASELINE,6,116264431,Client Waiting Time [min],1.15,34.02,11.34,283.52,25,32.870000000000005
2026-05-08T14:50:17.701836600Z,TaxiAlgorithmSinglePassenger,0,-1,10,25,1,n/a,-1,-1,-1,BASELINE,6,116264431,Client Travel Time [min],295.0,3393.0,1752.12,43803.0,25,3098.0
2026-05-08T14:50:17.701836600Z,TaxiAlgorithmSinglePassenger,0,-1,10,25,1,n/a,-1,-1,-1,BASELINE,6,116264431,Calculation Time [millis],0.0,0.0,0.0,1.0,7592,0.0
2026-05-08T14:50:17.701836600Z,TaxiAlgorithmSinglePassenger,0,-1,10,25,1,n/a,-1,-1,-1,BASELINE,6,116264431,Custom Time [micros],0.0,0.0,0.0,0.0,7592,0.0
2026-05-08T14:50:17.762837600Z,TaxiAlgorithmSinglePassenger,0,-1,10,25,1,n/a,-1,-1,-1,BASELINE,7,116264432,Taxi Travel Distance [km],49.35,117.43,82.08,820.81,10,68.08000000000001
2026-05-08T14:50:17.762837600Z,TaxiAlgorithmSinglePassenger,0,-1,10,25,1,n/a,-1,-1,-1,BASELINE,7,116264432,Client Waiting Time [min],0.52,18.83,7.75,193.82,25,18.31
2026-05-08T14:50:17.762837600Z,TaxiAlgorithmSinglePassenger,0,-1,10,25,1,n/a,-1,-1,-1,BASELINE,7,116264432,Client Travel Time [min],160.0,2419.0,1475.16,36879.0,25,2259.0
2026-05-08T14:50:17.762837600Z,TaxiAlgorithmSinglePassenger,0,-1,10,25,1,n/a,-1,-1,-1,BASELINE,7,116264432,Calculation Time [millis],0.0,0.0,0.0,0.0,6721,0.0
2026-05-08T14:50:17.762837600Z,TaxiAlgorithmSinglePassenger,0,-1,10,25,1,n/a,-1,-1,-1,BASELINE,7,116264432,Custom Time [micros],0.0,0.0,0.0,0.0,6721,0.0
2026-05-08T14:50:17.810837Z,TaxiAlgorithmSinglePassenger,0,-1,10,25,1,n/a,-1,-1,-1,BASELINE,8,116264433,Taxi Travel Distance [km],42.97,117.51,85.99,859.91,10,74.54
2026-05-08T14:50:17.810837Z,TaxiAlgorithmSinglePassenger,0,-1,10,25,1,n/a,-1,-1,-1,BASELINE,8,116264433,Client Waiting Time [min],0.73,27.73,10.03,250.82,25,27.0
2026-05-08T14:50:17.810837Z,TaxiAlgorithmSinglePassenger,0,-1,10,25,1,n/a,-1,-1,-1,BASELINE,8,116264433,Client Travel Time [min],339.0,3384.0,1547.12,38678.0,25,3045.0
2026-05-08T14:50:17.810837Z,TaxiAlgorithmSinglePassenger,0,-1,10,25,1,n/a,-1,-1,-1,BASELINE,8,116264433,Calculation Time [millis],0.0,0.0,0.0,1.0,7920,0.0
2026-05-08T14:50:17.810837Z,TaxiAlgorithmSinglePassenger,0,-1,10,25,1,n/a,-1,-1,-1,BASELINE,8,116264433,Custom Time [micros],0.0,0.0,0.0,0.0,7920,0.0
2026-05-08T14:50:17.872838900Z,TaxiAlgorithmSinglePassenger,0,-1,10,25,1,n/a,-1,-1,-1,BASELINE,9,116264434,Taxi Travel Distance [km],32.25,91.74,71.33,713.28,10,59.489999999999995
2026-05-08T14:50:17.872838900Z,TaxiAlgorithmSinglePassenger,0,-1,10,25,1,n/a,-1,-1,-1,BASELINE,9,116264434,Client Waiting Time [min],1.78,20.73,6.97,174.17,25,18.95
2026-05-08T14:50:17.872838900Z,TaxiAlgorithmSinglePassenger,0,-1,10,25,1,n/a,-1,-1,-1,BASELINE,9,116264434,Client Travel Time [min],270.0,2249.0,1277.6,31940.0,25,1979.0
2026-05-08T14:50:17.872838900Z,TaxiAlgorithmSinglePassenger,0,-1,10,25,1,n/a,-1,-1,-1,BASELINE,9,116264434,Calculation Time [millis],0.0,0.0,0.0,0.0,6484,0.0
2026-05-08T14:50:17.872838900Z,TaxiAlgorithmSinglePassenger,0,-1,10,25,1,n/a,-1,-1,-1,BASELINE,9,116264434,Custom Time [micros],0.0,0.0,0.0,0.0,6484,0.0
2026-05-08T14:50:17.919825300Z,TaxiAlgorithmSinglePassenger,0,-1,10,25,1,n/a,-1,-1,-1,BASELINE,10,116264435,Taxi Travel Distance [km],42.98,130.15,81.77,817.72,10,87.17000000000002
2026-05-08T14:50:17.919825300Z,TaxiAlgorithmSinglePassenger,0,-1,10,25,1,n/a,-1,-1,-1,BASELINE,10,116264435,Client Waiting Time [min],3.3,27.67,9.71,242.7,25,24.37
2026-05-08T14:50:17.919825300Z,TaxiAlgorithmSinglePassenger,0,-1,10,25,1,n/a,-1,-1,-1,BASELINE,10,116264435,Client Travel Time [min],686.0,2615.0,1528.48,38212.0,25,1929.0
2026-05-08T14:50:17.919825300Z,TaxiAlgorithmSinglePassenger,0,-1,10,25,1,n/a,-1,-1,-1,BASELINE,10,116264435,Calculation Time [millis],0.0,0.0,0.0,1.0,7393,0.0
2026-05-08T14:50:17.919825300Z,TaxiAlgorithmSinglePassenger,0,-1,10,25,1,n/a,-1,-1,-1,BASELINE,10,116264435,Custom Time [micros],0.0,0.0,0.0,0.0,7393,0.0
2026-05-08T14:50:17.981826200Z,TaxiAlgorithmSinglePassenger,0,-1,10,50,1,n/a,-1,-1,-1,BASELINE,1,116264426,Taxi Travel Distance [km],162.16,198.39,181.86,1818.58,10,36.22999999999999
2026-05-08T14:50:17.981826200Z,TaxiAlgorithmSinglePassenger,0,-1,10,50,1,n/a,-1,-1,-1,BASELINE,1,116264426,Client Waiting Time [min],2.25,87.12,28.84,1384.35,48,84.87
2026-05-08T14:50:17.981826200Z,TaxiAlgorithmSinglePassenger,0,-1,10,50,1,n/a,-1,-1,-1,BASELINE,1,116264426,Client Travel Time [min],788.0,6502.0,2571.3,128565.0,50,5714.0
2026-05-08T14:50:17.981826200Z,TaxiAlgorithmSinglePassenger,0,-1,10,50,1,n/a,-1,-1,-1,BASELINE,1,116264426,Calculation Time [millis],0.0,0.0,0.0,4.0,9596,0.0
2026-05-08T14:50:17.981826200Z,TaxiAlgorithmSinglePassenger,0,-1,10,50,1,n/a,-1,-1,-1,BASELINE,1,116264426,Custom Time [micros],0.0,0.0,0.0,0.0,9596,0.0
2026-05-08T14:50:18.043824500Z,TaxiAlgorithmSinglePassenger,0,-1,10,50,1,n/a,-1,-1,-1,BASELINE,2,116264427,Taxi Travel Distance [km],161.05,208.45,181.74,1817.41,10,47.39999999999998
2026-05-08T14:50:18.043824500Z,TaxiAlgorithmSinglePassenger,0,-1,10,50,1,n/a,-1,-1,-1,BASELINE,2,116264427,Client Waiting Time [min],3.78,107.38,37.44,1834.45,49,103.6
2026-05-08T14:50:18.043824500Z,TaxiAlgorithmSinglePassenger,0,-1,10,50,1,n/a,-1,-1,-1,BASELINE,2,116264427,Client Travel Time [min],688.0,7026.0,3002.12,150106.0,50,6338.0
2026-05-08T14:50:18.043824500Z,TaxiAlgorithmSinglePassenger,0,-1,10,50,1,n/a,-1,-1,-1,BASELINE,2,116264427,Calculation Time [millis],0.0,0.0,0.0,5.0,9555,0.0
2026-05-08T14:50:18.043824500Z,TaxiAlgorithmSinglePassenger,0,-1,10,50,1,n/a,-1,-1,-1,BASELINE,2,116264427,Custom Time [micros],0.0,0.0,0.0,0.0,9555,0.0
2026-05-08T14:50:18.106825Z,TaxiAlgorithmSinglePassenger,0,-1,10,50,1,n/a,-1,-1,-1,BASELINE,3,116264428,Taxi Travel Distance [km],149.14,192.91,168.32,1683.22,10,43.77000000000001
2026-05-08T14:50:18.106825Z,TaxiAlgorithmSinglePassenger,0,-1,10,50,1,n/a,-1,-1,-1,BASELINE,3,116264428,Client Waiting Time [min],1.13,113.07,29.41,1470.5,50,111.94
2026-05-08T14:50:18.106825Z,TaxiAlgorithmSinglePassenger,0,-1,10,50,1,n/a,-1,-1,-1,BASELINE,3,116264428,Client Travel Time [min],580.0,8096.0,2557.0,127850.0,50,7516.0
2026-05-08T14:50:18.106825Z,TaxiAlgorithmSinglePassenger,0,-1,10,50,1,n/a,-1,-1,-1,BASELINE,3,116264428,Calculation Time [millis],0.0,0.0,0.0,4.0,9345,0.0
2026-05-08T14:50:18.106825Z,TaxiAlgorithmSinglePassenger,0,-1,10,50,1,n/a,-1,-1,-1,BASELINE,3,116264428,Custom Time [micros],0.0,0.0,0.0,0.0,9345,0.0
2026-05-08T14:50:18.198825Z,TaxiAlgorithmSinglePassenger,0,-1,10,50,1,n/a,-1,-1,-1,BASELINE,4,116264429,Taxi Travel Distance [km],155.78,197.06,179.43,1794.34,10,41.28
2026-05-08T14:50:18.198825Z,TaxiAlgorithmSinglePassenger,0,-1,10,50,1,n/a,-1,-1,-1,BASELINE,4,116264429,Client Waiting Time [min],1.38,97.58,31.19,1528.18,49,96.2
2026-05-08T14:50:18.198825Z,TaxiAlgorithmSinglePassenger,0,-1,10,50,1,n/a,-1,-1,-1,BASELINE,4,116264429,Client Travel Time [min],971.0,6068.0,2677.32,133866.0,50,5097.0
2026-05-08T14:50:18.198825Z,TaxiAlgorithmSinglePassenger,0,-1,10,50,1,n/a,-1,-1,-1,BASELINE,4,116264429,Calculation Time [millis],0.0,0.0,0.0,4.0,9750,0.0
2026-05-08T14:50:18.198825Z,TaxiAlgorithmSinglePassenger,0,-1,10,50,1,n/a,-1,-1,-1,BASELINE,4,116264429,Custom Time [micros],0.0,0.0,0.0,0.0,9750,0.0
2026-05-08T14:50:18.275829500Z,TaxiAlgorithmSinglePassenger,0,-1,10,50,1,n/a,-1,-1,-1,BASELINE,5,116264430,Taxi Travel Distance [km],178.23,234.96,201.05,2010.49,10,56.73000000000002
2026-05-08T14:50:18.275829500Z,TaxiAlgorithmSinglePassenger,0,-1,10,50,1,n/a,-1,-1,-1,BASELINE,5,116264430,Client Waiting Time [min],1.45,135.32,47.14,2357.02,50,133.87
2026-05-08T14:50:18.275829500Z,TaxiAlgorithmSinglePassenger,0,-1,10,50,1,n/a,-1,-1,-1,BASELINE,5,116264430,Client Travel Time [min],651.0,9126.0,3689.02,184451.0,50,8475.0
2026-05-08T14:50:18.275829500Z,TaxiAlgorithmSinglePassenger,0,-1,10,50,1,n/a,-1,-1,-1,BASELINE,5,116264430,Calculation Time [millis],0.0,0.0,0.0,5.0,11173,0.0
2026-05-08T14:50:18.275829500Z,TaxiAlgorithmSinglePassenger,0,-1,10,50,1,n/a,-1,-1,-1,BASELINE,5,116264430,Custom Time [micros],0.0,0.0,0.0,0.0,11173,0.0
2026-05-08T14:50:18.354825200Z,TaxiAlgorithmSinglePassenger,0,-1,10,50,1,n/a,-1,-1,-1,BASELINE,6,116264431,Taxi Travel Distance [km],190.38,240.88,205.29,2052.9,10,50.5
2026-05-08T14:50:18.354825200Z,TaxiAlgorithmSinglePassenger,0,-1,10,50,1,n/a,-1,-1,-1,BASELINE,6,116264431,Client Waiting Time [min],1.33,133.05,44.11,2161.18,49,131.72
2026-05-08T14:50:18.354825200Z,TaxiAlgorithmSinglePassenger,0,-1,10,50,1,n/a,-1,-1,-1,BASELINE,6,116264431,Client Travel Time [min],295.0,9560.0,3628.56,181428.0,50,9265.0
2026-05-08T14:50:18.354825200Z,TaxiAlgorithmSinglePassenger,0,-1,10,50,1,n/a,-1,-1,-1,BASELINE,6,116264431,Calculation Time [millis],0.0,0.0,0.0,6.0,12104,0.0
2026-05-08T14:50:18.354825200Z,TaxiAlgorithmSinglePassenger,0,-1,10,50,1,n/a,-1,-1,-1,BASELINE,6,116264431,Custom Time [micros],0.0,0.0,0.0,0.0,12104,0.0
2026-05-08T14:50:18.416828500Z,TaxiAlgorithmSinglePassenger,0,-1,10,50,1,n/a,-1,-1,-1,BASELINE,7,116264432,Taxi Travel Distance [km],159.41,196.53,178.04,1780.42,10,37.120000000000005
2026-05-08T14:50:18.416828500Z,TaxiAlgorithmSinglePassenger,0,-1,10,50,1,n/a,-1,-1,-1,BASELINE,7,116264432,Client Waiting Time [min],0.1,91.37,28.43,1392.93,49,91.27000000000001
2026-05-08T14:50:18.416828500Z,TaxiAlgorithmSinglePassenger,0,-1,10,50,1,n/a,-1,-1,-1,BASELINE,7,116264432,Client Travel Time [min],160.0,6035.0,2599.42,129971.0,50,5875.0
2026-05-08T14:50:18.416828500Z,TaxiAlgorithmSinglePassenger,0,-1,10,50,1,n/a,-1,-1,-1,BASELINE,7,116264432,Calculation Time [millis],0.0,0.0,0.0,5.0,9053,0.0
2026-05-08T14:50:18.416828500Z,TaxiAlgorithmSinglePassenger,0,-1,10,50,1,n/a,-1,-1,-1,BASELINE,7,116264432,Custom Time [micros],0.0,0.0,0.0,0.0,9053,0.0
2026-05-08T14:50:18.492826300Z,TaxiAlgorithmSinglePassenger,0,-1,10,50,1,n/a,-1,-1,-1,BASELINE,8,116264433,Taxi Travel Distance [km],160.92,194.84,173.93,1739.31,10,33.920000000000016
2026-05-08T14:50:18.492826300Z,TaxiAlgorithmSinglePassenger,0,-1,10,50,1,n/a,-1,-1,-1,BASELINE,8,116264433,Client Waiting Time [min],1.3,100.05,32.89,1611.38,49,98.75
2026-05-08T14:50:18.492826300Z,TaxiAlgorithmSinglePassenger,0,-1,10,50,1,n/a,-1,-1,-1,BASELINE,8,116264433,Client Travel Time [min],707.0,7219.0,2853.0,142650.0,50,6512.0
2026-05-08T14:50:18.492826300Z,TaxiAlgorithmSinglePassenger,0,-1,10,50,1,n/a,-1,-1,-1,BASELINE,8,116264433,Calculation Time [millis],0.0,0.0,0.0,5.0,9577,0.0
2026-05-08T14:50:18.492826300Z,TaxiAlgorithmSinglePassenger,0,-1,10,50,1,n/a,-1,-1,-1,BASELINE,8,116264433,Custom Time [micros],0.0,0.0,0.0,0.0,9577,0.0
2026-05-08T14:50:18.555825300Z,TaxiAlgorithmSinglePassenger,0,-1,10,50,1,n/a,-1,-1,-1,BASELINE,9,116264434,Taxi Travel Distance [km],150.94,205.14,178.34,1783.38,10,54.19999999999999
2026-05-08T14:50:18.555825300Z,TaxiAlgorithmSinglePassenger,0,-1,10,50,1,n/a,-1,-1,-1,BASELINE,9,116264434,Client Waiting Time [min],2.4,97.05,30.03,1441.2,48,94.64999999999999
2026-05-08T14:50:18.555825300Z,TaxiAlgorithmSinglePassenger,0,-1,10,50,1,n/a,-1,-1,-1,BASELINE,9,116264434,Client Travel Time [min],270.0,6825.0,2786.0,139300.0,50,6555.0
2026-05-08T14:50:18.555825300Z,TaxiAlgorithmSinglePassenger,0,-1,10,50,1,n/a,-1,-1,-1,BASELINE,9,116264434,Calculation Time [millis],0.0,0.0,0.0,5.0,10042,0.0
2026-05-08T14:50:18.555825300Z,TaxiAlgorithmSinglePassenger,0,-1,10,50,1,n/a,-1,-1,-1,BASELINE,9,116264434,Custom Time [micros],0.0,0.0,0.0,0.0,10042,0.0
2026-05-08T14:50:18.632828800Z,TaxiAlgorithmSinglePassenger,0,-1,10,50,1,n/a,-1,-1,-1,BASELINE,10,116264435,Taxi Travel Distance [km],165.26,210.88,182.44,1824.36,10,45.620000000000005
2026-05-08T14:50:18.632828800Z,TaxiAlgorithmSinglePassenger,0,-1,10,50,1,n/a,-1,-1,-1,BASELINE,10,116264435,Client Waiting Time [min],0.58,129.03,29.96,1468.18,49,128.45
2026-05-08T14:50:18.632828800Z,TaxiAlgorithmSinglePassenger,0,-1,10,50,1,n/a,-1,-1,-1,BASELINE,10,116264435,Client Travel Time [min],926.0,7762.0,2739.42,136971.0,50,6836.0
2026-05-08T14:50:18.632828800Z,TaxiAlgorithmSinglePassenger,0,-1,10,50,1,n/a,-1,-1,-1,BASELINE,10,116264435,Calculation Time [millis],0.0,0.0,0.0,5.0,9858,0.0
2026-05-08T14:50:18.632828800Z,TaxiAlgorithmSinglePassenger,0,-1,10,50,1,n/a,-1,-1,-1,BASELINE,10,116264435,Custom Time [micros],0.0,0.0,0.0,0.0,9858,0.0
2026-05-08T14:50:18.712830Z,TaxiAlgorithmSinglePassenger,0,-1,20,50,1,n/a,-1,-1,-1,BASELINE,1,116264426,Taxi Travel Distance [km],33.1,135.58,70.72,1414.46,20,102.48000000000002
2026-05-08T14:50:18.712830Z,TaxiAlgorithmSinglePassenger,0,-1,20,50,1,n/a,-1,-1,-1,BASELINE,1,116264426,Client Waiting Time [min],1.08,24.75,6.86,342.93,50,23.67
2026-05-08T14:50:18.712830Z,TaxiAlgorithmSinglePassenger,0,-1,20,50,1,n/a,-1,-1,-1,BASELINE,1,116264426,Client Travel Time [min],510.0,2325.0,1274.46,63723.0,50,1815.0
2026-05-08T14:50:18.712830Z,TaxiAlgorithmSinglePassenger,0,-1,20,50,1,n/a,-1,-1,-1,BASELINE,1,116264426,Calculation Time [millis],0.0,0.0,0.0,1.0,6779,0.0
2026-05-08T14:50:18.712830Z,TaxiAlgorithmSinglePassenger,0,-1,20,50,1,n/a,-1,-1,-1,BASELINE,1,116264426,Custom Time [micros],0.0,0.0,0.0,0.0,6779,0.0
2026-05-08T14:50:18.774827200Z,TaxiAlgorithmSinglePassenger,0,-1,20,50,1,n/a,-1,-1,-1,BASELINE,2,116264427,Taxi Travel Distance [km],42.15,128.54,77.18,1543.62,20,86.38999999999999
2026-05-08T14:50:18.774827200Z,TaxiAlgorithmSinglePassenger,0,-1,20,50,1,n/a,-1,-1,-1,BASELINE,2,116264427,Client Waiting Time [min],0.57,24.92,8.43,421.73,50,24.35
2026-05-08T14:50:18.774827200Z,TaxiAlgorithmSinglePassenger,0,-1,20,50,1,n/a,-1,-1,-1,BASELINE,2,116264427,Client Travel Time [min],360.0,3688.0,1390.32,69516.0,50,3328.0
2026-05-08T14:50:18.774827200Z,TaxiAlgorithmSinglePassenger,0,-1,20,50,1,n/a,-1,-1,-1,BASELINE,2,116264427,Calculation Time [millis],0.0,0.0,0.0,1.0,6521,0.0
2026-05-08T14:50:18.774827200Z,TaxiAlgorithmSinglePassenger,0,-1,20,50,1,n/a,-1,-1,-1,BASELINE,2,116264427,Custom Time [micros],0.0,0.0,0.0,0.0,6521,0.0
2026-05-08T14:50:18.838126200Z,TaxiAlgorithmSinglePassenger,0,-1,20,50,1,n/a,-1,-1,-1,BASELINE,3,116264428,Taxi Travel Distance [km],19.86,98.37,72.81,1456.23,20,78.51
2026-05-08T14:50:18.838126200Z,TaxiAlgorithmSinglePassenger,0,-1,20,50,1,n/a,-1,-1,-1,BASELINE,3,116264428,Client Waiting Time [min],0.38,18.52,6.9,344.82,50,18.14
2026-05-08T14:50:18.838126200Z,TaxiAlgorithmSinglePassenger,0,-1,20,50,1,n/a,-1,-1,-1,BASELINE,3,116264428,Client Travel Time [min],535.0,2168.0,1309.26,65463.0,50,1633.0
2026-05-08T14:50:18.838126200Z,TaxiAlgorithmSinglePassenger,0,-1,20,50,1,n/a,-1,-1,-1,BASELINE,3,116264428,Calculation Time [millis],0.0,0.0,0.0,1.0,6483,0.0
2026-05-08T14:50:18.838126200Z,TaxiAlgorithmSinglePassenger,0,-1,20,50,1,n/a,-1,-1,-1,BASELINE,3,116264428,Custom Time [micros],0.0,0.0,0.0,0.0,6483,0.0
2026-05-08T14:50:18.915130Z,TaxiAlgorithmSinglePassenger,0,-1,20,50,1,n/a,-1,-1,-1,BASELINE,4,116264429,Taxi Travel Distance [km],18.81,118.89,67.22,1344.5,20,100.08
2026-05-08T14:50:18.915130Z,TaxiAlgorithmSinglePassenger,0,-1,20,50,1,n/a,-1,-1,-1,BASELINE,4,116264429,Client Waiting Time [min],1.35,12.3,5.93,296.27,50,10.950000000000001
2026-05-08T14:50:18.915130Z,TaxiAlgorithmSinglePassenger,0,-1,20,50,1,n/a,-1,-1,-1,BASELINE,4,116264429,Client Travel Time [min],310.0,2455.0,1209.46,60473.0,50,2145.0
2026-05-08T14:50:18.915130Z,TaxiAlgorithmSinglePassenger,0,-1,20,50,1,n/a,-1,-1,-1,BASELINE,4,116264429,Calculation Time [millis],0.0,0.0,0.0,1.0,7062,0.0
2026-05-08T14:50:18.915130Z,TaxiAlgorithmSinglePassenger,0,-1,20,50,1,n/a,-1,-1,-1,BASELINE,4,116264429,Custom Time [micros],0.0,0.0,0.0,0.0,7062,0.0
2026-05-08T14:50:18.976124700Z,TaxiAlgorithmSinglePassenger,0,-1,20,50,1,n/a,-1,-1,-1,BASELINE,5,116264430,Taxi Travel Distance [km],55.81,124.88,79.28,1585.52,20,69.07
2026-05-08T14:50:18.976124700Z,TaxiAlgorithmSinglePassenger,0,-1,20,50,1,n/a,-1,-1,-1,BASELINE,5,116264430,Client Waiting Time [min],1.25,23.77,7.03,351.53,50,22.52
2026-05-08T14:50:18.976124700Z,TaxiAlgorithmSinglePassenger,0,-1,20,50,1,n/a,-1,-1,-1,BASELINE,5,116264430,Client Travel Time [min],524.0,2317.0,1425.14,71257.0,50,1793.0
2026-05-08T14:50:18.976124700Z,TaxiAlgorithmSinglePassenger,0,-1,20,50,1,n/a,-1,-1,-1,BASELINE,5,116264430,Calculation Time [millis],0.0,0.0,0.0,1.0,6332,0.0
2026-05-08T14:50:18.976124700Z,TaxiAlgorithmSinglePassenger,0,-1,20,50,1,n/a,-1,-1,-1,BASELINE,5,116264430,Custom Time [micros],0.0,0.0,0.0,0.0,6332,0.0
2026-05-08T14:50:19.040129400Z,TaxiAlgorithmSinglePassenger,0,-1,20,50,1,n/a,-1,-1,-1,BASELINE,6,116264431,Taxi Travel Distance [km],41.41,145.82,86.36,1727.17,20,104.41
2026-05-08T14:50:19.040129400Z,TaxiAlgorithmSinglePassenger,0,-1,20,50,1,n/a,-1,-1,-1,BASELINE,6,116264431,Client Waiting Time [min],1.33,35.25,9.0,450.12,50,33.92
2026-05-08T14:50:19.040129400Z,TaxiAlgorithmSinglePassenger,0,-1,20,50,1,n/a,-1,-1,-1,BASELINE,6,116264431,Client Travel Time [min],295.0,4041.0,1567.0,78350.0,50,3746.0
2026-05-08T14:50:19.040129400Z,TaxiAlgorithmSinglePassenger,0,-1,20,50,1,n/a,-1,-1,-1,BASELINE,6,116264431,Calculation Time [millis],0.0,0.0,0.0,2.0,8426,0.0
2026-05-08T14:50:19.040129400Z,TaxiAlgorithmSinglePassenger,0,-1,20,50,1,n/a,-1,-1,-1,BASELINE,6,116264431,Custom Time [micros],0.0,0.0,0.0,0.0,8426,0.0
2026-05-08T14:50:19.115124600Z,TaxiAlgorithmSinglePassenger,0,-1,20,50,1,n/a,-1,-1,-1,BASELINE,7,116264432,Taxi Travel Distance [km],0.0,129.81,65.66,1313.14,20,129.81
2026-05-08T14:50:19.115124600Z,TaxiAlgorithmSinglePassenger,0,-1,20,50,1,n/a,-1,-1,-1,BASELINE,7,116264432,Client Waiting Time [min],0.1,19.4,5.6,280.07,50,19.299999999999997
2026-05-08T14:50:19.115124600Z,TaxiAlgorithmSinglePassenger,0,-1,20,50,1,n/a,-1,-1,-1,BASELINE,7,116264432,Client Travel Time [min],160.0,2676.0,1181.82,59091.0,50,2516.0
2026-05-08T14:50:19.115124600Z,TaxiAlgorithmSinglePassenger,0,-1,20,50,1,n/a,-1,-1,-1,BASELINE,7,116264432,Calculation Time [millis],0.0,0.0,0.0,1.0,7200,0.0
2026-05-08T14:50:19.115124600Z,TaxiAlgorithmSinglePassenger,0,-1,20,50,1,n/a,-1,-1,-1,BASELINE,7,116264432,Custom Time [micros],0.0,0.0,0.0,0.0,7200,0.0
2026-05-08T14:50:19.195126100Z,TaxiAlgorithmSinglePassenger,0,-1,20,50,1,n/a,-1,-1,-1,BASELINE,8,116264433,Taxi Travel Distance [km],0.0,125.31,74.83,1496.67,20,125.31
2026-05-08T14:50:19.195126100Z,TaxiAlgorithmSinglePassenger,0,-1,20,50,1,n/a,-1,-1,-1,BASELINE,8,116264433,Client Waiting Time [min],0.73,21.25,7.08,354.1,50,20.52
2026-05-08T14:50:19.195126100Z,TaxiAlgorithmSinglePassenger,0,-1,20,50,1,n/a,-1,-1,-1,BASELINE,8,116264433,Client Travel Time [min],481.0,2983.0,1348.58,67429.0,50,2502.0
2026-05-08T14:50:19.195126100Z,TaxiAlgorithmSinglePassenger,0,-1,20,50,1,n/a,-1,-1,-1,BASELINE,8,116264433,Calculation Time [millis],0.0,0.0,0.0,1.0,6740,0.0
2026-05-08T14:50:19.195126100Z,TaxiAlgorithmSinglePassenger,0,-1,20,50,1,n/a,-1,-1,-1,BASELINE,8,116264433,Custom Time [micros],0.0,0.0,0.0,0.0,6740,0.0
2026-05-08T14:50:19.256126100Z,TaxiAlgorithmSinglePassenger,0,-1,20,50,1,n/a,-1,-1,-1,BASELINE,9,116264434,Taxi Travel Distance [km],31.78,117.35,72.12,1442.32,20,85.57
2026-05-08T14:50:19.256126100Z,TaxiAlgorithmSinglePassenger,0,-1,20,50,1,n/a,-1,-1,-1,BASELINE,9,116264434,Client Waiting Time [min],0.25,21.52,7.01,350.53,50,21.27
2026-05-08T14:50:19.256126100Z,TaxiAlgorithmSinglePassenger,0,-1,20,50,1,n/a,-1,-1,-1,BASELINE,9,116264434,Client Travel Time [min],91.0,2920.0,1297.62,64881.0,50,2829.0
2026-05-08T14:50:19.256126100Z,TaxiAlgorithmSinglePassenger,0,-1,20,50,1,n/a,-1,-1,-1,BASELINE,9,116264434,Calculation Time [millis],0.0,0.0,0.0,1.0,6644,0.0
2026-05-08T14:50:19.256126100Z,TaxiAlgorithmSinglePassenger,0,-1,20,50,1,n/a,-1,-1,-1,BASELINE,9,116264434,Custom Time [micros],0.0,0.0,0.0,0.0,6644,0.0
2026-05-08T14:50:19.335128Z,TaxiAlgorithmSinglePassenger,0,-1,20,50,1,n/a,-1,-1,-1,BASELINE,10,116264435,Taxi Travel Distance [km],9.67,121.35,71.45,1429.01,20,111.67999999999999
2026-05-08T14:50:19.335128Z,TaxiAlgorithmSinglePassenger,0,-1,20,50,1,n/a,-1,-1,-1,BASELINE,10,116264435,Client Waiting Time [min],0.58,12.42,5.18,259.02,50,11.84
2026-05-08T14:50:19.335128Z,TaxiAlgorithmSinglePassenger,0,-1,20,50,1,n/a,-1,-1,-1,BASELINE,10,116264435,Client Travel Time [min],402.0,2459.0,1283.36,64168.0,50,2057.0
2026-05-08T14:50:19.335128Z,TaxiAlgorithmSinglePassenger,0,-1,20,50,1,n/a,-1,-1,-1,BASELINE,10,116264435,Calculation Time [millis],0.0,0.0,0.0,1.0,6854,0.0
2026-05-08T14:50:19.335128Z,TaxiAlgorithmSinglePassenger,0,-1,20,50,1,n/a,-1,-1,-1,BASELINE,10,116264435,Custom Time [micros],0.0,0.0,0.0,0.0,6854,0.0
2026-05-08T14:50:19.444125800Z,TaxiAlgorithmSinglePassenger,0,-1,20,100,1,n/a,-1,-1,-1,BASELINE,1,116264426,Taxi Travel Distance [km],150.36,204.35,178.39,3567.71,20,53.98999999999998
2026-05-08T14:50:19.444125800Z,TaxiAlgorithmSinglePassenger,0,-1,20,100,1,n/a,-1,-1,-1,BASELINE,1,116264426,Client Waiting Time [min],1.83,112.67,26.72,2618.83,98,110.84
2026-05-08T14:50:19.444125800Z,TaxiAlgorithmSinglePassenger,0,-1,20,100,1,n/a,-1,-1,-1,BASELINE,1,116264426,Client Travel Time [min],508.0,7911.0,2438.34,243834.0,100,7403.0
2026-05-08T14:50:19.444125800Z,TaxiAlgorithmSinglePassenger,0,-1,20,100,1,n/a,-1,-1,-1,BASELINE,1,116264426,Calculation Time [millis],0.0,0.0,0.0,8.0,9438,0.0
2026-05-08T14:50:19.444125800Z,TaxiAlgorithmSinglePassenger,0,-1,20,100,1,n/a,-1,-1,-1,BASELINE,1,116264426,Custom Time [micros],0.0,0.0,0.0,0.0,9438,0.0
2026-05-08T14:50:19.539127200Z,TaxiAlgorithmSinglePassenger,0,-1,20,100,1,n/a,-1,-1,-1,BASELINE,2,116264427,Taxi Travel Distance [km],159.04,202.2,184.45,3688.96,20,43.16
2026-05-08T14:50:19.539127200Z,TaxiAlgorithmSinglePassenger,0,-1,20,100,1,n/a,-1,-1,-1,BASELINE,2,116264427,Client Waiting Time [min],1.45,116.43,34.33,3432.68,100,114.98
2026-05-08T14:50:19.539127200Z,TaxiAlgorithmSinglePassenger,0,-1,20,100,1,n/a,-1,-1,-1,BASELINE,2,116264427,Client Travel Time [min],346.0,8206.0,2931.8,293180.0,100,7860.0
2026-05-08T14:50:19.539127200Z,TaxiAlgorithmSinglePassenger,0,-1,20,100,1,n/a,-1,-1,-1,BASELINE,2,116264427,Calculation Time [millis],0.0,0.0,0.0,9.0,9929,0.0
2026-05-08T14:50:19.539127200Z,TaxiAlgorithmSinglePassenger,0,-1,20,100,1,n/a,-1,-1,-1,BASELINE,2,116264427,Custom Time [micros],0.0,0.0,0.0,0.0,9929,0.0
2026-05-08T14:50:19.633126500Z,TaxiAlgorithmSinglePassenger,0,-1,20,100,1,n/a,-1,-1,-1,BASELINE,3,116264428,Taxi Travel Distance [km],154.49,220.1,175.99,3519.73,20,65.60999999999999
2026-05-08T14:50:19.633126500Z,TaxiAlgorithmSinglePassenger,0,-1,20,100,1,n/a,-1,-1,-1,BASELINE,3,116264428,Client Waiting Time [min],1.13,118.93,33.06,3306.25,100,117.80000000000001
2026-05-08T14:50:19.633126500Z,TaxiAlgorithmSinglePassenger,0,-1,20,100,1,n/a,-1,-1,-1,BASELINE,3,116264428,Client Travel Time [min],234.0,7487.0,2786.27,278627.0,100,7253.0
2026-05-08T14:50:19.633126500Z,TaxiAlgorithmSinglePassenger,0,-1,20,100,1,n/a,-1,-1,-1,BASELINE,3,116264428,Calculation Time [millis],0.0,0.0,0.0,9.0,9999,0.0
2026-05-08T14:50:19.633126500Z,TaxiAlgorithmSinglePassenger,0,-1,20,100,1,n/a,-1,-1,-1,BASELINE,3,116264428,Custom Time [micros],0.0,0.0,0.0,0.0,9999,0.0
2026-05-08T14:50:19.741126800Z,TaxiAlgorithmSinglePassenger,0,-1,20,100,1,n/a,-1,-1,-1,BASELINE,4,116264429,Taxi Travel Distance [km],153.4,212.48,181.77,3635.32,20,59.079999999999984
2026-05-08T14:50:19.741126800Z,TaxiAlgorithmSinglePassenger,0,-1,20,100,1,n/a,-1,-1,-1,BASELINE,4,116264429,Client Waiting Time [min],1.38,111.47,30.37,3006.63,99,110.09
2026-05-08T14:50:19.741126800Z,TaxiAlgorithmSinglePassenger,0,-1,20,100,1,n/a,-1,-1,-1,BASELINE,4,116264429,Client Travel Time [min],396.0,7978.0,2688.18,268818.0,100,7582.0
2026-05-08T14:50:19.741126800Z,TaxiAlgorithmSinglePassenger,0,-1,20,100,1,n/a,-1,-1,-1,BASELINE,4,116264429,Calculation Time [millis],0.0,0.0,0.0,9.0,10046,0.0
2026-05-08T14:50:19.741126800Z,TaxiAlgorithmSinglePassenger,0,-1,20,100,1,n/a,-1,-1,-1,BASELINE,4,116264429,Custom Time [micros],0.0,0.0,0.0,0.0,10046,0.0
2026-05-08T14:50:19.835125Z,TaxiAlgorithmSinglePassenger,0,-1,20,100,1,n/a,-1,-1,-1,BASELINE,5,116264430,Taxi Travel Distance [km],161.27,207.71,185.72,3714.42,20,46.44
2026-05-08T14:50:19.835125Z,TaxiAlgorithmSinglePassenger,0,-1,20,100,1,n/a,-1,-1,-1,BASELINE,5,116264430,Client Waiting Time [min],1.45,117.55,35.73,3572.5,100,116.1
2026-05-08T14:50:19.835125Z,TaxiAlgorithmSinglePassenger,0,-1,20,100,1,n/a,-1,-1,-1,BASELINE,5,116264430,Client Travel Time [min],613.0,8039.0,3012.35,301235.0,100,7426.0
2026-05-08T14:50:19.835125Z,TaxiAlgorithmSinglePassenger,0,-1,20,100,1,n/a,-1,-1,-1,BASELINE,5,116264430,Calculation Time [millis],0.0,0.0,0.0,9.0,9700,0.0
2026-05-08T14:50:19.835125Z,TaxiAlgorithmSinglePassenger,0,-1,20,100,1,n/a,-1,-1,-1,BASELINE,5,116264430,Custom Time [micros],0.0,0.0,0.0,0.0,9700,0.0
2026-05-08T14:50:19.943127900Z,TaxiAlgorithmSinglePassenger,0,-1,20,100,1,n/a,-1,-1,-1,BASELINE,6,116264431,Taxi Travel Distance [km],159.11,229.57,189.58,3791.64,20,70.45999999999998
2026-05-08T14:50:19.943127900Z,TaxiAlgorithmSinglePassenger,0,-1,20,100,1,n/a,-1,-1,-1,BASELINE,6,116264431,Client Waiting Time [min],0.68,119.93,33.14,3280.87,99,119.25
2026-05-08T14:50:19.943127900Z,TaxiAlgorithmSinglePassenger,0,-1,20,100,1,n/a,-1,-1,-1,BASELINE,6,116264431,Client Travel Time [min],368.0,8707.0,2914.9,291490.0,100,8339.0
2026-05-08T14:50:19.943127900Z,TaxiAlgorithmSinglePassenger,0,-1,20,100,1,n/a,-1,-1,-1,BASELINE,6,116264431,Calculation Time [millis],0.0,0.0,0.0,9.0,10666,0.0
2026-05-08T14:50:19.943127900Z,TaxiAlgorithmSinglePassenger,0,-1,20,100,1,n/a,-1,-1,-1,BASELINE,6,116264431,Custom Time [micros],0.0,0.0,0.0,0.0,10666,0.0
2026-05-08T14:50:20.037125900Z,TaxiAlgorithmSinglePassenger,0,-1,20,100,1,n/a,-1,-1,-1,BASELINE,7,116264432,Taxi Travel Distance [km],161.01,209.87,178.91,3578.15,20,48.860000000000014
2026-05-08T14:50:20.037125900Z,TaxiAlgorithmSinglePassenger,0,-1,20,100,1,n/a,-1,-1,-1,BASELINE,7,116264432,Client Waiting Time [min],0.52,120.82,30.57,3026.23,99,120.3
2026-05-08T14:50:20.037125900Z,TaxiAlgorithmSinglePassenger,0,-1,20,100,1,n/a,-1,-1,-1,BASELINE,7,116264432,Client Travel Time [min],160.0,7340.0,2685.88,268588.0,100,7180.0
2026-05-08T14:50:20.037125900Z,TaxiAlgorithmSinglePassenger,0,-1,20,100,1,n/a,-1,-1,-1,BASELINE,7,116264432,Calculation Time [millis],0.0,0.0,0.0,9.0,9700,0.0
2026-05-08T14:50:20.037125900Z,TaxiAlgorithmSinglePassenger,0,-1,20,100,1,n/a,-1,-1,-1,BASELINE,7,116264432,Custom Time [micros],0.0,0.0,0.0,0.0,9700,0.0
2026-05-08T14:50:20.145127Z,TaxiAlgorithmSinglePassenger,0,-1,20,100,1,n/a,-1,-1,-1,BASELINE,8,116264433,Taxi Travel Distance [km],171.07,214.17,193.5,3869.93,20,43.099999999999994
2026-05-08T14:50:20.145127Z,TaxiAlgorithmSinglePassenger,0,-1,20,100,1,n/a,-1,-1,-1,BASELINE,8,116264433,Client Waiting Time [min],1.23,109.93,35.48,3477.2,98,108.7
2026-05-08T14:50:20.145127Z,TaxiAlgorithmSinglePassenger,0,-1,20,100,1,n/a,-1,-1,-1,BASELINE,8,116264433,Client Travel Time [min],441.0,7395.0,3089.38,308938.0,100,6954.0
2026-05-08T14:50:20.145127Z,TaxiAlgorithmSinglePassenger,0,-1,20,100,1,n/a,-1,-1,-1,BASELINE,8,116264433,Calculation Time [millis],0.0,0.0,0.0,9.0,10616,0.0
2026-05-08T14:50:20.145127Z,TaxiAlgorithmSinglePassenger,0,-1,20,100,1,n/a,-1,-1,-1,BASELINE,8,116264433,Custom Time [micros],0.0,0.0,0.0,0.0,10616,0.0
2026-05-08T14:50:20.253126600Z,TaxiAlgorithmSinglePassenger,0,-1,20,100,1,n/a,-1,-1,-1,BASELINE,9,116264434,Taxi Travel Distance [km],155.9,238.85,186.35,3727.06,20,82.94999999999999
2026-05-08T14:50:20.253126600Z,TaxiAlgorithmSinglePassenger,0,-1,20,100,1,n/a,-1,-1,-1,BASELINE,9,116264434,Client Waiting Time [min],0.25,117.2,32.81,3280.63,100,116.95
2026-05-08T14:50:20.253126600Z,TaxiAlgorithmSinglePassenger,0,-1,20,100,1,n/a,-1,-1,-1,BASELINE,9,116264434,Client Travel Time [min],91.0,7507.0,2841.19,284119.0,100,7416.0
2026-05-08T14:50:20.253126600Z,TaxiAlgorithmSinglePassenger,0,-1,20,100,1,n/a,-1,-1,-1,BASELINE,9,116264434,Calculation Time [millis],0.0,0.0,0.0,10.0,11057,0.0
2026-05-08T14:50:20.253126600Z,TaxiAlgorithmSinglePassenger,0,-1,20,100,1,n/a,-1,-1,-1,BASELINE,9,116264434,Custom Time [micros],0.0,0.0,0.0,0.0,11057,0.0
2026-05-08T14:50:20.377126Z,TaxiAlgorithmSinglePassenger,0,-1,20,100,1,n/a,-1,-1,-1,BASELINE,10,116264435,Taxi Travel Distance [km],169.09,218.74,187.75,3755.07,20,49.650000000000006
2026-05-08T14:50:20.377126Z,TaxiAlgorithmSinglePassenger,0,-1,20,100,1,n/a,-1,-1,-1,BASELINE,10,116264435,Client Waiting Time [min],0.58,124.62,33.83,3349.6,99,124.04
2026-05-08T14:50:20.377126Z,TaxiAlgorithmSinglePassenger,0,-1,20,100,1,n/a,-1,-1,-1,BASELINE,10,116264435,Client Travel Time [min],602.0,7627.0,2886.23,288623.0,100,7025.0
2026-05-08T14:50:20.377126Z,TaxiAlgorithmSinglePassenger,0,-1,20,100,1,n/a,-1,-1,-1,BASELINE,10,116264435,Calculation Time [millis],0.0,0.0,0.0,12.0,10135,0.0
2026-05-08T14:50:20.377126Z,TaxiAlgorithmSinglePassenger,0,-1,20,100,1,n/a,-1,-1,-1,BASELINE,10,116264435,Custom Time [micros],0.0,0.0,0.0,0.0,10135,0.0
2026-05-08T14:50:21.501984600Z,TaxiAlgorithmVehicleRouting,0,-1,5,25,1,n/a,-1,-1,-1,BASELINE,1,116264426,Taxi Travel Distance [km],156.05,186.23,172.91,864.57,5,30.17999999999998
2026-05-08T14:50:21.501984600Z,TaxiAlgorithmVehicleRouting,0,-1,5,25,1,n/a,-1,-1,-1,BASELINE,1,116264426,Client Waiting Time [min],2.25,83.75,29.46,2150.6,73,81.5
2026-05-08T14:50:21.501984600Z,TaxiAlgorithmVehicleRouting,0,-1,5,25,1,n/a,-1,-1,-1,BASELINE,1,116264426,Client Travel Time [min],924.0,6516.0,2968.24,74206.0,25,5592.0
2026-05-08T14:50:21.501984600Z,TaxiAlgorithmVehicleRouting,0,-1,5,25,1,n/a,-1,-1,-1,BASELINE,1,116264426,Calculation Time [millis],0.0,99.0,0.09,750.0,8475,99.0
2026-05-08T14:50:21.501984600Z,TaxiAlgorithmVehicleRouting,0,-1,5,25,1,n/a,-1,-1,-1,BASELINE,1,116264426,Custom Time [micros],0.0,0.0,0.0,0.0,8475,0.0
2026-05-08T14:50:23.405452300Z,TaxiAlgorithmVehicleRouting,0,-1,5,25,1,n/a,-1,-1,-1,BASELINE,2,116264427,Taxi Travel Distance [km],149.35,191.55,178.83,894.17,5,42.20000000000002
2026-05-08T14:50:23.405452300Z,TaxiAlgorithmVehicleRouting,0,-1,5,25,1,n/a,-1,-1,-1,BASELINE,2,116264427,Client Waiting Time [min],1.55,115.97,30.55,2047.15,67,114.42
2026-05-08T14:50:23.405452300Z,TaxiAlgorithmVehicleRouting,0,-1,5,25,1,n/a,-1,-1,-1,BASELINE,2,116264427,Client Travel Time [min],613.0,7951.0,3954.48,98862.0,25,7338.0
2026-05-08T14:50:23.405452300Z,TaxiAlgorithmVehicleRouting,0,-1,5,25,1,n/a,-1,-1,-1,BASELINE,2,116264427,Calculation Time [millis],0.0,229.0,0.2,1799.0,9126,229.0
2026-05-08T14:50:23.405452300Z,TaxiAlgorithmVehicleRouting,0,-1,5,25,1,n/a,-1,-1,-1,BASELINE,2,116264427,Custom Time [micros],0.0,0.0,0.0,0.0,9126,0.0
2026-05-08T14:50:24.195445900Z,TaxiAlgorithmVehicleRouting,0,-1,5,25,1,n/a,-1,-1,-1,BASELINE,3,116264428,Taxi Travel Distance [km],132.92,149.71,143.73,718.65,5,16.79000000000002
2026-05-08T14:50:24.195445900Z,TaxiAlgorithmVehicleRouting,0,-1,5,25,1,n/a,-1,-1,-1,BASELINE,3,116264428,Client Waiting Time [min],2.72,83.97,22.19,1797.1,81,81.25
2026-05-08T14:50:24.195445900Z,TaxiAlgorithmVehicleRouting,0,-1,5,25,1,n/a,-1,-1,-1,BASELINE,3,116264428,Client Travel Time [min],580.0,6024.0,2482.0,62050.0,25,5444.0
2026-05-08T14:50:24.195445900Z,TaxiAlgorithmVehicleRouting,0,-1,5,25,1,n/a,-1,-1,-1,BASELINE,3,116264428,Calculation Time [millis],0.0,81.0,0.09,712.0,7752,81.0
2026-05-08T14:50:24.195445900Z,TaxiAlgorithmVehicleRouting,0,-1,5,25,1,n/a,-1,-1,-1,BASELINE,3,116264428,Custom Time [micros],0.0,0.0,0.0,0.0,7752,0.0
2026-05-08T14:50:25.001159700Z,TaxiAlgorithmVehicleRouting,0,-1,5,25,1,n/a,-1,-1,-1,BASELINE,4,116264429,Taxi Travel Distance [km],136.18,177.97,163.18,815.92,5,41.78999999999999
2026-05-08T14:50:25.001159700Z,TaxiAlgorithmVehicleRouting,0,-1,5,25,1,n/a,-1,-1,-1,BASELINE,4,116264429,Client Waiting Time [min],1.68,99.58,25.19,2241.65,89,97.89999999999999
2026-05-08T14:50:25.001159700Z,TaxiAlgorithmVehicleRouting,0,-1,5,25,1,n/a,-1,-1,-1,BASELINE,4,116264429,Client Travel Time [min],613.0,7438.0,2739.92,68498.0,25,6825.0
2026-05-08T14:50:25.001159700Z,TaxiAlgorithmVehicleRouting,0,-1,5,25,1,n/a,-1,-1,-1,BASELINE,4,116264429,Calculation Time [millis],0.0,115.0,0.09,728.0,8066,115.0
2026-05-08T14:50:25.001159700Z,TaxiAlgorithmVehicleRouting,0,-1,5,25,1,n/a,-1,-1,-1,BASELINE,4,116264429,Custom Time [micros],0.0,0.0,0.0,0.0,8066,0.0
2026-05-08T14:50:26.393327600Z,TaxiAlgorithmVehicleRouting,0,-1,5,25,1,n/a,-1,-1,-1,BASELINE,5,116264430,Taxi Travel Distance [km],154.08,173.85,166.98,834.9,5,19.769999999999982
2026-05-08T14:50:26.393327600Z,TaxiAlgorithmVehicleRouting,0,-1,5,25,1,n/a,-1,-1,-1,BASELINE,5,116264430,Client Waiting Time [min],0.6,102.82,23.63,2102.63,89,102.22
2026-05-08T14:50:26.393327600Z,TaxiAlgorithmVehicleRouting,0,-1,5,25,1,n/a,-1,-1,-1,BASELINE,5,116264430,Client Travel Time [min],668.0,7013.0,3312.44,82811.0,25,6345.0
2026-05-08T14:50:26.393327600Z,TaxiAlgorithmVehicleRouting,0,-1,5,25,1,n/a,-1,-1,-1,BASELINE,5,116264430,Calculation Time [millis],0.0,226.0,0.14,1327.0,9390,226.0
2026-05-08T14:50:26.393327600Z,TaxiAlgorithmVehicleRouting,0,-1,5,25,1,n/a,-1,-1,-1,BASELINE,5,116264430,Custom Time [micros],0.0,0.0,0.0,0.0,9390,0.0
2026-05-08T14:50:27.549923400Z,TaxiAlgorithmVehicleRouting,0,-1,5,25,1,n/a,-1,-1,-1,BASELINE,6,116264431,Taxi Travel Distance [km],171.68,186.54,178.48,892.39,5,14.859999999999985
2026-05-08T14:50:27.549923400Z,TaxiAlgorithmVehicleRouting,0,-1,5,25,1,n/a,-1,-1,-1,BASELINE,6,116264431,Client Waiting Time [min],3.15,126.88,27.11,2087.25,77,123.72999999999999
2026-05-08T14:50:27.549923400Z,TaxiAlgorithmVehicleRouting,0,-1,5,25,1,n/a,-1,-1,-1,BASELINE,6,116264431,Client Travel Time [min],426.0,8223.0,3253.32,81333.0,25,7797.0
2026-05-08T14:50:27.549923400Z,TaxiAlgorithmVehicleRouting,0,-1,5,25,1,n/a,-1,-1,-1,BASELINE,6,116264431,Calculation Time [millis],0.0,227.0,0.12,1090.0,8918,227.0
2026-05-08T14:50:27.549923400Z,TaxiAlgorithmVehicleRouting,0,-1,5,25,1,n/a,-1,-1,-1,BASELINE,6,116264431,Custom Time [micros],0.0,0.0,0.0,0.0,8918,0.0
2026-05-08T14:50:28.125937900Z,TaxiAlgorithmVehicleRouting,0,-1,5,25,1,n/a,-1,-1,-1,BASELINE,7,116264432,Taxi Travel Distance [km],160.51,180.18,166.73,833.63,5,19.670000000000016
2026-05-08T14:50:28.125937900Z,TaxiAlgorithmVehicleRouting,0,-1,5,25,1,n/a,-1,-1,-1,BASELINE,7,116264432,Client Waiting Time [min],0.52,101.23,23.54,1907.05,81,100.71000000000001
2026-05-08T14:50:28.125937900Z,TaxiAlgorithmVehicleRouting,0,-1,5,25,1,n/a,-1,-1,-1,BASELINE,7,116264432,Client Travel Time [min],161.0,6471.0,2694.8,67370.0,25,6310.0
2026-05-08T14:50:28.125937900Z,TaxiAlgorithmVehicleRouting,0,-1,5,25,1,n/a,-1,-1,-1,BASELINE,7,116264432,Calculation Time [millis],0.0,64.0,0.06,512.0,8528,64.0
2026-05-08T14:50:28.125937900Z,TaxiAlgorithmVehicleRouting,0,-1,5,25,1,n/a,-1,-1,-1,BASELINE,7,116264432,Custom Time [micros],0.0,0.0,0.0,0.0,8528,0.0
2026-05-08T14:50:29.562037500Z,TaxiAlgorithmVehicleRouting,0,-1,5,25,1,n/a,-1,-1,-1,BASELINE,8,116264433,Taxi Travel Distance [km],171.79,198.09,185.47,927.35,5,26.30000000000001
2026-05-08T14:50:29.562037500Z,TaxiAlgorithmVehicleRouting,0,-1,5,25,1,n/a,-1,-1,-1,BASELINE,8,116264433,Client Waiting Time [min],1.25,111.55,30.74,2151.75,70,110.3
2026-05-08T14:50:29.562037500Z,TaxiAlgorithmVehicleRouting,0,-1,5,25,1,n/a,-1,-1,-1,BASELINE,8,116264433,Client Travel Time [min],805.0,8095.0,3822.56,95564.0,25,7290.0
2026-05-08T14:50:29.562037500Z,TaxiAlgorithmVehicleRouting,0,-1,5,25,1,n/a,-1,-1,-1,BASELINE,8,116264433,Calculation Time [millis],0.0,213.0,0.15,1376.0,9269,213.0
2026-05-08T14:50:29.562037500Z,TaxiAlgorithmVehicleRouting,0,-1,5,25,1,n/a,-1,-1,-1,BASELINE,8,116264433,Custom Time [micros],0.0,0.0,0.0,0.0,9269,0.0
2026-05-08T14:50:30.246069600Z,TaxiAlgorithmVehicleRouting,0,-1,5,25,1,n/a,-1,-1,-1,BASELINE,9,116264434,Taxi Travel Distance [km],145.32,169.79,157.45,787.26,5,24.47
2026-05-08T14:50:30.246069600Z,TaxiAlgorithmVehicleRouting,0,-1,5,25,1,n/a,-1,-1,-1,BASELINE,9,116264434,Client Waiting Time [min],1.65,84.9,20.71,1863.63,90,83.25
2026-05-08T14:50:30.246069600Z,TaxiAlgorithmVehicleRouting,0,-1,5,25,1,n/a,-1,-1,-1,BASELINE,9,116264434,Client Travel Time [min],673.0,5623.0,2481.44,62036.0,25,4950.0
2026-05-08T14:50:30.246069600Z,TaxiAlgorithmVehicleRouting,0,-1,5,25,1,n/a,-1,-1,-1,BASELINE,9,116264434,Calculation Time [millis],0.0,86.0,0.08,629.0,7853,86.0
2026-05-08T14:50:30.246069600Z,TaxiAlgorithmVehicleRouting,0,-1,5,25,1,n/a,-1,-1,-1,BASELINE,9,116264434,Custom Time [micros],0.0,0.0,0.0,0.0,7853,0.0
2026-05-08T14:50:30.931599Z,TaxiAlgorithmVehicleRouting,0,-1,5,25,1,n/a,-1,-1,-1,BASELINE,10,116264435,Taxi Travel Distance [km],170.08,194.44,184.23,921.17,5,24.359999999999985
2026-05-08T14:50:30.931599Z,TaxiAlgorithmVehicleRouting,0,-1,5,25,1,n/a,-1,-1,-1,BASELINE,10,116264435,Client Waiting Time [min],3.3,57.43,24.29,1457.35,60,54.13
2026-05-08T14:50:30.931599Z,TaxiAlgorithmVehicleRouting,0,-1,5,25,1,n/a,-1,-1,-1,BASELINE,10,116264435,Client Travel Time [min],590.0,5024.0,2725.04,68126.0,25,4434.0
2026-05-08T14:50:30.931599Z,TaxiAlgorithmVehicleRouting,0,-1,5,25,1,n/a,-1,-1,-1,BASELINE,10,116264435,Calculation Time [millis],0.0,92.0,0.07,613.0,9195,92.0
2026-05-08T14:50:30.931599Z,TaxiAlgorithmVehicleRouting,0,-1,5,25,1,n/a,-1,-1,-1,BASELINE,10,116264435,Custom Time [micros],0.0,0.0,0.0,0.0,9195,0.0
2026-05-08T14:50:31.257598700Z,TaxiAlgorithmVehicleRouting,0,-1,10,25,1,n/a,-1,-1,-1,BASELINE,1,116264426,Taxi Travel Distance [km],9.21,109.58,68.38,683.82,10,100.37
2026-05-08T14:50:31.257598700Z,TaxiAlgorithmVehicleRouting,0,-1,10,25,1,n/a,-1,-1,-1,BASELINE,1,116264426,Client Waiting Time [min],2.25,48.9,14.1,1325.78,94,46.65
2026-05-08T14:50:31.257598700Z,TaxiAlgorithmVehicleRouting,0,-1,10,25,1,n/a,-1,-1,-1,BASELINE,1,116264426,Client Travel Time [min],415.0,3161.0,1393.44,34836.0,25,2746.0
2026-05-08T14:50:31.257598700Z,TaxiAlgorithmVehicleRouting,0,-1,10,25,1,n/a,-1,-1,-1,BASELINE,1,116264426,Calculation Time [millis],0.0,32.0,0.05,282.0,6089,32.0
2026-05-08T14:50:31.257598700Z,TaxiAlgorithmVehicleRouting,0,-1,10,25,1,n/a,-1,-1,-1,BASELINE,1,116264426,Custom Time [micros],0.0,0.0,0.0,0.0,6089,0.0
2026-05-08T14:50:32.154643Z,TaxiAlgorithmVehicleRouting,0,-1,10,25,1,n/a,-1,-1,-1,BASELINE,2,116264427,Taxi Travel Distance [km],15.85,119.05,83.23,832.31,10,103.2
2026-05-08T14:50:32.154643Z,TaxiAlgorithmVehicleRouting,0,-1,10,25,1,n/a,-1,-1,-1,BASELINE,2,116264427,Client Waiting Time [min],1.48,60.98,17.87,1858.97,104,59.5
2026-05-08T14:50:32.154643Z,TaxiAlgorithmVehicleRouting,0,-1,10,25,1,n/a,-1,-1,-1,BASELINE,2,116264427,Client Travel Time [min],356.0,4149.0,2029.72,50743.0,25,3793.0
2026-05-08T14:50:32.154643Z,TaxiAlgorithmVehicleRouting,0,-1,10,25,1,n/a,-1,-1,-1,BASELINE,2,116264427,Calculation Time [millis],0.0,77.0,0.14,835.0,5809,77.0
2026-05-08T14:50:32.154643Z,TaxiAlgorithmVehicleRouting,0,-1,10,25,1,n/a,-1,-1,-1,BASELINE,2,116264427,Custom Time [micros],0.0,0.0,0.0,0.0,5809,0.0
2026-05-08T14:50:32.528158400Z,TaxiAlgorithmVehicleRouting,0,-1,10,25,1,n/a,-1,-1,-1,BASELINE,3,116264428,Taxi Travel Distance [km],25.52,82.0,62.06,620.55,10,56.480000000000004
2026-05-08T14:50:32.528158400Z,TaxiAlgorithmVehicleRouting,0,-1,10,25,1,n/a,-1,-1,-1,BASELINE,3,116264428,Client Waiting Time [min],1.48,33.77,11.29,1106.88,98,32.290000000000006
2026-05-08T14:50:32.528158400Z,TaxiAlgorithmVehicleRouting,0,-1,10,25,1,n/a,-1,-1,-1,BASELINE,3,116264428,Client Travel Time [min],578.0,2216.0,1220.12,30503.0,25,1638.0
2026-05-08T14:50:32.528158400Z,TaxiAlgorithmVehicleRouting,0,-1,10,25,1,n/a,-1,-1,-1,BASELINE,3,116264428,Calculation Time [millis],0.0,45.0,0.05,312.0,6128,45.0
2026-05-08T14:50:32.528158400Z,TaxiAlgorithmVehicleRouting,0,-1,10,25,1,n/a,-1,-1,-1,BASELINE,3,116264428,Custom Time [micros],0.0,0.0,0.0,0.0,6128,0.0
2026-05-08T14:50:32.920159400Z,TaxiAlgorithmVehicleRouting,0,-1,10,25,1,n/a,-1,-1,-1,BASELINE,4,116264429,Taxi Travel Distance [km],23.5,123.73,72.15,721.49,10,100.23
2026-05-08T14:50:32.920159400Z,TaxiAlgorithmVehicleRouting,0,-1,10,25,1,n/a,-1,-1,-1,BASELINE,4,116264429,Client Waiting Time [min],1.22,51.7,14.76,1608.65,109,50.480000000000004
2026-05-08T14:50:32.920159400Z,TaxiAlgorithmVehicleRouting,0,-1,10,25,1,n/a,-1,-1,-1,BASELINE,4,116264429,Client Travel Time [min],510.0,3322.0,1462.52,36563.0,25,2812.0
2026-05-08T14:50:32.920159400Z,TaxiAlgorithmVehicleRouting,0,-1,10,25,1,n/a,-1,-1,-1,BASELINE,4,116264429,Calculation Time [millis],0.0,33.0,0.06,351.0,6207,33.0
2026-05-08T14:50:32.920159400Z,TaxiAlgorithmVehicleRouting,0,-1,10,25,1,n/a,-1,-1,-1,BASELINE,4,116264429,Custom Time [micros],0.0,0.0,0.0,0.0,6207,0.0
2026-05-08T14:50:33.478160300Z,TaxiAlgorithmVehicleRouting,0,-1,10,25,1,n/a,-1,-1,-1,BASELINE,5,116264430,Taxi Travel Distance [km],33.8,108.17,78.23,782.29,10,74.37
2026-05-08T14:50:33.478160300Z,TaxiAlgorithmVehicleRouting,0,-1,10,25,1,n/a,-1,-1,-1,BASELINE,5,116264430,Client Waiting Time [min],1.17,75.83,15.67,1943.27,124,74.66
2026-05-08T14:50:33.478160300Z,TaxiAlgorithmVehicleRouting,0,-1,10,25,1,n/a,-1,-1,-1,BASELINE,5,116264430,Client Travel Time [min],677.0,4773.0,1703.44,42586.0,25,4096.0
2026-05-08T14:50:33.478160300Z,TaxiAlgorithmVehicleRouting,0,-1,10,25,1,n/a,-1,-1,-1,BASELINE,5,116264430,Calculation Time [millis],0.0,39.0,0.07,498.0,6758,39.0
2026-05-08T14:50:33.478160300Z,TaxiAlgorithmVehicleRouting,0,-1,10,25,1,n/a,-1,-1,-1,BASELINE,5,116264430,Custom Time [micros],0.0,0.0,0.0,0.0,6758,0.0
2026-05-08T14:50:34.471540600Z,TaxiAlgorithmVehicleRouting,0,-1,10,25,1,n/a,-1,-1,-1,BASELINE,6,116264431,Taxi Travel Distance [km],20.4,149.23,93.11,931.13,10,128.82999999999998
2026-05-08T14:50:34.471540600Z,TaxiAlgorithmVehicleRouting,0,-1,10,25,1,n/a,-1,-1,-1,BASELINE,6,116264431,Client Waiting Time [min],1.33,72.52,19.93,2033.27,102,71.19
2026-05-08T14:50:34.471540600Z,TaxiAlgorithmVehicleRouting,0,-1,10,25,1,n/a,-1,-1,-1,BASELINE,6,116264431,Client Travel Time [min],295.0,4820.0,2115.28,52882.0,25,4525.0
2026-05-08T14:50:34.471540600Z,TaxiAlgorithmVehicleRouting,0,-1,10,25,1,n/a,-1,-1,-1,BASELINE,6,116264431,Calculation Time [millis],0.0,155.0,0.13,939.0,7036,155.0
2026-05-08T14:50:34.471540600Z,TaxiAlgorithmVehicleRouting,0,-1,10,25,1,n/a,-1,-1,-1,BASELINE,6,116264431,Custom Time [micros],0.0,0.0,0.0,0.0,7036,0.0
2026-05-08T14:50:34.877543500Z,TaxiAlgorithmVehicleRouting,0,-1,10,25,1,n/a,-1,-1,-1,BASELINE,7,116264432,Taxi Travel Distance [km],0.0,130.08,84.04,840.4,10,130.08
2026-05-08T14:50:34.877543500Z,TaxiAlgorithmVehicleRouting,0,-1,10,25,1,n/a,-1,-1,-1,BASELINE,7,116264432,Client Waiting Time [min],0.52,45.55,15.81,1692.08,107,45.029999999999994
2026-05-08T14:50:34.877543500Z,TaxiAlgorithmVehicleRouting,0,-1,10,25,1,n/a,-1,-1,-1,BASELINE,7,116264432,Client Travel Time [min],161.0,3108.0,1650.2,41255.0,25,2947.0
2026-05-08T14:50:34.877543500Z,TaxiAlgorithmVehicleRouting,0,-1,10,25,1,n/a,-1,-1,-1,BASELINE,7,116264432,Calculation Time [millis],0.0,33.0,0.05,338.0,6847,33.0
2026-05-08T14:50:34.877543500Z,TaxiAlgorithmVehicleRouting,0,-1,10,25,1,n/a,-1,-1,-1,BASELINE,7,116264432,Custom Time [micros],0.0,0.0,0.0,0.0,6847,0.0
2026-05-08T14:50:35.376539700Z,TaxiAlgorithmVehicleRouting,0,-1,10,25,1,n/a,-1,-1,-1,BASELINE,8,116264433,Taxi Travel Distance [km],40.55,122.71,83.18,831.85,10,82.16
2026-05-08T14:50:35.376539700Z,TaxiAlgorithmVehicleRouting,0,-1,10,25,1,n/a,-1,-1,-1,BASELINE,8,116264433,Client Waiting Time [min],0.73,45.15,16.31,1777.83,109,44.42
2026-05-08T14:50:35.376539700Z,TaxiAlgorithmVehicleRouting,0,-1,10,25,1,n/a,-1,-1,-1,BASELINE,8,116264433,Client Travel Time [min],340.0,2960.0,1701.52,42538.0,25,2620.0
2026-05-08T14:50:35.376539700Z,TaxiAlgorithmVehicleRouting,0,-1,10,25,1,n/a,-1,-1,-1,BASELINE,8,116264433,Calculation Time [millis],0.0,50.0,0.07,433.0,6641,50.0
2026-05-08T14:50:35.376539700Z,TaxiAlgorithmVehicleRouting,0,-1,10,25,1,n/a,-1,-1,-1,BASELINE,8,116264433,Custom Time [micros],0.0,0.0,0.0,0.0,6641,0.0
2026-05-08T14:50:35.737056500Z,TaxiAlgorithmVehicleRouting,0,-1,10,25,1,n/a,-1,-1,-1,BASELINE,9,116264434,Taxi Travel Distance [km],1.87,104.12,68.84,688.44,10,102.25
2026-05-08T14:50:35.737056500Z,TaxiAlgorithmVehicleRouting,0,-1,10,25,1,n/a,-1,-1,-1,BASELINE,9,116264434,Client Waiting Time [min],1.18,50.72,13.03,1445.97,111,49.54
2026-05-08T14:50:35.737056500Z,TaxiAlgorithmVehicleRouting,0,-1,10,25,1,n/a,-1,-1,-1,BASELINE,9,116264434,Client Travel Time [min],271.0,3171.0,1372.2,34305.0,25,2900.0
2026-05-08T14:50:35.737056500Z,TaxiAlgorithmVehicleRouting,0,-1,10,25,1,n/a,-1,-1,-1,BASELINE,9,116264434,Calculation Time [millis],0.0,26.0,0.05,320.0,6238,26.0
2026-05-08T14:50:35.737056500Z,TaxiAlgorithmVehicleRouting,0,-1,10,25,1,n/a,-1,-1,-1,BASELINE,9,116264434,Custom Time [micros],0.0,0.0,0.0,0.0,6238,0.0
2026-05-08T14:50:36.239076600Z,TaxiAlgorithmVehicleRouting,0,-1,10,25,1,n/a,-1,-1,-1,BASELINE,10,116264435,Taxi Travel Distance [km],42.98,115.32,82.66,826.6,10,72.34
2026-05-08T14:50:36.239076600Z,TaxiAlgorithmVehicleRouting,0,-1,10,25,1,n/a,-1,-1,-1,BASELINE,10,116264435,Client Waiting Time [min],3.3,37.3,12.97,1050.77,81,34.0
2026-05-08T14:50:36.239076600Z,TaxiAlgorithmVehicleRouting,0,-1,10,25,1,n/a,-1,-1,-1,BASELINE,10,116264435,Client Travel Time [min],673.0,3283.0,1612.16,40304.0,25,2610.0
2026-05-08T14:50:36.239076600Z,TaxiAlgorithmVehicleRouting,0,-1,10,25,1,n/a,-1,-1,-1,BASELINE,10,116264435,Calculation Time [millis],0.0,73.0,0.06,428.0,6923,73.0
2026-05-08T14:50:36.239076600Z,TaxiAlgorithmVehicleRouting,0,-1,10,25,1,n/a,-1,-1,-1,BASELINE,10,116264435,Custom Time [micros],0.0,0.0,0.0,0.0,6923,0.0
2026-05-08T14:50:44.429436600Z,TaxiAlgorithmVehicleRouting,0,-1,10,50,1,n/a,-1,-1,-1,BASELINE,1,116264426,Taxi Travel Distance [km],134.86,175.21,161.04,1610.45,10,40.349999999999994
2026-05-08T14:50:44.429436600Z,TaxiAlgorithmVehicleRouting,0,-1,10,50,1,n/a,-1,-1,-1,BASELINE,1,116264426,Client Waiting Time [min],2.48,89.95,24.29,6316.17,260,87.47
2026-05-08T14:50:44.429436600Z,TaxiAlgorithmVehicleRouting,0,-1,10,50,1,n/a,-1,-1,-1,BASELINE,1,116264426,Client Travel Time [min],719.0,6312.0,2632.78,131639.0,50,5593.0
2026-05-08T14:50:44.429436600Z,TaxiAlgorithmVehicleRouting,0,-1,10,50,1,n/a,-1,-1,-1,BASELINE,1,116264426,Calculation Time [millis],0.0,837.0,1.01,8149.0,8038,837.0
2026-05-08T14:50:44.429436600Z,TaxiAlgorithmVehicleRouting,0,-1,10,50,1,n/a,-1,-1,-1,BASELINE,1,116264426,Custom Time [micros],0.0,0.0,0.0,0.0,8038,0.0
2026-05-08T14:50:57.825592Z,TaxiAlgorithmVehicleRouting,0,-1,10,50,1,n/a,-1,-1,-1,BASELINE,2,116264427,Taxi Travel Distance [km],144.38,180.48,166.64,1666.43,10,36.099999999999994
2026-05-08T14:50:57.825592Z,TaxiAlgorithmVehicleRouting,0,-1,10,50,1,n/a,-1,-1,-1,BASELINE,2,116264427,Client Waiting Time [min],0.97,106.27,29.3,6973.75,238,105.3
2026-05-08T14:50:57.825592Z,TaxiAlgorithmVehicleRouting,0,-1,10,50,1,n/a,-1,-1,-1,BASELINE,2,116264427,Client Travel Time [min],518.0,7119.0,3338.3,166915.0,50,6601.0
2026-05-08T14:50:57.825592Z,TaxiAlgorithmVehicleRouting,0,-1,10,50,1,n/a,-1,-1,-1,BASELINE,2,116264427,Calculation Time [millis],0.0,727.0,1.62,13328.0,8206,727.0
2026-05-08T14:50:57.825592Z,TaxiAlgorithmVehicleRouting,0,-1,10,50,1,n/a,-1,-1,-1,BASELINE,2,116264427,Custom Time [micros],0.0,0.0,0.0,0.0,8206,0.0
2026-05-08T14:51:07.331035800Z,TaxiAlgorithmVehicleRouting,0,-1,10,50,1,n/a,-1,-1,-1,BASELINE,3,116264428,Taxi Travel Distance [km],142.91,167.36,155.78,1557.78,10,24.450000000000017
2026-05-08T14:51:07.331035800Z,TaxiAlgorithmVehicleRouting,0,-1,10,50,1,n/a,-1,-1,-1,BASELINE,3,116264428,Client Waiting Time [min],1.13,108.7,24.18,6866.5,284,107.57000000000001
2026-05-08T14:51:07.331035800Z,TaxiAlgorithmVehicleRouting,0,-1,10,50,1,n/a,-1,-1,-1,BASELINE,3,116264428,Client Travel Time [min],571.0,7002.0,2885.72,144286.0,50,6431.0
2026-05-08T14:51:07.331035800Z,TaxiAlgorithmVehicleRouting,0,-1,10,50,1,n/a,-1,-1,-1,BASELINE,3,116264428,Calculation Time [millis],0.0,579.0,1.17,9439.0,8064,579.0
2026-05-08T14:51:07.331035800Z,TaxiAlgorithmVehicleRouting,0,-1,10,50,1,n/a,-1,-1,-1,BASELINE,3,116264428,Custom Time [micros],0.0,0.0,0.0,0.0,8064,0.0
2026-05-08T14:51:14.479363600Z,TaxiAlgorithmVehicleRouting,0,-1,10,50,1,n/a,-1,-1,-1,BASELINE,4,116264429,Taxi Travel Distance [km],140.9,165.77,155.03,1550.34,10,24.870000000000005
2026-05-08T14:51:14.479363600Z,TaxiAlgorithmVehicleRouting,0,-1,10,50,1,n/a,-1,-1,-1,BASELINE,4,116264429,Client Waiting Time [min],1.38,81.95,19.76,5847.88,296,80.57000000000001
2026-05-08T14:51:14.479363600Z,TaxiAlgorithmVehicleRouting,0,-1,10,50,1,n/a,-1,-1,-1,BASELINE,4,116264429,Client Travel Time [min],424.0,5286.0,2447.2,122360.0,50,4862.0
2026-05-08T14:51:14.479363600Z,TaxiAlgorithmVehicleRouting,0,-1,10,50,1,n/a,-1,-1,-1,BASELINE,4,116264429,Calculation Time [millis],0.0,418.0,0.89,7079.0,7967,418.0
2026-05-08T14:51:14.479363600Z,TaxiAlgorithmVehicleRouting,0,-1,10,50,1,n/a,-1,-1,-1,BASELINE,4,116264429,Custom Time [micros],0.0,0.0,0.0,0.0,7967,0.0
2026-05-08T14:51:28.953214700Z,TaxiAlgorithmVehicleRouting,0,-1,10,50,1,n/a,-1,-1,-1,BASELINE,5,116264430,Taxi Travel Distance [km],158.78,187.66,173.36,1733.58,10,28.879999999999995
2026-05-08T14:51:28.953214700Z,TaxiAlgorithmVehicleRouting,0,-1,10,50,1,n/a,-1,-1,-1,BASELINE,5,116264430,Client Waiting Time [min],1.03,125.52,26.71,7050.28,264,124.49
2026-05-08T14:51:28.953214700Z,TaxiAlgorithmVehicleRouting,0,-1,10,50,1,n/a,-1,-1,-1,BASELINE,5,116264430,Client Travel Time [min],398.0,7856.0,3659.4,182970.0,50,7458.0
2026-05-08T14:51:28.953214700Z,TaxiAlgorithmVehicleRouting,0,-1,10,50,1,n/a,-1,-1,-1,BASELINE,5,116264430,Calculation Time [millis],0.0,1191.0,1.59,14387.0,9064,1191.0
2026-05-08T14:51:28.953214700Z,TaxiAlgorithmVehicleRouting,0,-1,10,50,1,n/a,-1,-1,-1,BASELINE,5,116264430,Custom Time [micros],0.0,0.0,0.0,0.0,9064,0.0
2026-05-08T14:51:39.511762200Z,TaxiAlgorithmVehicleRouting,0,-1,10,50,1,n/a,-1,-1,-1,BASELINE,6,116264431,Taxi Travel Distance [km],150.36,191.03,171.01,1710.15,10,40.66999999999999
2026-05-08T14:51:39.511762200Z,TaxiAlgorithmVehicleRouting,0,-1,10,50,1,n/a,-1,-1,-1,BASELINE,6,116264431,Client Waiting Time [min],0.57,116.25,22.73,6387.67,281,115.68
2026-05-08T14:51:39.511762200Z,TaxiAlgorithmVehicleRouting,0,-1,10,50,1,n/a,-1,-1,-1,BASELINE,6,116264431,Client Travel Time [min],297.0,7164.0,3056.88,152844.0,50,6867.0
2026-05-08T14:51:39.511762200Z,TaxiAlgorithmVehicleRouting,0,-1,10,50,1,n/a,-1,-1,-1,BASELINE,6,116264431,Calculation Time [millis],0.0,699.0,1.18,10508.0,8940,699.0
2026-05-08T14:51:39.511762200Z,TaxiAlgorithmVehicleRouting,0,-1,10,50,1,n/a,-1,-1,-1,BASELINE,6,116264431,Custom Time [micros],0.0,0.0,0.0,0.0,8940,0.0
2026-05-08T14:51:46.367640100Z,TaxiAlgorithmVehicleRouting,0,-1,10,50,1,n/a,-1,-1,-1,BASELINE,7,116264432,Taxi Travel Distance [km],145.64,170.49,160.86,1608.57,10,24.850000000000023
2026-05-08T14:51:46.367640100Z,TaxiAlgorithmVehicleRouting,0,-1,10,50,1,n/a,-1,-1,-1,BASELINE,7,116264432,Client Waiting Time [min],0.1,108.15,21.04,6122.98,291,108.05000000000001
2026-05-08T14:51:46.367640100Z,TaxiAlgorithmVehicleRouting,0,-1,10,50,1,n/a,-1,-1,-1,BASELINE,7,116264432,Client Travel Time [min],162.0,6967.0,2752.82,137641.0,50,6805.0
2026-05-08T14:51:46.367640100Z,TaxiAlgorithmVehicleRouting,0,-1,10,50,1,n/a,-1,-1,-1,BASELINE,7,116264432,Calculation Time [millis],0.0,580.0,0.84,6781.0,8031,580.0
2026-05-08T14:51:46.367640100Z,TaxiAlgorithmVehicleRouting,0,-1,10,50,1,n/a,-1,-1,-1,BASELINE,7,116264432,Custom Time [micros],0.0,0.0,0.0,0.0,8031,0.0
2026-05-08T14:52:03.833786700Z,TaxiAlgorithmVehicleRouting,0,-1,10,50,1,n/a,-1,-1,-1,BASELINE,8,116264433,Taxi Travel Distance [km],158.69,181.01,174.09,1740.9,10,22.319999999999993
2026-05-08T14:52:03.833786700Z,TaxiAlgorithmVehicleRouting,0,-1,10,50,1,n/a,-1,-1,-1,BASELINE,8,116264433,Client Waiting Time [min],1.3,128.68,29.8,7419.15,249,127.38000000000001
2026-05-08T14:52:03.833786700Z,TaxiAlgorithmVehicleRouting,0,-1,10,50,1,n/a,-1,-1,-1,BASELINE,8,116264433,Client Travel Time [min],860.0,7805.0,3773.04,188652.0,50,6945.0
2026-05-08T14:52:03.833786700Z,TaxiAlgorithmVehicleRouting,0,-1,10,50,1,n/a,-1,-1,-1,BASELINE,8,116264433,Calculation Time [millis],0.0,1419.0,1.97,17409.0,8839,1419.0
2026-05-08T14:52:03.833786700Z,TaxiAlgorithmVehicleRouting,0,-1,10,50,1,n/a,-1,-1,-1,BASELINE,8,116264433,Custom Time [micros],0.0,0.0,0.0,0.0,8839,0.0
2026-05-08T14:52:13.862398700Z,TaxiAlgorithmVehicleRouting,0,-1,10,50,1,n/a,-1,-1,-1,BASELINE,9,116264434,Taxi Travel Distance [km],144.04,179.86,161.13,1611.29,10,35.82000000000002
2026-05-08T14:52:13.862398700Z,TaxiAlgorithmVehicleRouting,0,-1,10,50,1,n/a,-1,-1,-1,BASELINE,9,116264434,Client Waiting Time [min],1.32,89.27,22.67,6438.88,284,87.95
2026-05-08T14:52:13.862398700Z,TaxiAlgorithmVehicleRouting,0,-1,10,50,1,n/a,-1,-1,-1,BASELINE,9,116264434,Client Travel Time [min],256.0,5611.0,2814.9,140745.0,50,5355.0
2026-05-08T14:52:13.862398700Z,TaxiAlgorithmVehicleRouting,0,-1,10,50,1,n/a,-1,-1,-1,BASELINE,9,116264434,Calculation Time [millis],0.0,642.0,1.2,9960.0,8309,642.0
2026-05-08T14:52:13.862398700Z,TaxiAlgorithmVehicleRouting,0,-1,10,50,1,n/a,-1,-1,-1,BASELINE,9,116264434,Custom Time [micros],0.0,0.0,0.0,0.0,8309,0.0
2026-05-08T14:52:22.913351900Z,TaxiAlgorithmVehicleRouting,0,-1,10,50,1,n/a,-1,-1,-1,BASELINE,10,116264435,Taxi Travel Distance [km],162.21,174.72,170.31,1703.12,10,12.509999999999991
2026-05-08T14:52:22.913351900Z,TaxiAlgorithmVehicleRouting,0,-1,10,50,1,n/a,-1,-1,-1,BASELINE,10,116264435,Client Waiting Time [min],0.58,122.07,25.0,6374.65,255,121.49
2026-05-08T14:52:22.913351900Z,TaxiAlgorithmVehicleRouting,0,-1,10,50,1,n/a,-1,-1,-1,BASELINE,10,116264435,Client Travel Time [min],398.0,7722.0,2909.12,145456.0,50,7324.0
2026-05-08T14:52:22.913351900Z,TaxiAlgorithmVehicleRouting,0,-1,10,50,1,n/a,-1,-1,-1,BASELINE,10,116264435,Calculation Time [millis],0.0,878.0,1.08,8982.0,8285,878.0
2026-05-08T14:52:22.913351900Z,TaxiAlgorithmVehicleRouting,0,-1,10,50,1,n/a,-1,-1,-1,BASELINE,10,116264435,Custom Time [micros],0.0,0.0,0.0,0.0,8285,0.0
2026-05-08T14:52:25.708286900Z,TaxiAlgorithmVehicleRouting,0,-1,20,50,1,n/a,-1,-1,-1,BASELINE,1,116264426,Taxi Travel Distance [km],18.87,118.45,68.68,1373.63,20,99.58
2026-05-08T14:52:25.708286900Z,TaxiAlgorithmVehicleRouting,0,-1,20,50,1,n/a,-1,-1,-1,BASELINE,1,116264426,Client Waiting Time [min],0.45,62.67,15.18,5281.55,348,62.22
2026-05-08T14:52:25.708286900Z,TaxiAlgorithmVehicleRouting,0,-1,20,50,1,n/a,-1,-1,-1,BASELINE,1,116264426,Client Travel Time [min],124.0,4310.0,1427.74,71387.0,50,4186.0
2026-05-08T14:52:25.708286900Z,TaxiAlgorithmVehicleRouting,0,-1,20,50,1,n/a,-1,-1,-1,BASELINE,1,116264426,Calculation Time [millis],0.0,208.0,0.41,2710.0,6640,208.0
2026-05-08T14:52:25.708286900Z,TaxiAlgorithmVehicleRouting,0,-1,20,50,1,n/a,-1,-1,-1,BASELINE,1,116264426,Custom Time [micros],0.0,0.0,0.0,0.0,6640,0.0
2026-05-08T14:52:29.405899600Z,TaxiAlgorithmVehicleRouting,0,-1,20,50,1,n/a,-1,-1,-1,BASELINE,2,116264427,Taxi Travel Distance [km],0.0,143.39,71.26,1425.23,20,143.39
2026-05-08T14:52:29.405899600Z,TaxiAlgorithmVehicleRouting,0,-1,20,50,1,n/a,-1,-1,-1,BASELINE,2,116264427,Client Waiting Time [min],0.55,70.38,16.93,6736.55,398,69.83
2026-05-08T14:52:29.405899600Z,TaxiAlgorithmVehicleRouting,0,-1,20,50,1,n/a,-1,-1,-1,BASELINE,2,116264427,Client Travel Time [min],239.0,4930.0,1620.02,81001.0,50,4691.0
2026-05-08T14:52:29.405899600Z,TaxiAlgorithmVehicleRouting,0,-1,20,50,1,n/a,-1,-1,-1,BASELINE,2,116264427,Calculation Time [millis],0.0,172.0,0.54,3643.0,6691,172.0
2026-05-08T14:52:29.405899600Z,TaxiAlgorithmVehicleRouting,0,-1,20,50,1,n/a,-1,-1,-1,BASELINE,2,116264427,Custom Time [micros],0.0,0.0,0.0,0.0,6691,0.0
2026-05-08T14:52:32.313373700Z,TaxiAlgorithmVehicleRouting,0,-1,20,50,1,n/a,-1,-1,-1,BASELINE,3,116264428,Taxi Travel Distance [km],5.29,109.43,67.95,1359.0,20,104.14
2026-05-08T14:52:32.313373700Z,TaxiAlgorithmVehicleRouting,0,-1,20,50,1,n/a,-1,-1,-1,BASELINE,3,116264428,Client Waiting Time [min],0.38,67.85,14.52,5676.67,391,67.47
2026-05-08T14:52:32.313373700Z,TaxiAlgorithmVehicleRouting,0,-1,20,50,1,n/a,-1,-1,-1,BASELINE,3,116264428,Client Travel Time [min],536.0,4971.0,1487.62,74381.0,50,4435.0
2026-05-08T14:52:32.313373700Z,TaxiAlgorithmVehicleRouting,0,-1,20,50,1,n/a,-1,-1,-1,BASELINE,3,116264428,Calculation Time [millis],0.0,106.0,0.43,2819.0,6596,106.0
2026-05-08T14:52:32.313373700Z,TaxiAlgorithmVehicleRouting,0,-1,20,50,1,n/a,-1,-1,-1,BASELINE,3,116264428,Custom Time [micros],0.0,0.0,0.0,0.0,6596,0.0
2026-05-08T14:52:34.477095700Z,TaxiAlgorithmVehicleRouting,0,-1,20,50,1,n/a,-1,-1,-1,BASELINE,4,116264429,Taxi Travel Distance [km],0.0,127.86,65.96,1319.27,20,127.86
2026-05-08T14:52:34.477095700Z,TaxiAlgorithmVehicleRouting,0,-1,20,50,1,n/a,-1,-1,-1,BASELINE,4,116264429,Client Waiting Time [min],0.93,44.73,13.52,5125.48,379,43.8
2026-05-08T14:52:34.477095700Z,TaxiAlgorithmVehicleRouting,0,-1,20,50,1,n/a,-1,-1,-1,BASELINE,4,116264429,Client Travel Time [min],280.0,3066.0,1408.3,70415.0,50,2786.0
2026-05-08T14:52:34.477095700Z,TaxiAlgorithmVehicleRouting,0,-1,20,50,1,n/a,-1,-1,-1,BASELINE,4,116264429,Calculation Time [millis],0.0,129.0,0.32,2121.0,6694,129.0
2026-05-08T14:52:34.477095700Z,TaxiAlgorithmVehicleRouting,0,-1,20,50,1,n/a,-1,-1,-1,BASELINE,4,116264429,Custom Time [micros],0.0,0.0,0.0,0.0,6694,0.0
2026-05-08T14:52:37.971488400Z,TaxiAlgorithmVehicleRouting,0,-1,20,50,1,n/a,-1,-1,-1,BASELINE,5,116264430,Taxi Travel Distance [km],33.25,109.36,76.25,1524.98,20,76.11
2026-05-08T14:52:37.971488400Z,TaxiAlgorithmVehicleRouting,0,-1,20,50,1,n/a,-1,-1,-1,BASELINE,5,116264430,Client Waiting Time [min],0.6,48.65,16.14,7232.55,448,48.05
2026-05-08T14:52:37.971488400Z,TaxiAlgorithmVehicleRouting,0,-1,20,50,1,n/a,-1,-1,-1,BASELINE,5,116264430,Client Travel Time [min],458.0,2922.0,1608.0,80400.0,50,2464.0
2026-05-08T14:52:37.971488400Z,TaxiAlgorithmVehicleRouting,0,-1,20,50,1,n/a,-1,-1,-1,BASELINE,5,116264430,Calculation Time [millis],0.0,261.0,0.53,3438.0,6448,261.0
2026-05-08T14:52:37.971488400Z,TaxiAlgorithmVehicleRouting,0,-1,20,50,1,n/a,-1,-1,-1,BASELINE,5,116264430,Custom Time [micros],0.0,0.0,0.0,0.0,6448,0.0
2026-05-08T14:52:41.676809800Z,TaxiAlgorithmVehicleRouting,0,-1,20,50,1,n/a,-1,-1,-1,BASELINE,6,116264431,Taxi Travel Distance [km],0.0,119.93,76.67,1533.45,20,119.93
2026-05-08T14:52:41.676809800Z,TaxiAlgorithmVehicleRouting,0,-1,20,50,1,n/a,-1,-1,-1,BASELINE,6,116264431,Client Waiting Time [min],1.05,49.25,16.96,7600.25,448,48.2
2026-05-08T14:52:41.676809800Z,TaxiAlgorithmVehicleRouting,0,-1,20,50,1,n/a,-1,-1,-1,BASELINE,6,116264431,Client Travel Time [min],297.0,3215.0,1677.34,83867.0,50,2918.0
2026-05-08T14:52:41.676809800Z,TaxiAlgorithmVehicleRouting,0,-1,20,50,1,n/a,-1,-1,-1,BASELINE,6,116264431,Calculation Time [millis],0.0,387.0,0.55,3657.0,6665,387.0
2026-05-08T14:52:41.676809800Z,TaxiAlgorithmVehicleRouting,0,-1,20,50,1,n/a,-1,-1,-1,BASELINE,6,116264431,Custom Time [micros],0.0,0.0,0.0,0.0,6665,0.0
2026-05-08T14:52:43.524855900Z,TaxiAlgorithmVehicleRouting,0,-1,20,50,1,n/a,-1,-1,-1,BASELINE,7,116264432,Taxi Travel Distance [km],0.0,109.94,62.91,1258.15,20,109.94
2026-05-08T14:52:43.524855900Z,TaxiAlgorithmVehicleRouting,0,-1,20,50,1,n/a,-1,-1,-1,BASELINE,7,116264432,Client Waiting Time [min],0.1,36.73,12.04,4142.35,344,36.629999999999995
2026-05-08T14:52:43.524855900Z,TaxiAlgorithmVehicleRouting,0,-1,20,50,1,n/a,-1,-1,-1,BASELINE,7,116264432,Client Travel Time [min],161.0,2445.0,1291.28,64564.0,50,2284.0
2026-05-08T14:52:43.524855900Z,TaxiAlgorithmVehicleRouting,0,-1,20,50,1,n/a,-1,-1,-1,BASELINE,7,116264432,Calculation Time [millis],0.0,87.0,0.27,1789.0,6715,87.0
2026-05-08T14:52:43.524855900Z,TaxiAlgorithmVehicleRouting,0,-1,20,50,1,n/a,-1,-1,-1,BASELINE,7,116264432,Custom Time [micros],0.0,0.0,0.0,0.0,6715,0.0
2026-05-08T14:52:46.117162800Z,TaxiAlgorithmVehicleRouting,0,-1,20,50,1,n/a,-1,-1,-1,BASELINE,8,116264433,Taxi Travel Distance [km],0.0,120.74,69.35,1387.01,20,120.74
2026-05-08T14:52:46.117162800Z,TaxiAlgorithmVehicleRouting,0,-1,20,50,1,n/a,-1,-1,-1,BASELINE,8,116264433,Client Waiting Time [min],0.77,45.52,14.38,5822.1,405,44.75
2026-05-08T14:52:46.117162800Z,TaxiAlgorithmVehicleRouting,0,-1,20,50,1,n/a,-1,-1,-1,BASELINE,8,116264433,Client Travel Time [min],483.0,3233.0,1514.22,75711.0,50,2750.0
2026-05-08T14:52:46.117162800Z,TaxiAlgorithmVehicleRouting,0,-1,20,50,1,n/a,-1,-1,-1,BASELINE,8,116264433,Calculation Time [millis],0.0,110.0,0.4,2530.0,6403,110.0
2026-05-08T14:52:46.117162800Z,TaxiAlgorithmVehicleRouting,0,-1,20,50,1,n/a,-1,-1,-1,BASELINE,8,116264433,Custom Time [micros],0.0,0.0,0.0,0.0,6403,0.0
2026-05-08T14:52:49.467732400Z,TaxiAlgorithmVehicleRouting,0,-1,20,50,1,n/a,-1,-1,-1,BASELINE,9,116264434,Taxi Travel Distance [km],6.8,121.26,66.97,1339.45,20,114.46000000000001
2026-05-08T14:52:49.467732400Z,TaxiAlgorithmVehicleRouting,0,-1,20,50,1,n/a,-1,-1,-1,BASELINE,9,116264434,Client Waiting Time [min],0.18,57.73,14.07,5319.42,378,57.55
2026-05-08T14:52:49.467732400Z,TaxiAlgorithmVehicleRouting,0,-1,20,50,1,n/a,-1,-1,-1,BASELINE,9,116264434,Client Travel Time [min],93.0,3612.0,1482.6,74130.0,50,3519.0
2026-05-08T14:52:49.467732400Z,TaxiAlgorithmVehicleRouting,0,-1,20,50,1,n/a,-1,-1,-1,BASELINE,9,116264434,Calculation Time [millis],0.0,231.0,0.53,3259.0,6097,231.0
2026-05-08T14:52:49.467732400Z,TaxiAlgorithmVehicleRouting,0,-1,20,50,1,n/a,-1,-1,-1,BASELINE,9,116264434,Custom Time [micros],0.0,0.0,0.0,0.0,6097,0.0
2026-05-08T14:52:51.577473700Z,TaxiAlgorithmVehicleRouting,0,-1,20,50,1,n/a,-1,-1,-1,BASELINE,10,116264435,Taxi Travel Distance [km],31.28,105.14,72.0,1439.91,20,73.86
2026-05-08T14:52:51.577473700Z,TaxiAlgorithmVehicleRouting,0,-1,20,50,1,n/a,-1,-1,-1,BASELINE,10,116264435,Client Waiting Time [min],0.58,41.68,13.09,5196.55,397,41.1
2026-05-08T14:52:51.577473700Z,TaxiAlgorithmVehicleRouting,0,-1,20,50,1,n/a,-1,-1,-1,BASELINE,10,116264435,Client Travel Time [min],289.0,2668.0,1390.22,69511.0,50,2379.0
2026-05-08T14:52:51.577473700Z,TaxiAlgorithmVehicleRouting,0,-1,20,50,1,n/a,-1,-1,-1,BASELINE,10,116264435,Calculation Time [millis],0.0,96.0,0.3,2036.0,6764,96.0
2026-05-08T14:52:51.577473700Z,TaxiAlgorithmVehicleRouting,0,-1,20,50,1,n/a,-1,-1,-1,BASELINE,10,116264435,Custom Time [micros],0.0,0.0,0.0,0.0,6764,0.0
2026-05-08T14:54:09.919076200Z,TaxiAlgorithmVehicleRouting,0,-1,20,100,1,n/a,-1,-1,-1,BASELINE,1,116264426,Taxi Travel Distance [km],114.79,166.12,145.78,2915.53,20,51.33
2026-05-08T14:54:09.919076200Z,TaxiAlgorithmVehicleRouting,0,-1,20,100,1,n/a,-1,-1,-1,BASELINE,1,116264426,Client Waiting Time [min],0.95,114.23,20.8,21692.53,1043,113.28
2026-05-08T14:54:09.919076200Z,TaxiAlgorithmVehicleRouting,0,-1,20,100,1,n/a,-1,-1,-1,BASELINE,1,116264426,Client Travel Time [min],156.0,7396.0,2347.88,234788.0,100,7240.0
2026-05-08T14:54:09.919076200Z,TaxiAlgorithmVehicleRouting,0,-1,20,100,1,n/a,-1,-1,-1,BASELINE,1,116264426,Calculation Time [millis],0.0,3303.0,10.33,78269.0,7574,3303.0
2026-05-08T14:54:09.919076200Z,TaxiAlgorithmVehicleRouting,0,-1,20,100,1,n/a,-1,-1,-1,BASELINE,1,116264426,Custom Time [micros],0.0,0.0,0.0,0.0,7574,0.0
2026-05-08T14:56:25.856816100Z,TaxiAlgorithmVehicleRouting,0,-1,20,100,1,n/a,-1,-1,-1,BASELINE,2,116264427,Taxi Travel Distance [km],115.24,179.42,158.16,3163.13,20,64.17999999999999
2026-05-08T14:56:25.856816100Z,TaxiAlgorithmVehicleRouting,0,-1,20,100,1,n/a,-1,-1,-1,BASELINE,2,116264427,Client Waiting Time [min],0.53,110.48,21.08,20808.53,987,109.95
2026-05-08T14:56:25.856816100Z,TaxiAlgorithmVehicleRouting,0,-1,20,100,1,n/a,-1,-1,-1,BASELINE,2,116264427,Client Travel Time [min],99.0,7148.0,2991.64,299164.0,100,7049.0
2026-05-08T14:56:25.856816100Z,TaxiAlgorithmVehicleRouting,0,-1,20,100,1,n/a,-1,-1,-1,BASELINE,2,116264427,Calculation Time [millis],0.0,5340.0,16.38,135858.0,8296,5340.0
2026-05-08T14:56:25.856816100Z,TaxiAlgorithmVehicleRouting,0,-1,20,100,1,n/a,-1,-1,-1,BASELINE,2,116264427,Custom Time [micros],0.0,0.0,0.0,0.0,8296,0.0
2026-05-08T14:57:48.436410Z,TaxiAlgorithmVehicleRouting,0,-1,20,100,1,n/a,-1,-1,-1,BASELINE,3,116264428,Taxi Travel Distance [km],120.36,162.25,140.58,2811.58,20,41.89
2026-05-08T14:57:48.436410Z,TaxiAlgorithmVehicleRouting,0,-1,20,100,1,n/a,-1,-1,-1,BASELINE,3,116264428,Client Waiting Time [min],0.33,79.33,19.01,21180.08,1114,79.0
2026-05-08T14:57:48.436410Z,TaxiAlgorithmVehicleRouting,0,-1,20,100,1,n/a,-1,-1,-1,BASELINE,3,116264428,Client Travel Time [min],235.0,5634.0,2346.91,234691.0,100,5399.0
2026-05-08T14:57:48.436410Z,TaxiAlgorithmVehicleRouting,0,-1,20,100,1,n/a,-1,-1,-1,BASELINE,3,116264428,Calculation Time [millis],0.0,3690.0,10.96,82512.0,7528,3690.0
2026-05-08T14:57:48.436410Z,TaxiAlgorithmVehicleRouting,0,-1,20,100,1,n/a,-1,-1,-1,BASELINE,3,116264428,Custom Time [micros],0.0,0.0,0.0,0.0,7528,0.0
2026-05-08T14:59:13.897392400Z,TaxiAlgorithmVehicleRouting,0,-1,20,100,1,n/a,-1,-1,-1,BASELINE,4,116264429,Taxi Travel Distance [km],128.04,174.37,153.26,3065.27,20,46.33000000000001
2026-05-08T14:59:13.897392400Z,TaxiAlgorithmVehicleRouting,0,-1,20,100,1,n/a,-1,-1,-1,BASELINE,4,116264429,Client Waiting Time [min],0.52,108.55,20.83,22975.17,1103,108.03
2026-05-08T14:59:13.897392400Z,TaxiAlgorithmVehicleRouting,0,-1,20,100,1,n/a,-1,-1,-1,BASELINE,4,116264429,Client Travel Time [min],404.0,7236.0,2676.54,267654.0,100,6832.0
2026-05-08T14:59:13.897392400Z,TaxiAlgorithmVehicleRouting,0,-1,20,100,1,n/a,-1,-1,-1,BASELINE,4,116264429,Calculation Time [millis],0.0,2821.0,10.52,85367.0,8118,2821.0
2026-05-08T14:59:13.897392400Z,TaxiAlgorithmVehicleRouting,0,-1,20,100,1,n/a,-1,-1,-1,BASELINE,4,116264429,Custom Time [micros],0.0,0.0,0.0,0.0,8118,0.0
2026-05-08T15:02:47.797610400Z,TaxiAlgorithmVehicleRouting,0,-1,20,100,1,n/a,-1,-1,-1,BASELINE,5,116264430,Taxi Travel Distance [km],149.72,188.99,166.39,3327.83,20,39.27000000000001
2026-05-08T15:02:47.797610400Z,TaxiAlgorithmVehicleRouting,0,-1,20,100,1,n/a,-1,-1,-1,BASELINE,5,116264430,Client Waiting Time [min],0.3,134.68,25.49,25511.67,1001,134.38
2026-05-08T15:02:47.797610400Z,TaxiAlgorithmVehicleRouting,0,-1,20,100,1,n/a,-1,-1,-1,BASELINE,5,116264430,Client Travel Time [min],576.0,8315.0,3461.17,346117.0,100,7739.0
2026-05-08T15:02:47.797610400Z,TaxiAlgorithmVehicleRouting,0,-1,20,100,1,n/a,-1,-1,-1,BASELINE,5,116264430,Calculation Time [millis],0.0,8667.0,24.76,213846.0,8638,8667.0
2026-05-08T15:02:47.797610400Z,TaxiAlgorithmVehicleRouting,0,-1,20,100,1,n/a,-1,-1,-1,BASELINE,5,116264430,Custom Time [micros],0.0,0.0,0.0,0.0,8638,0.0
2026-05-08T15:04:55.680631900Z,TaxiAlgorithmVehicleRouting,0,-1,20,100,1,n/a,-1,-1,-1,BASELINE,6,116264431,Taxi Travel Distance [km],124.16,175.47,156.13,3122.53,20,51.31
2026-05-08T15:04:55.680631900Z,TaxiAlgorithmVehicleRouting,0,-1,20,100,1,n/a,-1,-1,-1,BASELINE,6,116264431,Client Waiting Time [min],0.52,98.75,20.19,21363.4,1058,98.23
2026-05-08T15:04:55.680631900Z,TaxiAlgorithmVehicleRouting,0,-1,20,100,1,n/a,-1,-1,-1,BASELINE,6,116264431,Client Travel Time [min],298.0,6339.0,2809.28,280928.0,100,6041.0
2026-05-08T15:04:55.680631900Z,TaxiAlgorithmVehicleRouting,0,-1,20,100,1,n/a,-1,-1,-1,BASELINE,6,116264431,Calculation Time [millis],0.0,5793.0,15.31,127799.0,8348,5793.0
2026-05-08T15:04:55.680631900Z,TaxiAlgorithmVehicleRouting,0,-1,20,100,1,n/a,-1,-1,-1,BASELINE,6,116264431,Custom Time [micros],0.0,0.0,0.0,0.0,8348,0.0
2026-05-08T15:06:11.714595700Z,TaxiAlgorithmVehicleRouting,0,-1,20,100,1,n/a,-1,-1,-1,BASELINE,7,116264432,Taxi Travel Distance [km],119.64,166.46,151.19,3023.8,20,46.82000000000001
2026-05-08T15:06:11.714595700Z,TaxiAlgorithmVehicleRouting,0,-1,20,100,1,n/a,-1,-1,-1,BASELINE,7,116264432,Client Waiting Time [min],0.52,109.15,19.66,20665.58,1051,108.63000000000001
2026-05-08T15:06:11.714595700Z,TaxiAlgorithmVehicleRouting,0,-1,20,100,1,n/a,-1,-1,-1,BASELINE,7,116264432,Client Travel Time [min],163.0,7199.0,2573.54,257354.0,100,7036.0
2026-05-08T15:06:11.714595700Z,TaxiAlgorithmVehicleRouting,0,-1,20,100,1,n/a,-1,-1,-1,BASELINE,7,116264432,Calculation Time [millis],0.0,2906.0,9.78,75970.0,7764,2906.0
2026-05-08T15:06:11.714595700Z,TaxiAlgorithmVehicleRouting,0,-1,20,100,1,n/a,-1,-1,-1,BASELINE,7,116264432,Custom Time [micros],0.0,0.0,0.0,0.0,7764,0.0
2026-05-08T15:09:31.025200500Z,TaxiAlgorithmVehicleRouting,0,-1,20,100,1,n/a,-1,-1,-1,BASELINE,8,116264433,Taxi Travel Distance [km],93.94,196.92,169.27,3385.41,20,102.97999999999999
2026-05-08T15:09:31.025200500Z,TaxiAlgorithmVehicleRouting,0,-1,20,100,1,n/a,-1,-1,-1,BASELINE,8,116264433,Client Waiting Time [min],1.03,141.57,22.6,21150.67,936,140.54
2026-05-08T15:09:31.025200500Z,TaxiAlgorithmVehicleRouting,0,-1,20,100,1,n/a,-1,-1,-1,BASELINE,8,116264433,Client Travel Time [min],483.0,8907.0,3388.06,338806.0,100,8424.0
2026-05-08T15:09:31.025200500Z,TaxiAlgorithmVehicleRouting,0,-1,20,100,1,n/a,-1,-1,-1,BASELINE,8,116264433,Calculation Time [millis],0.0,10001.0,20.78,199203.0,9587,10001.0
2026-05-08T15:09:31.025200500Z,TaxiAlgorithmVehicleRouting,0,-1,20,100,1,n/a,-1,-1,-1,BASELINE,8,116264433,Custom Time [micros],0.0,0.0,0.0,0.0,9587,0.0
2026-05-08T15:11:21.860344800Z,TaxiAlgorithmVehicleRouting,0,-1,20,100,1,n/a,-1,-1,-1,BASELINE,9,116264434,Taxi Travel Distance [km],130.13,175.23,149.9,2998.03,20,45.099999999999994
2026-05-08T15:11:21.860344800Z,TaxiAlgorithmVehicleRouting,0,-1,20,100,1,n/a,-1,-1,-1,BASELINE,9,116264434,Client Waiting Time [min],0.25,102.08,19.57,20978.42,1072,101.83
2026-05-08T15:11:21.860344800Z,TaxiAlgorithmVehicleRouting,0,-1,20,100,1,n/a,-1,-1,-1,BASELINE,9,116264434,Client Travel Time [min],93.0,6691.0,2687.18,268718.0,100,6598.0
2026-05-08T15:11:21.860344800Z,TaxiAlgorithmVehicleRouting,0,-1,20,100,1,n/a,-1,-1,-1,BASELINE,9,116264434,Calculation Time [millis],0.0,3882.0,13.58,110769.0,8154,3882.0
2026-05-08T15:11:21.860344800Z,TaxiAlgorithmVehicleRouting,0,-1,20,100,1,n/a,-1,-1,-1,BASELINE,9,116264434,Custom Time [micros],0.0,0.0,0.0,0.0,8154,0.0
2026-05-08T15:13:21.806555400Z,TaxiAlgorithmVehicleRouting,0,-1,20,100,1,n/a,-1,-1,-1,BASELINE,10,116264435,Taxi Travel Distance [km],147.62,170.17,158.45,3168.91,20,22.549999999999983
2026-05-08T15:13:21.806555400Z,TaxiAlgorithmVehicleRouting,0,-1,20,100,1,n/a,-1,-1,-1,BASELINE,10,116264435,Client Waiting Time [min],0.15,126.58,23.65,23929.68,1012,126.42999999999999
2026-05-08T15:13:21.806555400Z,TaxiAlgorithmVehicleRouting,0,-1,20,100,1,n/a,-1,-1,-1,BASELINE,10,116264435,Client Travel Time [min],305.0,7676.0,2836.18,283618.0,100,7371.0
2026-05-08T15:13:21.806555400Z,TaxiAlgorithmVehicleRouting,0,-1,20,100,1,n/a,-1,-1,-1,BASELINE,10,116264435,Calculation Time [millis],0.0,6122.0,15.29,119862.0,7840,6122.0
2026-05-08T15:13:21.806555400Z,TaxiAlgorithmVehicleRouting,0,-1,20,100,1,n/a,-1,-1,-1,BASELINE,10,116264435,Custom Time [micros],0.0,0.0,0.0,0.0,7840,0.0
